ISO-10303-21;
HEADER;
FILE_DESCRIPTION (( 'STEP AP214' ),
    '1' );
FILE_NAME ('¼Ó¹¤Á¬¸Ë2.STEP',
    '2025-04-14T04:07:26',
    ( '' ),
    ( '' ),
    'SwSTEP 2.0',
    'SolidWorks 2025',
    '' );
FILE_SCHEMA (( 'AUTOMOTIVE_DESIGN' ));
ENDSEC;

DATA;
#1 = FACE_OUTER_BOUND ( 'NONE', #672, .T. ) ;
#2 = FACE_OUTER_BOUND ( 'NONE', #1534, .T. ) ;
#3 = ORIENTED_EDGE ( 'NONE', *, *, #1031, .F. ) ;
#4 = ADVANCED_FACE ( 'NONE', ( #757 ), #542, .F. ) ;
#5 = ORIENTED_EDGE ( 'NONE', *, *, #21, .T. ) ;
#6 = CIRCLE ( 'NONE', #1389, 12.00000000000000000 ) ;
#7 = CARTESIAN_POINT ( 'NONE',  ( -3.000000000000000000, -2.999999999999994227, -69.99999999999998579 ) ) ;
#8 = CIRCLE ( 'NONE', #471, 6.550000000000000711 ) ;
#9 = DIRECTION ( 'NONE',  ( -1.000000000000000000, 0.000000000000000000, 0.000000000000000000 ) ) ;
#10 = LINE ( 'NONE', #491, #232 ) ;
#11 = ORIENTED_EDGE ( 'NONE', *, *, #887, .T. ) ;
#12 = EDGE_CURVE ( 'NONE', #205, #440, #352, .T. ) ;
#13 = ORIENTED_EDGE ( 'NONE', *, *, #1015, .T. ) ;
#14 = PRODUCT_DEFINITION_FORMATION_WITH_SPECIFIED_SOURCE ( 'ä»', '', #1037, .NOT_KNOWN. ) ;
#15 = EDGE_CURVE ( 'NONE', #528, #189, #506, .T. ) ;
#16 = CARTESIAN_POINT ( 'NONE',  ( -3.000000000000000000, 0.000000000000000000, -160.0000000000000000 ) ) ;
#17 = DIRECTION ( 'NONE',  ( 1.000000000000000000, 0.000000000000000000, 0.000000000000000000 ) ) ;
#18 = CARTESIAN_POINT ( 'NONE',  ( -3.000000000000000000, 7.494562646538029504, -0.2855358771098679971 ) ) ;
#19 = ORIENTED_EDGE ( 'NONE', *, *, #1582, .F. ) ;
#20 = CARTESIAN_POINT ( 'NONE',  ( 3.000000000000000000, 6.994562646538029504, -1.151561280894309869 ) ) ;
#21 = EDGE_CURVE ( 'NONE', #946, #137, #899, .T. ) ;
#22 = CARTESIAN_POINT ( 'NONE',  ( 2.999999999999996447, -2.999999999999996447, -50.00000000000000000 ) ) ;
#23 = LINE ( 'NONE', #1004, #867 ) ;
#24 = AXIS2_PLACEMENT_3D ( 'NONE', #1510, #411, #1145 ) ;
#25 = DIRECTION ( 'NONE',  ( 0.000000000000000000, 1.734723475976805615E-16, 1.000000000000000000 ) ) ;
#26 = ORIENTED_EDGE ( 'NONE', *, *, #259, .F. ) ;
#27 = VECTOR ( 'NONE', #1375, 1000.000000000000000 ) ;
#28 = CARTESIAN_POINT ( 'NONE',  ( -3.000000000000000000, -6.994562646538029504, -1.151561280894299877 ) ) ;
#29 = VECTOR ( 'NONE', #118, 1000.000000000000000 ) ;
#30 = FACE_OUTER_BOUND ( 'NONE', #634, .T. ) ;
#31 = EDGE_CURVE ( 'NONE', #943, #44, #1380, .T. ) ;
#32 = CARTESIAN_POINT ( 'NONE',  ( 7.000000000000000000, 7.577722283113839552, -4.375000000000000000 ) ) ;
#33 = FACE_OUTER_BOUND ( 'NONE', #871, .T. ) ;
#34 = ORIENTED_EDGE ( 'NONE', *, *, #1552, .F. ) ;
#35 = ORIENTED_EDGE ( 'NONE', *, *, #837, .T. ) ;
#36 = AXIS2_PLACEMENT_3D ( 'NONE', #85, #1156, #52 ) ;
#37 = CARTESIAN_POINT ( 'NONE',  ( -3.000000000000000000, -2.500000000000000000, 8.750000000000000000 ) ) ;
#38 = STYLED_ITEM ( 'NONE', ( #1450 ), #1522 ) ;
#39 = DIRECTION ( 'NONE',  ( 0.000000000000000000, 0.8275862068965521567, -0.5613386412448169160 ) ) ;
#40 = CARTESIAN_POINT ( 'NONE',  ( -3.000000000000000000, 3.732033861438936562, -5.382789542335198796 ) ) ;
#41 = FACE_OUTER_BOUND ( 'NONE', #526, .T. ) ;
#42 = VERTEX_POINT ( 'NONE', #776 ) ;
#43 = EDGE_CURVE ( 'NONE', #624, #86, #1012, .T. ) ;
#44 = VERTEX_POINT ( 'NONE', #1133 ) ;
#45 = AXIS2_PLACEMENT_3D ( 'NONE', #742, #584, #1458 ) ;
#46 = DIRECTION ( 'NONE',  ( 0.000000000000000000, 0.000000000000000000, 1.000000000000000000 ) ) ;
#47 = DIRECTION ( 'NONE',  ( 0.000000000000000000, 0.5326083528717366899, 0.8463618271467917564 ) ) ;
#48 = DIRECTION ( 'NONE',  ( 0.000000000000000000, 0.000000000000000000, 1.000000000000000000 ) ) ;
#49 = DIRECTION ( 'NONE',  ( -1.000000000000000000, 0.000000000000000000, 0.000000000000000000 ) ) ;
#50 = EDGE_LOOP ( 'NONE', ( #1508, #878, #183, #645 ) ) ;
#51 = EDGE_CURVE ( 'NONE', #86, #518, #281, .T. ) ;
#52 = DIRECTION ( 'NONE',  ( 0.000000000000000000, 0.5000000000000007772, 0.8660254037844381525 ) ) ;
#53 = LINE ( 'NONE', #149, #436 ) ;
#54 = FACE_OUTER_BOUND ( 'NONE', #647, .T. ) ;
#55 = VECTOR ( 'NONE', #798, 1000.000000000000000 ) ;
#56 = CARTESIAN_POINT ( 'NONE',  ( -3.000000000000000000, 0.000000000000000000, 8.750000000000001776 ) ) ;
#57 = AXIS2_PLACEMENT_3D ( 'NONE', #959, #1449, #358 ) ;
#58 = ORIENTED_EDGE ( 'NONE', *, *, #1464, .T. ) ;
#59 = EDGE_CURVE ( 'NONE', #1431, #306, #921, .T. ) ;
#60 = EDGE_CURVE ( 'NONE', #263, #1162, #1132, .T. ) ;
#61 = ORIENTED_EDGE ( 'NONE', *, *, #1462, .T. ) ;
#62 = EDGE_CURVE ( 'NONE', #161, #263, #53, .T. ) ;
#63 = PLANE ( 'NONE',  #1008 ) ;
#64 = LINE ( 'NONE', #551, #1266 ) ;
#65 = CARTESIAN_POINT ( 'NONE',  ( -3.000000000000000000, 12.00000000000000000, -16.27882059609969900 ) ) ;
#66 = EDGE_LOOP ( 'NONE', ( #699, #487, #1461, #934 ) ) ;
#67 = VERTEX_POINT ( 'NONE', #537 ) ;
#68 = CARTESIAN_POINT ( 'NONE',  ( 3.000000000000000000, 24.00000000000000000, -16.27882059609969900 ) ) ;
#69 = CARTESIAN_POINT ( 'NONE',  ( -10.82160000000000011, -3.500000000000000000, 6.633249580710800508 ) ) ;
#70 = VERTEX_POINT ( 'NONE', #865 ) ;
#71 = DIRECTION ( 'NONE',  ( 1.000000000000000000, 0.000000000000000000, 0.000000000000000000 ) ) ;
#72 = CARTESIAN_POINT ( 'NONE',  ( 7.000000000000000000, 0.000000000000000000, 8.750000000000001776 ) ) ;
#73 = FACE_OUTER_BOUND ( 'NONE', #1557, .T. ) ;
#74 = ORIENTED_EDGE ( 'NONE', *, *, #31, .F. ) ;
#75 = APPLICATION_PROTOCOL_DEFINITION ( 'draft international standard', 'automotive_design', 1998, #635 ) ;
#76 = ADVANCED_FACE ( 'NONE', ( #30 ), #514, .T. ) ;
#77 = DIRECTION ( 'NONE',  ( 0.000000000000000000, 0.8275862068965521567, -0.5613386412448169160 ) ) ;
#78 = CIRCLE ( 'NONE', #923, 17.00000000000000000 ) ;
#79 = LINE ( 'NONE', #540, #1011 ) ;
#80 = CARTESIAN_POINT ( 'NONE',  ( -3.000000000000000000, 2.500000000000000000, 8.247506218943954082 ) ) ;
#81 = LINE ( 'NONE', #1565, #1143 ) ;
#82 = ORIENTED_EDGE ( 'NONE', *, *, #825, .F. ) ;
#83 = CARTESIAN_POINT ( 'NONE',  ( 10.82160000000000011, 3.994562646538029949, -6.347713703600939894 ) ) ;
#84 = CIRCLE ( 'NONE', #985, 3.000000000000002665 ) ;
#85 = CARTESIAN_POINT ( 'NONE',  ( 3.000000000000000000, 3.994562646538029949, -6.347713703600939894 ) ) ;
#86 = VERTEX_POINT ( 'NONE', #403 ) ;
#87 = ADVANCED_FACE ( 'NONE', ( #1366 ), #1514, .F. ) ;
#88 = VERTEX_POINT ( 'NONE', #266 ) ;
#89 = CARTESIAN_POINT ( 'NONE',  ( 3.000000000000000000, -6.994562646538029504, -1.151561280894299877 ) ) ;
#90 = DIRECTION ( 'NONE',  ( 1.000000000000000000, 0.000000000000000000, 0.000000000000000000 ) ) ;
#91 = ORIENTED_EDGE ( 'NONE', *, *, #147, .F. ) ;
#92 = CARTESIAN_POINT ( 'NONE',  ( -3.000000000000000000, 0.000000000000000000, 0.000000000000000000 ) ) ;
#93 = CARTESIAN_POINT ( 'NONE',  ( 3.000000000000000000, 0.000000000000000000, -160.0000000000000000 ) ) ;
#94 = EDGE_LOOP ( 'NONE', ( #168, #1406, #854, #740 ) ) ;
#95 = EDGE_CURVE ( 'NONE', #141, #733, #1243, .T. ) ;
#96 = ORIENTED_EDGE ( 'NONE', *, *, #611, .T. ) ;
#97 = FACE_OUTER_BOUND ( 'NONE', #223, .T. ) ;
#98 = AXIS2_PLACEMENT_3D ( 'NONE', #1076, #443, #824 ) ;
#99 = VECTOR ( 'NONE', #1006, 1000.000000000000000 ) ;
#100 =( LENGTH_UNIT ( ) NAMED_UNIT ( * ) SI_UNIT ( .MILLI., .METRE. ) );
#101 = ORIENTED_EDGE ( 'NONE', *, *, #953, .T. ) ;
#102 = VECTOR ( 'NONE', #142, 1000.000000000000000 ) ;
#103 = DIRECTION ( 'NONE',  ( 0.000000000000000000, 0.000000000000000000, 1.000000000000000000 ) ) ;
#104 = DIRECTION ( 'NONE',  ( 0.000000000000000000, 0.8275862068965521567, -0.5613386412448169160 ) ) ;
#105 = ORIENTED_EDGE ( 'NONE', *, *, #962, .T. ) ;
#106 = CIRCLE ( 'NONE', #262, 2.999999999999995559 ) ;
#107 = AXIS2_PLACEMENT_3D ( 'NONE', #1297, #300, #438 ) ;
#108 = ORIENTED_EDGE ( 'NONE', *, *, #1224, .F. ) ;
#109 = CARTESIAN_POINT ( 'NONE',  ( 2.999999999999996447, 3.000000000000001332, -110.0000000000000000 ) ) ;
#110 = EDGE_CURVE ( 'NONE', #1376, #947, #1078, .T. ) ;
#111 = CARTESIAN_POINT ( 'NONE',  ( -3.000000000000000000, -3.994562646538029949, -6.347713703600931012 ) ) ;
#112 = CIRCLE ( 'NONE', #243, 17.00000000000000000 ) ;
#113 = DIRECTION ( 'NONE',  ( 1.000000000000000000, 0.000000000000000000, 0.000000000000000000 ) ) ;
#114 = ORIENTED_EDGE ( 'NONE', *, *, #1329, .T. ) ;
#115 = AXIS2_PLACEMENT_3D ( 'NONE', #69, #90, #1410 ) ;
#116 = VERTEX_POINT ( 'NONE', #1555 ) ;
#117 = DIRECTION ( 'NONE',  ( 0.000000000000000000, 0.000000000000000000, 1.000000000000000000 ) ) ;
#118 = DIRECTION ( 'NONE',  ( -1.000000000000000000, -0.000000000000000000, -0.000000000000000000 ) ) ;
#119 = VECTOR ( 'NONE', #123, 1000.000000000000000 ) ;
#120 = CYLINDRICAL_SURFACE ( 'NONE', #153, 17.00000000000000000 ) ;
#121 = ORIENTED_EDGE ( 'NONE', *, *, #43, .T. ) ;
#122 = ORIENTED_EDGE ( 'NONE', *, *, #1575, .T. ) ;
#123 = DIRECTION ( 'NONE',  ( 1.000000000000000000, 0.000000000000000000, 0.000000000000000000 ) ) ;
#124 = CARTESIAN_POINT ( 'NONE',  ( -3.000000000000000000, -6.994562646538029504, -1.151561280894299877 ) ) ;
#125 = DIRECTION ( 'NONE',  ( 0.000000000000000000, -0.4999999999999977240, 0.8660254037844400399 ) ) ;
#126 = EDGE_CURVE ( 'NONE', #880, #528, #1537, .T. ) ;
#127 = CYLINDRICAL_SURFACE ( 'NONE', #1335, 11.99999999999999822 ) ;
#128 = ORIENTED_EDGE ( 'NONE', *, *, #294, .F. ) ;
#129 = ADVANCED_FACE ( 'NONE', ( #325 ), #186, .T. ) ;
#130 = ORIENTED_EDGE ( 'NONE', *, *, #983, .T. ) ;
#131 = FACE_OUTER_BOUND ( 'NONE', #247, .T. ) ;
#132 = VECTOR ( 'NONE', #1027, 1000.000000000000000 ) ;
#133 = FACE_OUTER_BOUND ( 'NONE', #1457, .T. ) ;
#134 = CARTESIAN_POINT ( 'NONE',  ( 3.000000000000000000, -7.577722283113839552, -4.375000000000000000 ) ) ;
#135 = DIRECTION ( 'NONE',  ( 1.000000000000000000, 0.000000000000000000, 0.000000000000000000 ) ) ;
#136 = ORIENTED_EDGE ( 'NONE', *, *, #729, .T. ) ;
#137 = VERTEX_POINT ( 'NONE', #80 ) ;
#138 = EDGE_CURVE ( 'NONE', #205, #1540, #1523, .T. ) ;
#139 = VECTOR ( 'NONE', #1515, 1000.000000000000000 ) ;
#140 = CARTESIAN_POINT ( 'NONE',  ( -3.000000000000000000, 0.000000000000000000, 8.750000000000001776 ) ) ;
#141 = VERTEX_POINT ( 'NONE', #669 ) ;
#142 = DIRECTION ( 'NONE',  ( -1.000000000000000000, -0.000000000000000000, -0.000000000000000000 ) ) ;
#143 = CARTESIAN_POINT ( 'NONE',  ( -3.000000000000000000, -2.999999999999997780, -90.00000000000001421 ) ) ;
#144 = DIRECTION ( 'NONE',  ( 0.000000000000000000, 0.5326083528717360238, 0.8463618271467920895 ) ) ;
#145 = EDGE_LOOP ( 'NONE', ( #1357, #1551, #845, #1092 ) ) ;
#146 = EDGE_LOOP ( 'NONE', ( #409, #1435, #1303, #685 ) ) ;
#147 = EDGE_CURVE ( 'NONE', #990, #237, #1571, .T. ) ;
#148 = DIRECTION ( 'NONE',  ( -1.000000000000000000, -0.000000000000000000, -0.000000000000000000 ) ) ;
#149 = CARTESIAN_POINT ( 'NONE',  ( 2.999999999999996447, 3.673940397442063122E-15, -106.9999999999999858 ) ) ;
#150 = LINE ( 'NONE', #892, #767 ) ;
#151 = CARTESIAN_POINT ( 'NONE',  ( 3.000000000000000000, 12.00000000000000000, -16.27882059609969900 ) ) ;
#152 = VERTEX_POINT ( 'NONE', #683 ) ;
#153 = AXIS2_PLACEMENT_3D ( 'NONE', #754, #615, #1125 ) ;
#154 = ORIENTED_EDGE ( 'NONE', *, *, #60, .F. ) ;
#155 = CYLINDRICAL_SURFACE ( 'NONE', #897, 6.550000000000000711 ) ;
#156 = AXIS2_PLACEMENT_3D ( 'NONE', #627, #738, #369 ) ;
#157 = CARTESIAN_POINT ( 'NONE',  ( 7.000000000000000000, 0.000000000000000000, 11.30000000000000249 ) ) ;
#158 = CARTESIAN_POINT ( 'NONE',  ( -3.000000000000000000, 0.000000000000000000, 0.000000000000000000 ) ) ;
#159 = ADVANCED_FACE ( 'NONE', ( #941 ), #63, .F. ) ;
#160 = CARTESIAN_POINT ( 'NONE',  ( 3.000000000000000000, 8.827722283113841328, -2.209936490538909837 ) ) ;
#161 = VERTEX_POINT ( 'NONE', #1048 ) ;
#162 = ORIENTED_EDGE ( 'NONE', *, *, #1318, .T. ) ;
#163 = VECTOR ( 'NONE', #329, 1000.000000000000000 ) ;
#164 = DIRECTION ( 'NONE',  ( 0.000000000000000000, -1.000000000000000000, 0.000000000000000000 ) ) ;
#165 = CARTESIAN_POINT ( 'NONE',  ( 2.999999999999996447, 3.673940397442063122E-15, -109.9999999999999858 ) ) ;
#166 = DIRECTION ( 'NONE',  ( 1.000000000000000000, 0.000000000000000000, 0.000000000000000000 ) ) ;
#167 = CYLINDRICAL_SURFACE ( 'NONE', #835, 2.550000000000000266 ) ;
#168 = ORIENTED_EDGE ( 'NONE', *, *, #1264, .F. ) ;
#169 = FACE_OUTER_BOUND ( 'NONE', #1098, .T. ) ;
#170 = DIRECTION ( 'NONE',  ( -1.000000000000000000, -0.000000000000000000, -0.000000000000000000 ) ) ;
#171 = DIRECTION ( 'NONE',  ( -1.000000000000000000, -0.000000000000000000, -0.000000000000000000 ) ) ;
#172 = CARTESIAN_POINT ( 'NONE',  ( 2.999999999999996447, -2.999999999999994227, -109.9999999999999858 ) ) ;
#173 = CARTESIAN_POINT ( 'NONE',  ( 7.000000000000000000, 0.000000000000000000, 8.750000000000001776 ) ) ;
#174 = CIRCLE ( 'NONE', #511, 2.550000000000000266 ) ;
#175 = EDGE_CURVE ( 'NONE', #1291, #691, #541, .T. ) ;
#176 = ADVANCED_FACE ( 'NONE', ( #424 ), #1304, .F. ) ;
#177 = AXIS2_PLACEMENT_3D ( 'NONE', #1141, #418, #530 ) ;
#178 = ORIENTED_EDGE ( 'NONE', *, *, #31, .T. ) ;
#179 = CARTESIAN_POINT ( 'NONE',  ( -3.000000000000000000, -6.327722283113839552, -6.540063509461100821 ) ) ;
#180 = CYLINDRICAL_SURFACE ( 'NONE', #1349, 6.550000000000000711 ) ;
#181 = VECTOR ( 'NONE', #1103, 1000.000000000000000 ) ;
#182 = DIRECTION ( 'NONE',  ( 1.000000000000000000, 0.000000000000000000, 0.000000000000000000 ) ) ;
#183 = ORIENTED_EDGE ( 'NONE', *, *, #868, .T. ) ;
#184 = EDGE_CURVE ( 'NONE', #1177, #407, #1056, .T. ) ;
#185 = AXIS2_PLACEMENT_3D ( 'NONE', #1520, #705, #1079 ) ;
#186 = PLANE ( 'NONE',  #950 ) ;
#187 = VECTOR ( 'NONE', #851, 1000.000000000000114 ) ;
#188 = DIRECTION ( 'NONE',  ( 0.000000000000000000, 0.000000000000000000, 1.000000000000000000 ) ) ;
#189 = VERTEX_POINT ( 'NONE', #447 ) ;
#190 =( LENGTH_UNIT ( ) NAMED_UNIT ( * ) SI_UNIT ( .MILLI., .METRE. ) );
#191 = DIRECTION ( 'NONE',  ( 0.000000000000000000, 0.000000000000000000, 1.000000000000000000 ) ) ;
#192 = VERTEX_POINT ( 'NONE', #1433 ) ;
#193 = ORIENTED_EDGE ( 'NONE', *, *, #1295, .F. ) ;
#194 = EDGE_CURVE ( 'NONE', #492, #67, #932, .T. ) ;
#195 = VECTOR ( 'NONE', #735, 1000.000000000000000 ) ;
#196 = CARTESIAN_POINT ( 'NONE',  ( 2.999999999999996447, 2.999999999999997780, -130.0000000000000000 ) ) ;
#197 = FACE_OUTER_BOUND ( 'NONE', #1478, .T. ) ;
#198 = ORIENTED_EDGE ( 'NONE', *, *, #1316, .T. ) ;
#199 = CARTESIAN_POINT ( 'NONE',  ( -3.000000000000000000, 6.994562646538029504, -1.151561280894309869 ) ) ;
#200 = DIRECTION ( 'NONE',  ( -1.000000000000000000, -0.000000000000000000, -0.000000000000000000 ) ) ;
#201 = DIRECTION ( 'NONE',  ( 0.000000000000000000, 0.000000000000000000, -1.000000000000000000 ) ) ;
#202 = ORIENTED_EDGE ( 'NONE', *, *, #583, .T. ) ;
#203 = CARTESIAN_POINT ( 'NONE',  ( -3.000000000000000000, 4.494562646538029504, -5.481688299816499743 ) ) ;
#204 = CARTESIAN_POINT ( 'NONE',  ( -3.000000000000000000, 2.999999999999997780, -90.00000000000001421 ) ) ;
#205 = VERTEX_POINT ( 'NONE', #89 ) ;
#206 = EDGE_CURVE ( 'NONE', #1120, #263, #599, .T. ) ;
#207 = DIRECTION ( 'NONE',  ( 0.000000000000000000, 0.000000000000000000, -1.000000000000000000 ) ) ;
#208 = AXIS2_PLACEMENT_3D ( 'NONE', #770, #643, #764 ) ;
#209 = CARTESIAN_POINT ( 'NONE',  ( 2.999999999999996447, 3.673940397442060756E-15, -30.00000000000000000 ) ) ;
#210 = ORIENTED_EDGE ( 'NONE', *, *, #21, .F. ) ;
#211 = VECTOR ( 'NONE', #46, 1000.000000000000000 ) ;
#212 = ORIENTED_EDGE ( 'NONE', *, *, #51, .T. ) ;
#213 = LINE ( 'NONE', #1538, #1300 ) ;
#214 = CARTESIAN_POINT ( 'NONE',  ( 2.999999999999996447, 2.999999999999997780, -90.00000000000001421 ) ) ;
#215 = EDGE_LOOP ( 'NONE', ( #460, #861 ) ) ;
#216 = FACE_BOUND ( 'NONE', #846, .T. ) ;
#217 = VECTOR ( 'NONE', #1343, 1000.000000000000000 ) ;
#218 = DIRECTION ( 'NONE',  ( 1.000000000000000000, 0.000000000000000000, 0.000000000000000000 ) ) ;
#219 = EDGE_LOOP ( 'NONE', ( #572, #789, #719, #547 ) ) ;
#220 = ORIENTED_EDGE ( 'NONE', *, *, #356, .F. ) ;
#221 = DIRECTION ( 'NONE',  ( 0.000000000000000000, -0.4666666666666697827, -0.8844332774281049581 ) ) ;
#222 = FILL_AREA_STYLE_COLOUR ( '', #654 ) ;
#223 = EDGE_LOOP ( 'NONE', ( #501, #1356, #136, #566 ) ) ;
#224 = DIRECTION ( 'NONE',  ( -1.000000000000000000, -0.000000000000000000, -0.000000000000000000 ) ) ;
#225 = DIRECTION ( 'NONE',  ( 1.000000000000000000, 0.000000000000000000, 0.000000000000000000 ) ) ;
#226 = ORIENTED_EDGE ( 'NONE', *, *, #1307, .F. ) ;
#227 = ORIENTED_EDGE ( 'NONE', *, *, #417, .F. ) ;
#228 = EDGE_CURVE ( 'NONE', #67, #706, #535, .T. ) ;
#229 = AXIS2_PLACEMENT_3D ( 'NONE', #1567, #1326, #103 ) ;
#230 = DIRECTION ( 'NONE',  ( 1.000000000000000000, 0.000000000000000000, 0.000000000000000000 ) ) ;
#231 = CIRCLE ( 'NONE', #918, 1.000000000000000666 ) ;
#232 = VECTOR ( 'NONE', #833, 1000.000000000000000 ) ;
#233 = VECTOR ( 'NONE', #1395, 1000.000000000000000 ) ;
#234 = CARTESIAN_POINT ( 'NONE',  ( 2.999999999999996447, -2.999999999999996447, -50.00000000000000000 ) ) ;
#235 = LINE ( 'NONE', #723, #948 ) ;
#236 = CARTESIAN_POINT ( 'NONE',  ( -3.000000000000000000, 8.392549903475595485, -1.958689600010879106 ) ) ;
#237 = VERTEX_POINT ( 'NONE', #574 ) ;
#238 = VECTOR ( 'NONE', #48, 1000.000000000000000 ) ;
#239 = VERTEX_POINT ( 'NONE', #1312 ) ;
#240 = EDGE_CURVE ( 'NONE', #1585, #450, #213, .T. ) ;
#241 = CARTESIAN_POINT ( 'NONE',  ( 2.000000000000000000, -2.795615556168012716, 5.923430902957458777 ) ) ;
#242 = DIRECTION ( 'NONE',  ( 1.000000000000000000, 0.000000000000000000, 0.000000000000000000 ) ) ;
#243 = AXIS2_PLACEMENT_3D ( 'NONE', #1061, #225, #104 ) ;
#244 = CARTESIAN_POINT ( 'NONE',  ( -3.000000000000000000, 8.021436534415191844E-16, -166.5500000000000114 ) ) ;
#245 = ORIENTED_EDGE ( 'NONE', *, *, #1135, .T. ) ;
#246 = VECTOR ( 'NONE', #1530, 1000.000000000000000 ) ;
#247 = EDGE_LOOP ( 'NONE', ( #480, #1306, #412, #82 ) ) ;
#248 = CARTESIAN_POINT ( 'NONE',  ( 2.999999999999996447, -2.999999999999997780, -130.0000000000000000 ) ) ;
#249 = EDGE_CURVE ( 'NONE', #760, #1566, #1281, .T. ) ;
#250 = DIRECTION ( 'NONE',  ( 0.000000000000000000, -1.000000000000000000, 1.734723475976806848E-16 ) ) ;
#251 = FACE_OUTER_BOUND ( 'NONE', #1254, .T. ) ;
#252 = VECTOR ( 'NONE', #1587, 1000.000000000000000 ) ;
#253 = CARTESIAN_POINT ( 'NONE',  ( -3.000000000000000000, -5.892549903475626571, -6.288816618933088520 ) ) ;
#254 = ORIENTED_EDGE ( 'NONE', *, *, #581, .T. ) ;
#255 = ORIENTED_EDGE ( 'NONE', *, *, #1582, .T. ) ;
#256 = PLANE ( 'NONE',  #45 ) ;
#257 = CARTESIAN_POINT ( 'NONE',  ( -3.000000000000000000, 0.000000000000000000, -130.0000000000000000 ) ) ;
#258 = DIRECTION ( 'NONE',  ( 1.000000000000000000, 0.000000000000000000, 0.000000000000000000 ) ) ;
#259 = EDGE_CURVE ( 'NONE', #1369, #1384, #550, .T. ) ;
#260 = CARTESIAN_POINT ( 'NONE',  ( -3.000000000000000000, -2.500000000000000000, 6.633249580710800508 ) ) ;
#261 = VERTEX_POINT ( 'NONE', #429 ) ;
#262 = AXIS2_PLACEMENT_3D ( 'NONE', #832, #9, #993 ) ;
#263 = VERTEX_POINT ( 'NONE', #915 ) ;
#264 = CARTESIAN_POINT ( 'NONE',  ( -3.000000000000000000, 4.494562646538029504, -5.481688299816499743 ) ) ;
#265 = CIRCLE ( 'NONE', #57, 17.00000000000000000 ) ;
#266 = CARTESIAN_POINT ( 'NONE',  ( -3.000000000000000000, -2.999999999999997780, -130.0000000000000000 ) ) ;
#267 = CARTESIAN_POINT ( 'NONE',  ( -3.000000000000000000, 3.000000000000001332, -110.0000000000000000 ) ) ;
#268 = DIRECTION ( 'NONE',  ( 0.000000000000000000, 0.000000000000000000, -1.000000000000000000 ) ) ;
#269 = EDGE_LOOP ( 'NONE', ( #101, #1069, #1487, #331 ) ) ;
#270 = EDGE_CURVE ( 'NONE', #592, #947, #1409, .T. ) ;
#271 = ORIENTED_EDGE ( 'NONE', *, *, #675, .F. ) ;
#272 = DIRECTION ( 'NONE',  ( 0.000000000000000000, 2.168404344971008868E-16, 1.000000000000000000 ) ) ;
#273 = ORIENTED_EDGE ( 'NONE', *, *, #1116, .F. ) ;
#274 = CARTESIAN_POINT ( 'NONE',  ( 2.999999999999996447, -2.999999999999997780, -130.0000000000000000 ) ) ;
#275 = CARTESIAN_POINT ( 'NONE',  ( 2.999999999999996447, 3.000000000000000444, -30.00000000000000355 ) ) ;
#276 = VERTEX_POINT ( 'NONE', #975 ) ;
#277 = EDGE_CURVE ( 'NONE', #1463, #413, #736, .T. ) ;
#278 = ORIENTED_EDGE ( 'NONE', *, *, #973, .T. ) ;
#279 = EDGE_CURVE ( 'NONE', #205, #1212, #1215, .T. ) ;
#280 = CARTESIAN_POINT ( 'NONE',  ( -3.000000000000000000, 2.500000000000000000, 6.633249580710800508 ) ) ;
#281 = LINE ( 'NONE', #1251, #786 ) ;
#282 = LINE ( 'NONE', #651, #722 ) ;
#283 = DIRECTION ( 'NONE',  ( 1.000000000000000000, 0.000000000000000000, 0.000000000000000000 ) ) ;
#284 = ORIENTED_EDGE ( 'NONE', *, *, #294, .T. ) ;
#285 = CARTESIAN_POINT ( 'NONE',  ( 3.000000000000000000, 2.500000000000000000, 6.633249580710800508 ) ) ;
#286 = CIRCLE ( 'NONE', #1110, 2.550000000000000266 ) ;
#287 = EDGE_CURVE ( 'NONE', #990, #590, #1223, .T. ) ;
#288 = ORIENTED_EDGE ( 'NONE', *, *, #1135, .F. ) ;
#289 = CARTESIAN_POINT ( 'NONE',  ( -3.000000000000000000, -7.577722283113839552, -4.375000000000000000 ) ) ;
#290 = DIRECTION ( 'NONE',  ( 1.000000000000000000, 0.000000000000000000, 0.000000000000000000 ) ) ;
#291 = DIRECTION ( 'NONE',  ( 0.000000000000000000, 0.000000000000000000, -1.000000000000000000 ) ) ;
#292 = AXIS2_PLACEMENT_3D ( 'NONE', #234, #250, #721 ) ;
#293 = DIRECTION ( 'NONE',  ( 0.000000000000000000, 1.734723475976806848E-16, 1.000000000000000000 ) ) ;
#294 = EDGE_CURVE ( 'NONE', #1115, #1479, #618, .T. ) ;
#295 = DIRECTION ( 'NONE',  ( 0.000000000000000000, 0.000000000000000000, 1.000000000000000000 ) ) ;
#296 = ADVANCED_FACE ( 'NONE', ( #1580 ), #1237, .F. ) ;
#297 = CYLINDRICAL_SURFACE ( 'NONE', #433, 6.550000000000000711 ) ;
#298 = AXIS2_PLACEMENT_3D ( 'NONE', #642, #1493, #882 ) ;
#299 = CARTESIAN_POINT ( 'NONE',  ( 3.000000000000000000, 0.000000000000000000, 0.000000000000000000 ) ) ;
#300 = DIRECTION ( 'NONE',  ( -1.000000000000000000, 0.000000000000000000, 0.000000000000000000 ) ) ;
#301 = LINE ( 'NONE', #1142, #238 ) ;
#302 = CARTESIAN_POINT ( 'NONE',  ( -3.000000000000000000, 0.000000000000000000, 0.000000000000000000 ) ) ;
#303 = EDGE_CURVE ( 'NONE', #1351, #67, #367, .T. ) ;
#304 = AXIS2_PLACEMENT_3D ( 'NONE', #1160, #659, #546 ) ;
#305 = CIRCLE ( 'NONE', #779, 1.000000000000000000 ) ;
#306 = VERTEX_POINT ( 'NONE', #984 ) ;
#307 = ORIENTED_EDGE ( 'NONE', *, *, #175, .T. ) ;
#308 = DIRECTION ( 'NONE',  ( 0.000000000000000000, -1.000000000000000000, 1.734723475976805862E-16 ) ) ;
#309 = FACE_OUTER_BOUND ( 'NONE', #997, .T. ) ;
#310 = ORIENTED_EDGE ( 'NONE', *, *, #194, .F. ) ;
#311 = AXIS2_PLACEMENT_3D ( 'NONE', #1282, #636, #1258 ) ;
#312 = DIRECTION ( 'NONE',  ( 0.000000000000000000, -0.8660254037844383745, 0.5000000000000003331 ) ) ;
#313 = DIRECTION ( 'NONE',  ( 0.000000000000000000, 0.4999999999999998890, -0.8660254037844387076 ) ) ;
#314 = VERTEX_POINT ( 'NONE', #7 ) ;
#315 = EDGE_CURVE ( 'NONE', #337, #437, #1151, .T. ) ;
#316 = VERTEX_POINT ( 'NONE', #248 ) ;
#317 = AXIS2_PLACEMENT_3D ( 'NONE', #600, #1319, #1184 ) ;
#318 = CARTESIAN_POINT ( 'NONE',  ( 2.999999999999996447, 3.673940397442060756E-15, -30.00000000000000000 ) ) ;
#319 = LINE ( 'NONE', #822, #448 ) ;
#320 = VERTEX_POINT ( 'NONE', #109 ) ;
#321 = CARTESIAN_POINT ( 'NONE',  ( 2.000000000000000000, -6.527649417606961713, -0.5406413606222669754 ) ) ;
#322 = ORIENTED_EDGE ( 'NONE', *, *, #1352, .T. ) ;
#323 = EDGE_CURVE ( 'NONE', #804, #1086, #1473, .T. ) ;
#324 = ADVANCED_FACE ( 'NONE', ( #350 ), #1322, .F. ) ;
#325 = FACE_OUTER_BOUND ( 'NONE', #146, .T. ) ;
#326 = LINE ( 'NONE', #807, #575 ) ;
#327 = ORIENTED_EDGE ( 'NONE', *, *, #761, .T. ) ;
#328 = CARTESIAN_POINT ( 'NONE',  ( 3.000000000000000000, -6.327722283113839552, -6.540063509461090163 ) ) ;
#329 = DIRECTION ( 'NONE',  ( 0.000000000000000000, 1.734723475976806848E-16, 1.000000000000000000 ) ) ;
#330 = ORIENTED_EDGE ( 'NONE', *, *, #1121, .F. ) ;
#331 = ORIENTED_EDGE ( 'NONE', *, *, #1144, .T. ) ;
#332 = DIRECTION ( 'NONE',  ( 0.000000000000000000, 0.8660254037844383745, -0.5000000000000003331 ) ) ;
#333 = FACE_BOUND ( 'NONE', #366, .T. ) ;
#334 = ORIENTED_EDGE ( 'NONE', *, *, #623, .F. ) ;
#335 = FACE_BOUND ( 'NONE', #215, .T. ) ;
#336 = CARTESIAN_POINT ( 'NONE',  ( -3.000000000000000000, 17.00000000000000000, -2.081899558550500280E-15 ) ) ;
#337 = VERTEX_POINT ( 'NONE', #710 ) ;
#338 = VECTOR ( 'NONE', #272, 1000.000000000000000 ) ;
#339 = ORIENTED_EDGE ( 'NONE', *, *, #560, .T. ) ;
#340 = DIRECTION ( 'NONE',  ( 0.000000000000000000, 0.000000000000000000, 1.000000000000000000 ) ) ;
#341 = DIRECTION ( 'NONE',  ( -1.000000000000000000, -0.000000000000000000, -0.000000000000000000 ) ) ;
#342 = EDGE_LOOP ( 'NONE', ( #939, #19, #1070, #1560 ) ) ;
#343 = ADVANCED_FACE ( 'NONE', ( #829 ), #256, .F. ) ;
#344 = DIRECTION ( 'NONE',  ( 0.000000000000000000, 0.000000000000000000, 1.000000000000000000 ) ) ;
#345 = EDGE_CURVE ( 'NONE', #733, #607, #1583, .T. ) ;
#346 = CARTESIAN_POINT ( 'NONE',  ( 3.000000000000000000, -2.500000000000000000, 8.750000000000000000 ) ) ;
#347 = ORIENTED_EDGE ( 'NONE', *, *, #110, .F. ) ;
#348 = EDGE_LOOP ( 'NONE', ( #1470, #548, #969, #836 ) ) ;
#349 = UNCERTAINTY_MEASURE_WITH_UNIT (LENGTH_MEASURE( 1.000000000000000082E-05 ), #100, 'distance_accuracy_value', 'NONE');
#350 = FACE_OUTER_BOUND ( 'NONE', #1164, .T. ) ;
#351 = ORIENTED_EDGE ( 'NONE', *, *, #323, .T. ) ;
#352 = CIRCLE ( 'NONE', #298, 0.9999999999999995559 ) ;
#353 = DIRECTION ( 'NONE',  ( 0.000000000000000000, 1.000000000000000000, 0.000000000000000000 ) ) ;
#354 = DIRECTION ( 'NONE',  ( 0.000000000000000000, 0.000000000000000000, 1.000000000000000000 ) ) ;
#355 = ORIENTED_EDGE ( 'NONE', *, *, #373, .T. ) ;
#356 = EDGE_CURVE ( 'NONE', #1074, #453, #1564, .T. ) ;
#357 = ORIENTED_EDGE ( 'NONE', *, *, #1154, .T. ) ;
#358 = DIRECTION ( 'NONE',  ( 0.000000000000000000, 0.8275862068965521567, -0.5613386412448169160 ) ) ;
#359 = CIRCLE ( 'NONE', #435, 2.550000000000000266 ) ;
#360 = ORIENTED_EDGE ( 'NONE', *, *, #1190, .F. ) ;
#361 = DIRECTION ( 'NONE',  ( -1.000000000000000000, -0.000000000000000000, -0.000000000000000000 ) ) ;
#362 = CARTESIAN_POINT ( 'NONE',  ( 2.999999999999996447, 3.000000000000001332, -110.0000000000000000 ) ) ;
#363 = ORIENTED_EDGE ( 'NONE', *, *, #1154, .F. ) ;
#364 = AXIS2_PLACEMENT_3D ( 'NONE', #538, #531, #658 ) ;
#365 = ADVANCED_FACE ( 'NONE', ( #97 ), #464, .F. ) ;
#366 = EDGE_LOOP ( 'NONE', ( #1188, #1146 ) ) ;
#367 = LINE ( 'NONE', #1101, #1427 ) ;
#368 = CARTESIAN_POINT ( 'NONE',  ( -3.000000000000000000, 0.000000000000000000, 0.000000000000000000 ) ) ;
#369 = DIRECTION ( 'NONE',  ( 0.000000000000000000, 0.000000000000000000, 1.000000000000000000 ) ) ;
#370 = CARTESIAN_POINT ( 'NONE',  ( 7.000000000000000000, 0.000000000000000000, -153.4500000000000171 ) ) ;
#371 = ORIENTED_EDGE ( 'NONE', *, *, #1397, .F. ) ;
#372 = ORIENTED_EDGE ( 'NONE', *, *, #1087, .T. ) ;
#373 = EDGE_CURVE ( 'NONE', #1376, #528, #820, .T. ) ;
#374 = CARTESIAN_POINT ( 'NONE',  ( 2.999999999999996447, 2.999999999999997780, -90.00000000000001421 ) ) ;
#375 = ORIENTED_EDGE ( 'NONE', *, *, #889, .T. ) ;
#376 = EDGE_CURVE ( 'NONE', #1376, #192, #265, .T. ) ;
#377 = CARTESIAN_POINT ( 'NONE',  ( 3.000000000000000000, 0.000000000000000000, -153.4500000000000171 ) ) ;
#378 = DIRECTION ( 'NONE',  ( -1.000000000000000000, 0.000000000000000000, 0.000000000000000000 ) ) ;
#379 = CARTESIAN_POINT ( 'NONE',  ( -3.000000000000000000, -2.999999999999997780, -130.0000000000000000 ) ) ;
#380 = ORIENTED_EDGE ( 'NONE', *, *, #1444, .F. ) ;
#381 = AXIS2_PLACEMENT_3D ( 'NONE', #644, #679, #809 ) ;
#382 = ORIENTED_EDGE ( 'NONE', *, *, #15, .F. ) ;
#383 = DIRECTION ( 'NONE',  ( 0.000000000000000000, 0.000000000000000000, -1.000000000000000000 ) ) ;
#384 = VECTOR ( 'NONE', #49, 1000.000000000000000 ) ;
#385 = ORIENTED_EDGE ( 'NONE', *, *, #1436, .F. ) ;
#386 = AXIS2_PLACEMENT_3D ( 'NONE', #1067, #1176, #77 ) ;
#387 = VECTOR ( 'NONE', #621, 1000.000000000000000 ) ;
#388 = DIRECTION ( 'NONE',  ( -1.000000000000000000, -0.000000000000000000, -0.000000000000000000 ) ) ;
#389 = EDGE_CURVE ( 'NONE', #437, #1405, #839, .T. ) ;
#390 = PLANE ( 'NONE',  #416 ) ;
#391 = VECTOR ( 'NONE', #388, 1000.000000000000000 ) ;
#392 = DIRECTION ( 'NONE',  ( 0.000000000000000000, 0.000000000000000000, 1.000000000000000000 ) ) ;
#393 = ORIENTED_EDGE ( 'NONE', *, *, #1015, .F. ) ;
#394 = AXIS2_PLACEMENT_3D ( 'NONE', #72, #564, #1401 ) ;
#395 = CARTESIAN_POINT ( 'NONE',  ( -3.000000000000000000, 0.000000000000000000, 0.000000000000000000 ) ) ;
#396 = DIRECTION ( 'NONE',  ( 1.000000000000000000, 0.000000000000000000, 0.000000000000000000 ) ) ;
#397 = DIRECTION ( 'NONE',  ( 1.000000000000000000, 0.000000000000000000, 0.000000000000000000 ) ) ;
#398 = CARTESIAN_POINT ( 'NONE',  ( 3.000000000000000000, 8.392549903475591933, -1.958689600010876442 ) ) ;
#399 = ORIENTED_EDGE ( 'NONE', *, *, #1116, .T. ) ;
#400 = ADVANCED_FACE ( 'NONE', ( #768 ), #1513, .T. ) ;
#401 = AXIS2_PLACEMENT_3D ( 'NONE', #214, #916, #951 ) ;
#402 = DIRECTION ( 'NONE',  ( -1.000000000000000000, -0.000000000000000000, -0.000000000000000000 ) ) ;
#403 = CARTESIAN_POINT ( 'NONE',  ( -3.000000000000000000, -2.999999999999996447, -50.00000000000000000 ) ) ;
#404 = DIRECTION ( 'NONE',  ( 0.000000000000000000, 0.000000000000000000, 1.000000000000000000 ) ) ;
#405 = CYLINDRICAL_SURFACE ( 'NONE', #1277, 12.00000000000000000 ) ;
#406 = ORIENTED_EDGE ( 'NONE', *, *, #748, .T. ) ;
#407 = VERTEX_POINT ( 'NONE', #864 ) ;
#408 = CARTESIAN_POINT ( 'NONE',  ( -3.000000000000000000, -2.999999999999993339, -30.00000000000000000 ) ) ;
#409 = ORIENTED_EDGE ( 'NONE', *, *, #1432, .F. ) ;
#410 = DIRECTION ( 'NONE',  ( -1.000000000000000000, -0.000000000000000000, -0.000000000000000000 ) ) ;
#411 = DIRECTION ( 'NONE',  ( -1.000000000000000000, 0.000000000000000000, 0.000000000000000000 ) ) ;
#412 = ORIENTED_EDGE ( 'NONE', *, *, #675, .T. ) ;
#413 = VERTEX_POINT ( 'NONE', #280 ) ;
#414 = EDGE_CURVE ( 'NONE', #1540, #1113, #1480, .T. ) ;
#415 = DIRECTION ( 'NONE',  ( 0.000000000000000000, 0.000000000000000000, -1.000000000000000000 ) ) ;
#416 = AXIS2_PLACEMENT_3D ( 'NONE', #852, #353, #1354 ) ;
#417 = EDGE_CURVE ( 'NONE', #504, #1553, #751, .T. ) ;
#418 = DIRECTION ( 'NONE',  ( 0.000000000000000000, 0.5000000000000003331, 0.8660254037844384856 ) ) ;
#419 = CARTESIAN_POINT ( 'NONE',  ( -3.000000000000000000, -12.00000000000000000, -160.0000000000000000 ) ) ;
#420 = AXIS2_PLACEMENT_3D ( 'NONE', #140, #529, #291 ) ;
#421 = FACE_OUTER_BOUND ( 'NONE', #930, .T. ) ;
#422 = PLANE ( 'NONE',  #185 ) ;
#423 = CIRCLE ( 'NONE', #527, 2.550000000000000266 ) ;
#424 = FACE_OUTER_BOUND ( 'NONE', #1363, .T. ) ;
#425 = CARTESIAN_POINT ( 'NONE',  ( 3.000000000000000000, -2.500000000000000000, 8.247506218943954082 ) ) ;
#426 = LINE ( 'NONE', #172, #730 ) ;
#427 = CARTESIAN_POINT ( 'NONE',  ( 2.999999999999996447, -2.999999999999993339, -30.00000000000000000 ) ) ;
#428 = ORIENTED_EDGE ( 'NONE', *, *, #549, .T. ) ;
#429 = CARTESIAN_POINT ( 'NONE',  ( -3.000000000000000000, 3.673940397442057600E-15, -67.00000000000000000 ) ) ;
#430 = DIRECTION ( 'NONE',  ( 1.000000000000000000, 0.000000000000000000, 0.000000000000000000 ) ) ;
#431 = EDGE_CURVE ( 'NONE', #237, #276, #1010, .T. ) ;
#432 = FACE_BOUND ( 'NONE', #1392, .T. ) ;
#433 = AXIS2_PLACEMENT_3D ( 'NONE', #1137, #1274, #1517 ) ;
#434 = CIRCLE ( 'NONE', #381, 1.000000000000000000 ) ;
#435 = AXIS2_PLACEMENT_3D ( 'NONE', #499, #988, #860 ) ;
#436 = VECTOR ( 'NONE', #1149, 1000.000000000000000 ) ;
#437 = VERTEX_POINT ( 'NONE', #520 ) ;
#438 = DIRECTION ( 'NONE',  ( 0.000000000000000000, 0.000000000000000000, 1.000000000000000000 ) ) ;
#439 = CYLINDRICAL_SURFACE ( 'NONE', #115, 0.9999999999999995559 ) ;
#440 = VERTEX_POINT ( 'NONE', #756 ) ;
#441 = AXIS2_PLACEMENT_3D ( 'NONE', #328, #313, #794 ) ;
#442 = SHAPE_DEFINITION_REPRESENTATION ( #1394, #904 ) ;
#443 = DIRECTION ( 'NONE',  ( -1.000000000000000000, 0.000000000000000000, 0.000000000000000000 ) ) ;
#444 = ORIENTED_EDGE ( 'NONE', *, *, #1307, .T. ) ;
#445 = EDGE_CURVE ( 'NONE', #607, #733, #8, .T. ) ;
#446 = CIRCLE ( 'NONE', #1347, 6.550000000000000711 ) ;
#447 = CARTESIAN_POINT ( 'NONE',  ( 3.000000000000000000, 17.00000000000000000, -2.081899558550500280E-15 ) ) ;
#448 = VECTOR ( 'NONE', #690, 1000.000000000000000 ) ;
#449 = LINE ( 'NONE', #204, #1093 ) ;
#450 = VERTEX_POINT ( 'NONE', #20 ) ;
#451 = CARTESIAN_POINT ( 'NONE',  ( -3.000000000000000000, 3.000000000000000444, -30.00000000000000355 ) ) ;
#452 = CARTESIAN_POINT ( 'NONE',  ( -3.000000000000000000, 0.000000000000000000, -153.4500000000000171 ) ) ;
#453 = VERTEX_POINT ( 'NONE', #510 ) ;
#454 = CARTESIAN_POINT ( 'NONE',  ( 3.000000000000000000, -6.994562646538029504, -1.151561280894299877 ) ) ;
#455 = FACE_BOUND ( 'NONE', #1235, .T. ) ;
#456 = ORIENTED_EDGE ( 'NONE', *, *, #1481, .F. ) ;
#457 = LINE ( 'NONE', #1541, #1488 ) ;
#458 = FACE_OUTER_BOUND ( 'NONE', #1586, .T. ) ;
#459 = CIRCLE ( 'NONE', #1075, 2.550000000000000266 ) ;
#460 = ORIENTED_EDGE ( 'NONE', *, *, #445, .F. ) ;
#461 = ORIENTED_EDGE ( 'NONE', *, *, #467, .T. ) ;
#462 = UNCERTAINTY_MEASURE_WITH_UNIT (LENGTH_MEASURE( 1.000000000000000082E-05 ), #190, 'distance_accuracy_value', 'NONE');
#463 = ADVANCED_FACE ( 'NONE', ( #1365 ), #656, .F. ) ;
#464 = CYLINDRICAL_SURFACE ( 'NONE', #955, 6.550000000000000711 ) ;
#465 = DIRECTION ( 'NONE',  ( 0.000000000000000000, 0.9992750195384039191, 0.03807145028131508901 ) ) ;
#466 = EDGE_LOOP ( 'NONE', ( #1503, #1201, #105, #339 ) ) ;
#467 = EDGE_CURVE ( 'NONE', #590, #1414, #1131, .T. ) ;
#468 = FACE_OUTER_BOUND ( 'NONE', #269, .T. ) ;
#469 = DIRECTION ( 'NONE',  ( 0.000000000000000000, 0.000000000000000000, 1.000000000000000000 ) ) ;
#470 = ORIENTED_EDGE ( 'NONE', *, *, #431, .T. ) ;
#471 = AXIS2_PLACEMENT_3D ( 'NONE', #1148, #762, #1256 ) ;
#472 = ORIENTED_EDGE ( 'NONE', *, *, #315, .T. ) ;
#473 = CARTESIAN_POINT ( 'NONE',  ( 2.999999999999996447, 0.000000000000000000, -90.00000000000000000 ) ) ;
#474 = ORIENTED_EDGE ( 'NONE', *, *, #1026, .F. ) ;
#475 = CARTESIAN_POINT ( 'NONE',  ( -3.000000000000000000, 12.00000000000000000, -160.0000000000000000 ) ) ;
#476 = ADVANCED_FACE ( 'NONE', ( #1379 ), #155, .F. ) ;
#477 = CARTESIAN_POINT ( 'NONE',  ( 3.000000000000000000, -2.999999999999994227, -109.9999999999999858 ) ) ;
#478 = FACE_OUTER_BOUND ( 'NONE', #342, .T. ) ;
#479 = ORIENTED_EDGE ( 'NONE', *, *, #249, .T. ) ;
#480 = ORIENTED_EDGE ( 'NONE', *, *, #495, .F. ) ;
#481 = DIRECTION ( 'NONE',  ( -1.000000000000000000, 0.000000000000000000, 0.000000000000000000 ) ) ;
#482 = ORIENTED_EDGE ( 'NONE', *, *, #534, .F. ) ;
#483 = VECTOR ( 'NONE', #117, 1000.000000000000000 ) ;
#484 = CARTESIAN_POINT ( 'NONE',  ( -3.000000000000000000, -2.999999999999994227, -109.9999999999999858 ) ) ;
#485 = EDGE_CURVE ( 'NONE', #116, #946, #648, .T. ) ;
#486 = FACE_OUTER_BOUND ( 'NONE', #145, .T. ) ;
#487 = ORIENTED_EDGE ( 'NONE', *, *, #534, .T. ) ;
#488 = ORIENTED_EDGE ( 'NONE', *, *, #560, .F. ) ;
#489 = DIRECTION ( 'NONE',  ( -1.000000000000000000, -0.000000000000000000, -0.000000000000000000 ) ) ;
#490 = CARTESIAN_POINT ( 'NONE',  ( 10.82160000000000011, -7.494562646538029504, -0.2855358771098639448 ) ) ;
#491 = CARTESIAN_POINT ( 'NONE',  ( 3.000000000000000000, -12.00000000000000000, -16.27882059609969900 ) ) ;
#492 = VERTEX_POINT ( 'NONE', #264 ) ;
#493 = AXIS2_PLACEMENT_3D ( 'NONE', #935, #1428, #694 ) ;
#494 = ORIENTED_EDGE ( 'NONE', *, *, #206, .F. ) ;
#495 = EDGE_CURVE ( 'NONE', #819, #337, #1139, .T. ) ;
#496 = AXIS2_PLACEMENT_3D ( 'NONE', #1250, #148, #639 ) ;
#497 = CARTESIAN_POINT ( 'NONE',  ( -3.000000000000000000, -3.500000000000000000, 6.633249580710800508 ) ) ;
#498 = CYLINDRICAL_SURFACE ( 'NONE', #667, 1.000000000000000000 ) ;
#499 = CARTESIAN_POINT ( 'NONE',  ( 3.000000000000000000, 0.000000000000000000, 8.750000000000001776 ) ) ;
#500 = ORIENTED_EDGE ( 'NONE', *, *, #206, .T. ) ;
#501 = ORIENTED_EDGE ( 'NONE', *, *, #95, .F. ) ;
#502 = EDGE_CURVE ( 'NONE', #137, #44, #1313, .T. ) ;
#503 = DIRECTION ( 'NONE',  ( 1.000000000000000000, 0.000000000000000000, 0.000000000000000000 ) ) ;
#504 = VERTEX_POINT ( 'NONE', #1020 ) ;
#505 = CARTESIAN_POINT ( 'NONE',  ( 3.000000000000000000, 3.946152422706629803, -5.165063509461099933 ) ) ;
#506 = CIRCLE ( 'NONE', #708, 17.00000000000000000 ) ;
#507 = DIRECTION ( 'NONE',  ( 0.000000000000000000, 1.734723475976805615E-16, 1.000000000000000000 ) ) ;
#508 = LINE ( 'NONE', #362, #999 ) ;
#509 = EDGE_LOOP ( 'NONE', ( #577, #1377, #1009, #482 ) ) ;
#510 = CARTESIAN_POINT ( 'NONE',  ( 3.000000000000000000, 6.527649417606961713, -0.5406413606222704171 ) ) ;
#511 = AXIS2_PLACEMENT_3D ( 'NONE', #56, #1382, #1253 ) ;
#512 = PRODUCT_DEFINITION ( 'æœ', '', #14, #1203 ) ;
#513 = VECTOR ( 'NONE', #1197, 1000.000000000000000 ) ;
#514 = CYLINDRICAL_SURFACE ( 'NONE', #838, 1.000000000000000222 ) ;
#515 = DIRECTION ( 'NONE',  ( -1.000000000000000000, -0.000000000000000000, -0.000000000000000000 ) ) ;
#516 = EDGE_CURVE ( 'NONE', #70, #1324, #817, .T. ) ;
#517 = LINE ( 'NONE', #260, #99 ) ;
#518 = VERTEX_POINT ( 'NONE', #408 ) ;
#519 = VECTOR ( 'NONE', #361, 1000.000000000000000 ) ;
#520 = CARTESIAN_POINT ( 'NONE',  ( -3.000000000000000000, -2.795615556168012716, 5.923430902957458777 ) ) ;
#521 = ORIENTED_EDGE ( 'NONE', *, *, #240, .T. ) ;
#522 = DIRECTION ( 'NONE',  ( 0.000000000000000000, 1.734723475976805615E-16, 1.000000000000000000 ) ) ;
#523 = ADVANCED_FACE ( 'NONE', ( #131 ), #890, .F. ) ;
#524 = LINE ( 'NONE', #160, #1155 ) ;
#525 = CIRCLE ( 'NONE', #929, 12.00000000000000000 ) ;
#526 = EDGE_LOOP ( 'NONE', ( #1228, #1147, #26, #428 ) ) ;
#527 = AXIS2_PLACEMENT_3D ( 'NONE', #289, #1265, #900 ) ;
#528 = VERTEX_POINT ( 'NONE', #896 ) ;
#529 = DIRECTION ( 'NONE',  ( 1.000000000000000000, 0.000000000000000000, 0.000000000000000000 ) ) ;
#530 = DIRECTION ( 'NONE',  ( 0.000000000000000000, -0.8660254037844384856, 0.5000000000000003331 ) ) ;
#531 = DIRECTION ( 'NONE',  ( -1.000000000000000000, 0.000000000000000000, 0.000000000000000000 ) ) ;
#532 = LINE ( 'NONE', #1045, #384 ) ;
#533 = ORIENTED_EDGE ( 'NONE', *, *, #315, .F. ) ;
#534 = EDGE_CURVE ( 'NONE', #760, #1371, #1393, .T. ) ;
#535 = CIRCLE ( 'NONE', #610, 2.550000000000000266 ) ;
#536 = DIRECTION ( 'NONE',  ( 0.000000000000000000, 0.000000000000000000, -1.000000000000000000 ) ) ;
#537 = CARTESIAN_POINT ( 'NONE',  ( -3.000000000000000000, 5.892549903475619466, -6.288816618933083191 ) ) ;
#538 = CARTESIAN_POINT ( 'NONE',  ( 3.000000000000000000, -24.00000000000000000, -16.27882059609969900 ) ) ;
#539 = DIRECTION ( 'NONE',  ( 0.000000000000000000, -0.8660254037844380415, 0.5000000000000011102 ) ) ;
#540 = CARTESIAN_POINT ( 'NONE',  ( 2.999999999999996447, -2.999999999999997780, -130.0000000000000000 ) ) ;
#541 = CIRCLE ( 'NONE', #1084, 2.999999999999995559 ) ;
#542 = CYLINDRICAL_SURFACE ( 'NONE', #1248, 3.000000000000002665 ) ;
#543 = CYLINDRICAL_SURFACE ( 'NONE', #1413, 3.000000000000002665 ) ;
#544 = PRODUCT_CONTEXT ( 'NONE', #688, 'mechanical' ) ;
#545 = VECTOR ( 'NONE', #230, 1000.000000000000000 ) ;
#546 = DIRECTION ( 'NONE',  ( 0.000000000000000000, 0.000000000000000000, 1.000000000000000000 ) ) ;
#547 = ORIENTED_EDGE ( 'NONE', *, *, #964, .T. ) ;
#548 = ORIENTED_EDGE ( 'NONE', *, *, #797, .T. ) ;
#549 = EDGE_CURVE ( 'NONE', #1369, #592, #1292, .T. ) ;
#550 = LINE ( 'NONE', #1041, #681 ) ;
#551 = CARTESIAN_POINT ( 'NONE',  ( -3.000000000000000000, 2.999999999999997780, -130.0000000000000000 ) ) ;
#552 = DIRECTION ( 'NONE',  ( 0.000000000000000000, 0.000000000000000000, 1.000000000000000000 ) ) ;
#553 = DIRECTION ( 'NONE',  ( 1.000000000000000000, 0.000000000000000000, 0.000000000000000000 ) ) ;
#554 = ORIENTED_EDGE ( 'NONE', *, *, #110, .T. ) ;
#555 = ORIENTED_EDGE ( 'NONE', *, *, #287, .T. ) ;
#556 = DIRECTION ( 'NONE',  ( 0.000000000000000000, -1.734723475976806848E-16, -1.000000000000000000 ) ) ;
#557 = DIRECTION ( 'NONE',  ( 0.000000000000000000, 0.000000000000000000, 1.000000000000000000 ) ) ;
#558 = ORIENTED_EDGE ( 'NONE', *, *, #910, .T. ) ;
#559 =( NAMED_UNIT ( * ) PLANE_ANGLE_UNIT ( ) SI_UNIT ( $, .RADIAN. ) );
#560 = EDGE_CURVE ( 'NONE', #518, #674, #1498, .T. ) ;
#561 = CARTESIAN_POINT ( 'NONE',  ( 2.999999999999996447, 2.999999999999997780, -90.00000000000001421 ) ) ;
#562 = ORIENTED_EDGE ( 'NONE', *, *, #1552, .T. ) ;
#563 = ORIENTED_EDGE ( 'NONE', *, *, #373, .F. ) ;
#564 = DIRECTION ( 'NONE',  ( -1.000000000000000000, -0.000000000000000000, -0.000000000000000000 ) ) ;
#565 = CARTESIAN_POINT ( 'NONE',  ( -18.03600000000000136, -24.00000000000000000, -16.27882059609969900 ) ) ;
#566 = ORIENTED_EDGE ( 'NONE', *, *, #445, .T. ) ;
#567 = CIRCLE ( 'NONE', #597, 1.000000000000000222 ) ;
#568 = CARTESIAN_POINT ( 'NONE',  ( -3.000000000000000000, 8.827722283113830670, -2.209936490538900067 ) ) ;
#569 = DIRECTION ( 'NONE',  ( 0.000000000000000000, 0.000000000000000000, -1.000000000000000000 ) ) ;
#570 = ADVANCED_FACE ( 'NONE', ( #714 ), #810, .F. ) ;
#571 = LINE ( 'NONE', #336, #1140 ) ;
#572 = ORIENTED_EDGE ( 'NONE', *, *, #323, .F. ) ;
#573 = ORIENTED_EDGE ( 'NONE', *, *, #696, .T. ) ;
#574 = CARTESIAN_POINT ( 'NONE',  ( 2.999999999999996447, -2.999999999999997780, -90.00000000000001421 ) ) ;
#575 = VECTOR ( 'NONE', #1305, 1000.000000000000000 ) ;
#576 = CARTESIAN_POINT ( 'NONE',  ( 3.000000000000000000, -17.00000000000000000, 0.000000000000000000 ) ) ;
#577 = ORIENTED_EDGE ( 'NONE', *, *, #1385, .F. ) ;
#578 = DIRECTION ( 'NONE',  ( -1.000000000000000000, 0.000000000000000000, 0.000000000000000000 ) ) ;
#579 = CARTESIAN_POINT ( 'NONE',  ( 2.999999999999996447, 3.000000000000001332, -70.00000000000000000 ) ) ;
#580 = VERTEX_POINT ( 'NONE', #1327 ) ;
#581 = EDGE_CURVE ( 'NONE', #1511, #1423, #795, .T. ) ;
#582 = ORIENTED_EDGE ( 'NONE', *, *, #389, .F. ) ;
#583 = EDGE_CURVE ( 'NONE', #1384, #1569, #525, .T. ) ;
#584 = DIRECTION ( 'NONE',  ( 0.000000000000000000, -0.4999999999999998890, 0.8660254037844387076 ) ) ;
#585 = DIRECTION ( 'NONE',  ( 1.000000000000000000, 0.000000000000000000, 0.000000000000000000 ) ) ;
#586 = ORIENTED_EDGE ( 'NONE', *, *, #277, .F. ) ;
#587 = DIRECTION ( 'NONE',  ( -1.000000000000000000, -0.000000000000000000, -0.000000000000000000 ) ) ;
#588 = CARTESIAN_POINT ( 'NONE',  ( 2.999999999999996447, -2.999999999999997780, -130.0000000000000000 ) ) ;
#589 = CIRCLE ( 'NONE', #1485, 6.550000000000000711 ) ;
#590 = VERTEX_POINT ( 'NONE', #579 ) ;
#591 = VECTOR ( 'NONE', #759, 1000.000000000000000 ) ;
#592 = VERTEX_POINT ( 'NONE', #1400 ) ;
#593 = EDGE_CURVE ( 'NONE', #1115, #1430, #112, .T. ) ;
#594 = DIRECTION ( 'NONE',  ( 0.000000000000000000, 0.000000000000000000, 1.000000000000000000 ) ) ;
#595 = ORIENTED_EDGE ( 'NONE', *, *, #729, .F. ) ;
#596 =( NAMED_UNIT ( * ) SI_UNIT ( $, .STERADIAN. ) SOLID_ANGLE_UNIT ( ) );
#597 = AXIS2_PLACEMENT_3D ( 'NONE', #111, #1232, #125 ) ;
#598 = CARTESIAN_POINT ( 'NONE',  ( -3.000000000000000000, 2.500000000000000000, 6.633249580710800508 ) ) ;
#599 = CIRCLE ( 'NONE', #1358, 3.000000000000002665 ) ;
#600 = CARTESIAN_POINT ( 'NONE',  ( 2.999999999999996447, 0.000000000000000000, -130.0000000000000000 ) ) ;
#601 = ORIENTED_EDGE ( 'NONE', *, *, #887, .F. ) ;
#602 = EDGE_LOOP ( 'NONE', ( #668, #1320, #715, #734 ) ) ;
#603 = CARTESIAN_POINT ( 'NONE',  ( -3.000000000000000000, 14.06896551724140032, -9.542756901161888905 ) ) ;
#604 = EDGE_CURVE ( 'NONE', #316, #88, #79, .T. ) ;
#605 = LINE ( 'NONE', #1333, #1465 ) ;
#606 = FACE_OUTER_BOUND ( 'NONE', #741, .T. ) ;
#607 = VERTEX_POINT ( 'NONE', #452 ) ;
#608 = ORIENTED_EDGE ( 'NONE', *, *, #973, .F. ) ;
#609 = CARTESIAN_POINT ( 'NONE',  ( -3.000000000000000000, 3.500000000000000000, 6.633249580710800508 ) ) ;
#610 = AXIS2_PLACEMENT_3D ( 'NONE', #1173, #676, #812 ) ;
#611 = EDGE_CURVE ( 'NONE', #580, #316, #1220, .T. ) ;
#612 = LINE ( 'NONE', #475, #217 ) ;
#613 = LINE ( 'NONE', #1476, #519 ) ;
#614 = EDGE_CURVE ( 'NONE', #192, #189, #571, .T. ) ;
#615 = DIRECTION ( 'NONE',  ( 1.000000000000000000, 0.000000000000000000, 0.000000000000000000 ) ) ;
#616 = ORIENTED_EDGE ( 'NONE', *, *, #859, .F. ) ;
#617 = ORIENTED_EDGE ( 'NONE', *, *, #1415, .F. ) ;
#618 = LINE ( 'NONE', #849, #119 ) ;
#619 = DIRECTION ( 'NONE',  ( 0.000000000000000000, 0.000000000000000000, 1.000000000000000000 ) ) ;
#620 = CARTESIAN_POINT ( 'NONE',  ( 3.000000000000000000, -6.327722283113850210, -6.540063509461100821 ) ) ;
#621 = DIRECTION ( 'NONE',  ( -1.000000000000000000, -0.000000000000000000, -0.000000000000000000 ) ) ;
#622 = EDGE_LOOP ( 'NONE', ( #1019, #638, #752, #58 ) ) ;
#623 = EDGE_CURVE ( 'NONE', #580, #320, #818, .T. ) ;
#624 = VERTEX_POINT ( 'NONE', #1089 ) ;
#625 = CARTESIAN_POINT ( 'NONE',  ( 7.000000000000000000, -5.892549903475591044, -6.288816618933058322 ) ) ;
#626 = ORIENTED_EDGE ( 'NONE', *, *, #815, .T. ) ;
#627 = CARTESIAN_POINT ( 'NONE',  ( 2.999999999999996447, 3.673940397442057600E-15, -70.00000000000000000 ) ) ;
#628 = LINE ( 'NONE', #379, #1051 ) ;
#629 = ORIENTED_EDGE ( 'NONE', *, *, #1462, .F. ) ;
#630 = AXIS2_PLACEMENT_3D ( 'NONE', #1195, #585, #1314 ) ;
#631 = EDGE_CURVE ( 'NONE', #1431, #1423, #446, .T. ) ;
#632 = ADVANCED_FACE ( 'NONE', ( #1302 ), #687, .F. ) ;
#633 = DIRECTION ( 'NONE',  ( 0.000000000000000000, -1.000000000000000000, 0.000000000000000000 ) ) ;
#634 = EDGE_LOOP ( 'NONE', ( #220, #1340, #521, #608 ) ) ;
#635 = APPLICATION_CONTEXT ( 'automotive_design' ) ;
#636 = DIRECTION ( 'NONE',  ( 0.000000000000000000, -1.000000000000000000, 2.168404344971008868E-16 ) ) ;
#637 = DIRECTION ( 'NONE',  ( 0.000000000000000000, 0.000000000000000000, -1.000000000000000000 ) ) ;
#638 = ORIENTED_EDGE ( 'NONE', *, *, #604, .F. ) ;
#639 = DIRECTION ( 'NONE',  ( 0.000000000000000000, 0.000000000000000000, 1.000000000000000000 ) ) ;
#640 = CIRCLE ( 'NONE', #1278, 6.550000000000000711 ) ;
#641 = VECTOR ( 'NONE', #268, 1000.000000000000000 ) ;
#642 = CARTESIAN_POINT ( 'NONE',  ( 3.000000000000000000, -7.494562646538029504, -0.2855358771098639448 ) ) ;
#643 = DIRECTION ( 'NONE',  ( 1.000000000000000000, 0.000000000000000000, 0.000000000000000000 ) ) ;
#644 = CARTESIAN_POINT ( 'NONE',  ( 3.000000000000000000, 7.494562646538029504, -0.2855358771098679971 ) ) ;
#645 = ORIENTED_EDGE ( 'NONE', *, *, #240, .F. ) ;
#646 = AXIS2_PLACEMENT_3D ( 'NONE', #866, #17, #963 ) ;
#647 = EDGE_LOOP ( 'NONE', ( #1311, #1017, #108, #811 ) ) ;
#648 = LINE ( 'NONE', #285, #211 ) ;
#649 = ORIENTED_EDGE ( 'NONE', *, *, #1563, .F. ) ;
#650 = ADVANCED_FACE ( 'NONE', ( #169 ), #1198, .T. ) ;
#651 = CARTESIAN_POINT ( 'NONE',  ( 2.000000000000000000, 3.732033861438936562, -5.382789542335198796 ) ) ;
#652 = DIRECTION ( 'NONE',  ( 0.000000000000000000, -1.000000000000000000, 0.000000000000000000 ) ) ;
#653 = ORIENTED_EDGE ( 'NONE', *, *, #631, .F. ) ;
#654 = COLOUR_RGB ( '',0.7921568627450980005, 0.8196078431372548767, 0.9333333333333333481 ) ;
#655 = ORIENTED_EDGE ( 'NONE', *, *, #1267, .T. ) ;
#656 = CYLINDRICAL_SURFACE ( 'NONE', #496, 3.000000000000002665 ) ;
#657 = CARTESIAN_POINT ( 'NONE',  ( -3.000000000000000000, 3.673940397442063122E-15, -109.9999999999999858 ) ) ;
#658 = DIRECTION ( 'NONE',  ( 0.000000000000000000, 0.8275862068965521567, 0.5613386412448169160 ) ) ;
#659 = DIRECTION ( 'NONE',  ( -1.000000000000000000, 0.000000000000000000, 0.000000000000000000 ) ) ;
#660 = ADVANCED_FACE ( 'NONE', ( #478 ), #1068, .F. ) ;
#661 = EDGE_LOOP ( 'NONE', ( #1007, #1221, #793, #766 ) ) ;
#662 = DIRECTION ( 'NONE',  ( 0.000000000000000000, -1.734723475976805862E-16, -1.000000000000000000 ) ) ;
#663 = DIRECTION ( 'NONE',  ( -1.000000000000000000, 0.000000000000000000, 0.000000000000000000 ) ) ;
#664 = PLANE ( 'NONE',  #311 ) ;
#665 = DIRECTION ( 'NONE',  ( -1.000000000000000000, -0.000000000000000000, -0.000000000000000000 ) ) ;
#666 = ADVANCED_FACE ( 'NONE', ( #458 ), #422, .T. ) ;
#667 = AXIS2_PLACEMENT_3D ( 'NONE', #490, #378, #843 ) ;
#668 = ORIENTED_EDGE ( 'NONE', *, *, #737, .F. ) ;
#669 = CARTESIAN_POINT ( 'NONE',  ( 3.000000000000000000, 8.021436534415191844E-16, -166.5500000000000114 ) ) ;
#670 = CARTESIAN_POINT ( 'NONE',  ( 7.000000000000000000, 0.000000000000000000, 0.000000000000000000 ) ) ;
#671 = DIRECTION ( 'NONE',  ( 0.000000000000000000, -1.000000000000000000, 0.000000000000000000 ) ) ;
#672 = EDGE_LOOP ( 'NONE', ( #393, #1047, #1261, #456 ) ) ;
#673 = ADVANCED_FACE ( 'NONE', ( #905 ), #802, .F. ) ;
#674 = VERTEX_POINT ( 'NONE', #956 ) ;
#675 = EDGE_CURVE ( 'NONE', #1294, #917, #1446, .T. ) ;
#676 = DIRECTION ( 'NONE',  ( 1.000000000000000000, 0.000000000000000000, 0.000000000000000000 ) ) ;
#677 = CARTESIAN_POINT ( 'NONE',  ( 2.999999999999996447, 3.673940397442057600E-15, -70.00000000000000000 ) ) ;
#678 = ORIENTED_EDGE ( 'NONE', *, *, #184, .F. ) ;
#679 = DIRECTION ( 'NONE',  ( 1.000000000000000000, 0.000000000000000000, 0.000000000000000000 ) ) ;
#680 = EDGE_LOOP ( 'NONE', ( #288, #649, #254, #653, #814, #967, #1025, #682, #922, #1240, #35, #271, #1497, #1348, #874, #655, #725, #278, #989 ) ) ;
#681 = VECTOR ( 'NONE', #1529, 1000.000000000000000 ) ;
#682 = ORIENTED_EDGE ( 'NONE', *, *, #279, .F. ) ;
#683 = CARTESIAN_POINT ( 'NONE',  ( -3.000000000000000000, 2.999999999999997780, -90.00000000000001421 ) ) ;
#684 = DIRECTION ( 'NONE',  ( 0.000000000000000000, 1.734723475976806848E-16, 1.000000000000000000 ) ) ;
#685 = ORIENTED_EDGE ( 'NONE', *, *, #718, .T. ) ;
#686 = PLANE ( 'NONE',  #441 ) ;
#687 = CYLINDRICAL_SURFACE ( 'NONE', #1547, 3.000000000000002665 ) ;
#688 = APPLICATION_CONTEXT ( 'automotive_design' ) ;
#689 = CARTESIAN_POINT ( 'NONE',  ( -3.000000000000000000, 3.673940397442063122E-15, -109.9999999999999858 ) ) ;
#690 = DIRECTION ( 'NONE',  ( -1.000000000000000000, -0.000000000000000000, -0.000000000000000000 ) ) ;
#691 = VERTEX_POINT ( 'NONE', #1584 ) ;
#692 = CIRCLE ( 'NONE', #493, 6.550000000000000711 ) ;
#693 = ADVANCED_FACE ( 'NONE', ( #606 ), #1495, .T. ) ;
#694 = DIRECTION ( 'NONE',  ( 0.000000000000000000, 0.000000000000000000, -1.000000000000000000 ) ) ;
#695 = VECTOR ( 'NONE', #1117, 1000.000000000000000 ) ;
#696 = EDGE_CURVE ( 'NONE', #237, #1447, #1486, .T. ) ;
#697 = DIRECTION ( 'NONE',  ( 0.000000000000000000, 0.000000000000000000, 1.000000000000000000 ) ) ;
#698 = ORIENTED_EDGE ( 'NONE', *, *, #287, .F. ) ;
#699 = ORIENTED_EDGE ( 'NONE', *, *, #249, .F. ) ;
#700 = DIRECTION ( 'NONE',  ( 0.000000000000000000, -1.000000000000000000, 1.734723475976806848E-16 ) ) ;
#701 = CIRCLE ( 'NONE', #902, 3.000000000000002665 ) ;
#702 = CARTESIAN_POINT ( 'NONE',  ( 3.000000000000000000, 4.494562646538029504, -5.481688299816499743 ) ) ;
#703 = ORIENTED_EDGE ( 'NONE', *, *, #953, .F. ) ;
#704 = DIRECTION ( 'NONE',  ( 0.000000000000000000, -0.5326083528717366899, 0.8463618271467917564 ) ) ;
#705 = DIRECTION ( 'NONE',  ( 0.000000000000000000, 1.000000000000000000, 0.000000000000000000 ) ) ;
#706 = VERTEX_POINT ( 'NONE', #236 ) ;
#707 = ADVANCED_FACE ( 'NONE', ( #486 ), #1460, .T. ) ;
#708 = AXIS2_PLACEMENT_3D ( 'NONE', #769, #1482, #39 ) ;
#709 = EDGE_LOOP ( 'NONE', ( #895, #360, #1276, #1561 ) ) ;
#710 = CARTESIAN_POINT ( 'NONE',  ( -3.000000000000000000, -2.500000000000000000, 6.633249580710800508 ) ) ;
#711 = FILL_AREA_STYLE ('',( #222 ) ) ;
#712 = EDGE_LOOP ( 'NONE', ( #1213, #470, #1526, #863, #698 ) ) ;
#713 = CYLINDRICAL_SURFACE ( 'NONE', #1077, 2.999999999999995559 ) ;
#714 = FACE_OUTER_BOUND ( 'NONE', #466, .T. ) ;
#715 = ORIENTED_EDGE ( 'NONE', *, *, #60, .T. ) ;
#716 = AXIS2_PLACEMENT_3D ( 'NONE', #92, #1533, #207 ) ;
#717 = VECTOR ( 'NONE', #971, 1000.000000000000000 ) ;
#718 = EDGE_CURVE ( 'NONE', #320, #1162, #508, .T. ) ;
#719 = ORIENTED_EDGE ( 'NONE', *, *, #417, .T. ) ;
#720 = CARTESIAN_POINT ( 'NONE',  ( 2.999999999999996447, 3.673940397442060756E-15, -30.00000000000000000 ) ) ;
#721 = DIRECTION ( 'NONE',  ( 0.000000000000000000, -1.734723475976806848E-16, -1.000000000000000000 ) ) ;
#722 = VECTOR ( 'NONE', #1509, 1000.000000000000000 ) ;
#723 = CARTESIAN_POINT ( 'NONE',  ( 2.999999999999996447, -2.999999999999996447, -50.00000000000000000 ) ) ;
#724 = LINE ( 'NONE', #979, #387 ) ;
#725 = ORIENTED_EDGE ( 'NONE', *, *, #983, .F. ) ;
#726 = ORIENTED_EDGE ( 'NONE', *, *, #1034, .T. ) ;
#727 = AXIS2_PLACEMENT_3D ( 'NONE', #209, #965, #354 ) ;
#728 = DIRECTION ( 'NONE',  ( 1.000000000000000000, 0.000000000000000000, 0.000000000000000000 ) ) ;
#729 = EDGE_CURVE ( 'NONE', #1572, #607, #1234, .T. ) ;
#730 = VECTOR ( 'NONE', #1159, 1000.000000000000000 ) ;
#731 = LINE ( 'NONE', #1225, #181 ) ;
#732 = DIRECTION ( 'NONE',  ( -1.000000000000000000, 0.000000000000000000, 0.000000000000000000 ) ) ;
#733 = VERTEX_POINT ( 'NONE', #244 ) ;
#734 = ORIENTED_EDGE ( 'NONE', *, *, #718, .F. ) ;
#735 = DIRECTION ( 'NONE',  ( 0.000000000000000000, -0.8660254037844387076, -0.4999999999999998890 ) ) ;
#736 = CIRCLE ( 'NONE', #803, 1.000000000000000222 ) ;
#737 = EDGE_CURVE ( 'NONE', #161, #320, #1536, .T. ) ;
#738 = DIRECTION ( 'NONE',  ( -1.000000000000000000, 0.000000000000000000, 0.000000000000000000 ) ) ;
#739 = CARTESIAN_POINT ( 'NONE',  ( 3.000000000000000000, 0.000000000000000000, 0.000000000000000000 ) ) ;
#740 = ORIENTED_EDGE ( 'NONE', *, *, #1018, .F. ) ;
#741 = EDGE_LOOP ( 'NONE', ( #3, #972, #903, #586 ) ) ;
#742 = CARTESIAN_POINT ( 'NONE',  ( 3.000000000000000000, -6.446152422706630247, -0.8349364905389020652 ) ) ;
#743 = LINE ( 'NONE', #568, #821 ) ;
#744 = DIRECTION ( 'NONE',  ( 0.000000000000000000, 1.000000000000000000, 0.000000000000000000 ) ) ;
#745 = ADVANCED_FACE ( 'NONE', ( #1226 ), #120, .T. ) ;
#746 = DIRECTION ( 'NONE',  ( 0.000000000000000000, 0.000000000000000000, -1.000000000000000000 ) ) ;
#747 = ORIENTED_EDGE ( 'NONE', *, *, #259, .T. ) ;
#748 = EDGE_CURVE ( 'NONE', #1177, #1369, #1368, .T. ) ;
#749 = ORIENTED_EDGE ( 'NONE', *, *, #516, .T. ) ;
#750 = AXIS2_PLACEMENT_3D ( 'NONE', #1262, #633, #415 ) ;
#751 = LINE ( 'NONE', #1372, #338 ) ;
#752 = ORIENTED_EDGE ( 'NONE', *, *, #611, .F. ) ;
#753 = DIRECTION ( 'NONE',  ( -1.000000000000000000, -0.000000000000000000, -0.000000000000000000 ) ) ;
#754 = CARTESIAN_POINT ( 'NONE',  ( -3.000000000000000000, 0.000000000000000000, 0.000000000000000000 ) ) ;
#755 = ORIENTED_EDGE ( 'NONE', *, *, #549, .F. ) ;
#756 = CARTESIAN_POINT ( 'NONE',  ( 3.000000000000000000, -6.527649417606961713, -0.5406413606222669754 ) ) ;
#757 = FACE_OUTER_BOUND ( 'NONE', #602, .T. ) ;
#758 = CARTESIAN_POINT ( 'NONE',  ( 3.000000000000000000, 4.494562646538029504, -5.481688299816499743 ) ) ;
#759 = DIRECTION ( 'NONE',  ( -1.000000000000000000, -0.000000000000000000, -0.000000000000000000 ) ) ;
#760 = VERTEX_POINT ( 'NONE', #253 ) ;
#761 = EDGE_CURVE ( 'NONE', #1405, #440, #784, .T. ) ;
#762 = DIRECTION ( 'NONE',  ( -1.000000000000000000, 0.000000000000000000, 0.000000000000000000 ) ) ;
#763 = DIRECTION ( 'NONE',  ( 0.000000000000000000, 0.000000000000000000, 1.000000000000000000 ) ) ;
#764 = DIRECTION ( 'NONE',  ( 0.000000000000000000, -1.000000000000000000, 0.000000000000000000 ) ) ;
#765 = CYLINDRICAL_SURFACE ( 'NONE', #1361, 17.00000000000000000 ) ;
#766 = ORIENTED_EDGE ( 'NONE', *, *, #138, .F. ) ;
#767 = VECTOR ( 'NONE', #1388, 1000.000000000000000 ) ;
#768 = FACE_OUTER_BOUND ( 'NONE', #1236, .T. ) ;
#769 = CARTESIAN_POINT ( 'NONE',  ( 3.000000000000000000, 0.000000000000000000, 0.000000000000000000 ) ) ;
#770 = CARTESIAN_POINT ( 'NONE',  ( 3.000000000000000000, 3.500000000000000000, 6.633249580710800508 ) ) ;
#771 = EDGE_CURVE ( 'NONE', #407, #1384, #10, .T. ) ;
#772 = FACE_OUTER_BOUND ( 'NONE', #348, .T. ) ;
#773 = AXIS2_PLACEMENT_3D ( 'NONE', #368, #1102, #1216 ) ;
#774 = ORIENTED_EDGE ( 'NONE', *, *, #614, .F. ) ;
#775 = DIRECTION ( 'NONE',  ( -1.000000000000000000, -0.000000000000000000, -0.000000000000000000 ) ) ;
#776 = CARTESIAN_POINT ( 'NONE',  ( 3.000000000000000000, 2.795615556168012716, 5.923430902957458777 ) ) ;
#777 = DIRECTION ( 'NONE',  ( 0.000000000000000000, 0.000000000000000000, 1.000000000000000000 ) ) ;
#778 = CARTESIAN_POINT ( 'NONE',  ( 3.000000000000000000, 0.000000000000000000, 0.000000000000000000 ) ) ;
#779 = AXIS2_PLACEMENT_3D ( 'NONE', #1239, #135, #1119 ) ;
#780 = DIRECTION ( 'NONE',  ( 1.000000000000000000, 0.000000000000000000, 0.000000000000000000 ) ) ;
#781 = DIRECTION ( 'NONE',  ( -1.000000000000000000, 0.000000000000000000, 0.000000000000000000 ) ) ;
#782 =( NAMED_UNIT ( * ) SI_UNIT ( $, .STERADIAN. ) SOLID_ANGLE_UNIT ( ) );
#783 = CIRCLE ( 'NONE', #98, 2.999999999999995559 ) ;
#784 = CIRCLE ( 'NONE', #1489, 6.550000000000000711 ) ;
#785 = DIRECTION ( 'NONE',  ( -1.000000000000000000, -0.000000000000000000, -0.000000000000000000 ) ) ;
#786 = VECTOR ( 'NONE', #293, 1000.000000000000000 ) ;
#787 = EDGE_LOOP ( 'NONE', ( #1578, #1040, #382, #563 ) ) ;
#788 = ADVANCED_FACE ( 'NONE', ( #2 ), #127, .F. ) ;
#789 = ORIENTED_EDGE ( 'NONE', *, *, #1144, .F. ) ;
#790 = VECTOR ( 'NONE', #1417, 1000.000000000000000 ) ;
#791 = DIRECTION ( 'NONE',  ( 1.000000000000000000, 0.000000000000000000, 0.000000000000000000 ) ) ;
#792 = FACE_BOUND ( 'NONE', #680, .T. ) ;
#793 = ORIENTED_EDGE ( 'NONE', *, *, #414, .F. ) ;
#794 = DIRECTION ( 'NONE',  ( 0.000000000000000000, 0.8660254037844387076, 0.4999999999999998890 ) ) ;
#795 = CIRCLE ( 'NONE', #36, 0.9999999999999993339 ) ;
#796 = CIRCLE ( 'NONE', #1222, 3.000000000000002665 ) ;
#797 = EDGE_CURVE ( 'NONE', #1066, #261, #724, .T. ) ;
#798 = DIRECTION ( 'NONE',  ( 1.000000000000000000, 0.000000000000000000, 0.000000000000000000 ) ) ;
#799 = CARTESIAN_POINT ( 'NONE',  ( -3.000000000000000000, 3.000000000000001332, -70.00000000000000000 ) ) ;
#800 = EDGE_LOOP ( 'NONE', ( #1090, #703, #351, #193, #488 ) ) ;
#801 = FACE_BOUND ( 'NONE', #1107, .T. ) ;
#802 = CYLINDRICAL_SURFACE ( 'NONE', #1255, 6.550000000000000711 ) ;
#803 = AXIS2_PLACEMENT_3D ( 'NONE', #609, #1331, #221 ) ;
#804 = VERTEX_POINT ( 'NONE', #1245 ) ;
#805 = EDGE_CURVE ( 'NONE', #88, #1120, #628, .T. ) ;
#806 = DIRECTION ( 'NONE',  ( -1.000000000000000000, 0.000000000000000000, 0.000000000000000000 ) ) ;
#807 = CARTESIAN_POINT ( 'NONE',  ( 7.000000000000000000, -2.500000000000000000, 8.247506218943954082 ) ) ;
#808 = EDGE_LOOP ( 'NONE', ( #966, #371, #255, #500 ) ) ;
#809 = DIRECTION ( 'NONE',  ( 0.000000000000000000, -0.9992750195384039191, 0.03807145028131612291 ) ) ;
#810 = CYLINDRICAL_SURFACE ( 'NONE', #727, 2.999999999999995559 ) ;
#811 = ORIENTED_EDGE ( 'NONE', *, *, #184, .T. ) ;
#812 = DIRECTION ( 'NONE',  ( 0.000000000000000000, 0.000000000000000000, -1.000000000000000000 ) ) ;
#813 = PLANE ( 'NONE',  #630 ) ;
#814 = ORIENTED_EDGE ( 'NONE', *, *, #59, .T. ) ;
#815 = EDGE_CURVE ( 'NONE', #943, #1294, #359, .T. ) ;
#816 = DIRECTION ( 'NONE',  ( 0.000000000000000000, -1.000000000000000000, 0.000000000000000000 ) ) ;
#817 = CIRCLE ( 'NONE', #1033, 6.550000000000000711 ) ;
#818 = LINE ( 'NONE', #826, #163 ) ;
#819 = VERTEX_POINT ( 'NONE', #1362 ) ;
#820 = LINE ( 'NONE', #603, #545 ) ;
#821 = VECTOR ( 'NONE', #312, 1000.000000000000114 ) ;
#822 = CARTESIAN_POINT ( 'NONE',  ( 2.999999999999996447, 2.999999999999997780, -130.0000000000000000 ) ) ;
#823 = ORIENTED_EDGE ( 'NONE', *, *, #737, .T. ) ;
#824 = DIRECTION ( 'NONE',  ( 0.000000000000000000, 0.000000000000000000, 1.000000000000000000 ) ) ;
#825 = EDGE_CURVE ( 'NONE', #337, #917, #517, .T. ) ;
#826 = CARTESIAN_POINT ( 'NONE',  ( 2.999999999999996447, 2.999999999999997780, -130.0000000000000000 ) ) ;
#827 = ORIENTED_EDGE ( 'NONE', *, *, #356, .T. ) ;
#828 = ORIENTED_EDGE ( 'NONE', *, *, #485, .T. ) ;
#829 = FACE_OUTER_BOUND ( 'NONE', #661, .T. ) ;
#830 = ORIENTED_EDGE ( 'NONE', *, *, #345, .T. ) ;
#831 = PLANE ( 'NONE',  #292 ) ;
#832 = CARTESIAN_POINT ( 'NONE',  ( 2.999999999999996447, 3.673940397442060756E-15, -30.00000000000000000 ) ) ;
#833 = DIRECTION ( 'NONE',  ( 0.000000000000000000, 0.000000000000000000, -1.000000000000000000 ) ) ;
#834 = ORIENTED_EDGE ( 'NONE', *, *, #847, .T. ) ;
#835 = AXIS2_PLACEMENT_3D ( 'NONE', #173, #665, #1038 ) ;
#836 = ORIENTED_EDGE ( 'NONE', *, *, #467, .F. ) ;
#837 = EDGE_CURVE ( 'NONE', #1405, #917, #305, .T. ) ;
#838 = AXIS2_PLACEMENT_3D ( 'NONE', #1123, #1500, #1028 ) ;
#839 = LINE ( 'NONE', #241, #1165 ) ;
#840 = ORIENTED_EDGE ( 'NONE', *, *, #825, .T. ) ;
#841 = DIRECTION ( 'NONE',  ( 0.000000000000000000, 0.8660254037844384856, -0.5000000000000003331 ) ) ;
#842 = CIRCLE ( 'NONE', #156, 3.000000000000002665 ) ;
#843 = DIRECTION ( 'NONE',  ( 0.000000000000000000, 0.9992750195384039191, 0.03807145028131368042 ) ) ;
#844 = DIRECTION ( 'NONE',  ( -1.000000000000000000, -0.000000000000000000, -0.000000000000000000 ) ) ;
#845 = ORIENTED_EDGE ( 'NONE', *, *, #1104, .T. ) ;
#846 = EDGE_LOOP ( 'NONE', ( #1126, #1002, #122, #834, #1128, #1170, #1099, #1574, #1199, #974, #472, #562, #1246, #1426, #855, #479, #1196, #749, #1055 ) ) ;
#847 = EDGE_CURVE ( 'NONE', #1585, #1074, #1562, .T. ) ;
#848 = AXIS2_PLACEMENT_3D ( 'NONE', #1568, #1191, #201 ) ;
#849 = CARTESIAN_POINT ( 'NONE',  ( -3.000000000000000000, -17.00000000000000000, 0.000000000000000000 ) ) ;
#850 = AXIS2_PLACEMENT_3D ( 'NONE', #505, #1325, #841 ) ;
#851 = DIRECTION ( 'NONE',  ( 0.000000000000000000, 0.8660254037844383745, -0.5000000000000003331 ) ) ;
#852 = CARTESIAN_POINT ( 'NONE',  ( 3.000000000000000000, 2.500000000000000000, 6.000000000000000000 ) ) ;
#853 = CARTESIAN_POINT ( 'NONE',  ( 2.999999999999996447, 3.673940397442063122E-15, -109.9999999999999858 ) ) ;
#854 = ORIENTED_EDGE ( 'NONE', *, *, #1370, .T. ) ;
#855 = ORIENTED_EDGE ( 'NONE', *, *, #1385, .T. ) ;
#856 = DIRECTION ( 'NONE',  ( -1.000000000000000000, -0.000000000000000000, -0.000000000000000000 ) ) ;
#857 = EDGE_CURVE ( 'NONE', #44, #819, #174, .T. ) ;
#858 = CARTESIAN_POINT ( 'NONE',  ( -3.000000000000000000, -17.00000000000000000, 0.000000000000000000 ) ) ;
#859 = EDGE_CURVE ( 'NONE', #116, #413, #532, .T. ) ;
#860 = DIRECTION ( 'NONE',  ( 0.000000000000000000, 0.000000000000000000, -1.000000000000000000 ) ) ;
#861 = ORIENTED_EDGE ( 'NONE', *, *, #345, .F. ) ;
#862 = AXIS2_PLACEMENT_3D ( 'NONE', #18, #1399, #1259 ) ;
#863 = ORIENTED_EDGE ( 'NONE', *, *, #1521, .T. ) ;
#864 = CARTESIAN_POINT ( 'NONE',  ( 3.000000000000000000, -12.00000000000000000, -16.27882059609969900 ) ) ;
#865 = CARTESIAN_POINT ( 'NONE',  ( -3.000000000000000000, -3.732033861438958766, -5.382789542335183697 ) ) ;
#866 = CARTESIAN_POINT ( 'NONE',  ( 3.000000000000000000, 7.577722283113839552, -4.375000000000000000 ) ) ;
#867 = VECTOR ( 'NONE', #397, 1000.000000000000000 ) ;
#868 = EDGE_CURVE ( 'NONE', #913, #450, #524, .T. ) ;
#869 = CARTESIAN_POINT ( 'NONE',  ( -18.03600000000000136, 24.00000000000000000, -16.27882059609969900 ) ) ;
#870 = ORIENTED_EDGE ( 'NONE', *, *, #95, .T. ) ;
#871 = EDGE_LOOP ( 'NONE', ( #162, #912, #1227, #1496 ) ) ;
#872 = DIRECTION ( 'NONE',  ( 0.000000000000000000, -0.8660254037844387076, -0.4999999999999998890 ) ) ;
#873 = AXIS2_PLACEMENT_3D ( 'NONE', #588, #1559, #662 ) ;
#874 = ORIENTED_EDGE ( 'NONE', *, *, #485, .F. ) ;
#875 = LINE ( 'NONE', #274, #1492 ) ;
#876 = MECHANICAL_DESIGN_GEOMETRIC_PRESENTATION_REPRESENTATION (  '', ( #38 ), #1549 ) ;
#877 = CARTESIAN_POINT ( 'NONE',  ( 3.000000000000000000, -2.500000000000000000, 6.633249580710800508 ) ) ;
#878 = ORIENTED_EDGE ( 'NONE', *, *, #1415, .T. ) ;
#879 = ADVANCED_FACE ( 'NONE', ( #41 ), #405, .T. ) ;
#880 = VERTEX_POINT ( 'NONE', #151 ) ;
#881 = CARTESIAN_POINT ( 'NONE',  ( 2.999999999999996447, -2.999999999999997780, -90.00000000000001421 ) ) ;
#882 = DIRECTION ( 'NONE',  ( 0.000000000000000000, 0.4999999999999989453, -0.8660254037844391517 ) ) ;
#883 = CARTESIAN_POINT ( 'NONE',  ( 2.999999999999996447, 3.673940397442057600E-15, -70.00000000000000000 ) ) ;
#884 = AXIS2_PLACEMENT_3D ( 'NONE', #1083, #1350, #594 ) ;
#885 = FACE_OUTER_BOUND ( 'NONE', #787, .T. ) ;
#886 = ORIENTED_EDGE ( 'NONE', *, *, #1031, .T. ) ;
#887 = EDGE_CURVE ( 'NONE', #152, #1447, #1127, .T. ) ;
#888 = ORIENTED_EDGE ( 'NONE', *, *, #981, .F. ) ;
#889 = EDGE_CURVE ( 'NONE', #946, #943, #459, .T. ) ;
#890 = PLANE ( 'NONE',  #750 ) ;
#891 = CARTESIAN_POINT ( 'NONE',  ( 7.000000000000000000, 2.500000000000000000, 8.247506218943954082 ) ) ;
#892 = CARTESIAN_POINT ( 'NONE',  ( 2.999999999999996447, 3.673940397442060756E-15, -27.00000000000000355 ) ) ;
#893 = DIRECTION ( 'NONE',  ( 0.000000000000000000, 0.000000000000000000, -1.000000000000000000 ) ) ;
#894 = AXIS2_PLACEMENT_3D ( 'NONE', #32, #171, #295 ) ;
#895 = ORIENTED_EDGE ( 'NONE', *, *, #797, .F. ) ;
#896 = CARTESIAN_POINT ( 'NONE',  ( 3.000000000000000000, 14.06896551724140032, -9.542756901161888905 ) ) ;
#897 = AXIS2_PLACEMENT_3D ( 'NONE', #1386, #775, #1000 ) ;
#898 = EDGE_CURVE ( 'NONE', #141, #1572, #589, .T. ) ;
#899 = LINE ( 'NONE', #891, #909 ) ;
#900 = DIRECTION ( 'NONE',  ( 0.000000000000000000, 0.000000000000000000, -1.000000000000000000 ) ) ;
#901 = CARTESIAN_POINT ( 'NONE',  ( 3.000000000000000000, 2.500000000000000000, 8.247506218943954082 ) ) ;
#902 = AXIS2_PLACEMENT_3D ( 'NONE', #1524, #1396, #1158 ) ;
#903 = ORIENTED_EDGE ( 'NONE', *, *, #859, .T. ) ;
#904 = ADVANCED_BREP_SHAPE_REPRESENTATION ( '\X2\52a05de58fde6746\X0\2', ( #1522, #1398 ), #1192 ) ;
#905 = FACE_OUTER_BOUND ( 'NONE', #1443, .T. ) ;
#906 = DIRECTION ( 'NONE',  ( 0.000000000000000000, 0.000000000000000000, 1.000000000000000000 ) ) ;
#907 = ADVANCED_FACE ( 'NONE', ( #33 ), #297, .F. ) ;
#908 = CARTESIAN_POINT ( 'NONE',  ( -3.000000000000000000, 3.673940397442060756E-15, -30.00000000000000000 ) ) ;
#909 = VECTOR ( 'NONE', #170, 1000.000000000000000 ) ;
#910 = EDGE_CURVE ( 'NONE', #1479, #1419, #996, .T. ) ;
#911 = CYLINDRICAL_SURFACE ( 'NONE', #914, 3.000000000000002665 ) ;
#912 = ORIENTED_EDGE ( 'NONE', *, *, #631, .T. ) ;
#913 = VERTEX_POINT ( 'NONE', #398 ) ;
#914 = AXIS2_PLACEMENT_3D ( 'NONE', #1404, #785, #1169 ) ;
#915 = CARTESIAN_POINT ( 'NONE',  ( -3.000000000000000000, 3.673940397442063122E-15, -106.9999999999999858 ) ) ;
#916 = DIRECTION ( 'NONE',  ( 0.000000000000000000, -1.000000000000000000, 1.734723475976806848E-16 ) ) ;
#917 = VERTEX_POINT ( 'NONE', #877 ) ;
#918 = AXIS2_PLACEMENT_3D ( 'NONE', #1053, #1437, #1445 ) ;
#919 = AXIS2_PLACEMENT_3D ( 'NONE', #853, #732, #392 ) ;
#920 = FACE_OUTER_BOUND ( 'NONE', #1138, .T. ) ;
#921 = CIRCLE ( 'NONE', #1336, 1.000000000000000666 ) ;
#922 = ORIENTED_EDGE ( 'NONE', *, *, #12, .T. ) ;
#923 = AXIS2_PLACEMENT_3D ( 'NONE', #158, #166, #1501 ) ;
#924 = ORIENTED_EDGE ( 'NONE', *, *, #1224, .T. ) ;
#925 = DIRECTION ( 'NONE',  ( -1.000000000000000000, 0.000000000000000000, 0.000000000000000000 ) ) ;
#926 = FACE_BOUND ( 'NONE', #712, .T. ) ;
#927 = ORIENTED_EDGE ( 'NONE', *, *, #593, .T. ) ;
#928 = LINE ( 'NONE', #321, #1209 ) ;
#929 = AXIS2_PLACEMENT_3D ( 'NONE', #93, #1309, #1211 ) ;
#930 = EDGE_LOOP ( 'NONE', ( #74, #626, #385, #957 ) ) ;
#931 = ADVANCED_FACE ( 'NONE', ( #885 ), #765, .T. ) ;
#932 = LINE ( 'NONE', #203, #1285 ) ;
#933 = CARTESIAN_POINT ( 'NONE',  ( 3.000000000000000000, -3.732033861438958766, -5.382789542335183697 ) ) ;
#934 = ORIENTED_EDGE ( 'NONE', *, *, #1104, .F. ) ;
#935 = CARTESIAN_POINT ( 'NONE',  ( 3.000000000000000000, 0.000000000000000000, -160.0000000000000000 ) ) ;
#936 = DIRECTION ( 'NONE',  ( -1.000000000000000000, 0.000000000000000000, 0.000000000000000000 ) ) ;
#937 = AXIS2_PLACEMENT_3D ( 'NONE', #473, #489, #340 ) ;
#938 = ADVANCED_FACE ( 'NONE', ( #772 ), #911, .F. ) ;
#939 = ORIENTED_EDGE ( 'NONE', *, *, #805, .T. ) ;
#940 = ADVANCED_FACE ( 'NONE', ( #421 ), #167, .F. ) ;
#941 = FACE_OUTER_BOUND ( 'NONE', #1519, .T. ) ;
#942 = LINE ( 'NONE', #1418, #246 ) ;
#943 = VERTEX_POINT ( 'NONE', #1268 ) ;
#944 = DIRECTION ( 'NONE',  ( -1.000000000000000000, 0.000000000000000000, 0.000000000000000000 ) ) ;
#945 = CARTESIAN_POINT ( 'NONE',  ( 7.000000000000000000, 0.000000000000000000, -160.0000000000000000 ) ) ;
#946 = VERTEX_POINT ( 'NONE', #901 ) ;
#947 = VERTEX_POINT ( 'NONE', #65 ) ;
#948 = VECTOR ( 'NONE', #1217, 1000.000000000000000 ) ;
#949 = CARTESIAN_POINT ( 'NONE',  ( 7.000000000000000000, 0.000000000000000000, -160.0000000000000000 ) ) ;
#950 = AXIS2_PLACEMENT_3D ( 'NONE', #196, #700, #556 ) ;
#951 = DIRECTION ( 'NONE',  ( 0.000000000000000000, -1.734723475976806848E-16, -1.000000000000000000 ) ) ;
#952 = ORIENTED_EDGE ( 'NONE', *, *, #771, .T. ) ;
#953 = EDGE_CURVE ( 'NONE', #804, #86, #1129, .T. ) ;
#954 = LINE ( 'NONE', #598, #513 ) ;
#955 = AXIS2_PLACEMENT_3D ( 'NONE', #949, #1094, #1440 ) ;
#956 = CARTESIAN_POINT ( 'NONE',  ( -3.000000000000000000, 3.673940397442060756E-15, -27.00000000000000355 ) ) ;
#957 = ORIENTED_EDGE ( 'NONE', *, *, #857, .F. ) ;
#958 = ORIENTED_EDGE ( 'NONE', *, *, #1295, .T. ) ;
#959 = CARTESIAN_POINT ( 'NONE',  ( -3.000000000000000000, 0.000000000000000000, 0.000000000000000000 ) ) ;
#960 = SURFACE_SIDE_STYLE ('',( #1323 ) ) ;
#961 = ORIENTED_EDGE ( 'NONE', *, *, #389, .T. ) ;
#962 = EDGE_CURVE ( 'NONE', #1291, #518, #1525, .T. ) ;
#963 = DIRECTION ( 'NONE',  ( 0.000000000000000000, 0.000000000000000000, -1.000000000000000000 ) ) ;
#964 = EDGE_CURVE ( 'NONE', #1553, #1086, #1283, .T. ) ;
#965 = DIRECTION ( 'NONE',  ( -1.000000000000000000, -0.000000000000000000, -0.000000000000000000 ) ) ;
#966 = ORIENTED_EDGE ( 'NONE', *, *, #62, .F. ) ;
#967 = ORIENTED_EDGE ( 'NONE', *, *, #1163, .F. ) ;
#968 = CARTESIAN_POINT ( 'NONE',  ( -3.000000000000000000, 2.999999999999996447, -50.00000000000000000 ) ) ;
#969 = ORIENTED_EDGE ( 'NONE', *, *, #1052, .T. ) ;
#970 = LINE ( 'NONE', #143, #1082 ) ;
#971 = DIRECTION ( 'NONE',  ( -1.000000000000000000, -0.000000000000000000, -0.000000000000000000 ) ) ;
#972 = ORIENTED_EDGE ( 'NONE', *, *, #1267, .F. ) ;
#973 = EDGE_CURVE ( 'NONE', #453, #450, #434, .T. ) ;
#974 = ORIENTED_EDGE ( 'NONE', *, *, #495, .T. ) ;
#975 = CARTESIAN_POINT ( 'NONE',  ( 3.000000000000000000, -2.999999999999994227, -69.99999999999998579 ) ) ;
#976 = DIRECTION ( 'NONE',  ( -1.000000000000000000, 0.000000000000000000, 0.000000000000000000 ) ) ;
#977 = VECTOR ( 'NONE', #753, 1000.000000000000000 ) ;
#978 = CARTESIAN_POINT ( 'NONE',  ( 2.999999999999996447, -2.999999999999994227, -69.99999999999998579 ) ) ;
#979 = CARTESIAN_POINT ( 'NONE',  ( 2.999999999999996447, 3.673940397442057600E-15, -67.00000000000000000 ) ) ;
#980 = ORIENTED_EDGE ( 'NONE', *, *, #1370, .F. ) ;
#981 = EDGE_CURVE ( 'NONE', #189, #1479, #1334, .T. ) ;
#982 = ORIENTED_EDGE ( 'NONE', *, *, #376, .F. ) ;
#983 = EDGE_CURVE ( 'NONE', #453, #42, #640, .T. ) ;
#984 = CARTESIAN_POINT ( 'NONE',  ( 3.000000000000000000, -4.494562646538029504, -5.481688299816489973 ) ) ;
#985 = AXIS2_PLACEMENT_3D ( 'NONE', #257, #976, #619 ) ;
#986 = CARTESIAN_POINT ( 'NONE',  ( 3.000000000000000000, 4.494562646538029504, -5.481688299816499743 ) ) ;
#987 = DIRECTION ( 'NONE',  ( -1.000000000000000000, -0.000000000000000000, -0.000000000000000000 ) ) ;
#988 = DIRECTION ( 'NONE',  ( 1.000000000000000000, 0.000000000000000000, 0.000000000000000000 ) ) ;
#989 = ORIENTED_EDGE ( 'NONE', *, *, #868, .F. ) ;
#990 = VERTEX_POINT ( 'NONE', #561 ) ;
#991 = CARTESIAN_POINT ( 'NONE',  ( -3.000000000000000000, 3.673940397442060756E-15, -30.00000000000000000 ) ) ;
#992 = ADVANCED_FACE ( 'NONE', ( #468 ), #713, .F. ) ;
#993 = DIRECTION ( 'NONE',  ( 0.000000000000000000, 0.000000000000000000, 1.000000000000000000 ) ) ;
#994 = CARTESIAN_POINT ( 'NONE',  ( 10.82160000000000011, 3.500000000000000000, 6.633249580710800508 ) ) ;
#995 = ORIENTED_EDGE ( 'NONE', *, *, #1532, .F. ) ;
#996 = CIRCLE ( 'NONE', #1207, 17.00000000000000000 ) ;
#997 = EDGE_LOOP ( 'NONE', ( #629, #363, #555, #461 ) ) ;
#998 = CIRCLE ( 'NONE', #1071, 3.000000000000002665 ) ;
#999 = VECTOR ( 'NONE', #844, 1000.000000000000000 ) ;
#1000 = DIRECTION ( 'NONE',  ( 0.000000000000000000, 0.000000000000000000, 1.000000000000000000 ) ) ;
#1001 = AXIS2_PLACEMENT_3D ( 'NONE', #657, #663, #763 ) ;
#1002 = ORIENTED_EDGE ( 'NONE', *, *, #228, .T. ) ;
#1003 = EDGE_CURVE ( 'NONE', #1074, #1463, #1535, .T. ) ;
#1004 = CARTESIAN_POINT ( 'NONE',  ( 2.000000000000000000, -3.732033861438958766, -5.382789542335183697 ) ) ;
#1005 = AXIS2_PLACEMENT_3D ( 'NONE', #908, #781, #777 ) ;
#1006 = DIRECTION ( 'NONE',  ( 1.000000000000000000, 0.000000000000000000, 0.000000000000000000 ) ) ;
#1007 = ORIENTED_EDGE ( 'NONE', *, *, #279, .T. ) ;
#1008 = AXIS2_PLACEMENT_3D ( 'NONE', #1544, #308, #1194 ) ;
#1009 = ORIENTED_EDGE ( 'NONE', *, *, #1200, .T. ) ;
#1010 = LINE ( 'NONE', #881, #132 ) ;
#1011 = VECTOR ( 'NONE', #1429, 1000.000000000000000 ) ;
#1012 = LINE ( 'NONE', #22, #233 ) ;
#1013 = FACE_OUTER_BOUND ( 'NONE', #219, .T. ) ;
#1014 = PRESENTATION_LAYER_ASSIGNMENT (  '', '', ( #38 ) ) ;
#1015 = EDGE_CURVE ( 'NONE', #440, #1321, #928, .T. ) ;
#1016 = CARTESIAN_POINT ( 'NONE',  ( 3.000000000000000000, 0.000000000000000000, -160.0000000000000000 ) ) ;
#1017 = ORIENTED_EDGE ( 'NONE', *, *, #1231, .F. ) ;
#1018 = EDGE_CURVE ( 'NONE', #1324, #492, #231, .T. ) ;
#1019 = ORIENTED_EDGE ( 'NONE', *, *, #1554, .T. ) ;
#1020 = CARTESIAN_POINT ( 'NONE',  ( 2.999999999999996447, 2.999999999999996447, -50.00000000000000000 ) ) ;
#1021 = CARTESIAN_POINT ( 'NONE',  ( 7.000000000000000000, 8.021436534415177053E-16, -166.5500000000000114 ) ) ;
#1022 = CARTESIAN_POINT ( 'NONE',  ( 7.000000000000000000, -7.577722283113839552, -4.375000000000000000 ) ) ;
#1023 = AXIS2_PLACEMENT_3D ( 'NONE', #497, #481, #1466 ) ;
#1024 = CARTESIAN_POINT ( 'NONE',  ( -3.000000000000000000, 0.000000000000000000, -160.0000000000000000 ) ) ;
#1025 = ORIENTED_EDGE ( 'NONE', *, *, #1200, .F. ) ;
#1026 = EDGE_CURVE ( 'NONE', #314, #261, #998, .T. ) ;
#1027 = DIRECTION ( 'NONE',  ( 0.000000000000000000, 1.734723475976805615E-16, 1.000000000000000000 ) ) ;
#1028 = DIRECTION ( 'NONE',  ( 0.000000000000000000, -0.9992750195384036971, 0.03807145028131741354 ) ) ;
#1029 = CYLINDRICAL_SURFACE ( 'NONE', #1570, 2.549999999999999822 ) ;
#1030 = DIRECTION ( 'NONE',  ( 0.000000000000000000, 0.000000000000000000, -1.000000000000000000 ) ) ;
#1031 = EDGE_CURVE ( 'NONE', #42, #1463, #457, .T. ) ;
#1032 = CARTESIAN_POINT ( 'NONE',  ( 2.999999999999996447, 3.673940397442063122E-15, -109.9999999999999858 ) ) ;
#1033 = AXIS2_PLACEMENT_3D ( 'NONE', #1242, #1507, #536 ) ;
#1034 = EDGE_CURVE ( 'NONE', #504, #624, #783, .T. ) ;
#1035 = DIRECTION ( 'NONE',  ( 0.000000000000000000, 0.000000000000000000, 1.000000000000000000 ) ) ;
#1036 = CARTESIAN_POINT ( 'NONE',  ( -3.000000000000000000, -6.527649417606961713, -0.5406413606222669754 ) ) ;
#1037 = PRODUCT ( '\X2\52a05de58fde6746\X0\2', '\X2\52a05de58fde6746\X0\2', '', ( #544 ) ) ;
#1038 = DIRECTION ( 'NONE',  ( 0.000000000000000000, 0.000000000000000000, 1.000000000000000000 ) ) ;
#1039 = AXIS2_PLACEMENT_3D ( 'NONE', #565, #1167, #1057 ) ;
#1040 = ORIENTED_EDGE ( 'NONE', *, *, #614, .T. ) ;
#1041 = CARTESIAN_POINT ( 'NONE',  ( -3.000000000000000000, -12.00000000000000000, -160.0000000000000000 ) ) ;
#1042 = CARTESIAN_POINT ( 'NONE',  ( -3.000000000000000000, 2.795615556168012716, 5.923430902957458777 ) ) ;
#1043 = EDGE_CURVE ( 'NONE', #413, #137, #954, .T. ) ;
#1044 = DIRECTION ( 'NONE',  ( 1.000000000000000000, 0.000000000000000000, 0.000000000000000000 ) ) ;
#1045 = CARTESIAN_POINT ( 'NONE',  ( 3.000000000000000000, 2.500000000000000000, 6.633249580710800508 ) ) ;
#1046 = ORIENTED_EDGE ( 'NONE', *, *, #748, .F. ) ;
#1047 = ORIENTED_EDGE ( 'NONE', *, *, #12, .F. ) ;
#1048 = CARTESIAN_POINT ( 'NONE',  ( 2.999999999999996447, 3.673940397442063122E-15, -106.9999999999999858 ) ) ;
#1049 = PLANE ( 'NONE',  #850 ) ;
#1050 = ORIENTED_EDGE ( 'NONE', *, *, #1554, .F. ) ;
#1051 = VECTOR ( 'NONE', #25, 1000.000000000000000 ) ;
#1052 = EDGE_CURVE ( 'NONE', #261, #1414, #1407, .T. ) ;
#1053 = CARTESIAN_POINT ( 'NONE',  ( -3.000000000000000000, 3.994562646538029949, -6.347713703600939894 ) ) ;
#1054 = CIRCLE ( 'NONE', #208, 1.000000000000000000 ) ;
#1055 = ORIENTED_EDGE ( 'NONE', *, *, #1018, .T. ) ;
#1056 = LINE ( 'NONE', #1179, #55 ) ;
#1057 = DIRECTION ( 'NONE',  ( 0.000000000000000000, 1.000000000000000000, 0.000000000000000000 ) ) ;
#1058 = ORIENTED_EDGE ( 'NONE', *, *, #1287, .T. ) ;
#1059 = CARTESIAN_POINT ( 'NONE',  ( 2.999999999999996447, 0.000000000000000000, -50.00000000000000000 ) ) ;
#1060 = ADVANCED_FACE ( 'NONE', ( #432, #801, #1421, #335, #216, #920 ), #1548, .F. ) ;
#1061 = CARTESIAN_POINT ( 'NONE',  ( -3.000000000000000000, 0.000000000000000000, 0.000000000000000000 ) ) ;
#1062 = ADVANCED_FACE ( 'NONE', ( #1412 ), #686, .F. ) ;
#1063 = CIRCLE ( 'NONE', #773, 6.550000000000000711 ) ;
#1064 = DIRECTION ( 'NONE',  ( 0.000000000000000000, -0.8275862068965516016, 0.5613386412448176932 ) ) ;
#1065 = CARTESIAN_POINT ( 'NONE',  ( -3.000000000000000000, -7.494562646538029504, -0.2855358771098639448 ) ) ;
#1066 = VERTEX_POINT ( 'NONE', #1293 ) ;
#1067 = CARTESIAN_POINT ( 'NONE',  ( 3.000000000000000000, 0.000000000000000000, 0.000000000000000000 ) ) ;
#1068 = PLANE ( 'NONE',  #873 ) ;
#1069 = ORIENTED_EDGE ( 'NONE', *, *, #43, .F. ) ;
#1070 = ORIENTED_EDGE ( 'NONE', *, *, #1287, .F. ) ;
#1071 = AXIS2_PLACEMENT_3D ( 'NONE', #1208, #578, #344 ) ;
#1072 = DIRECTION ( 'NONE',  ( 0.000000000000000000, 0.000000000000000000, 1.000000000000000000 ) ) ;
#1073 = CYLINDRICAL_SURFACE ( 'NONE', #1039, 12.00000000000000000 ) ;
#1074 = VERTEX_POINT ( 'NONE', #1183 ) ;
#1075 = AXIS2_PLACEMENT_3D ( 'NONE', #1152, #283, #1030 ) ;
#1076 = CARTESIAN_POINT ( 'NONE',  ( 2.999999999999996447, 0.000000000000000000, -50.00000000000000000 ) ) ;
#1077 = AXIS2_PLACEMENT_3D ( 'NONE', #1059, #224, #191 ) ;
#1078 = CIRCLE ( 'NONE', #1490, 12.00000000000000711 ) ;
#1079 = DIRECTION ( 'NONE',  ( 0.000000000000000000, 0.000000000000000000, 1.000000000000000000 ) ) ;
#1080 = EDGE_LOOP ( 'NONE', ( #774, #444, #284, #888 ) ) ;
#1081 = ORIENTED_EDGE ( 'NONE', *, *, #15, .T. ) ;
#1082 = VECTOR ( 'NONE', #507, 1000.000000000000000 ) ;
#1083 = CARTESIAN_POINT ( 'NONE',  ( -3.000000000000000000, 0.000000000000000000, -160.0000000000000000 ) ) ;
#1084 = AXIS2_PLACEMENT_3D ( 'NONE', #318, #806, #1035 ) ;
#1085 =( NAMED_UNIT ( * ) PLANE_ANGLE_UNIT ( ) SI_UNIT ( $, .RADIAN. ) );
#1086 = VERTEX_POINT ( 'NONE', #451 ) ;
#1087 = EDGE_CURVE ( 'NONE', #1572, #141, #692, .T. ) ;
#1088 = CARTESIAN_POINT ( 'NONE',  ( -3.000000000000000000, -14.06896551724140032, -9.542756901161899563 ) ) ;
#1089 = CARTESIAN_POINT ( 'NONE',  ( 2.999999999999996447, -2.999999999999996447, -50.00000000000000000 ) ) ;
#1090 = ORIENTED_EDGE ( 'NONE', *, *, #51, .F. ) ;
#1091 = AXIS2_PLACEMENT_3D ( 'NONE', #991, #936, #1455 ) ;
#1092 = ORIENTED_EDGE ( 'NONE', *, *, #59, .F. ) ;
#1093 = VECTOR ( 'NONE', #684, 1000.000000000000000 ) ;
#1094 = DIRECTION ( 'NONE',  ( -1.000000000000000000, -0.000000000000000000, -0.000000000000000000 ) ) ;
#1095 = ADVANCED_FACE ( 'NONE', ( #1317 ), #1189, .T. ) ;
#1096 = FACE_OUTER_BOUND ( 'NONE', #1527, .T. ) ;
#1097 = DIRECTION ( 'NONE',  ( -1.000000000000000000, 0.000000000000000000, 0.000000000000000000 ) ) ;
#1098 = EDGE_LOOP ( 'NONE', ( #406, #747, #1310, #678 ) ) ;
#1099 = ORIENTED_EDGE ( 'NONE', *, *, #1043, .T. ) ;
#1100 = VECTOR ( 'NONE', #1204, 1000.000000000000000 ) ;
#1101 = CARTESIAN_POINT ( 'NONE',  ( 7.000000000000000000, 5.892549903475619466, -6.288816618933083191 ) ) ;
#1102 = DIRECTION ( 'NONE',  ( 1.000000000000000000, 0.000000000000000000, 0.000000000000000000 ) ) ;
#1103 = DIRECTION ( 'NONE',  ( 1.000000000000000000, 0.000000000000000000, 0.000000000000000000 ) ) ;
#1104 = EDGE_CURVE ( 'NONE', #1566, #306, #731, .T. ) ;
#1105 = DIRECTION ( 'NONE',  ( 1.000000000000000000, 0.000000000000000000, 0.000000000000000000 ) ) ;
#1106 = ORIENTED_EDGE ( 'NONE', *, *, #981, .T. ) ;
#1107 = EDGE_LOOP ( 'NONE', ( #273, #601, #61, #1286, #474 ) ) ;
#1108 = DIRECTION ( 'NONE',  ( -1.000000000000000000, -0.000000000000000000, -0.000000000000000000 ) ) ;
#1109 = CARTESIAN_POINT ( 'NONE',  ( 3.000000000000000000, 12.00000000000000000, -160.0000000000000000 ) ) ;
#1110 = AXIS2_PLACEMENT_3D ( 'NONE', #134, #242, #1360 ) ;
#1111 = CARTESIAN_POINT ( 'NONE',  ( -3.000000000000000000, -12.00000000000000000, -16.27882059609969900 ) ) ;
#1112 = DIRECTION ( 'NONE',  ( 0.000000000000000000, -0.8275862068965521567, 0.5613386412448169160 ) ) ;
#1113 = VERTEX_POINT ( 'NONE', #1576 ) ;
#1114 = VECTOR ( 'NONE', #383, 1000.000000000000000 ) ;
#1115 = VERTEX_POINT ( 'NONE', #858 ) ;
#1116 = EDGE_CURVE ( 'NONE', #1447, #314, #970, .T. ) ;
#1117 = DIRECTION ( 'NONE',  ( 1.000000000000000000, 0.000000000000000000, 0.000000000000000000 ) ) ;
#1118 = DIRECTION ( 'NONE',  ( 1.000000000000000000, 0.000000000000000000, 0.000000000000000000 ) ) ;
#1119 = DIRECTION ( 'NONE',  ( 0.000000000000000000, 0.4666666666666660079, -0.8844332774281069565 ) ) ;
#1120 = VERTEX_POINT ( 'NONE', #484 ) ;
#1121 = EDGE_CURVE ( 'NONE', #691, #1553, #106, .T. ) ;
#1122 = DIRECTION ( 'NONE',  ( 0.000000000000000000, -1.000000000000000000, 0.000000000000000000 ) ) ;
#1123 = CARTESIAN_POINT ( 'NONE',  ( -10.82160000000000011, 7.494562646538029504, -0.2855358771098679971 ) ) ;
#1124 = CARTESIAN_POINT ( 'NONE',  ( 3.000000000000000000, -2.999999999999993339, -30.00000000000000000 ) ) ;
#1125 = DIRECTION ( 'NONE',  ( 0.000000000000000000, -1.000000000000000000, 0.000000000000000000 ) ) ;
#1126 = ORIENTED_EDGE ( 'NONE', *, *, #194, .T. ) ;
#1127 = CIRCLE ( 'NONE', #24, 3.000000000000002665 ) ;
#1128 = ORIENTED_EDGE ( 'NONE', *, *, #1003, .T. ) ;
#1129 = CIRCLE ( 'NONE', #304, 2.999999999999995559 ) ;
#1130 = VECTOR ( 'NONE', #1345, 1000.000000000000000 ) ;
#1131 = LINE ( 'NONE', #1499, #1518 ) ;
#1132 = CIRCLE ( 'NONE', #1001, 3.000000000000002665 ) ;
#1133 = CARTESIAN_POINT ( 'NONE',  ( -3.000000000000000000, 0.000000000000000000, 11.30000000000000249 ) ) ;
#1134 = CARTESIAN_POINT ( 'NONE',  ( 3.000000000000000000, -12.00000000000000000, -160.0000000000000000 ) ) ;
#1135 = EDGE_CURVE ( 'NONE', #1351, #913, #1185, .T. ) ;
#1136 = CIRCLE ( 'NONE', #364, 11.99999999999999822 ) ;
#1137 = CARTESIAN_POINT ( 'NONE',  ( 7.000000000000000000, 0.000000000000000000, 0.000000000000000000 ) ) ;
#1138 = EDGE_LOOP ( 'NONE', ( #554, #1260, #755, #1046, #924, #1257, #226, #982 ) ) ;
#1139 = LINE ( 'NONE', #37, #1114 ) ;
#1140 = VECTOR ( 'NONE', #218, 1000.000000000000000 ) ;
#1141 = CARTESIAN_POINT ( 'NONE',  ( 3.000000000000000000, 8.827722283113841328, -2.209936490538909837 ) ) ;
#1142 = CARTESIAN_POINT ( 'NONE',  ( 3.000000000000000000, 12.00000000000000000, -160.0000000000000000 ) ) ;
#1143 = VECTOR ( 'NONE', #430, 1000.000000000000000 ) ;
#1144 = EDGE_CURVE ( 'NONE', #504, #804, #605, .T. ) ;
#1145 = DIRECTION ( 'NONE',  ( 0.000000000000000000, 0.000000000000000000, 1.000000000000000000 ) ) ;
#1146 = ORIENTED_EDGE ( 'NONE', *, *, #898, .F. ) ;
#1147 = ORIENTED_EDGE ( 'NONE', *, *, #583, .F. ) ;
#1148 = CARTESIAN_POINT ( 'NONE',  ( -3.000000000000000000, 0.000000000000000000, -160.0000000000000000 ) ) ;
#1149 = DIRECTION ( 'NONE',  ( -1.000000000000000000, -0.000000000000000000, -0.000000000000000000 ) ) ;
#1150 = CARTESIAN_POINT ( 'NONE',  ( 3.000000000000000000, -5.892549903475601702, -6.288816618933067204 ) ) ;
#1151 = CIRCLE ( 'NONE', #1023, 1.000000000000000000 ) ;
#1152 = CARTESIAN_POINT ( 'NONE',  ( 3.000000000000000000, 0.000000000000000000, 8.750000000000001776 ) ) ;
#1153 = EDGE_CURVE ( 'NONE', #1212, #1113, #1367, .T. ) ;
#1154 = EDGE_CURVE ( 'NONE', #990, #152, #613, .T. ) ;
#1155 = VECTOR ( 'NONE', #539, 1000.000000000000114 ) ;
#1156 = DIRECTION ( 'NONE',  ( 1.000000000000000000, 0.000000000000000000, 0.000000000000000000 ) ) ;
#1157 = VERTEX_POINT ( 'NONE', #477 ) ;
#1158 = DIRECTION ( 'NONE',  ( 0.000000000000000000, 0.000000000000000000, 1.000000000000000000 ) ) ;
#1159 = DIRECTION ( 'NONE',  ( -1.000000000000000000, -0.000000000000000000, -0.000000000000000000 ) ) ;
#1160 = CARTESIAN_POINT ( 'NONE',  ( -3.000000000000000000, 0.000000000000000000, -50.00000000000000000 ) ) ;
#1161 = VECTOR ( 'NONE', #258, 1000.000000000000000 ) ;
#1162 = VERTEX_POINT ( 'NONE', #267 ) ;
#1163 = EDGE_CURVE ( 'NONE', #1371, #306, #1344, .T. ) ;
#1164 = EDGE_LOOP ( 'NONE', ( #11, #1332, #91, #357 ) ) ;
#1165 = VECTOR ( 'NONE', #728, 1000.000000000000000 ) ;
#1166 = DIRECTION ( 'NONE',  ( 0.000000000000000000, 0.8660254037844387076, 0.4999999999999998890 ) ) ;
#1167 = DIRECTION ( 'NONE',  ( 1.000000000000000000, 0.000000000000000000, 0.000000000000000000 ) ) ;
#1168 = APPLICATION_PROTOCOL_DEFINITION ( 'draft international standard', 'automotive_design', 1998, #688 ) ;
#1169 = DIRECTION ( 'NONE',  ( 0.000000000000000000, 0.000000000000000000, 1.000000000000000000 ) ) ;
#1170 = ORIENTED_EDGE ( 'NONE', *, *, #277, .T. ) ;
#1171 = EDGE_LOOP ( 'NONE', ( #886, #1451, #827, #130 ) ) ;
#1172 = EDGE_CURVE ( 'NONE', #276, #314, #1453, .T. ) ;
#1173 = CARTESIAN_POINT ( 'NONE',  ( -3.000000000000000000, 7.577722283113839552, -4.375000000000000000 ) ) ;
#1174 = DIRECTION ( 'NONE',  ( -1.000000000000000000, 0.000000000000000000, 0.000000000000000000 ) ) ;
#1175 = ORIENTED_EDGE ( 'NONE', *, *, #805, .F. ) ;
#1176 = DIRECTION ( 'NONE',  ( 1.000000000000000000, 0.000000000000000000, 0.000000000000000000 ) ) ;
#1177 = VERTEX_POINT ( 'NONE', #1111 ) ;
#1178 = ORIENTED_EDGE ( 'NONE', *, *, #1233, .T. ) ;
#1179 = CARTESIAN_POINT ( 'NONE',  ( -3.000000000000000000, -12.00000000000000000, -16.27882059609969900 ) ) ;
#1180 = CARTESIAN_POINT ( 'NONE',  ( -3.000000000000000000, -14.06896551724140032, -9.542756901161899563 ) ) ;
#1181 = ORIENTED_EDGE ( 'NONE', *, *, #303, .T. ) ;
#1182 = ADVANCED_FACE ( 'NONE', ( #1 ), #498, .T. ) ;
#1183 = CARTESIAN_POINT ( 'NONE',  ( -3.000000000000000000, 6.527649417606960824, -0.5406413606222703061 ) ) ;
#1184 = DIRECTION ( 'NONE',  ( 0.000000000000000000, 0.000000000000000000, 1.000000000000000000 ) ) ;
#1185 = CIRCLE ( 'NONE', #646, 2.550000000000000266 ) ;
#1186 = DIRECTION ( 'NONE',  ( -1.000000000000000000, 0.000000000000000000, 0.000000000000000000 ) ) ;
#1187 = CARTESIAN_POINT ( 'NONE',  ( 3.000000000000000000, -2.795615556168012716, 5.923430902957458777 ) ) ;
#1188 = ORIENTED_EDGE ( 'NONE', *, *, #1087, .F. ) ;
#1189 = CYLINDRICAL_SURFACE ( 'NONE', #1341, 1.000000000000000666 ) ;
#1190 = EDGE_CURVE ( 'NONE', #276, #1066, #842, .T. ) ;
#1191 = DIRECTION ( 'NONE',  ( 0.000000000000000000, -1.000000000000000000, 0.000000000000000000 ) ) ;
#1192 =( GEOMETRIC_REPRESENTATION_CONTEXT ( 3 ) GLOBAL_UNCERTAINTY_ASSIGNED_CONTEXT ( ( #462 ) ) GLOBAL_UNIT_ASSIGNED_CONTEXT ( ( #190, #559, #782 ) ) REPRESENTATION_CONTEXT ( 'NONE', 'WORKASPACE' ) );
#1193 = EDGE_LOOP ( 'NONE', ( #13, #34, #961, #327 ) ) ;
#1194 = DIRECTION ( 'NONE',  ( 0.000000000000000000, -1.734723475976805862E-16, -1.000000000000000000 ) ) ;
#1195 = CARTESIAN_POINT ( 'NONE',  ( 3.000000000000000000, 0.000000000000000000, 0.000000000000000000 ) ) ;
#1196 = ORIENTED_EDGE ( 'NONE', *, *, #1241, .T. ) ;
#1197 = DIRECTION ( 'NONE',  ( 0.000000000000000000, 0.000000000000000000, 1.000000000000000000 ) ) ;
#1198 = PLANE ( 'NONE',  #848 ) ;
#1199 = ORIENTED_EDGE ( 'NONE', *, *, #857, .T. ) ;
#1200 = EDGE_CURVE ( 'NONE', #1212, #1371, #286, .T. ) ;
#1201 = ORIENTED_EDGE ( 'NONE', *, *, #175, .F. ) ;
#1202 = ADVANCED_FACE ( 'NONE', ( #251 ), #390, .F. ) ;
#1203 = PRODUCT_DEFINITION_CONTEXT ( 'detailed design', #635, 'design' ) ;
#1204 = DIRECTION ( 'NONE',  ( 1.000000000000000000, 0.000000000000000000, 0.000000000000000000 ) ) ;
#1205 = SURFACE_STYLE_USAGE ( .BOTH. , #960 ) ;
#1206 = ORIENTED_EDGE ( 'NONE', *, *, #1316, .F. ) ;
#1207 = AXIS2_PLACEMENT_3D ( 'NONE', #778, #182, #1390 ) ;
#1208 = CARTESIAN_POINT ( 'NONE',  ( -3.000000000000000000, 3.673940397442057600E-15, -70.00000000000000000 ) ) ;
#1209 = VECTOR ( 'NONE', #200, 1000.000000000000000 ) ;
#1210 = VECTOR ( 'NONE', #746, 1000.000000000000000 ) ;
#1211 = DIRECTION ( 'NONE',  ( 0.000000000000000000, -1.000000000000000000, 0.000000000000000000 ) ) ;
#1212 = VERTEX_POINT ( 'NONE', #1483 ) ;
#1213 = ORIENTED_EDGE ( 'NONE', *, *, #147, .T. ) ;
#1214 = AXIS2_PLACEMENT_3D ( 'NONE', #1308, #1301, #816 ) ;
#1215 = LINE ( 'NONE', #1230, #195 ) ;
#1216 = DIRECTION ( 'NONE',  ( 0.000000000000000000, 0.000000000000000000, -1.000000000000000000 ) ) ;
#1217 = DIRECTION ( 'NONE',  ( 0.000000000000000000, 1.734723475976806848E-16, 1.000000000000000000 ) ) ;
#1218 = DIRECTION ( 'NONE',  ( 0.000000000000000000, -0.4666666666666650087, -0.8844332774281076226 ) ) ;
#1219 = ORIENTED_EDGE ( 'NONE', *, *, #1397, .T. ) ;
#1220 = CIRCLE ( 'NONE', #317, 3.000000000000002665 ) ;
#1221 = ORIENTED_EDGE ( 'NONE', *, *, #1153, .T. ) ;
#1222 = AXIS2_PLACEMENT_3D ( 'NONE', #677, #1174, #557 ) ;
#1223 = LINE ( 'NONE', #374, #252 ) ;
#1224 = EDGE_CURVE ( 'NONE', #1177, #1430, #6, .T. ) ;
#1225 = CARTESIAN_POINT ( 'NONE',  ( -3.000000000000000000, -4.494562646538029504, -5.481688299816499743 ) ) ;
#1226 = FACE_OUTER_BOUND ( 'NONE', #1080, .T. ) ;
#1227 = ORIENTED_EDGE ( 'NONE', *, *, #1264, .T. ) ;
#1228 = ORIENTED_EDGE ( 'NONE', *, *, #1532, .T. ) ;
#1229 = AXIS2_PLACEMENT_3D ( 'NONE', #720, #1108, #1072 ) ;
#1230 = CARTESIAN_POINT ( 'NONE',  ( 3.000000000000000000, -6.994562646538029504, -1.151561280894299877 ) ) ;
#1231 = EDGE_CURVE ( 'NONE', #1430, #1419, #1244, .T. ) ;
#1232 = DIRECTION ( 'NONE',  ( -1.000000000000000000, 0.000000000000000000, 0.000000000000000000 ) ) ;
#1233 = EDGE_CURVE ( 'NONE', #624, #1291, #235, .T. ) ;
#1234 = LINE ( 'NONE', #370, #1130 ) ;
#1235 = EDGE_LOOP ( 'NONE', ( #726, #1178, #307, #1328, #227 ) ) ;
#1236 = EDGE_LOOP ( 'NONE', ( #128, #927, #1288, #1439 ) ) ;
#1237 = CYLINDRICAL_SURFACE ( 'NONE', #1229, 2.999999999999995559 ) ;
#1238 = CARTESIAN_POINT ( 'NONE',  ( 7.000000000000000000, -8.392549903475620354, -1.958689600010885545 ) ) ;
#1239 = CARTESIAN_POINT ( 'NONE',  ( 3.000000000000000000, -3.500000000000000000, 6.633249580710800508 ) ) ;
#1240 = ORIENTED_EDGE ( 'NONE', *, *, #761, .F. ) ;
#1241 = EDGE_CURVE ( 'NONE', #1566, #70, #567, .T. ) ;
#1242 = CARTESIAN_POINT ( 'NONE',  ( -3.000000000000000000, 0.000000000000000000, 0.000000000000000000 ) ) ;
#1243 = LINE ( 'NONE', #1021, #102 ) ;
#1244 = LINE ( 'NONE', #1088, #1161 ) ;
#1245 = CARTESIAN_POINT ( 'NONE',  ( -3.000000000000000000, 2.999999999999996447, -50.00000000000000000 ) ) ;
#1246 = ORIENTED_EDGE ( 'NONE', *, *, #1481, .T. ) ;
#1247 = ORIENTED_EDGE ( 'NONE', *, *, #126, .F. ) ;
#1248 = AXIS2_PLACEMENT_3D ( 'NONE', #165, #1387, #1271 ) ;
#1249 = ADVANCED_FACE ( 'NONE', ( #1096 ), #1581, .F. ) ;
#1250 = CARTESIAN_POINT ( 'NONE',  ( 2.999999999999996447, 0.000000000000000000, -130.0000000000000000 ) ) ;
#1251 = CARTESIAN_POINT ( 'NONE',  ( -3.000000000000000000, -2.999999999999996447, -50.00000000000000000 ) ) ;
#1252 = CARTESIAN_POINT ( 'NONE',  ( 3.000000000000000000, 5.892549903475620354, -6.288816618933081415 ) ) ;
#1253 = DIRECTION ( 'NONE',  ( 0.000000000000000000, 0.000000000000000000, -1.000000000000000000 ) ) ;
#1254 = EDGE_LOOP ( 'NONE', ( #828, #5, #1505, #616 ) ) ;
#1255 = AXIS2_PLACEMENT_3D ( 'NONE', #945, #1438, #469 ) ;
#1256 = DIRECTION ( 'NONE',  ( 0.000000000000000000, 0.000000000000000000, 1.000000000000000000 ) ) ;
#1257 = ORIENTED_EDGE ( 'NONE', *, *, #593, .F. ) ;
#1258 = DIRECTION ( 'NONE',  ( 0.000000000000000000, -2.168404344971008868E-16, -1.000000000000000000 ) ) ;
#1259 = DIRECTION ( 'NONE',  ( 0.000000000000000000, -0.5000000000000002220, -0.8660254037844385966 ) ) ;
#1260 = ORIENTED_EDGE ( 'NONE', *, *, #270, .F. ) ;
#1261 = ORIENTED_EDGE ( 'NONE', *, *, #138, .T. ) ;
#1262 = CARTESIAN_POINT ( 'NONE',  ( 3.000000000000000000, -2.500000000000000000, 8.750000000000000000 ) ) ;
#1263 = CARTESIAN_POINT ( 'NONE',  ( 3.000000000000000000, -3.994562646538029949, -6.347713703600931012 ) ) ;
#1264 = EDGE_CURVE ( 'NONE', #1423, #1324, #282, .T. ) ;
#1265 = DIRECTION ( 'NONE',  ( 1.000000000000000000, 0.000000000000000000, 0.000000000000000000 ) ) ;
#1266 = VECTOR ( 'NONE', #1539, 1000.000000000000000 ) ;
#1267 = EDGE_CURVE ( 'NONE', #116, #42, #1054, .T. ) ;
#1268 = CARTESIAN_POINT ( 'NONE',  ( 3.000000000000000000, 0.000000000000000000, 11.30000000000000249 ) ) ;
#1269 = ORIENTED_EDGE ( 'NONE', *, *, #270, .T. ) ;
#1270 = DIRECTION ( 'NONE',  ( 0.000000000000000000, 0.000000000000000000, -1.000000000000000000 ) ) ;
#1271 = DIRECTION ( 'NONE',  ( 0.000000000000000000, 0.000000000000000000, 1.000000000000000000 ) ) ;
#1272 = LINE ( 'NONE', #758, #139 ) ;
#1273 = PRODUCT_RELATED_PRODUCT_CATEGORY ( 'part', '', ( #1037 ) ) ;
#1274 = DIRECTION ( 'NONE',  ( -1.000000000000000000, -0.000000000000000000, -0.000000000000000000 ) ) ;
#1275 = ADVANCED_FACE ( 'NONE', ( #1374 ), #543, .F. ) ;
#1276 = ORIENTED_EDGE ( 'NONE', *, *, #1172, .T. ) ;
#1277 = AXIS2_PLACEMENT_3D ( 'NONE', #1024, #553, #652 ) ;
#1278 = AXIS2_PLACEMENT_3D ( 'NONE', #1558, #71, #569 ) ;
#1279 = AXIS2_PLACEMENT_3D ( 'NONE', #1355, #113, #144 ) ;
#1280 = AXIS2_PLACEMENT_3D ( 'NONE', #68, #925, #1424 ) ;
#1281 = LINE ( 'NONE', #179, #1506 ) ;
#1282 = CARTESIAN_POINT ( 'NONE',  ( 2.999999999999996447, 2.999999999999996447, -50.00000000000000000 ) ) ;
#1283 = LINE ( 'NONE', #275, #591 ) ;
#1284 = CIRCLE ( 'NONE', #1005, 2.999999999999995559 ) ;
#1285 = VECTOR ( 'NONE', #332, 1000.000000000000114 ) ;
#1286 = ORIENTED_EDGE ( 'NONE', *, *, #1052, .F. ) ;
#1287 = EDGE_CURVE ( 'NONE', #316, #1157, #875, .T. ) ;
#1288 = ORIENTED_EDGE ( 'NONE', *, *, #1231, .T. ) ;
#1289 = CARTESIAN_POINT ( 'NONE',  ( -3.000000000000000000, 24.00000000000000000, -16.27882059609969900 ) ) ;
#1290 = PLANE ( 'NONE',  #401 ) ;
#1291 = VERTEX_POINT ( 'NONE', #1124 ) ;
#1292 = CIRCLE ( 'NONE', #1420, 12.00000000000000000 ) ;
#1293 = CARTESIAN_POINT ( 'NONE',  ( 2.999999999999996447, 3.673940397442057600E-15, -67.00000000000000000 ) ) ;
#1294 = VERTEX_POINT ( 'NONE', #425 ) ;
#1295 = EDGE_CURVE ( 'NONE', #674, #1086, #1284, .T. ) ;
#1296 = ADVANCED_FACE ( 'NONE', ( #1013 ), #664, .T. ) ;
#1297 = CARTESIAN_POINT ( 'NONE',  ( 2.999999999999996447, 0.000000000000000000, -90.00000000000000000 ) ) ;
#1298 = FACE_BOUND ( 'NONE', #1315, .T. ) ;
#1299 = ORIENTED_EDGE ( 'NONE', *, *, #1172, .F. ) ;
#1300 = VECTOR ( 'NONE', #780, 1000.000000000000000 ) ;
#1301 = DIRECTION ( 'NONE',  ( 1.000000000000000000, 0.000000000000000000, 0.000000000000000000 ) ) ;
#1302 = FACE_OUTER_BOUND ( 'NONE', #808, .T. ) ;
#1303 = ORIENTED_EDGE ( 'NONE', *, *, #623, .T. ) ;
#1304 = CYLINDRICAL_SURFACE ( 'NONE', #394, 2.550000000000000266 ) ;
#1305 = DIRECTION ( 'NONE',  ( 1.000000000000000000, 0.000000000000000000, 0.000000000000000000 ) ) ;
#1306 = ORIENTED_EDGE ( 'NONE', *, *, #1436, .T. ) ;
#1307 = EDGE_CURVE ( 'NONE', #192, #1115, #78, .T. ) ;
#1308 = CARTESIAN_POINT ( 'NONE',  ( -3.000000000000000000, 0.000000000000000000, 0.000000000000000000 ) ) ;
#1309 = DIRECTION ( 'NONE',  ( 1.000000000000000000, 0.000000000000000000, 0.000000000000000000 ) ) ;
#1310 = ORIENTED_EDGE ( 'NONE', *, *, #771, .F. ) ;
#1311 = ORIENTED_EDGE ( 'NONE', *, *, #1329, .F. ) ;
#1312 = CARTESIAN_POINT ( 'NONE',  ( -3.000000000000000000, 2.999999999999997780, -130.0000000000000000 ) ) ;
#1313 = CIRCLE ( 'NONE', #420, 2.550000000000000266 ) ;
#1314 = DIRECTION ( 'NONE',  ( 0.000000000000000000, -1.000000000000000000, 0.000000000000000000 ) ) ;
#1315 = EDGE_LOOP ( 'NONE', ( #96, #1058, #1219, #823, #334 ) ) ;
#1316 = EDGE_CURVE ( 'NONE', #1569, #880, #301, .T. ) ;
#1317 = FACE_OUTER_BOUND ( 'NONE', #94, .T. ) ;
#1318 = EDGE_CURVE ( 'NONE', #70, #1431, #23, .T. ) ;
#1319 = DIRECTION ( 'NONE',  ( -1.000000000000000000, 0.000000000000000000, 0.000000000000000000 ) ) ;
#1320 = ORIENTED_EDGE ( 'NONE', *, *, #62, .T. ) ;
#1321 = VERTEX_POINT ( 'NONE', #1036 ) ;
#1322 = CYLINDRICAL_SURFACE ( 'NONE', #937, 3.000000000000002665 ) ;
#1323 = SURFACE_STYLE_FILL_AREA ( #711 ) ;
#1324 = VERTEX_POINT ( 'NONE', #40 ) ;
#1325 = DIRECTION ( 'NONE',  ( 0.000000000000000000, -0.5000000000000003331, -0.8660254037844384856 ) ) ;
#1326 = DIRECTION ( 'NONE',  ( -1.000000000000000000, 0.000000000000000000, 0.000000000000000000 ) ) ;
#1327 = CARTESIAN_POINT ( 'NONE',  ( 2.999999999999996447, 2.999999999999997780, -130.0000000000000000 ) ) ;
#1328 = ORIENTED_EDGE ( 'NONE', *, *, #1121, .T. ) ;
#1329 = EDGE_CURVE ( 'NONE', #1419, #407, #1136, .T. ) ;
#1330 = ORIENTED_EDGE ( 'NONE', *, *, #962, .F. ) ;
#1331 = DIRECTION ( 'NONE',  ( -1.000000000000000000, 0.000000000000000000, 0.000000000000000000 ) ) ;
#1332 = ORIENTED_EDGE ( 'NONE', *, *, #696, .F. ) ;
#1333 = CARTESIAN_POINT ( 'NONE',  ( 2.999999999999996447, 2.999999999999996447, -50.00000000000000000 ) ) ;
#1334 = CIRCLE ( 'NONE', #386, 17.00000000000000000 ) ;
#1335 = AXIS2_PLACEMENT_3D ( 'NONE', #869, #1337, #1112 ) ;
#1336 = AXIS2_PLACEMENT_3D ( 'NONE', #1263, #396, #47 ) ;
#1337 = DIRECTION ( 'NONE',  ( 1.000000000000000000, 0.000000000000000000, 0.000000000000000000 ) ) ;
#1338 = ORIENTED_EDGE ( 'NONE', *, *, #502, .F. ) ;
#1339 = ADVANCED_FACE ( 'NONE', ( #1494 ), #1029, .F. ) ;
#1340 = ORIENTED_EDGE ( 'NONE', *, *, #847, .F. ) ;
#1341 = AXIS2_PLACEMENT_3D ( 'NONE', #83, #944, #704 ) ;
#1342 = CARTESIAN_POINT ( 'NONE',  ( -3.000000000000000000, 12.00000000000000000, -160.0000000000000000 ) ) ;
#1343 = DIRECTION ( 'NONE',  ( 1.000000000000000000, 0.000000000000000000, 0.000000000000000000 ) ) ;
#1344 = LINE ( 'NONE', #620, #1542 ) ;
#1345 = DIRECTION ( 'NONE',  ( -1.000000000000000000, -0.000000000000000000, -0.000000000000000000 ) ) ;
#1346 = ORIENTED_EDGE ( 'NONE', *, *, #837, .F. ) ;
#1347 = AXIS2_PLACEMENT_3D ( 'NONE', #299, #1577, #1270 ) ;
#1348 = ORIENTED_EDGE ( 'NONE', *, *, #889, .F. ) ;
#1349 = AXIS2_PLACEMENT_3D ( 'NONE', #670, #341, #188 ) ;
#1350 = DIRECTION ( 'NONE',  ( -1.000000000000000000, 0.000000000000000000, 0.000000000000000000 ) ) ;
#1351 = VERTEX_POINT ( 'NONE', #1252 ) ;
#1352 = EDGE_CURVE ( 'NONE', #691, #674, #150, .T. ) ;
#1353 = CARTESIAN_POINT ( 'NONE',  ( 2.999999999999996447, 3.000000000000000444, -30.00000000000000355 ) ) ;
#1354 = DIRECTION ( 'NONE',  ( 0.000000000000000000, 0.000000000000000000, 1.000000000000000000 ) ) ;
#1355 = CARTESIAN_POINT ( 'NONE',  ( -10.82160000000000011, -3.994562646538029949, -6.347713703600931012 ) ) ;
#1356 = ORIENTED_EDGE ( 'NONE', *, *, #898, .T. ) ;
#1357 = ORIENTED_EDGE ( 'NONE', *, *, #1318, .F. ) ;
#1358 = AXIS2_PLACEMENT_3D ( 'NONE', #689, #1186, #906 ) ;
#1359 = DIRECTION ( 'NONE',  ( 0.000000000000000000, 2.168404344971008868E-16, 1.000000000000000000 ) ) ;
#1360 = DIRECTION ( 'NONE',  ( 0.000000000000000000, 0.000000000000000000, -1.000000000000000000 ) ) ;
#1361 = AXIS2_PLACEMENT_3D ( 'NONE', #302, #290, #671 ) ;
#1362 = CARTESIAN_POINT ( 'NONE',  ( -3.000000000000000000, -2.500000000000000000, 8.247506218943954082 ) ) ;
#1363 = EDGE_LOOP ( 'NONE', ( #375, #178, #1338, #210 ) ) ;
#1364 = ORIENTED_EDGE ( 'NONE', *, *, #126, .T. ) ;
#1365 = FACE_OUTER_BOUND ( 'NONE', #622, .T. ) ;
#1366 = FACE_OUTER_BOUND ( 'NONE', #50, .T. ) ;
#1367 = LINE ( 'NONE', #1238, #29 ) ;
#1368 = LINE ( 'NONE', #1477, #641 ) ;
#1369 = VERTEX_POINT ( 'NONE', #419 ) ;
#1370 = EDGE_CURVE ( 'NONE', #1511, #492, #1272, .T. ) ;
#1371 = VERTEX_POINT ( 'NONE', #1150 ) ;
#1372 = CARTESIAN_POINT ( 'NONE',  ( 2.999999999999996447, 2.999999999999996447, -50.00000000000000000 ) ) ;
#1373 = EDGE_LOOP ( 'NONE', ( #212, #1330, #1456, #121 ) ) ;
#1374 = FACE_OUTER_BOUND ( 'NONE', #709, .T. ) ;
#1375 = DIRECTION ( 'NONE',  ( -1.000000000000000000, -0.000000000000000000, -0.000000000000000000 ) ) ;
#1376 = VERTEX_POINT ( 'NONE', #1402 ) ;
#1377 = ORIENTED_EDGE ( 'NONE', *, *, #1153, .F. ) ;
#1378 = VECTOR ( 'NONE', #1359, 1000.000000000000000 ) ;
#1379 = FACE_OUTER_BOUND ( 'NONE', #1171, .T. ) ;
#1380 = LINE ( 'NONE', #157, #391 ) ;
#1381 = DIRECTION ( 'NONE',  ( 0.000000000000000000, 0.000000000000000000, 1.000000000000000000 ) ) ;
#1382 = DIRECTION ( 'NONE',  ( 1.000000000000000000, 0.000000000000000000, 0.000000000000000000 ) ) ;
#1383 = EDGE_LOOP ( 'NONE', ( #330, #322, #958, #1546 ) ) ;
#1384 = VERTEX_POINT ( 'NONE', #1134 ) ;
#1385 = EDGE_CURVE ( 'NONE', #1113, #760, #423, .T. ) ;
#1386 = CARTESIAN_POINT ( 'NONE',  ( 7.000000000000000000, 0.000000000000000000, 0.000000000000000000 ) ) ;
#1387 = DIRECTION ( 'NONE',  ( -1.000000000000000000, -0.000000000000000000, -0.000000000000000000 ) ) ;
#1388 = DIRECTION ( 'NONE',  ( -1.000000000000000000, -0.000000000000000000, -0.000000000000000000 ) ) ;
#1389 = AXIS2_PLACEMENT_3D ( 'NONE', #1459, #1118, #744 ) ;
#1390 = DIRECTION ( 'NONE',  ( 0.000000000000000000, 0.8275862068965521567, -0.5613386412448169160 ) ) ;
#1391 = AXIS2_PLACEMENT_3D ( 'NONE', #395, #1491, #164 ) ;
#1392 = EDGE_LOOP ( 'NONE', ( #1175, #1050, #1411, #154, #494 ) ) ;
#1393 = LINE ( 'NONE', #625, #695 ) ;
#1394 = PRODUCT_DEFINITION_SHAPE ( 'NONE', 'NONE',  #512 ) ;
#1395 = DIRECTION ( 'NONE',  ( -1.000000000000000000, -0.000000000000000000, -0.000000000000000000 ) ) ;
#1396 = DIRECTION ( 'NONE',  ( -1.000000000000000000, 0.000000000000000000, 0.000000000000000000 ) ) ;
#1397 = EDGE_CURVE ( 'NONE', #1157, #161, #701, .T. ) ;
#1398 = AXIS2_PLACEMENT_3D ( 'NONE', #1516, #552, #1044 ) ;
#1399 = DIRECTION ( 'NONE',  ( -1.000000000000000000, 0.000000000000000000, 0.000000000000000000 ) ) ;
#1400 = CARTESIAN_POINT ( 'NONE',  ( -3.000000000000000000, 12.00000000000000000, -160.0000000000000000 ) ) ;
#1401 = DIRECTION ( 'NONE',  ( 0.000000000000000000, 0.000000000000000000, 1.000000000000000000 ) ) ;
#1402 = CARTESIAN_POINT ( 'NONE',  ( -3.000000000000000000, 14.06896551724140032, -9.542756901161888905 ) ) ;
#1403 = ADVANCED_FACE ( 'NONE', ( #54 ), #1073, .F. ) ;
#1404 = CARTESIAN_POINT ( 'NONE',  ( 2.999999999999996447, 3.673940397442057600E-15, -70.00000000000000000 ) ) ;
#1405 = VERTEX_POINT ( 'NONE', #1187 ) ;
#1406 = ORIENTED_EDGE ( 'NONE', *, *, #581, .F. ) ;
#1407 = CIRCLE ( 'NONE', #229, 3.000000000000002665 ) ;
#1408 = AXIS2_PLACEMENT_3D ( 'NONE', #994, #1097, #1218 ) ;
#1409 = LINE ( 'NONE', #1342, #483 ) ;
#1410 = DIRECTION ( 'NONE',  ( 0.000000000000000000, 0.4666666666666671182, -0.8844332774281065124 ) ) ;
#1411 = ORIENTED_EDGE ( 'NONE', *, *, #1432, .T. ) ;
#1412 = FACE_OUTER_BOUND ( 'NONE', #66, .T. ) ;
#1413 = AXIS2_PLACEMENT_3D ( 'NONE', #883, #515, #1381 ) ;
#1414 = VERTEX_POINT ( 'NONE', #799 ) ;
#1415 = EDGE_CURVE ( 'NONE', #706, #913, #942, .T. ) ;
#1416 = ORIENTED_EDGE ( 'NONE', *, *, #228, .F. ) ;
#1417 = DIRECTION ( 'NONE',  ( -1.000000000000000000, 0.000000000000000000, 0.000000000000000000 ) ) ;
#1418 = CARTESIAN_POINT ( 'NONE',  ( 7.000000000000000000, 8.392549903475575945, -1.958689600010870446 ) ) ;
#1419 = VERTEX_POINT ( 'NONE', #1425 ) ;
#1420 = AXIS2_PLACEMENT_3D ( 'NONE', #16, #503, #1122 ) ;
#1421 = FACE_BOUND ( 'NONE', #800, .T. ) ;
#1422 = CIRCLE ( 'NONE', #1472, 1.000000000000000000 ) ;
#1423 = VERTEX_POINT ( 'NONE', #1545 ) ;
#1424 = DIRECTION ( 'NONE',  ( 0.000000000000000000, -1.000000000000000000, 0.000000000000000000 ) ) ;
#1425 = CARTESIAN_POINT ( 'NONE',  ( 3.000000000000000000, -14.06896551724140032, -9.542756901161899563 ) ) ;
#1426 = ORIENTED_EDGE ( 'NONE', *, *, #414, .T. ) ;
#1427 = VECTOR ( 'NONE', #856, 1000.000000000000000 ) ;
#1428 = DIRECTION ( 'NONE',  ( 1.000000000000000000, 0.000000000000000000, 0.000000000000000000 ) ) ;
#1429 = DIRECTION ( 'NONE',  ( -1.000000000000000000, -0.000000000000000000, -0.000000000000000000 ) ) ;
#1430 = VERTEX_POINT ( 'NONE', #1180 ) ;
#1431 = VERTEX_POINT ( 'NONE', #933 ) ;
#1432 = EDGE_CURVE ( 'NONE', #239, #1162, #64, .T. ) ;
#1433 = CARTESIAN_POINT ( 'NONE',  ( -3.000000000000000000, 17.00000000000000000, -2.081899558550500280E-15 ) ) ;
#1434 = CARTESIAN_POINT ( 'NONE',  ( -3.000000000000000000, -2.999999999999997780, -90.00000000000001421 ) ) ;
#1435 = ORIENTED_EDGE ( 'NONE', *, *, #1464, .F. ) ;
#1436 = EDGE_CURVE ( 'NONE', #819, #1294, #326, .T. ) ;
#1437 = DIRECTION ( 'NONE',  ( -1.000000000000000000, 0.000000000000000000, 0.000000000000000000 ) ) ;
#1438 = DIRECTION ( 'NONE',  ( -1.000000000000000000, -0.000000000000000000, -0.000000000000000000 ) ) ;
#1439 = ORIENTED_EDGE ( 'NONE', *, *, #910, .F. ) ;
#1440 = DIRECTION ( 'NONE',  ( 0.000000000000000000, 0.000000000000000000, 1.000000000000000000 ) ) ;
#1441 = VECTOR ( 'NONE', #872, 1000.000000000000000 ) ;
#1442 = FACE_OUTER_BOUND ( 'NONE', #1193, .T. ) ;
#1443 = EDGE_LOOP ( 'NONE', ( #372, #870, #830, #595 ) ) ;
#1444 = EDGE_CURVE ( 'NONE', #947, #880, #81, .T. ) ;
#1445 = DIRECTION ( 'NONE',  ( 0.000000000000000000, -0.5326083528717366899, 0.8463618271467917564 ) ) ;
#1446 = LINE ( 'NONE', #346, #1210 ) ;
#1447 = VERTEX_POINT ( 'NONE', #1434 ) ;
#1448 = ORIENTED_EDGE ( 'NONE', *, *, #1563, .T. ) ;
#1449 = DIRECTION ( 'NONE',  ( 1.000000000000000000, 0.000000000000000000, 0.000000000000000000 ) ) ;
#1450 = PRESENTATION_STYLE_ASSIGNMENT (( #1205 ) ) ;
#1451 = ORIENTED_EDGE ( 'NONE', *, *, #1003, .F. ) ;
#1452 = FACE_OUTER_BOUND ( 'NONE', #1373, .T. ) ;
#1453 = LINE ( 'NONE', #978, #977 ) ;
#1454 = ADVANCED_FACE ( 'NONE', ( #73 ), #439, .T. ) ;
#1455 = DIRECTION ( 'NONE',  ( 0.000000000000000000, 0.000000000000000000, 1.000000000000000000 ) ) ;
#1456 = ORIENTED_EDGE ( 'NONE', *, *, #1233, .F. ) ;
#1457 = EDGE_LOOP ( 'NONE', ( #1448, #1181, #310, #980 ) ) ;
#1458 = DIRECTION ( 'NONE',  ( 0.000000000000000000, -0.8660254037844387076, -0.4999999999999998890 ) ) ;
#1459 = CARTESIAN_POINT ( 'NONE',  ( -3.000000000000000000, -24.00000000000000000, -16.27882059609969900 ) ) ;
#1460 = CYLINDRICAL_SURFACE ( 'NONE', #1279, 1.000000000000000222 ) ;
#1461 = ORIENTED_EDGE ( 'NONE', *, *, #1163, .T. ) ;
#1462 = EDGE_CURVE ( 'NONE', #152, #1414, #449, .T. ) ;
#1463 = VERTEX_POINT ( 'NONE', #1042 ) ;
#1464 = EDGE_CURVE ( 'NONE', #580, #239, #319, .T. ) ;
#1465 = VECTOR ( 'NONE', #987, 1000.000000000000000 ) ;
#1466 = DIRECTION ( 'NONE',  ( 0.000000000000000000, 1.000000000000000000, 0.000000000000000000 ) ) ;
#1467 = LINE ( 'NONE', #986, #187 ) ;
#1468 = DIRECTION ( 'NONE',  ( 0.000000000000000000, 0.8660254037844391517, 0.4999999999999991118 ) ) ;
#1469 = CARTESIAN_POINT ( 'NONE',  ( 2.999999999999996447, -2.999999999999997780, -90.00000000000001421 ) ) ;
#1470 = ORIENTED_EDGE ( 'NONE', *, *, #1521, .F. ) ;
#1471 = ORIENTED_EDGE ( 'NONE', *, *, #1444, .T. ) ;
#1472 = AXIS2_PLACEMENT_3D ( 'NONE', #1065, #1556, #465 ) ;
#1473 = LINE ( 'NONE', #968, #1378 ) ;
#1474 = ORIENTED_EDGE ( 'NONE', *, *, #303, .F. ) ;
#1475 = CARTESIAN_POINT ( 'NONE',  ( -3.000000000000000000, -4.494562646538029504, -5.481688299816489973 ) ) ;
#1476 = CARTESIAN_POINT ( 'NONE',  ( 2.999999999999996447, 2.999999999999997780, -90.00000000000001421 ) ) ;
#1477 = CARTESIAN_POINT ( 'NONE',  ( -3.000000000000000000, -12.00000000000000000, -16.27882059609969900 ) ) ;
#1478 = EDGE_LOOP ( 'NONE', ( #202, #198, #1364, #1081, #1106, #558, #114, #952 ) ) ;
#1479 = VERTEX_POINT ( 'NONE', #576 ) ;
#1480 = LINE ( 'NONE', #28, #1441 ) ;
#1481 = EDGE_CURVE ( 'NONE', #1321, #1540, #1422, .T. ) ;
#1482 = DIRECTION ( 'NONE',  ( 1.000000000000000000, 0.000000000000000000, 0.000000000000000000 ) ) ;
#1483 = CARTESIAN_POINT ( 'NONE',  ( 3.000000000000000000, -8.392549903475629236, -1.958689600010888210 ) ) ;
#1484 = ADVANCED_FACE ( 'NONE', ( #1298, #926, #455, #333, #792, #197 ), #813, .T. ) ;
#1485 = AXIS2_PLACEMENT_3D ( 'NONE', #1016, #1502, #893 ) ;
#1486 = LINE ( 'NONE', #1469, #717 ) ;
#1487 = ORIENTED_EDGE ( 'NONE', *, *, #1034, .F. ) ;
#1488 = VECTOR ( 'NONE', #587, 1000.000000000000000 ) ;
#1489 = AXIS2_PLACEMENT_3D ( 'NONE', #739, #1105, #637 ) ;
#1490 = AXIS2_PLACEMENT_3D ( 'NONE', #1289, #791, #1064 ) ;
#1491 = DIRECTION ( 'NONE',  ( 1.000000000000000000, 0.000000000000000000, 0.000000000000000000 ) ) ;
#1492 = VECTOR ( 'NONE', #522, 1000.000000000000000 ) ;
#1493 = DIRECTION ( 'NONE',  ( 1.000000000000000000, 0.000000000000000000, 0.000000000000000000 ) ) ;
#1494 = FACE_OUTER_BOUND ( 'NONE', #509, .T. ) ;
#1495 = CYLINDRICAL_SURFACE ( 'NONE', #1408, 1.000000000000000222 ) ;
#1496 = ORIENTED_EDGE ( 'NONE', *, *, #516, .F. ) ;
#1497 = ORIENTED_EDGE ( 'NONE', *, *, #815, .F. ) ;
#1498 = CIRCLE ( 'NONE', #1091, 2.999999999999995559 ) ;
#1499 = CARTESIAN_POINT ( 'NONE',  ( 2.999999999999996447, 3.000000000000001332, -70.00000000000000000 ) ) ;
#1500 = DIRECTION ( 'NONE',  ( 1.000000000000000000, 0.000000000000000000, 0.000000000000000000 ) ) ;
#1501 = DIRECTION ( 'NONE',  ( 0.000000000000000000, 0.8275862068965521567, -0.5613386412448169160 ) ) ;
#1502 = DIRECTION ( 'NONE',  ( 1.000000000000000000, 0.000000000000000000, 0.000000000000000000 ) ) ;
#1503 = ORIENTED_EDGE ( 'NONE', *, *, #1352, .F. ) ;
#1504 = ADVANCED_FACE ( 'NONE', ( #309 ), #1290, .T. ) ;
#1505 = ORIENTED_EDGE ( 'NONE', *, *, #1043, .F. ) ;
#1506 = VECTOR ( 'NONE', #1166, 1000.000000000000000 ) ;
#1507 = DIRECTION ( 'NONE',  ( 1.000000000000000000, 0.000000000000000000, 0.000000000000000000 ) ) ;
#1508 = ORIENTED_EDGE ( 'NONE', *, *, #1575, .F. ) ;
#1509 = DIRECTION ( 'NONE',  ( -1.000000000000000000, -0.000000000000000000, -0.000000000000000000 ) ) ;
#1510 = CARTESIAN_POINT ( 'NONE',  ( -3.000000000000000000, 0.000000000000000000, -90.00000000000000000 ) ) ;
#1511 = VERTEX_POINT ( 'NONE', #702 ) ;
#1512 = ADVANCED_FACE ( 'NONE', ( #1442 ), #180, .F. ) ;
#1513 = CYLINDRICAL_SURFACE ( 'NONE', #1391, 17.00000000000000000 ) ;
#1514 = PLANE ( 'NONE',  #177 ) ;
#1515 = DIRECTION ( 'NONE',  ( -1.000000000000000000, 0.000000000000000000, 0.000000000000000000 ) ) ;
#1516 = CARTESIAN_POINT ( 'NONE',  ( 0.000000000000000000, 0.000000000000000000, 0.000000000000000000 ) ) ;
#1517 = DIRECTION ( 'NONE',  ( 0.000000000000000000, 0.000000000000000000, 1.000000000000000000 ) ) ;
#1518 = VECTOR ( 'NONE', #402, 1000.000000000000000 ) ;
#1519 = EDGE_LOOP ( 'NONE', ( #399, #1299, #1579, #573 ) ) ;
#1520 = CARTESIAN_POINT ( 'NONE',  ( -3.000000000000000000, 12.00000000000000000, -160.0000000000000000 ) ) ;
#1521 = EDGE_CURVE ( 'NONE', #1066, #590, #796, .T. ) ;
#1522 = MANIFOLD_SOLID_BREP ( '\X2\52079664\X0\-\X2\62c94f38\X0\6', #1528 ) ;
#1523 = LINE ( 'NONE', #454, #790 ) ;
#1524 = CARTESIAN_POINT ( 'NONE',  ( 2.999999999999996447, 3.673940397442063122E-15, -109.9999999999999858 ) ) ;
#1525 = LINE ( 'NONE', #427, #27 ) ;
#1526 = ORIENTED_EDGE ( 'NONE', *, *, #1190, .T. ) ;
#1527 = EDGE_LOOP ( 'NONE', ( #1416, #1474, #245, #617 ) ) ;
#1528 = CLOSED_SHELL ( 'NONE', ( #4, #938, #296, #673, #176, #931, #745, #707, #1062, #343, #1182, #1454, #523, #1202, #693, #76, #87, #1531, #1095, #1484, #1403, #650, #879, #666, #788, #400, #1060, #907, #1512, #476, #1339, #940, #1249, #365, #992, #1296, #570, #1543, #324, #1504, #1275, #159, #463, #129, #632, #660 ) ) ;
#1529 = DIRECTION ( 'NONE',  ( 1.000000000000000000, 0.000000000000000000, 0.000000000000000000 ) ) ;
#1530 = DIRECTION ( 'NONE',  ( 1.000000000000000000, 0.000000000000000000, 0.000000000000000000 ) ) ;
#1531 = ADVANCED_FACE ( 'NONE', ( #133 ), #1049, .F. ) ;
#1532 = EDGE_CURVE ( 'NONE', #592, #1569, #612, .T. ) ;
#1533 = DIRECTION ( 'NONE',  ( 1.000000000000000000, 0.000000000000000000, 0.000000000000000000 ) ) ;
#1534 = EDGE_LOOP ( 'NONE', ( #1247, #380, #347, #355 ) ) ;
#1535 = CIRCLE ( 'NONE', #716, 6.550000000000000711 ) ;
#1536 = CIRCLE ( 'NONE', #919, 3.000000000000002665 ) ;
#1537 = CIRCLE ( 'NONE', #1280, 12.00000000000000000 ) ;
#1538 = CARTESIAN_POINT ( 'NONE',  ( -3.000000000000000000, 6.994562646538029504, -1.151561280894309869 ) ) ;
#1539 = DIRECTION ( 'NONE',  ( 0.000000000000000000, 1.734723475976806848E-16, 1.000000000000000000 ) ) ;
#1540 = VERTEX_POINT ( 'NONE', #124 ) ;
#1541 = CARTESIAN_POINT ( 'NONE',  ( 2.000000000000000000, 2.795615556168012716, 5.923430902957458777 ) ) ;
#1542 = VECTOR ( 'NONE', #1468, 1000.000000000000114 ) ;
#1543 = ADVANCED_FACE ( 'NONE', ( #1452 ), #831, .F. ) ;
#1544 = CARTESIAN_POINT ( 'NONE',  ( 2.999999999999996447, -2.999999999999997780, -90.00000000000001421 ) ) ;
#1545 = CARTESIAN_POINT ( 'NONE',  ( 3.000000000000000000, 3.732033861438936562, -5.382789542335198796 ) ) ;
#1546 = ORIENTED_EDGE ( 'NONE', *, *, #964, .F. ) ;
#1547 = AXIS2_PLACEMENT_3D ( 'NONE', #1032, #1550, #697 ) ;
#1548 = PLANE ( 'NONE',  #1214 ) ;
#1549 =( GEOMETRIC_REPRESENTATION_CONTEXT ( 3 ) GLOBAL_UNCERTAINTY_ASSIGNED_CONTEXT ( ( #349 ) ) GLOBAL_UNIT_ASSIGNED_CONTEXT ( ( #100, #1085, #596 ) ) REPRESENTATION_CONTEXT ( 'NONE', 'WORKASPACE' ) );
#1550 = DIRECTION ( 'NONE',  ( -1.000000000000000000, -0.000000000000000000, -0.000000000000000000 ) ) ;
#1551 = ORIENTED_EDGE ( 'NONE', *, *, #1241, .F. ) ;
#1552 = EDGE_CURVE ( 'NONE', #437, #1321, #1063, .T. ) ;
#1553 = VERTEX_POINT ( 'NONE', #1353 ) ;
#1554 = EDGE_CURVE ( 'NONE', #239, #88, #84, .T. ) ;
#1555 = CARTESIAN_POINT ( 'NONE',  ( 3.000000000000000000, 2.500000000000000000, 6.633249580710800508 ) ) ;
#1556 = DIRECTION ( 'NONE',  ( -1.000000000000000000, 0.000000000000000000, 0.000000000000000000 ) ) ;
#1557 = EDGE_LOOP ( 'NONE', ( #582, #533, #840, #1346 ) ) ;
#1558 = CARTESIAN_POINT ( 'NONE',  ( 3.000000000000000000, 0.000000000000000000, 0.000000000000000000 ) ) ;
#1559 = DIRECTION ( 'NONE',  ( 0.000000000000000000, -1.000000000000000000, 1.734723475976805862E-16 ) ) ;
#1560 = ORIENTED_EDGE ( 'NONE', *, *, #604, .T. ) ;
#1561 = ORIENTED_EDGE ( 'NONE', *, *, #1026, .T. ) ;
#1562 = CIRCLE ( 'NONE', #862, 1.000000000000000444 ) ;
#1563 = EDGE_CURVE ( 'NONE', #1511, #1351, #1467, .T. ) ;
#1564 = LINE ( 'NONE', #1573, #1100 ) ;
#1565 = CARTESIAN_POINT ( 'NONE',  ( -3.000000000000000000, 12.00000000000000000, -16.27882059609969900 ) ) ;
#1566 = VERTEX_POINT ( 'NONE', #1475 ) ;
#1567 = CARTESIAN_POINT ( 'NONE',  ( -3.000000000000000000, 3.673940397442057600E-15, -70.00000000000000000 ) ) ;
#1568 = CARTESIAN_POINT ( 'NONE',  ( -3.000000000000000000, -12.00000000000000000, -12.04159457879229933 ) ) ;
#1569 = VERTEX_POINT ( 'NONE', #1109 ) ;
#1570 = AXIS2_PLACEMENT_3D ( 'NONE', #1022, #410, #404 ) ;
#1571 = CIRCLE ( 'NONE', #107, 3.000000000000002665 ) ;
#1572 = VERTEX_POINT ( 'NONE', #377 ) ;
#1573 = CARTESIAN_POINT ( 'NONE',  ( 2.000000000000000000, 6.527649417606960824, -0.5406413606222703061 ) ) ;
#1574 = ORIENTED_EDGE ( 'NONE', *, *, #502, .T. ) ;
#1575 = EDGE_CURVE ( 'NONE', #706, #1585, #743, .T. ) ;
#1576 = CARTESIAN_POINT ( 'NONE',  ( -3.000000000000000000, -8.392549903475629236, -1.958689600010888210 ) ) ;
#1577 = DIRECTION ( 'NONE',  ( 1.000000000000000000, 0.000000000000000000, 0.000000000000000000 ) ) ;
#1578 = ORIENTED_EDGE ( 'NONE', *, *, #376, .T. ) ;
#1579 = ORIENTED_EDGE ( 'NONE', *, *, #431, .F. ) ;
#1580 = FACE_OUTER_BOUND ( 'NONE', #1383, .T. ) ;
#1581 = CYLINDRICAL_SURFACE ( 'NONE', #894, 2.549999999999999822 ) ;
#1582 = EDGE_CURVE ( 'NONE', #1157, #1120, #426, .T. ) ;
#1583 = CIRCLE ( 'NONE', #884, 6.550000000000000711 ) ;
#1584 = CARTESIAN_POINT ( 'NONE',  ( 2.999999999999996447, 3.673940397442060756E-15, -27.00000000000000355 ) ) ;
#1585 = VERTEX_POINT ( 'NONE', #199 ) ;
#1586 = EDGE_LOOP ( 'NONE', ( #1206, #995, #1269, #1471 ) ) ;
#1587 = DIRECTION ( 'NONE',  ( 0.000000000000000000, 1.734723475976806848E-16, 1.000000000000000000 ) ) ;
ENDSEC;
END-ISO-10303-21;
