ISO-10303-21;
HEADER;
FILE_DESCRIPTION (( 'STEP AP214' ),
    '1' );
FILE_NAME ('¼Ó¹¤Á¬¸Ë3.STEP',
    '2025-04-14T04:09:00',
    ( '' ),
    ( '' ),
    'SwSTEP 2.0',
    'SolidWorks 2025',
    '' );
FILE_SCHEMA (( 'AUTOMOTIVE_DESIGN' ));
ENDSEC;

DATA;
#1 = CARTESIAN_POINT ( 'NONE',  ( 11.69134295108990074, 0.000000000000000000, -6.750000000000000000 ) ) ;
#2 = LINE ( 'NONE', #1451, #930 ) ;
#3 = AXIS2_PLACEMENT_3D ( 'NONE', #595, #846, #1322 ) ;
#4 = DIRECTION ( 'NONE',  ( 2.602085213965212121E-16, 0.000000000000000000, 1.000000000000000000 ) ) ;
#5 = VECTOR ( 'NONE', #779, 1000.000000000000000 ) ;
#6 = CARTESIAN_POINT ( 'NONE',  ( 0.000000000000000000, -3.000000000000000000, 0.000000000000000000 ) ) ;
#7 = EDGE_CURVE ( 'NONE', #2014, #1263, #378, .T. ) ;
#8 = ORIENTED_EDGE ( 'NONE', *, *, #1913, .F. ) ;
#9 = ORIENTED_EDGE ( 'NONE', *, *, #1058, .T. ) ;
#10 = DIRECTION ( 'NONE',  ( 0.000000000000000000, 0.000000000000000000, -1.000000000000000000 ) ) ;
#11 = EDGE_LOOP ( 'NONE', ( #604, #1561, #514, #243 ) ) ;
#12 = ORIENTED_EDGE ( 'NONE', *, *, #935, .T. ) ;
#13 = PLANE ( 'NONE',  #2112 ) ;
#14 = CARTESIAN_POINT ( 'NONE',  ( -11.69134295108984212, 5.000000000000000000, -5.200000000000136957 ) ) ;
#15 = FACE_OUTER_BOUND ( 'NONE', #1175, .T. ) ;
#16 = CARTESIAN_POINT ( 'NONE',  ( 17.35059093314515621, -3.000000000000000000, 2.281883930146539008 ) ) ;
#17 = LINE ( 'NONE', #2203, #1333 ) ;
#18 = DIRECTION ( 'NONE',  ( -1.000000000000000000, 0.000000000000000000, 0.000000000000000000 ) ) ;
#19 = ORIENTED_EDGE ( 'NONE', *, *, #1013, .F. ) ;
#20 = VERTEX_POINT ( 'NONE', #1634 ) ;
#21 = ADVANCED_FACE ( 'NONE', ( #15 ), #1464, .T. ) ;
#22 = DIRECTION ( 'NONE',  ( 2.312964634635741971E-16, 0.000000000000000000, -1.000000000000000000 ) ) ;
#23 = ORIENTED_EDGE ( 'NONE', *, *, #478, .F. ) ;
#24 = EDGE_CURVE ( 'NONE', #1446, #1658, #413, .T. ) ;
#25 = ORIENTED_EDGE ( 'NONE', *, *, #851, .F. ) ;
#26 = FACE_OUTER_BOUND ( 'NONE', #2306, .T. ) ;
#27 = DIRECTION ( 'NONE',  ( 0.000000000000000000, -1.000000000000000000, 0.000000000000000000 ) ) ;
#28 = FACE_BOUND ( 'NONE', #45, .T. ) ;
#29 = DIRECTION ( 'NONE',  ( 0.000000000000000000, 1.000000000000000000, 0.000000000000000000 ) ) ;
#30 = DIRECTION ( 'NONE',  ( -0.4999999999999988898, 0.000000000000000000, -0.8660254037844393737 ) ) ;
#31 = EDGE_LOOP ( 'NONE', ( #1390, #12, #1461, #957 ) ) ;
#32 = DIRECTION ( 'NONE',  ( 0.000000000000000000, -1.000000000000000000, 0.000000000000000000 ) ) ;
#33 = AXIS2_PLACEMENT_3D ( 'NONE', #1731, #1722, #2266 ) ;
#34 = EDGE_CURVE ( 'NONE', #405, #355, #1690, .T. ) ;
#35 = ORIENTED_EDGE ( 'NONE', *, *, #731, .F. ) ;
#36 = CARTESIAN_POINT ( 'NONE',  ( -11.69134295108990074, 0.000000000000000000, -6.750000000000000000 ) ) ;
#37 = DIRECTION ( 'NONE',  ( 1.000000000000000000, 0.000000000000000000, 0.000000000000000000 ) ) ;
#38 = CARTESIAN_POINT ( 'NONE',  ( -2.999999999999997335, -2.999999999999996447, 25.00000000000000000 ) ) ;
#39 = AXIS2_PLACEMENT_3D ( 'NONE', #1609, #1436, #513 ) ;
#40 = DIRECTION ( 'NONE',  ( -3.469446951953613696E-16, 0.000000000000000000, 1.000000000000000000 ) ) ;
#41 = FACE_OUTER_BOUND ( 'NONE', #1304, .T. ) ;
#42 = CARTESIAN_POINT ( 'NONE',  ( 11.69134295108993982, 5.000000000000000000, -6.749999999999973355 ) ) ;
#43 = AXIS2_PLACEMENT_3D ( 'NONE', #169, #2169, #197 ) ;
#44 = ORIENTED_EDGE ( 'NONE', *, *, #1759, .T. ) ;
#45 = EDGE_LOOP ( 'NONE', ( #142, #617 ) ) ;
#46 = VECTOR ( 'NONE', #1723, 999.9999999999998863 ) ;
#47 = DIRECTION ( 'NONE',  ( 0.000000000000000000, 1.000000000000000000, 0.000000000000000000 ) ) ;
#48 = VERTEX_POINT ( 'NONE', #1111 ) ;
#49 = CARTESIAN_POINT ( 'NONE',  ( 10.31634295108990074, -3.000000000000000000, -9.131569860407209305 ) ) ;
#50 = EDGE_CURVE ( 'NONE', #2272, #2108, #659, .T. ) ;
#51 = SHAPE_DEFINITION_REPRESENTATION ( #175, #1955 ) ;
#52 = DIRECTION ( 'NONE',  ( -1.000000000000000000, 0.000000000000000000, 0.000000000000000000 ) ) ;
#53 = DIRECTION ( 'NONE',  ( -0.7071067811865462405, 0.000000000000000000, 0.7071067811865489050 ) ) ;
#54 = AXIS2_PLACEMENT_3D ( 'NONE', #1179, #637, #1514 ) ;
#55 = CARTESIAN_POINT ( 'NONE',  ( -12.00000000000000000, -3.000000000000000000, 83.99999999999964473 ) ) ;
#56 = FACE_OUTER_BOUND ( 'NONE', #1617, .T. ) ;
#57 = EDGE_LOOP ( 'NONE', ( #640, #1579 ) ) ;
#58 = ORIENTED_EDGE ( 'NONE', *, *, #7, .F. ) ;
#59 = ADVANCED_FACE ( 'NONE', ( #2215 ), #1134, .F. ) ;
#60 = ORIENTED_EDGE ( 'NONE', *, *, #335, .F. ) ;
#61 = CARTESIAN_POINT ( 'NONE',  ( -1.836970198721038266E-15, 5.000000000000000000, 67.50000000000000000 ) ) ;
#62 = EDGE_CURVE ( 'NONE', #1459, #1542, #1837, .T. ) ;
#63 = DIRECTION ( 'NONE',  ( 0.000000000000000000, 0.000000000000000000, -1.000000000000000000 ) ) ;
#64 = FACE_OUTER_BOUND ( 'NONE', #1161, .T. ) ;
#65 = VERTEX_POINT ( 'NONE', #364 ) ;
#66 = EDGE_CURVE ( 'NONE', #1776, #2094, #1420, .T. ) ;
#67 = ADVANCED_FACE ( 'NONE', ( #600 ), #1298, .F. ) ;
#68 = ORIENTED_EDGE ( 'NONE', *, *, #1188, .F. ) ;
#69 = DIRECTION ( 'NONE',  ( 0.000000000000000000, 1.000000000000000000, 0.000000000000000000 ) ) ;
#70 = VECTOR ( 'NONE', #1121, 1000.000000000000000 ) ;
#71 = ADVANCED_FACE ( 'NONE', ( #1319 ), #1146, .T. ) ;
#72 = DIRECTION ( 'NONE',  ( -0.06533628763226788372, 0.000000000000000000, -0.9978633020200881054 ) ) ;
#73 = DIRECTION ( 'NONE',  ( -0.000000000000000000, 1.000000000000000000, -0.000000000000000000 ) ) ;
#74 = DIRECTION ( 'NONE',  ( -0.7071067811865464625, 0.000000000000000000, -0.7071067811865486830 ) ) ;
#75 = ORIENTED_EDGE ( 'NONE', *, *, #2113, .F. ) ;
#76 = AXIS2_PLACEMENT_3D ( 'NONE', #1505, #2228, #428 ) ;
#77 = DIRECTION ( 'NONE',  ( -0.7071067811865485719, 0.000000000000000000, 0.7071067811865465735 ) ) ;
#78 = VECTOR ( 'NONE', #1297, 1000.000000000000000 ) ;
#79 = ADVANCED_FACE ( 'NONE', ( #2188 ), #908, .T. ) ;
#80 = VECTOR ( 'NONE', #1995, 1000.000000000000000 ) ;
#81 = ORIENTED_EDGE ( 'NONE', *, *, #1013, .T. ) ;
#82 = ORIENTED_EDGE ( 'NONE', *, *, #935, .F. ) ;
#83 = CARTESIAN_POINT ( 'NONE',  ( 3.000000000000009770, 5.000000000000000000, 37.99999999999999289 ) ) ;
#84 = FACE_OUTER_BOUND ( 'NONE', #11, .T. ) ;
#85 = CARTESIAN_POINT ( 'NONE',  ( -11.00000000000000000, -2.999999999999996447, 45.99999999999997868 ) ) ;
#86 = ADVANCED_FACE ( 'NONE', ( #391 ), #1501, .F. ) ;
#87 = VERTEX_POINT ( 'NONE', #2225 ) ;
#88 = CIRCLE ( 'NONE', #1044, 1.549999999999999378 ) ;
#89 = EDGE_CURVE ( 'NONE', #1914, #2117, #2, .T. ) ;
#90 = ORIENTED_EDGE ( 'NONE', *, *, #1635, .T. ) ;
#91 = ORIENTED_EDGE ( 'NONE', *, *, #1353, .F. ) ;
#92 = FACE_OUTER_BOUND ( 'NONE', #1629, .T. ) ;
#93 = CARTESIAN_POINT ( 'NONE',  ( 17.35059093314515621, -2.000000000000000000, 2.281883930146539008 ) ) ;
#94 = EDGE_CURVE ( 'NONE', #1015, #131, #547, .T. ) ;
#95 = EDGE_CURVE ( 'NONE', #87, #2230, #2007, .T. ) ;
#96 = CYLINDRICAL_SURFACE ( 'NONE', #508, 1.549999999999999378 ) ;
#97 = CARTESIAN_POINT ( 'NONE',  ( 11.97424958238399917, -2.000000000000000000, 84.78571428571429180 ) ) ;
#98 = CARTESIAN_POINT ( 'NONE',  ( 13.06634295108990074, -3.000000000000000000, -4.368430139592789807 ) ) ;
#99 = ORIENTED_EDGE ( 'NONE', *, *, #2136, .T. ) ;
#100 = CARTESIAN_POINT ( 'NONE',  ( -17.42529546657258166, -3.000000000000000000, 1.140941965073208442 ) ) ;
#101 = EDGE_LOOP ( 'NONE', ( #1064, #1768 ) ) ;
#102 = ORIENTED_EDGE ( 'NONE', *, *, #1845, .F. ) ;
#103 = VECTOR ( 'NONE', #2146, 1000.000000000000000 ) ;
#104 = LINE ( 'NONE', #2248, #480 ) ;
#105 = CARTESIAN_POINT ( 'NONE',  ( 0.000000000000000000, -3.000000000000000000, 0.000000000000000000 ) ) ;
#106 = ADVANCED_FACE ( 'NONE', ( #1367 ), #255, .T. ) ;
#107 = DIRECTION ( 'NONE',  ( 0.9978541318653372239, 0.000000000000000000, 0.06547619047618873089 ) ) ;
#108 = DIRECTION ( 'NONE',  ( -0.5000000000000003331, 0.000000000000000000, 0.8660254037844384856 ) ) ;
#109 = DIRECTION ( 'NONE',  ( 0.000000000000000000, 1.000000000000000000, 0.000000000000000000 ) ) ;
#110 = EDGE_LOOP ( 'NONE', ( #1255, #369 ) ) ;
#111 = CARTESIAN_POINT ( 'NONE',  ( 2.999999999999999112, 5.000000000000000000, 32.99999999999998579 ) ) ;
#112 = VERTEX_POINT ( 'NONE', #1864 ) ;
#113 = ORIENTED_EDGE ( 'NONE', *, *, #1807, .T. ) ;
#114 = VECTOR ( 'NONE', #195, 1000.000000000000000 ) ;
#115 = DIRECTION ( 'NONE',  ( -0.000000000000000000, 1.000000000000000000, -0.000000000000000000 ) ) ;
#116 = AXIS2_PLACEMENT_3D ( 'NONE', #897, #1467, #727 ) ;
#117 = ADVANCED_FACE ( 'NONE', ( #970 ), #1536, .T. ) ;
#118 = DIRECTION ( 'NONE',  ( -0.000000000000000000, 1.000000000000000000, -0.000000000000000000 ) ) ;
#119 = DIRECTION ( 'NONE',  ( 2.602085213965212121E-16, 0.000000000000000000, 1.000000000000000000 ) ) ;
#120 = VERTEX_POINT ( 'NONE', #245 ) ;
#121 = CARTESIAN_POINT ( 'NONE',  ( -17.50000000000000000, -3.000000000000000000, 0.000000000000000000 ) ) ;
#122 = LINE ( 'NONE', #1375, #1808 ) ;
#123 = EDGE_LOOP ( 'NONE', ( #2192, #1983, #1758, #1984 ) ) ;
#124 = ORIENTED_EDGE ( 'NONE', *, *, #1082, .F. ) ;
#125 = FACE_OUTER_BOUND ( 'NONE', #624, .T. ) ;
#126 = DIRECTION ( 'NONE',  ( 1.000000000000000000, 0.000000000000000000, 0.000000000000000000 ) ) ;
#127 = EDGE_CURVE ( 'NONE', #1938, #634, #1166, .T. ) ;
#128 = CARTESIAN_POINT ( 'NONE',  ( -2.750000000000000000, 0.000000000000000000, -13.50000000000000000 ) ) ;
#129 = DIRECTION ( 'NONE',  ( -0.06533628763226792535, 0.000000000000000000, 0.9978633020200881054 ) ) ;
#130 = EDGE_CURVE ( 'NONE', #1473, #358, #1701, .T. ) ;
#131 = VERTEX_POINT ( 'NONE', #2259 ) ;
#132 = CYLINDRICAL_SURFACE ( 'NONE', #1966, 2.750000000000000000 ) ;
#133 = EDGE_CURVE ( 'NONE', #1081, #396, #628, .T. ) ;
#134 = EDGE_CURVE ( 'NONE', #1108, #1197, #799, .T. ) ;
#135 = VERTEX_POINT ( 'NONE', #1354 ) ;
#136 = ORIENTED_EDGE ( 'NONE', *, *, #438, .F. ) ;
#137 = LINE ( 'NONE', #485, #327 ) ;
#138 = VECTOR ( 'NONE', #2155, 1000.000000000000000 ) ;
#139 = CARTESIAN_POINT ( 'NONE',  ( 0.000000000000000000, -2.000000000000000000, 0.000000000000000000 ) ) ;
#140 = LINE ( 'NONE', #492, #2130 ) ;
#141 = CIRCLE ( 'NONE', #1475, 2.749999999999999112 ) ;
#142 = ORIENTED_EDGE ( 'NONE', *, *, #1440, .F. ) ;
#143 = CARTESIAN_POINT ( 'NONE',  ( -11.69134295108990074, -3.000000000000000000, 6.750000000000000000 ) ) ;
#144 = ADVANCED_FACE ( 'NONE', ( #2100 ), #1693, .F. ) ;
#145 = ORIENTED_EDGE ( 'NONE', *, *, #1680, .F. ) ;
#146 = DIRECTION ( 'NONE',  ( -1.000000000000000000, 0.000000000000000000, 0.000000000000000000 ) ) ;
#147 = AXIS2_PLACEMENT_3D ( 'NONE', #703, #2182, #10 ) ;
#148 = ORIENTED_EDGE ( 'NONE', *, *, #2064, .F. ) ;
#149 = DIRECTION ( 'NONE',  ( 8.673617379884034239E-17, 0.000000000000000000, 1.000000000000000000 ) ) ;
#150 = DIRECTION ( 'NONE',  ( -0.000000000000000000, 1.000000000000000000, -0.000000000000000000 ) ) ;
#151 = VECTOR ( 'NONE', #1548, 1000.000000000000000 ) ;
#152 = ORIENTED_EDGE ( 'NONE', *, *, #648, .F. ) ;
#153 = CARTESIAN_POINT ( 'NONE',  ( 3.000000000000007994, -3.000000000000000000, 38.00000000000000000 ) ) ;
#154 = CARTESIAN_POINT ( 'NONE',  ( 3.000000000000003109, -2.999999999999996447, 25.00000000000000000 ) ) ;
#155 = EDGE_CURVE ( 'NONE', #1835, #1838, #1904, .T. ) ;
#156 = VERTEX_POINT ( 'NONE', #426 ) ;
#157 = VERTEX_POINT ( 'NONE', #2250 ) ;
#158 = EDGE_CURVE ( 'NONE', #526, #352, #1232, .T. ) ;
#159 = PLANE ( 'NONE',  #986 ) ;
#160 = ORIENTED_EDGE ( 'NONE', *, *, #1635, .F. ) ;
#161 = CARTESIAN_POINT ( 'NONE',  ( -3.000000000000000000, 5.000000000000000000, 33.00000000000000000 ) ) ;
#162 = ADVANCED_FACE ( 'NONE', ( #1874 ), #96, .F. ) ;
#163 = AXIS2_PLACEMENT_3D ( 'NONE', #2033, #1993, #1310 ) ;
#164 = CARTESIAN_POINT ( 'NONE',  ( 11.00000000000000711, 5.000000000000000000, 40.99999999999997158 ) ) ;
#165 = ORIENTED_EDGE ( 'NONE', *, *, #2256, .T. ) ;
#166 = DIRECTION ( 'NONE',  ( 0.000000000000000000, 1.000000000000000000, 0.000000000000000000 ) ) ;
#167 = DIRECTION ( 'NONE',  ( 0.000000000000000000, -1.000000000000000000, 0.000000000000000000 ) ) ;
#168 = VERTEX_POINT ( 'NONE', #1194 ) ;
#169 = CARTESIAN_POINT ( 'NONE',  ( -11.69134295108990074, -3.000000000000000000, 6.750000000000000000 ) ) ;
#170 = ORIENTED_EDGE ( 'NONE', *, *, #2021, .T. ) ;
#171 = ORIENTED_EDGE ( 'NONE', *, *, #50, .F. ) ;
#172 = FACE_BOUND ( 'NONE', #1162, .T. ) ;
#173 = ADVANCED_FACE ( 'NONE', ( #619 ), #1910, .F. ) ;
#174 = PLANE ( 'NONE',  #376 ) ;
#175 = PRODUCT_DEFINITION_SHAPE ( 'NONE', 'NONE',  #264 ) ;
#176 = DIRECTION ( 'NONE',  ( 1.000000000000000000, 0.000000000000000000, 0.000000000000000000 ) ) ;
#177 = AXIS2_PLACEMENT_3D ( 'NONE', #139, #871, #2137 ) ;
#178 = DIRECTION ( 'NONE',  ( 0.000000000000000000, 0.000000000000000000, 1.000000000000000000 ) ) ;
#179 = FACE_BOUND ( 'NONE', #552, .T. ) ;
#180 = ORIENTED_EDGE ( 'NONE', *, *, #1607, .F. ) ;
#181 = VERTEX_POINT ( 'NONE', #1018 ) ;
#182 = ORIENTED_EDGE ( 'NONE', *, *, #605, .F. ) ;
#183 = AXIS2_PLACEMENT_3D ( 'NONE', #891, #146, #881 ) ;
#184 = ORIENTED_EDGE ( 'NONE', *, *, #909, .T. ) ;
#185 = DIRECTION ( 'NONE',  ( 0.000000000000000000, -1.000000000000000000, 0.000000000000000000 ) ) ;
#186 = VECTOR ( 'NONE', #377, 1000.000000000000000 ) ;
#187 = CIRCLE ( 'NONE', #575, 17.50000000000000000 ) ;
#188 = DIRECTION ( 'NONE',  ( -0.000000000000000000, 1.000000000000000000, -0.000000000000000000 ) ) ;
#189 = DIRECTION ( 'NONE',  ( 8.673617379884035472E-17, 0.000000000000000000, 1.000000000000000000 ) ) ;
#190 = EDGE_CURVE ( 'NONE', #2103, #1468, #1346, .T. ) ;
#191 = VECTOR ( 'NONE', #656, 1000.000000000000000 ) ;
#192 = CARTESIAN_POINT ( 'NONE',  ( 11.69134295108989363, 0.000000000000000000, 6.750000000000054179 ) ) ;
#193 = PLANE ( 'NONE',  #2088 ) ;
#194 = AXIS2_PLACEMENT_3D ( 'NONE', #1791, #1265, #30 ) ;
#195 = DIRECTION ( 'NONE',  ( -0.000000000000000000, 1.000000000000000000, -0.000000000000000000 ) ) ;
#196 = EDGE_LOOP ( 'NONE', ( #1855, #1324, #265, #469, #1785, #892 ) ) ;
#197 = DIRECTION ( 'NONE',  ( 0.5000000000000009992, 0.000000000000000000, 0.8660254037844381525 ) ) ;
#198 = ORIENTED_EDGE ( 'NONE', *, *, #502, .T. ) ;
#199 = AXIS2_PLACEMENT_3D ( 'NONE', #1899, #269, #2090 ) ;
#200 = DIRECTION ( 'NONE',  ( 3.469446951953616161E-16, 0.000000000000000000, 1.000000000000000000 ) ) ;
#201 = CARTESIAN_POINT ( 'NONE',  ( 3.000000000000006661, -2.999999999999996447, 33.00000000000000000 ) ) ;
#202 = CARTESIAN_POINT ( 'NONE',  ( 0.000000000000000000, -3.000000000000000000, -13.50000000000000000 ) ) ;
#203 = DIRECTION ( 'NONE',  ( 0.000000000000000000, -1.000000000000000000, 0.000000000000000000 ) ) ;
#204 = CARTESIAN_POINT ( 'NONE',  ( 11.00000000000000888, -2.999999999999996447, 45.99999999999997158 ) ) ;
#205 = EDGE_CURVE ( 'NONE', #420, #1473, #1830, .T. ) ;
#206 = LINE ( 'NONE', #2150, #1107 ) ;
#207 = ORIENTED_EDGE ( 'NONE', *, *, #133, .F. ) ;
#208 = CARTESIAN_POINT ( 'NONE',  ( -11.69134295108997890, 0.000000000000000000, 6.749999999999891642 ) ) ;
#209 = EDGE_CURVE ( 'NONE', #521, #396, #811, .T. ) ;
#210 = ORIENTED_EDGE ( 'NONE', *, *, #1055, .F. ) ;
#211 = CARTESIAN_POINT ( 'NONE',  ( 0.000000000000000000, 0.000000000000000000, -13.50000000000000000 ) ) ;
#212 = CARTESIAN_POINT ( 'NONE',  ( -11.00000000000000000, 5.000000000000000000, 0.000000000000000000 ) ) ;
#213 = DIRECTION ( 'NONE',  ( -0.7071067811865485719, 0.000000000000000000, 0.7071067811865465735 ) ) ;
#214 = CARTESIAN_POINT ( 'NONE',  ( 0.000000000000000000, 5.000000000000000000, 84.00000000000000000 ) ) ;
#215 = CARTESIAN_POINT ( 'NONE',  ( -2.999999999999997335, -2.999999999999996447, 20.00000000000000000 ) ) ;
#216 = DIRECTION ( 'NONE',  ( 0.000000000000000000, 0.000000000000000000, 1.000000000000000000 ) ) ;
#217 = ORIENTED_EDGE ( 'NONE', *, *, #2229, .F. ) ;
#218 = EDGE_LOOP ( 'NONE', ( #145, #863, #99, #136, #1349, #1540 ) ) ;
#219 = DIRECTION ( 'NONE',  ( 0.000000000000000000, 0.000000000000000000, 1.000000000000000000 ) ) ;
#220 = ORIENTED_EDGE ( 'NONE', *, *, #50, .T. ) ;
#221 = DIRECTION ( 'NONE',  ( -1.000000000000000000, 0.000000000000000000, 0.000000000000000000 ) ) ;
#222 = CARTESIAN_POINT ( 'NONE',  ( -11.69134295108990074, -3.000000000000000000, -6.750000000000000000 ) ) ;
#223 = AXIS2_PLACEMENT_3D ( 'NONE', #576, #1145, #425 ) ;
#224 = DIRECTION ( 'NONE',  ( 0.000000000000000000, 0.000000000000000000, -1.000000000000000000 ) ) ;
#225 = DIRECTION ( 'NONE',  ( 0.000000000000000000, 0.000000000000000000, 1.000000000000000000 ) ) ;
#226 = CARTESIAN_POINT ( 'NONE',  ( 1.898202538678396719E-16, 0.000000000000000000, -15.05000000000000071 ) ) ;
#227 = AXIS2_PLACEMENT_3D ( 'NONE', #208, #32, #1431 ) ;
#228 = ORIENTED_EDGE ( 'NONE', *, *, #1861, .F. ) ;
#229 = VERTEX_POINT ( 'NONE', #1886 ) ;
#230 = CIRCLE ( 'NONE', #804, 1.549999999999999378 ) ;
#231 = EDGE_CURVE ( 'NONE', #276, #890, #88, .T. ) ;
#232 = ADVANCED_FACE ( 'NONE', ( #270 ), #2091, .T. ) ;
#233 = ORIENTED_EDGE ( 'NONE', *, *, #2029, .T. ) ;
#234 = DIRECTION ( 'NONE',  ( 0.000000000000000000, -1.000000000000000000, 0.000000000000000000 ) ) ;
#235 = EDGE_CURVE ( 'NONE', #1914, #307, #995, .T. ) ;
#236 = DIRECTION ( 'NONE',  ( 0.9978633020200881054, 0.000000000000000000, 0.06533628763226788372 ) ) ;
#237 = CARTESIAN_POINT ( 'NONE',  ( 11.69134295108989363, 0.000000000000000000, 6.750000000000054179 ) ) ;
#238 = VECTOR ( 'NONE', #149, 1000.000000000000000 ) ;
#239 = CYLINDRICAL_SURFACE ( 'NONE', #76, 2.750000000000000000 ) ;
#240 = ORIENTED_EDGE ( 'NONE', *, *, #24, .T. ) ;
#241 = AXIS2_PLACEMENT_3D ( 'NONE', #696, #861, #1584 ) ;
#242 = LINE ( 'NONE', #1187, #1710 ) ;
#243 = ORIENTED_EDGE ( 'NONE', *, *, #24, .F. ) ;
#244 = PLANE ( 'NONE',  #2002 ) ;
#245 = CARTESIAN_POINT ( 'NONE',  ( -17.35059093314515621, -2.000000000000000000, 2.281883930146539008 ) ) ;
#246 = ADVANCED_FACE ( 'NONE', ( #2260 ), #1168, .F. ) ;
#247 = CARTESIAN_POINT ( 'NONE',  ( 0.000000000000000000, 3.000000000000000000, 0.000000000000000000 ) ) ;
#248 = LINE ( 'NONE', #2025, #1602 ) ;
#249 = ORIENTED_EDGE ( 'NONE', *, *, #1156, .F. ) ;
#250 = AXIS2_PLACEMENT_3D ( 'NONE', #211, #1646, #968 ) ;
#251 = ORIENTED_EDGE ( 'NONE', *, *, #1167, .F. ) ;
#252 = ORIENTED_EDGE ( 'NONE', *, *, #380, .F. ) ;
#253 = DIRECTION ( 'NONE',  ( -0.4999999999999993339, 0.000000000000000000, 0.8660254037844390407 ) ) ;
#254 = ADVANCED_FACE ( 'NONE', ( #1725 ), #1195, .F. ) ;
#255 = PLANE ( 'NONE',  #1079 ) ;
#256 = DIRECTION ( 'NONE',  ( -0.000000000000000000, 1.000000000000000000, -0.000000000000000000 ) ) ;
#257 = CARTESIAN_POINT ( 'NONE',  ( -9.408017589489674975E-14, 0.000000000000000000, 11.94999999999999929 ) ) ;
#258 = EDGE_CURVE ( 'NONE', #2167, #1317, #347, .T. ) ;
#259 = ORIENTED_EDGE ( 'NONE', *, *, #1055, .T. ) ;
#260 = VECTOR ( 'NONE', #549, 1000.000000000000114 ) ;
#261 = AXIS2_PLACEMENT_3D ( 'NONE', #762, #1660, #774 ) ;
#262 = AXIS2_PLACEMENT_3D ( 'NONE', #937, #739, #2332 ) ;
#263 = AXIS2_PLACEMENT_3D ( 'NONE', #1439, #2166, #2333 ) ;
#264 = PRODUCT_DEFINITION ( 'æœ', '', #294, #2243 ) ;
#265 = ORIENTED_EDGE ( 'NONE', *, *, #1680, .T. ) ;
#266 = EDGE_LOOP ( 'NONE', ( #539, #489, #895, #332 ) ) ;
#267 = CYLINDRICAL_SURFACE ( 'NONE', #795, 2.750000000000000000 ) ;
#268 = LINE ( 'NONE', #1544, #2054 ) ;
#269 = DIRECTION ( 'NONE',  ( 0.000000000000000000, -1.000000000000000000, 0.000000000000000000 ) ) ;
#270 = FACE_OUTER_BOUND ( 'NONE', #828, .T. ) ;
#271 = CYLINDRICAL_SURFACE ( 'NONE', #1412, 17.50000000000000000 ) ;
#272 = ORIENTED_EDGE ( 'NONE', *, *, #374, .T. ) ;
#273 = AXIS2_PLACEMENT_3D ( 'NONE', #280, #1159, #1537 ) ;
#274 = ADVANCED_FACE ( 'NONE', ( #629, #2071 ), #2101, .T. ) ;
#275 = ORIENTED_EDGE ( 'NONE', *, *, #1460, .T. ) ;
#276 = VERTEX_POINT ( 'NONE', #834 ) ;
#277 = CARTESIAN_POINT ( 'NONE',  ( 10.31634295108990074, 0.000000000000000000, -9.131569860407198647 ) ) ;
#278 = CARTESIAN_POINT ( 'NONE',  ( -13.06634295108990074, 0.000000000000000000, 4.368430139592789807 ) ) ;
#279 = DIRECTION ( 'NONE',  ( 0.000000000000000000, 0.000000000000000000, 1.000000000000000000 ) ) ;
#280 = CARTESIAN_POINT ( 'NONE',  ( 0.000000000000000000, 5.000000000000000000, 84.00000000000000000 ) ) ;
#281 = CYLINDRICAL_SURFACE ( 'NONE', #720, 1.549999999999999378 ) ;
#282 = EDGE_LOOP ( 'NONE', ( #2075, #210, #249, #1002, #913 ) ) ;
#283 = DIRECTION ( 'NONE',  ( 0.000000000000000000, -1.000000000000000000, 0.000000000000000000 ) ) ;
#284 = ORIENTED_EDGE ( 'NONE', *, *, #1415, .T. ) ;
#285 = EDGE_LOOP ( 'NONE', ( #2300, #1381, #796, #1847 ) ) ;
#286 = ADVANCED_FACE ( 'NONE', ( #84 ), #1182, .F. ) ;
#287 = DIRECTION ( 'NONE',  ( -0.4999999999999998335, 0.000000000000000000, -0.8660254037844388186 ) ) ;
#288 = CARTESIAN_POINT ( 'NONE',  ( -12.00000000000000000, -3.000000000000000000, 83.99999999999964473 ) ) ;
#289 = CARTESIAN_POINT ( 'NONE',  ( 3.000000000000003109, -2.999999999999996447, 25.00000000000000000 ) ) ;
#290 = DIRECTION ( 'NONE',  ( -0.7071067811865483499, 0.000000000000000000, 0.7071067811865465735 ) ) ;
#291 = ORIENTED_EDGE ( 'NONE', *, *, #550, .F. ) ;
#292 = CARTESIAN_POINT ( 'NONE',  ( 11.69134295108993982, 5.000000000000000000, -5.199999999999973532 ) ) ;
#293 = EDGE_CURVE ( 'NONE', #2045, #420, #446, .T. ) ;
#294 = PRODUCT_DEFINITION_FORMATION_WITH_SPECIFIED_SOURCE ( 'ä»', '', #1513, .NOT_KNOWN. ) ;
#295 = CIRCLE ( 'NONE', #1181, 2.750000000000001776 ) ;
#296 = DIRECTION ( 'NONE',  ( 2.023844055306274533E-16, 0.000000000000000000, -1.000000000000000000 ) ) ;
#297 = ORIENTED_EDGE ( 'NONE', *, *, #2338, .T. ) ;
#298 = EDGE_LOOP ( 'NONE', ( #1050, #1154, #915, #81 ) ) ;
#299 = AXIS2_PLACEMENT_3D ( 'NONE', #214, #971, #1492 ) ;
#300 = FACE_OUTER_BOUND ( 'NONE', #1508, .T. ) ;
#301 = FACE_BOUND ( 'NONE', #551, .T. ) ;
#302 = EDGE_CURVE ( 'NONE', #998, #1046, #1547, .T. ) ;
#303 = CIRCLE ( 'NONE', #455, 1.550000000000000933 ) ;
#304 = FACE_BOUND ( 'NONE', #2173, .T. ) ;
#305 = EDGE_CURVE ( 'NONE', #395, #1468, #1496, .T. ) ;
#306 = CARTESIAN_POINT ( 'NONE',  ( 2.750000000000000000, 0.000000000000000000, -13.50000000000000000 ) ) ;
#307 = VERTEX_POINT ( 'NONE', #1558 ) ;
#308 = LINE ( 'NONE', #1949, #642 ) ;
#309 = LINE ( 'NONE', #1048, #114 ) ;
#310 = AXIS2_PLACEMENT_3D ( 'NONE', #2078, #1525, #445 ) ;
#311 = EDGE_LOOP ( 'NONE', ( #1267, #1483, #1139, #954 ) ) ;
#312 = ORIENTED_EDGE ( 'NONE', *, *, #1861, .T. ) ;
#313 = CARTESIAN_POINT ( 'NONE',  ( -10.99999999999999822, -2.999999999999996447, 27.99999999999997513 ) ) ;
#314 = CARTESIAN_POINT ( 'NONE',  ( 11.97424958238399917, -3.000000000000000000, 84.78571428571429180 ) ) ;
#315 = CARTESIAN_POINT ( 'NONE',  ( 2.999999999999997780, 5.000000000000000000, -7.806255641895630939E-16 ) ) ;
#316 = ORIENTED_EDGE ( 'NONE', *, *, #956, .T. ) ;
#317 = ADVANCED_FACE ( 'NONE', ( #1205 ), #2283, .T. ) ;
#318 = LINE ( 'NONE', #1374, #1638 ) ;
#319 = CARTESIAN_POINT ( 'NONE',  ( -8.000000000000000000, 5.000000000000000000, 0.000000000000000000 ) ) ;
#320 = ORIENTED_EDGE ( 'NONE', *, *, #409, .F. ) ;
#321 = CARTESIAN_POINT ( 'NONE',  ( 3.000000000000006661, -2.999999999999996447, 33.00000000000000000 ) ) ;
#322 = AXIS2_PLACEMENT_3D ( 'NONE', #519, #1963, #2128 ) ;
#323 = CARTESIAN_POINT ( 'NONE',  ( 3.000000000000007994, -2.999999999999996447, 38.00000000000000000 ) ) ;
#324 = LINE ( 'NONE', #1964, #955 ) ;
#325 = ORIENTED_EDGE ( 'NONE', *, *, #835, .T. ) ;
#326 = CARTESIAN_POINT ( 'NONE',  ( 10.31634295108990074, -3.000000000000000000, 9.131569860407209305 ) ) ;
#327 = VECTOR ( 'NONE', #1581, 1000.000000000000000 ) ;
#328 = EDGE_CURVE ( 'NONE', #476, #131, #473, .T. ) ;
#329 = LINE ( 'NONE', #1612, #1596 ) ;
#330 = VERTEX_POINT ( 'NONE', #2294 ) ;
#331 = PLANE ( 'NONE',  #1705 ) ;
#332 = ORIENTED_EDGE ( 'NONE', *, *, #1783, .T. ) ;
#333 = EDGE_CURVE ( 'NONE', #2314, #423, #2059, .T. ) ;
#334 = CIRCLE ( 'NONE', #2125, 2.750000000000000000 ) ;
#335 = EDGE_CURVE ( 'NONE', #276, #1413, #802, .T. ) ;
#336 = CARTESIAN_POINT ( 'NONE',  ( -2.750000000000000000, -3.000000000000000000, 13.50000000000000000 ) ) ;
#337 = VECTOR ( 'NONE', #47, 1000.000000000000000 ) ;
#338 = AXIS2_PLACEMENT_3D ( 'NONE', #416, #1568, #2293 ) ;
#339 = CARTESIAN_POINT ( 'NONE',  ( -13.06634295108990074, -3.000000000000000000, -4.368430139592789807 ) ) ;
#340 = CARTESIAN_POINT ( 'NONE',  ( 11.00000000000000711, -2.999999999999996447, 40.99999999999997158 ) ) ;
#341 = ORIENTED_EDGE ( 'NONE', *, *, #408, .F. ) ;
#342 = CARTESIAN_POINT ( 'NONE',  ( 11.97424958238400272, 3.000000000000000000, 84.78571428571427759 ) ) ;
#343 = CYLINDRICAL_SURFACE ( 'NONE', #2123, 2.750000000000000000 ) ;
#344 = DIRECTION ( 'NONE',  ( 0.000000000000000000, 1.000000000000000000, 0.000000000000000000 ) ) ;
#345 = ORIENTED_EDGE ( 'NONE', *, *, #66, .F. ) ;
#346 = ADVANCED_FACE ( 'NONE', ( #1756 ), #883, .F. ) ;
#347 = CIRCLE ( 'NONE', #273, 6.550000000000000711 ) ;
#348 = EDGE_LOOP ( 'NONE', ( #441, #506 ) ) ;
#349 = FACE_BOUND ( 'NONE', #2291, .T. ) ;
#350 = CLOSED_SHELL ( 'NONE', ( #869, #59, #1502, #2106, #757, #410, #286, #1678, #697, #1329, #1795, #511, #317, #1535, #2066, #1366, #79, #1153, #1920, #2335, #1177, #1718, #274, #1770, #254, #627, #623, #744, #1800, #941, #2342, #1387, #1811, #67, #710, #574, #2089, #484, #658, #1199, #1589, #106, #1129, #1622, #1619, #979, #975, #246, #2316, #21, #232, #173, #1884, #722, #71, #475, #833, #692, #86, #683, #926, #985, #827, #2053, #1028, #1249, #144, #162, #2015, #346, #450, #117, #541 ) ) ;
#351 = FACE_OUTER_BOUND ( 'NONE', #1844, .T. ) ;
#352 = VERTEX_POINT ( 'NONE', #504 ) ;
#353 = LINE ( 'NONE', #711, #959 ) ;
#354 = DIRECTION ( 'NONE',  ( 0.000000000000000000, 0.000000000000000000, 1.000000000000000000 ) ) ;
#355 = VERTEX_POINT ( 'NONE', #2307 ) ;
#356 = ORIENTED_EDGE ( 'NONE', *, *, #587, .T. ) ;
#357 = DIRECTION ( 'NONE',  ( -1.000000000000000000, 0.000000000000000000, 8.673617379884034239E-17 ) ) ;
#358 = VERTEX_POINT ( 'NONE', #512 ) ;
#359 = EDGE_CURVE ( 'NONE', #1283, #588, #2115, .T. ) ;
#360 = VERTEX_POINT ( 'NONE', #1230 ) ;
#361 = DIRECTION ( 'NONE',  ( 0.000000000000000000, 1.000000000000000000, 0.000000000000000000 ) ) ;
#362 = VECTOR ( 'NONE', #760, 1000.000000000000000 ) ;
#363 = DIRECTION ( 'NONE',  ( 0.000000000000000000, 0.000000000000000000, 1.000000000000000000 ) ) ;
#364 = CARTESIAN_POINT ( 'NONE',  ( 10.31634295108990074, -3.000000000000000000, -9.131569860407209305 ) ) ;
#365 = CARTESIAN_POINT ( 'NONE',  ( 11.00000000000000355, -2.999999999999996447, 32.99999999999997158 ) ) ;
#366 = CARTESIAN_POINT ( 'NONE',  ( 1.898202538678396719E-16, 5.000000000000000000, -15.05000000000000071 ) ) ;
#367 = LINE ( 'NONE', #154, #1294 ) ;
#368 = AXIS2_PLACEMENT_3D ( 'NONE', #945, #590, #1669 ) ;
#369 = ORIENTED_EDGE ( 'NONE', *, *, #943, .F. ) ;
#370 = ORIENTED_EDGE ( 'NONE', *, *, #1913, .T. ) ;
#371 = DIRECTION ( 'NONE',  ( 0.000000000000000000, 1.000000000000000000, 0.000000000000000000 ) ) ;
#372 = AXIS2_PLACEMENT_3D ( 'NONE', #1901, #1912, #1767 ) ;
#373 = ORIENTED_EDGE ( 'NONE', *, *, #587, .F. ) ;
#374 = EDGE_CURVE ( 'NONE', #2281, #476, #1773, .T. ) ;
#375 = DIRECTION ( 'NONE',  ( -0.000000000000000000, 1.000000000000000000, -0.000000000000000000 ) ) ;
#376 = AXIS2_PLACEMENT_3D ( 'NONE', #591, #2057, #1524 ) ;
#377 = DIRECTION ( 'NONE',  ( -0.000000000000000000, 1.000000000000000000, -0.000000000000000000 ) ) ;
#378 = LINE ( 'NONE', #934, #2030 ) ;
#379 = CIRCLE ( 'NONE', #2162, 1.549999999999999378 ) ;
#380 = EDGE_CURVE ( 'NONE', #2094, #1776, #1569, .T. ) ;
#381 = DIRECTION ( 'NONE',  ( 0.000000000000000000, 1.000000000000000000, 0.000000000000000000 ) ) ;
#382 = FACE_OUTER_BOUND ( 'NONE', #1407, .T. ) ;
#383 = CIRCLE ( 'NONE', #1489, 17.50000000000000000 ) ;
#384 = DIRECTION ( 'NONE',  ( 0.7071067811865486830, 0.000000000000000000, 0.7071067811865464625 ) ) ;
#385 = ORIENTED_EDGE ( 'NONE', *, *, #668, .F. ) ;
#386 = EDGE_LOOP ( 'NONE', ( #2275, #1645, #2296, #1234 ) ) ;
#387 = PLANE ( 'NONE',  #838 ) ;
#388 = VERTEX_POINT ( 'NONE', #128 ) ;
#389 = AXIS2_PLACEMENT_3D ( 'NONE', #436, #1923, #1900 ) ;
#390 = CARTESIAN_POINT ( 'NONE',  ( -3.000000000000001332, 5.000000000000000000, 67.50000000000000000 ) ) ;
#391 = FACE_OUTER_BOUND ( 'NONE', #1965, .T. ) ;
#392 = CARTESIAN_POINT ( 'NONE',  ( -11.69134295108984212, -2.999999999999996447, -8.300000000000135714 ) ) ;
#393 = LINE ( 'NONE', #215, #46 ) ;
#394 = CARTESIAN_POINT ( 'NONE',  ( -17.46244730764339792, -2.000000000000000000, 1.145833333333329929 ) ) ;
#395 = VERTEX_POINT ( 'NONE', #2320 ) ;
#396 = VERTEX_POINT ( 'NONE', #1425 ) ;
#397 = CARTESIAN_POINT ( 'NONE',  ( -2.750000000000000000, -3.000000000000000000, -13.50000000000000000 ) ) ;
#398 = ORIENTED_EDGE ( 'NONE', *, *, #1783, .F. ) ;
#399 = CARTESIAN_POINT ( 'NONE',  ( 10.31634295108990074, 0.000000000000000000, 9.131569860407209305 ) ) ;
#400 = DIRECTION ( 'NONE',  ( -0.000000000000000000, 1.000000000000000000, -0.000000000000000000 ) ) ;
#401 = EDGE_CURVE ( 'NONE', #1603, #634, #848, .T. ) ;
#402 = LINE ( 'NONE', #392, #2280 ) ;
#403 = DIRECTION ( 'NONE',  ( 0.000000000000000000, 1.000000000000000000, 0.000000000000000000 ) ) ;
#404 = CARTESIAN_POINT ( 'NONE',  ( -2.999999999999997335, -2.999999999999996447, 20.00000000000000000 ) ) ;
#405 = VERTEX_POINT ( 'NONE', #1073 ) ;
#406 = ORIENTED_EDGE ( 'NONE', *, *, #293, .F. ) ;
#407 = EDGE_CURVE ( 'NONE', #951, #2098, #814, .T. ) ;
#408 = EDGE_CURVE ( 'NONE', #2290, #1108, #1155, .T. ) ;
#409 = EDGE_CURVE ( 'NONE', #431, #528, #1954, .T. ) ;
#410 = ADVANCED_FACE ( 'NONE', ( #491 ), #2339, .F. ) ;
#411 = VERTEX_POINT ( 'NONE', #675 ) ;
#412 = PLANE ( 'NONE',  #905 ) ;
#413 = LINE ( 'NONE', #1491, #2065 ) ;
#414 = VECTOR ( 'NONE', #1769, 1000.000000000000000 ) ;
#415 = CARTESIAN_POINT ( 'NONE',  ( -11.00000000000000355, 5.000000000000000000, 11.00000000000003730 ) ) ;
#416 = CARTESIAN_POINT ( 'NONE',  ( 11.69134295108990074, -3.000000000000000000, -6.750000000000000000 ) ) ;
#417 = LINE ( 'NONE', #1887, #686 ) ;
#418 = VECTOR ( 'NONE', #1101, 1000.000000000000000 ) ;
#419 = ORIENTED_EDGE ( 'NONE', *, *, #1042, .T. ) ;
#420 = VERTEX_POINT ( 'NONE', #314 ) ;
#421 = CIRCLE ( 'NONE', #1405, 3.000000000000002665 ) ;
#422 = EDGE_CURVE ( 'NONE', #2108, #1838, #1595, .T. ) ;
#423 = VERTEX_POINT ( 'NONE', #161 ) ;
#424 = DIRECTION ( 'NONE',  ( 0.06547619047619050725, 0.000000000000000000, -0.9978541318653371128 ) ) ;
#425 = DIRECTION ( 'NONE',  ( 0.4999999999999998890, 0.000000000000000000, 0.8660254037844387076 ) ) ;
#426 = CARTESIAN_POINT ( 'NONE',  ( -10.99999999999999822, -2.999999999999996447, 27.99999999999997513 ) ) ;
#427 = CARTESIAN_POINT ( 'NONE',  ( 0.000000000000000000, -2.999999999999996447, 84.00000000000000000 ) ) ;
#428 = DIRECTION ( 'NONE',  ( 0.4999999999999998335, 0.000000000000000000, 0.8660254037844388186 ) ) ;
#429 = ORIENTED_EDGE ( 'NONE', *, *, #652, .T. ) ;
#430 = DIRECTION ( 'NONE',  ( 0.000000000000000000, 0.000000000000000000, 1.000000000000000000 ) ) ;
#431 = VERTEX_POINT ( 'NONE', #1219 ) ;
#432 = ORIENTED_EDGE ( 'NONE', *, *, #2172, .F. ) ;
#433 = DIRECTION ( 'NONE',  ( 0.000000000000000000, 1.000000000000000000, -0.000000000000000000 ) ) ;
#434 = EDGE_CURVE ( 'NONE', #998, #528, #2041, .T. ) ;
#435 = FACE_BOUND ( 'NONE', #348, .T. ) ;
#436 = CARTESIAN_POINT ( 'NONE',  ( 0.000000000000000000, -3.000000000000000000, -13.50000000000000000 ) ) ;
#437 = DIRECTION ( 'NONE',  ( 0.000000000000000000, 1.000000000000000000, -0.000000000000000000 ) ) ;
#438 = EDGE_CURVE ( 'NONE', #1010, #120, #1210, .T. ) ;
#439 = ORIENTED_EDGE ( 'NONE', *, *, #1282, .F. ) ;
#440 = AXIS2_PLACEMENT_3D ( 'NONE', #558, #234, #1848 ) ;
#441 = ORIENTED_EDGE ( 'NONE', *, *, #231, .F. ) ;
#442 = ORIENTED_EDGE ( 'NONE', *, *, #89, .F. ) ;
#443 = LINE ( 'NONE', #1378, #568 ) ;
#444 = VECTOR ( 'NONE', #1699, 1000.000000000000000 ) ;
#445 = DIRECTION ( 'NONE',  ( 0.000000000000000000, 0.000000000000000000, 1.000000000000000000 ) ) ;
#446 = LINE ( 'NONE', #97, #1306 ) ;
#447 = CARTESIAN_POINT ( 'NONE',  ( -11.00000000000000000, -3.000000000000000000, 45.99999999999997868 ) ) ;
#448 = EDGE_LOOP ( 'NONE', ( #632, #873, #1469, #1640 ) ) ;
#449 = VECTOR ( 'NONE', #188, 1000.000000000000000 ) ;
#450 = ADVANCED_FACE ( 'NONE', ( #707, #1435, #2157, #534, #1976, #349, #304, #904, #1043, #172, #1085, #1797, #1990, #2174 ), #13, .T. ) ;
#451 = AXIS2_PLACEMENT_3D ( 'NONE', #2235, #1476, #1157 ) ;
#452 = AXIS2_PLACEMENT_3D ( 'NONE', #100, #1939, #1034 ) ;
#453 = EDGE_CURVE ( 'NONE', #1610, #497, #545, .T. ) ;
#454 = VECTOR ( 'NONE', #948, 1000.000000000000000 ) ;
#455 = AXIS2_PLACEMENT_3D ( 'NONE', #2060, #815, #611 ) ;
#456 = ORIENTED_EDGE ( 'NONE', *, *, #2196, .F. ) ;
#457 = EDGE_LOOP ( 'NONE', ( #2323, #1117, #2325, #1051 ) ) ;
#458 = DIRECTION ( 'NONE',  ( 0.000000000000000000, -1.000000000000000000, 0.000000000000000000 ) ) ;
#459 = LINE ( 'NONE', #1897, #643 ) ;
#460 = AXIS2_PLACEMENT_3D ( 'NONE', #1972, #1846, #219 ) ;
#461 = DIRECTION ( 'NONE',  ( -0.000000000000000000, 1.000000000000000000, -0.000000000000000000 ) ) ;
#462 = CARTESIAN_POINT ( 'NONE',  ( -2.999999999999997780, -2.999999999999996447, 38.00000000000000000 ) ) ;
#463 = DIRECTION ( 'NONE',  ( 0.000000000000000000, 0.000000000000000000, 1.000000000000000000 ) ) ;
#464 = ORIENTED_EDGE ( 'NONE', *, *, #1341, .F. ) ;
#465 = AXIS2_PLACEMENT_3D ( 'NONE', #427, #256, #1745 ) ;
#466 = FACE_OUTER_BOUND ( 'NONE', #966, .T. ) ;
#467 = EDGE_CURVE ( 'NONE', #771, #181, #1143, .T. ) ;
#468 = ORIENTED_EDGE ( 'NONE', *, *, #1979, .F. ) ;
#469 = ORIENTED_EDGE ( 'NONE', *, *, #1214, .F. ) ;
#470 = LINE ( 'NONE', #1921, #2271 ) ;
#471 = CARTESIAN_POINT ( 'NONE',  ( -8.500000000000003553, 5.000000000000000000, 8.500000000000035527 ) ) ;
#472 = DIRECTION ( 'NONE',  ( 0.000000000000000000, 1.000000000000000000, 0.000000000000000000 ) ) ;
#473 = LINE ( 'NONE', #289, #888 ) ;
#474 = FACE_OUTER_BOUND ( 'NONE', #1919, .T. ) ;
#475 = ADVANCED_FACE ( 'NONE', ( #2004 ), #1308, .F. ) ;
#476 = VERTEX_POINT ( 'NONE', #1272 ) ;
#477 = CARTESIAN_POINT ( 'NONE',  ( -1.836970198721038266E-15, 5.000000000000000000, 67.50000000000000000 ) ) ;
#478 = EDGE_CURVE ( 'NONE', #1401, #521, #1863, .T. ) ;
#479 = LINE ( 'NONE', #669, #794 ) ;
#480 = VECTOR ( 'NONE', #1363, 1000.000000000000000 ) ;
#481 = ORIENTED_EDGE ( 'NONE', *, *, #1816, .F. ) ;
#482 = EDGE_LOOP ( 'NONE', ( #2073, #102, #1771, #613, #878, #1488, #557, #2231 ) ) ;
#483 = AXIS2_PLACEMENT_3D ( 'NONE', #599, #1296, #721 ) ;
#484 = ADVANCED_FACE ( 'NONE', ( #2032 ), #2186, .T. ) ;
#485 = CARTESIAN_POINT ( 'NONE',  ( -10.99999999999999822, -2.999999999999996447, 27.99999999999997513 ) ) ;
#486 = EDGE_CURVE ( 'NONE', #1372, #939, #1109, .T. ) ;
#487 = FACE_OUTER_BOUND ( 'NONE', #482, .T. ) ;
#488 = EDGE_CURVE ( 'NONE', #825, #1792, #560, .T. ) ;
#489 = ORIENTED_EDGE ( 'NONE', *, *, #2170, .F. ) ;
#490 = AXIS2_PLACEMENT_3D ( 'NONE', #2234, #646, #1512 ) ;
#491 = FACE_OUTER_BOUND ( 'NONE', #311, .T. ) ;
#492 = CARTESIAN_POINT ( 'NONE',  ( 17.42529546657258166, 3.000000000000000000, 1.140941965073209330 ) ) ;
#493 = AXIS2_PLACEMENT_3D ( 'NONE', #1016, #433, #626 ) ;
#494 = VERTEX_POINT ( 'NONE', #1812 ) ;
#495 = LINE ( 'NONE', #1397, #801 ) ;
#496 = CIRCLE ( 'NONE', #2354, 11.99999999999999645 ) ;
#497 = VERTEX_POINT ( 'NONE', #2352 ) ;
#498 = VERTEX_POINT ( 'NONE', #399 ) ;
#499 = VECTOR ( 'NONE', #1392, 1000.000000000000000 ) ;
#500 = PLANE ( 'NONE',  #183 ) ;
#501 = AXIS2_PLACEMENT_3D ( 'NONE', #751, #1664, #354 ) ;
#502 = EDGE_CURVE ( 'NONE', #498, #939, #1356, .T. ) ;
#503 = EDGE_LOOP ( 'NONE', ( #1902, #1239, #645, #889 ) ) ;
#504 = CARTESIAN_POINT ( 'NONE',  ( -8.000000000000000000, -3.000000000000000000, 0.000000000000000000 ) ) ;
#505 = CARTESIAN_POINT ( 'NONE',  ( 3.000000000000009770, -2.999999999999996447, 52.50000000000000000 ) ) ;
#506 = ORIENTED_EDGE ( 'NONE', *, *, #969, .F. ) ;
#507 = CARTESIAN_POINT ( 'NONE',  ( 0.000000000000000000, -3.000000000000000000, 0.000000000000000000 ) ) ;
#508 = AXIS2_PLACEMENT_3D ( 'NONE', #1555, #461, #1007 ) ;
#509 = ORIENTED_EDGE ( 'NONE', *, *, #2245, .F. ) ;
#510 = ORIENTED_EDGE ( 'NONE', *, *, #34, .T. ) ;
#511 = ADVANCED_FACE ( 'NONE', ( #2224 ), #412, .T. ) ;
#512 = CARTESIAN_POINT ( 'NONE',  ( -17.35059093314515621, -3.000000000000000000, 2.281883930146539008 ) ) ;
#513 = DIRECTION ( 'NONE',  ( 0.000000000000000000, 0.000000000000000000, -1.000000000000000000 ) ) ;
#514 = ORIENTED_EDGE ( 'NONE', *, *, #1156, .T. ) ;
#515 = LINE ( 'NONE', #326, #1859 ) ;
#516 = CARTESIAN_POINT ( 'NONE',  ( -11.00000000000000178, 5.000000000000000000, 40.99999999999997868 ) ) ;
#517 = ORIENTED_EDGE ( 'NONE', *, *, #943, .T. ) ;
#518 = DIRECTION ( 'NONE',  ( -1.000000000000000000, 0.000000000000000000, 0.000000000000000000 ) ) ;
#519 = CARTESIAN_POINT ( 'NONE',  ( 11.69134295108993982, -2.999999999999996447, -6.749999999999973355 ) ) ;
#520 = DIRECTION ( 'NONE',  ( 0.9978541318653370018, 0.000000000000000000, 0.06547619047619009092 ) ) ;
#521 = VERTEX_POINT ( 'NONE', #390 ) ;
#522 = CARTESIAN_POINT ( 'NONE',  ( 17.42529546657258166, -2.000000000000000000, 1.140941965073208442 ) ) ;
#523 = STYLED_ITEM ( 'NONE', ( #1522 ), #579 ) ;
#524 = DIRECTION ( 'NONE',  ( 0.000000000000000000, 1.000000000000000000, 0.000000000000000000 ) ) ;
#525 = EDGE_CURVE ( 'NONE', #388, #2067, #633, .T. ) ;
#526 = VERTEX_POINT ( 'NONE', #1659 ) ;
#527 = CARTESIAN_POINT ( 'NONE',  ( -11.69134295108997890, 0.000000000000000000, 5.199999999999891820 ) ) ;
#528 = VERTEX_POINT ( 'NONE', #1094 ) ;
#529 = VECTOR ( 'NONE', #1463, 1000.000000000000000 ) ;
#530 = CYLINDRICAL_SURFACE ( 'NONE', #1281, 1.550000000000000933 ) ;
#531 = CIRCLE ( 'NONE', #1679, 3.000000000000002665 ) ;
#532 = ORIENTED_EDGE ( 'NONE', *, *, #984, .F. ) ;
#533 = CIRCLE ( 'NONE', #997, 2.750000000000000000 ) ;
#534 = FACE_OUTER_BOUND ( 'NONE', #687, .T. ) ;
#535 = CARTESIAN_POINT ( 'NONE',  ( -2.999999999999997335, -2.999999999999996447, 20.00000000000000000 ) ) ;
#536 = ORIENTED_EDGE ( 'NONE', *, *, #486, .T. ) ;
#537 = LINE ( 'NONE', #1114, #1444 ) ;
#538 = CARTESIAN_POINT ( 'NONE',  ( -11.69134295108984212, 0.000000000000000000, -8.300000000000135714 ) ) ;
#539 = ORIENTED_EDGE ( 'NONE', *, *, #1945, .T. ) ;
#540 = ORIENTED_EDGE ( 'NONE', *, *, #359, .F. ) ;
#541 = ADVANCED_FACE ( 'NONE', ( #26 ), #1499, .T. ) ;
#542 = FACE_OUTER_BOUND ( 'NONE', #2341, .T. ) ;
#543 = EDGE_LOOP ( 'NONE', ( #1511, #1207, #1549, #464 ) ) ;
#544 = EDGE_LOOP ( 'NONE', ( #2037, #927, #2152, #973 ) ) ;
#545 = LINE ( 'NONE', #1490, #1587 ) ;
#546 = LINE ( 'NONE', #1273, #529 ) ;
#547 = LINE ( 'NONE', #1814, #1719 ) ;
#548 = DIRECTION ( 'NONE',  ( 2.023844055306274286E-16, 0.000000000000000000, -1.000000000000000000 ) ) ;
#549 = DIRECTION ( 'NONE',  ( 0.06547619047619050725, 0.000000000000000000, 0.9978541318653371128 ) ) ;
#550 = EDGE_CURVE ( 'NONE', #494, #1372, #1885, .T. ) ;
#551 = EDGE_LOOP ( 'NONE', ( #345, #252 ) ) ;
#552 = EDGE_LOOP ( 'NONE', ( #2276, #341 ) ) ;
#553 = DIRECTION ( 'NONE',  ( 0.000000000000000000, -1.000000000000000000, 0.000000000000000000 ) ) ;
#554 = EDGE_LOOP ( 'NONE', ( #1456, #1973, #2345, #1242 ) ) ;
#555 = EDGE_CURVE ( 'NONE', #65, #585, #1682, .T. ) ;
#556 = EDGE_CURVE ( 'NONE', #2108, #2272, #829, .T. ) ;
#557 = ORIENTED_EDGE ( 'NONE', *, *, #2122, .T. ) ;
#558 = CARTESIAN_POINT ( 'NONE',  ( 11.69134295108990074, 0.000000000000000000, 6.750000000000000000 ) ) ;
#559 = EDGE_CURVE ( 'NONE', #1838, #1835, #141, .T. ) ;
#560 = CIRCLE ( 'NONE', #866, 8.000000000000000000 ) ;
#561 = LINE ( 'NONE', #1956, #2274 ) ;
#562 = DIRECTION ( 'NONE',  ( 0.7071067811865487940, 0.000000000000000000, 0.7071067811865463515 ) ) ;
#563 = FACE_BOUND ( 'NONE', #1506, .T. ) ;
#564 = CARTESIAN_POINT ( 'NONE',  ( 11.69134295108993982, 0.000000000000000000, -6.749999999999973355 ) ) ;
#565 = CARTESIAN_POINT ( 'NONE',  ( -2.999999999999990674, -2.999999999999996447, 52.50000000000000000 ) ) ;
#566 = AXIS2_PLACEMENT_3D ( 'NONE', #2028, #553, #1985 ) ;
#567 = ORIENTED_EDGE ( 'NONE', *, *, #1816, .T. ) ;
#568 = VECTOR ( 'NONE', #2077, 999.9999999999998863 ) ;
#569 = DIRECTION ( 'NONE',  ( -0.000000000000000000, -1.000000000000000000, 0.000000000000000000 ) ) ;
#570 = VECTOR ( 'NONE', #524, 1000.000000000000000 ) ;
#571 = ORIENTED_EDGE ( 'NONE', *, *, #1932, .T. ) ;
#572 = CARTESIAN_POINT ( 'NONE',  ( -10.99999999999999822, -2.999999999999996447, 27.99999999999997513 ) ) ;
#573 = CIRCLE ( 'NONE', #451, 1.549999999999999378 ) ;
#574 = ADVANCED_FACE ( 'NONE', ( #92 ), #244, .T. ) ;
#575 = AXIS2_PLACEMENT_3D ( 'NONE', #507, #2324, #679 ) ;
#576 = CARTESIAN_POINT ( 'NONE',  ( 0.000000000000000000, 0.000000000000000000, 0.000000000000000000 ) ) ;
#577 = CARTESIAN_POINT ( 'NONE',  ( 0.000000000000000000, -3.000000000000000000, 0.000000000000000000 ) ) ;
#578 = AXIS2_PLACEMENT_3D ( 'NONE', #581, #166, #2343 ) ;
#579 = MANIFOLD_SOLID_BREP ( '\X2\51f853f0\X0\-\X2\62c94f38\X0\7', #350 ) ;
#580 = FACE_BOUND ( 'NONE', #989, .T. ) ;
#581 = CARTESIAN_POINT ( 'NONE',  ( 0.000000000000000000, -3.000000000000000000, 0.000000000000000000 ) ) ;
#582 = AXIS2_PLACEMENT_3D ( 'NONE', #42, #767, #596 ) ;
#583 = CARTESIAN_POINT ( 'NONE',  ( 9.356815830825395833E-15, -2.999999999999996447, 52.50000000000000000 ) ) ;
#584 = VERTEX_POINT ( 'NONE', #2278 ) ;
#585 = VERTEX_POINT ( 'NONE', #277 ) ;
#586 = DIRECTION ( 'NONE',  ( -0.000000000000000000, 1.000000000000000000, -0.000000000000000000 ) ) ;
#587 = EDGE_CURVE ( 'NONE', #330, #2168, #1896, .T. ) ;
#588 = VERTEX_POINT ( 'NONE', #83 ) ;
#589 = AXIS2_PLACEMENT_3D ( 'NONE', #247, #980, #650 ) ;
#590 = DIRECTION ( 'NONE',  ( 0.000000000000000000, -1.000000000000000000, 0.000000000000000000 ) ) ;
#591 = CARTESIAN_POINT ( 'NONE',  ( -2.999999999999998668, -2.999999999999996447, 33.00000000000000000 ) ) ;
#592 = DIRECTION ( 'NONE',  ( 0.000000000000000000, 0.000000000000000000, 1.000000000000000000 ) ) ;
#593 = EDGE_CURVE ( 'NONE', #704, #411, #443, .T. ) ;
#594 = CARTESIAN_POINT ( 'NONE',  ( 0.000000000000000000, -3.000000000000000000, 13.50000000000000000 ) ) ;
#595 = CARTESIAN_POINT ( 'NONE',  ( -11.69134295108997890, -2.999999999999996447, 6.749999999999891642 ) ) ;
#596 = DIRECTION ( 'NONE',  ( 0.000000000000000000, 0.000000000000000000, 1.000000000000000000 ) ) ;
#597 = ORIENTED_EDGE ( 'NONE', *, *, #1440, .T. ) ;
#598 = EDGE_LOOP ( 'NONE', ( #356, #1625, #653, #1120 ) ) ;
#599 = CARTESIAN_POINT ( 'NONE',  ( 0.000000000000000000, -3.000000000000000000, 0.000000000000000000 ) ) ;
#600 = FACE_OUTER_BOUND ( 'NONE', #1721, .T. ) ;
#601 = DIRECTION ( 'NONE',  ( 2.312964634635741971E-16, 0.000000000000000000, -1.000000000000000000 ) ) ;
#602 = CARTESIAN_POINT ( 'NONE',  ( -12.00000000000000000, -2.000000000000000000, 83.99999999999964473 ) ) ;
#603 = LINE ( 'NONE', #394, #2201 ) ;
#604 = ORIENTED_EDGE ( 'NONE', *, *, #956, .F. ) ;
#605 = EDGE_CURVE ( 'NONE', #1303, #2068, #1477, .T. ) ;
#606 = EDGE_CURVE ( 'NONE', #2193, #584, #1534, .T. ) ;
#607 = ORIENTED_EDGE ( 'NONE', *, *, #1096, .F. ) ;
#608 = SURFACE_SIDE_STYLE ('',( #1908 ) ) ;
#609 = CARTESIAN_POINT ( 'NONE',  ( -17.42529546657258166, 5.000000000000000000, 1.140941965073213771 ) ) ;
#610 = DIRECTION ( 'NONE',  ( 0.000000000000000000, -1.000000000000000000, 0.000000000000000000 ) ) ;
#611 = DIRECTION ( 'NONE',  ( 0.000000000000000000, 0.000000000000000000, -1.000000000000000000 ) ) ;
#612 = AXIS2_PLACEMENT_3D ( 'NONE', #1852, #1123, #224 ) ;
#613 = ORIENTED_EDGE ( 'NONE', *, *, #205, .T. ) ;
#614 = AXIS2_PLACEMENT_3D ( 'NONE', #6, #1102, #1802 ) ;
#615 = CYLINDRICAL_SURFACE ( 'NONE', #717, 1.549999999999999378 ) ;
#616 = EDGE_CURVE ( 'NONE', #783, #1717, #1810, .T. ) ;
#617 = ORIENTED_EDGE ( 'NONE', *, *, #158, .F. ) ;
#618 = SURFACE_STYLE_USAGE ( .BOTH. , #608 ) ;
#619 = FACE_OUTER_BOUND ( 'NONE', #543, .T. ) ;
#620 = DIRECTION ( 'NONE',  ( -0.000000000000000000, 1.000000000000000000, -0.000000000000000000 ) ) ;
#621 = DIRECTION ( 'NONE',  ( 0.000000000000000000, 1.000000000000000000, -0.000000000000000000 ) ) ;
#622 = ORIENTED_EDGE ( 'NONE', *, *, #550, .T. ) ;
#623 = ADVANCED_FACE ( 'NONE', ( #1164 ), #267, .F. ) ;
#624 = EDGE_LOOP ( 'NONE', ( #1510, #728, #769, #165 ) ) ;
#625 = ORIENTED_EDGE ( 'NONE', *, *, #1331, .F. ) ;
#626 = DIRECTION ( 'NONE',  ( 0.000000000000000000, 0.000000000000000000, 1.000000000000000000 ) ) ;
#627 = ADVANCED_FACE ( 'NONE', ( #1543, #1004 ), #797, .T. ) ;
#628 = LINE ( 'NONE', #1883, #1193 ) ;
#629 = FACE_BOUND ( 'NONE', #1709, .T. ) ;
#630 = EDGE_CURVE ( 'NONE', #2272, #1835, #104, .T. ) ;
#631 = CARTESIAN_POINT ( 'NONE',  ( -13.06634295108990074, -3.000000000000000000, -4.368430139592799577 ) ) ;
#632 = ORIENTED_EDGE ( 'NONE', *, *, #1916, .F. ) ;
#633 = CIRCLE ( 'NONE', #250, 2.750000000000000000 ) ;
#634 = VERTEX_POINT ( 'NONE', #831 ) ;
#635 = ORIENTED_EDGE ( 'NONE', *, *, #1539, .F. ) ;
#636 = CARTESIAN_POINT ( 'NONE',  ( 11.69134295108990074, -3.000000000000000000, -6.750000000000000000 ) ) ;
#637 = DIRECTION ( 'NONE',  ( 0.000000000000000000, -1.000000000000000000, 0.000000000000000000 ) ) ;
#638 = DIRECTION ( 'NONE',  ( -0.000000000000000000, -1.000000000000000000, -0.000000000000000000 ) ) ;
#639 = DIRECTION ( 'NONE',  ( 0.000000000000000000, -1.000000000000000000, 0.000000000000000000 ) ) ;
#640 = ORIENTED_EDGE ( 'NONE', *, *, #1890, .T. ) ;
#641 = CYLINDRICAL_SURFACE ( 'NONE', #1895, 2.749999999999998668 ) ;
#642 = VECTOR ( 'NONE', #839, 1000.000000000000000 ) ;
#643 = VECTOR ( 'NONE', #766, 1000.000000000000000 ) ;
#644 = VERTEX_POINT ( 'NONE', #1203 ) ;
#645 = ORIENTED_EDGE ( 'NONE', *, *, #731, .T. ) ;
#646 = DIRECTION ( 'NONE',  ( 0.000000000000000000, -1.000000000000000000, 0.000000000000000000 ) ) ;
#647 = CARTESIAN_POINT ( 'NONE',  ( 11.69134295108993982, 5.000000000000000000, -6.749999999999973355 ) ) ;
#648 = EDGE_CURVE ( 'NONE', #48, #585, #1631, .T. ) ;
#649 = CARTESIAN_POINT ( 'NONE',  ( 0.000000000000000000, -3.000000000000000000, 84.00000000000000000 ) ) ;
#650 = DIRECTION ( 'NONE',  ( -1.000000000000000000, 0.000000000000000000, 0.000000000000000000 ) ) ;
#651 = CYLINDRICAL_SURFACE ( 'NONE', #1714, 1.549999999999999378 ) ;
#652 = EDGE_CURVE ( 'NONE', #808, #2285, #470, .T. ) ;
#653 = ORIENTED_EDGE ( 'NONE', *, *, #1711, .F. ) ;
#654 = VECTOR ( 'NONE', #73, 1000.000000000000000 ) ;
#655 = CARTESIAN_POINT ( 'NONE',  ( 0.000000000000000000, 5.000000000000000000, 84.00000000000000000 ) ) ;
#656 = DIRECTION ( 'NONE',  ( 0.000000000000000000, 1.000000000000000000, 0.000000000000000000 ) ) ;
#657 = EDGE_CURVE ( 'NONE', #423, #307, #2135, .T. ) ;
#658 = ADVANCED_FACE ( 'NONE', ( #300 ), #1391, .T. ) ;
#659 = CIRCLE ( 'NONE', #1982, 2.750000000000000000 ) ;
#660 = ORIENTED_EDGE ( 'NONE', *, *, #806, .T. ) ;
#661 = VERTEX_POINT ( 'NONE', #336 ) ;
#662 = FACE_OUTER_BOUND ( 'NONE', #1455, .T. ) ;
#663 = CARTESIAN_POINT ( 'NONE',  ( 0.000000000000000000, -3.000000000000000000, 13.50000000000000000 ) ) ;
#664 = CARTESIAN_POINT ( 'NONE',  ( 11.69134295108993982, 0.000000000000000000, -6.749999999999973355 ) ) ;
#665 = LINE ( 'NONE', #2295, #1815 ) ;
#666 = ORIENTED_EDGE ( 'NONE', *, *, #374, .F. ) ;
#667 = CARTESIAN_POINT ( 'NONE',  ( 11.69134295108989363, -2.999999999999996447, 5.200000000000055245 ) ) ;
#668 = EDGE_CURVE ( 'NONE', #156, #411, #137, .T. ) ;
#669 = CARTESIAN_POINT ( 'NONE',  ( -10.31634295108990074, -3.000000000000000000, 9.131569860407209305 ) ) ;
#670 = ORIENTED_EDGE ( 'NONE', *, *, #851, .T. ) ;
#671 = VERTEX_POINT ( 'NONE', #1953 ) ;
#672 = DIRECTION ( 'NONE',  ( 0.000000000000000000, -1.000000000000000000, 0.000000000000000000 ) ) ;
#673 = DIRECTION ( 'NONE',  ( 3.469446951953616161E-16, 0.000000000000000000, 1.000000000000000000 ) ) ;
#674 = ORIENTED_EDGE ( 'NONE', *, *, #1573, .T. ) ;
#675 = CARTESIAN_POINT ( 'NONE',  ( -10.99999999999999645, -3.000000000000000000, 32.99999999999997158 ) ) ;
#676 = CIRCLE ( 'NONE', #1099, 17.50000000000000000 ) ;
#677 = CARTESIAN_POINT ( 'NONE',  ( 0.000000000000000000, -2.999999999999996447, 84.00000000000000000 ) ) ;
#678 = ORIENTED_EDGE ( 'NONE', *, *, #2286, .F. ) ;
#679 = DIRECTION ( 'NONE',  ( 0.000000000000000000, 0.000000000000000000, 1.000000000000000000 ) ) ;
#680 = AXIS2_PLACEMENT_3D ( 'NONE', #677, #1406, #2129 ) ;
#681 = VECTOR ( 'NONE', #1315, 1000.000000000000000 ) ;
#682 = ORIENTED_EDGE ( 'NONE', *, *, #1327, .F. ) ;
#683 = ADVANCED_FACE ( 'NONE', ( #662 ), #1423, .F. ) ;
#684 = VECTOR ( 'NONE', #1922, 1000.000000000000000 ) ;
#685 = CARTESIAN_POINT ( 'NONE',  ( -3.000000000000004441, 5.000000000000000000, 5.204170427930432130E-16 ) ) ;
#686 = VECTOR ( 'NONE', #1348, 1000.000000000000000 ) ;
#687 = EDGE_LOOP ( 'NONE', ( #320, #734, #1227, #1482 ) ) ;
#688 = DIRECTION ( 'NONE',  ( 0.000000000000000000, 0.000000000000000000, -1.000000000000000000 ) ) ;
#689 = CARTESIAN_POINT ( 'NONE',  ( 3.000000000000002665, -2.999999999999996447, 20.00000000000000000 ) ) ;
#690 = VERTEX_POINT ( 'NONE', #1764 ) ;
#691 = DIRECTION ( 'NONE',  ( 0.4999999999999998335, 0.000000000000000000, 0.8660254037844388186 ) ) ;
#692 = ADVANCED_FACE ( 'NONE', ( #125 ), #695, .T. ) ;
#693 = VECTOR ( 'NONE', #2236, 1000.000000000000000 ) ;
#694 = ORIENTED_EDGE ( 'NONE', *, *, #1556, .T. ) ;
#695 = PLANE ( 'NONE',  #2001 ) ;
#696 = CARTESIAN_POINT ( 'NONE',  ( -9.426999614876460059E-14, 5.000000000000000000, 13.50000000000000000 ) ) ;
#697 = ADVANCED_FACE ( 'NONE', ( #1061 ), #1605, .F. ) ;
#698 = DIRECTION ( 'NONE',  ( 0.000000000000000000, 0.000000000000000000, -1.000000000000000000 ) ) ;
#699 = ORIENTED_EDGE ( 'NONE', *, *, #1746, .F. ) ;
#700 = LINE ( 'NONE', #1252, #764 ) ;
#701 = CARTESIAN_POINT ( 'NONE',  ( 17.50000000000000000, -3.000000000000000000, 2.143131898507868248E-15 ) ) ;
#702 = EDGE_LOOP ( 'NONE', ( #1271, #1809, #706, #716 ) ) ;
#703 = CARTESIAN_POINT ( 'NONE',  ( -9.426999614876460059E-14, 0.000000000000000000, 13.50000000000000000 ) ) ;
#704 = VERTEX_POINT ( 'NONE', #1247 ) ;
#705 = CYLINDRICAL_SURFACE ( 'NONE', #982, 2.750000000000000000 ) ;
#706 = ORIENTED_EDGE ( 'NONE', *, *, #422, .F. ) ;
#707 = FACE_BOUND ( 'NONE', #902, .T. ) ;
#708 = LINE ( 'NONE', #1798, #186 ) ;
#709 = EDGE_LOOP ( 'NONE', ( #780, #1804, #768, #75 ) ) ;
#710 = ADVANCED_FACE ( 'NONE', ( #1962, #2110 ), #159, .T. ) ;
#711 = CARTESIAN_POINT ( 'NONE',  ( -17.50000000000000000, 5.000000000000000000, -1.170938346284344789E-13 ) ) ;
#712 = DIRECTION ( 'NONE',  ( 0.000000000000000000, 1.000000000000000000, 0.000000000000000000 ) ) ;
#713 = ORIENTED_EDGE ( 'NONE', *, *, #593, .F. ) ;
#714 = ORIENTED_EDGE ( 'NONE', *, *, #1657, .T. ) ;
#715 = CARTESIAN_POINT ( 'NONE',  ( 13.06634295108990074, 0.000000000000000000, 4.368430139592789807 ) ) ;
#716 = ORIENTED_EDGE ( 'NONE', *, *, #556, .T. ) ;
#717 = AXIS2_PLACEMENT_3D ( 'NONE', #2063, #1857, #430 ) ;
#718 = CIRCLE ( 'NONE', #2209, 1.549999999999999378 ) ;
#719 = EDGE_LOOP ( 'NONE', ( #670, #1989, #1024, #184 ) ) ;
#720 = AXIS2_PLACEMENT_3D ( 'NONE', #2092, #1357, #463 ) ;
#721 = DIRECTION ( 'NONE',  ( 0.000000000000000000, 0.000000000000000000, -1.000000000000000000 ) ) ;
#722 = ADVANCED_FACE ( 'NONE', ( #845 ), #500, .T. ) ;
#723 = LINE ( 'NONE', #2159, #1774 ) ;
#724 = DIRECTION ( 'NONE',  ( 0.000000000000000000, -1.000000000000000000, 0.000000000000000000 ) ) ;
#725 = DIRECTION ( 'NONE',  ( 0.000000000000000000, 0.000000000000000000, 1.000000000000000000 ) ) ;
#726 = EDGE_CURVE ( 'NONE', #634, #1603, #988, .T. ) ;
#727 = DIRECTION ( 'NONE',  ( -0.4999999999999998890, 0.000000000000000000, -0.8660254037844387076 ) ) ;
#728 = ORIENTED_EDGE ( 'NONE', *, *, #1140, .F. ) ;
#729 = ORIENTED_EDGE ( 'NONE', *, *, #984, .T. ) ;
#730 = DIRECTION ( 'NONE',  ( 0.000000000000000000, 1.000000000000000000, 0.000000000000000000 ) ) ;
#731 = EDGE_CURVE ( 'NONE', #783, #2183, #2303, .T. ) ;
#732 = AXIS2_PLACEMENT_3D ( 'NONE', #960, #1683, #52 ) ;
#733 = ORIENTED_EDGE ( 'NONE', *, *, #1327, .T. ) ;
#734 = ORIENTED_EDGE ( 'NONE', *, *, #1184, .T. ) ;
#735 = DIRECTION ( 'NONE',  ( -0.7071067811865486830, 0.000000000000000000, 0.7071067811865464625 ) ) ;
#736 = CARTESIAN_POINT ( 'NONE',  ( 0.000000000000000000, 0.000000000000000000, -11.94999999999999929 ) ) ;
#737 = DIRECTION ( 'NONE',  ( 0.4999999999999998335, 0.000000000000000000, -0.8660254037844388186 ) ) ;
#738 = FACE_BOUND ( 'NONE', #752, .T. ) ;
#739 = DIRECTION ( 'NONE',  ( 0.000000000000000000, -1.000000000000000000, 0.000000000000000000 ) ) ;
#740 = CYLINDRICAL_SURFACE ( 'NONE', #2008, 2.750000000000000000 ) ;
#741 = VERTEX_POINT ( 'NONE', #870 ) ;
#742 = ORIENTED_EDGE ( 'NONE', *, *, #94, .T. ) ;
#743 = PLANE ( 'NONE',  #1368 ) ;
#744 = ADVANCED_FACE ( 'NONE', ( #2336 ), #705, .F. ) ;
#745 = EDGE_LOOP ( 'NONE', ( #1978, #316, #90, #1643, #2148 ) ) ;
#746 = DIRECTION ( 'NONE',  ( 0.06533628763226792535, 0.000000000000000000, -0.9978633020200881054 ) ) ;
#747 = CYLINDRICAL_SURFACE ( 'NONE', #261, 2.750000000000000000 ) ;
#748 = DIRECTION ( 'NONE',  ( 0.000000000000000000, 0.000000000000000000, 1.000000000000000000 ) ) ;
#749 = LINE ( 'NONE', #1649, #1641 ) ;
#750 = DIRECTION ( 'NONE',  ( 0.9978541318653370018, 0.000000000000000000, 0.06547619047619009092 ) ) ;
#751 = CARTESIAN_POINT ( 'NONE',  ( 0.000000000000000000, 5.000000000000000000, -13.50000000000000000 ) ) ;
#752 = EDGE_LOOP ( 'NONE', ( #291, #1189 ) ) ;
#753 = ORIENTED_EDGE ( 'NONE', *, *, #1497, .T. ) ;
#754 = VECTOR ( 'NONE', #1414, 1000.000000000000000 ) ;
#755 = FACE_OUTER_BOUND ( 'NONE', #819, .T. ) ;
#756 = EDGE_CURVE ( 'NONE', #156, #497, #1433, .T. ) ;
#757 = ADVANCED_FACE ( 'NONE', ( #1944 ), #530, .F. ) ;
#758 = VECTOR ( 'NONE', #1597, 1000.000000000000000 ) ;
#759 = ORIENTED_EDGE ( 'NONE', *, *, #467, .F. ) ;
#760 = DIRECTION ( 'NONE',  ( -3.469446951953614189E-16, 0.000000000000000000, 1.000000000000000000 ) ) ;
#761 = CIRCLE ( 'NONE', #1223, 3.000000000000002665 ) ;
#762 = CARTESIAN_POINT ( 'NONE',  ( 11.69134295108990074, -3.000000000000000000, 6.750000000000000000 ) ) ;
#763 = DIRECTION ( 'NONE',  ( -0.7071067811865463515, 0.000000000000000000, -0.7071067811865487940 ) ) ;
#764 = VECTOR ( 'NONE', #4, 1000.000000000000000 ) ;
#765 = CYLINDRICAL_SURFACE ( 'NONE', #612, 11.99999999999999645 ) ;
#766 = DIRECTION ( 'NONE',  ( 0.7071067811865487940, 0.000000000000000000, 0.7071067811865463515 ) ) ;
#767 = DIRECTION ( 'NONE',  ( 0.000000000000000000, 1.000000000000000000, -0.000000000000000000 ) ) ;
#768 = ORIENTED_EDGE ( 'NONE', *, *, #726, .T. ) ;
#769 = ORIENTED_EDGE ( 'NONE', *, *, #652, .F. ) ;
#770 = ORIENTED_EDGE ( 'NONE', *, *, #756, .T. ) ;
#771 = VERTEX_POINT ( 'NONE', #1049 ) ;
#772 = AXIS2_PLACEMENT_3D ( 'NONE', #1606, #1404, #1935 ) ;
#773 = DIRECTION ( 'NONE',  ( 0.000000000000000000, 1.000000000000000000, -0.000000000000000000 ) ) ;
#774 = DIRECTION ( 'NONE',  ( 0.4999999999999998335, 0.000000000000000000, -0.8660254037844388186 ) ) ;
#775 = DIRECTION ( 'NONE',  ( 0.000000000000000000, 1.000000000000000000, 0.000000000000000000 ) ) ;
#776 = EDGE_CURVE ( 'NONE', #1269, #1668, #1200, .T. ) ;
#777 = DIRECTION ( 'NONE',  ( 0.7071067811865489050, 0.000000000000000000, 0.7071067811865462405 ) ) ;
#778 = DIRECTION ( 'NONE',  ( 0.000000000000000000, 0.000000000000000000, -1.000000000000000000 ) ) ;
#779 = DIRECTION ( 'NONE',  ( 0.000000000000000000, 1.000000000000000000, 0.000000000000000000 ) ) ;
#780 = ORIENTED_EDGE ( 'NONE', *, *, #2196, .T. ) ;
#781 = EDGE_LOOP ( 'NONE', ( #1039, #1639, #25, #517 ) ) ;
#782 = CARTESIAN_POINT ( 'NONE',  ( 3.000000000000002665, -2.999999999999996447, 20.00000000000000000 ) ) ;
#783 = VERTEX_POINT ( 'NONE', #1761 ) ;
#784 = CARTESIAN_POINT ( 'NONE',  ( -11.69134295108984212, 0.000000000000000000, -6.750000000000135891 ) ) ;
#785 = APPLICATION_PROTOCOL_DEFINITION ( 'draft international standard', 'automotive_design', 1998, #2265 ) ;
#786 = DIRECTION ( 'NONE',  ( -0.000000000000000000, 1.000000000000000000, -0.000000000000000000 ) ) ;
#787 = CARTESIAN_POINT ( 'NONE',  ( 2.999999999999997780, 5.000000000000000000, 67.50000000000000000 ) ) ;
#788 = CARTESIAN_POINT ( 'NONE',  ( -11.69134295108997890, 5.000000000000000000, 6.749999999999891642 ) ) ;
#789 = AXIS2_PLACEMENT_3D ( 'NONE', #1594, #1216, #2317 ) ;
#791 = EDGE_CURVE ( 'NONE', #135, #1459, #1211, .T. ) ;
#790 = CIRCLE ( 'NONE', #460, 1.549999999999999378 ) ;
#792 = VERTEX_POINT ( 'NONE', #516 ) ;
#793 = AXIS2_PLACEMENT_3D ( 'NONE', #1041, #2327, #858 ) ;
#794 = VECTOR ( 'NONE', #1399, 1000.000000000000000 ) ;
#795 = AXIS2_PLACEMENT_3D ( 'NONE', #636, #820, #287 ) ;
#796 = ORIENTED_EDGE ( 'NONE', *, *, #1001, .T. ) ;
#797 = PLANE ( 'NONE',  #33 ) ;
#798 = AXIS2_PLACEMENT_3D ( 'NONE', #1686, #621, #216 ) ;
#799 = LINE ( 'NONE', #993, #2253 ) ;
#800 = CIRCLE ( 'NONE', #39, 1.550000000000000933 ) ;
#801 = VECTOR ( 'NONE', #2118, 1000.000000000000000 ) ;
#802 = LINE ( 'NONE', #1527, #2289 ) ;
#803 = DIRECTION ( 'NONE',  ( -1.000000000000000000, 0.000000000000000000, 0.000000000000000000 ) ) ;
#804 = AXIS2_PLACEMENT_3D ( 'NONE', #192, #203, #1311 ) ;
#805 = ORIENTED_EDGE ( 'NONE', *, *, #1253, .F. ) ;
#806 = EDGE_CURVE ( 'NONE', #1542, #1395, #122, .T. ) ;
#807 = EDGE_CURVE ( 'NONE', #584, #1263, #1286, .T. ) ;
#808 = VERTEX_POINT ( 'NONE', #1590 ) ;
#809 = EDGE_LOOP ( 'NONE', ( #2207, #729 ) ) ;
#810 = CARTESIAN_POINT ( 'NONE',  ( 2.750000000000000000, -3.000000000000000000, 13.50000000000000000 ) ) ;
#811 = CIRCLE ( 'NONE', #1006, 3.000000000000002665 ) ;
#812 = CARTESIAN_POINT ( 'NONE',  ( -11.97424958238399917, -2.000000000000000000, 84.78571428571429180 ) ) ;
#813 = CARTESIAN_POINT ( 'NONE',  ( -1.836970198721038266E-15, -2.999999999999996447, 67.50000000000000000 ) ) ;
#814 = CIRCLE ( 'NONE', #1571, 3.000000000000002665 ) ;
#815 = DIRECTION ( 'NONE',  ( 0.000000000000000000, -1.000000000000000000, 0.000000000000000000 ) ) ;
#816 = ORIENTED_EDGE ( 'NONE', *, *, #1001, .F. ) ;
#817 = AXIS2_PLACEMENT_3D ( 'NONE', #202, #724, #176 ) ;
#818 = ORIENTED_EDGE ( 'NONE', *, *, #556, .F. ) ;
#819 = EDGE_LOOP ( 'NONE', ( #536, #1591, #68, #622 ) ) ;
#820 = DIRECTION ( 'NONE',  ( 0.000000000000000000, -1.000000000000000000, 0.000000000000000000 ) ) ;
#821 = CARTESIAN_POINT ( 'NONE',  ( 12.00000000000000000, -3.000000000000000000, 83.99999999999964473 ) ) ;
#822 = CARTESIAN_POINT ( 'NONE',  ( -17.42529546657258166, -3.000000000000000000, 1.140941965073208442 ) ) ;
#823 = DIRECTION ( 'NONE',  ( 0.000000000000000000, -1.000000000000000000, 1.387778780781450093E-14 ) ) ;
#824 = FACE_OUTER_BOUND ( 'NONE', #2347, .T. ) ;
#825 = VERTEX_POINT ( 'NONE', #319 ) ;
#826 = DIRECTION ( 'NONE',  ( 0.000000000000000000, 0.000000000000000000, 1.000000000000000000 ) ) ;
#827 = ADVANCED_FACE ( 'NONE', ( #1023 ), #1564, .T. ) ;
#828 = EDGE_LOOP ( 'NONE', ( #1613, #816, #2257, #1171 ) ) ;
#829 = CIRCLE ( 'NONE', #368, 2.749999999999998224 ) ;
#830 = ORIENTED_EDGE ( 'NONE', *, *, #1746, .T. ) ;
#831 = CARTESIAN_POINT ( 'NONE',  ( -9.408017589489674975E-14, 5.000000000000000000, 11.94999999999999929 ) ) ;
#832 = DIRECTION ( 'NONE',  ( -1.000000000000000000, 0.000000000000000000, 0.000000000000000000 ) ) ;
#833 = ADVANCED_FACE ( 'NONE', ( #1059 ), #331, .T. ) ;
#834 = CARTESIAN_POINT ( 'NONE',  ( -11.69134295108997890, 0.000000000000000000, 8.299999999999890576 ) ) ;
#835 = EDGE_CURVE ( 'NONE', #1372, #494, #2312, .T. ) ;
#836 = FACE_OUTER_BOUND ( 'NONE', #218, .T. ) ;
#837 = ORIENTED_EDGE ( 'NONE', *, *, #231, .T. ) ;
#838 = AXIS2_PLACEMENT_3D ( 'NONE', #1279, #1118, #22 ) ;
#839 = DIRECTION ( 'NONE',  ( 3.469446951953616161E-16, 0.000000000000000000, 1.000000000000000000 ) ) ;
#840 = VECTOR ( 'NONE', #548, 1000.000000000000000 ) ;
#841 = DIRECTION ( 'NONE',  ( -0.000000000000000000, 1.000000000000000000, -0.000000000000000000 ) ) ;
#842 = VECTOR ( 'NONE', #1147, 1000.000000000000000 ) ;
#843 = ORIENTED_EDGE ( 'NONE', *, *, #1188, .T. ) ;
#844 = ORIENTED_EDGE ( 'NONE', *, *, #1872, .F. ) ;
#845 = FACE_OUTER_BOUND ( 'NONE', #1190, .T. ) ;
#846 = DIRECTION ( 'NONE',  ( -0.000000000000000000, 1.000000000000000000, -0.000000000000000000 ) ) ;
#847 = DIRECTION ( 'NONE',  ( 0.000000000000000000, 0.000000000000000000, -1.000000000000000000 ) ) ;
#848 = CIRCLE ( 'NONE', #241, 1.550000000000000933 ) ;
#849 = CARTESIAN_POINT ( 'NONE',  ( 11.99999999999999289, 3.000000000000000000, 83.99999999999964473 ) ) ;
#850 = ORIENTED_EDGE ( 'NONE', *, *, #1119, .T. ) ;
#851 = EDGE_CURVE ( 'NONE', #1803, #395, #479, .T. ) ;
#852 = AXIS2_PLACEMENT_3D ( 'NONE', #1765, #1618, #2328 ) ;
#853 = DIRECTION ( 'NONE',  ( 0.000000000000000000, 0.000000000000000000, -1.000000000000000000 ) ) ;
#854 = CARTESIAN_POINT ( 'NONE',  ( 0.000000000000000000, -2.999999999999996447, 84.00000000000000000 ) ) ;
#855 = CARTESIAN_POINT ( 'NONE',  ( 0.000000000000000000, 5.000000000000000000, -13.50000000000000000 ) ) ;
#856 = VERTEX_POINT ( 'NONE', #2119 ) ;
#857 = ORIENTED_EDGE ( 'NONE', *, *, #776, .T. ) ;
#858 = DIRECTION ( 'NONE',  ( 0.06547619047619050725, 0.000000000000000000, 0.9978541318653371128 ) ) ;
#859 = CARTESIAN_POINT ( 'NONE',  ( -11.00000000000000888, 5.000000000000000000, 3.816391647148980341E-15 ) ) ;
#860 = ORIENTED_EDGE ( 'NONE', *, *, #2240, .F. ) ;
#861 = DIRECTION ( 'NONE',  ( 0.000000000000000000, 1.000000000000000000, -0.000000000000000000 ) ) ;
#862 = DIRECTION ( 'NONE',  ( -0.000000000000000000, 1.000000000000000000, -0.000000000000000000 ) ) ;
#863 = ORIENTED_EDGE ( 'NONE', *, *, #1299, .F. ) ;
#864 = LINE ( 'NONE', #2132, #414 ) ;
#865 = EDGE_CURVE ( 'NONE', #2094, #388, #1091, .T. ) ;
#866 = AXIS2_PLACEMENT_3D ( 'NONE', #1284, #2198, #1826 ) ;
#867 = ORIENTED_EDGE ( 'NONE', *, *, #1270, .T. ) ;
#868 = EDGE_LOOP ( 'NONE', ( #1352, #228, #1087, #1676 ) ) ;
#869 = ADVANCED_FACE ( 'NONE', ( #1080 ), #1627, .F. ) ;
#870 = CARTESIAN_POINT ( 'NONE',  ( -2.999999999999990674, -3.000000000000000000, 52.50000000000000000 ) ) ;
#871 = DIRECTION ( 'NONE',  ( 0.000000000000000000, 1.000000000000000000, 0.000000000000000000 ) ) ;
#872 = CARTESIAN_POINT ( 'NONE',  ( 0.000000000000000000, -2.000000000000000000, 84.00000000000000000 ) ) ;
#873 = ORIENTED_EDGE ( 'NONE', *, *, #34, .F. ) ;
#874 = CARTESIAN_POINT ( 'NONE',  ( -11.69134295108990074, -3.000000000000000000, -6.750000000000000000 ) ) ;
#875 = CIRCLE ( 'NONE', #1447, 2.750000000000000000 ) ;
#876 = AXIS2_PLACEMENT_3D ( 'NONE', #1, #1991, #884 ) ;
#877 = AXIS2_PLACEMENT_3D ( 'NONE', #564, #1065, #896 ) ;
#878 = ORIENTED_EDGE ( 'NONE', *, *, #130, .T. ) ;
#879 = VECTOR ( 'NONE', #1831, 1000.000000000000000 ) ;
#880 = EDGE_CURVE ( 'NONE', #1395, #135, #676, .T. ) ;
#881 = DIRECTION ( 'NONE',  ( 0.000000000000000000, 0.000000000000000000, 1.000000000000000000 ) ) ;
#882 = VECTOR ( 'NONE', #1538, 1000.000000000000000 ) ;
#883 = CYLINDRICAL_SURFACE ( 'NONE', #772, 1.550000000000000933 ) ;
#884 = DIRECTION ( 'NONE',  ( -0.5000000000000007772, 0.000000000000000000, -0.8660254037844382635 ) ) ;
#885 = EDGE_LOOP ( 'NONE', ( #2144, #2223 ) ) ;
#886 = LINE ( 'NONE', #522, #80 ) ;
#887 = LINE ( 'NONE', #565, #1337 ) ;
#888 = VECTOR ( 'NONE', #118, 1000.000000000000000 ) ;
#889 = ORIENTED_EDGE ( 'NONE', *, *, #903, .T. ) ;
#890 = VERTEX_POINT ( 'NONE', #527 ) ;
#891 = CARTESIAN_POINT ( 'NONE',  ( -2.999999999999997335, -2.999999999999996447, 20.00000000000000000 ) ) ;
#892 = ORIENTED_EDGE ( 'NONE', *, *, #302, .T. ) ;
#893 = CARTESIAN_POINT ( 'NONE',  ( 0.000000000000000000, 5.000000000000000000, 0.000000000000000000 ) ) ;
#894 = DIRECTION ( 'NONE',  ( 0.000000000000000000, -1.000000000000000000, 0.000000000000000000 ) ) ;
#895 = ORIENTED_EDGE ( 'NONE', *, *, #555, .F. ) ;
#896 = DIRECTION ( 'NONE',  ( 0.000000000000000000, 0.000000000000000000, -1.000000000000000000 ) ) ;
#897 = CARTESIAN_POINT ( 'NONE',  ( 0.000000000000000000, 0.000000000000000000, 0.000000000000000000 ) ) ;
#898 = VERTEX_POINT ( 'NONE', #1445 ) ;
#899 = FACE_OUTER_BOUND ( 'NONE', #1332, .T. ) ;
#900 = VERTEX_POINT ( 'NONE', #2017 ) ;
#901 = EDGE_CURVE ( 'NONE', #157, #420, #987, .T. ) ;
#902 = EDGE_LOOP ( 'NONE', ( #1941, #1103, #1246, #2097 ) ) ;
#903 = EDGE_CURVE ( 'NONE', #2183, #112, #790, .T. ) ;
#904 = FACE_BOUND ( 'NONE', #1626, .T. ) ;
#905 = AXIS2_PLACEMENT_3D ( 'NONE', #958, #2020, #221 ) ;
#906 = LINE ( 'NONE', #1813, #449 ) ;
#907 = AXIS2_PLACEMENT_3D ( 'NONE', #1449, #185, #1474 ) ;
#908 = CYLINDRICAL_SURFACE ( 'NONE', #732, 12.00000000000000000 ) ;
#909 = EDGE_CURVE ( 'NONE', #2103, #1803, #295, .T. ) ;
#910 = LINE ( 'NONE', #1778, #840 ) ;
#911 = LINE ( 'NONE', #701, #570 ) ;
#912 = ORIENTED_EDGE ( 'NONE', *, *, #1373, .F. ) ;
#913 = ORIENTED_EDGE ( 'NONE', *, *, #1231, .T. ) ;
#914 = CARTESIAN_POINT ( 'NONE',  ( -9.426999614876460059E-14, -2.999999999999996447, 13.50000000000000000 ) ) ;
#915 = ORIENTED_EDGE ( 'NONE', *, *, #2195, .F. ) ;
#916 = AXIS2_PLACEMENT_3D ( 'NONE', #1760, #1198, #1386 ) ;
#917 = AXIS2_PLACEMENT_3D ( 'NONE', #1672, #381, #1817 ) ;
#918 = ORIENTED_EDGE ( 'NONE', *, *, #2286, .T. ) ;
#919 = VECTOR ( 'NONE', #1302, 1000.000000000000000 ) ;
#920 = DIRECTION ( 'NONE',  ( -1.000000000000000000, 0.000000000000000000, 3.469446951953616161E-16 ) ) ;
#921 = CARTESIAN_POINT ( 'NONE',  ( 2.750000000000000000, 0.000000000000000000, 13.50000000000000000 ) ) ;
#922 = ORIENTED_EDGE ( 'NONE', *, *, #791, .T. ) ;
#923 = DIRECTION ( 'NONE',  ( -1.000000000000000000, 0.000000000000000000, 0.000000000000000000 ) ) ;
#924 = CARTESIAN_POINT ( 'NONE',  ( 0.000000000000000000, -2.000000000000000000, 0.000000000000000000 ) ) ;
#925 = CYLINDRICAL_SURFACE ( 'NONE', #263, 2.749999999999998668 ) ;
#926 = ADVANCED_FACE ( 'NONE', ( #542 ), #387, .F. ) ;
#927 = ORIENTED_EDGE ( 'NONE', *, *, #2313, .F. ) ;
#928 = ORIENTED_EDGE ( 'NONE', *, *, #1932, .F. ) ;
#929 = DIRECTION ( 'NONE',  ( -0.7071067811865463515, 0.000000000000000000, 0.7071067811865487940 ) ) ;
#930 = VECTOR ( 'NONE', #213, 1000.000000000000000 ) ;
#931 = AXIS2_PLACEMENT_3D ( 'NONE', #1648, #775, #748 ) ;
#932 = ORIENTED_EDGE ( 'NONE', *, *, #333, .T. ) ;
#933 = DIRECTION ( 'NONE',  ( 0.000000000000000000, 0.000000000000000000, 1.000000000000000000 ) ) ;
#934 = CARTESIAN_POINT ( 'NONE',  ( 1.898202538678397705E-16, -2.999999999999996447, -15.05000000000000071 ) ) ;
#935 = EDGE_CURVE ( 'NONE', #1938, #690, #1068, .T. ) ;
#936 = FACE_BOUND ( 'NONE', #2031, .T. ) ;
#937 = CARTESIAN_POINT ( 'NONE',  ( 11.69134295108990074, 0.000000000000000000, 6.750000000000000000 ) ) ;
#938 = LINE ( 'NONE', #1969, #992 ) ;
#939 = VERTEX_POINT ( 'NONE', #715 ) ;
#940 = APPLICATION_CONTEXT ( 'automotive_design' ) ;
#941 = ADVANCED_FACE ( 'NONE', ( #755 ), #1104, .F. ) ;
#942 = FACE_OUTER_BOUND ( 'NONE', #2082, .T. ) ;
#943 = EDGE_CURVE ( 'NONE', #1803, #2103, #2086, .T. ) ;
#944 = ORIENTED_EDGE ( 'NONE', *, *, #1704, .F. ) ;
#945 = CARTESIAN_POINT ( 'NONE',  ( -11.69134295108990074, -3.000000000000000000, -6.750000000000000000 ) ) ;
#946 = DIRECTION ( 'NONE',  ( 0.000000000000000000, -1.000000000000000000, 0.000000000000000000 ) ) ;
#947 = AXIS2_PLACEMENT_3D ( 'NONE', #1403, #1753, #518 ) ;
#948 = DIRECTION ( 'NONE',  ( -0.000000000000000000, 1.000000000000000000, -0.000000000000000000 ) ) ;
#949 = DIRECTION ( 'NONE',  ( -0.06533628763226788372, 0.000000000000000000, -0.9978633020200881054 ) ) ;
#950 = DIRECTION ( 'NONE',  ( 0.000000000000000000, 0.000000000000000000, 1.000000000000000000 ) ) ;
#951 = VERTEX_POINT ( 'NONE', #1484 ) ;
#952 = ORIENTED_EDGE ( 'NONE', *, *, #1657, .F. ) ;
#953 = CARTESIAN_POINT ( 'NONE',  ( 0.000000000000000000, 5.000000000000000000, 0.000000000000000000 ) ) ;
#954 = ORIENTED_EDGE ( 'NONE', *, *, #134, .F. ) ;
#955 = VECTOR ( 'NONE', #1647, 1000.000000000000000 ) ;
#956 = EDGE_CURVE ( 'NONE', #1081, #1446, #761, .T. ) ;
#957 = ORIENTED_EDGE ( 'NONE', *, *, #401, .T. ) ;
#958 = CARTESIAN_POINT ( 'NONE',  ( 0.000000000000000000, 3.000000000000000000, 0.000000000000000000 ) ) ;
#959 = VECTOR ( 'NONE', #2190, 1000.000000000000000 ) ;
#960 = CARTESIAN_POINT ( 'NONE',  ( 0.000000000000000000, -3.000000000000000000, 84.00000000000000000 ) ) ;
#961 = AXIS2_PLACEMENT_3D ( 'NONE', #663, #1842, #126 ) ;
#962 = FACE_BOUND ( 'NONE', #1928, .T. ) ;
#963 = CARTESIAN_POINT ( 'NONE',  ( 2.999999999999997780, -2.999999999999996447, 67.50000000000000000 ) ) ;
#964 = CARTESIAN_POINT ( 'NONE',  ( -2.999999999999997335, -2.999999999999996447, 20.00000000000000000 ) ) ;
#965 = ORIENTED_EDGE ( 'NONE', *, *, #1119, .F. ) ;
#966 = EDGE_LOOP ( 'NONE', ( #1806, #1794, #928, #2177 ) ) ;
#967 = ORIENTED_EDGE ( 'NONE', *, *, #1833, .F. ) ;
#968 = DIRECTION ( 'NONE',  ( -1.000000000000000000, 0.000000000000000000, 0.000000000000000000 ) ) ;
#969 = EDGE_CURVE ( 'NONE', #890, #276, #1142, .T. ) ;
#970 = FACE_OUTER_BOUND ( 'NONE', #868, .T. ) ;
#971 = DIRECTION ( 'NONE',  ( 0.000000000000000000, 1.000000000000000000, -0.000000000000000000 ) ) ;
#972 = CARTESIAN_POINT ( 'NONE',  ( 13.06634295108990074, -3.000000000000000000, -4.368430139592789807 ) ) ;
#973 = ORIENTED_EDGE ( 'NONE', *, *, #66, .T. ) ;
#974 = CARTESIAN_POINT ( 'NONE',  ( -17.46244730764339792, -2.000000000000000000, 1.145833333333329929 ) ) ;
#975 = ADVANCED_FACE ( 'NONE', ( #899 ), #743, .F. ) ;
#976 = ORIENTED_EDGE ( 'NONE', *, *, #2216, .F. ) ;
#977 = APPLICATION_PROTOCOL_DEFINITION ( 'draft international standard', 'automotive_design', 1998, #940 ) ;
#978 = CARTESIAN_POINT ( 'NONE',  ( 17.42529546657258166, -3.000000000000000000, 1.140941965073208442 ) ) ;
#979 = ADVANCED_FACE ( 'NONE', ( #1305 ), #1256, .F. ) ;
#980 = DIRECTION ( 'NONE',  ( 0.000000000000000000, 1.000000000000000000, 0.000000000000000000 ) ) ;
#981 = CARTESIAN_POINT ( 'NONE',  ( -11.99999999999997691, 5.000000000000000000, 84.00000000000000000 ) ) ;
#982 = AXIS2_PLACEMENT_3D ( 'NONE', #2292, #672, #1228 ) ;
#983 = ORIENTED_EDGE ( 'NONE', *, *, #2093, .T. ) ;
#984 = EDGE_CURVE ( 'NONE', #1792, #825, #1409, .T. ) ;
#985 = ADVANCED_FACE ( 'NONE', ( #942 ), #1667, .F. ) ;
#986 = AXIS2_PLACEMENT_3D ( 'NONE', #1772, #2124, #1052 ) ;
#987 = CIRCLE ( 'NONE', #566, 11.99999999999999645 ) ;
#988 = CIRCLE ( 'NONE', #789, 1.550000000000000933 ) ;
#989 = EDGE_LOOP ( 'NONE', ( #1359, #2233, #1781, #713 ) ) ;
#990 = ORIENTED_EDGE ( 'NONE', *, *, #333, .F. ) ;
#991 =( NAMED_UNIT ( * ) SI_UNIT ( $, .STERADIAN. ) SOLID_ANGLE_UNIT ( ) );
#992 = VECTOR ( 'NONE', #1454, 1000.000000000000000 ) ;
#993 = CARTESIAN_POINT ( 'NONE',  ( 11.69134295108993982, -2.999999999999996447, -5.199999999999973532 ) ) ;
#994 = AXIS2_PLACEMENT_3D ( 'NONE', #1088, #1636, #1428 ) ;
#995 = LINE ( 'NONE', #1347, #1380 ) ;
#996 = DIRECTION ( 'NONE',  ( 0.000000000000000000, 1.000000000000000000, 0.000000000000000000 ) ) ;
#997 = AXIS2_PLACEMENT_3D ( 'NONE', #1321, #610, #1684 ) ;
#998 = VERTEX_POINT ( 'NONE', #2074 ) ;
#999 = AXIS2_PLACEMENT_3D ( 'NONE', #1170, #1716, #2238 ) ;
#1000 = CARTESIAN_POINT ( 'NONE',  ( 11.97424958238399917, -2.000000000000000000, 84.78571428571429180 ) ) ;
#1001 = EDGE_CURVE ( 'NONE', #307, #1905, #242, .T. ) ;
#1002 = ORIENTED_EDGE ( 'NONE', *, *, #209, .F. ) ;
#1003 = ORIENTED_EDGE ( 'NONE', *, *, #1520, .F. ) ;
#1004 = FACE_OUTER_BOUND ( 'NONE', #1957, .T. ) ;
#1005 = DIRECTION ( 'NONE',  ( 0.000000000000000000, -1.000000000000000000, 0.000000000000000000 ) ) ;
#1006 = AXIS2_PLACEMENT_3D ( 'NONE', #61, #472, #1008 ) ;
#1007 = DIRECTION ( 'NONE',  ( 0.000000000000000000, 0.000000000000000000, 1.000000000000000000 ) ) ;
#1008 = DIRECTION ( 'NONE',  ( 0.000000000000000000, 0.000000000000000000, 1.000000000000000000 ) ) ;
#1009 = CARTESIAN_POINT ( 'NONE',  ( -2.750000000000000000, -3.000000000000000000, -13.50000000000000000 ) ) ;
#1010 = VERTEX_POINT ( 'NONE', #974 ) ;
#1011 = AXIS2_PLACEMENT_3D ( 'NONE', #38, #763, #1851 ) ;
#1012 = CARTESIAN_POINT ( 'NONE',  ( 3.000000000000005773, 5.000000000000000000, 67.50000000000000000 ) ) ;
#1013 = EDGE_CURVE ( 'NONE', #2281, #1269, #1530, .T. ) ;
#1014 = ORIENTED_EDGE ( 'NONE', *, *, #205, .F. ) ;
#1015 = VERTEX_POINT ( 'NONE', #2241 ) ;
#1016 = CARTESIAN_POINT ( 'NONE',  ( 0.000000000000000000, 3.000000000000000000, 84.00000000000000000 ) ) ;
#1017 = LINE ( 'NONE', #471, #1968 ) ;
#1018 = CARTESIAN_POINT ( 'NONE',  ( 11.00000000000000355, 5.000000000000000000, 32.99999999999997158 ) ) ;
#1019 = DIRECTION ( 'NONE',  ( 0.000000000000000000, -1.000000000000000000, 0.000000000000000000 ) ) ;
#1020 = LINE ( 'NONE', #505, #1105 ) ;
#1021 = ORIENTED_EDGE ( 'NONE', *, *, #359, .T. ) ;
#1022 = DIRECTION ( 'NONE',  ( 0.000000000000000000, 0.000000000000000000, -1.000000000000000000 ) ) ;
#1023 = FACE_OUTER_BOUND ( 'NONE', #1432, .T. ) ;
#1024 = ORIENTED_EDGE ( 'NONE', *, *, #190, .F. ) ;
#1025 = ORIENTED_EDGE ( 'NONE', *, *, #2184, .F. ) ;
#1026 = DIRECTION ( 'NONE',  ( 3.469446951953616161E-16, 0.000000000000000000, 1.000000000000000000 ) ) ;
#1027 = FACE_OUTER_BOUND ( 'NONE', #2220, .T. ) ;
#1028 = ADVANCED_FACE ( 'NONE', ( #2222 ), #615, .F. ) ;
#1029 = DIRECTION ( 'NONE',  ( -0.7071067811865485719, 0.000000000000000000, 0.7071067811865465735 ) ) ;
#1030 = DIRECTION ( 'NONE',  ( 0.000000000000000000, 0.000000000000000000, -1.000000000000000000 ) ) ;
#1031 = VERTEX_POINT ( 'NONE', #1350 ) ;
#1032 = AXIS2_PLACEMENT_3D ( 'NONE', #2187, #2330, #698 ) ;
#1033 = AXIS2_PLACEMENT_3D ( 'NONE', #2178, #1466, #725 ) ;
#1034 = DIRECTION ( 'NONE',  ( -0.06533628763226788372, 0.000000000000000000, -0.9978633020200881054 ) ) ;
#1035 = VECTOR ( 'NONE', #403, 1000.000000000000000 ) ;
#1036 = DIRECTION ( 'NONE',  ( 0.000000000000000000, 0.000000000000000000, 1.000000000000000000 ) ) ;
#1037 = CIRCLE ( 'NONE', #582, 1.549999999999999378 ) ;
#1038 = DIRECTION ( 'NONE',  ( 0.000000000000000000, -1.000000000000000000, 0.000000000000000000 ) ) ;
#1039 = ORIENTED_EDGE ( 'NONE', *, *, #190, .T. ) ;
#1040 = ORIENTED_EDGE ( 'NONE', *, *, #380, .T. ) ;
#1041 = CARTESIAN_POINT ( 'NONE',  ( -17.46244730764339792, -3.000000000000000000, 1.145833333333329929 ) ) ;
#1042 = EDGE_CURVE ( 'NONE', #588, #1997, #1360, .T. ) ;
#1043 = FACE_BOUND ( 'NONE', #1880, .T. ) ;
#1044 = AXIS2_PLACEMENT_3D ( 'NONE', #1875, #1338, #847 ) ;
#1045 = CYLINDRICAL_SURFACE ( 'NONE', #372, 3.000000000000002665 ) ;
#1046 = VERTEX_POINT ( 'NONE', #1903 ) ;
#1047 = DIRECTION ( 'NONE',  ( -0.000000000000000000, 1.000000000000000000, -0.000000000000000000 ) ) ;
#1048 = CARTESIAN_POINT ( 'NONE',  ( 0.000000000000000000, -2.999999999999996447, 90.55000000000001137 ) ) ;
#1049 = CARTESIAN_POINT ( 'NONE',  ( 11.00000000000000533, 5.000000000000000000, 27.99999999999997158 ) ) ;
#1050 = ORIENTED_EDGE ( 'NONE', *, *, #2298, .T. ) ;
#1051 = ORIENTED_EDGE ( 'NONE', *, *, #1979, .T. ) ;
#1052 = DIRECTION ( 'NONE',  ( 1.000000000000000000, 0.000000000000000000, 0.000000000000000000 ) ) ;
#1053 = DIRECTION ( 'NONE',  ( 0.000000000000000000, 0.000000000000000000, 1.000000000000000000 ) ) ;
#1054 = CYLINDRICAL_SURFACE ( 'NONE', #1937, 8.000000000000000000 ) ;
#1055 = EDGE_CURVE ( 'NONE', #1658, #951, #1891, .T. ) ;
#1056 = ORIENTED_EDGE ( 'NONE', *, *, #1398, .F. ) ;
#1057 = DIRECTION ( 'NONE',  ( 0.000000000000000000, 1.000000000000000000, 0.000000000000000000 ) ) ;
#1058 = EDGE_CURVE ( 'NONE', #2045, #1303, #2039, .T. ) ;
#1059 = FACE_OUTER_BOUND ( 'NONE', #1918, .T. ) ;
#1060 = ORIENTED_EDGE ( 'NONE', *, *, #776, .F. ) ;
#1061 = FACE_OUTER_BOUND ( 'NONE', #1730, .T. ) ;
#1062 = CARTESIAN_POINT ( 'NONE',  ( 3.000000000000002665, -2.999999999999996447, 20.00000000000000000 ) ) ;
#1063 = DIRECTION ( 'NONE',  ( 0.000000000000000000, 1.000000000000000000, 0.000000000000000000 ) ) ;
#1064 = ORIENTED_EDGE ( 'NONE', *, *, #648, .T. ) ;
#1065 = DIRECTION ( 'NONE',  ( 0.000000000000000000, -1.000000000000000000, 0.000000000000000000 ) ) ;
#1066 = CARTESIAN_POINT ( 'NONE',  ( 2.750000000000000000, -3.000000000000000000, -13.50000000000000000 ) ) ;
#1067 = ORIENTED_EDGE ( 'NONE', *, *, #2302, .F. ) ;
#1068 = CIRCLE ( 'NONE', #147, 1.550000000000000933 ) ;
#1069 = CARTESIAN_POINT ( 'NONE',  ( 3.000000000000006661, -2.999999999999996447, 33.00000000000000000 ) ) ;
#1070 = EDGE_LOOP ( 'NONE', ( #1090, #1952, #830, #1437 ) ) ;
#1071 = AXIS2_PLACEMENT_3D ( 'NONE', #1148, #1554, #1673 ) ;
#1072 = DIRECTION ( 'NONE',  ( -1.000000000000000000, 0.000000000000000000, 2.602085213965212121E-16 ) ) ;
#1073 = CARTESIAN_POINT ( 'NONE',  ( 0.000000000000000000, -2.999999999999996447, 90.55000000000001137 ) ) ;
#1074 = LINE ( 'NONE', #201, #758 ) ;
#1075 = ORIENTED_EDGE ( 'NONE', *, *, #1711, .T. ) ;
#1076 = CARTESIAN_POINT ( 'NONE',  ( 11.69134295108989363, 0.000000000000000000, 5.200000000000055245 ) ) ;
#1077 = DIRECTION ( 'NONE',  ( 0.000000000000000000, -1.000000000000000000, 0.000000000000000000 ) ) ;
#1078 = EDGE_CURVE ( 'NONE', #423, #792, #1328, .T. ) ;
#1079 = AXIS2_PLACEMENT_3D ( 'NONE', #978, #236, #1546 ) ;
#1080 = FACE_OUTER_BOUND ( 'NONE', #709, .T. ) ;
#1081 = VERTEX_POINT ( 'NONE', #1600 ) ;
#1082 = EDGE_CURVE ( 'NONE', #135, #900, #2273, .T. ) ;
#1083 = EDGE_CURVE ( 'NONE', #1251, #20, #2297, .T. ) ;
#1084 = ORIENTED_EDGE ( 'NONE', *, *, #2216, .T. ) ;
#1085 = FACE_BOUND ( 'NONE', #809, .T. ) ;
#1086 = CARTESIAN_POINT ( 'NONE',  ( -10.31634295108990074, -3.000000000000000000, -9.131569860407209305 ) ) ;
#1087 = ORIENTED_EDGE ( 'NONE', *, *, #409, .T. ) ;
#1088 = CARTESIAN_POINT ( 'NONE',  ( 0.000000000000000000, -2.999999999999996447, -13.50000000000000000 ) ) ;
#1089 = DIRECTION ( 'NONE',  ( 0.7071067811865487940, 0.000000000000000000, 0.7071067811865463515 ) ) ;
#1090 = ORIENTED_EDGE ( 'NONE', *, *, #1872, .T. ) ;
#1091 = LINE ( 'NONE', #397, #1215 ) ;
#1092 = ORIENTED_EDGE ( 'NONE', *, *, #1358, .T. ) ;
#1093 = EDGE_LOOP ( 'NONE', ( #171, #818 ) ) ;
#1094 = CARTESIAN_POINT ( 'NONE',  ( -17.50000000000000000, 5.000000000000000000, -1.170938346284344789E-13 ) ) ;
#1095 = VECTOR ( 'NONE', #1578, 1000.000000000000000 ) ;
#1096 = EDGE_CURVE ( 'NONE', #2014, #2193, #2206, .T. ) ;
#1097 = CARTESIAN_POINT ( 'NONE',  ( -1.836970198721038266E-15, -2.999999999999996447, 67.50000000000000000 ) ) ;
#1098 = CARTESIAN_POINT ( 'NONE',  ( 3.000000000000007994, -2.999999999999996447, 38.00000000000000000 ) ) ;
#1099 = AXIS2_PLACEMENT_3D ( 'NONE', #2348, #371, #1805 ) ;
#1100 = FACE_OUTER_BOUND ( 'NONE', #2084, .T. ) ;
#1101 = DIRECTION ( 'NONE',  ( -0.000000000000000000, 1.000000000000000000, -0.000000000000000000 ) ) ;
#1102 = DIRECTION ( 'NONE',  ( 0.000000000000000000, 1.000000000000000000, 0.000000000000000000 ) ) ;
#1103 = ORIENTED_EDGE ( 'NONE', *, *, #94, .F. ) ;
#1104 = CYLINDRICAL_SURFACE ( 'NONE', #1777, 2.750000000000000000 ) ;
#1105 = VECTOR ( 'NONE', #2080, 1000.000000000000000 ) ;
#1106 = AXIS2_PLACEMENT_3D ( 'NONE', #1915, #283, #1022 ) ;
#1107 = VECTOR ( 'NONE', #712, 1000.000000000000000 ) ;
#1108 = VERTEX_POINT ( 'NONE', #1588 ) ;
#1109 = LINE ( 'NONE', #2043, #1280 ) ;
#1110 = LINE ( 'NONE', #340, #1858 ) ;
#1111 = CARTESIAN_POINT ( 'NONE',  ( 13.06634295108990074, 0.000000000000000000, -4.368430139592789807 ) ) ;
#1112 = EDGE_CURVE ( 'NONE', #1362, #1459, #187, .T. ) ;
#1113 = DIRECTION ( 'NONE',  ( 0.000000000000000000, -1.000000000000000000, 0.000000000000000000 ) ) ;
#1114 = CARTESIAN_POINT ( 'NONE',  ( -11.00000000000000000, -2.999999999999996447, 40.99999999999997868 ) ) ;
#1115 = CARTESIAN_POINT ( 'NONE',  ( -10.31634295108990074, 0.000000000000000000, -9.131569860407198647 ) ) ;
#1116 = EDGE_LOOP ( 'NONE', ( #1084, #625, #1226, #1739 ) ) ;
#1117 = ORIENTED_EDGE ( 'NONE', *, *, #969, .T. ) ;
#1118 = DIRECTION ( 'NONE',  ( 1.000000000000000000, 0.000000000000000000, 2.312964634635741971E-16 ) ) ;
#1119 = EDGE_CURVE ( 'NONE', #1031, #1186, #495, .T. ) ;
#1120 = ORIENTED_EDGE ( 'NONE', *, *, #1539, .T. ) ;
#1121 = DIRECTION ( 'NONE',  ( 0.000000000000000000, 1.000000000000000000, 0.000000000000000000 ) ) ;
#1122 = DIRECTION ( 'NONE',  ( -0.7071067811865463515, 0.000000000000000000, 0.7071067811865487940 ) ) ;
#1123 = DIRECTION ( 'NONE',  ( 0.000000000000000000, -1.000000000000000000, 0.000000000000000000 ) ) ;
#1124 = DIRECTION ( 'NONE',  ( 0.000000000000000000, 1.000000000000000000, -0.000000000000000000 ) ) ;
#1125 = DIRECTION ( 'NONE',  ( 0.000000000000000000, -1.000000000000000000, 0.000000000000000000 ) ) ;
#1126 = EDGE_LOOP ( 'NONE', ( #1565, #759, #1150, #857 ) ) ;
#1127 = EDGE_LOOP ( 'NONE', ( #1434, #1340, #1138, #2003 ) ) ;
#1128 = DIRECTION ( 'NONE',  ( 0.000000000000000000, -1.000000000000000000, 0.000000000000000000 ) ) ;
#1129 = ADVANCED_FACE ( 'NONE', ( #2142 ), #1224, .F. ) ;
#1130 = EDGE_CURVE ( 'NONE', #1401, #741, #318, .T. ) ;
#1131 = EDGE_LOOP ( 'NONE', ( #770, #1749, #976, #385 ) ) ;
#1132 = CARTESIAN_POINT ( 'NONE',  ( 0.000000000000000000, 5.000000000000000000, 0.000000000000000000 ) ) ;
#1133 = PRODUCT_CONTEXT ( 'NONE', #2265, 'mechanical' ) ;
#1134 = CYLINDRICAL_SURFACE ( 'NONE', #2254, 1.549999999999999378 ) ;
#1135 = FACE_OUTER_BOUND ( 'NONE', #123, .T. ) ;
#1136 = LINE ( 'NONE', #2099, #1744 ) ;
#1137 = DIRECTION ( 'NONE',  ( -0.000000000000000000, 1.000000000000000000, -0.000000000000000000 ) ) ;
#1138 = ORIENTED_EDGE ( 'NONE', *, *, #791, .F. ) ;
#1139 = ORIENTED_EDGE ( 'NONE', *, *, #1992, .T. ) ;
#1140 = EDGE_CURVE ( 'NONE', #2285, #1997, #308, .T. ) ;
#1141 = ORIENTED_EDGE ( 'NONE', *, *, #1742, .T. ) ;
#1142 = CIRCLE ( 'NONE', #227, 1.549999999999999378 ) ;
#1143 = LINE ( 'NONE', #1462, #362 ) ;
#1144 = CIRCLE ( 'NONE', #2127, 12.00000000000000000 ) ;
#1145 = DIRECTION ( 'NONE',  ( 0.000000000000000000, -1.000000000000000000, 0.000000000000000000 ) ) ;
#1146 = PLANE ( 'NONE',  #1011 ) ;
#1147 = DIRECTION ( 'NONE',  ( 0.7071067811865486830, 0.000000000000000000, 0.7071067811865464625 ) ) ;
#1148 = CARTESIAN_POINT ( 'NONE',  ( 0.000000000000000000, 0.000000000000000000, 0.000000000000000000 ) ) ;
#1149 = CARTESIAN_POINT ( 'NONE',  ( -2.999999999999997780, -2.999999999999996447, 38.00000000000000000 ) ) ;
#1150 = ORIENTED_EDGE ( 'NONE', *, *, #2298, .F. ) ;
#1151 = EDGE_CURVE ( 'NONE', #1468, #395, #2012, .T. ) ;
#1152 = VECTOR ( 'NONE', #1713, 1000.000000000000000 ) ;
#1153 = ADVANCED_FACE ( 'NONE', ( #1410 ), #132, .F. ) ;
#1154 = ORIENTED_EDGE ( 'NONE', *, *, #1471, .F. ) ;
#1155 = CIRCLE ( 'NONE', #1907, 1.549999999999999378 ) ;
#1156 = EDGE_CURVE ( 'NONE', #396, #1658, #531, .T. ) ;
#1157 = DIRECTION ( 'NONE',  ( 0.000000000000000000, 0.000000000000000000, 1.000000000000000000 ) ) ;
#1158 = DIRECTION ( 'NONE',  ( -1.000000000000000000, 0.000000000000000000, 0.000000000000000000 ) ) ;
#1159 = DIRECTION ( 'NONE',  ( 0.000000000000000000, 1.000000000000000000, -0.000000000000000000 ) ) ;
#1160 = LINE ( 'NONE', #85, #882 ) ;
#1161 = EDGE_LOOP ( 'NONE', ( #1551, #1894, #1729, #1056 ) ) ;
#1162 = EDGE_LOOP ( 'NONE', ( #2026, #1621 ) ) ;
#1163 = ORIENTED_EDGE ( 'NONE', *, *, #2164, .T. ) ;
#1164 = FACE_OUTER_BOUND ( 'NONE', #1377, .T. ) ;
#1165 = FACE_OUTER_BOUND ( 'NONE', #1385, .T. ) ;
#1166 = LINE ( 'NONE', #1336, #693 ) ;
#1167 = EDGE_CURVE ( 'NONE', #1610, #856, #864, .T. ) ;
#1168 = CYLINDRICAL_SURFACE ( 'NONE', #465, 6.550000000000000711 ) ;
#1169 = VECTOR ( 'NONE', #1786, 1000.000000000000000 ) ;
#1170 = CARTESIAN_POINT ( 'NONE',  ( 11.69134295108989363, 5.000000000000000000, 6.750000000000054179 ) ) ;
#1171 = ORIENTED_EDGE ( 'NONE', *, *, #89, .T. ) ;
#1172 = DIRECTION ( 'NONE',  ( 0.7071067811865486830, 0.000000000000000000, 0.7071067811865464625 ) ) ;
#1173 = AXIS2_PLACEMENT_3D ( 'NONE', #1951, #1927, #296 ) ;
#1174 = VERTEX_POINT ( 'NONE', #1737 ) ;
#1175 = EDGE_LOOP ( 'NONE', ( #2076, #1740, #990, #233 ) ) ;
#1176 = DIRECTION ( 'NONE',  ( 0.000000000000000000, 0.000000000000000000, -1.000000000000000000 ) ) ;
#1177 = ADVANCED_FACE ( 'NONE', ( #1926 ), #641, .F. ) ;
#1178 = CIRCLE ( 'NONE', #798, 11.99999999999999645 ) ;
#1179 = CARTESIAN_POINT ( 'NONE',  ( -11.69134295108990074, 0.000000000000000000, -6.750000000000000000 ) ) ;
#1180 = CIRCLE ( 'NONE', #1365, 17.50000000000000000 ) ;
#1181 = AXIS2_PLACEMENT_3D ( 'NONE', #1642, #1128, #1458 ) ;
#1182 = CYLINDRICAL_SURFACE ( 'NONE', #1689, 3.000000000000002665 ) ;
#1183 = CARTESIAN_POINT ( 'NONE',  ( -2.999999999999998668, -2.999999999999996447, 33.00000000000000000 ) ) ;
#1184 = EDGE_CURVE ( 'NONE', #431, #644, #496, .T. ) ;
#1185 = VECTOR ( 'NONE', #2024, 1000.000000000000000 ) ;
#1186 = VERTEX_POINT ( 'NONE', #111 ) ;
#1187 = CARTESIAN_POINT ( 'NONE',  ( 17.50000000000000711, 5.000000000000000000, 17.50000000000005684 ) ) ;
#1188 = EDGE_CURVE ( 'NONE', #494, #498, #515, .T. ) ;
#1189 = ORIENTED_EDGE ( 'NONE', *, *, #835, .F. ) ;
#1190 = EDGE_LOOP ( 'NONE', ( #2156, #251, #2255, #2171 ) ) ;
#1191 = FILL_AREA_STYLE ('',( #1692 ) ) ;
#1192 = CARTESIAN_POINT ( 'NONE',  ( 13.06634295108990074, -3.000000000000000000, 4.368430139592789807 ) ) ;
#1193 = VECTOR ( 'NONE', #786, 1000.000000000000000 ) ;
#1194 = CARTESIAN_POINT ( 'NONE',  ( -10.99999999999999289, 5.000000000000000000, 32.99999999999997158 ) ) ;
#1195 = CYLINDRICAL_SURFACE ( 'NONE', #389, 2.750000000000000000 ) ;
#1196 = CARTESIAN_POINT ( 'NONE',  ( 11.97424958238399917, -2.000000000000000000, 84.78571428571429180 ) ) ;
#1197 = VERTEX_POINT ( 'NONE', #292 ) ;
#1198 = DIRECTION ( 'NONE',  ( 0.000000000000000000, -1.000000000000000000, 0.000000000000000000 ) ) ;
#1199 = ADVANCED_FACE ( 'NONE', ( #466 ), #1750, .T. ) ;
#1200 = LINE ( 'NONE', #2133, #1999 ) ;
#1201 = VERTEX_POINT ( 'NONE', #121 ) ;
#1202 = EDGE_LOOP ( 'NONE', ( #844, #607 ) ) ;
#1203 = CARTESIAN_POINT ( 'NONE',  ( 11.99999999999999822, 5.000000000000000000, 83.99999999999964473 ) ) ;
#1204 = LINE ( 'NONE', #55, #684 ) ;
#1205 = FACE_OUTER_BOUND ( 'NONE', #1925, .T. ) ;
#1206 = CARTESIAN_POINT ( 'NONE',  ( 0.000000000000000000, -3.000000000000000000, 0.000000000000000000 ) ) ;
#1207 = ORIENTED_EDGE ( 'NONE', *, *, #2346, .T. ) ;
#1208 = DIRECTION ( 'NONE',  ( 0.000000000000000000, 1.000000000000000000, -0.000000000000000000 ) ) ;
#1209 = DIRECTION ( 'NONE',  ( 0.000000000000000000, 1.000000000000000000, 0.000000000000000000 ) ) ;
#1210 = CIRCLE ( 'NONE', #177, 17.50000000000000000 ) ;
#1211 = LINE ( 'NONE', #2143, #1095 ) ;
#1212 = ORIENTED_EDGE ( 'NONE', *, *, #616, .T. ) ;
#1213 = ORIENTED_EDGE ( 'NONE', *, *, #1460, .F. ) ;
#1214 = EDGE_CURVE ( 'NONE', #528, #1942, #353, .T. ) ;
#1215 = VECTOR ( 'NONE', #344, 1000.000000000000000 ) ;
#1216 = DIRECTION ( 'NONE',  ( 0.000000000000000000, 1.000000000000000000, -0.000000000000000000 ) ) ;
#1217 = FACE_BOUND ( 'NONE', #110, .T. ) ;
#1218 = ORIENTED_EDGE ( 'NONE', *, *, #1331, .T. ) ;
#1219 = CARTESIAN_POINT ( 'NONE',  ( -11.99999999999997691, 5.000000000000000000, 84.00000000000000000 ) ) ;
#1220 = DIRECTION ( 'NONE',  ( 0.000000000000000000, 1.000000000000000000, 0.000000000000000000 ) ) ;
#1221 = EDGE_LOOP ( 'NONE', ( #843, #2185, #2180, #325 ) ) ;
#1222 = CIRCLE ( 'NONE', #2051, 3.000000000000002665 ) ;
#1223 = AXIS2_PLACEMENT_3D ( 'NONE', #1656, #730, #1268 ) ;
#1224 = PLANE ( 'NONE',  #452 ) ;
#1225 = VECTOR ( 'NONE', #2102, 1000.000000000000000 ) ;
#1226 = ORIENTED_EDGE ( 'NONE', *, *, #1345, .F. ) ;
#1227 = ORIENTED_EDGE ( 'NONE', *, *, #1604, .F. ) ;
#1228 = DIRECTION ( 'NONE',  ( -0.4999999999999998335, 0.000000000000000000, -0.8660254037844388186 ) ) ;
#1229 = EDGE_CURVE ( 'NONE', #1108, #2290, #1743, .T. ) ;
#1230 = CARTESIAN_POINT ( 'NONE',  ( -11.00000000000000000, -2.999999999999996447, 40.99999999999997868 ) ) ;
#1231 = EDGE_CURVE ( 'NONE', #521, #2098, #910, .T. ) ;
#1232 = CIRCLE ( 'NONE', #199, 8.000000000000000000 ) ;
#1233 = LINE ( 'NONE', #2284, #1644 ) ;
#1234 = ORIENTED_EDGE ( 'NONE', *, *, #1042, .F. ) ;
#1235 = DIRECTION ( 'NONE',  ( 2.023844055306274286E-16, 0.000000000000000000, -1.000000000000000000 ) ) ;
#1236 = DIRECTION ( 'NONE',  ( -3.469446951953613696E-16, 0.000000000000000000, 1.000000000000000000 ) ) ;
#1237 = ORIENTED_EDGE ( 'NONE', *, *, #1960, .F. ) ;
#1238 = DIRECTION ( 'NONE',  ( -0.000000000000000000, 1.000000000000000000, -0.000000000000000000 ) ) ;
#1239 = ORIENTED_EDGE ( 'NONE', *, *, #2229, .T. ) ;
#1240 = DIRECTION ( 'NONE',  ( 0.000000000000000000, 1.000000000000000000, 0.000000000000000000 ) ) ;
#1241 = LINE ( 'NONE', #1633, #1330 ) ;
#1242 = ORIENTED_EDGE ( 'NONE', *, *, #1472, .T. ) ;
#1243 = DIRECTION ( 'NONE',  ( 0.000000000000000000, 1.000000000000000000, 0.000000000000000000 ) ) ;
#1244 = PLANE ( 'NONE',  #116 ) ;
#1245 = DIRECTION ( 'NONE',  ( 0.000000000000000000, 0.000000000000000000, 1.000000000000000000 ) ) ;
#1246 = ORIENTED_EDGE ( 'NONE', *, *, #1471, .T. ) ;
#1247 = CARTESIAN_POINT ( 'NONE',  ( -2.999999999999997335, -2.999999999999996447, 25.00000000000000000 ) ) ;
#1248 = DIRECTION ( 'NONE',  ( -0.000000000000000000, 1.000000000000000000, -0.000000000000000000 ) ) ;
#1249 = ADVANCED_FACE ( 'NONE', ( #382 ), #1801, .F. ) ;
#1250 = CARTESIAN_POINT ( 'NONE',  ( 0.000000000000000000, 0.000000000000000000, -13.50000000000000000 ) ) ;
#1251 = VERTEX_POINT ( 'NONE', #1076 ) ;
#1252 = CARTESIAN_POINT ( 'NONE',  ( 3.000000000000006661, -2.999999999999996447, 33.00000000000000000 ) ) ;
#1253 = EDGE_CURVE ( 'NONE', #20, #1532, #1557, .T. ) ;
#1254 = VECTOR ( 'NONE', #1450, 1000.000000000000000 ) ;
#1255 = ORIENTED_EDGE ( 'NONE', *, *, #909, .F. ) ;
#1256 = PLANE ( 'NONE',  #2242 ) ;
#1257 = ORIENTED_EDGE ( 'NONE', *, *, #2267, .F. ) ;
#1258 = VECTOR ( 'NONE', #115, 1000.000000000000000 ) ;
#1259 = CARTESIAN_POINT ( 'NONE',  ( 0.000000000000000000, -2.999999999999996447, -13.50000000000000000 ) ) ;
#1260 = ORIENTED_EDGE ( 'NONE', *, *, #1457, .T. ) ;
#1261 = CARTESIAN_POINT ( 'NONE',  ( 9.356815830825395833E-15, 5.000000000000000000, 52.50000000000000000 ) ) ;
#1262 = DIRECTION ( 'NONE',  ( -0.000000000000000000, 1.000000000000000000, -0.000000000000000000 ) ) ;
#1263 = VERTEX_POINT ( 'NONE', #366 ) ;
#1264 = DIRECTION ( 'NONE',  ( 0.000000000000000000, 0.000000000000000000, 1.000000000000000000 ) ) ;
#1265 = DIRECTION ( 'NONE',  ( 0.000000000000000000, -1.000000000000000000, 0.000000000000000000 ) ) ;
#1266 = ORIENTED_EDGE ( 'NONE', *, *, #1424, .T. ) ;
#1267 = ORIENTED_EDGE ( 'NONE', *, *, #1229, .T. ) ;
#1268 = DIRECTION ( 'NONE',  ( 0.000000000000000000, 0.000000000000000000, 1.000000000000000000 ) ) ;
#1269 = VERTEX_POINT ( 'NONE', #2163 ) ;
#1270 = EDGE_CURVE ( 'NONE', #1303, #900, #17, .T. ) ;
#1271 = ORIENTED_EDGE ( 'NONE', *, *, #630, .T. ) ;
#1272 = CARTESIAN_POINT ( 'NONE',  ( 3.000000000000003109, -3.000000000000000000, 25.00000000000000000 ) ) ;
#1273 = CARTESIAN_POINT ( 'NONE',  ( 3.000000000000002665, -2.999999999999996447, 20.00000000000000000 ) ) ;
#1274 = DIRECTION ( 'NONE',  ( -0.000000000000000000, 1.000000000000000000, -0.000000000000000000 ) ) ;
#1275 = LINE ( 'NONE', #204, #418 ) ;
#1276 = FACE_OUTER_BOUND ( 'NONE', #598, .T. ) ;
#1277 = ORIENTED_EDGE ( 'NONE', *, *, #488, .F. ) ;
#1278 = ORIENTED_EDGE ( 'NONE', *, *, #1604, .T. ) ;
#1279 = CARTESIAN_POINT ( 'NONE',  ( 3.000000000000005773, -2.999999999999996447, 67.50000000000000000 ) ) ;
#1280 = VECTOR ( 'NONE', #361, 1000.000000000000000 ) ;
#1281 = AXIS2_PLACEMENT_3D ( 'NONE', #1259, #1974, #2212 ) ;
#1282 = EDGE_CURVE ( 'NONE', #1583, #1395, #886, .T. ) ;
#1283 = VERTEX_POINT ( 'NONE', #153 ) ;
#1284 = CARTESIAN_POINT ( 'NONE',  ( 0.000000000000000000, 5.000000000000000000, 0.000000000000000000 ) ) ;
#1285 = DIRECTION ( 'NONE',  ( 0.000000000000000000, 1.000000000000000000, 0.000000000000000000 ) ) ;
#1286 = CIRCLE ( 'NONE', #1888, 1.550000000000000933 ) ;
#1287 = PLANE ( 'NONE',  #917 ) ;
#1288 = CARTESIAN_POINT ( 'NONE',  ( 0.000000000000000000, -3.000000000000000000, 0.000000000000000000 ) ) ;
#1289 = DIRECTION ( 'NONE',  ( -0.000000000000000000, 1.000000000000000000, -0.000000000000000000 ) ) ;
#1290 = ORIENTED_EDGE ( 'NONE', *, *, #1402, .F. ) ;
#1291 = DIRECTION ( 'NONE',  ( 0.000000000000000000, 0.000000000000000000, 1.000000000000000000 ) ) ;
#1292 = VECTOR ( 'NONE', #384, 1000.000000000000000 ) ;
#1293 = CIRCLE ( 'NONE', #262, 2.750000000000000000 ) ;
#1294 = VECTOR ( 'NONE', #1089, 1000.000000000000000 ) ;
#1295 = ORIENTED_EDGE ( 'NONE', *, *, #1422, .F. ) ;
#1296 = DIRECTION ( 'NONE',  ( 0.000000000000000000, -1.000000000000000000, 0.000000000000000000 ) ) ;
#1297 = DIRECTION ( 'NONE',  ( 0.000000000000000000, 0.000000000000000000, 1.000000000000000000 ) ) ;
#1298 = CYLINDRICAL_SURFACE ( 'NONE', #2329, 2.750000000000000000 ) ;
#1299 = EDGE_CURVE ( 'NONE', #358, #1201, #1933, .T. ) ;
#1300 = CARTESIAN_POINT ( 'NONE',  ( -2.999999999999997335, 5.000000000000000000, 20.00000000000000000 ) ) ;
#1301 = CARTESIAN_POINT ( 'NONE',  ( 11.00000000000000711, 5.000000000000000000, 11.00000000000004086 ) ) ;
#1302 = DIRECTION ( 'NONE',  ( 0.000000000000000000, 0.000000000000000000, 1.000000000000000000 ) ) ;
#1303 = VERTEX_POINT ( 'NONE', #342 ) ;
#1304 = EDGE_LOOP ( 'NONE', ( #198, #2154 ) ) ;
#1305 = FACE_OUTER_BOUND ( 'NONE', #1598, .T. ) ;
#1306 = VECTOR ( 'NONE', #823, 1000.000000000000000 ) ;
#1307 = ORIENTED_EDGE ( 'NONE', *, *, #1845, .T. ) ;
#1308 = PLANE ( 'NONE',  #1396 ) ;
#1309 =( NAMED_UNIT ( * ) SI_UNIT ( $, .STERADIAN. ) SOLID_ANGLE_UNIT ( ) );
#1310 = DIRECTION ( 'NONE',  ( 1.734723475976808080E-16, 0.000000000000000000, 1.000000000000000000 ) ) ;
#1311 = DIRECTION ( 'NONE',  ( 0.000000000000000000, 0.000000000000000000, -1.000000000000000000 ) ) ;
#1312 = DIRECTION ( 'NONE',  ( 0.000000000000000000, 1.000000000000000000, 0.000000000000000000 ) ) ;
#1313 = CARTESIAN_POINT ( 'NONE',  ( 11.00000000000000711, 5.000000000000000000, 45.99999999999997158 ) ) ;
#1314 = ORIENTED_EDGE ( 'NONE', *, *, #2138, .T. ) ;
#1315 = DIRECTION ( 'NONE',  ( 2.312964634635741971E-16, 0.000000000000000000, -1.000000000000000000 ) ) ;
#1316 = UNCERTAINTY_MEASURE_WITH_UNIT (LENGTH_MEASURE( 1.000000000000000082E-05 ), #1873, 'distance_accuracy_value', 'NONE');
#1317 = VERTEX_POINT ( 'NONE', #1623 ) ;
#1318 = DIRECTION ( 'NONE',  ( 0.9978633020200881054, -0.000000000000000000, 0.06533628763226792535 ) ) ;
#1319 = FACE_OUTER_BOUND ( 'NONE', #1116, .T. ) ;
#1320 = EDGE_CURVE ( 'NONE', #939, #498, #1293, .T. ) ;
#1321 = CARTESIAN_POINT ( 'NONE',  ( 0.000000000000000000, 0.000000000000000000, 13.50000000000000000 ) ) ;
#1322 = DIRECTION ( 'NONE',  ( 0.000000000000000000, 0.000000000000000000, 1.000000000000000000 ) ) ;
#1323 = LINE ( 'NONE', #981, #1485 ) ;
#1324 = ORIENTED_EDGE ( 'NONE', *, *, #2122, .F. ) ;
#1325 = EDGE_LOOP ( 'NONE', ( #1970, #1998, #1067, #124, #922 ) ) ;
#1326 = AXIS2_PLACEMENT_3D ( 'NONE', #784, #2258, #1176 ) ;
#1327 = EDGE_CURVE ( 'NONE', #1031, #1283, #700, .T. ) ;
#1328 = LINE ( 'NONE', #1958, #2052 ) ;
#1329 = ADVANCED_FACE ( 'NONE', ( #1967 ), #1790, .T. ) ;
#1330 = VECTOR ( 'NONE', #1775, 1000.000000000000000 ) ;
#1331 = EDGE_CURVE ( 'NONE', #856, #168, #1438, .T. ) ;
#1332 = EDGE_LOOP ( 'NONE', ( #1654, #742, #2301, #666 ) ) ;
#1333 = VECTOR ( 'NONE', #2149, 1000.000000000000114 ) ;
#1334 =( LENGTH_UNIT ( ) NAMED_UNIT ( * ) SI_UNIT ( .MILLI., .METRE. ) );
#1335 = CIRCLE ( 'NONE', #299, 6.550000000000000711 ) ;
#1336 = CARTESIAN_POINT ( 'NONE',  ( -9.408017589489674975E-14, -2.999999999999996447, 11.94999999999999929 ) ) ;
#1337 = VECTOR ( 'NONE', #1289, 1000.000000000000000 ) ;
#1338 = DIRECTION ( 'NONE',  ( 0.000000000000000000, -1.000000000000000000, 0.000000000000000000 ) ) ;
#1339 = CARTESIAN_POINT ( 'NONE',  ( -2.999999999999997335, -2.999999999999996447, 20.00000000000000000 ) ) ;
#1340 = ORIENTED_EDGE ( 'NONE', *, *, #62, .F. ) ;
#1341 = EDGE_CURVE ( 'NONE', #360, #2117, #537, .T. ) ;
#1342 = ORIENTED_EDGE ( 'NONE', *, *, #2164, .F. ) ;
#1343 =( NAMED_UNIT ( * ) PLANE_ANGLE_UNIT ( ) SI_UNIT ( $, .RADIAN. ) );
#1344 = AXIS2_PLACEMENT_3D ( 'NONE', #577, #27, #1661 ) ;
#1345 = EDGE_CURVE ( 'NONE', #704, #856, #2010, .T. ) ;
#1346 = LINE ( 'NONE', #1733, #2062 ) ;
#1347 = CARTESIAN_POINT ( 'NONE',  ( -2.999999999999997780, -2.999999999999996447, 38.00000000000000000 ) ) ;
#1348 = DIRECTION ( 'NONE',  ( -0.000000000000000000, 1.000000000000000000, -0.000000000000000000 ) ) ;
#1349 = ORIENTED_EDGE ( 'NONE', *, *, #2245, .T. ) ;
#1350 = CARTESIAN_POINT ( 'NONE',  ( 3.000000000000006661, -2.999999999999996447, 33.00000000000000000 ) ) ;
#1351 = VERTEX_POINT ( 'NONE', #1453 ) ;
#1352 = ORIENTED_EDGE ( 'NONE', *, *, #1759, .F. ) ;
#1353 = EDGE_CURVE ( 'NONE', #671, #1997, #1275, .T. ) ;
#1354 = CARTESIAN_POINT ( 'NONE',  ( 17.46244730764339792, -2.000000000000000000, 1.145833333333329929 ) ) ;
#1355 = CARTESIAN_POINT ( 'NONE',  ( 0.000000000000000000, 0.000000000000000000, 0.000000000000000000 ) ) ;
#1356 = CIRCLE ( 'NONE', #440, 2.750000000000000000 ) ;
#1357 = DIRECTION ( 'NONE',  ( -0.000000000000000000, 1.000000000000000000, -0.000000000000000000 ) ) ;
#1358 = EDGE_CURVE ( 'NONE', #1942, #1351, #1523, .T. ) ;
#1359 = ORIENTED_EDGE ( 'NONE', *, *, #1877, .F. ) ;
#1360 = LINE ( 'NONE', #2232, #1441 ) ;
#1361 = ORIENTED_EDGE ( 'NONE', *, *, #525, .F. ) ;
#1362 = VERTEX_POINT ( 'NONE', #1818 ) ;
#1363 = DIRECTION ( 'NONE',  ( 0.000000000000000000, 1.000000000000000000, 0.000000000000000000 ) ) ;
#1364 = CARTESIAN_POINT ( 'NONE',  ( -11.69134295108984212, 5.000000000000000000, -6.750000000000135891 ) ) ;
#1365 = AXIS2_PLACEMENT_3D ( 'NONE', #2147, #2176, #520 ) ;
#1366 = ADVANCED_FACE ( 'NONE', ( #1480 ), #193, .T. ) ;
#1367 = FACE_OUTER_BOUND ( 'NONE', #1389, .T. ) ;
#1368 = AXIS2_PLACEMENT_3D ( 'NONE', #2000, #357, #2153 ) ;
#1369 = CARTESIAN_POINT ( 'NONE',  ( -11.69134295108990074, 0.000000000000000000, 6.750000000000000000 ) ) ;
#1370 = DIRECTION ( 'NONE',  ( 0.000000000000000000, 0.000000000000000000, 1.000000000000000000 ) ) ;
#1371 = CIRCLE ( 'NONE', #1823, 1.549999999999999378 ) ;
#1372 = VERTEX_POINT ( 'NONE', #1192 ) ;
#1373 = EDGE_CURVE ( 'NONE', #1283, #671, #459, .T. ) ;
#1374 = CARTESIAN_POINT ( 'NONE',  ( -2.999999999999993339, -2.999999999999996447, 67.50000000000000000 ) ) ;
#1375 = CARTESIAN_POINT ( 'NONE',  ( 17.35059093314515621, -3.000000000000000000, 2.281883930146539008 ) ) ;
#1376 = ORIENTED_EDGE ( 'NONE', *, *, #1083, .F. ) ;
#1377 = EDGE_LOOP ( 'NONE', ( #1442, #152, #1698, #1430 ) ) ;
#1378 = CARTESIAN_POINT ( 'NONE',  ( -2.999999999999997335, -2.999999999999996447, 25.00000000000000000 ) ) ;
#1379 = DIRECTION ( 'NONE',  ( 0.000000000000000000, 0.000000000000000000, 1.000000000000000000 ) ) ;
#1380 = VECTOR ( 'NONE', #1383, 1000.000000000000000 ) ;
#1381 = ORIENTED_EDGE ( 'NONE', *, *, #657, .T. ) ;
#1382 = DIRECTION ( 'NONE',  ( -0.9978633020200881054, 0.000000000000000000, 0.06533628763226817515 ) ) ;
#1383 = DIRECTION ( 'NONE',  ( -0.000000000000000000, 1.000000000000000000, -0.000000000000000000 ) ) ;
#1384 = CARTESIAN_POINT ( 'NONE',  ( -11.69134295108984212, -2.999999999999996447, -6.750000000000135891 ) ) ;
#1385 = EDGE_LOOP ( 'NONE', ( #2247, #2239 ) ) ;
#1386 = DIRECTION ( 'NONE',  ( -0.4999999999999998335, 0.000000000000000000, -0.8660254037844388186 ) ) ;
#1387 = ADVANCED_FACE ( 'NONE', ( #1909, #41 ), #2087, .T. ) ;
#1388 = DIRECTION ( 'NONE',  ( 0.000000000000000000, 1.000000000000000000, -0.000000000000000000 ) ) ;
#1389 = EDGE_LOOP ( 'NONE', ( #439, #1290, #1307, #660 ) ) ;
#1390 = ORIENTED_EDGE ( 'NONE', *, *, #127, .F. ) ;
#1391 = PLANE ( 'NONE',  #793 ) ;
#1392 = DIRECTION ( 'NONE',  ( -0.000000000000000000, 1.000000000000000000, -0.000000000000000000 ) ) ;
#1393 = DIRECTION ( 'NONE',  ( 0.000000000000000000, 0.000000000000000000, 1.000000000000000000 ) ) ;
#1394 = LINE ( 'NONE', #1183, #1225 ) ;
#1395 = VERTEX_POINT ( 'NONE', #93 ) ;
#1396 = AXIS2_PLACEMENT_3D ( 'NONE', #572, #920, #200 ) ;
#1397 = CARTESIAN_POINT ( 'NONE',  ( 3.000000000000006661, -2.999999999999996447, 33.00000000000000000 ) ) ;
#1398 = EDGE_CURVE ( 'NONE', #2213, #156, #393, .T. ) ;
#1399 = DIRECTION ( 'NONE',  ( 0.000000000000000000, 1.000000000000000000, 0.000000000000000000 ) ) ;
#1400 = ORIENTED_EDGE ( 'NONE', *, *, #158, .T. ) ;
#1401 = VERTEX_POINT ( 'NONE', #2227 ) ;
#1402 = EDGE_CURVE ( 'NONE', #157, #1583, #1732, .T. ) ;
#1403 = CARTESIAN_POINT ( 'NONE',  ( 0.000000000000000000, -3.000000000000000000, 0.000000000000000000 ) ) ;
#1404 = DIRECTION ( 'NONE',  ( -0.000000000000000000, 1.000000000000000000, -0.000000000000000000 ) ) ;
#1405 = AXIS2_PLACEMENT_3D ( 'NONE', #583, #996, #1696 ) ;
#1406 = DIRECTION ( 'NONE',  ( 0.000000000000000000, 1.000000000000000000, 0.000000000000000000 ) ) ;
#1407 = EDGE_LOOP ( 'NONE', ( #58, #1665, #1789, #1796 ) ) ;
#1408 =( GEOMETRIC_REPRESENTATION_CONTEXT ( 3 ) GLOBAL_UNCERTAINTY_ASSIGNED_CONTEXT ( ( #1316 ) ) GLOBAL_UNIT_ASSIGNED_CONTEXT ( ( #1873, #1500, #1309 ) ) REPRESENTATION_CONTEXT ( 'NONE', 'WORKASPACE' ) );
#1409 = CIRCLE ( 'NONE', #1599, 8.000000000000000000 ) ;
#1410 = FACE_OUTER_BOUND ( 'NONE', #719, .T. ) ;
#1411 = CIRCLE ( 'NONE', #338, 2.749999999999999112 ) ;
#1412 = AXIS2_PLACEMENT_3D ( 'NONE', #1206, #109, #1924 ) ;
#1413 = VERTEX_POINT ( 'NONE', #1685 ) ;
#1414 = DIRECTION ( 'NONE',  ( 1.734723475976808080E-16, 0.000000000000000000, 1.000000000000000000 ) ) ;
#1415 = EDGE_CURVE ( 'NONE', #890, #1986, #2035, .T. ) ;
#1416 = DIRECTION ( 'NONE',  ( 0.000000000000000000, -1.000000000000000000, 0.000000000000000000 ) ) ;
#1417 = LINE ( 'NONE', #1426, #1254 ) ;
#1418 = ORIENTED_EDGE ( 'NONE', *, *, #1130, .T. ) ;
#1419 = DIRECTION ( 'NONE',  ( -0.5000000000000001110, 0.000000000000000000, 0.8660254037844385966 ) ) ;
#1420 = CIRCLE ( 'NONE', #817, 2.750000000000000000 ) ;
#1421 = ORIENTED_EDGE ( 'NONE', *, *, #1078, .T. ) ;
#1422 = EDGE_CURVE ( 'NONE', #1498, #120, #268, .T. ) ;
#1423 = PLANE ( 'NONE',  #1670 ) ;
#1424 = EDGE_CURVE ( 'NONE', #112, #2183, #1371, .T. ) ;
#1425 = CARTESIAN_POINT ( 'NONE',  ( -1.836970198721038266E-15, 5.000000000000000000, 70.50000000000000000 ) ) ;
#1426 = CARTESIAN_POINT ( 'NONE',  ( 11.99999999999999822, 5.000000000000000000, 83.99999999999964473 ) ) ;
#1427 = ORIENTED_EDGE ( 'NONE', *, *, #630, .F. ) ;
#1428 = DIRECTION ( 'NONE',  ( 0.000000000000000000, 0.000000000000000000, 1.000000000000000000 ) ) ;
#1429 = DIRECTION ( 'NONE',  ( 0.06533628763226788372, 0.000000000000000000, -0.9978633020200881054 ) ) ;
#1430 = ORIENTED_EDGE ( 'NONE', *, *, #1507, .T. ) ;
#1431 = DIRECTION ( 'NONE',  ( 0.000000000000000000, 0.000000000000000000, -1.000000000000000000 ) ) ;
#1432 = EDGE_LOOP ( 'NONE', ( #567, #2121, #23, #1418 ) ) ;
#1433 = LINE ( 'NONE', #313, #138 ) ;
#1434 = ORIENTED_EDGE ( 'NONE', *, *, #806, .F. ) ;
#1435 = FACE_BOUND ( 'NONE', #386, .T. ) ;
#1436 = DIRECTION ( 'NONE',  ( 0.000000000000000000, -1.000000000000000000, 0.000000000000000000 ) ) ;
#1437 = ORIENTED_EDGE ( 'NONE', *, *, #606, .F. ) ;
#1438 = LINE ( 'NONE', #1301, #1185 ) ;
#1439 = CARTESIAN_POINT ( 'NONE',  ( -11.69134295108990074, -3.000000000000000000, -6.750000000000000000 ) ) ;
#1440 = EDGE_CURVE ( 'NONE', #352, #526, #1560, .T. ) ;
#1441 = VECTOR ( 'NONE', #1172, 1000.000000000000000 ) ;
#1442 = ORIENTED_EDGE ( 'NONE', *, *, #555, .T. ) ;
#1443 = ORIENTED_EDGE ( 'NONE', *, *, #865, .F. ) ;
#1444 = VECTOR ( 'NONE', #1264, 1000.000000000000000 ) ;
#1445 = CARTESIAN_POINT ( 'NONE',  ( 3.000000000000009770, -2.999999999999996447, 52.50000000000000000 ) ) ;
#1446 = VERTEX_POINT ( 'NONE', #963 ) ;
#1447 = AXIS2_PLACEMENT_3D ( 'NONE', #1876, #1125, #803 ) ;
#1448 = ORIENTED_EDGE ( 'NONE', *, *, #1545, .T. ) ;
#1449 = CARTESIAN_POINT ( 'NONE',  ( 11.69134295108990074, -3.000000000000000000, 6.750000000000000000 ) ) ;
#1450 = DIRECTION ( 'NONE',  ( -0.000000000000000000, -1.000000000000000000, -0.000000000000000000 ) ) ;
#1451 = CARTESIAN_POINT ( 'NONE',  ( -2.999999999999997780, -2.999999999999996447, 38.00000000000000000 ) ) ;
#1452 = AXIS2_PLACEMENT_3D ( 'NONE', #1724, #1158, #279 ) ;
#1453 = CARTESIAN_POINT ( 'NONE',  ( -17.46244730764339792, 3.000000000000000000, 1.145833333333309945 ) ) ;
#1454 = DIRECTION ( 'NONE',  ( -0.06533628763226817515, 0.000000000000000000, -0.9978633020200881054 ) ) ;
#1455 = EDGE_LOOP ( 'NONE', ( #850, #2027, #540, #682 ) ) ;
#1456 = ORIENTED_EDGE ( 'NONE', *, *, #1422, .T. ) ;
#1457 = EDGE_CURVE ( 'NONE', #1776, #2067, #1136, .T. ) ;
#1458 = DIRECTION ( 'NONE',  ( -0.5000000000000007772, 0.000000000000000000, -0.8660254037844382635 ) ) ;
#1459 = VERTEX_POINT ( 'NONE', #2279 ) ;
#1460 = EDGE_CURVE ( 'NONE', #1197, #1174, #718, .T. ) ;
#1461 = ORIENTED_EDGE ( 'NONE', *, *, #2113, .T. ) ;
#1462 = CARTESIAN_POINT ( 'NONE',  ( 11.00000000000001421, 5.000000000000000000, 3.816391647148980341E-15 ) ) ;
#1463 = DIRECTION ( 'NONE',  ( -0.000000000000000000, 1.000000000000000000, -0.000000000000000000 ) ) ;
#1464 = PLANE ( 'NONE',  #163 ) ;
#1465 = PLANE ( 'NONE',  #1860 ) ;
#1466 = DIRECTION ( 'NONE',  ( 0.000000000000000000, 1.000000000000000000, -0.000000000000000000 ) ) ;
#1467 = DIRECTION ( 'NONE',  ( 0.000000000000000000, -1.000000000000000000, -0.000000000000000000 ) ) ;
#1468 = VERTEX_POINT ( 'NONE', #278 ) ;
#1469 = ORIENTED_EDGE ( 'NONE', *, *, #1704, .T. ) ;
#1470 = DIRECTION ( 'NONE',  ( 0.000000000000000000, -1.000000000000000000, 0.000000000000000000 ) ) ;
#1471 = EDGE_CURVE ( 'NONE', #1015, #771, #1017, .T. ) ;
#1472 = EDGE_CURVE ( 'NONE', #1473, #1498, #1204, .T. ) ;
#1473 = VERTEX_POINT ( 'NONE', #288 ) ;
#1474 = DIRECTION ( 'NONE',  ( -0.4999999999999998335, 0.000000000000000000, 0.8660254037844388186 ) ) ;
#1475 = AXIS2_PLACEMENT_3D ( 'NONE', #36, #458, #253 ) ;
#1476 = DIRECTION ( 'NONE',  ( 0.000000000000000000, 1.000000000000000000, -0.000000000000000000 ) ) ;
#1477 = CIRCLE ( 'NONE', #493, 11.99999999999999645 ) ;
#1478 = DIRECTION ( 'NONE',  ( 0.000000000000000000, -1.000000000000000000, 0.000000000000000000 ) ) ;
#1479 = DIRECTION ( 'NONE',  ( -0.06533628763226792535, 0.000000000000000000, 0.9978633020200881054 ) ) ;
#1480 = FACE_OUTER_BOUND ( 'NONE', #1580, .T. ) ;
#1481 = CARTESIAN_POINT ( 'NONE',  ( 8.000000000000000000, 5.000000000000000000, 9.797174393178825657E-16 ) ) ;
#1482 = ORIENTED_EDGE ( 'NONE', *, *, #434, .T. ) ;
#1483 = ORIENTED_EDGE ( 'NONE', *, *, #1607, .T. ) ;
#1484 = CARTESIAN_POINT ( 'NONE',  ( 3.000000000000009770, 5.000000000000000000, 52.50000000000000000 ) ) ;
#1485 = VECTOR ( 'NONE', #1703, 1000.000000000000000 ) ;
#1486 = AXIS2_PLACEMENT_3D ( 'NONE', #2104, #2287, #853 ) ;
#1487 = CIRCLE ( 'NONE', #1712, 2.750000000000000000 ) ;
#1488 = ORIENTED_EDGE ( 'NONE', *, *, #1299, .T. ) ;
#1489 = AXIS2_PLACEMENT_3D ( 'NONE', #1585, #639, #1370 ) ;
#1490 = CARTESIAN_POINT ( 'NONE',  ( 8.500000000000005329, 5.000000000000000000, 8.500000000000031974 ) ) ;
#1491 = CARTESIAN_POINT ( 'NONE',  ( 2.999999999999997780, -2.999999999999996447, 67.50000000000000000 ) ) ;
#1492 = DIRECTION ( 'NONE',  ( 0.000000000000000000, 0.000000000000000000, 1.000000000000000000 ) ) ;
#1493 = DIRECTION ( 'NONE',  ( 0.7071067811865489050, 0.000000000000000000, 0.7071067811865462405 ) ) ;
#1494 = CARTESIAN_POINT ( 'NONE',  ( -11.69134295108997890, 5.000000000000000000, 5.199999999999891820 ) ) ;
#1495 = ORIENTED_EDGE ( 'NONE', *, *, #1577, .F. ) ;
#1496 = CIRCLE ( 'NONE', #2175, 2.750000000000000000 ) ;
#1497 = EDGE_CURVE ( 'NONE', #352, #825, #2047, .T. ) ;
#1498 = VERTEX_POINT ( 'NONE', #602 ) ;
#1499 = PLANE ( 'NONE',  #2151 ) ;
#1500 =( NAMED_UNIT ( * ) PLANE_ANGLE_UNIT ( ) SI_UNIT ( $, .RADIAN. ) );
#1501 = PLANE ( 'NONE',  #1943 ) ;
#1502 = ADVANCED_FACE ( 'NONE', ( #1027 ), #1741, .F. ) ;
#1503 = LINE ( 'NONE', #2226, #2244 ) ;
#1504 = DIRECTION ( 'NONE',  ( 0.000000000000000000, 1.000000000000000000, -0.000000000000000000 ) ) ;
#1505 = CARTESIAN_POINT ( 'NONE',  ( -11.69134295108990074, -3.000000000000000000, 6.750000000000000000 ) ) ;
#1506 = EDGE_LOOP ( 'NONE', ( #510, #1314 ) ) ;
#1507 = EDGE_CURVE ( 'NONE', #2120, #65, #1411, .T. ) ;
#1508 = EDGE_LOOP ( 'NONE', ( #1867, #1862, #509, #2085 ) ) ;
#1509 = DIRECTION ( 'NONE',  ( -0.000000000000000000, 1.000000000000000000, -0.000000000000000000 ) ) ;
#1510 = ORIENTED_EDGE ( 'NONE', *, *, #1353, .T. ) ;
#1511 = ORIENTED_EDGE ( 'NONE', *, *, #2240, .T. ) ;
#1512 = DIRECTION ( 'NONE',  ( 0.4999999999999993339, 0.000000000000000000, 0.8660254037844390407 ) ) ;
#1513 = PRODUCT ( '\X2\52a05de58fde6746\X0\3', '\X2\52a05de58fde6746\X0\3', '', ( #1133 ) ) ;
#1514 = DIRECTION ( 'NONE',  ( 0.5000000000000001110, 0.000000000000000000, -0.8660254037844385966 ) ) ;
#1515 = CARTESIAN_POINT ( 'NONE',  ( 12.00000000000000000, -2.000000000000000000, 83.99999999999964473 ) ) ;
#1516 = FACE_OUTER_BOUND ( 'NONE', #781, .T. ) ;
#1517 = AXIS2_PLACEMENT_3D ( 'NONE', #914, #586, #1793 ) ;
#1518 = ORIENTED_EDGE ( 'NONE', *, *, #258, .F. ) ;
#1519 = DIRECTION ( 'NONE',  ( 0.7071067811865489050, 0.000000000000000000, 0.7071067811865462405 ) ) ;
#1520 = EDGE_CURVE ( 'NONE', #330, #661, #2319, .T. ) ;
#1521 = ORIENTED_EDGE ( 'NONE', *, *, #1507, .F. ) ;
#1522 = PRESENTATION_STYLE_ASSIGNMENT (( #618 ) ) ;
#1523 = CIRCLE ( 'NONE', #1898, 17.50000000000000000 ) ;
#1524 = DIRECTION ( 'NONE',  ( -0.7071067811865483499, 0.000000000000000000, 0.7071067811865466846 ) ) ;
#1525 = DIRECTION ( 'NONE',  ( -0.000000000000000000, 1.000000000000000000, -0.000000000000000000 ) ) ;
#1526 = AXIS2_PLACEMENT_3D ( 'NONE', #788, #437, #950 ) ;
#1527 = CARTESIAN_POINT ( 'NONE',  ( -11.69134295108997890, -2.999999999999996447, 8.299999999999890576 ) ) ;
#1528 = CARTESIAN_POINT ( 'NONE',  ( -10.99999999999999645, 5.000000000000000000, 45.99999999999998579 ) ) ;
#1529 = ORIENTED_EDGE ( 'NONE', *, *, #525, .T. ) ;
#1530 = LINE ( 'NONE', #782, #1821 ) ;
#1531 = EDGE_CURVE ( 'NONE', #497, #168, #1754, .T. ) ;
#1532 = VERTEX_POINT ( 'NONE', #2111 ) ;
#1533 = ORIENTED_EDGE ( 'NONE', *, *, #1472, .F. ) ;
#1534 = LINE ( 'NONE', #1871, #444 ) ;
#1535 = ADVANCED_FACE ( 'NONE', ( #1582, #2304, #487, #1217, #1931, #301, #936, #738, #1841, #28, #563, #2009, #580, #962 ), #1287, .F. ) ;
#1536 = PLANE ( 'NONE',  #2096 ) ;
#1537 = DIRECTION ( 'NONE',  ( 0.000000000000000000, 0.000000000000000000, 1.000000000000000000 ) ) ;
#1538 = DIRECTION ( 'NONE',  ( -0.000000000000000000, 1.000000000000000000, -0.000000000000000000 ) ) ;
#1539 = EDGE_CURVE ( 'NONE', #661, #330, #1487, .T. ) ;
#1540 = ORIENTED_EDGE ( 'NONE', *, *, #1358, .F. ) ;
#1541 = ORIENTED_EDGE ( 'NONE', *, *, #438, .T. ) ;
#1542 = VERTEX_POINT ( 'NONE', #16 ) ;
#1543 = FACE_BOUND ( 'NONE', #1202, .T. ) ;
#1544 = CARTESIAN_POINT ( 'NONE',  ( -17.42529546657258166, -2.000000000000000000, 1.140941965073208442 ) ) ;
#1545 = EDGE_CURVE ( 'NONE', #1717, #112, #402, .T. ) ;
#1546 = DIRECTION ( 'NONE',  ( 0.06533628763226788372, 0.000000000000000000, -0.9978633020200881054 ) ) ;
#1547 = LINE ( 'NONE', #2269, #1608 ) ;
#1548 = DIRECTION ( 'NONE',  ( -0.000000000000000000, 1.000000000000000000, -0.000000000000000000 ) ) ;
#1549 = ORIENTED_EDGE ( 'NONE', *, *, #1988, .F. ) ;
#1550 = DIRECTION ( 'NONE',  ( 0.000000000000000000, 1.000000000000000000, 0.000000000000000000 ) ) ;
#1551 = ORIENTED_EDGE ( 'NONE', *, *, #2005, .T. ) ;
#1552 = ORIENTED_EDGE ( 'NONE', *, *, #2313, .T. ) ;
#1553 = DIRECTION ( 'NONE',  ( 0.9978541318653371128, 0.000000000000000000, 0.06547619047619050725 ) ) ;
#1554 = DIRECTION ( 'NONE',  ( 0.000000000000000000, -1.000000000000000000, 0.000000000000000000 ) ) ;
#1555 = CARTESIAN_POINT ( 'NONE',  ( -11.69134295108997890, -2.999999999999996447, 6.749999999999891642 ) ) ;
#1556 = EDGE_CURVE ( 'NONE', #1317, #2167, #1335, .T. ) ;
#1557 = CIRCLE ( 'NONE', #1033, 1.549999999999999378 ) ;
#1558 = CARTESIAN_POINT ( 'NONE',  ( -2.999999999999997780, 5.000000000000000000, 38.00000000000000000 ) ) ;
#1559 = CARTESIAN_POINT ( 'NONE',  ( 11.69134295108989363, 0.000000000000000000, 8.300000000000054001 ) ) ;
#1560 = CIRCLE ( 'NONE', #2016, 8.000000000000000000 ) ;
#1561 = ORIENTED_EDGE ( 'NONE', *, *, #133, .T. ) ;
#1562 = DIRECTION ( 'NONE',  ( -0.7071067811865484609, 0.000000000000000000, 0.7071067811865465735 ) ) ;
#1563 = CARTESIAN_POINT ( 'NONE',  ( -17.50000000000000000, -3.000000000000000000, 0.000000000000000000 ) ) ;
#1564 = PLANE ( 'NONE',  #1173 ) ;
#1565 = ORIENTED_EDGE ( 'NONE', *, *, #2172, .T. ) ;
#1566 = ORIENTED_EDGE ( 'NONE', *, *, #209, .T. ) ;
#1567 = CARTESIAN_POINT ( 'NONE',  ( 11.00000000000000711, -2.999999999999996447, 40.99999999999997158 ) ) ;
#1568 = DIRECTION ( 'NONE',  ( 0.000000000000000000, -1.000000000000000000, 0.000000000000000000 ) ) ;
#1569 = CIRCLE ( 'NONE', #852, 2.750000000000000000 ) ;
#1570 = DIRECTION ( 'NONE',  ( 0.000000000000000000, 0.000000000000000000, 1.000000000000000000 ) ) ;
#1571 = AXIS2_PLACEMENT_3D ( 'NONE', #1261, #1240, #1393 ) ;
#1572 = CARTESIAN_POINT ( 'NONE',  ( -13.06634295108990074, -3.000000000000000000, 4.368430139592799577 ) ) ;
#1573 = EDGE_CURVE ( 'NONE', #2050, #1251, #230, .T. ) ;
#1574 = ORIENTED_EDGE ( 'NONE', *, *, #2256, .F. ) ;
#1575 = CARTESIAN_POINT ( 'NONE',  ( 17.46244730764339792, -2.000000000000000000, 1.145833333333329929 ) ) ;
#1576 = LINE ( 'NONE', #1563, #191 ) ;
#1577 = EDGE_CURVE ( 'NONE', #2168, #2013, #533, .T. ) ;
#1578 = DIRECTION ( 'NONE',  ( 0.000000000000000000, -1.000000000000000000, 0.000000000000000000 ) ) ;
#1579 = ORIENTED_EDGE ( 'NONE', *, *, #1577, .T. ) ;
#1580 = EDGE_LOOP ( 'NONE', ( #1541, #1295, #2160, #1237 ) ) ;
#1581 = DIRECTION ( 'NONE',  ( 3.469446951953616161E-16, 0.000000000000000000, 1.000000000000000000 ) ) ;
#1582 = FACE_BOUND ( 'NONE', #745, .T. ) ;
#1583 = VERTEX_POINT ( 'NONE', #1515 ) ;
#1584 = DIRECTION ( 'NONE',  ( 0.000000000000000000, 0.000000000000000000, 1.000000000000000000 ) ) ;
#1585 = CARTESIAN_POINT ( 'NONE',  ( 0.000000000000000000, -3.000000000000000000, 0.000000000000000000 ) ) ;
#1586 = EDGE_LOOP ( 'NONE', ( #1893, #2252, #1427, #220 ) ) ;
#1587 = VECTOR ( 'NONE', #735, 999.9999999999998863 ) ;
#1588 = CARTESIAN_POINT ( 'NONE',  ( 11.69134295108993982, 0.000000000000000000, -5.199999999999973532 ) ) ;
#1589 = ADVANCED_FACE ( 'NONE', ( #1135 ), #765, .T. ) ;
#1590 = CARTESIAN_POINT ( 'NONE',  ( 11.00000000000000711, -2.999999999999996447, 40.99999999999997158 ) ) ;
#1591 = ORIENTED_EDGE ( 'NONE', *, *, #502, .F. ) ;
#1592 = VECTOR ( 'NONE', #69, 1000.000000000000000 ) ;
#1593 = AXIS2_PLACEMENT_3D ( 'NONE', #2299, #1038, #2107 ) ;
#1594 = CARTESIAN_POINT ( 'NONE',  ( -9.426999614876460059E-14, 5.000000000000000000, 13.50000000000000000 ) ) ;
#1595 = LINE ( 'NONE', #339, #1169 ) ;
#1596 = VECTOR ( 'NONE', #1429, 1000.000000000000000 ) ;
#1597 = DIRECTION ( 'NONE',  ( 0.7071067811865487940, 0.000000000000000000, 0.7071067811865463515 ) ) ;
#1598 = EDGE_LOOP ( 'NONE', ( #1822, #1799, #432, #1762 ) ) ;
#1599 = AXIS2_PLACEMENT_3D ( 'NONE', #953, #569, #1291 ) ;
#1600 = CARTESIAN_POINT ( 'NONE',  ( -1.836970198721038266E-15, -2.999999999999996447, 70.50000000000000000 ) ) ;
#1601 = CIRCLE ( 'NONE', #501, 1.550000000000000933 ) ;
#1602 = VECTOR ( 'NONE', #2072, 1000.000000000000114 ) ;
#1603 = VERTEX_POINT ( 'NONE', #1662 ) ;
#1604 = EDGE_CURVE ( 'NONE', #998, #644, #749, .T. ) ;
#1605 = CYLINDRICAL_SURFACE ( 'NONE', #947, 8.000000000000000000 ) ;
#1606 = CARTESIAN_POINT ( 'NONE',  ( -9.426999614876460059E-14, -2.999999999999996447, 13.50000000000000000 ) ) ;
#1607 = EDGE_CURVE ( 'NONE', #2290, #1174, #2202, .T. ) ;
#1608 = VECTOR ( 'NONE', #638, 1000.000000000000000 ) ;
#1609 = CARTESIAN_POINT ( 'NONE',  ( -9.426999614876460059E-14, 0.000000000000000000, 13.50000000000000000 ) ) ;
#1610 = VERTEX_POINT ( 'NONE', #1300 ) ;
#1611 = DIRECTION ( 'NONE',  ( 0.000000000000000000, -1.000000000000000000, 0.000000000000000000 ) ) ;
#1612 = CARTESIAN_POINT ( 'NONE',  ( 17.42529546657258166, -3.000000000000000000, 1.140941965073208442 ) ) ;
#1613 = ORIENTED_EDGE ( 'NONE', *, *, #1988, .T. ) ;
#1614 = DIRECTION ( 'NONE',  ( -0.7071067811865463515, 0.000000000000000000, 0.7071067811865487940 ) ) ;
#1615 = ORIENTED_EDGE ( 'NONE', *, *, #2069, .F. ) ;
#1616 = DIRECTION ( 'NONE',  ( -0.000000000000000000, 1.000000000000000000, -0.000000000000000000 ) ) ;
#1617 = EDGE_LOOP ( 'NONE', ( #1376, #714, #2264, #1630 ) ) ;
#1618 = DIRECTION ( 'NONE',  ( 0.000000000000000000, -1.000000000000000000, 0.000000000000000000 ) ) ;
#1619 = ADVANCED_FACE ( 'NONE', ( #1865 ), #1994, .T. ) ;
#1620 = LINE ( 'NONE', #2006, #2205 ) ;
#1621 = ORIENTED_EDGE ( 'NONE', *, *, #1424, .F. ) ;
#1622 = ADVANCED_FACE ( 'NONE', ( #2217 ), #1465, .T. ) ;
#1623 = CARTESIAN_POINT ( 'NONE',  ( 8.021436534415164234E-16, 5.000000000000000000, 77.45000000000000284 ) ) ;
#1624 = FACE_OUTER_BOUND ( 'NONE', #101, .T. ) ;
#1625 = ORIENTED_EDGE ( 'NONE', *, *, #1890, .F. ) ;
#1626 = EDGE_LOOP ( 'NONE', ( #2131, #805 ) ) ;
#1627 = CYLINDRICAL_SURFACE ( 'NONE', #1517, 1.550000000000000933 ) ;
#1628 = AXIS2_PLACEMENT_3D ( 'NONE', #893, #1632, #1053 ) ;
#1629 = EDGE_LOOP ( 'NONE', ( #2331, #1834, #1929, #571 ) ) ;
#1630 = ORIENTED_EDGE ( 'NONE', *, *, #1987, .T. ) ;
#1631 = CIRCLE ( 'NONE', #490, 2.749999999999999112 ) ;
#1632 = DIRECTION ( 'NONE',  ( 0.000000000000000000, 1.000000000000000000, -0.000000000000000000 ) ) ;
#1633 = CARTESIAN_POINT ( 'NONE',  ( 11.00000000000000533, -2.999999999999996447, 27.99999999999997158 ) ) ;
#1634 = CARTESIAN_POINT ( 'NONE',  ( 11.69134295108989363, 5.000000000000000000, 5.200000000000055245 ) ) ;
#1635 = EDGE_CURVE ( 'NONE', #1446, #898, #1503, .T. ) ;
#1636 = DIRECTION ( 'NONE',  ( -0.000000000000000000, 1.000000000000000000, -0.000000000000000000 ) ) ;
#1637 = LINE ( 'NONE', #2179, #260 ) ;
#1638 = VECTOR ( 'NONE', #1235, 1000.000000000000000 ) ;
#1639 = ORIENTED_EDGE ( 'NONE', *, *, #305, .F. ) ;
#1640 = ORIENTED_EDGE ( 'NONE', *, *, #258, .T. ) ;
#1641 = VECTOR ( 'NONE', #1479, 1000.000000000000000 ) ;
#1642 = CARTESIAN_POINT ( 'NONE',  ( -11.69134295108990074, -3.000000000000000000, 6.750000000000000000 ) ) ;
#1643 = ORIENTED_EDGE ( 'NONE', *, *, #1971, .T. ) ;
#1644 = VECTOR ( 'NONE', #290, 1000.000000000000114 ) ;
#1645 = ORIENTED_EDGE ( 'NONE', *, *, #1833, .T. ) ;
#1646 = DIRECTION ( 'NONE',  ( 0.000000000000000000, -1.000000000000000000, 0.000000000000000000 ) ) ;
#1647 = DIRECTION ( 'NONE',  ( 0.000000000000000000, 1.000000000000000000, 0.000000000000000000 ) ) ;
#1648 = CARTESIAN_POINT ( 'NONE',  ( 0.000000000000000000, -2.999999999999996447, 84.00000000000000000 ) ) ;
#1649 = CARTESIAN_POINT ( 'NONE',  ( 17.42529546657258166, 5.000000000000000000, 1.140941965073209330 ) ) ;
#1650 = AXIS2_PLACEMENT_3D ( 'NONE', #649, #2058, #107 ) ;
#1651 = DIRECTION ( 'NONE',  ( 0.000000000000000000, -1.000000000000000000, 0.000000000000000000 ) ) ;
#1652 = EDGE_CURVE ( 'NONE', #131, #181, #2046, .T. ) ;
#1653 = CARTESIAN_POINT ( 'NONE',  ( 0.000000000000000000, -3.000000000000000000, -13.50000000000000000 ) ) ;
#1654 = ORIENTED_EDGE ( 'NONE', *, *, #2195, .T. ) ;
#1655 = ORIENTED_EDGE ( 'NONE', *, *, #1167, .T. ) ;
#1656 = CARTESIAN_POINT ( 'NONE',  ( -1.836970198721038266E-15, -2.999999999999996447, 67.50000000000000000 ) ) ;
#1657 = EDGE_CURVE ( 'NONE', #1251, #2050, #379, .T. ) ;
#1658 = VERTEX_POINT ( 'NONE', #787 ) ;
#1659 = CARTESIAN_POINT ( 'NONE',  ( 8.000000000000000000, -3.000000000000000000, 9.797174393178825657E-16 ) ) ;
#1660 = DIRECTION ( 'NONE',  ( 0.000000000000000000, -1.000000000000000000, 0.000000000000000000 ) ) ;
#1661 = DIRECTION ( 'NONE',  ( 0.9978541318653370018, 0.000000000000000000, 0.06547619047619049337 ) ) ;
#1662 = CARTESIAN_POINT ( 'NONE',  ( -9.426999614876460059E-14, 5.000000000000000000, 15.05000000000000071 ) ) ;
#1663 = CARTESIAN_POINT ( 'NONE',  ( 0.000000000000000000, 3.000000000000000000, 0.000000000000000000 ) ) ;
#1664 = DIRECTION ( 'NONE',  ( 0.000000000000000000, 1.000000000000000000, -0.000000000000000000 ) ) ;
#1665 = ORIENTED_EDGE ( 'NONE', *, *, #1096, .T. ) ;
#1666 = ORIENTED_EDGE ( 'NONE', *, *, #2302, .T. ) ;
#1667 = CYLINDRICAL_SURFACE ( 'NONE', #2158, 3.000000000000002665 ) ;
#1668 = VERTEX_POINT ( 'NONE', #365 ) ;
#1669 = DIRECTION ( 'NONE',  ( -0.5000000000000019984, 0.000000000000000000, 0.8660254037844373753 ) ) ;
#1670 = AXIS2_PLACEMENT_3D ( 'NONE', #321, #1072, #1784 ) ;
#1671 = DIRECTION ( 'NONE',  ( 1.000000000000000000, 0.000000000000000000, 0.000000000000000000 ) ) ;
#1672 = CARTESIAN_POINT ( 'NONE',  ( 0.000000000000000000, -3.000000000000000000, 0.000000000000000000 ) ) ;
#1673 = DIRECTION ( 'NONE',  ( 0.4999999999999998890, 0.000000000000000000, -0.8660254037844387076 ) ) ;
#1674 = CARTESIAN_POINT ( 'NONE',  ( -17.50000000000000000, 3.000000000000000000, -1.170938346284344789E-13 ) ) ;
#1675 = EDGE_LOOP ( 'NONE', ( #180, #1681, #2349, #275 ) ) ;
#1676 = ORIENTED_EDGE ( 'NONE', *, *, #1214, .T. ) ;
#1677 = DIRECTION ( 'NONE',  ( 0.4999999999999998335, 0.000000000000000000, -0.8660254037844388186 ) ) ;
#1678 = ADVANCED_FACE ( 'NONE', ( #1100 ), #2288, .F. ) ;
#1679 = AXIS2_PLACEMENT_3D ( 'NONE', #477, #1057, #2095 ) ;
#1680 = EDGE_CURVE ( 'NONE', #1201, #1942, #1576, .T. ) ;
#1681 = ORIENTED_EDGE ( 'NONE', *, *, #408, .T. ) ;
#1682 = LINE ( 'NONE', #49, #70 ) ;
#1683 = DIRECTION ( 'NONE',  ( 0.000000000000000000, 1.000000000000000000, 0.000000000000000000 ) ) ;
#1684 = DIRECTION ( 'NONE',  ( 1.000000000000000000, 0.000000000000000000, 0.000000000000000000 ) ) ;
#1685 = CARTESIAN_POINT ( 'NONE',  ( -11.69134295108997890, 5.000000000000000000, 8.299999999999890576 ) ) ;
#1686 = CARTESIAN_POINT ( 'NONE',  ( 0.000000000000000000, 3.000000000000000000, 84.00000000000000000 ) ) ;
#1687 = ORIENTED_EDGE ( 'NONE', *, *, #1497, .F. ) ;
#1688 = ORIENTED_EDGE ( 'NONE', *, *, #1341, .T. ) ;
#1689 = AXIS2_PLACEMENT_3D ( 'NONE', #813, #2079, #1570 ) ;
#1690 = CIRCLE ( 'NONE', #931, 6.550000000000000711 ) ;
#1691 = ORIENTED_EDGE ( 'NONE', *, *, #1083, .T. ) ;
#1692 = FILL_AREA_STYLE_COLOUR ( '', #2081 ) ;
#1693 = CYLINDRICAL_SURFACE ( 'NONE', #310, 1.549999999999999378 ) ;
#1694 = EDGE_CURVE ( 'NONE', #2045, #1583, #1144, .T. ) ;
#1695 = DIRECTION ( 'NONE',  ( 0.000000000000000000, -1.000000000000000000, 0.000000000000000000 ) ) ;
#1696 = DIRECTION ( 'NONE',  ( 0.000000000000000000, 0.000000000000000000, 1.000000000000000000 ) ) ;
#1697 = EDGE_LOOP ( 'NONE', ( #1655, #1218, #1906, #2309 ) ) ;
#1698 = ORIENTED_EDGE ( 'NONE', *, *, #1945, .F. ) ;
#1699 = DIRECTION ( 'NONE',  ( -0.000000000000000000, 1.000000000000000000, -0.000000000000000000 ) ) ;
#1700 = CARTESIAN_POINT ( 'NONE',  ( 0.000000000000000000, 0.000000000000000000, 0.000000000000000000 ) ) ;
#1701 = LINE ( 'NONE', #822, #2023 ) ;
#1702 = CARTESIAN_POINT ( 'NONE',  ( -2.999999999999998668, -2.999999999999996447, 33.00000000000000000 ) ) ;
#1703 = DIRECTION ( 'NONE',  ( -0.000000000000000000, -1.000000000000000000, -0.000000000000000000 ) ) ;
#1704 = EDGE_CURVE ( 'NONE', #405, #2167, #309, .T. ) ;
#1705 = AXIS2_PLACEMENT_3D ( 'NONE', #1069, #1614, #1738 ) ;
#1706 = EDGE_LOOP ( 'NONE', ( #1961, #1736 ) ) ;
#1707 = CIRCLE ( 'NONE', #680, 6.550000000000000711 ) ;
#1708 = EDGE_LOOP ( 'NONE', ( #635, #1003 ) ) ;
#1709 = EDGE_LOOP ( 'NONE', ( #2263, #217 ) ) ;
#1710 = VECTOR ( 'NONE', #77, 1000.000000000000000 ) ;
#1711 = EDGE_CURVE ( 'NONE', #661, #2013, #206, .T. ) ;
#1712 = AXIS2_PLACEMENT_3D ( 'NONE', #594, #1113, #923 ) ;
#1713 = DIRECTION ( 'NONE',  ( 0.000000000000000000, 1.000000000000000000, 0.000000000000000000 ) ) ;
#1714 = AXIS2_PLACEMENT_3D ( 'NONE', #1384, #862, #2261 ) ;
#1715 = DIRECTION ( 'NONE',  ( 0.000000000000000000, -1.000000000000000000, 0.000000000000000000 ) ) ;
#1716 = DIRECTION ( 'NONE',  ( 0.000000000000000000, 1.000000000000000000, -0.000000000000000000 ) ) ;
#1717 = VERTEX_POINT ( 'NONE', #538 ) ;
#1718 = ADVANCED_FACE ( 'NONE', ( #1819 ), #925, .F. ) ;
#1719 = VECTOR ( 'NONE', #189, 1000.000000000000000 ) ;
#1720 = ORIENTED_EDGE ( 'NONE', *, *, #2138, .F. ) ;
#1721 = EDGE_LOOP ( 'NONE', ( #1075, #1495, #373, #1782 ) ) ;
#1722 = DIRECTION ( 'NONE',  ( 0.000000000000000000, -1.000000000000000000, 0.000000000000000000 ) ) ;
#1723 = DIRECTION ( 'NONE',  ( -0.7071067811865486830, 0.000000000000000000, 0.7071067811865464625 ) ) ;
#1724 = CARTESIAN_POINT ( 'NONE',  ( -11.00000000000000000, -2.999999999999996447, 40.99999999999997868 ) ) ;
#1725 = FACE_OUTER_BOUND ( 'NONE', #1881, .T. ) ;
#1726 = LINE ( 'NONE', #2270, #151 ) ;
#1727 = ORIENTED_EDGE ( 'NONE', *, *, #1253, .T. ) ;
#1728 = DIRECTION ( 'NONE',  ( 0.000000000000000000, -1.000000000000000000, 0.000000000000000000 ) ) ;
#1729 = ORIENTED_EDGE ( 'NONE', *, *, #756, .F. ) ;
#1730 = EDGE_LOOP ( 'NONE', ( #597, #1163, #1277, #1687 ) ) ;
#1731 = CARTESIAN_POINT ( 'NONE',  ( 0.000000000000000000, 0.000000000000000000, 0.000000000000000000 ) ) ;
#1732 = LINE ( 'NONE', #821, #499 ) ;
#1733 = CARTESIAN_POINT ( 'NONE',  ( -13.06634295108990074, -3.000000000000000000, 4.368430139592789807 ) ) ;
#1734 = DIRECTION ( 'NONE',  ( 0.4999999999999998335, 0.000000000000000000, 0.8660254037844388186 ) ) ;
#1735 = LINE ( 'NONE', #315, #2018 ) ;
#1736 = ORIENTED_EDGE ( 'NONE', *, *, #559, .T. ) ;
#1737 = CARTESIAN_POINT ( 'NONE',  ( 11.69134295108993982, 5.000000000000000000, -8.299999999999972289 ) ) ;
#1738 = DIRECTION ( 'NONE',  ( 0.7071067811865487940, 0.000000000000000000, 0.7071067811865463515 ) ) ;
#1739 = ORIENTED_EDGE ( 'NONE', *, *, #593, .T. ) ;
#1740 = ORIENTED_EDGE ( 'NONE', *, *, #657, .F. ) ;
#1741 = CYLINDRICAL_SURFACE ( 'NONE', #3, 1.549999999999999378 ) ;
#1742 = EDGE_CURVE ( 'NONE', #476, #1668, #367, .T. ) ;
#1743 = CIRCLE ( 'NONE', #877, 1.549999999999999378 ) ;
#1744 = VECTOR ( 'NONE', #1312, 1000.000000000000000 ) ;
#1745 = DIRECTION ( 'NONE',  ( 0.000000000000000000, 0.000000000000000000, 1.000000000000000000 ) ) ;
#1746 = EDGE_CURVE ( 'NONE', #1263, #584, #1601, .T. ) ;
#1747 = CARTESIAN_POINT ( 'NONE',  ( -2.999999999999990674, 5.000000000000000000, 52.50000000000000000 ) ) ;
#1748 = CIRCLE ( 'NONE', #999, 1.549999999999999378 ) ;
#1749 = ORIENTED_EDGE ( 'NONE', *, *, #1531, .T. ) ;
#1750 = PLANE ( 'NONE',  #1106 ) ;
#1751 = ORIENTED_EDGE ( 'NONE', *, *, #1184, .F. ) ;
#1752 = ORIENTED_EDGE ( 'NONE', *, *, #605, .T. ) ;
#1753 = DIRECTION ( 'NONE',  ( 0.000000000000000000, 1.000000000000000000, 0.000000000000000000 ) ) ;
#1754 = LINE ( 'NONE', #859, #1934 ) ;
#1755 = ORIENTED_EDGE ( 'NONE', *, *, #2069, .T. ) ;
#1756 = FACE_OUTER_BOUND ( 'NONE', #31, .T. ) ;
#1757 = FACE_OUTER_BOUND ( 'NONE', #2134, .T. ) ;
#1758 = ORIENTED_EDGE ( 'NONE', *, *, #293, .T. ) ;
#1759 = EDGE_CURVE ( 'NONE', #229, #1942, #938, .T. ) ;
#1760 = CARTESIAN_POINT ( 'NONE',  ( -11.69134295108990074, 0.000000000000000000, 6.750000000000000000 ) ) ;
#1761 = CARTESIAN_POINT ( 'NONE',  ( -11.69134295108984212, 0.000000000000000000, -5.200000000000136957 ) ) ;
#1762 = ORIENTED_EDGE ( 'NONE', *, *, #1742, .F. ) ;
#1763 = ORIENTED_EDGE ( 'NONE', *, *, #807, .F. ) ;
#1764 = CARTESIAN_POINT ( 'NONE',  ( -9.426999614876460059E-14, 0.000000000000000000, 15.05000000000000071 ) ) ;
#1765 = CARTESIAN_POINT ( 'NONE',  ( 0.000000000000000000, -3.000000000000000000, -13.50000000000000000 ) ) ;
#1766 = EDGE_CURVE ( 'NONE', #1362, #1046, #911, .T. ) ;
#1767 = DIRECTION ( 'NONE',  ( 0.000000000000000000, 0.000000000000000000, 1.000000000000000000 ) ) ;
#1768 = ORIENTED_EDGE ( 'NONE', *, *, #2170, .T. ) ;
#1769 = DIRECTION ( 'NONE',  ( 0.000000000000000000, 0.000000000000000000, 1.000000000000000000 ) ) ;
#1770 = ADVANCED_FACE ( 'NONE', ( #1959 ), #343, .F. ) ;
#1771 = ORIENTED_EDGE ( 'NONE', *, *, #901, .T. ) ;
#1772 = CARTESIAN_POINT ( 'NONE',  ( 0.000000000000000000, 0.000000000000000000, 0.000000000000000000 ) ) ;
#1773 = LINE ( 'NONE', #1062, #238 ) ;
#1774 = VECTOR ( 'NONE', #1262, 1000.000000000000000 ) ;
#1775 = DIRECTION ( 'NONE',  ( -0.000000000000000000, 1.000000000000000000, -0.000000000000000000 ) ) ;
#1776 = VERTEX_POINT ( 'NONE', #1066 ) ;
#1777 = AXIS2_PLACEMENT_3D ( 'NONE', #1836, #1470, #1677 ) ;
#1778 = CARTESIAN_POINT ( 'NONE',  ( -2.999999999999993339, 5.000000000000000000, 67.50000000000000000 ) ) ;
#1779 = AXIS2_PLACEMENT_3D ( 'NONE', #2022, #2034, #40 ) ;
#1780 = CYLINDRICAL_SURFACE ( 'NONE', #614, 17.50000000000000000 ) ;
#1781 = ORIENTED_EDGE ( 'NONE', *, *, #668, .T. ) ;
#1782 = ORIENTED_EDGE ( 'NONE', *, *, #1520, .T. ) ;
#1783 = EDGE_CURVE ( 'NONE', #65, #2120, #2322, .T. ) ;
#1784 = DIRECTION ( 'NONE',  ( 2.602085213965212121E-16, 0.000000000000000000, 1.000000000000000000 ) ) ;
#1785 = ORIENTED_EDGE ( 'NONE', *, *, #434, .F. ) ;
#1786 = DIRECTION ( 'NONE',  ( 0.000000000000000000, 1.000000000000000000, 0.000000000000000000 ) ) ;
#1787 = VECTOR ( 'NONE', #1248, 1000.000000000000000 ) ;
#1788 = CARTESIAN_POINT ( 'NONE',  ( -11.97424958238399917, 3.000000000000000000, 84.78571428571429180 ) ) ;
#1789 = ORIENTED_EDGE ( 'NONE', *, *, #606, .T. ) ;
#1790 = CYLINDRICAL_SURFACE ( 'NONE', #578, 17.50000000000000000 ) ;
#1791 = CARTESIAN_POINT ( 'NONE',  ( 11.69134295108990074, -3.000000000000000000, -6.750000000000000000 ) ) ;
#1792 = VERTEX_POINT ( 'NONE', #1481 ) ;
#1793 = DIRECTION ( 'NONE',  ( 0.000000000000000000, 0.000000000000000000, 1.000000000000000000 ) ) ;
#1794 = ORIENTED_EDGE ( 'NONE', *, *, #880, .T. ) ;
#1795 = ADVANCED_FACE ( 'NONE', ( #2204 ), #1780, .T. ) ;
#1796 = ORIENTED_EDGE ( 'NONE', *, *, #807, .T. ) ;
#1797 = FACE_BOUND ( 'NONE', #1697, .T. ) ;
#1798 = CARTESIAN_POINT ( 'NONE',  ( -10.99999999999999645, -2.999999999999996447, 32.99999999999997158 ) ) ;
#1799 = ORIENTED_EDGE ( 'NONE', *, *, #1652, .T. ) ;
#1800 = ADVANCED_FACE ( 'NONE', ( #179, #1624 ), #1244, .T. ) ;
#1801 = CYLINDRICAL_SURFACE ( 'NONE', #994, 1.550000000000000933 ) ;
#1802 = DIRECTION ( 'NONE',  ( -1.000000000000000000, 0.000000000000000000, 0.000000000000000000 ) ) ;
#1803 = VERTEX_POINT ( 'NONE', #1981 ) ;
#1804 = ORIENTED_EDGE ( 'NONE', *, *, #127, .T. ) ;
#1805 = DIRECTION ( 'NONE',  ( 0.000000000000000000, 0.000000000000000000, 1.000000000000000000 ) ) ;
#1806 = ORIENTED_EDGE ( 'NONE', *, *, #1282, .T. ) ;
#1807 = EDGE_CURVE ( 'NONE', #1351, #2230, #1637, .T. ) ;
#1808 = VECTOR ( 'NONE', #1917, 1000.000000000000000 ) ;
#1809 = ORIENTED_EDGE ( 'NONE', *, *, #559, .F. ) ;
#1810 = CIRCLE ( 'NONE', #1326, 1.549999999999999378 ) ;
#1811 = ADVANCED_FACE ( 'NONE', ( #1276 ), #740, .F. ) ;
#1812 = CARTESIAN_POINT ( 'NONE',  ( 10.31634295108990074, -3.000000000000000000, 9.131569860407209305 ) ) ;
#1813 = CARTESIAN_POINT ( 'NONE',  ( 11.00000000000000355, -2.999999999999996447, 32.99999999999997158 ) ) ;
#1814 = CARTESIAN_POINT ( 'NONE',  ( 3.000000000000000888, 5.000000000000000000, -2.602085213965211628E-16 ) ) ;
#1815 = VECTOR ( 'NONE', #2308, 1000.000000000000000 ) ;
#1816 = EDGE_CURVE ( 'NONE', #741, #2098, #887, .T. ) ;
#1817 = DIRECTION ( 'NONE',  ( -1.000000000000000000, 0.000000000000000000, 0.000000000000000000 ) ) ;
#1818 = CARTESIAN_POINT ( 'NONE',  ( 17.50000000000000000, -3.000000000000000000, 2.143131898507868248E-15 ) ) ;
#1819 = FACE_OUTER_BOUND ( 'NONE', #702, .T. ) ;
#1820 = CIRCLE ( 'NONE', #1032, 1.549999999999999378 ) ;
#1821 = VECTOR ( 'NONE', #1519, 1000.000000000000000 ) ;
#1822 = ORIENTED_EDGE ( 'NONE', *, *, #328, .T. ) ;
#1823 = AXIS2_PLACEMENT_3D ( 'NONE', #1364, #1504, #225 ) ;
#1824 = CARTESIAN_POINT ( 'NONE',  ( 3.000000000000003109, -2.999999999999996447, 25.00000000000000000 ) ) ;
#1825 = ORIENTED_EDGE ( 'NONE', *, *, #1916, .T. ) ;
#1826 = DIRECTION ( 'NONE',  ( 0.000000000000000000, 0.000000000000000000, 1.000000000000000000 ) ) ;
#1827 = DIRECTION ( 'NONE',  ( 3.469446951953616161E-16, 0.000000000000000000, 1.000000000000000000 ) ) ;
#1828 = CARTESIAN_POINT ( 'NONE',  ( 0.000000000000000000, -3.000000000000000000, 13.50000000000000000 ) ) ;
#1829 = DIRECTION ( 'NONE',  ( -0.000000000000000000, 1.000000000000000000, -0.000000000000000000 ) ) ;
#1830 = CIRCLE ( 'NONE', #1650, 11.99999999999999822 ) ;
#1831 = DIRECTION ( 'NONE',  ( -0.000000000000000000, 1.000000000000000000, -0.000000000000000000 ) ) ;
#1832 = CARTESIAN_POINT ( 'NONE',  ( -13.06634295108990074, 0.000000000000000000, -4.368430139592789807 ) ) ;
#1833 = EDGE_CURVE ( 'NONE', #1186, #2285, #1996, .T. ) ;
#1834 = ORIENTED_EDGE ( 'NONE', *, *, #1270, .F. ) ;
#1835 = VERTEX_POINT ( 'NONE', #1115 ) ;
#1836 = CARTESIAN_POINT ( 'NONE',  ( 11.69134295108990074, -3.000000000000000000, 6.750000000000000000 ) ) ;
#1837 = CIRCLE ( 'NONE', #1344, 17.50000000000000000 ) ;
#1838 = VERTEX_POINT ( 'NONE', #1832 ) ;
#1839 = CARTESIAN_POINT ( 'NONE',  ( -2.999999999999993339, -2.999999999999996447, 67.50000000000000000 ) ) ;
#1840 = DIRECTION ( 'NONE',  ( -0.000000000000000000, 1.000000000000000000, -0.000000000000000000 ) ) ;
#1841 = FACE_BOUND ( 'NONE', #1708, .T. ) ;
#1842 = DIRECTION ( 'NONE',  ( 0.000000000000000000, -1.000000000000000000, 0.000000000000000000 ) ) ;
#1843 = DIRECTION ( 'NONE',  ( 0.06547619047619050725, 0.000000000000000000, 0.9978541318653371128 ) ) ;
#1844 = EDGE_LOOP ( 'NONE', ( #932, #1421, #860, #1615 ) ) ;
#1845 = EDGE_CURVE ( 'NONE', #157, #1542, #329, .T. ) ;
#1846 = DIRECTION ( 'NONE',  ( 0.000000000000000000, 1.000000000000000000, -0.000000000000000000 ) ) ;
#1847 = ORIENTED_EDGE ( 'NONE', *, *, #2346, .F. ) ;
#1848 = DIRECTION ( 'NONE',  ( -0.4999999999999998335, 0.000000000000000000, 0.8660254037844388186 ) ) ;
#1849 = DIRECTION ( 'NONE',  ( 0.000000000000000000, 0.000000000000000000, 1.000000000000000000 ) ) ;
#1850 = MECHANICAL_DESIGN_GEOMETRIC_PRESENTATION_REPRESENTATION (  '', ( #523 ), #2350 ) ;
#1851 = DIRECTION ( 'NONE',  ( -0.7071067811865487940, 0.000000000000000000, 0.7071067811865463515 ) ) ;
#1852 = CARTESIAN_POINT ( 'NONE',  ( 0.000000000000000000, -3.000000000000000000, 84.00000000000000000 ) ) ;
#1853 = CARTESIAN_POINT ( 'NONE',  ( -11.69134295108997890, -2.999999999999996447, 5.199999999999891820 ) ) ;
#1854 = CARTESIAN_POINT ( 'NONE',  ( -2.750000000000000000, 0.000000000000000000, 13.50000000000000000 ) ) ;
#1855 = ORIENTED_EDGE ( 'NONE', *, *, #1766, .F. ) ;
#1856 = ORIENTED_EDGE ( 'NONE', *, *, #478, .T. ) ;
#1857 = DIRECTION ( 'NONE',  ( -0.000000000000000000, 1.000000000000000000, -0.000000000000000000 ) ) ;
#1858 = VECTOR ( 'NONE', #1827, 1000.000000000000000 ) ;
#1859 = VECTOR ( 'NONE', #1550, 1000.000000000000000 ) ;
#1860 = AXIS2_PLACEMENT_3D ( 'NONE', #2189, #53, #777 ) ;
#1861 = EDGE_CURVE ( 'NONE', #431, #229, #1323, .T. ) ;
#1862 = ORIENTED_EDGE ( 'NONE', *, *, #1807, .F. ) ;
#1863 = LINE ( 'NONE', #1839, #2305 ) ;
#1864 = CARTESIAN_POINT ( 'NONE',  ( -11.69134295108984212, 5.000000000000000000, -8.300000000000135714 ) ) ;
#1865 = FACE_OUTER_BOUND ( 'NONE', #1126, .T. ) ;
#1866 = LINE ( 'NONE', #972, #5 ) ;
#1867 = ORIENTED_EDGE ( 'NONE', *, *, #95, .T. ) ;
#1868 = DIRECTION ( 'NONE',  ( 0.000000000000000000, 0.000000000000000000, 1.000000000000000000 ) ) ;
#1869 = AXIS2_PLACEMENT_3D ( 'NONE', #462, #1911, #1029 ) ;
#1870 = ORIENTED_EDGE ( 'NONE', *, *, #95, .F. ) ;
#1871 = CARTESIAN_POINT ( 'NONE',  ( 0.000000000000000000, -2.999999999999996447, -11.94999999999999929 ) ) ;
#1872 = EDGE_CURVE ( 'NONE', #2193, #2014, #303, .T. ) ;
#1873 =( LENGTH_UNIT ( ) NAMED_UNIT ( * ) SI_UNIT ( .MILLI., .METRE. ) );
#1874 = FACE_OUTER_BOUND ( 'NONE', #457, .T. ) ;
#1875 = CARTESIAN_POINT ( 'NONE',  ( -11.69134295108997890, 0.000000000000000000, 6.749999999999891642 ) ) ;
#1876 = CARTESIAN_POINT ( 'NONE',  ( 0.000000000000000000, 0.000000000000000000, 13.50000000000000000 ) ) ;
#1877 = EDGE_CURVE ( 'NONE', #2213, #704, #2251, .T. ) ;
#1878 = ORIENTED_EDGE ( 'NONE', *, *, #1992, .F. ) ;
#1879 = UNCERTAINTY_MEASURE_WITH_UNIT (LENGTH_MEASURE( 1.000000000000000082E-05 ), #1334, 'distance_accuracy_value', 'NONE');
#1880 = EDGE_LOOP ( 'NONE', ( #468, #2019 ) ) ;
#1881 = EDGE_LOOP ( 'NONE', ( #1260, #1361, #1443, #1040 ) ) ;
#1882 = CARTESIAN_POINT ( 'NONE',  ( 11.97424958238399917, -3.000000000000000000, 84.78571428571429180 ) ) ;
#1883 = CARTESIAN_POINT ( 'NONE',  ( -1.836970198721038266E-15, -2.999999999999996447, 70.50000000000000000 ) ) ;
#1884 = ADVANCED_FACE ( 'NONE', ( #64 ), #2048, .F. ) ;
#1885 = CIRCLE ( 'NONE', #907, 2.750000000000000000 ) ;
#1886 = CARTESIAN_POINT ( 'NONE',  ( -12.00000000000000178, 3.000000000000000000, 84.00000000000000000 ) ) ;
#1887 = CARTESIAN_POINT ( 'NONE',  ( 8.021436534415164234E-16, -2.999999999999996447, 77.45000000000000284 ) ) ;
#1888 = AXIS2_PLACEMENT_3D ( 'NONE', #855, #1388, #1245 ) ;
#1889 = ORIENTED_EDGE ( 'NONE', *, *, #407, .T. ) ;
#1890 = EDGE_CURVE ( 'NONE', #2013, #2168, #875, .T. ) ;
#1891 = LINE ( 'NONE', #1012, #681 ) ;
#1892 = AXIS2_PLACEMENT_3D ( 'NONE', #1339, #74, #2219 ) ;
#1893 = ORIENTED_EDGE ( 'NONE', *, *, #422, .T. ) ;
#1894 = ORIENTED_EDGE ( 'NONE', *, *, #453, .T. ) ;
#1895 = AXIS2_PLACEMENT_3D ( 'NONE', #874, #1728, #1419 ) ;
#1896 = LINE ( 'NONE', #810, #1592 ) ;
#1897 = CARTESIAN_POINT ( 'NONE',  ( 3.000000000000007994, -2.999999999999996447, 38.00000000000000000 ) ) ;
#1898 = AXIS2_PLACEMENT_3D ( 'NONE', #1663, #29, #750 ) ;
#1899 = CARTESIAN_POINT ( 'NONE',  ( 0.000000000000000000, -3.000000000000000000, 0.000000000000000000 ) ) ;
#1900 = DIRECTION ( 'NONE',  ( -1.000000000000000000, 0.000000000000000000, 0.000000000000000000 ) ) ;
#1901 = CARTESIAN_POINT ( 'NONE',  ( 9.356815830825395833E-15, -2.999999999999996447, 52.50000000000000000 ) ) ;
#1902 = ORIENTED_EDGE ( 'NONE', *, *, #1545, .F. ) ;
#1903 = CARTESIAN_POINT ( 'NONE',  ( 17.50000000000000000, 3.000000000000000000, -1.214306433183764966E-13 ) ) ;
#1904 = CIRCLE ( 'NONE', #54, 2.749999999999998668 ) ;
#1905 = VERTEX_POINT ( 'NONE', #1528 ) ;
#1906 = ORIENTED_EDGE ( 'NONE', *, *, #1531, .F. ) ;
#1907 = AXIS2_PLACEMENT_3D ( 'NONE', #664, #1416, #688 ) ;
#1908 = SURFACE_STYLE_FILL_AREA ( #1191 ) ;
#1909 = FACE_BOUND ( 'NONE', #2197, .T. ) ;
#1910 = PLANE ( 'NONE',  #1452 ) ;
#1911 = DIRECTION ( 'NONE',  ( -0.7071067811865465735, 0.000000000000000000, -0.7071067811865485719 ) ) ;
#1912 = DIRECTION ( 'NONE',  ( -0.000000000000000000, 1.000000000000000000, -0.000000000000000000 ) ) ;
#1913 = EDGE_CURVE ( 'NONE', #229, #2230, #1178, .T. ) ;
#1914 = VERTEX_POINT ( 'NONE', #1149 ) ;
#1915 = CARTESIAN_POINT ( 'NONE',  ( 0.000000000000000000, -2.000000000000000000, 0.000000000000000000 ) ) ;
#1916 = EDGE_CURVE ( 'NONE', #355, #1317, #417, .T. ) ;
#1917 = DIRECTION ( 'NONE',  ( -0.000000000000000000, 1.000000000000000000, -0.000000000000000000 ) ) ;
#1918 = EDGE_LOOP ( 'NONE', ( #429, #967, #965, #2221 ) ) ;
#1919 = EDGE_LOOP ( 'NONE', ( #170, #1889, #481, #1948 ) ) ;
#1920 = ADVANCED_FACE ( 'NONE', ( #1516 ), #239, .F. ) ;
#1921 = CARTESIAN_POINT ( 'NONE',  ( 11.00000000000000711, -2.999999999999996447, 40.99999999999997158 ) ) ;
#1922 = DIRECTION ( 'NONE',  ( -0.000000000000000000, 1.000000000000000000, -0.000000000000000000 ) ) ;
#1923 = DIRECTION ( 'NONE',  ( 0.000000000000000000, -1.000000000000000000, 0.000000000000000000 ) ) ;
#1924 = DIRECTION ( 'NONE',  ( -1.000000000000000000, 0.000000000000000000, 0.000000000000000000 ) ) ;
#1925 = EDGE_LOOP ( 'NONE', ( #44, #1092, #113, #8 ) ) ;
#1926 = FACE_OUTER_BOUND ( 'NONE', #1586, .T. ) ;
#1927 = DIRECTION ( 'NONE',  ( 1.000000000000000000, 0.000000000000000000, 2.023844055306274533E-16 ) ) ;
#1928 = EDGE_LOOP ( 'NONE', ( #1257, #733, #2161, #1574 ) ) ;
#1929 = ORIENTED_EDGE ( 'NONE', *, *, #1058, .F. ) ;
#1930 = CARTESIAN_POINT ( 'NONE',  ( -11.69134295108984212, -2.999999999999996447, -5.200000000000136957 ) ) ;
#1931 = FACE_BOUND ( 'NONE', #1093, .T. ) ;
#1932 = EDGE_CURVE ( 'NONE', #2045, #135, #248, .T. ) ;
#1933 = CIRCLE ( 'NONE', #2318, 17.50000000000000000 ) ;
#1934 = VECTOR ( 'NONE', #673, 1000.000000000000000 ) ;
#1935 = DIRECTION ( 'NONE',  ( 0.000000000000000000, 0.000000000000000000, 1.000000000000000000 ) ) ;
#1936 = DIRECTION ( 'NONE',  ( -1.000000000000000000, 0.000000000000000000, 0.000000000000000000 ) ) ;
#1937 = AXIS2_PLACEMENT_3D ( 'NONE', #1947, #2116, #1936 ) ;
#1938 = VERTEX_POINT ( 'NONE', #257 ) ;
#1939 = DIRECTION ( 'NONE',  ( 0.9978633020200881054, 0.000000000000000000, -0.06533628763226788372 ) ) ;
#1940 = DIRECTION ( 'NONE',  ( 0.9978541318653371128, 0.000000000000000000, 0.06547619047618986887 ) ) ;
#1941 = ORIENTED_EDGE ( 'NONE', *, *, #1652, .F. ) ;
#1942 = VERTEX_POINT ( 'NONE', #1674 ) ;
#1943 = AXIS2_PLACEMENT_3D ( 'NONE', #1098, #1122, #562 ) ;
#1944 = FACE_OUTER_BOUND ( 'NONE', #1070, .T. ) ;
#1945 = EDGE_CURVE ( 'NONE', #2120, #48, #1866, .T. ) ;
#1946 = CARTESIAN_POINT ( 'NONE',  ( -17.42529546657258166, 5.000000000000000000, 1.140941965073213771 ) ) ;
#1947 = CARTESIAN_POINT ( 'NONE',  ( 0.000000000000000000, -3.000000000000000000, 0.000000000000000000 ) ) ;
#1948 = ORIENTED_EDGE ( 'NONE', *, *, #1971, .F. ) ;
#1949 = CARTESIAN_POINT ( 'NONE',  ( 10.99999999999999289, 5.000000000000000000, -3.816391647148974819E-15 ) ) ;
#1950 = PRODUCT_RELATED_PRODUCT_CATEGORY ( 'part', '', ( #1513 ) ) ;
#1951 = CARTESIAN_POINT ( 'NONE',  ( -2.999999999999993339, -2.999999999999996447, 67.50000000000000000 ) ) ;
#1952 = ORIENTED_EDGE ( 'NONE', *, *, #7, .T. ) ;
#1953 = CARTESIAN_POINT ( 'NONE',  ( 11.00000000000000888, -2.999999999999996447, 45.99999999999997158 ) ) ;
#1954 = LINE ( 'NONE', #1946, #103 ) ;
#1955 = ADVANCED_BREP_SHAPE_REPRESENTATION ( '\X2\52a05de58fde6746\X0\3', ( #579, #2083 ), #1408 ) ;
#1956 = CARTESIAN_POINT ( 'NONE',  ( -17.46244730764339792, -2.000000000000000000, 1.145833333333319937 ) ) ;
#1957 = EDGE_LOOP ( 'NONE', ( #1552, #1529 ) ) ;
#1958 = CARTESIAN_POINT ( 'NONE',  ( 15.00000000000000533, 5.000000000000000000, 15.00000000000004441 ) ) ;
#1959 = FACE_OUTER_BOUND ( 'NONE', #544, .T. ) ;
#1960 = EDGE_CURVE ( 'NONE', #1010, #87, #603, .T. ) ;
#1961 = ORIENTED_EDGE ( 'NONE', *, *, #155, .T. ) ;
#1962 = FACE_BOUND ( 'NONE', #2140, .T. ) ;
#1963 = DIRECTION ( 'NONE',  ( -0.000000000000000000, 1.000000000000000000, -0.000000000000000000 ) ) ;
#1964 = CARTESIAN_POINT ( 'NONE',  ( 8.000000000000000000, -3.000000000000000000, 9.797174393178825657E-16 ) ) ;
#1965 = EDGE_LOOP ( 'NONE', ( #1021, #419, #91, #912 ) ) ;
#1966 = AXIS2_PLACEMENT_3D ( 'NONE', #143, #2310, #691 ) ;
#1967 = FACE_OUTER_BOUND ( 'NONE', #1325, .T. ) ;
#1968 = VECTOR ( 'NONE', #1493, 1000.000000000000000 ) ;
#1969 = CARTESIAN_POINT ( 'NONE',  ( -17.42529546657258166, 3.000000000000000000, 1.140941965073213771 ) ) ;
#1970 = ORIENTED_EDGE ( 'NONE', *, *, #1112, .F. ) ;
#1971 = EDGE_CURVE ( 'NONE', #898, #741, #421, .T. ) ;
#1972 = CARTESIAN_POINT ( 'NONE',  ( -11.69134295108984212, 5.000000000000000000, -6.750000000000135891 ) ) ;
#1973 = ORIENTED_EDGE ( 'NONE', *, *, #2136, .F. ) ;
#1974 = DIRECTION ( 'NONE',  ( -0.000000000000000000, 1.000000000000000000, -0.000000000000000000 ) ) ;
#1975 = ORIENTED_EDGE ( 'NONE', *, *, #302, .F. ) ;
#1976 = FACE_BOUND ( 'NONE', #885, .T. ) ;
#1977 = CARTESIAN_POINT ( 'NONE',  ( -2.999999999999998668, -2.999999999999996447, 33.00000000000000000 ) ) ;
#1978 = ORIENTED_EDGE ( 'NONE', *, *, #2141, .T. ) ;
#1979 = EDGE_CURVE ( 'NONE', #1413, #1986, #2246, .T. ) ;
#1980 = CARTESIAN_POINT ( 'NONE',  ( -2.999999999999997335, -2.999999999999996447, 25.00000000000000000 ) ) ;
#1981 = CARTESIAN_POINT ( 'NONE',  ( -10.31634295108990074, -3.000000000000000000, 9.131569860407209305 ) ) ;
#1982 = AXIS2_PLACEMENT_3D ( 'NONE', #222, #946, #737 ) ;
#1983 = ORIENTED_EDGE ( 'NONE', *, *, #1694, .F. ) ;
#1984 = ORIENTED_EDGE ( 'NONE', *, *, #901, .F. ) ;
#1985 = DIRECTION ( 'NONE',  ( 0.000000000000000000, 0.000000000000000000, -1.000000000000000000 ) ) ;
#1986 = VERTEX_POINT ( 'NONE', #1494 ) ;
#1987 = EDGE_CURVE ( 'NONE', #1532, #20, #1748, .T. ) ;
#1988 = EDGE_CURVE ( 'NONE', #2117, #1905, #1160, .T. ) ;
#1989 = ORIENTED_EDGE ( 'NONE', *, *, #1151, .F. ) ;
#1990 = FACE_BOUND ( 'NONE', #2337, .T. ) ;
#1991 = DIRECTION ( 'NONE',  ( 0.000000000000000000, -1.000000000000000000, 0.000000000000000000 ) ) ;
#1992 = EDGE_CURVE ( 'NONE', #1174, #1197, #1037, .T. ) ;
#1993 = DIRECTION ( 'NONE',  ( -1.000000000000000000, 0.000000000000000000, 1.734723475976808080E-16 ) ) ;
#1994 = PLANE ( 'NONE',  #1779 ) ;
#1995 = DIRECTION ( 'NONE',  ( 0.06533628763226788372, 0.000000000000000000, -0.9978633020200881054 ) ) ;
#1996 = LINE ( 'NONE', #2011, #1292 ) ;
#1997 = VERTEX_POINT ( 'NONE', #1313 ) ;
#1998 = ORIENTED_EDGE ( 'NONE', *, *, #1766, .T. ) ;
#1999 = VECTOR ( 'NONE', #1236, 1000.000000000000000 ) ;
#2000 = CARTESIAN_POINT ( 'NONE',  ( 3.000000000000002665, -2.999999999999996447, 20.00000000000000000 ) ) ;
#2001 = AXIS2_PLACEMENT_3D ( 'NONE', #1567, #2145, #1026 ) ;
#2002 = AXIS2_PLACEMENT_3D ( 'NONE', #1882, #1553, #424 ) ;
#2003 = ORIENTED_EDGE ( 'NONE', *, *, #880, .F. ) ;
#2004 = FACE_OUTER_BOUND ( 'NONE', #1131, .T. ) ;
#2005 = EDGE_CURVE ( 'NONE', #2213, #1610, #2036, .T. ) ;
#2006 = CARTESIAN_POINT ( 'NONE',  ( 11.69134295108989363, -2.999999999999996447, 8.300000000000054001 ) ) ;
#2007 = LINE ( 'NONE', #812, #1152 ) ;
#2008 = AXIS2_PLACEMENT_3D ( 'NONE', #2344, #167, #2191 ) ;
#2009 = FACE_BOUND ( 'NONE', #2061, .T. ) ;
#2010 = LINE ( 'NONE', #1980, #879 ) ;
#2011 = CARTESIAN_POINT ( 'NONE',  ( -15.00000000000000178, 5.000000000000000000, 15.00000000000004796 ) ) ;
#2012 = CIRCLE ( 'NONE', #916, 2.750000000000000000 ) ;
#2013 = VERTEX_POINT ( 'NONE', #1854 ) ;
#2014 = VERTEX_POINT ( 'NONE', #226 ) ;
#2015 = ADVANCED_FACE ( 'NONE', ( #56 ), #281, .F. ) ;
#2016 = AXIS2_PLACEMENT_3D ( 'NONE', #105, #1005, #832 ) ;
#2017 = CARTESIAN_POINT ( 'NONE',  ( 17.46244730764339792, 3.000000000000000000, 1.145833333333329929 ) ) ;
#2018 = VECTOR ( 'NONE', #119, 1000.000000000000000 ) ;
#2019 = ORIENTED_EDGE ( 'NONE', *, *, #2338, .F. ) ;
#2020 = DIRECTION ( 'NONE',  ( 0.000000000000000000, 1.000000000000000000, 0.000000000000000000 ) ) ;
#2021 = EDGE_CURVE ( 'NONE', #898, #951, #1020, .T. ) ;
#2022 = CARTESIAN_POINT ( 'NONE',  ( 11.00000000000000533, -2.999999999999996447, 27.99999999999997158 ) ) ;
#2023 = VECTOR ( 'NONE', #72, 1000.000000000000000 ) ;
#2024 = DIRECTION ( 'NONE',  ( -0.7071067811865486830, 0.000000000000000000, 0.7071067811865464625 ) ) ;
#2025 = CARTESIAN_POINT ( 'NONE',  ( 11.97424958238399917, -2.000000000000000000, 84.78571428571429180 ) ) ;
#2026 = ORIENTED_EDGE ( 'NONE', *, *, #903, .F. ) ;
#2027 = ORIENTED_EDGE ( 'NONE', *, *, #2040, .T. ) ;
#2028 = CARTESIAN_POINT ( 'NONE',  ( 0.000000000000000000, -3.000000000000000000, 84.00000000000000000 ) ) ;
#2029 = EDGE_CURVE ( 'NONE', #2314, #1914, #1394, .T. ) ;
#2030 = VECTOR ( 'NONE', #1274, 1000.000000000000000 ) ;
#2031 = EDGE_LOOP ( 'NONE', ( #1521, #398 ) ) ;
#2032 = FACE_OUTER_BOUND ( 'NONE', #1127, .T. ) ;
#2033 = CARTESIAN_POINT ( 'NONE',  ( -2.999999999999998668, -2.999999999999996447, 33.00000000000000000 ) ) ;
#2034 = DIRECTION ( 'NONE',  ( -1.000000000000000000, 0.000000000000000000, -3.469446951953613696E-16 ) ) ;
#2035 = LINE ( 'NONE', #1853, #1258 ) ;
#2036 = LINE ( 'NONE', #404, #2211 ) ;
#2037 = ORIENTED_EDGE ( 'NONE', *, *, #865, .T. ) ;
#2038 = ORIENTED_EDGE ( 'NONE', *, *, #2021, .F. ) ;
#2039 = LINE ( 'NONE', #1000, #337 ) ;
#2040 = EDGE_CURVE ( 'NONE', #1186, #588, #1735, .T. ) ;
#2041 = CIRCLE ( 'NONE', #1628, 17.50000000000000000 ) ;
#2042 = ORIENTED_EDGE ( 'NONE', *, *, #2093, .F. ) ;
#2043 = CARTESIAN_POINT ( 'NONE',  ( 13.06634295108990074, -3.000000000000000000, 4.368430139592789807 ) ) ;
#2044 = FACE_OUTER_BOUND ( 'NONE', #1221, .T. ) ;
#2045 = VERTEX_POINT ( 'NONE', #1196 ) ;
#2046 = LINE ( 'NONE', #415, #842 ) ;
#2047 = LINE ( 'NONE', #2218, #1035 ) ;
#2048 = PLANE ( 'NONE',  #1892 ) ;
#2049 = EDGE_LOOP ( 'NONE', ( #19, #272, #1141, #1060 ) ) ;
#2050 = VERTEX_POINT ( 'NONE', #1559 ) ;
#2051 = AXIS2_PLACEMENT_3D ( 'NONE', #1097, #1063, #363 ) ;
#2052 = VECTOR ( 'NONE', #1562, 1000.000000000000000 ) ;
#2053 = ADVANCED_FACE ( 'NONE', ( #474 ), #1045, .F. ) ;
#2054 = VECTOR ( 'NONE', #949, 1000.000000000000000 ) ;
#2055 = AXIS2_PLACEMENT_3D ( 'NONE', #872, #1220, #1030 ) ;
#2056 = ORIENTED_EDGE ( 'NONE', *, *, #2029, .F. ) ;
#2057 = DIRECTION ( 'NONE',  ( -0.7071067811865466846, 0.000000000000000000, -0.7071067811865483499 ) ) ;
#2058 = DIRECTION ( 'NONE',  ( 0.000000000000000000, -1.000000000000000000, 0.000000000000000000 ) ) ;
#2059 = LINE ( 'NONE', #1702, #654 ) ;
#2060 = CARTESIAN_POINT ( 'NONE',  ( 0.000000000000000000, 0.000000000000000000, -13.50000000000000000 ) ) ;
#2061 = EDGE_LOOP ( 'NONE', ( #2056, #1755, #1688, #442 ) ) ;
#2062 = VECTOR ( 'NONE', #2070, 1000.000000000000000 ) ;
#2063 = CARTESIAN_POINT ( 'NONE',  ( 11.69134295108993982, -2.999999999999996447, -6.749999999999973355 ) ) ;
#2064 = EDGE_CURVE ( 'NONE', #1498, #87, #2315, .T. ) ;
#2065 = VECTOR ( 'NONE', #1840, 1000.000000000000000 ) ;
#2066 = ADVANCED_FACE ( 'NONE', ( #836 ), #271, .T. ) ;
#2067 = VERTEX_POINT ( 'NONE', #306 ) ;
#2068 = VERTEX_POINT ( 'NONE', #849 ) ;
#2069 = EDGE_CURVE ( 'NONE', #2314, #360, #1233, .T. ) ;
#2070 = DIRECTION ( 'NONE',  ( 0.000000000000000000, 1.000000000000000000, 0.000000000000000000 ) ) ;
#2071 = FACE_OUTER_BOUND ( 'NONE', #1706, .T. ) ;
#2072 = DIRECTION ( 'NONE',  ( 0.06547619047619050725, 0.000000000000000000, -0.9978541318653371128 ) ) ;
#2073 = ORIENTED_EDGE ( 'NONE', *, *, #62, .T. ) ;
#2074 = CARTESIAN_POINT ( 'NONE',  ( 17.50000000000000000, 5.000000000000000000, -1.214306433183764966E-13 ) ) ;
#2075 = ORIENTED_EDGE ( 'NONE', *, *, #407, .F. ) ;
#2076 = ORIENTED_EDGE ( 'NONE', *, *, #235, .T. ) ;
#2077 = DIRECTION ( 'NONE',  ( -0.7071067811865487940, 0.000000000000000000, 0.7071067811865463515 ) ) ;
#2078 = CARTESIAN_POINT ( 'NONE',  ( -11.69134295108984212, -2.999999999999996447, -6.750000000000135891 ) ) ;
#2079 = DIRECTION ( 'NONE',  ( -0.000000000000000000, 1.000000000000000000, -0.000000000000000000 ) ) ;
#2080 = DIRECTION ( 'NONE',  ( -0.000000000000000000, 1.000000000000000000, -0.000000000000000000 ) ) ;
#2081 = COLOUR_RGB ( '',0.7921568627450980005, 0.8196078431372548767, 0.9333333333333333481 ) ;
#2082 = EDGE_LOOP ( 'NONE', ( #207, #2351, #1856, #1566 ) ) ;
#2083 = AXIS2_PLACEMENT_3D ( 'NONE', #1700, #1849, #37 ) ;
#2084 = EDGE_LOOP ( 'NONE', ( #1720, #1825, #694, #944 ) ) ;
#2085 = ORIENTED_EDGE ( 'NONE', *, *, #1960, .T. ) ;
#2086 = CIRCLE ( 'NONE', #43, 2.750000000000000000 ) ;
#2087 = PLANE ( 'NONE',  #1071 ) ;
#2088 = AXIS2_PLACEMENT_3D ( 'NONE', #924, #1651, #778 ) ;
#2089 = ADVANCED_FACE ( 'NONE', ( #1757 ), #1054, .F. ) ;
#2090 = DIRECTION ( 'NONE',  ( -1.000000000000000000, 0.000000000000000000, 0.000000000000000000 ) ) ;
#2091 = PLANE ( 'NONE',  #1869 ) ;
#2092 = CARTESIAN_POINT ( 'NONE',  ( 11.69134295108989363, -2.999999999999996447, 6.750000000000054179 ) ) ;
#2093 = EDGE_CURVE ( 'NONE', #1046, #2068, #140, .T. ) ;
#2094 = VERTEX_POINT ( 'NONE', #1009 ) ;
#2095 = DIRECTION ( 'NONE',  ( 0.000000000000000000, 0.000000000000000000, 1.000000000000000000 ) ) ;
#2096 = AXIS2_PLACEMENT_3D ( 'NONE', #609, #1382, #2282 ) ;
#2097 = ORIENTED_EDGE ( 'NONE', *, *, #467, .T. ) ;
#2098 = VERTEX_POINT ( 'NONE', #1747 ) ;
#2099 = CARTESIAN_POINT ( 'NONE',  ( 2.750000000000000000, -3.000000000000000000, -13.50000000000000000 ) ) ;
#2100 = FACE_OUTER_BOUND ( 'NONE', #503, .T. ) ;
#2101 = PLANE ( 'NONE',  #2326 ) ;
#2102 = DIRECTION ( 'NONE',  ( 1.734723475976808080E-16, 0.000000000000000000, 1.000000000000000000 ) ) ;
#2103 = VERTEX_POINT ( 'NONE', #1572 ) ;
#2104 = CARTESIAN_POINT ( 'NONE',  ( 0.000000000000000000, 0.000000000000000000, -13.50000000000000000 ) ) ;
#2105 = CARTESIAN_POINT ( 'NONE',  ( 0.000000000000000000, -2.000000000000000000, 84.00000000000000000 ) ) ;
#2106 = ADVANCED_FACE ( 'NONE', ( #824 ), #651, .F. ) ;
#2107 = DIRECTION ( 'NONE',  ( 0.4999999999999998335, 0.000000000000000000, -0.8660254037844388186 ) ) ;
#2108 = VERTEX_POINT ( 'NONE', #631 ) ;
#2109 = EDGE_LOOP ( 'NONE', ( #983, #182, #867, #1666 ) ) ;
#2110 = FACE_OUTER_BOUND ( 'NONE', #57, .T. ) ;
#2111 = CARTESIAN_POINT ( 'NONE',  ( 11.69134295108989363, 5.000000000000000000, 8.300000000000054001 ) ) ;
#2112 = AXIS2_PLACEMENT_3D ( 'NONE', #1132, #773, #933 ) ;
#2113 = EDGE_CURVE ( 'NONE', #690, #1603, #1726, .T. ) ;
#2114 = VECTOR ( 'NONE', #1616, 1000.000000000000000 ) ;
#2115 = LINE ( 'NONE', #323, #1787 ) ;
#2116 = DIRECTION ( 'NONE',  ( 0.000000000000000000, 1.000000000000000000, 0.000000000000000000 ) ) ;
#2117 = VERTEX_POINT ( 'NONE', #447 ) ;
#2118 = DIRECTION ( 'NONE',  ( -0.000000000000000000, 1.000000000000000000, -0.000000000000000000 ) ) ;
#2119 = CARTESIAN_POINT ( 'NONE',  ( -3.000000000000000000, 5.000000000000000000, 25.00000000000000000 ) ) ;
#2120 = VERTEX_POINT ( 'NONE', #98 ) ;
#2121 = ORIENTED_EDGE ( 'NONE', *, *, #1231, .F. ) ;
#2122 = EDGE_CURVE ( 'NONE', #1201, #1362, #383, .T. ) ;
#2123 = AXIS2_PLACEMENT_3D ( 'NONE', #1653, #1077, #18 ) ;
#2124 = DIRECTION ( 'NONE',  ( 0.000000000000000000, -1.000000000000000000, 0.000000000000000000 ) ) ;
#2125 = AXIS2_PLACEMENT_3D ( 'NONE', #1250, #894, #2340 ) ;
#2126 = VECTOR ( 'NONE', #1047, 1000.000000000000000 ) ;
#2127 = AXIS2_PLACEMENT_3D ( 'NONE', #2105, #1209, #1940 ) ;
#2128 = DIRECTION ( 'NONE',  ( 0.000000000000000000, 0.000000000000000000, 1.000000000000000000 ) ) ;
#2129 = DIRECTION ( 'NONE',  ( 0.000000000000000000, 0.000000000000000000, 1.000000000000000000 ) ) ;
#2130 = VECTOR ( 'NONE', #129, 1000.000000000000000 ) ;
#2131 = ORIENTED_EDGE ( 'NONE', *, *, #1987, .F. ) ;
#2132 = CARTESIAN_POINT ( 'NONE',  ( -2.999999999999997335, 5.000000000000000000, 0.000000000000000000 ) ) ;
#2133 = CARTESIAN_POINT ( 'NONE',  ( 11.00000000000000533, -2.999999999999996447, 27.99999999999997158 ) ) ;
#2134 = EDGE_LOOP ( 'NONE', ( #1342, #1400, #753, #532 ) ) ;
#2135 = LINE ( 'NONE', #685, #754 ) ;
#2136 = EDGE_CURVE ( 'NONE', #358, #120, #665, .T. ) ;
#2137 = DIRECTION ( 'NONE',  ( -0.9978541318653370018, 0.000000000000000000, 0.06547619047619009092 ) ) ;
#2138 = EDGE_CURVE ( 'NONE', #355, #405, #1707, .T. ) ;
#2139 = CARTESIAN_POINT ( 'NONE',  ( 11.69134295108993982, 0.000000000000000000, -8.299999999999972289 ) ) ;
#2140 = EDGE_LOOP ( 'NONE', ( #456, #82 ) ) ;
#2141 = EDGE_CURVE ( 'NONE', #1401, #1081, #1222, .T. ) ;
#2142 = FACE_OUTER_BOUND ( 'NONE', #554, .T. ) ;
#2143 = CARTESIAN_POINT ( 'NONE',  ( 17.46244730764339792, -2.000000000000000000, 1.145833333333329929 ) ) ;
#2144 = ORIENTED_EDGE ( 'NONE', *, *, #401, .F. ) ;
#2145 = DIRECTION ( 'NONE',  ( -1.000000000000000000, 0.000000000000000000, 3.469446951953616161E-16 ) ) ;
#2146 = DIRECTION ( 'NONE',  ( -0.06533628763226817515, 0.000000000000000000, -0.9978633020200881054 ) ) ;
#2147 = CARTESIAN_POINT ( 'NONE',  ( 0.000000000000000000, 3.000000000000000000, 0.000000000000000000 ) ) ;
#2148 = ORIENTED_EDGE ( 'NONE', *, *, #1130, .F. ) ;
#2149 = DIRECTION ( 'NONE',  ( 0.06547619047619050725, 0.000000000000000000, -0.9978541318653371128 ) ) ;
#2150 = CARTESIAN_POINT ( 'NONE',  ( -2.750000000000000000, -3.000000000000000000, 13.50000000000000000 ) ) ;
#2151 = AXIS2_PLACEMENT_3D ( 'NONE', #2214, #1318, #746 ) ;
#2152 = ORIENTED_EDGE ( 'NONE', *, *, #1457, .F. ) ;
#2153 = DIRECTION ( 'NONE',  ( 8.673617379884034239E-17, 0.000000000000000000, 1.000000000000000000 ) ) ;
#2154 = ORIENTED_EDGE ( 'NONE', *, *, #1320, .T. ) ;
#2155 = DIRECTION ( 'NONE',  ( -0.000000000000000000, 1.000000000000000000, -0.000000000000000000 ) ) ;
#2156 = ORIENTED_EDGE ( 'NONE', *, *, #1345, .T. ) ;
#2157 = FACE_BOUND ( 'NONE', #285, .T. ) ;
#2158 = AXIS2_PLACEMENT_3D ( 'NONE', #2210, #1509, #1868 ) ;
#2159 = CARTESIAN_POINT ( 'NONE',  ( -11.00000000000000000, -2.999999999999996447, 40.99999999999997868 ) ) ;
#2160 = ORIENTED_EDGE ( 'NONE', *, *, #2064, .T. ) ;
#2161 = ORIENTED_EDGE ( 'NONE', *, *, #1373, .T. ) ;
#2162 = AXIS2_PLACEMENT_3D ( 'NONE', #237, #1695, #63 ) ;
#2163 = CARTESIAN_POINT ( 'NONE',  ( 11.00000000000000533, -2.999999999999996447, 27.99999999999997158 ) ) ;
#2164 = EDGE_CURVE ( 'NONE', #526, #1792, #324, .T. ) ;
#2165 = AXIS2_PLACEMENT_3D ( 'NONE', #854, #841, #1036 ) ;
#2166 = DIRECTION ( 'NONE',  ( 0.000000000000000000, -1.000000000000000000, 0.000000000000000000 ) ) ;
#2167 = VERTEX_POINT ( 'NONE', #2321 ) ;
#2168 = VERTEX_POINT ( 'NONE', #921 ) ;
#2169 = DIRECTION ( 'NONE',  ( 0.000000000000000000, -1.000000000000000000, 0.000000000000000000 ) ) ;
#2170 = EDGE_CURVE ( 'NONE', #585, #48, #2353, .T. ) ;
#2171 = ORIENTED_EDGE ( 'NONE', *, *, #1877, .T. ) ;
#2172 = EDGE_CURVE ( 'NONE', #1668, #181, #906, .T. ) ;
#2173 = EDGE_LOOP ( 'NONE', ( #1213, #1878 ) ) ;
#2174 = FACE_BOUND ( 'NONE', #282, .T. ) ;
#2175 = AXIS2_PLACEMENT_3D ( 'NONE', #1369, #1019, #1734 ) ;
#2176 = DIRECTION ( 'NONE',  ( 0.000000000000000000, 1.000000000000000000, 0.000000000000000000 ) ) ;
#2177 = ORIENTED_EDGE ( 'NONE', *, *, #1694, .T. ) ;
#2178 = CARTESIAN_POINT ( 'NONE',  ( 11.69134295108989363, 5.000000000000000000, 6.750000000000054179 ) ) ;
#2179 = CARTESIAN_POINT ( 'NONE',  ( -17.46244730764339792, 3.000000000000000000, 1.145833333333289961 ) ) ;
#2180 = ORIENTED_EDGE ( 'NONE', *, *, #486, .F. ) ;
#2181 = EDGE_LOOP ( 'NONE', ( #674, #1691, #1727, #1025 ) ) ;
#2182 = DIRECTION ( 'NONE',  ( 0.000000000000000000, -1.000000000000000000, 0.000000000000000000 ) ) ;
#2183 = VERTEX_POINT ( 'NONE', #14 ) ;
#2184 = EDGE_CURVE ( 'NONE', #2050, #1532, #1620, .T. ) ;
#2185 = ORIENTED_EDGE ( 'NONE', *, *, #1320, .F. ) ;
#2186 = CYLINDRICAL_SURFACE ( 'NONE', #483, 17.50000000000000000 ) ;
#2187 = CARTESIAN_POINT ( 'NONE',  ( -11.69134295108984212, 0.000000000000000000, -6.750000000000135891 ) ) ;
#2188 = FACE_OUTER_BOUND ( 'NONE', #2208, .T. ) ;
#2189 = CARTESIAN_POINT ( 'NONE',  ( 3.000000000000002665, -2.999999999999996447, 20.00000000000000000 ) ) ;
#2190 = DIRECTION ( 'NONE',  ( -0.000000000000000000, -1.000000000000000000, -0.000000000000000000 ) ) ;
#2191 = DIRECTION ( 'NONE',  ( 1.000000000000000000, 0.000000000000000000, 0.000000000000000000 ) ) ;
#2192 = ORIENTED_EDGE ( 'NONE', *, *, #1402, .T. ) ;
#2193 = VERTEX_POINT ( 'NONE', #736 ) ;
#2194 = DIRECTION ( 'NONE',  ( 0.7071067811865487940, 0.000000000000000000, 0.7071067811865463515 ) ) ;
#2195 = EDGE_CURVE ( 'NONE', #2281, #1015, #546, .T. ) ;
#2196 = EDGE_CURVE ( 'NONE', #690, #1938, #800, .T. ) ;
#2197 = EDGE_LOOP ( 'NONE', ( #2334, #952 ) ) ;
#2198 = DIRECTION ( 'NONE',  ( -0.000000000000000000, -1.000000000000000000, 0.000000000000000000 ) ) ;
#2199 = LINE ( 'NONE', #212, #78 ) ;
#2200 = CARTESIAN_POINT ( 'NONE',  ( 11.69134295108989363, -2.999999999999996447, 6.750000000000054179 ) ) ;
#2201 = VECTOR ( 'NONE', #1843, 1000.000000000000114 ) ;
#2202 = LINE ( 'NONE', #2237, #454 ) ;
#2203 = CARTESIAN_POINT ( 'NONE',  ( 11.97424958238399917, 3.000000000000000000, 84.78571428571429180 ) ) ;
#2204 = FACE_OUTER_BOUND ( 'NONE', #196, .T. ) ;
#2205 = VECTOR ( 'NONE', #150, 1000.000000000000000 ) ;
#2206 = CIRCLE ( 'NONE', #1486, 1.550000000000000933 ) ;
#2207 = ORIENTED_EDGE ( 'NONE', *, *, #488, .T. ) ;
#2208 = EDGE_LOOP ( 'NONE', ( #148, #1533, #1014, #406, #9, #1752, #678, #1751, #312, #370, #1870 ) ) ;
#2209 = AXIS2_PLACEMENT_3D ( 'NONE', #647, #1124, #1379 ) ;
#2210 = CARTESIAN_POINT ( 'NONE',  ( -1.836970198721038266E-15, -2.999999999999996447, 67.50000000000000000 ) ) ;
#2211 = VECTOR ( 'NONE', #1137, 1000.000000000000000 ) ;
#2212 = DIRECTION ( 'NONE',  ( 0.000000000000000000, 0.000000000000000000, 1.000000000000000000 ) ) ;
#2213 = VERTEX_POINT ( 'NONE', #535 ) ;
#2214 = CARTESIAN_POINT ( 'NONE',  ( 17.42529546657258166, 5.000000000000000000, 1.140941965073209330 ) ) ;
#2215 = FACE_OUTER_BOUND ( 'NONE', #2181, .T. ) ;
#2216 = EDGE_CURVE ( 'NONE', #411, #168, #708, .T. ) ;
#2217 = FACE_OUTER_BOUND ( 'NONE', #298, .T. ) ;
#2218 = CARTESIAN_POINT ( 'NONE',  ( -8.000000000000000000, -3.000000000000000000, 0.000000000000000000 ) ) ;
#2219 = DIRECTION ( 'NONE',  ( -0.7071067811865486830, 0.000000000000000000, 0.7071067811865464625 ) ) ;
#2220 = EDGE_LOOP ( 'NONE', ( #837, #284, #297, #60 ) ) ;
#2221 = ORIENTED_EDGE ( 'NONE', *, *, #2267, .T. ) ;
#2222 = FACE_OUTER_BOUND ( 'NONE', #1675, .T. ) ;
#2223 = ORIENTED_EDGE ( 'NONE', *, *, #726, .F. ) ;
#2224 = FACE_OUTER_BOUND ( 'NONE', #2109, .T. ) ;
#2225 = CARTESIAN_POINT ( 'NONE',  ( -11.97424958238399917, -2.000000000000000000, 84.78571428571429180 ) ) ;
#2226 = CARTESIAN_POINT ( 'NONE',  ( 3.000000000000005773, -2.999999999999996447, 67.50000000000000000 ) ) ;
#2227 = CARTESIAN_POINT ( 'NONE',  ( -2.999999999999993339, -2.999999999999996447, 67.50000000000000000 ) ) ;
#2228 = DIRECTION ( 'NONE',  ( 0.000000000000000000, -1.000000000000000000, 0.000000000000000000 ) ) ;
#2229 = EDGE_CURVE ( 'NONE', #1717, #783, #1820, .T. ) ;
#2230 = VERTEX_POINT ( 'NONE', #1788 ) ;
#2231 = ORIENTED_EDGE ( 'NONE', *, *, #1112, .T. ) ;
#2232 = CARTESIAN_POINT ( 'NONE',  ( -17.49999999999999645, 5.000000000000000000, 17.50000000000005329 ) ) ;
#2233 = ORIENTED_EDGE ( 'NONE', *, *, #1398, .T. ) ;
#2234 = CARTESIAN_POINT ( 'NONE',  ( 11.69134295108990074, 0.000000000000000000, -6.750000000000000000 ) ) ;
#2235 = CARTESIAN_POINT ( 'NONE',  ( -11.69134295108997890, 5.000000000000000000, 6.749999999999891642 ) ) ;
#2236 = DIRECTION ( 'NONE',  ( -0.000000000000000000, 1.000000000000000000, -0.000000000000000000 ) ) ;
#2237 = CARTESIAN_POINT ( 'NONE',  ( 11.69134295108993982, -2.999999999999996447, -8.299999999999972289 ) ) ;
#2238 = DIRECTION ( 'NONE',  ( 0.000000000000000000, 0.000000000000000000, 1.000000000000000000 ) ) ;
#2239 = ORIENTED_EDGE ( 'NONE', *, *, #305, .T. ) ;
#2240 = EDGE_CURVE ( 'NONE', #360, #792, #723, .T. ) ;
#2241 = CARTESIAN_POINT ( 'NONE',  ( 3.000000000000002665, 5.000000000000000000, 19.99999999999999645 ) ) ;
#2242 = AXIS2_PLACEMENT_3D ( 'NONE', #1824, #929, #2194 ) ;
#2243 = PRODUCT_DEFINITION_CONTEXT ( 'detailed design', #940, 'design' ) ;
#2244 = VECTOR ( 'NONE', #601, 1000.000000000000000 ) ;
#2245 = EDGE_CURVE ( 'NONE', #1010, #1351, #561, .T. ) ;
#2246 = CIRCLE ( 'NONE', #1526, 1.549999999999999378 ) ;
#2247 = ORIENTED_EDGE ( 'NONE', *, *, #1151, .T. ) ;
#2248 = CARTESIAN_POINT ( 'NONE',  ( -10.31634295108990074, -3.000000000000000000, -9.131569860407209305 ) ) ;
#2249 = PLANE ( 'NONE',  #223 ) ;
#2250 = CARTESIAN_POINT ( 'NONE',  ( 12.00000000000000000, -3.000000000000000000, 83.99999999999964473 ) ) ;
#2251 = LINE ( 'NONE', #964, #919 ) ;
#2252 = ORIENTED_EDGE ( 'NONE', *, *, #155, .F. ) ;
#2253 = VECTOR ( 'NONE', #2268, 1000.000000000000000 ) ;
#2254 = AXIS2_PLACEMENT_3D ( 'NONE', #2200, #400, #592 ) ;
#2255 = ORIENTED_EDGE ( 'NONE', *, *, #2005, .F. ) ;
#2256 = EDGE_CURVE ( 'NONE', #808, #671, #1110, .T. ) ;
#2257 = ORIENTED_EDGE ( 'NONE', *, *, #235, .F. ) ;
#2258 = DIRECTION ( 'NONE',  ( 0.000000000000000000, -1.000000000000000000, 0.000000000000000000 ) ) ;
#2259 = CARTESIAN_POINT ( 'NONE',  ( 3.000000000000000000, 5.000000000000000000, 24.99999999999999289 ) ) ;
#2260 = FACE_OUTER_BOUND ( 'NONE', #448, .T. ) ;
#2261 = DIRECTION ( 'NONE',  ( 0.000000000000000000, 0.000000000000000000, 1.000000000000000000 ) ) ;
#2262 = ORIENTED_EDGE ( 'NONE', *, *, #1556, .F. ) ;
#2263 = ORIENTED_EDGE ( 'NONE', *, *, #616, .F. ) ;
#2264 = ORIENTED_EDGE ( 'NONE', *, *, #2184, .T. ) ;
#2265 = APPLICATION_CONTEXT ( 'automotive_design' ) ;
#2266 = DIRECTION ( 'NONE',  ( -1.000000000000000000, 0.000000000000000000, 0.000000000000000000 ) ) ;
#2267 = EDGE_CURVE ( 'NONE', #1031, #808, #1074, .T. ) ;
#2268 = DIRECTION ( 'NONE',  ( -0.000000000000000000, 1.000000000000000000, -0.000000000000000000 ) ) ;
#2269 = CARTESIAN_POINT ( 'NONE',  ( 17.50000000000000000, 5.000000000000000000, -1.214306433183764966E-13 ) ) ;
#2270 = CARTESIAN_POINT ( 'NONE',  ( -9.426999614876460059E-14, -2.999999999999996447, 15.05000000000000071 ) ) ;
#2271 = VECTOR ( 'NONE', #1238, 1000.000000000000000 ) ;
#2272 = VERTEX_POINT ( 'NONE', #1086 ) ;
#2273 = LINE ( 'NONE', #1575, #2277 ) ;
#2274 = VECTOR ( 'NONE', #1285, 1000.000000000000000 ) ;
#2275 = ORIENTED_EDGE ( 'NONE', *, *, #2040, .F. ) ;
#2276 = ORIENTED_EDGE ( 'NONE', *, *, #1229, .F. ) ;
#2277 = VECTOR ( 'NONE', #1243, 1000.000000000000000 ) ;
#2278 = CARTESIAN_POINT ( 'NONE',  ( 0.000000000000000000, 5.000000000000000000, -11.94999999999999929 ) ) ;
#2279 = CARTESIAN_POINT ( 'NONE',  ( 17.46244730764339792, -3.000000000000000000, 1.145833333333339921 ) ) ;
#2280 = VECTOR ( 'NONE', #1829, 1000.000000000000000 ) ;
#2281 = VERTEX_POINT ( 'NONE', #689 ) ;
#2282 = DIRECTION ( 'NONE',  ( 0.06533628763226817515, 0.000000000000000000, 0.9978633020200881054 ) ) ;
#2283 = PLANE ( 'NONE',  #589 ) ;
#2284 = CARTESIAN_POINT ( 'NONE',  ( -2.999999999999998668, -2.999999999999996447, 33.00000000000000000 ) ) ;
#2285 = VERTEX_POINT ( 'NONE', #164 ) ;
#2286 = EDGE_CURVE ( 'NONE', #644, #2068, #1417, .T. ) ;
#2287 = DIRECTION ( 'NONE',  ( 0.000000000000000000, -1.000000000000000000, 0.000000000000000000 ) ) ;
#2288 = CYLINDRICAL_SURFACE ( 'NONE', #2165, 6.550000000000000711 ) ;
#2289 = VECTOR ( 'NONE', #620, 1000.000000000000000 ) ;
#2290 = VERTEX_POINT ( 'NONE', #2139 ) ;
#2291 = EDGE_LOOP ( 'NONE', ( #1763, #699 ) ) ;
#2292 = CARTESIAN_POINT ( 'NONE',  ( 11.69134295108990074, -3.000000000000000000, -6.750000000000000000 ) ) ;
#2293 = DIRECTION ( 'NONE',  ( 0.4999999999999993339, 0.000000000000000000, 0.8660254037844390407 ) ) ;
#2294 = CARTESIAN_POINT ( 'NONE',  ( 2.750000000000000000, -3.000000000000000000, 13.50000000000000000 ) ) ;
#2295 = CARTESIAN_POINT ( 'NONE',  ( -17.35059093314515621, -3.000000000000000000, 2.281883930146539008 ) ) ;
#2296 = ORIENTED_EDGE ( 'NONE', *, *, #1140, .T. ) ;
#2297 = LINE ( 'NONE', #667, #2126 ) ;
#2298 = EDGE_CURVE ( 'NONE', #1269, #771, #1241, .T. ) ;
#2299 = CARTESIAN_POINT ( 'NONE',  ( 11.69134295108990074, -3.000000000000000000, 6.750000000000000000 ) ) ;
#2300 = ORIENTED_EDGE ( 'NONE', *, *, #1078, .F. ) ;
#2301 = ORIENTED_EDGE ( 'NONE', *, *, #328, .F. ) ;
#2302 = EDGE_CURVE ( 'NONE', #900, #1046, #1180, .T. ) ;
#2303 = LINE ( 'NONE', #1930, #2114 ) ;
#2304 = FACE_BOUND ( 'NONE', #2049, .T. ) ;
#2305 = VECTOR ( 'NONE', #375, 1000.000000000000000 ) ;
#2306 = EDGE_LOOP ( 'NONE', ( #2042, #1975, #1278, #918 ) ) ;
#2307 = CARTESIAN_POINT ( 'NONE',  ( 8.021436534415164234E-16, -2.999999999999996447, 77.45000000000000284 ) ) ;
#2308 = DIRECTION ( 'NONE',  ( -0.000000000000000000, 1.000000000000000000, -0.000000000000000000 ) ) ;
#2309 = ORIENTED_EDGE ( 'NONE', *, *, #453, .F. ) ;
#2310 = DIRECTION ( 'NONE',  ( 0.000000000000000000, -1.000000000000000000, 0.000000000000000000 ) ) ;
#2311 = PRESENTATION_LAYER_ASSIGNMENT (  '', '', ( #523 ) ) ;
#2312 = CIRCLE ( 'NONE', #1593, 2.750000000000000000 ) ;
#2313 = EDGE_CURVE ( 'NONE', #2067, #388, #334, .T. ) ;
#2314 = VERTEX_POINT ( 'NONE', #1977 ) ;
#2315 = CIRCLE ( 'NONE', #2055, 11.99999999999999645 ) ;
#2316 = ADVANCED_FACE ( 'NONE', ( #351 ), #174, .F. ) ;
#2317 = DIRECTION ( 'NONE',  ( 0.000000000000000000, 0.000000000000000000, 1.000000000000000000 ) ) ;
#2318 = AXIS2_PLACEMENT_3D ( 'NONE', #1288, #1611, #178 ) ;
#2319 = CIRCLE ( 'NONE', #961, 2.750000000000000000 ) ;
#2320 = CARTESIAN_POINT ( 'NONE',  ( -10.31634295108990074, 0.000000000000000000, 9.131569860407209305 ) ) ;
#2321 = CARTESIAN_POINT ( 'NONE',  ( 0.000000000000000000, 5.000000000000000000, 90.55000000000001137 ) ) ;
#2322 = CIRCLE ( 'NONE', #194, 2.750000000000001776 ) ;
#2323 = ORIENTED_EDGE ( 'NONE', *, *, #1415, .F. ) ;
#2324 = DIRECTION ( 'NONE',  ( 0.000000000000000000, -1.000000000000000000, 0.000000000000000000 ) ) ;
#2325 = ORIENTED_EDGE ( 'NONE', *, *, #335, .T. ) ;
#2326 = AXIS2_PLACEMENT_3D ( 'NONE', #1355, #1715, #108 ) ;
#2327 = DIRECTION ( 'NONE',  ( -0.9978541318653371128, 0.000000000000000000, 0.06547619047619050725 ) ) ;
#2328 = DIRECTION ( 'NONE',  ( -1.000000000000000000, 0.000000000000000000, 0.000000000000000000 ) ) ;
#2329 = AXIS2_PLACEMENT_3D ( 'NONE', #1828, #1478, #1671 ) ;
#2330 = DIRECTION ( 'NONE',  ( 0.000000000000000000, -1.000000000000000000, 0.000000000000000000 ) ) ;
#2331 = ORIENTED_EDGE ( 'NONE', *, *, #1082, .T. ) ;
#2332 = DIRECTION ( 'NONE',  ( 0.4999999999999998335, 0.000000000000000000, -0.8660254037844388186 ) ) ;
#2333 = DIRECTION ( 'NONE',  ( -0.5000000000000001110, 0.000000000000000000, 0.8660254037844385966 ) ) ;
#2334 = ORIENTED_EDGE ( 'NONE', *, *, #1573, .F. ) ;
#2335 = ADVANCED_FACE ( 'NONE', ( #435, #1165 ), #2249, .T. ) ;
#2336 = FACE_OUTER_BOUND ( 'NONE', #266, .T. ) ;
#2337 = EDGE_LOOP ( 'NONE', ( #1518, #2262 ) ) ;
#2338 = EDGE_CURVE ( 'NONE', #1986, #1413, #573, .T. ) ;
#2339 = CYLINDRICAL_SURFACE ( 'NONE', #322, 1.549999999999999378 ) ;
#2340 = DIRECTION ( 'NONE',  ( 1.000000000000000000, 0.000000000000000000, 0.000000000000000000 ) ) ;
#2341 = EDGE_LOOP ( 'NONE', ( #240, #259, #2038, #160 ) ) ;
#2342 = ADVANCED_FACE ( 'NONE', ( #2044 ), #747, .F. ) ;
#2343 = DIRECTION ( 'NONE',  ( -1.000000000000000000, 0.000000000000000000, 0.000000000000000000 ) ) ;
#2344 = CARTESIAN_POINT ( 'NONE',  ( 0.000000000000000000, -3.000000000000000000, 13.50000000000000000 ) ) ;
#2345 = ORIENTED_EDGE ( 'NONE', *, *, #130, .F. ) ;
#2346 = EDGE_CURVE ( 'NONE', #792, #1905, #2199, .T. ) ;
#2347 = EDGE_LOOP ( 'NONE', ( #1212, #1448, #1266, #35 ) ) ;
#2348 = CARTESIAN_POINT ( 'NONE',  ( 0.000000000000000000, -2.000000000000000000, 0.000000000000000000 ) ) ;
#2349 = ORIENTED_EDGE ( 'NONE', *, *, #134, .T. ) ;
#2350 =( GEOMETRIC_REPRESENTATION_CONTEXT ( 3 ) GLOBAL_UNCERTAINTY_ASSIGNED_CONTEXT ( ( #1879 ) ) GLOBAL_UNIT_ASSIGNED_CONTEXT ( ( #1334, #1343, #991 ) ) REPRESENTATION_CONTEXT ( 'NONE', 'WORKASPACE' ) );
#2351 = ORIENTED_EDGE ( 'NONE', *, *, #2141, .F. ) ;
#2352 = CARTESIAN_POINT ( 'NONE',  ( -10.99999999999999822, 5.000000000000000000, 27.99999999999997513 ) ) ;
#2353 = CIRCLE ( 'NONE', #876, 2.750000000000001776 ) ;
#2354 = AXIS2_PLACEMENT_3D ( 'NONE', #655, #1208, #826 ) ;
ENDSEC;
END-ISO-10303-21;
