ISO-10303-21;
HEADER;
FILE_DESCRIPTION (( 'STEP AP214' ),
    '1' );
FILE_NAME ('Á¬¸Ë2.STEP',
    '2025-04-14T01:08:00',
    ( '' ),
    ( '' ),
    'SwSTEP 2.0',
    'SolidWorks 2025',
    '' );
FILE_SCHEMA (( 'AUTOMOTIVE_DESIGN' ));
ENDSEC;

DATA;
#1 = ORIENTED_EDGE ( 'NONE', *, *, #246, .F. ) ;
#2 = DIRECTION ( 'NONE',  ( 1.000000000000000000, 0.000000000000000000, 0.000000000000000000 ) ) ;
#3 = DIRECTION ( 'NONE',  ( 0.000000000000000000, -1.000000000000000000, 1.734723475976806848E-16 ) ) ;
#4 = ORIENTED_EDGE ( 'NONE', *, *, #1072, .T. ) ;
#5 = CARTESIAN_POINT ( 'NONE',  ( 2.999999999999996447, 3.000000000000000444, -30.00000000000000355 ) ) ;
#6 = VERTEX_POINT ( 'NONE', #364 ) ;
#7 = ADVANCED_FACE ( 'NONE', ( #373 ), #104, .F. ) ;
#8 = VERTEX_POINT ( 'NONE', #1330 ) ;
#9 = DIRECTION ( 'NONE',  ( 0.000000000000000000, -0.4666666666666650087, -0.8844332774281076226 ) ) ;
#10 = DIRECTION ( 'NONE',  ( 0.000000000000000000, 0.000000000000000000, 1.000000000000000000 ) ) ;
#11 = LINE ( 'NONE', #1225, #428 ) ;
#12 = DIRECTION ( 'NONE',  ( 0.000000000000000000, -1.000000000000000000, 0.000000000000000000 ) ) ;
#13 = VERTEX_POINT ( 'NONE', #1573 ) ;
#14 = VECTOR ( 'NONE', #690, 1000.000000000000000 ) ;
#15 = CIRCLE ( 'NONE', #911, 2.649999999999999467 ) ;
#16 = ORIENTED_EDGE ( 'NONE', *, *, #1186, .F. ) ;
#17 = CYLINDRICAL_SURFACE ( 'NONE', #323, 1.000000000000000222 ) ;
#18 = EDGE_CURVE ( 'NONE', #314, #776, #1525, .T. ) ;
#19 = CIRCLE ( 'NONE', #993, 17.00000000000000000 ) ;
#20 = PLANE ( 'NONE',  #556 ) ;
#21 = AXIS2_PLACEMENT_3D ( 'NONE', #1234, #386, #975 ) ;
#22 = CYLINDRICAL_SURFACE ( 'NONE', #40, 17.00000000000000000 ) ;
#23 = CARTESIAN_POINT ( 'NONE',  ( -3.000000000000000000, 0.000000000000000000, 0.000000000000000000 ) ) ;
#24 = ORIENTED_EDGE ( 'NONE', *, *, #1450, .F. ) ;
#25 = ORIENTED_EDGE ( 'NONE', *, *, #37, .F. ) ;
#26 = CARTESIAN_POINT ( 'NONE',  ( 3.000000000000000000, 2.500000000000000000, 6.633249580710800508 ) ) ;
#27 = DIRECTION ( 'NONE',  ( 0.000000000000000000, 0.8660254037844384856, -0.5000000000000003331 ) ) ;
#28 = EDGE_CURVE ( 'NONE', #614, #1033, #344, .T. ) ;
#29 = FILL_AREA_STYLE ('',( #1131 ) ) ;
#30 = CARTESIAN_POINT ( 'NONE',  ( 3.000000000000000000, 0.000000000000000000, 0.000000000000000000 ) ) ;
#31 = ORIENTED_EDGE ( 'NONE', *, *, #1432, .F. ) ;
#32 = EDGE_CURVE ( 'NONE', #80, #776, #244, .T. ) ;
#33 = ORIENTED_EDGE ( 'NONE', *, *, #697, .T. ) ;
#34 = LINE ( 'NONE', #282, #300 ) ;
#35 = CYLINDRICAL_SURFACE ( 'NONE', #913, 2.649999999999997691 ) ;
#36 = DIRECTION ( 'NONE',  ( 0.000000000000000000, 0.000000000000000000, 1.000000000000000000 ) ) ;
#37 = EDGE_CURVE ( 'NONE', #1070, #70, #1451, .T. ) ;
#38 = CARTESIAN_POINT ( 'NONE',  ( 3.000000000000000000, 4.494562646538029504, -5.481688299816499743 ) ) ;
#39 = VERTEX_POINT ( 'NONE', #731 ) ;
#40 = AXIS2_PLACEMENT_3D ( 'NONE', #1259, #646, #45 ) ;
#41 = ORIENTED_EDGE ( 'NONE', *, *, #28, .T. ) ;
#42 = DIRECTION ( 'NONE',  ( 0.000000000000000000, 1.734723475976806848E-16, 1.000000000000000000 ) ) ;
#43 = AXIS2_PLACEMENT_3D ( 'NONE', #923, #1419, #191 ) ;
#44 = CARTESIAN_POINT ( 'NONE',  ( 7.000000000000000000, 0.000000000000000000, 0.000000000000000000 ) ) ;
#45 = DIRECTION ( 'NONE',  ( 0.000000000000000000, -1.000000000000000000, 0.000000000000000000 ) ) ;
#46 = DIRECTION ( 'NONE',  ( 1.000000000000000000, 0.000000000000000000, 0.000000000000000000 ) ) ;
#47 = AXIS2_PLACEMENT_3D ( 'NONE', #1438, #422, #570 ) ;
#48 = AXIS2_PLACEMENT_3D ( 'NONE', #749, #1364, #132 ) ;
#49 = ORIENTED_EDGE ( 'NONE', *, *, #520, .T. ) ;
#50 = EDGE_CURVE ( 'NONE', #1289, #872, #11, .T. ) ;
#51 = EDGE_LOOP ( 'NONE', ( #1256, #577, #280, #31 ) ) ;
#52 = CARTESIAN_POINT ( 'NONE',  ( 2.999999999999996447, -2.999999999999997780, -130.0000000000000000 ) ) ;
#53 = DIRECTION ( 'NONE',  ( -1.000000000000000000, 0.000000000000000000, 0.000000000000000000 ) ) ;
#54 = CARTESIAN_POINT ( 'NONE',  ( 2.999999999999996447, -2.999999999999997780, -90.00000000000001421 ) ) ;
#55 = EDGE_CURVE ( 'NONE', #143, #768, #1375, .T. ) ;
#56 = ORIENTED_EDGE ( 'NONE', *, *, #1230, .T. ) ;
#57 = ORIENTED_EDGE ( 'NONE', *, *, #1534, .T. ) ;
#58 = DIRECTION ( 'NONE',  ( 0.000000000000000000, 1.734723475976806848E-16, 1.000000000000000000 ) ) ;
#59 = CARTESIAN_POINT ( 'NONE',  ( 3.000000000000000000, 4.494562646538029504, -5.481688299816499743 ) ) ;
#60 = DIRECTION ( 'NONE',  ( 0.000000000000000000, -0.4999999999999977240, 0.8660254037844400399 ) ) ;
#61 = ORIENTED_EDGE ( 'NONE', *, *, #50, .T. ) ;
#62 = EDGE_CURVE ( 'NONE', #782, #735, #219, .T. ) ;
#63 = ORIENTED_EDGE ( 'NONE', *, *, #233, .F. ) ;
#64 = CARTESIAN_POINT ( 'NONE',  ( 2.999999999999996447, 3.000000000000000444, -30.00000000000000355 ) ) ;
#65 = VECTOR ( 'NONE', #845, 1000.000000000000000 ) ;
#66 = EDGE_CURVE ( 'NONE', #1198, #1491, #131, .T. ) ;
#67 = VECTOR ( 'NONE', #856, 1000.000000000000000 ) ;
#68 = CARTESIAN_POINT ( 'NONE',  ( 2.000000000000000000, 2.656296005695405249, 6.096440890398810097 ) ) ;
#69 = CARTESIAN_POINT ( 'NONE',  ( -3.000000000000000000, -17.00000000000000000, 0.000000000000000000 ) ) ;
#70 = VERTEX_POINT ( 'NONE', #1112 ) ;
#71 = AXIS2_PLACEMENT_3D ( 'NONE', #698, #1448, #329 ) ;
#72 = VERTEX_POINT ( 'NONE', #1444 ) ;
#73 = CIRCLE ( 'NONE', #1150, 11.99999999999999822 ) ;
#74 = CYLINDRICAL_SURFACE ( 'NONE', #785, 3.000000000000002665 ) ;
#75 = EDGE_CURVE ( 'NONE', #6, #819, #883, .T. ) ;
#76 = DIRECTION ( 'NONE',  ( 0.000000000000000000, 0.000000000000000000, 1.000000000000000000 ) ) ;
#77 = DIRECTION ( 'NONE',  ( -1.000000000000000000, 0.000000000000000000, 0.000000000000000000 ) ) ;
#78 = ORIENTED_EDGE ( 'NONE', *, *, #1072, .F. ) ;
#79 = DIRECTION ( 'NONE',  ( -1.000000000000000000, -0.000000000000000000, -0.000000000000000000 ) ) ;
#80 = VERTEX_POINT ( 'NONE', #711 ) ;
#81 = ADVANCED_FACE ( 'NONE', ( #1202 ), #117, .F. ) ;
#82 = LINE ( 'NONE', #297, #1556 ) ;
#83 = CYLINDRICAL_SURFACE ( 'NONE', #933, 1.000000000000000000 ) ;
#84 = CARTESIAN_POINT ( 'NONE',  ( 7.000000000000000000, 0.000000000000000000, 0.000000000000000000 ) ) ;
#85 = EDGE_CURVE ( 'NONE', #98, #1516, #1379, .T. ) ;
#86 = VERTEX_POINT ( 'NONE', #501 ) ;
#87 = DIRECTION ( 'NONE',  ( -1.000000000000000000, 0.000000000000000000, 0.000000000000000000 ) ) ;
#88 = EDGE_LOOP ( 'NONE', ( #548, #1254, #675, #1439 ) ) ;
#89 = FACE_OUTER_BOUND ( 'NONE', #669, .T. ) ;
#90 = EDGE_CURVE ( 'NONE', #1359, #799, #962, .T. ) ;
#91 = ORIENTED_EDGE ( 'NONE', *, *, #254, .F. ) ;
#92 = CARTESIAN_POINT ( 'NONE',  ( -3.000000000000000000, 0.000000000000000000, 11.40000000000000036 ) ) ;
#93 = CARTESIAN_POINT ( 'NONE',  ( -3.000000000000000000, 12.00000000000000000, -16.27882059609969900 ) ) ;
#94 = ORIENTED_EDGE ( 'NONE', *, *, #311, .F. ) ;
#95 = DIRECTION ( 'NONE',  ( 0.000000000000000000, 0.000000000000000000, 1.000000000000000000 ) ) ;
#96 = AXIS2_PLACEMENT_3D ( 'NONE', #423, #53, #544 ) ;
#97 = EDGE_CURVE ( 'NONE', #1417, #1410, #271, .T. ) ;
#98 = VERTEX_POINT ( 'NONE', #755 ) ;
#99 = AXIS2_PLACEMENT_3D ( 'NONE', #804, #1191, #95 ) ;
#100 = CARTESIAN_POINT ( 'NONE',  ( -3.000000000000000000, 0.000000000000000000, 0.000000000000000000 ) ) ;
#101 = AXIS2_PLACEMENT_3D ( 'NONE', #719, #1337, #1092 ) ;
#102 = VERTEX_POINT ( 'NONE', #1266 ) ;
#103 = CARTESIAN_POINT ( 'NONE',  ( -3.000000000000000000, 12.00000000000000000, -160.0000000000000000 ) ) ;
#104 = CYLINDRICAL_SURFACE ( 'NONE', #680, 2.649999999999999467 ) ;
#105 = DIRECTION ( 'NONE',  ( 0.000000000000000000, 0.000000000000000000, -1.000000000000000000 ) ) ;
#106 = EDGE_CURVE ( 'NONE', #1270, #1073, #160, .T. ) ;
#107 = ORIENTED_EDGE ( 'NONE', *, *, #301, .F. ) ;
#108 = LINE ( 'NONE', #717, #1148 ) ;
#109 = DIRECTION ( 'NONE',  ( 0.000000000000000000, -1.000000000000000000, 0.000000000000000000 ) ) ;
#110 = ORIENTED_EDGE ( 'NONE', *, *, #301, .T. ) ;
#111 = CARTESIAN_POINT ( 'NONE',  ( 3.000000000000000000, 2.500000000000000000, 6.633249580710800508 ) ) ;
#112 = ORIENTED_EDGE ( 'NONE', *, *, #1100, .T. ) ;
#113 = ADVANCED_FACE ( 'NONE', ( #765 ), #22, .T. ) ;
#114 = FACE_OUTER_BOUND ( 'NONE', #466, .T. ) ;
#115 = CARTESIAN_POINT ( 'NONE',  ( 2.999999999999996447, 2.999999999999996447, -50.00000000000000000 ) ) ;
#116 = AXIS2_PLACEMENT_3D ( 'NONE', #312, #551, #451 ) ;
#117 = CYLINDRICAL_SURFACE ( 'NONE', #1453, 3.000000000000002665 ) ;
#118 = FACE_OUTER_BOUND ( 'NONE', #1285, .T. ) ;
#119 = CIRCLE ( 'NONE', #706, 6.650000000000000355 ) ;
#120 = ORIENTED_EDGE ( 'NONE', *, *, #181, .T. ) ;
#121 = AXIS2_PLACEMENT_3D ( 'NONE', #702, #777, #543 ) ;
#122 = DIRECTION ( 'NONE',  ( -1.000000000000000000, -0.000000000000000000, -0.000000000000000000 ) ) ;
#123 = DIRECTION ( 'NONE',  ( -1.000000000000000000, -0.000000000000000000, -0.000000000000000000 ) ) ;
#124 = VERTEX_POINT ( 'NONE', #900 ) ;
#125 = CYLINDRICAL_SURFACE ( 'NONE', #484, 2.649999999999999911 ) ;
#126 = EDGE_CURVE ( 'NONE', #1075, #633, #291, .T. ) ;
#127 = ORIENTED_EDGE ( 'NONE', *, *, #1538, .F. ) ;
#128 = ORIENTED_EDGE ( 'NONE', *, *, #530, .F. ) ;
#129 = CARTESIAN_POINT ( 'NONE',  ( -3.000000000000000000, -8.066555415731935241, -1.770476594757732114 ) ) ;
#130 = DIRECTION ( 'NONE',  ( 0.000000000000000000, 1.734723475976806848E-16, 1.000000000000000000 ) ) ;
#131 = LINE ( 'NONE', #339, #65 ) ;
#132 = DIRECTION ( 'NONE',  ( 0.000000000000000000, 0.000000000000000000, -1.000000000000000000 ) ) ;
#133 = ORIENTED_EDGE ( 'NONE', *, *, #770, .F. ) ;
#134 = ORIENTED_EDGE ( 'NONE', *, *, #653, .F. ) ;
#135 = DIRECTION ( 'NONE',  ( 0.000000000000000000, 0.000000000000000000, 1.000000000000000000 ) ) ;
#136 = CARTESIAN_POINT ( 'NONE',  ( -3.000000000000000000, 2.999999999999997780, -130.0000000000000000 ) ) ;
#137 = EDGE_CURVE ( 'NONE', #441, #1289, #278, .T. ) ;
#138 = DIRECTION ( 'NONE',  ( 0.000000000000000000, 0.000000000000000000, 1.000000000000000000 ) ) ;
#139 = CYLINDRICAL_SURFACE ( 'NONE', #586, 2.999999999999995559 ) ;
#140 = ORIENTED_EDGE ( 'NONE', *, *, #1047, .F. ) ;
#141 = CIRCLE ( 'NONE', #1273, 2.649999999999998579 ) ;
#142 = ADVANCED_FACE ( 'NONE', ( #538 ), #1512, .F. ) ;
#143 = VERTEX_POINT ( 'NONE', #869 ) ;
#144 = DIRECTION ( 'NONE',  ( 1.000000000000000000, 0.000000000000000000, 0.000000000000000000 ) ) ;
#145 = CARTESIAN_POINT ( 'NONE',  ( 3.000000000000000000, 0.000000000000000000, -153.3500000000000227 ) ) ;
#146 = VECTOR ( 'NONE', #745, 1000.000000000000000 ) ;
#147 = VECTOR ( 'NONE', #1587, 1000.000000000000000 ) ;
#148 = CARTESIAN_POINT ( 'NONE',  ( -3.000000000000000000, -12.00000000000000000, -160.0000000000000000 ) ) ;
#149 = DIRECTION ( 'NONE',  ( 0.000000000000000000, 0.000000000000000000, 1.000000000000000000 ) ) ;
#150 = EDGE_LOOP ( 'NONE', ( #25, #722, #1233, #94 ) ) ;
#151 = ORIENTED_EDGE ( 'NONE', *, *, #55, .T. ) ;
#152 = CARTESIAN_POINT ( 'NONE',  ( -3.000000000000000000, 14.06896551724140032, -9.542756901161888905 ) ) ;
#153 = CYLINDRICAL_SURFACE ( 'NONE', #1088, 2.999999999999995559 ) ;
#154 = DIRECTION ( 'NONE',  ( 0.000000000000000000, 0.000000000000000000, 1.000000000000000000 ) ) ;
#155 = DIRECTION ( 'NONE',  ( 0.000000000000000000, 0.000000000000000000, 1.000000000000000000 ) ) ;
#156 = ORIENTED_EDGE ( 'NONE', *, *, #516, .T. ) ;
#157 = ORIENTED_EDGE ( 'NONE', *, *, #673, .F. ) ;
#158 = DIRECTION ( 'NONE',  ( 1.000000000000000000, 0.000000000000000000, 0.000000000000000000 ) ) ;
#159 = CARTESIAN_POINT ( 'NONE',  ( 3.000000000000000000, 8.827722283113841328, -2.209936490538909837 ) ) ;
#160 = LINE ( 'NONE', #1503, #1117 ) ;
#161 = CARTESIAN_POINT ( 'NONE',  ( 3.000000000000000000, -6.327722283113850210, -6.540063509461100821 ) ) ;
#162 = VERTEX_POINT ( 'NONE', #1014 ) ;
#163 = AXIS2_PLACEMENT_3D ( 'NONE', #1488, #1144, #138 ) ;
#164 = EDGE_LOOP ( 'NONE', ( #631, #1464, #926, #224 ) ) ;
#165 = DIRECTION ( 'NONE',  ( 0.000000000000000000, 0.000000000000000000, 1.000000000000000000 ) ) ;
#166 = AXIS2_PLACEMENT_3D ( 'NONE', #499, #1477, #739 ) ;
#167 = DIRECTION ( 'NONE',  ( 1.000000000000000000, 0.000000000000000000, 0.000000000000000000 ) ) ;
#168 = ADVANCED_FACE ( 'NONE', ( #1249 ), #748, .T. ) ;
#169 = DIRECTION ( 'NONE',  ( 0.000000000000000000, -0.8660254037844387076, -0.4999999999999998890 ) ) ;
#170 = DIRECTION ( 'NONE',  ( 0.000000000000000000, 0.8275862068965521567, -0.5613386412448169160 ) ) ;
#171 = AXIS2_PLACEMENT_3D ( 'NONE', #1089, #610, #738 ) ;
#172 = AXIS2_PLACEMENT_3D ( 'NONE', #528, #1024, #1260 ) ;
#173 = ORIENTED_EDGE ( 'NONE', *, *, #935, .T. ) ;
#174 = EDGE_CURVE ( 'NONE', #1270, #1182, #521, .T. ) ;
#175 = ORIENTED_EDGE ( 'NONE', *, *, #489, .F. ) ;
#176 = DIRECTION ( 'NONE',  ( 0.000000000000000000, 0.8275862068965521567, -0.5613386412448169160 ) ) ;
#177 = ADVANCED_FACE ( 'NONE', ( #666 ), #411, .F. ) ;
#178 = DIRECTION ( 'NONE',  ( -1.000000000000000000, 0.000000000000000000, 0.000000000000000000 ) ) ;
#179 = DIRECTION ( 'NONE',  ( -1.000000000000000000, 0.000000000000000000, 0.000000000000000000 ) ) ;
#180 = EDGE_LOOP ( 'NONE', ( #555, #4, #247, #668 ) ) ;
#181 = EDGE_CURVE ( 'NONE', #1026, #314, #1363, .T. ) ;
#182 = ORIENTED_EDGE ( 'NONE', *, *, #1496, .F. ) ;
#183 = DIRECTION ( 'NONE',  ( 1.000000000000000000, 0.000000000000000000, 0.000000000000000000 ) ) ;
#184 = DIRECTION ( 'NONE',  ( 0.000000000000000000, 0.8660254037844383745, -0.5000000000000003331 ) ) ;
#185 = LINE ( 'NONE', #941, #1355 ) ;
#186 = ORIENTED_EDGE ( 'NONE', *, *, #126, .F. ) ;
#187 = ORIENTED_EDGE ( 'NONE', *, *, #1513, .F. ) ;
#188 = EDGE_CURVE ( 'NONE', #759, #1169, #284, .T. ) ;
#189 = CARTESIAN_POINT ( 'NONE',  ( -3.000000000000000000, -5.566555415731930800, -6.100603613679933090 ) ) ;
#190 = AXIS2_PLACEMENT_3D ( 'NONE', #1362, #1000, #536 ) ;
#191 = DIRECTION ( 'NONE',  ( 0.000000000000000000, -0.5326083528717366899, 0.8463618271467917564 ) ) ;
#192 = PLANE ( 'NONE',  #864 ) ;
#193 = EDGE_CURVE ( 'NONE', #862, #1063, #1007, .T. ) ;
#194 = CIRCLE ( 'NONE', #710, 6.649999999999989697 ) ;
#195 = ORIENTED_EDGE ( 'NONE', *, *, #1047, .T. ) ;
#196 = DIRECTION ( 'NONE',  ( -1.000000000000000000, 0.000000000000000000, 0.000000000000000000 ) ) ;
#197 = VECTOR ( 'NONE', #79, 1000.000000000000000 ) ;
#198 = ORIENTED_EDGE ( 'NONE', *, *, #919, .F. ) ;
#199 = AXIS2_PLACEMENT_3D ( 'NONE', #480, #984, #12 ) ;
#200 = MANIFOLD_SOLID_BREP ( '\X2\52079664\X0\-\X2\62c94f38\X0\6', #273 ) ;
#201 = DIRECTION ( 'NONE',  ( -1.000000000000000000, -0.000000000000000000, -0.000000000000000000 ) ) ;
#202 = EDGE_CURVE ( 'NONE', #72, #767, #1425, .T. ) ;
#203 = CARTESIAN_POINT ( 'NONE',  ( 2.999999999999996447, 3.673940397442063122E-15, -106.9999999999999858 ) ) ;
#204 = DIRECTION ( 'NONE',  ( 0.000000000000000000, -2.168404344971008868E-16, -1.000000000000000000 ) ) ;
#205 = ORIENTED_EDGE ( 'NONE', *, *, #1386, .T. ) ;
#206 = CARTESIAN_POINT ( 'NONE',  ( 3.000000000000000000, -2.999999999999994227, -69.99999999999998579 ) ) ;
#207 = EDGE_LOOP ( 'NONE', ( #946, #660, #1127, #1523, #1140 ) ) ;
#208 = ADVANCED_FACE ( 'NONE', ( #639 ), #683, .F. ) ;
#209 = CARTESIAN_POINT ( 'NONE',  ( 3.000000000000000000, 14.06896551724140032, -9.542756901161888905 ) ) ;
#210 = ORIENTED_EDGE ( 'NONE', *, *, #679, .T. ) ;
#211 = DIRECTION ( 'NONE',  ( -1.000000000000000000, -0.000000000000000000, -0.000000000000000000 ) ) ;
#212 = PLANE ( 'NONE',  #277 ) ;
#213 = VERTEX_POINT ( 'NONE', #789 ) ;
#214 = CARTESIAN_POINT ( 'NONE',  ( -3.000000000000000000, -12.00000000000000000, -16.27882059609969900 ) ) ;
#215 = ORIENTED_EDGE ( 'NONE', *, *, #1413, .F. ) ;
#216 = CARTESIAN_POINT ( 'NONE',  ( 3.000000000000000000, 8.143901214329860334E-16, -166.6500000000000057 ) ) ;
#217 = EDGE_CURVE ( 'NONE', #1312, #351, #432, .T. ) ;
#218 = ORIENTED_EDGE ( 'NONE', *, *, #1056, .F. ) ;
#219 = CIRCLE ( 'NONE', #961, 12.00000000000000000 ) ;
#220 = DIRECTION ( 'NONE',  ( 0.000000000000000000, 0.000000000000000000, 1.000000000000000000 ) ) ;
#221 = VECTOR ( 'NONE', #1551, 1000.000000000000000 ) ;
#222 = DIRECTION ( 'NONE',  ( 1.000000000000000000, 0.000000000000000000, 0.000000000000000000 ) ) ;
#223 = DIRECTION ( 'NONE',  ( 0.000000000000000000, 1.000000000000000000, 0.000000000000000000 ) ) ;
#224 = ORIENTED_EDGE ( 'NONE', *, *, #233, .T. ) ;
#225 = CIRCLE ( 'NONE', #47, 3.000000000000002665 ) ;
#226 = VECTOR ( 'NONE', #721, 1000.000000000000000 ) ;
#227 = DIRECTION ( 'NONE',  ( 0.000000000000000000, 0.000000000000000000, -1.000000000000000000 ) ) ;
#228 = CARTESIAN_POINT ( 'NONE',  ( 7.000000000000000000, 0.000000000000000000, 11.40000000000000036 ) ) ;
#229 = ADVANCED_FACE ( 'NONE', ( #918 ), #1282, .F. ) ;
#230 = ORIENTED_EDGE ( 'NONE', *, *, #1558, .T. ) ;
#231 = CARTESIAN_POINT ( 'NONE',  ( 3.000000000000000000, -2.500000000000000000, 8.750000000000000000 ) ) ;
#232 = EDGE_LOOP ( 'NONE', ( #1562, #1236, #1261, #688 ) ) ;
#233 = EDGE_CURVE ( 'NONE', #1472, #1169, #1013, .T. ) ;
#234 = PLANE ( 'NONE',  #482 ) ;
#235 = CARTESIAN_POINT ( 'NONE',  ( -3.000000000000000000, -2.999999999999993339, -30.00000000000000000 ) ) ;
#236 = DIRECTION ( 'NONE',  ( 0.000000000000000000, 0.000000000000000000, -1.000000000000000000 ) ) ;
#237 = CARTESIAN_POINT ( 'NONE',  ( 2.999999999999996447, 3.673940397442057600E-15, -67.00000000000000000 ) ) ;
#238 = EDGE_LOOP ( 'NONE', ( #1237, #1, #553, #156 ) ) ;
#239 = LINE ( 'NONE', #1074, #838 ) ;
#240 = EDGE_CURVE ( 'NONE', #1491, #334, #141, .T. ) ;
#241 = FACE_BOUND ( 'NONE', #725, .T. ) ;
#242 = ADVANCED_FACE ( 'NONE', ( #1159 ), #671, .T. ) ;
#243 = AXIS2_PLACEMENT_3D ( 'NONE', #894, #392, #385 ) ;
#244 = LINE ( 'NONE', #720, #294 ) ;
#245 = CARTESIAN_POINT ( 'NONE',  ( 3.000000000000000000, -17.00000000000000000, 0.000000000000000000 ) ) ;
#246 = EDGE_CURVE ( 'NONE', #1557, #1497, #554, .T. ) ;
#247 = ORIENTED_EDGE ( 'NONE', *, *, #576, .F. ) ;
#248 = AXIS2_PLACEMENT_3D ( 'NONE', #1291, #183, #310 ) ;
#249 = ORIENTED_EDGE ( 'NONE', *, *, #1173, .T. ) ;
#250 = AXIS2_PLACEMENT_3D ( 'NONE', #447, #1321, #223 ) ;
#251 = CARTESIAN_POINT ( 'NONE',  ( 3.000000000000000000, -4.494562646538029504, -5.481688299816489973 ) ) ;
#252 = AXIS2_PLACEMENT_3D ( 'NONE', #741, #613, #621 ) ;
#253 = FACE_BOUND ( 'NONE', #978, .T. ) ;
#254 = EDGE_CURVE ( 'NONE', #1333, #1417, #1287, .T. ) ;
#255 = CARTESIAN_POINT ( 'NONE',  ( -3.000000000000000000, 8.827722283113830670, -2.209936490538900067 ) ) ;
#256 = CARTESIAN_POINT ( 'NONE',  ( 7.000000000000000000, 8.066555415731903267, -1.770476594757727229 ) ) ;
#257 = ORIENTED_EDGE ( 'NONE', *, *, #714, .T. ) ;
#258 = ORIENTED_EDGE ( 'NONE', *, *, #928, .T. ) ;
#259 = ADVANCED_FACE ( 'NONE', ( #559 ), #83, .T. ) ;
#260 = CARTESIAN_POINT ( 'NONE',  ( -3.000000000000000000, 2.999999999999997780, -130.0000000000000000 ) ) ;
#261 = CARTESIAN_POINT ( 'NONE',  ( 2.999999999999996447, 2.999999999999997780, -90.00000000000001421 ) ) ;
#262 = DIRECTION ( 'NONE',  ( -1.000000000000000000, -0.000000000000000000, -0.000000000000000000 ) ) ;
#263 = PLANE ( 'NONE',  #736 ) ;
#264 = EDGE_CURVE ( 'NONE', #816, #1497, #1174, .T. ) ;
#265 = ORIENTED_EDGE ( 'NONE', *, *, #1028, .F. ) ;
#266 = ORIENTED_EDGE ( 'NONE', *, *, #747, .F. ) ;
#267 = DIRECTION ( 'NONE',  ( -1.000000000000000000, 0.000000000000000000, 0.000000000000000000 ) ) ;
#268 = DIRECTION ( 'NONE',  ( -1.000000000000000000, -0.000000000000000000, -0.000000000000000000 ) ) ;
#269 = DIRECTION ( 'NONE',  ( 1.000000000000000000, 0.000000000000000000, 0.000000000000000000 ) ) ;
#270 = DIRECTION ( 'NONE',  ( 0.000000000000000000, 0.8660254037844391517, 0.4999999999999991118 ) ) ;
#271 = CIRCLE ( 'NONE', #1404, 2.649999999999999467 ) ;
#272 = VERTEX_POINT ( 'NONE', #1536 ) ;
#273 = CLOSED_SHELL ( 'NONE', ( #81, #604, #460, #825, #545, #113, #1269, #1353, #981, #229, #259, #168, #1240, #142, #868, #1487, #1394, #483, #242, #317, #1080, #367, #1546, #384, #662, #1388, #764, #456, #829, #1508, #1212, #779, #7, #416, #1323, #1473, #1447, #398, #177, #798, #693, #208, #541, #1565, #1035, #359 ) ) ;
#274 = ORIENTED_EDGE ( 'NONE', *, *, #794, .T. ) ;
#275 = LINE ( 'NONE', #1135, #1430 ) ;
#276 = DIRECTION ( 'NONE',  ( -1.000000000000000000, 0.000000000000000000, 0.000000000000000000 ) ) ;
#277 = AXIS2_PLACEMENT_3D ( 'NONE', #1436, #1189, #204 ) ;
#278 = LINE ( 'NONE', #1480, #729 ) ;
#279 = CARTESIAN_POINT ( 'NONE',  ( -3.000000000000000000, 0.000000000000000000, -160.0000000000000000 ) ) ;
#280 = ORIENTED_EDGE ( 'NONE', *, *, #1316, .T. ) ;
#281 = VERTEX_POINT ( 'NONE', #1542 ) ;
#282 = CARTESIAN_POINT ( 'NONE',  ( -3.000000000000000000, -6.327722283113839552, -6.540063509461100821 ) ) ;
#283 = LINE ( 'NONE', #159, #1195 ) ;
#284 = LINE ( 'NONE', #1241, #657 ) ;
#285 = CYLINDRICAL_SURFACE ( 'NONE', #1200, 1.000000000000000222 ) ;
#286 = ORIENTED_EDGE ( 'NONE', *, *, #240, .T. ) ;
#287 = ORIENTED_EDGE ( 'NONE', *, *, #493, .T. ) ;
#288 = DIRECTION ( 'NONE',  ( 1.000000000000000000, 0.000000000000000000, 0.000000000000000000 ) ) ;
#289 = CARTESIAN_POINT ( 'NONE',  ( 3.000000000000000000, -3.994562646538029949, -6.347713703600931012 ) ) ;
#290 = EDGE_CURVE ( 'NONE', #402, #1217, #444, .T. ) ;
#291 = LINE ( 'NONE', #513, #1322 ) ;
#292 = DIRECTION ( 'NONE',  ( 0.000000000000000000, 0.000000000000000000, -1.000000000000000000 ) ) ;
#293 = ORIENTED_EDGE ( 'NONE', *, *, #1051, .F. ) ;
#294 = VECTOR ( 'NONE', #839, 1000.000000000000000 ) ;
#295 = ORIENTED_EDGE ( 'NONE', *, *, #636, .T. ) ;
#296 = VECTOR ( 'NONE', #130, 1000.000000000000000 ) ;
#297 = CARTESIAN_POINT ( 'NONE',  ( 2.999999999999996447, -2.999999999999996447, -50.00000000000000000 ) ) ;
#298 = DIRECTION ( 'NONE',  ( 0.000000000000000000, 0.000000000000000000, -1.000000000000000000 ) ) ;
#299 = DIRECTION ( 'NONE',  ( 0.000000000000000000, -1.000000000000000000, 0.000000000000000000 ) ) ;
#300 = VECTOR ( 'NONE', #1485, 1000.000000000000000 ) ;
#301 = EDGE_CURVE ( 'NONE', #633, #681, #1435, .T. ) ;
#302 = CIRCLE ( 'NONE', #48, 2.649999999999999467 ) ;
#303 = ORIENTED_EDGE ( 'NONE', *, *, #955, .F. ) ;
#304 = ORIENTED_EDGE ( 'NONE', *, *, #1400, .F. ) ;
#305 = DIRECTION ( 'NONE',  ( 0.000000000000000000, 0.8275862068965521567, -0.5613386412448169160 ) ) ;
#306 = DIRECTION ( 'NONE',  ( 1.000000000000000000, 0.000000000000000000, 0.000000000000000000 ) ) ;
#307 = DIRECTION ( 'NONE',  ( -1.000000000000000000, 0.000000000000000000, 0.000000000000000000 ) ) ;
#308 = ORIENTED_EDGE ( 'NONE', *, *, #877, .T. ) ;
#309 = VERTEX_POINT ( 'NONE', #424 ) ;
#310 = DIRECTION ( 'NONE',  ( 0.000000000000000000, 0.000000000000000000, -1.000000000000000000 ) ) ;
#311 = EDGE_CURVE ( 'NONE', #70, #213, #1463, .T. ) ;
#312 = CARTESIAN_POINT ( 'NONE',  ( 3.000000000000000000, -6.446152422706630247, -0.8349364905389020652 ) ) ;
#313 = CARTESIAN_POINT ( 'NONE',  ( -3.000000000000000000, -3.994562646538029949, -6.347713703600931012 ) ) ;
#314 = VERTEX_POINT ( 'NONE', #235 ) ;
#315 = DIRECTION ( 'NONE',  ( -1.000000000000000000, -0.000000000000000000, -0.000000000000000000 ) ) ;
#316 = ORIENTED_EDGE ( 'NONE', *, *, #857, .F. ) ;
#317 = ADVANCED_FACE ( 'NONE', ( #966, #241, #1102, #253, #462, #471 ), #362, .T. ) ;
#318 = FACE_OUTER_BOUND ( 'NONE', #699, .T. ) ;
#319 = VECTOR ( 'NONE', #211, 1000.000000000000000 ) ;
#320 =( NAMED_UNIT ( * ) PLANE_ANGLE_UNIT ( ) SI_UNIT ( $, .RADIAN. ) );
#321 = CYLINDRICAL_SURFACE ( 'NONE', #1411, 6.650000000000000355 ) ;
#322 = VECTOR ( 'NONE', #800, 1000.000000000000000 ) ;
#323 = AXIS2_PLACEMENT_3D ( 'NONE', #1011, #267, #9 ) ;
#324 = ORIENTED_EDGE ( 'NONE', *, *, #106, .T. ) ;
#325 = CARTESIAN_POINT ( 'NONE',  ( -3.000000000000000000, -14.06896551724140032, -9.542756901161899563 ) ) ;
#326 = AXIS2_PLACEMENT_3D ( 'NONE', #374, #348, #1209 ) ;
#327 = ORIENTED_EDGE ( 'NONE', *, *, #174, .T. ) ;
#328 = AXIS2_PLACEMENT_3D ( 'NONE', #1294, #672, #573 ) ;
#329 = DIRECTION ( 'NONE',  ( 0.000000000000000000, 0.000000000000000000, 1.000000000000000000 ) ) ;
#330 = ORIENTED_EDGE ( 'NONE', *, *, #85, .F. ) ;
#331 = DIRECTION ( 'NONE',  ( 0.000000000000000000, 0.000000000000000000, 1.000000000000000000 ) ) ;
#332 = EDGE_LOOP ( 'NONE', ( #674, #622, #1229, #896 ) ) ;
#333 = CARTESIAN_POINT ( 'NONE',  ( -3.000000000000000000, 3.673940397442057600E-15, -70.00000000000000000 ) ) ;
#334 = VERTEX_POINT ( 'NONE', #92 ) ;
#335 = EDGE_CURVE ( 'NONE', #98, #13, #603, .T. ) ;
#336 = CARTESIAN_POINT ( 'NONE',  ( -3.000000000000000000, 3.673940397442060756E-15, -27.00000000000000355 ) ) ;
#337 = VERTEX_POINT ( 'NONE', #849 ) ;
#338 = FACE_OUTER_BOUND ( 'NONE', #1306, .T. ) ;
#339 = CARTESIAN_POINT ( 'NONE',  ( 7.000000000000000000, 2.500000000000000000, 7.871080208437658321 ) ) ;
#340 = CYLINDRICAL_SURFACE ( 'NONE', #250, 12.00000000000000000 ) ;
#341 = ORIENTED_EDGE ( 'NONE', *, *, #943, .T. ) ;
#342 = LINE ( 'NONE', #963, #1018 ) ;
#343 = EDGE_CURVE ( 'NONE', #1114, #949, #836, .T. ) ;
#344 = CIRCLE ( 'NONE', #1348, 17.00000000000000000 ) ;
#345 = CARTESIAN_POINT ( 'NONE',  ( -3.000000000000000000, -12.00000000000000000, -12.04159457879229933 ) ) ;
#346 = AXIS2_PLACEMENT_3D ( 'NONE', #1293, #306, #298 ) ;
#347 = EDGE_LOOP ( 'NONE', ( #1268, #57, #584, #1580 ) ) ;
#348 = DIRECTION ( 'NONE',  ( 1.000000000000000000, 0.000000000000000000, 0.000000000000000000 ) ) ;
#349 = EDGE_CURVE ( 'NONE', #143, #86, #596, .T. ) ;
#350 = AXIS2_PLACEMENT_3D ( 'NONE', #1535, #438, #682 ) ;
#351 = VERTEX_POINT ( 'NONE', #581 ) ;
#352 = VECTOR ( 'NONE', #144, 1000.000000000000000 ) ;
#353 = AXIS2_PLACEMENT_3D ( 'NONE', #279, #1520, #895 ) ;
#354 = CARTESIAN_POINT ( 'NONE',  ( -3.000000000000000000, -2.999999999999996447, -50.00000000000000000 ) ) ;
#355 = PLANE ( 'NONE',  #1526 ) ;
#356 = SHAPE_DEFINITION_REPRESENTATION ( #565, #1396 ) ;
#357 = CARTESIAN_POINT ( 'NONE',  ( -3.000000000000000000, 0.000000000000000000, -50.00000000000000000 ) ) ;
#358 = LINE ( 'NONE', #488, #511 ) ;
#359 = ADVANCED_FACE ( 'NONE', ( #338 ), #492, .F. ) ;
#360 = ORIENTED_EDGE ( 'NONE', *, *, #812, .T. ) ;
#361 = CARTESIAN_POINT ( 'NONE',  ( 3.000000000000000000, -7.577722283113839552, -4.375000000000000000 ) ) ;
#362 = PLANE ( 'NONE',  #478 ) ;
#363 = EDGE_CURVE ( 'NONE', #564, #1509, #477, .T. ) ;
#364 = CARTESIAN_POINT ( 'NONE',  ( 3.000000000000000000, 0.000000000000000000, 11.40000000000000036 ) ) ;
#365 = CARTESIAN_POINT ( 'NONE',  ( 3.000000000000000000, -2.500000000000000000, 8.750000000000000000 ) ) ;
#366 = VERTEX_POINT ( 'NONE', #724 ) ;
#367 = ADVANCED_FACE ( 'NONE', ( #1571 ), #1449, .T. ) ;
#368 = ORIENTED_EDGE ( 'NONE', *, *, #32, .F. ) ;
#369 = EDGE_CURVE ( 'NONE', #8, #862, #980, .T. ) ;
#370 = LINE ( 'NONE', #26, #1065 ) ;
#371 = CARTESIAN_POINT ( 'NONE',  ( 7.000000000000000000, 0.000000000000000000, -160.0000000000000000 ) ) ;
#372 = VECTOR ( 'NONE', #1036, 1000.000000000000000 ) ;
#373 = FACE_OUTER_BOUND ( 'NONE', #1031, .T. ) ;
#374 = CARTESIAN_POINT ( 'NONE',  ( -3.000000000000000000, 0.000000000000000000, 0.000000000000000000 ) ) ;
#375 = AXIS2_PLACEMENT_3D ( 'NONE', #1067, #828, #1318 ) ;
#376 = EDGE_CURVE ( 'NONE', #1530, #1312, #629, .T. ) ;
#377 = ORIENTED_EDGE ( 'NONE', *, *, #137, .F. ) ;
#378 = AXIS2_PLACEMENT_3D ( 'NONE', #1068, #77, #1564 ) ;
#379 = ORIENTED_EDGE ( 'NONE', *, *, #707, .T. ) ;
#380 = VECTOR ( 'NONE', #42, 1000.000000000000000 ) ;
#381 = DIRECTION ( 'NONE',  ( 0.000000000000000000, 0.000000000000000000, -1.000000000000000000 ) ) ;
#382 = AXIS2_PLACEMENT_3D ( 'NONE', #908, #1504, #299 ) ;
#383 = CARTESIAN_POINT ( 'NONE',  ( 2.999999999999996447, 0.000000000000000000, -130.0000000000000000 ) ) ;
#384 = ADVANCED_FACE ( 'NONE', ( #1458 ), #355, .T. ) ;
#385 = DIRECTION ( 'NONE',  ( 0.000000000000000000, 0.000000000000000000, 1.000000000000000000 ) ) ;
#386 = DIRECTION ( 'NONE',  ( -1.000000000000000000, 0.000000000000000000, 0.000000000000000000 ) ) ;
#387 = ORIENTED_EDGE ( 'NONE', *, *, #290, .T. ) ;
#388 = ORIENTED_EDGE ( 'NONE', *, *, #808, .T. ) ;
#389 = DIRECTION ( 'NONE',  ( 0.000000000000000000, 0.8660254037844383745, -0.5000000000000003331 ) ) ;
#390 = EDGE_CURVE ( 'NONE', #6, #334, #1335, .T. ) ;
#391 = DIRECTION ( 'NONE',  ( 1.000000000000000000, 0.000000000000000000, 0.000000000000000000 ) ) ;
#392 = DIRECTION ( 'NONE',  ( -1.000000000000000000, -0.000000000000000000, -0.000000000000000000 ) ) ;
#393 = CARTESIAN_POINT ( 'NONE',  ( -10.82160000000000011, -3.994562646538029949, -6.347713703600931012 ) ) ;
#394 = ORIENTED_EDGE ( 'NONE', *, *, #1265, .T. ) ;
#395 = ORIENTED_EDGE ( 'NONE', *, *, #787, .F. ) ;
#396 = LINE ( 'NONE', #891, #663 ) ;
#397 = FACE_OUTER_BOUND ( 'NONE', #1190, .T. ) ;
#398 = ADVANCED_FACE ( 'NONE', ( #718 ), #1213, .F. ) ;
#399 = SURFACE_SIDE_STYLE ('',( #1494 ) ) ;
#400 = DIRECTION ( 'NONE',  ( -1.000000000000000000, -0.000000000000000000, -0.000000000000000000 ) ) ;
#401 = STYLED_ITEM ( 'NONE', ( #1406 ), #200 ) ;
#402 = VERTEX_POINT ( 'NONE', #115 ) ;
#403 = VECTOR ( 'NONE', #1043, 1000.000000000000000 ) ;
#404 = EDGE_LOOP ( 'NONE', ( #571, #1547, #265, #605 ) ) ;
#405 = FACE_OUTER_BOUND ( 'NONE', #902, .T. ) ;
#406 = CIRCLE ( 'NONE', #507, 2.999999999999995559 ) ;
#407 = AXIS2_PLACEMENT_3D ( 'NONE', #361, #485, #817 ) ;
#408 = DIRECTION ( 'NONE',  ( -1.000000000000000000, -0.000000000000000000, -0.000000000000000000 ) ) ;
#409 = VECTOR ( 'NONE', #695, 1000.000000000000000 ) ;
#410 = CIRCLE ( 'NONE', #788, 2.999999999999995559 ) ;
#411 = CYLINDRICAL_SURFACE ( 'NONE', #243, 3.000000000000002665 ) ;
#412 = FACE_OUTER_BOUND ( 'NONE', #1134, .T. ) ;
#413 = ORIENTED_EDGE ( 'NONE', *, *, #530, .T. ) ;
#414 = ORIENTED_EDGE ( 'NONE', *, *, #505, .F. ) ;
#415 = CARTESIAN_POINT ( 'NONE',  ( -3.000000000000000000, 2.500000000000000000, 6.633249580710800508 ) ) ;
#416 = ADVANCED_FACE ( 'NONE', ( #1469 ), #1584, .F. ) ;
#417 = DIRECTION ( 'NONE',  ( -1.000000000000000000, 0.000000000000000000, 0.000000000000000000 ) ) ;
#418 = CARTESIAN_POINT ( 'NONE',  ( 3.000000000000000000, 2.500000000000000000, 6.000000000000000000 ) ) ;
#419 = DIRECTION ( 'NONE',  ( 0.000000000000000000, 0.000000000000000000, -1.000000000000000000 ) ) ;
#420 = ORIENTED_EDGE ( 'NONE', *, *, #1374, .F. ) ;
#421 = ORIENTED_EDGE ( 'NONE', *, *, #935, .F. ) ;
#422 = DIRECTION ( 'NONE',  ( -1.000000000000000000, 0.000000000000000000, 0.000000000000000000 ) ) ;
#423 = CARTESIAN_POINT ( 'NONE',  ( -3.000000000000000000, 3.994562646538029949, -6.347713703600939894 ) ) ;
#424 = CARTESIAN_POINT ( 'NONE',  ( 3.000000000000000000, -2.656296005695405693, 6.096440890398810986 ) ) ;
#425 = FACE_OUTER_BOUND ( 'NONE', #1586, .T. ) ;
#426 = ORIENTED_EDGE ( 'NONE', *, *, #1496, .T. ) ;
#427 = EDGE_CURVE ( 'NONE', #441, #799, #867, .T. ) ;
#428 = VECTOR ( 'NONE', #597, 1000.000000000000000 ) ;
#429 = ORIENTED_EDGE ( 'NONE', *, *, #1361, .F. ) ;
#430 = VECTOR ( 'NONE', #1076, 1000.000000000000000 ) ;
#431 = DIRECTION ( 'NONE',  ( 1.000000000000000000, 0.000000000000000000, 0.000000000000000000 ) ) ;
#432 = LINE ( 'NONE', #203, #14 ) ;
#433 = DIRECTION ( 'NONE',  ( 0.000000000000000000, -1.000000000000000000, 1.734723475976806848E-16 ) ) ;
#434 = CIRCLE ( 'NONE', #407, 2.649999999999999467 ) ;
#435 = CIRCLE ( 'NONE', #841, 17.00000000000000000 ) ;
#436 = EDGE_LOOP ( 'NONE', ( #1544, #1187, #1384, #1277 ) ) ;
#437 = ORIENTED_EDGE ( 'NONE', *, *, #1111, .F. ) ;
#438 = DIRECTION ( 'NONE',  ( -1.000000000000000000, -0.000000000000000000, -0.000000000000000000 ) ) ;
#439 = SURFACE_STYLE_USAGE ( .BOTH. , #399 ) ;
#440 = DIRECTION ( 'NONE',  ( -1.000000000000000000, -0.000000000000000000, -0.000000000000000000 ) ) ;
#441 = VERTEX_POINT ( 'NONE', #1232 ) ;
#442 = ORIENTED_EDGE ( 'NONE', *, *, #1235, .F. ) ;
#443 = LINE ( 'NONE', #1423, #322 ) ;
#444 = LINE ( 'NONE', #1057, #221 ) ;
#445 = DIRECTION ( 'NONE',  ( 0.000000000000000000, 0.000000000000000000, 1.000000000000000000 ) ) ;
#446 = ORIENTED_EDGE ( 'NONE', *, *, #742, .T. ) ;
#447 = CARTESIAN_POINT ( 'NONE',  ( -18.03600000000000136, -24.00000000000000000, -16.27882059609969900 ) ) ;
#448 = EDGE_LOOP ( 'NONE', ( #1108, #140, #324, #442 ) ) ;
#449 = FACE_OUTER_BOUND ( 'NONE', #232, .T. ) ;
#450 = ORIENTED_EDGE ( 'NONE', *, *, #649, .F. ) ;
#451 = DIRECTION ( 'NONE',  ( 0.000000000000000000, -0.8660254037844387076, -0.4999999999999998890 ) ) ;
#452 = DIRECTION ( 'NONE',  ( 1.000000000000000000, 0.000000000000000000, 0.000000000000000000 ) ) ;
#453 = AXIS2_PLACEMENT_3D ( 'NONE', #1475, #1231, #651 ) ;
#454 = ORIENTED_EDGE ( 'NONE', *, *, #1252, .T. ) ;
#455 = CARTESIAN_POINT ( 'NONE',  ( -3.000000000000000000, 17.00000000000000000, -2.081899558550500280E-15 ) ) ;
#456 = ADVANCED_FACE ( 'NONE', ( #644 ), #754, .F. ) ;
#457 = AXIS2_PLACEMENT_3D ( 'NONE', #810, #307, #1044 ) ;
#458 = ORIENTED_EDGE ( 'NONE', *, *, #97, .F. ) ;
#459 = DIRECTION ( 'NONE',  ( 0.000000000000000000, 0.000000000000000000, 1.000000000000000000 ) ) ;
#460 = ADVANCED_FACE ( 'NONE', ( #397 ), #153, .F. ) ;
#461 = ORIENTED_EDGE ( 'NONE', *, *, #470, .F. ) ;
#462 = FACE_BOUND ( 'NONE', #744, .T. ) ;
#463 = CARTESIAN_POINT ( 'NONE',  ( -3.000000000000000000, -2.999999999999994227, -69.99999999999998579 ) ) ;
#464 = EDGE_LOOP ( 'NONE', ( #517, #1454, #1554, #450 ) ) ;
#465 = CARTESIAN_POINT ( 'NONE',  ( 3.000000000000000000, -7.494562646538029504, -0.2855358771098639448 ) ) ;
#466 = EDGE_LOOP ( 'NONE', ( #1210, #1308, #824, #1107 ) ) ;
#467 = EDGE_CURVE ( 'NONE', #1198, #6, #1192, .T. ) ;
#468 = DIRECTION ( 'NONE',  ( 0.000000000000000000, -1.734723475976806848E-16, -1.000000000000000000 ) ) ;
#469 = EDGE_LOOP ( 'NONE', ( #1299, #563, #198, #897 ) ) ;
#470 = EDGE_CURVE ( 'NONE', #1437, #523, #757, .T. ) ;
#471 = FACE_OUTER_BOUND ( 'NONE', #1133, .T. ) ;
#472 = ORIENTED_EDGE ( 'NONE', *, *, #770, .T. ) ;
#473 = CYLINDRICAL_SURFACE ( 'NONE', #326, 17.00000000000000000 ) ;
#474 = VERTEX_POINT ( 'NONE', #136 ) ;
#475 = FACE_OUTER_BOUND ( 'NONE', #1104, .T. ) ;
#476 = AXIS2_PLACEMENT_3D ( 'NONE', #1397, #1275, #990 ) ;
#477 = LINE ( 'NONE', #1199, #67 ) ;
#478 = AXIS2_PLACEMENT_3D ( 'NONE', #1188, #1563, #109 ) ;
#479 = ORIENTED_EDGE ( 'NONE', *, *, #1222, .F. ) ;
#480 = CARTESIAN_POINT ( 'NONE',  ( -3.000000000000000000, 0.000000000000000000, -160.0000000000000000 ) ) ;
#481 = ORIENTED_EDGE ( 'NONE', *, *, #467, .F. ) ;
#482 = AXIS2_PLACEMENT_3D ( 'NONE', #1440, #1569, #468 ) ;
#483 = ADVANCED_FACE ( 'NONE', ( #746 ), #20, .F. ) ;
#484 = AXIS2_PLACEMENT_3D ( 'NONE', #1452, #1465, #1481 ) ;
#485 = DIRECTION ( 'NONE',  ( 1.000000000000000000, 0.000000000000000000, 0.000000000000000000 ) ) ;
#486 = CARTESIAN_POINT ( 'NONE',  ( -3.000000000000000000, 12.00000000000000000, -160.0000000000000000 ) ) ;
#487 = ORIENTED_EDGE ( 'NONE', *, *, #903, .F. ) ;
#488 = CARTESIAN_POINT ( 'NONE',  ( 2.999999999999996447, -2.999999999999994227, -69.99999999999998579 ) ) ;
#489 = EDGE_CURVE ( 'NONE', #337, #309, #1006, .T. ) ;
#490 = ORIENTED_EDGE ( 'NONE', *, *, #1028, .T. ) ;
#491 = CARTESIAN_POINT ( 'NONE',  ( 2.999999999999996447, 3.673940397442060756E-15, -30.00000000000000000 ) ) ;
#492 = PLANE ( 'NONE',  #375 ) ;
#493 = EDGE_CURVE ( 'NONE', #1075, #1284, #1500, .T. ) ;
#494 = EDGE_LOOP ( 'NONE', ( #1045, #904, #257, #847 ) ) ;
#495 = DIRECTION ( 'NONE',  ( 0.000000000000000000, -1.000000000000000000, 0.000000000000000000 ) ) ;
#496 = ORIENTED_EDGE ( 'NONE', *, *, #751, .T. ) ;
#497 = ORIENTED_EDGE ( 'NONE', *, *, #787, .T. ) ;
#498 = CARTESIAN_POINT ( 'NONE',  ( -3.000000000000000000, 3.000000000000001332, -70.00000000000000000 ) ) ;
#499 = CARTESIAN_POINT ( 'NONE',  ( 2.999999999999996447, 0.000000000000000000, -50.00000000000000000 ) ) ;
#500 = VECTOR ( 'NONE', #620, 1000.000000000000114 ) ;
#501 = CARTESIAN_POINT ( 'NONE',  ( -3.000000000000000000, 3.000000000000000444, -30.00000000000000355 ) ) ;
#502 = CARTESIAN_POINT ( 'NONE',  ( 3.000000000000000000, -3.500000000000000000, 6.633249580710800508 ) ) ;
#503 = AXIS2_PLACEMENT_3D ( 'NONE', #1110, #1378, #1119 ) ;
#504 = ORIENTED_EDGE ( 'NONE', *, *, #655, .T. ) ;
#505 = EDGE_CURVE ( 'NONE', #441, #272, #1167, .T. ) ;
#506 =( GEOMETRIC_REPRESENTATION_CONTEXT ( 3 ) GLOBAL_UNCERTAINTY_ASSIGNED_CONTEXT ( ( #1129 ) ) GLOBAL_UNIT_ASSIGNED_CONTEXT ( ( #1288, #982, #1572 ) ) REPRESENTATION_CONTEXT ( 'NONE', 'WORKASPACE' ) );
#507 = AXIS2_PLACEMENT_3D ( 'NONE', #1055, #1541, #1171 ) ;
#508 = ORIENTED_EDGE ( 'NONE', *, *, #335, .T. ) ;
#509 = CIRCLE ( 'NONE', #1123, 3.000000000000002665 ) ;
#510 = DIRECTION ( 'NONE',  ( -1.000000000000000000, -0.000000000000000000, -0.000000000000000000 ) ) ;
#511 = VECTOR ( 'NONE', #1105, 1000.000000000000000 ) ;
#512 = DIRECTION ( 'NONE',  ( 1.000000000000000000, 0.000000000000000000, 0.000000000000000000 ) ) ;
#513 = CARTESIAN_POINT ( 'NONE',  ( 2.999999999999996447, 2.999999999999997780, -130.0000000000000000 ) ) ;
#514 = DIRECTION ( 'NONE',  ( -1.000000000000000000, -0.000000000000000000, -0.000000000000000000 ) ) ;
#515 = EDGE_LOOP ( 'NONE', ( #508, #1429, #1124, #454 ) ) ;
#516 = EDGE_CURVE ( 'NONE', #1149, #816, #119, .T. ) ;
#517 = ORIENTED_EDGE ( 'NONE', *, *, #202, .F. ) ;
#518 = CARTESIAN_POINT ( 'NONE',  ( 2.999999999999996447, 2.999999999999996447, -50.00000000000000000 ) ) ;
#519 = CARTESIAN_POINT ( 'NONE',  ( 3.000000000000000000, 3.500000000000000000, 6.633249580710800508 ) ) ;
#520 = EDGE_CURVE ( 'NONE', #1376, #816, #1219, .T. ) ;
#521 = LINE ( 'NONE', #875, #932 ) ;
#522 = DIRECTION ( 'NONE',  ( -1.000000000000000000, -0.000000000000000000, -0.000000000000000000 ) ) ;
#523 = VERTEX_POINT ( 'NONE', #1486 ) ;
#524 = EDGE_LOOP ( 'NONE', ( #623, #437, #1146, #110 ) ) ;
#525 = LINE ( 'NONE', #1263, #1197 ) ;
#526 = CARTESIAN_POINT ( 'NONE',  ( 7.000000000000000000, 0.000000000000000000, 8.750000000000001776 ) ) ;
#527 = DIRECTION ( 'NONE',  ( 0.000000000000000000, 0.000000000000000000, -1.000000000000000000 ) ) ;
#528 = CARTESIAN_POINT ( 'NONE',  ( 3.000000000000000000, 0.000000000000000000, -160.0000000000000000 ) ) ;
#529 = ORIENTED_EDGE ( 'NONE', *, *, #1522, .F. ) ;
#530 = EDGE_CURVE ( 'NONE', #402, #887, #855, .T. ) ;
#531 = ORIENTED_EDGE ( 'NONE', *, *, #66, .F. ) ;
#532 = CARTESIAN_POINT ( 'NONE',  ( 3.000000000000000000, -2.999999999999993339, -30.00000000000000000 ) ) ;
#533 = VECTOR ( 'NONE', #1179, 1000.000000000000000 ) ;
#534 = EDGE_CURVE ( 'NONE', #954, #564, #15, .T. ) ;
#535 = AXIS2_PLACEMENT_3D ( 'NONE', #972, #1064, #595 ) ;
#536 = DIRECTION ( 'NONE',  ( 0.000000000000000000, 0.000000000000000000, -1.000000000000000000 ) ) ;
#537 = VECTOR ( 'NONE', #1357, 1000.000000000000000 ) ;
#538 = FACE_OUTER_BOUND ( 'NONE', #404, .T. ) ;
#539 = LINE ( 'NONE', #628, #1255 ) ;
#540 = VERTEX_POINT ( 'NONE', #771 ) ;
#541 = ADVANCED_FACE ( 'NONE', ( #989 ), #1258, .F. ) ;
#542 = VERTEX_POINT ( 'NONE', #145 ) ;
#543 = DIRECTION ( 'NONE',  ( 0.000000000000000000, 0.8275862068965521567, -0.5613386412448169160 ) ) ;
#544 = DIRECTION ( 'NONE',  ( 0.000000000000000000, -0.5326083528717366899, 0.8463618271467917564 ) ) ;
#545 = ADVANCED_FACE ( 'NONE', ( #638 ), #35, .F. ) ;
#546 = FACE_OUTER_BOUND ( 'NONE', #150, .T. ) ;
#547 = ORIENTED_EDGE ( 'NONE', *, *, #369, .F. ) ;
#548 = ORIENTED_EDGE ( 'NONE', *, *, #1100, .F. ) ;
#549 = EDGE_CURVE ( 'NONE', #1410, #213, #283, .T. ) ;
#550 = LINE ( 'NONE', #689, #533 ) ;
#551 = DIRECTION ( 'NONE',  ( 0.000000000000000000, -0.4999999999999998890, 0.8660254037844387076 ) ) ;
#552 = CARTESIAN_POINT ( 'NONE',  ( 7.000000000000000000, 5.566555415731929024, -6.100603613679929538 ) ) ;
#553 = ORIENTED_EDGE ( 'NONE', *, *, #857, .T. ) ;
#554 = CIRCLE ( 'NONE', #346, 6.650000000000000355 ) ;
#555 = ORIENTED_EDGE ( 'NONE', *, *, #470, .T. ) ;
#556 = AXIS2_PLACEMENT_3D ( 'NONE', #1142, #882, #27 ) ;
#557 = CARTESIAN_POINT ( 'NONE',  ( 3.000000000000000000, 4.494562646538029504, -5.481688299816499743 ) ) ;
#558 = CIRCLE ( 'NONE', #1016, 3.000000000000002665 ) ;
#559 = FACE_OUTER_BOUND ( 'NONE', #448, .T. ) ;
#560 = DIRECTION ( 'NONE',  ( 1.000000000000000000, 0.000000000000000000, 0.000000000000000000 ) ) ;
#561 = VECTOR ( 'NONE', #898, 1000.000000000000000 ) ;
#562 = AXIS2_PLACEMENT_3D ( 'NONE', #23, #1407, #292 ) ;
#563 = ORIENTED_EDGE ( 'NONE', *, *, #1216, .F. ) ;
#564 = VERTEX_POINT ( 'NONE', #189 ) ;
#565 = PRODUCT_DEFINITION_SHAPE ( 'NONE', 'NONE',  #1383 ) ;
#566 = CARTESIAN_POINT ( 'NONE',  ( 3.000000000000000000, -6.607820686603295357, -0.7478006242960484329 ) ) ;
#567 = DIRECTION ( 'NONE',  ( -1.000000000000000000, 0.000000000000000000, 0.000000000000000000 ) ) ;
#568 = FACE_OUTER_BOUND ( 'NONE', #976, .T. ) ;
#569 = ORIENTED_EDGE ( 'NONE', *, *, #1235, .T. ) ;
#570 = DIRECTION ( 'NONE',  ( 0.000000000000000000, 0.000000000000000000, 1.000000000000000000 ) ) ;
#571 = ORIENTED_EDGE ( 'NONE', *, *, #903, .T. ) ;
#572 = DIRECTION ( 'NONE',  ( 0.000000000000000000, 1.734723475976806848E-16, 1.000000000000000000 ) ) ;
#573 = DIRECTION ( 'NONE',  ( 0.000000000000000000, 1.000000000000000000, 0.000000000000000000 ) ) ;
#574 = ORIENTED_EDGE ( 'NONE', *, *, #1336, .F. ) ;
#575 = DIRECTION ( 'NONE',  ( 0.000000000000000000, -0.5000000000000002220, -0.8660254037844385966 ) ) ;
#576 = EDGE_CURVE ( 'NONE', #735, #102, #1090, .T. ) ;
#577 = ORIENTED_EDGE ( 'NONE', *, *, #955, .T. ) ;
#578 = CARTESIAN_POINT ( 'NONE',  ( 3.000000000000000000, 12.00000000000000000, -16.27882059609969900 ) ) ;
#579 = VECTOR ( 'NONE', #184, 1000.000000000000114 ) ;
#580 = ORIENTED_EDGE ( 'NONE', *, *, #427, .T. ) ;
#581 = CARTESIAN_POINT ( 'NONE',  ( -3.000000000000000000, 3.673940397442063122E-15, -106.9999999999999858 ) ) ;
#582 = LINE ( 'NONE', #69, #1194 ) ;
#583 = CIRCLE ( 'NONE', #1478, 6.650000000000000355 ) ;
#584 = ORIENTED_EDGE ( 'NONE', *, *, #914, .F. ) ;
#585 = DIRECTION ( 'NONE',  ( 1.000000000000000000, 0.000000000000000000, 0.000000000000000000 ) ) ;
#586 = AXIS2_PLACEMENT_3D ( 'NONE', #781, #514, #155 ) ;
#587 = ORIENTED_EDGE ( 'NONE', *, *, #335, .F. ) ;
#588 = EDGE_CURVE ( 'NONE', #768, #314, #1272, .T. ) ;
#589 = DIRECTION ( 'NONE',  ( 1.000000000000000000, 0.000000000000000000, 0.000000000000000000 ) ) ;
#590 = ORIENTED_EDGE ( 'NONE', *, *, #534, .F. ) ;
#591 = DIRECTION ( 'NONE',  ( 0.000000000000000000, 0.000000000000000000, 1.000000000000000000 ) ) ;
#592 = DIRECTION ( 'NONE',  ( 0.000000000000000000, 0.8275862068965521567, -0.5613386412448169160 ) ) ;
#593 = LINE ( 'NONE', #111, #226 ) ;
#594 = ORIENTED_EDGE ( 'NONE', *, *, #977, .T. ) ;
#595 = DIRECTION ( 'NONE',  ( 0.000000000000000000, 0.000000000000000000, -1.000000000000000000 ) ) ;
#596 = LINE ( 'NONE', #957, #1247 ) ;
#597 = DIRECTION ( 'NONE',  ( 0.000000000000000000, 1.734723475976806848E-16, 1.000000000000000000 ) ) ;
#598 = CARTESIAN_POINT ( 'NONE',  ( 2.000000000000000000, -6.607820686603295357, -0.7478006242960484329 ) ) ;
#599 = ORIENTED_EDGE ( 'NONE', *, *, #349, .F. ) ;
#600 = FACE_OUTER_BOUND ( 'NONE', #1391, .T. ) ;
#601 = PRESENTATION_LAYER_ASSIGNMENT (  '', '', ( #401 ) ) ;
#602 = VECTOR ( 'NONE', #1022, 1000.000000000000000 ) ;
#603 = LINE ( 'NONE', #486, #1118 ) ;
#604 = ADVANCED_FACE ( 'NONE', ( #449 ), #1518, .F. ) ;
#605 = ORIENTED_EDGE ( 'NONE', *, *, #1265, .F. ) ;
#606 = LINE ( 'NONE', #1096, #147 ) ;
#607 = AXIS2_PLACEMENT_3D ( 'NONE', #1412, #167, #305 ) ;
#608 = AXIS2_PLACEMENT_3D ( 'NONE', #465, #585, #1510 ) ;
#609 = ORIENTED_EDGE ( 'NONE', *, *, #673, .T. ) ;
#610 = DIRECTION ( 'NONE',  ( -1.000000000000000000, -0.000000000000000000, -0.000000000000000000 ) ) ;
#611 = DIRECTION ( 'NONE',  ( 0.000000000000000000, -1.734723475976806848E-16, -1.000000000000000000 ) ) ;
#612 = VERTEX_POINT ( 'NONE', #807 ) ;
#613 = DIRECTION ( 'NONE',  ( -1.000000000000000000, 0.000000000000000000, 0.000000000000000000 ) ) ;
#614 = VERTEX_POINT ( 'NONE', #937 ) ;
#615 = ORIENTED_EDGE ( 'NONE', *, *, #264, .F. ) ;
#616 = LINE ( 'NONE', #152, #1093 ) ;
#617 = DIRECTION ( 'NONE',  ( 0.000000000000000000, 0.000000000000000000, 1.000000000000000000 ) ) ;
#618 = PRODUCT_CONTEXT ( 'NONE', #1319, 'mechanical' ) ;
#619 = EDGE_CURVE ( 'NONE', #1317, #351, #558, .T. ) ;
#620 = DIRECTION ( 'NONE',  ( 0.000000000000000000, -0.8660254037844383745, 0.5000000000000003331 ) ) ;
#621 = DIRECTION ( 'NONE',  ( 0.000000000000000000, -0.4666666666666697827, -0.8844332774281049581 ) ) ;
#622 = ORIENTED_EDGE ( 'NONE', *, *, #363, .T. ) ;
#623 = ORIENTED_EDGE ( 'NONE', *, *, #943, .F. ) ;
#624 = CARTESIAN_POINT ( 'NONE',  ( -3.000000000000000000, -3.500000000000000000, 6.633249580710800508 ) ) ;
#625 = DIRECTION ( 'NONE',  ( 0.000000000000000000, 0.000000000000000000, 1.000000000000000000 ) ) ;
#626 = VECTOR ( 'NONE', #262, 1000.000000000000000 ) ;
#627 = DIRECTION ( 'NONE',  ( 0.000000000000000000, 0.000000000000000000, 1.000000000000000000 ) ) ;
#628 = CARTESIAN_POINT ( 'NONE',  ( 3.000000000000000000, -12.00000000000000000, -16.27882059609969900 ) ) ;
#629 = CIRCLE ( 'NONE', #1405, 3.000000000000002665 ) ;
#630 = EDGE_CURVE ( 'NONE', #814, #819, #550, .T. ) ;
#631 = ORIENTED_EDGE ( 'NONE', *, *, #188, .F. ) ;
#632 = CIRCLE ( 'NONE', #535, 6.649999999999989697 ) ;
#633 = VERTEX_POINT ( 'NONE', #906 ) ;
#634 = VECTOR ( 'NONE', #510, 1000.000000000000000 ) ;
#635 = CARTESIAN_POINT ( 'NONE',  ( 3.000000000000000000, 7.494562646538029504, -0.2855358771098679971 ) ) ;
#636 = EDGE_CURVE ( 'NONE', #776, #86, #406, .T. ) ;
#637 = VECTOR ( 'NONE', #400, 1000.000000000000000 ) ;
#638 = FACE_OUTER_BOUND ( 'NONE', #832, .T. ) ;
#639 = FACE_OUTER_BOUND ( 'NONE', #469, .T. ) ;
#640 = DIRECTION ( 'NONE',  ( 0.000000000000000000, 0.5000000000000003331, 0.8660254037844384856 ) ) ;
#641 = EDGE_LOOP ( 'NONE', ( #63, #304 ) ) ;
#642 = ORIENTED_EDGE ( 'NONE', *, *, #645, .F. ) ;
#643 = FACE_OUTER_BOUND ( 'NONE', #332, .T. ) ;
#644 = FACE_OUTER_BOUND ( 'NONE', #51, .T. ) ;
#645 = EDGE_CURVE ( 'NONE', #1217, #86, #1158, .T. ) ;
#646 = DIRECTION ( 'NONE',  ( 1.000000000000000000, 0.000000000000000000, 0.000000000000000000 ) ) ;
#647 = CARTESIAN_POINT ( 'NONE',  ( -3.000000000000000000, -2.999999999999997780, -130.0000000000000000 ) ) ;
#648 = VERTEX_POINT ( 'NONE', #566 ) ;
#649 = EDGE_CURVE ( 'NONE', #767, #949, #837, .T. ) ;
#650 = ORIENTED_EDGE ( 'NONE', *, *, #919, .T. ) ;
#651 = DIRECTION ( 'NONE',  ( 0.000000000000000000, -0.8275862068965516016, 0.5613386412448176932 ) ) ;
#652 = DIRECTION ( 'NONE',  ( 0.000000000000000000, -0.8660254037844380415, 0.5000000000000011102 ) ) ;
#653 = EDGE_CURVE ( 'NONE', #124, #1540, #443, .T. ) ;
#654 = CARTESIAN_POINT ( 'NONE',  ( 3.000000000000000000, 7.577722283113839552, -4.375000000000000000 ) ) ;
#655 = EDGE_CURVE ( 'NONE', #887, #1026, #82, .T. ) ;
#656 = CARTESIAN_POINT ( 'NONE',  ( 2.999999999999996447, 0.000000000000000000, -50.00000000000000000 ) ) ;
#657 = VECTOR ( 'NONE', #1371, 1000.000000000000000 ) ;
#658 = ORIENTED_EDGE ( 'NONE', *, *, #914, .T. ) ;
#659 = AXIS2_PLACEMENT_3D ( 'NONE', #345, #1329, #973 ) ;
#660 = ORIENTED_EDGE ( 'NONE', *, *, #55, .F. ) ;
#661 = LINE ( 'NONE', #52, #561 ) ;
#662 = ADVANCED_FACE ( 'NONE', ( #318 ), #1548, .F. ) ;
#663 = VECTOR ( 'NONE', #1245, 1000.000000000000000 ) ;
#664 = DIRECTION ( 'NONE',  ( 1.000000000000000000, 0.000000000000000000, 0.000000000000000000 ) ) ;
#665 = CIRCLE ( 'NONE', #252, 1.000000000000000222 ) ;
#666 = FACE_OUTER_BOUND ( 'NONE', #752, .T. ) ;
#667 = CARTESIAN_POINT ( 'NONE',  ( 3.000000000000000000, 2.500000000000000000, 6.633249580710800508 ) ) ;
#668 = ORIENTED_EDGE ( 'NONE', *, *, #928, .F. ) ;
#669 = EDGE_LOOP ( 'NONE', ( #1244, #1422, #1474, #1176 ) ) ;
#670 = CARTESIAN_POINT ( 'NONE',  ( -18.03600000000000136, 24.00000000000000000, -16.27882059609969900 ) ) ;
#671 = CYLINDRICAL_SURFACE ( 'NONE', #43, 1.000000000000000666 ) ;
#672 = DIRECTION ( 'NONE',  ( 1.000000000000000000, 0.000000000000000000, 0.000000000000000000 ) ) ;
#673 = EDGE_CURVE ( 'NONE', #1516, #782, #1524, .T. ) ;
#674 = ORIENTED_EDGE ( 'NONE', *, *, #835, .F. ) ;
#675 = ORIENTED_EDGE ( 'NONE', *, *, #1205, .T. ) ;
#676 = CARTESIAN_POINT ( 'NONE',  ( -3.000000000000000000, 3.951524680907882559, -5.348640266102766105 ) ) ;
#677 = CARTESIAN_POINT ( 'NONE',  ( 10.82160000000000011, -7.494562646538029504, -0.2855358771098639448 ) ) ;
#678 = EDGE_LOOP ( 'NONE', ( #420, #218, #341, #783, #797 ) ) ;
#679 = EDGE_CURVE ( 'NONE', #337, #540, #936, .T. ) ;
#680 = AXIS2_PLACEMENT_3D ( 'NONE', #1459, #830, #850 ) ;
#681 = VERTEX_POINT ( 'NONE', #778 ) ;
#682 = DIRECTION ( 'NONE',  ( 0.000000000000000000, 0.000000000000000000, 1.000000000000000000 ) ) ;
#683 = PLANE ( 'NONE',  #833 ) ;
#684 = DIRECTION ( 'NONE',  ( 0.000000000000000000, -1.734723475976806848E-16, -1.000000000000000000 ) ) ;
#685 = VECTOR ( 'NONE', #1060, 1000.000000000000000 ) ;
#686 = EDGE_LOOP ( 'NONE', ( #1408, #944, #274, #107 ) ) ;
#687 = CARTESIAN_POINT ( 'NONE',  ( 2.999999999999996447, 2.999999999999997780, -130.0000000000000000 ) ) ;
#688 = ORIENTED_EDGE ( 'NONE', *, *, #994, .F. ) ;
#689 = CARTESIAN_POINT ( 'NONE',  ( 7.000000000000000000, -2.500000000000000000, 7.871080208437658321 ) ) ;
#690 = DIRECTION ( 'NONE',  ( -1.000000000000000000, -0.000000000000000000, -0.000000000000000000 ) ) ;
#691 = APPLICATION_CONTEXT ( 'automotive_design' ) ;
#692 = CARTESIAN_POINT ( 'NONE',  ( -10.82160000000000011, 7.494562646538029504, -0.2855358771098679971 ) ) ;
#693 = ADVANCED_FACE ( 'NONE', ( #1029 ), #74, .F. ) ;
#694 = ORIENTED_EDGE ( 'NONE', *, *, #549, .F. ) ;
#695 = DIRECTION ( 'NONE',  ( 1.000000000000000000, 0.000000000000000000, 0.000000000000000000 ) ) ;
#696 = EDGE_LOOP ( 'NONE', ( #134, #960, #61, #127, #971 ) ) ;
#697 = EDGE_CURVE ( 'NONE', #703, #366, #1476, .T. ) ;
#698 = CARTESIAN_POINT ( 'NONE',  ( 7.000000000000000000, 0.000000000000000000, 8.750000000000001776 ) ) ;
#699 = EDGE_LOOP ( 'NONE', ( #1161, #157, #743, #258 ) ) ;
#700 = DIRECTION ( 'NONE',  ( 0.000000000000000000, -0.8660254037844387076, -0.4999999999999998890 ) ) ;
#701 = ORIENTED_EDGE ( 'NONE', *, *, #1230, .F. ) ;
#702 = CARTESIAN_POINT ( 'NONE',  ( 3.000000000000000000, 0.000000000000000000, 0.000000000000000000 ) ) ;
#703 = VERTEX_POINT ( 'NONE', #676 ) ;
#704 = COLOUR_RGB ( '',0.7921568627450980005, 0.8196078431372548767, 0.9333333333333333481 ) ;
#705 = FACE_BOUND ( 'NONE', #696, .T. ) ;
#706 = AXIS2_PLACEMENT_3D ( 'NONE', #1136, #512, #899 ) ;
#707 = EDGE_CURVE ( 'NONE', #523, #614, #19, .T. ) ;
#708 = ORIENTED_EDGE ( 'NONE', *, *, #534, .T. ) ;
#709 = DIRECTION ( 'NONE',  ( 1.000000000000000000, 0.000000000000000000, 0.000000000000000000 ) ) ;
#710 = AXIS2_PLACEMENT_3D ( 'NONE', #1307, #2, #227 ) ;
#711 = CARTESIAN_POINT ( 'NONE',  ( 2.999999999999996447, 3.673940397442060756E-15, -27.00000000000000355 ) ) ;
#712 = DIRECTION ( 'NONE',  ( 0.000000000000000000, 0.000000000000000000, -1.000000000000000000 ) ) ;
#713 = CIRCLE ( 'NONE', #1560, 1.000000000000000000 ) ;
#714 = EDGE_CURVE ( 'NONE', #1333, #366, #1163, .T. ) ;
#715 = ORIENTED_EDGE ( 'NONE', *, *, #1147, .F. ) ;
#716 = AXIS2_PLACEMENT_3D ( 'NONE', #1050, #951, #1443 ) ;
#717 = CARTESIAN_POINT ( 'NONE',  ( 2.999999999999996447, -2.999999999999996447, -50.00000000000000000 ) ) ;
#718 = FACE_OUTER_BOUND ( 'NONE', #842, .T. ) ;
#719 = CARTESIAN_POINT ( 'NONE',  ( 0.000000000000000000, 0.000000000000000000, 0.000000000000000000 ) ) ;
#720 = CARTESIAN_POINT ( 'NONE',  ( 2.999999999999996447, 3.673940397442060756E-15, -27.00000000000000355 ) ) ;
#721 = DIRECTION ( 'NONE',  ( -1.000000000000000000, 0.000000000000000000, 0.000000000000000000 ) ) ;
#722 = ORIENTED_EDGE ( 'NONE', *, *, #1222, .T. ) ;
#723 = DIRECTION ( 'NONE',  ( 0.000000000000000000, -1.000000000000000000, 0.000000000000000000 ) ) ;
#724 = CARTESIAN_POINT ( 'NONE',  ( -3.000000000000000000, 4.494562646538029504, -5.481688299816499743 ) ) ;
#725 = EDGE_LOOP ( 'NONE', ( #1381, #650, #56, #1401, #827 ) ) ;
#726 = DIRECTION ( 'NONE',  ( -1.000000000000000000, -0.000000000000000000, -0.000000000000000000 ) ) ;
#727 = ORIENTED_EDGE ( 'NONE', *, *, #1483, .T. ) ;
#728 = DIRECTION ( 'NONE',  ( -1.000000000000000000, 0.000000000000000000, 0.000000000000000000 ) ) ;
#729 = VECTOR ( 'NONE', #1023, 1000.000000000000000 ) ;
#730 = DIRECTION ( 'NONE',  ( -1.000000000000000000, 0.000000000000000000, 0.000000000000000000 ) ) ;
#731 = CARTESIAN_POINT ( 'NONE',  ( 3.000000000000000000, -12.00000000000000000, -16.27882059609969900 ) ) ;
#732 = CARTESIAN_POINT ( 'NONE',  ( 3.000000000000000000, -8.066555415731935241, -1.770476594757731670 ) ) ;
#733 = AXIS2_PLACEMENT_3D ( 'NONE', #1369, #268, #1248 ) ;
#734 = CIRCLE ( 'NONE', #1457, 1.000000000000000444 ) ;
#735 = VERTEX_POINT ( 'NONE', #209 ) ;
#736 = AXIS2_PLACEMENT_3D ( 'NONE', #365, #495, #105 ) ;
#737 = ORIENTED_EDGE ( 'NONE', *, *, #1032, .T. ) ;
#738 = DIRECTION ( 'NONE',  ( 0.000000000000000000, 0.000000000000000000, 1.000000000000000000 ) ) ;
#739 = DIRECTION ( 'NONE',  ( 0.000000000000000000, 0.000000000000000000, 1.000000000000000000 ) ) ;
#740 = DIRECTION ( 'NONE',  ( -1.000000000000000000, 0.000000000000000000, 0.000000000000000000 ) ) ;
#741 = CARTESIAN_POINT ( 'NONE',  ( -3.000000000000000000, 3.500000000000000000, 6.633249580710800508 ) ) ;
#742 = EDGE_CURVE ( 'NONE', #1530, #1317, #1456, .T. ) ;
#743 = ORIENTED_EDGE ( 'NONE', *, *, #877, .F. ) ;
#744 = EDGE_LOOP ( 'NONE', ( #458, #91, #360, #303, #1566, #429, #1025, #1066, #195, #1446, #1416, #1099, #1498, #481, #487, #49, #853, #1466, #694 ) ) ;
#745 = DIRECTION ( 'NONE',  ( -1.000000000000000000, -0.000000000000000000, -0.000000000000000000 ) ) ;
#746 = FACE_OUTER_BOUND ( 'NONE', #347, .T. ) ;
#747 = EDGE_CURVE ( 'NONE', #542, #759, #632, .T. ) ;
#748 = CYLINDRICAL_SURFACE ( 'NONE', #476, 0.9999999999999995559 ) ;
#749 = CARTESIAN_POINT ( 'NONE',  ( -3.000000000000000000, 7.577722283113839552, -4.375000000000000000 ) ) ;
#750 = ORIENTED_EDGE ( 'NONE', *, *, #619, .T. ) ;
#751 = EDGE_CURVE ( 'NONE', #1182, #1509, #434, .T. ) ;
#752 = EDGE_LOOP ( 'NONE', ( #205, #1399, #414, #1019 ) ) ;
#753 = DIRECTION ( 'NONE',  ( 1.000000000000000000, 0.000000000000000000, 0.000000000000000000 ) ) ;
#754 = CYLINDRICAL_SURFACE ( 'NONE', #1349, 6.650000000000000355 ) ;
#755 = CARTESIAN_POINT ( 'NONE',  ( -3.000000000000000000, 12.00000000000000000, -160.0000000000000000 ) ) ;
#756 = CARTESIAN_POINT ( 'NONE',  ( -3.000000000000000000, 0.000000000000000000, -90.00000000000000000 ) ) ;
#757 = CIRCLE ( 'NONE', #503, 17.00000000000000000 ) ;
#758 = ORIENTED_EDGE ( 'NONE', *, *, #376, .T. ) ;
#759 = VERTEX_POINT ( 'NONE', #216 ) ;
#760 = VECTOR ( 'NONE', #712, 1000.000000000000000 ) ;
#761 = CARTESIAN_POINT ( 'NONE',  ( -3.000000000000000000, -12.00000000000000000, -160.0000000000000000 ) ) ;
#762 = VECTOR ( 'NONE', #726, 1000.000000000000000 ) ;
#763 = DIRECTION ( 'NONE',  ( 0.000000000000000000, 0.000000000000000000, 1.000000000000000000 ) ) ;
#764 = ADVANCED_FACE ( 'NONE', ( #843, #705, #1431, #848, #1101, #600 ), #1196, .F. ) ;
#765 = FACE_OUTER_BOUND ( 'NONE', #180, .T. ) ;
#766 = CARTESIAN_POINT ( 'NONE',  ( 3.000000000000000000, -24.00000000000000000, -16.27882059609969900 ) ) ;
#767 = VERTEX_POINT ( 'NONE', #1462 ) ;
#768 = VERTEX_POINT ( 'NONE', #354 ) ;
#769 = CARTESIAN_POINT ( 'NONE',  ( 2.000000000000000000, 6.607820686603295357, -0.7478006242960520966 ) ) ;
#770 = EDGE_CURVE ( 'NONE', #80, #1217, #1531, .T. ) ;
#771 = CARTESIAN_POINT ( 'NONE',  ( -3.000000000000000000, -6.607820686603295357, -0.7478006242960484329 ) ) ;
#772 = DIRECTION ( 'NONE',  ( -1.000000000000000000, 0.000000000000000000, 0.000000000000000000 ) ) ;
#773 = CARTESIAN_POINT ( 'NONE',  ( 3.000000000000000000, 8.066555415731915701, -1.770476594757729449 ) ) ;
#774 = ORIENTED_EDGE ( 'NONE', *, *, #645, .T. ) ;
#775 = EDGE_CURVE ( 'NONE', #759, #542, #194, .T. ) ;
#776 = VERTEX_POINT ( 'NONE', #336 ) ;
#777 = DIRECTION ( 'NONE',  ( 1.000000000000000000, 0.000000000000000000, 0.000000000000000000 ) ) ;
#778 = CARTESIAN_POINT ( 'NONE',  ( -3.000000000000000000, 3.000000000000001332, -110.0000000000000000 ) ) ;
#779 = ADVANCED_FACE ( 'NONE', ( #89 ), #956, .F. ) ;
#780 = CARTESIAN_POINT ( 'NONE',  ( 2.999999999999996447, 3.673940397442063122E-15, -109.9999999999999858 ) ) ;
#781 = CARTESIAN_POINT ( 'NONE',  ( 2.999999999999996447, 3.673940397442060756E-15, -30.00000000000000000 ) ) ;
#782 = VERTEX_POINT ( 'NONE', #578 ) ;
#783 = ORIENTED_EDGE ( 'NONE', *, *, #794, .F. ) ;
#784 = CIRCLE ( 'NONE', #1529, 1.000000000000000222 ) ;
#785 = AXIS2_PLACEMENT_3D ( 'NONE', #1302, #201, #1152 ) ;
#786 = CARTESIAN_POINT ( 'NONE',  ( -3.000000000000000000, 0.000000000000000000, 0.000000000000000000 ) ) ;
#787 = EDGE_CURVE ( 'NONE', #13, #782, #239, .T. ) ;
#788 = AXIS2_PLACEMENT_3D ( 'NONE', #790, #1537, #445 ) ;
#789 = CARTESIAN_POINT ( 'NONE',  ( 3.000000000000000000, 6.994562646538029504, -1.151561280894309869 ) ) ;
#790 = CARTESIAN_POINT ( 'NONE',  ( 2.999999999999996447, 3.673940397442060756E-15, -30.00000000000000000 ) ) ;
#791 = ORIENTED_EDGE ( 'NONE', *, *, #1432, .T. ) ;
#792 = ORIENTED_EDGE ( 'NONE', *, *, #217, .F. ) ;
#793 = DIRECTION ( 'NONE',  ( 0.000000000000000000, 0.5326083528717366899, 0.8463618271467917564 ) ) ;
#794 = EDGE_CURVE ( 'NONE', #351, #681, #1253, .T. ) ;
#795 =( LENGTH_UNIT ( ) NAMED_UNIT ( * ) SI_UNIT ( .MILLI., .METRE. ) );
#796 = FACE_OUTER_BOUND ( 'NONE', #515, .T. ) ;
#797 = ORIENTED_EDGE ( 'NONE', *, *, #619, .F. ) ;
#798 = ADVANCED_FACE ( 'NONE', ( #475 ), #234, .T. ) ;
#799 = VERTEX_POINT ( 'NONE', #1211 ) ;
#800 = DIRECTION ( 'NONE',  ( 0.000000000000000000, 1.734723475976805615E-16, 1.000000000000000000 ) ) ;
#801 = CARTESIAN_POINT ( 'NONE',  ( -3.000000000000000000, 0.000000000000000000, 8.750000000000001776 ) ) ;
#802 = CYLINDRICAL_SURFACE ( 'NONE', #991, 12.00000000000000000 ) ;
#803 = ORIENTED_EDGE ( 'NONE', *, *, #1056, .T. ) ;
#804 = CARTESIAN_POINT ( 'NONE',  ( 2.999999999999996447, 3.673940397442063122E-15, -109.9999999999999858 ) ) ;
#805 = AXIS2_PLACEMENT_3D ( 'NONE', #1239, #417, #10 ) ;
#806 = EDGE_LOOP ( 'NONE', ( #658, #249, #1184, #1052, #1358, #1392, #490, #286, #985, #112, #594, #210, #569, #1570, #708, #934, #230, #791, #33 ) ) ;
#807 = CARTESIAN_POINT ( 'NONE',  ( -3.000000000000000000, -2.500000000000000000, 6.633249580710800508 ) ) ;
#808 = EDGE_CURVE ( 'NONE', #1284, #1530, #342, .T. ) ;
#809 = CIRCLE ( 'NONE', #1223, 1.000000000000000000 ) ;
#810 = CARTESIAN_POINT ( 'NONE',  ( 2.999999999999996447, 3.673940397442063122E-15, -109.9999999999999858 ) ) ;
#811 = CIRCLE ( 'NONE', #892, 3.000000000000002665 ) ;
#812 = EDGE_CURVE ( 'NONE', #1333, #939, #861, .T. ) ;
#813 = PRODUCT_DEFINITION_FORMATION_WITH_SPECIFIED_SOURCE ( 'ä»', '', #878, .NOT_KNOWN. ) ;
#814 = VERTEX_POINT ( 'NONE', #834 ) ;
#815 = CARTESIAN_POINT ( 'NONE',  ( -3.000000000000000000, -4.494562646538029504, -5.481688299816489973 ) ) ;
#816 = VERTEX_POINT ( 'NONE', #1327 ) ;
#817 = DIRECTION ( 'NONE',  ( 0.000000000000000000, 0.000000000000000000, -1.000000000000000000 ) ) ;
#818 = EDGE_CURVE ( 'NONE', #887, #768, #108, .T. ) ;
#819 = VERTEX_POINT ( 'NONE', #1576 ) ;
#820 = CARTESIAN_POINT ( 'NONE',  ( 2.999999999999996447, 3.000000000000001332, -110.0000000000000000 ) ) ;
#821 = CARTESIAN_POINT ( 'NONE',  ( 3.000000000000000000, -5.566555415731920142, -6.100603613679917991 ) ) ;
#822 = ORIENTED_EDGE ( 'NONE', *, *, #808, .F. ) ;
#823 = LINE ( 'NONE', #1151, #760 ) ;
#824 = ORIENTED_EDGE ( 'NONE', *, *, #1400, .T. ) ;
#825 = ADVANCED_FACE ( 'NONE', ( #114 ), #1582, .F. ) ;
#826 = DIRECTION ( 'NONE',  ( 1.000000000000000000, 0.000000000000000000, 0.000000000000000000 ) ) ;
#827 = ORIENTED_EDGE ( 'NONE', *, *, #427, .F. ) ;
#828 = DIRECTION ( 'NONE',  ( 0.000000000000000000, -1.000000000000000000, 1.734723475976805862E-16 ) ) ;
#829 = ADVANCED_FACE ( 'NONE', ( #1128 ), #979, .F. ) ;
#830 = DIRECTION ( 'NONE',  ( -1.000000000000000000, -0.000000000000000000, -0.000000000000000000 ) ) ;
#831 = CARTESIAN_POINT ( 'NONE',  ( -3.000000000000000000, -14.06896551724140032, -9.542756901161899563 ) ) ;
#832 = EDGE_LOOP ( 'NONE', ( #1539, #910, #1039, #531 ) ) ;
#833 = AXIS2_PLACEMENT_3D ( 'NONE', #940, #1519, #907 ) ;
#834 = CARTESIAN_POINT ( 'NONE',  ( -3.000000000000000000, -2.500000000000000000, 7.871080208437658321 ) ) ;
#835 = EDGE_CURVE ( 'NONE', #564, #1114, #34, .T. ) ;
#836 = LINE ( 'NONE', #950, #430 ) ;
#837 = CIRCLE ( 'NONE', #886, 1.000000000000000666 ) ;
#838 = VECTOR ( 'NONE', #459, 1000.000000000000000 ) ;
#839 = DIRECTION ( 'NONE',  ( -1.000000000000000000, -0.000000000000000000, -0.000000000000000000 ) ) ;
#840 = CARTESIAN_POINT ( 'NONE',  ( 3.000000000000000000, -2.500000000000000000, 6.633249580710800508 ) ) ;
#841 = AXIS2_PLACEMENT_3D ( 'NONE', #30, #1002, #170 ) ;
#842 = EDGE_LOOP ( 'NONE', ( #1434, #1079, #1157, #1427 ) ) ;
#843 = FACE_BOUND ( 'NONE', #678, .T. ) ;
#844 = DIRECTION ( 'NONE',  ( 0.000000000000000000, 1.000000000000000000, 0.000000000000000000 ) ) ;
#845 = DIRECTION ( 'NONE',  ( -1.000000000000000000, -0.000000000000000000, -0.000000000000000000 ) ) ;
#846 = CARTESIAN_POINT ( 'NONE',  ( -3.000000000000000000, 2.999999999999997780, -90.00000000000001421 ) ) ;
#847 = ORIENTED_EDGE ( 'NONE', *, *, #697, .F. ) ;
#848 = FACE_BOUND ( 'NONE', #641, .T. ) ;
#849 = CARTESIAN_POINT ( 'NONE',  ( -3.000000000000000000, -2.656296005695405693, 6.096440890398811874 ) ) ;
#850 = DIRECTION ( 'NONE',  ( 0.000000000000000000, 0.000000000000000000, 1.000000000000000000 ) ) ;
#851 = FACE_OUTER_BOUND ( 'NONE', #88, .T. ) ;
#852 = ORIENTED_EDGE ( 'NONE', *, *, #818, .F. ) ;
#853 = ORIENTED_EDGE ( 'NONE', *, *, #516, .F. ) ;
#854 = CARTESIAN_POINT ( 'NONE',  ( -3.000000000000000000, 2.500000000000000000, 6.633249580710800508 ) ) ;
#855 = CIRCLE ( 'NONE', #166, 2.999999999999995559 ) ;
#856 = DIRECTION ( 'NONE',  ( 1.000000000000000000, 0.000000000000000000, 0.000000000000000000 ) ) ;
#857 = EDGE_CURVE ( 'NONE', #1557, #1149, #1360, .T. ) ;
#858 = DIRECTION ( 'NONE',  ( -1.000000000000000000, 0.000000000000000000, 0.000000000000000000 ) ) ;
#859 = CIRCLE ( 'NONE', #378, 3.000000000000002665 ) ;
#860 = DIRECTION ( 'NONE',  ( 1.000000000000000000, 0.000000000000000000, 0.000000000000000000 ) ) ;
#861 = CIRCLE ( 'NONE', #967, 0.9999999999999993339 ) ;
#862 = VERTEX_POINT ( 'NONE', #761 ) ;
#863 = CIRCLE ( 'NONE', #1069, 1.000000000000000000 ) ;
#864 = AXIS2_PLACEMENT_3D ( 'NONE', #1528, #433, #684 ) ;
#865 = EDGE_LOOP ( 'NONE', ( #78, #379, #1010, #1296 ) ) ;
#866 = CARTESIAN_POINT ( 'NONE',  ( 7.000000000000000000, 0.000000000000000000, -153.3500000000000227 ) ) ;
#867 = LINE ( 'NONE', #261, #296 ) ;
#868 = ADVANCED_FACE ( 'NONE', ( #405 ), #17, .T. ) ;
#869 = CARTESIAN_POINT ( 'NONE',  ( -3.000000000000000000, 2.999999999999996447, -50.00000000000000000 ) ) ;
#870 = DIRECTION ( 'NONE',  ( 0.000000000000000000, 0.9992750195384039191, 0.03807145028131508901 ) ) ;
#871 = ORIENTED_EDGE ( 'NONE', *, *, #1513, .T. ) ;
#872 = VERTEX_POINT ( 'NONE', #498 ) ;
#873 = DIRECTION ( 'NONE',  ( 0.000000000000000000, 0.4999999999999998890, -0.8660254037844387076 ) ) ;
#874 = DIRECTION ( 'NONE',  ( 0.000000000000000000, 0.000000000000000000, -1.000000000000000000 ) ) ;
#875 = CARTESIAN_POINT ( 'NONE',  ( 3.000000000000000000, -6.994562646538029504, -1.151561280894299877 ) ) ;
#876 = DIRECTION ( 'NONE',  ( 1.000000000000000000, 0.000000000000000000, 0.000000000000000000 ) ) ;
#877 = EDGE_CURVE ( 'NONE', #1437, #1516, #1409, .T. ) ;
#878 = PRODUCT ( '\X2\8fde6746\X0\2', '\X2\8fde6746\X0\2', '', ( #618 ) ) ;
#879 = ORIENTED_EDGE ( 'NONE', *, *, #1413, .T. ) ;
#880 = ORIENTED_EDGE ( 'NONE', *, *, #576, .T. ) ;
#881 = CARTESIAN_POINT ( 'NONE',  ( 3.000000000000000000, 3.951524680907882559, -5.348640266102766105 ) ) ;
#882 = DIRECTION ( 'NONE',  ( 0.000000000000000000, -0.5000000000000003331, -0.8660254037844384856 ) ) ;
#883 = CIRCLE ( 'NONE', #1087, 2.649999999999998579 ) ;
#884 = DIRECTION ( 'NONE',  ( -1.000000000000000000, -0.000000000000000000, -0.000000000000000000 ) ) ;
#885 = LINE ( 'NONE', #54, #637 ) ;
#886 = AXIS2_PLACEMENT_3D ( 'NONE', #289, #664, #793 ) ;
#887 = VERTEX_POINT ( 'NONE', #1238 ) ;
#888 = EDGE_CURVE ( 'NONE', #1149, #213, #1170, .T. ) ;
#889 = ORIENTED_EDGE ( 'NONE', *, *, #1125, .T. ) ;
#890 = VECTOR ( 'NONE', #931, 1000.000000000000000 ) ;
#891 = CARTESIAN_POINT ( 'NONE',  ( 2.999999999999996447, -2.999999999999997780, -90.00000000000001421 ) ) ;
#892 = AXIS2_PLACEMENT_3D ( 'NONE', #756, #1495, #149 ) ;
#893 = DIRECTION ( 'NONE',  ( 0.000000000000000000, -1.000000000000000000, 0.000000000000000000 ) ) ;
#894 = CARTESIAN_POINT ( 'NONE',  ( 2.999999999999996447, 0.000000000000000000, -90.00000000000000000 ) ) ;
#895 = DIRECTION ( 'NONE',  ( 0.000000000000000000, 0.000000000000000000, 1.000000000000000000 ) ) ;
#896 = ORIENTED_EDGE ( 'NONE', *, *, #343, .F. ) ;
#897 = ORIENTED_EDGE ( 'NONE', *, *, #1370, .T. ) ;
#898 = DIRECTION ( 'NONE',  ( -1.000000000000000000, -0.000000000000000000, -0.000000000000000000 ) ) ;
#899 = DIRECTION ( 'NONE',  ( 0.000000000000000000, 0.000000000000000000, -1.000000000000000000 ) ) ;
#900 = CARTESIAN_POINT ( 'NONE',  ( -3.000000000000000000, -2.999999999999997780, -90.00000000000001421 ) ) ;
#901 = CARTESIAN_POINT ( 'NONE',  ( 2.999999999999996447, 3.673940397442057600E-15, -67.00000000000000000 ) ) ;
#902 = EDGE_LOOP ( 'NONE', ( #615, #1046, #394, #16 ) ) ;
#903 = EDGE_CURVE ( 'NONE', #1376, #1198, #370, .T. ) ;
#904 = ORIENTED_EDGE ( 'NONE', *, *, #812, .F. ) ;
#905 = CARTESIAN_POINT ( 'NONE',  ( 3.000000000000000000, -12.00000000000000000, -160.0000000000000000 ) ) ;
#906 = CARTESIAN_POINT ( 'NONE',  ( 2.999999999999996447, 3.000000000000001332, -110.0000000000000000 ) ) ;
#907 = DIRECTION ( 'NONE',  ( 0.000000000000000000, -1.734723475976805862E-16, -1.000000000000000000 ) ) ;
#908 = CARTESIAN_POINT ( 'NONE',  ( -3.000000000000000000, 0.000000000000000000, 0.000000000000000000 ) ) ;
#909 = AXIS2_PLACEMENT_3D ( 'NONE', #1180, #178, #76 ) ;
#910 = ORIENTED_EDGE ( 'NONE', *, *, #390, .T. ) ;
#911 = AXIS2_PLACEMENT_3D ( 'NONE', #1493, #391, #874 ) ;
#912 = VERTEX_POINT ( 'NONE', #854 ) ;
#913 = AXIS2_PLACEMENT_3D ( 'NONE', #526, #1012, #1502 ) ;
#914 = EDGE_CURVE ( 'NONE', #366, #1038, #525, .T. ) ;
#915 = UNCERTAINTY_MEASURE_WITH_UNIT (LENGTH_MEASURE( 1.000000000000000082E-05 ), #795, 'distance_accuracy_value', 'NONE');
#916 = DIRECTION ( 'NONE',  ( 0.000000000000000000, -0.8275862068965521567, 0.5613386412448169160 ) ) ;
#917 = CIRCLE ( 'NONE', #199, 12.00000000000000000 ) ;
#918 = FACE_OUTER_BOUND ( 'NONE', #1482, .T. ) ;
#919 = EDGE_CURVE ( 'NONE', #272, #1009, #396, .T. ) ;
#920 = ORIENTED_EDGE ( 'NONE', *, *, #1173, .F. ) ;
#921 = EDGE_LOOP ( 'NONE', ( #599, #421, #387, #774 ) ) ;
#922 = DIRECTION ( 'NONE',  ( -1.000000000000000000, 0.000000000000000000, 0.000000000000000000 ) ) ;
#923 = CARTESIAN_POINT ( 'NONE',  ( 10.82160000000000011, 3.994562646538029949, -6.347713703600939894 ) ) ;
#924 = DIRECTION ( 'NONE',  ( 0.000000000000000000, -1.000000000000000000, 0.000000000000000000 ) ) ;
#925 = ORIENTED_EDGE ( 'NONE', *, *, #18, .T. ) ;
#926 = ORIENTED_EDGE ( 'NONE', *, *, #965, .T. ) ;
#927 = CARTESIAN_POINT ( 'NONE',  ( -3.000000000000000000, -2.999999999999996447, -50.00000000000000000 ) ) ;
#928 = EDGE_CURVE ( 'NONE', #1437, #735, #616, .T. ) ;
#929 = CARTESIAN_POINT ( 'NONE',  ( -3.000000000000000000, 2.500000000000000000, 7.871080208437658321 ) ) ;
#930 = EDGE_LOOP ( 'NONE', ( #413, #504, #426, #472, #1366 ) ) ;
#931 = DIRECTION ( 'NONE',  ( 1.000000000000000000, 0.000000000000000000, 0.000000000000000000 ) ) ;
#932 = VECTOR ( 'NONE', #169, 1000.000000000000000 ) ;
#933 = AXIS2_PLACEMENT_3D ( 'NONE', #677, #567, #1165 ) ;
#934 = ORIENTED_EDGE ( 'NONE', *, *, #835, .T. ) ;
#935 = EDGE_CURVE ( 'NONE', #402, #143, #1351, .T. ) ;
#936 = CIRCLE ( 'NONE', #248, 6.650000000000000355 ) ;
#937 = CARTESIAN_POINT ( 'NONE',  ( -3.000000000000000000, -17.00000000000000000, 0.000000000000000000 ) ) ;
#938 = AXIS2_PLACEMENT_3D ( 'NONE', #635, #753, #987 ) ;
#939 = VERTEX_POINT ( 'NONE', #881 ) ;
#940 = CARTESIAN_POINT ( 'NONE',  ( 2.999999999999996447, -2.999999999999997780, -90.00000000000001421 ) ) ;
#941 = CARTESIAN_POINT ( 'NONE',  ( -3.000000000000000000, -6.994562646538029504, -1.151561280894299877 ) ) ;
#942 = AXIS2_PLACEMENT_3D ( 'NONE', #1145, #640, #1380 ) ;
#943 = EDGE_CURVE ( 'NONE', #474, #681, #1385, .T. ) ;
#944 = ORIENTED_EDGE ( 'NONE', *, *, #217, .T. ) ;
#945 = CARTESIAN_POINT ( 'NONE',  ( 3.000000000000000000, -14.06896551724140032, -9.542756901161899563 ) ) ;
#946 = ORIENTED_EDGE ( 'NONE', *, *, #588, .F. ) ;
#947 = CARTESIAN_POINT ( 'NONE',  ( -3.000000000000000000, 3.673940397442063122E-15, -109.9999999999999858 ) ) ;
#948 = PRODUCT_RELATED_PRODUCT_CATEGORY ( 'part', '', ( #878 ) ) ;
#949 = VERTEX_POINT ( 'NONE', #251 ) ;
#950 = CARTESIAN_POINT ( 'NONE',  ( -3.000000000000000000, -4.494562646538029504, -5.481688299816499743 ) ) ;
#951 = DIRECTION ( 'NONE',  ( 1.000000000000000000, 0.000000000000000000, 0.000000000000000000 ) ) ;
#952 = CARTESIAN_POINT ( 'NONE',  ( -3.000000000000000000, 3.673940397442060756E-15, -30.00000000000000000 ) ) ;
#953 = LINE ( 'NONE', #1071, #1300 ) ;
#954 = VERTEX_POINT ( 'NONE', #129 ) ;
#955 = EDGE_CURVE ( 'NONE', #767, #939, #583, .T. ) ;
#956 = CYLINDRICAL_SURFACE ( 'NONE', #71, 2.649999999999997691 ) ;
#957 = CARTESIAN_POINT ( 'NONE',  ( -3.000000000000000000, 2.999999999999996447, -50.00000000000000000 ) ) ;
#958 = DIRECTION ( 'NONE',  ( 1.000000000000000000, 0.000000000000000000, 0.000000000000000000 ) ) ;
#959 = CARTESIAN_POINT ( 'NONE',  ( -3.000000000000000000, -7.494562646538029504, -0.2855358771098639448 ) ) ;
#960 = ORIENTED_EDGE ( 'NONE', *, *, #1386, .F. ) ;
#961 = AXIS2_PLACEMENT_3D ( 'NONE', #1084, #1578, #968 ) ;
#962 = CIRCLE ( 'NONE', #163, 3.000000000000002665 ) ;
#963 = CARTESIAN_POINT ( 'NONE',  ( 2.999999999999996447, -2.999999999999997780, -130.0000000000000000 ) ) ;
#964 = AXIS2_PLACEMENT_3D ( 'NONE', #383, #276, #763 ) ;
#965 = EDGE_CURVE ( 'NONE', #542, #1472, #1377, .T. ) ;
#966 = FACE_BOUND ( 'NONE', #1575, .T. ) ;
#967 = AXIS2_PLACEMENT_3D ( 'NONE', #1081, #826, #1315 ) ;
#968 = DIRECTION ( 'NONE',  ( 0.000000000000000000, -1.000000000000000000, 0.000000000000000000 ) ) ;
#969 = DIRECTION ( 'NONE',  ( -1.000000000000000000, -0.000000000000000000, -0.000000000000000000 ) ) ;
#970 = VECTOR ( 'NONE', #270, 1000.000000000000114 ) ;
#971 = ORIENTED_EDGE ( 'NONE', *, *, #1082, .F. ) ;
#972 = CARTESIAN_POINT ( 'NONE',  ( 3.000000000000000000, 0.000000000000000000, -160.0000000000000000 ) ) ;
#973 = DIRECTION ( 'NONE',  ( 0.000000000000000000, 0.000000000000000000, -1.000000000000000000 ) ) ;
#974 = ORIENTED_EDGE ( 'NONE', *, *, #311, .T. ) ;
#975 = DIRECTION ( 'NONE',  ( 0.000000000000000000, 0.000000000000000000, 1.000000000000000000 ) ) ;
#976 = EDGE_LOOP ( 'NONE', ( #316, #293, #974, #1304 ) ) ;
#977 = EDGE_CURVE ( 'NONE', #612, #337, #809, .T. ) ;
#978 = EDGE_LOOP ( 'NONE', ( #266, #1338 ) ) ;
#979 = CYLINDRICAL_SURFACE ( 'NONE', #1354, 6.650000000000000355 ) ;
#980 = LINE ( 'NONE', #1083, #1324 ) ;
#981 = ADVANCED_FACE ( 'NONE', ( #643 ), #1116, .F. ) ;
#982 =( NAMED_UNIT ( * ) PLANE_ANGLE_UNIT ( ) SI_UNIT ( $, .RADIAN. ) );
#983 = ORIENTED_EDGE ( 'NONE', *, *, #106, .F. ) ;
#984 = DIRECTION ( 'NONE',  ( 1.000000000000000000, 0.000000000000000000, 0.000000000000000000 ) ) ;
#985 = ORIENTED_EDGE ( 'NONE', *, *, #1332, .T. ) ;
#986 = ORIENTED_EDGE ( 'NONE', *, *, #1082, .T. ) ;
#987 = DIRECTION ( 'NONE',  ( 0.000000000000000000, -0.9992750195384039191, 0.03807145028131612291 ) ) ;
#988 = AXIS2_PLACEMENT_3D ( 'NONE', #371, #1352, #1511 ) ;
#989 = FACE_OUTER_BOUND ( 'NONE', #1059, .T. ) ;
#990 = DIRECTION ( 'NONE',  ( 0.000000000000000000, 0.4666666666666671182, -0.8844332774281065124 ) ) ;
#991 = AXIS2_PLACEMENT_3D ( 'NONE', #1415, #560, #924 ) ;
#992 = DIRECTION ( 'NONE',  ( 0.000000000000000000, 0.4666666666666660079, -0.8844332774281069565 ) ) ;
#993 = AXIS2_PLACEMENT_3D ( 'NONE', #786, #1281, #176 ) ;
#994 = EDGE_CURVE ( 'NONE', #799, #872, #275, .T. ) ;
#995 = AXIS2_PLACEMENT_3D ( 'NONE', #491, #728, #1561 ) ;
#996 = EDGE_LOOP ( 'NONE', ( #395, #587, #1164, #609 ) ) ;
#997 = CIRCLE ( 'NONE', #328, 12.00000000000000000 ) ;
#998 = ORIENTED_EDGE ( 'NONE', *, *, #32, .T. ) ;
#999 = CARTESIAN_POINT ( 'NONE',  ( 3.000000000000000000, -6.327722283113839552, -6.540063509461090163 ) ) ;
#1000 = DIRECTION ( 'NONE',  ( 1.000000000000000000, 0.000000000000000000, 0.000000000000000000 ) ) ;
#1001 = DIRECTION ( 'NONE',  ( 0.000000000000000000, 1.000000000000000000, 0.000000000000000000 ) ) ;
#1002 = DIRECTION ( 'NONE',  ( 1.000000000000000000, 0.000000000000000000, 0.000000000000000000 ) ) ;
#1003 = VERTEX_POINT ( 'NONE', #945 ) ;
#1004 = ORIENTED_EDGE ( 'NONE', *, *, #1341, .T. ) ;
#1005 = DIRECTION ( 'NONE',  ( 0.000000000000000000, 1.000000000000000000, 0.000000000000000000 ) ) ;
#1006 = LINE ( 'NONE', #1130, #602 ) ;
#1007 = LINE ( 'NONE', #148, #1143 ) ;
#1008 = CARTESIAN_POINT ( 'NONE',  ( -3.000000000000000000, 14.06896551724140032, -9.542756901161888905 ) ) ;
#1009 = VERTEX_POINT ( 'NONE', #206 ) ;
#1010 = ORIENTED_EDGE ( 'NONE', *, *, #1522, .T. ) ;
#1011 = CARTESIAN_POINT ( 'NONE',  ( 10.82160000000000011, 3.500000000000000000, 6.633249580710800508 ) ) ;
#1012 = DIRECTION ( 'NONE',  ( -1.000000000000000000, -0.000000000000000000, -0.000000000000000000 ) ) ;
#1013 = CIRCLE ( 'NONE', #909, 6.649999999999989697 ) ;
#1014 = CARTESIAN_POINT ( 'NONE',  ( -3.000000000000000000, -2.999999999999997780, -130.0000000000000000 ) ) ;
#1015 = DIRECTION ( 'NONE',  ( 0.000000000000000000, 0.5326083528717360238, 0.8463618271467920895 ) ) ;
#1016 = AXIS2_PLACEMENT_3D ( 'NONE', #1403, #922, #1048 ) ;
#1017 = EDGE_LOOP ( 'NONE', ( #1054, #701, #1507, #986 ) ) ;
#1018 = VECTOR ( 'NONE', #1220, 1000.000000000000000 ) ;
#1019 = ORIENTED_EDGE ( 'NONE', *, *, #137, .T. ) ;
#1020 = AXIS2_PLACEMENT_3D ( 'NONE', #692, #452, #1420 ) ;
#1021 = CYLINDRICAL_SURFACE ( 'NONE', #99, 3.000000000000002665 ) ;
#1022 = DIRECTION ( 'NONE',  ( 1.000000000000000000, 0.000000000000000000, 0.000000000000000000 ) ) ;
#1023 = DIRECTION ( 'NONE',  ( -1.000000000000000000, -0.000000000000000000, -0.000000000000000000 ) ) ;
#1024 = DIRECTION ( 'NONE',  ( 1.000000000000000000, 0.000000000000000000, 0.000000000000000000 ) ) ;
#1025 = ORIENTED_EDGE ( 'NONE', *, *, #751, .F. ) ;
#1026 = VERTEX_POINT ( 'NONE', #532 ) ;
#1027 = CARTESIAN_POINT ( 'NONE',  ( 3.000000000000000000, 6.607820686603295357, -0.7478006242960520966 ) ) ;
#1028 = EDGE_CURVE ( 'NONE', #912, #1491, #1402, .T. ) ;
#1029 = FACE_OUTER_BOUND ( 'NONE', #1017, .T. ) ;
#1030 = PLANE ( 'NONE',  #942 ) ;
#1031 = EDGE_LOOP ( 'NONE', ( #920, #1279, #1115, #479 ) ) ;
#1032 = EDGE_CURVE ( 'NONE', #1182, #954, #953, .T. ) ;
#1033 = VERTEX_POINT ( 'NONE', #831 ) ;
#1034 = DIRECTION ( 'NONE',  ( 1.000000000000000000, 0.000000000000000000, 0.000000000000000000 ) ) ;
#1035 = ADVANCED_FACE ( 'NONE', ( #1545 ), #1021, .F. ) ;
#1036 = DIRECTION ( 'NONE',  ( 1.000000000000000000, 0.000000000000000000, 0.000000000000000000 ) ) ;
#1037 = FACE_OUTER_BOUND ( 'NONE', #524, .T. ) ;
#1038 = VERTEX_POINT ( 'NONE', #1567 ) ;
#1039 = ORIENTED_EDGE ( 'NONE', *, *, #240, .F. ) ;
#1040 = CIRCLE ( 'NONE', #608, 0.9999999999999995559 ) ;
#1041 = DIRECTION ( 'NONE',  ( -1.000000000000000000, 0.000000000000000000, 0.000000000000000000 ) ) ;
#1042 = AXIS2_PLACEMENT_3D ( 'NONE', #656, #522, #1276 ) ;
#1043 = DIRECTION ( 'NONE',  ( -1.000000000000000000, -0.000000000000000000, -0.000000000000000000 ) ) ;
#1044 = DIRECTION ( 'NONE',  ( 0.000000000000000000, 0.000000000000000000, 1.000000000000000000 ) ) ;
#1045 = ORIENTED_EDGE ( 'NONE', *, *, #1316, .F. ) ;
#1046 = ORIENTED_EDGE ( 'NONE', *, *, #520, .F. ) ;
#1047 = EDGE_CURVE ( 'NONE', #1270, #648, #1040, .T. ) ;
#1048 = DIRECTION ( 'NONE',  ( 0.000000000000000000, 0.000000000000000000, 1.000000000000000000 ) ) ;
#1049 = DIRECTION ( 'NONE',  ( 0.000000000000000000, 0.000000000000000000, -1.000000000000000000 ) ) ;
#1050 = CARTESIAN_POINT ( 'NONE',  ( 3.000000000000000000, 0.000000000000000000, 0.000000000000000000 ) ) ;
#1051 = EDGE_CURVE ( 'NONE', #70, #1557, #734, .T. ) ;
#1052 = ORIENTED_EDGE ( 'NONE', *, *, #1051, .T. ) ;
#1053 = DIRECTION ( 'NONE',  ( 0.000000000000000000, 0.000000000000000000, 1.000000000000000000 ) ) ;
#1054 = ORIENTED_EDGE ( 'NONE', *, *, #1311, .F. ) ;
#1055 = CARTESIAN_POINT ( 'NONE',  ( -3.000000000000000000, 3.673940397442060756E-15, -30.00000000000000000 ) ) ;
#1056 = EDGE_CURVE ( 'NONE', #474, #162, #225, .T. ) ;
#1057 = CARTESIAN_POINT ( 'NONE',  ( 2.999999999999996447, 2.999999999999996447, -50.00000000000000000 ) ) ;
#1058 = CARTESIAN_POINT ( 'NONE',  ( 3.000000000000000000, -2.999999999999994227, -109.9999999999999858 ) ) ;
#1059 = EDGE_LOOP ( 'NONE', ( #803, #1290, #1470, #1490 ) ) ;
#1060 = DIRECTION ( 'NONE',  ( 1.000000000000000000, 0.000000000000000000, 0.000000000000000000 ) ) ;
#1061 = MECHANICAL_DESIGN_GEOMETRIC_PRESENTATION_REPRESENTATION (  '', ( #401 ), #1550 ) ;
#1062 = VECTOR ( 'NONE', #709, 1000.000000000000000 ) ;
#1063 = VERTEX_POINT ( 'NONE', #905 ) ;
#1064 = DIRECTION ( 'NONE',  ( 1.000000000000000000, 0.000000000000000000, 0.000000000000000000 ) ) ;
#1065 = VECTOR ( 'NONE', #1141, 1000.000000000000000 ) ;
#1066 = ORIENTED_EDGE ( 'NONE', *, *, #174, .F. ) ;
#1067 = CARTESIAN_POINT ( 'NONE',  ( 2.999999999999996447, -2.999999999999997780, -130.0000000000000000 ) ) ;
#1068 = CARTESIAN_POINT ( 'NONE',  ( -3.000000000000000000, 3.673940397442057600E-15, -70.00000000000000000 ) ) ;
#1069 = AXIS2_PLACEMENT_3D ( 'NONE', #959, #1471, #870 ) ;
#1070 = VERTEX_POINT ( 'NONE', #1445 ) ;
#1071 = CARTESIAN_POINT ( 'NONE',  ( 7.000000000000000000, -8.066555415731929912, -1.770476594757731448 ) ) ;
#1072 = EDGE_CURVE ( 'NONE', #523, #102, #1183, .T. ) ;
#1073 = VERTEX_POINT ( 'NONE', #1555 ) ;
#1074 = CARTESIAN_POINT ( 'NONE',  ( 3.000000000000000000, 12.00000000000000000, -160.0000000000000000 ) ) ;
#1075 = VERTEX_POINT ( 'NONE', #687 ) ;
#1076 = DIRECTION ( 'NONE',  ( 1.000000000000000000, 0.000000000000000000, 0.000000000000000000 ) ) ;
#1077 = ORIENTED_EDGE ( 'NONE', *, *, #1374, .T. ) ;
#1078 = LINE ( 'NONE', #256, #1533 ) ;
#1079 = ORIENTED_EDGE ( 'NONE', *, *, #181, .F. ) ;
#1080 = ADVANCED_FACE ( 'NONE', ( #1177 ), #340, .F. ) ;
#1081 = CARTESIAN_POINT ( 'NONE',  ( 3.000000000000000000, 3.994562646538029949, -6.347713703600939894 ) ) ;
#1082 = EDGE_CURVE ( 'NONE', #1540, #281, #509, .T. ) ;
#1083 = CARTESIAN_POINT ( 'NONE',  ( -3.000000000000000000, -12.00000000000000000, -16.27882059609969900 ) ) ;
#1084 = CARTESIAN_POINT ( 'NONE',  ( 3.000000000000000000, 24.00000000000000000, -16.27882059609969900 ) ) ;
#1085 = LINE ( 'NONE', #598, #1224 ) ;
#1086 = ORIENTED_EDGE ( 'NONE', *, *, #1501, .F. ) ;
#1087 = AXIS2_PLACEMENT_3D ( 'NONE', #1320, #222, #236 ) ;
#1088 = AXIS2_PLACEMENT_3D ( 'NONE', #1264, #1387, #617 ) ;
#1089 = CARTESIAN_POINT ( 'NONE',  ( 7.000000000000000000, 0.000000000000000000, -160.0000000000000000 ) ) ;
#1090 = CIRCLE ( 'NONE', #607, 17.00000000000000000 ) ;
#1091 = CARTESIAN_POINT ( 'NONE',  ( -3.000000000000000000, 6.994562646538029504, -1.151561280894309869 ) ) ;
#1092 = DIRECTION ( 'NONE',  ( 1.000000000000000000, 0.000000000000000000, 0.000000000000000000 ) ) ;
#1093 = VECTOR ( 'NONE', #158, 1000.000000000000000 ) ;
#1094 = CIRCLE ( 'NONE', #121, 17.00000000000000000 ) ;
#1095 = ORIENTED_EDGE ( 'NONE', *, *, #193, .T. ) ;
#1096 = CARTESIAN_POINT ( 'NONE',  ( 2.000000000000000000, 3.951524680907882559, -5.348640266102766105 ) ) ;
#1097 = EDGE_CURVE ( 'NONE', #1284, #162, #661, .T. ) ;
#1098 = VECTOR ( 'NONE', #1250, 1000.000000000000000 ) ;
#1099 = ORIENTED_EDGE ( 'NONE', *, *, #1205, .F. ) ;
#1100 = EDGE_CURVE ( 'NONE', #814, #612, #823, .T. ) ;
#1101 = FACE_BOUND ( 'NONE', #806, .T. ) ;
#1102 = FACE_BOUND ( 'NONE', #930, .T. ) ;
#1103 = APPLICATION_PROTOCOL_DEFINITION ( 'draft international standard', 'automotive_design', 1998, #1319 ) ;
#1104 = EDGE_LOOP ( 'NONE', ( #1178, #377, #580, #1325 ) ) ;
#1105 = DIRECTION ( 'NONE',  ( -1.000000000000000000, -0.000000000000000000, -0.000000000000000000 ) ) ;
#1106 = EDGE_CURVE ( 'NONE', #8, #39, #1313, .T. ) ;
#1107 = ORIENTED_EDGE ( 'NONE', *, *, #965, .F. ) ;
#1108 = ORIENTED_EDGE ( 'NONE', *, *, #1280, .F. ) ;
#1109 = CARTESIAN_POINT ( 'NONE',  ( 3.000000000000000000, 0.000000000000000000, 0.000000000000000000 ) ) ;
#1110 = CARTESIAN_POINT ( 'NONE',  ( -3.000000000000000000, 0.000000000000000000, 0.000000000000000000 ) ) ;
#1111 = EDGE_CURVE ( 'NONE', #1075, #474, #1203, .T. ) ;
#1112 = CARTESIAN_POINT ( 'NONE',  ( -3.000000000000000000, 6.994562646538029504, -1.151561280894309869 ) ) ;
#1113 = CARTESIAN_POINT ( 'NONE',  ( 3.000000000000000000, 2.500000000000000000, 7.871080208437658321 ) ) ;
#1114 = VERTEX_POINT ( 'NONE', #815 ) ;
#1115 = ORIENTED_EDGE ( 'NONE', *, *, #97, .T. ) ;
#1116 = PLANE ( 'NONE',  #1583 ) ;
#1117 = VECTOR ( 'NONE', #772, 1000.000000000000000 ) ;
#1118 = VECTOR ( 'NONE', #1577, 1000.000000000000000 ) ;
#1119 = DIRECTION ( 'NONE',  ( 0.000000000000000000, 0.8275862068965521567, -0.5613386412448169160 ) ) ;
#1120 = DIRECTION ( 'NONE',  ( 1.000000000000000000, 0.000000000000000000, 0.000000000000000000 ) ) ;
#1121 = CYLINDRICAL_SURFACE ( 'NONE', #382, 17.00000000000000000 ) ;
#1122 = VECTOR ( 'NONE', #1041, 1000.000000000000000 ) ;
#1123 = AXIS2_PLACEMENT_3D ( 'NONE', #333, #87, #165 ) ;
#1124 = ORIENTED_EDGE ( 'NONE', *, *, #193, .F. ) ;
#1125 = EDGE_CURVE ( 'NONE', #102, #1168, #1094, .T. ) ;
#1126 = CIRCLE ( 'NONE', #1506, 2.649999999999998579 ) ;
#1127 = ORIENTED_EDGE ( 'NONE', *, *, #349, .T. ) ;
#1128 = FACE_OUTER_BOUND ( 'NONE', #436, .T. ) ;
#1129 = UNCERTAINTY_MEASURE_WITH_UNIT (LENGTH_MEASURE( 1.000000000000000082E-05 ), #1288, 'distance_accuracy_value', 'NONE');
#1130 = CARTESIAN_POINT ( 'NONE',  ( 2.000000000000000000, -2.656296005695405249, 6.096440890398810097 ) ) ;
#1131 = FILL_AREA_STYLE_COLOUR ( '', #704 ) ;
#1132 = DIRECTION ( 'NONE',  ( 0.000000000000000000, 0.000000000000000000, -1.000000000000000000 ) ) ;
#1133 = EDGE_LOOP ( 'NONE', ( #1004, #497, #1568, #880, #889, #1193, #1532, #879 ) ) ;
#1134 = EDGE_LOOP ( 'NONE', ( #151, #852, #128, #173 ) ) ;
#1135 = CARTESIAN_POINT ( 'NONE',  ( 2.999999999999996447, 3.000000000000001332, -70.00000000000000000 ) ) ;
#1136 = CARTESIAN_POINT ( 'NONE',  ( 3.000000000000000000, 0.000000000000000000, 0.000000000000000000 ) ) ;
#1137 = DIRECTION ( 'NONE',  ( 0.000000000000000000, 1.734723475976806848E-16, 1.000000000000000000 ) ) ;
#1138 = DIRECTION ( 'NONE',  ( -1.000000000000000000, 0.000000000000000000, 0.000000000000000000 ) ) ;
#1139 = ORIENTED_EDGE ( 'NONE', *, *, #363, .F. ) ;
#1140 = ORIENTED_EDGE ( 'NONE', *, *, #18, .F. ) ;
#1141 = DIRECTION ( 'NONE',  ( 0.000000000000000000, 0.000000000000000000, 1.000000000000000000 ) ) ;
#1142 = CARTESIAN_POINT ( 'NONE',  ( 3.000000000000000000, 3.946152422706629803, -5.165063509461099933 ) ) ;
#1143 = VECTOR ( 'NONE', #269, 1000.000000000000000 ) ;
#1144 = DIRECTION ( 'NONE',  ( -1.000000000000000000, 0.000000000000000000, 0.000000000000000000 ) ) ;
#1145 = CARTESIAN_POINT ( 'NONE',  ( 3.000000000000000000, 8.827722283113841328, -2.209936490538909837 ) ) ;
#1146 = ORIENTED_EDGE ( 'NONE', *, *, #126, .T. ) ;
#1147 = EDGE_CURVE ( 'NONE', #1033, #1003, #1428, .T. ) ;
#1148 = VECTOR ( 'NONE', #122, 1000.000000000000000 ) ;
#1149 = VERTEX_POINT ( 'NONE', #1027 ) ;
#1150 = AXIS2_PLACEMENT_3D ( 'NONE', #766, #1138, #1303 ) ;
#1151 = CARTESIAN_POINT ( 'NONE',  ( -3.000000000000000000, -2.500000000000000000, 8.750000000000000000 ) ) ;
#1152 = DIRECTION ( 'NONE',  ( 0.000000000000000000, 0.000000000000000000, 1.000000000000000000 ) ) ;
#1153 = CARTESIAN_POINT ( 'NONE',  ( -3.000000000000000000, 12.00000000000000000, -160.0000000000000000 ) ) ;
#1154 = CARTESIAN_POINT ( 'NONE',  ( -3.000000000000000000, -2.999999999999994227, -109.9999999999999858 ) ) ;
#1155 = ORIENTED_EDGE ( 'NONE', *, *, #28, .F. ) ;
#1156 = EDGE_CURVE ( 'NONE', #612, #1243, #1517, .T. ) ;
#1157 = ORIENTED_EDGE ( 'NONE', *, *, #655, .F. ) ;
#1158 = LINE ( 'NONE', #64, #1581 ) ;
#1159 = FACE_OUTER_BOUND ( 'NONE', #494, .T. ) ;
#1160 = DIRECTION ( 'NONE',  ( 1.000000000000000000, 0.000000000000000000, 0.000000000000000000 ) ) ;
#1161 = ORIENTED_EDGE ( 'NONE', *, *, #62, .F. ) ;
#1162 = ORIENTED_EDGE ( 'NONE', *, *, #1147, .T. ) ;
#1163 = LINE ( 'NONE', #557, #1122 ) ;
#1164 = ORIENTED_EDGE ( 'NONE', *, *, #85, .T. ) ;
#1165 = DIRECTION ( 'NONE',  ( 0.000000000000000000, 0.9992750195384039191, 0.03807145028131368042 ) ) ;
#1166 = CYLINDRICAL_SURFACE ( 'NONE', #1020, 1.000000000000000222 ) ;
#1167 = CIRCLE ( 'NONE', #805, 3.000000000000002665 ) ;
#1168 = VERTEX_POINT ( 'NONE', #245 ) ;
#1169 = VERTEX_POINT ( 'NONE', #1226 ) ;
#1170 = CIRCLE ( 'NONE', #938, 1.000000000000000000 ) ;
#1171 = DIRECTION ( 'NONE',  ( 0.000000000000000000, 0.000000000000000000, 1.000000000000000000 ) ) ;
#1172 = CIRCLE ( 'NONE', #457, 3.000000000000002665 ) ;
#1173 = EDGE_CURVE ( 'NONE', #1038, #1070, #302, .T. ) ;
#1174 = LINE ( 'NONE', #68, #403 ) ;
#1175 = LINE ( 'NONE', #552, #1433 ) ;
#1176 = ORIENTED_EDGE ( 'NONE', *, *, #1332, .F. ) ;
#1177 = FACE_OUTER_BOUND ( 'NONE', #1373, .T. ) ;
#1178 = ORIENTED_EDGE ( 'NONE', *, *, #50, .F. ) ;
#1179 = DIRECTION ( 'NONE',  ( 1.000000000000000000, 0.000000000000000000, 0.000000000000000000 ) ) ;
#1180 = CARTESIAN_POINT ( 'NONE',  ( -3.000000000000000000, 0.000000000000000000, -160.0000000000000000 ) ) ;
#1181 = CARTESIAN_POINT ( 'NONE',  ( -3.000000000000000000, 2.656296005695405693, 6.096440890398810986 ) ) ;
#1182 = VERTEX_POINT ( 'NONE', #732 ) ;
#1183 = LINE ( 'NONE', #455, #1505 ) ;
#1184 = ORIENTED_EDGE ( 'NONE', *, *, #37, .T. ) ;
#1185 = DIRECTION ( 'NONE',  ( 0.000000000000000000, 0.000000000000000000, 1.000000000000000000 ) ) ;
#1186 = EDGE_CURVE ( 'NONE', #1497, #912, #665, .T. ) ;
#1187 = ORIENTED_EDGE ( 'NONE', *, *, #679, .F. ) ;
#1188 = CARTESIAN_POINT ( 'NONE',  ( 3.000000000000000000, 0.000000000000000000, 0.000000000000000000 ) ) ;
#1189 = DIRECTION ( 'NONE',  ( 0.000000000000000000, -1.000000000000000000, 2.168404344971008868E-16 ) ) ;
#1190 = EDGE_LOOP ( 'NONE', ( #133, #998, #295, #642 ) ) ;
#1191 = DIRECTION ( 'NONE',  ( -1.000000000000000000, -0.000000000000000000, -0.000000000000000000 ) ) ;
#1192 = CIRCLE ( 'NONE', #190, 2.649999999999998579 ) ;
#1193 = ORIENTED_EDGE ( 'NONE', *, *, #1336, .T. ) ;
#1194 = VECTOR ( 'NONE', #1160, 1000.000000000000000 ) ;
#1195 = VECTOR ( 'NONE', #652, 1000.000000000000114 ) ;
#1196 = PLANE ( 'NONE',  #1278 ) ;
#1197 = VECTOR ( 'NONE', #389, 1000.000000000000114 ) ;
#1198 = VERTEX_POINT ( 'NONE', #1113 ) ;
#1199 = CARTESIAN_POINT ( 'NONE',  ( 7.000000000000000000, -5.566555415731912149, -6.100603613679911774 ) ) ;
#1200 = AXIS2_PLACEMENT_3D ( 'NONE', #393, #876, #1015 ) ;
#1201 = EDGE_CURVE ( 'NONE', #309, #1243, #713, .T. ) ;
#1202 = FACE_OUTER_BOUND ( 'NONE', #686, .T. ) ;
#1203 = LINE ( 'NONE', #1393, #197 ) ;
#1204 = EDGE_LOOP ( 'NONE', ( #792, #1365, #446, #750 ) ) ;
#1205 = EDGE_CURVE ( 'NONE', #819, #1243, #1346, .T. ) ;
#1206 = DIRECTION ( 'NONE',  ( -1.000000000000000000, -0.000000000000000000, -0.000000000000000000 ) ) ;
#1207 = CARTESIAN_POINT ( 'NONE',  ( 2.999999999999996447, -2.999999999999996447, -50.00000000000000000 ) ) ;
#1208 = DIRECTION ( 'NONE',  ( 0.000000000000000000, 0.000000000000000000, 1.000000000000000000 ) ) ;
#1209 = DIRECTION ( 'NONE',  ( 0.000000000000000000, -1.000000000000000000, 0.000000000000000000 ) ) ;
#1210 = ORIENTED_EDGE ( 'NONE', *, *, #747, .T. ) ;
#1211 = CARTESIAN_POINT ( 'NONE',  ( 2.999999999999996447, 3.000000000000001332, -70.00000000000000000 ) ) ;
#1212 = ADVANCED_FACE ( 'NONE', ( #118 ), #125, .F. ) ;
#1213 = PLANE ( 'NONE',  #1274 ) ;
#1214 = DIRECTION ( 'NONE',  ( 0.000000000000000000, 0.000000000000000000, 1.000000000000000000 ) ) ;
#1215 = CARTESIAN_POINT ( 'NONE',  ( 2.999999999999996447, 3.673940397442063122E-15, -106.9999999999999858 ) ) ;
#1216 = EDGE_CURVE ( 'NONE', #1009, #1540, #358, .T. ) ;
#1217 = VERTEX_POINT ( 'NONE', #5 ) ;
#1218 = AXIS2_PLACEMENT_3D ( 'NONE', #952, #858, #1214 ) ;
#1219 = CIRCLE ( 'NONE', #1553, 1.000000000000000000 ) ;
#1220 = DIRECTION ( 'NONE',  ( 0.000000000000000000, 1.734723475976805615E-16, 1.000000000000000000 ) ) ;
#1221 = DIRECTION ( 'NONE',  ( 0.000000000000000000, 0.000000000000000000, -1.000000000000000000 ) ) ;
#1222 = EDGE_CURVE ( 'NONE', #1070, #1410, #1078, .T. ) ;
#1223 = AXIS2_PLACEMENT_3D ( 'NONE', #624, #1367, #1005 ) ;
#1224 = VECTOR ( 'NONE', #969, 1000.000000000000000 ) ;
#1225 = CARTESIAN_POINT ( 'NONE',  ( -3.000000000000000000, 2.999999999999997780, -90.00000000000001421 ) ) ;
#1226 = CARTESIAN_POINT ( 'NONE',  ( -3.000000000000000000, 8.143901214329860334E-16, -166.6500000000000057 ) ) ;
#1227 = CIRCLE ( 'NONE', #716, 6.650000000000000355 ) ;
#1228 = ORIENTED_EDGE ( 'NONE', *, *, #742, .F. ) ;
#1229 = ORIENTED_EDGE ( 'NONE', *, *, #1361, .T. ) ;
#1230 = EDGE_CURVE ( 'NONE', #1009, #1359, #1382, .T. ) ;
#1231 = DIRECTION ( 'NONE',  ( 1.000000000000000000, 0.000000000000000000, 0.000000000000000000 ) ) ;
#1232 = CARTESIAN_POINT ( 'NONE',  ( 2.999999999999996447, 2.999999999999997780, -90.00000000000001421 ) ) ;
#1233 = ORIENTED_EDGE ( 'NONE', *, *, #549, .T. ) ;
#1234 = CARTESIAN_POINT ( 'NONE',  ( 2.999999999999996447, 3.673940397442057600E-15, -70.00000000000000000 ) ) ;
#1235 = EDGE_CURVE ( 'NONE', #540, #1073, #863, .T. ) ;
#1236 = ORIENTED_EDGE ( 'NONE', *, *, #1311, .T. ) ;
#1237 = ORIENTED_EDGE ( 'NONE', *, *, #264, .T. ) ;
#1238 = CARTESIAN_POINT ( 'NONE',  ( 2.999999999999996447, -2.999999999999996447, -50.00000000000000000 ) ) ;
#1239 = CARTESIAN_POINT ( 'NONE',  ( 2.999999999999996447, 0.000000000000000000, -90.00000000000000000 ) ) ;
#1240 = ADVANCED_FACE ( 'NONE', ( #851 ), #263, .F. ) ;
#1241 = CARTESIAN_POINT ( 'NONE',  ( 7.000000000000000000, 8.143901214329872167E-16, -166.6500000000000057 ) ) ;
#1242 = FACE_OUTER_BOUND ( 'NONE', #1262, .T. ) ;
#1243 = VERTEX_POINT ( 'NONE', #840 ) ;
#1244 = ORIENTED_EDGE ( 'NONE', *, *, #390, .F. ) ;
#1245 = DIRECTION ( 'NONE',  ( 0.000000000000000000, 1.734723475976805615E-16, 1.000000000000000000 ) ) ;
#1246 = AXIS2_PLACEMENT_3D ( 'NONE', #357, #740, #1208 ) ;
#1247 = VECTOR ( 'NONE', #1442, 1000.000000000000000 ) ;
#1248 = DIRECTION ( 'NONE',  ( 0.000000000000000000, 0.000000000000000000, 1.000000000000000000 ) ) ;
#1249 = FACE_OUTER_BOUND ( 'NONE', #1484, .T. ) ;
#1250 = DIRECTION ( 'NONE',  ( 0.000000000000000000, 1.734723475976805615E-16, 1.000000000000000000 ) ) ;
#1251 = VECTOR ( 'NONE', #58, 1000.000000000000000 ) ;
#1252 = EDGE_CURVE ( 'NONE', #862, #98, #917, .T. ) ;
#1253 = CIRCLE ( 'NONE', #1559, 3.000000000000002665 ) ;
#1254 = ORIENTED_EDGE ( 'NONE', *, *, #630, .T. ) ;
#1255 = VECTOR ( 'NONE', #419, 1000.000000000000000 ) ;
#1256 = ORIENTED_EDGE ( 'NONE', *, *, #202, .T. ) ;
#1257 = DIRECTION ( 'NONE',  ( 1.000000000000000000, 0.000000000000000000, 0.000000000000000000 ) ) ;
#1258 = CYLINDRICAL_SURFACE ( 'NONE', #733, 3.000000000000002665 ) ;
#1259 = CARTESIAN_POINT ( 'NONE',  ( -3.000000000000000000, 0.000000000000000000, 0.000000000000000000 ) ) ;
#1260 = DIRECTION ( 'NONE',  ( 0.000000000000000000, -1.000000000000000000, 0.000000000000000000 ) ) ;
#1261 = ORIENTED_EDGE ( 'NONE', *, *, #1538, .T. ) ;
#1262 = EDGE_LOOP ( 'NONE', ( #529, #41, #1162, #574 ) ) ;
#1263 = CARTESIAN_POINT ( 'NONE',  ( -3.000000000000000000, 4.494562646538029504, -5.481688299816499743 ) ) ;
#1264 = CARTESIAN_POINT ( 'NONE',  ( 2.999999999999996447, 3.673940397442060756E-15, -30.00000000000000000 ) ) ;
#1265 = EDGE_CURVE ( 'NONE', #1376, #912, #593, .T. ) ;
#1266 = CARTESIAN_POINT ( 'NONE',  ( 3.000000000000000000, 17.00000000000000000, -2.081899558550500280E-15 ) ) ;
#1267 = FACE_OUTER_BOUND ( 'NONE', #464, .T. ) ;
#1268 = ORIENTED_EDGE ( 'NONE', *, *, #254, .T. ) ;
#1269 = ADVANCED_FACE ( 'NONE', ( #1574 ), #473, .T. ) ;
#1270 = VERTEX_POINT ( 'NONE', #1331 ) ;
#1271 = DIRECTION ( 'NONE',  ( -1.000000000000000000, -0.000000000000000000, -0.000000000000000000 ) ) ;
#1272 = LINE ( 'NONE', #927, #1251 ) ;
#1273 = AXIS2_PLACEMENT_3D ( 'NONE', #801, #1414, #1049 ) ;
#1274 = AXIS2_PLACEMENT_3D ( 'NONE', #1207, #3, #611 ) ;
#1275 = DIRECTION ( 'NONE',  ( 1.000000000000000000, 0.000000000000000000, 0.000000000000000000 ) ) ;
#1276 = DIRECTION ( 'NONE',  ( 0.000000000000000000, 0.000000000000000000, 1.000000000000000000 ) ) ;
#1277 = ORIENTED_EDGE ( 'NONE', *, *, #1549, .T. ) ;
#1278 = AXIS2_PLACEMENT_3D ( 'NONE', #100, #589, #723 ) ;
#1279 = ORIENTED_EDGE ( 'NONE', *, *, #1534, .F. ) ;
#1280 = EDGE_CURVE ( 'NONE', #648, #540, #1085, .T. ) ;
#1281 = DIRECTION ( 'NONE',  ( 1.000000000000000000, 0.000000000000000000, 0.000000000000000000 ) ) ;
#1282 = PLANE ( 'NONE',  #116 ) ;
#1283 = CARTESIAN_POINT ( 'NONE',  ( -3.000000000000000000, 6.607820686603295357, -0.7478006242960520966 ) ) ;
#1284 = VERTEX_POINT ( 'NONE', #1460 ) ;
#1285 = EDGE_LOOP ( 'NONE', ( #590, #1521, #496, #1139 ) ) ;
#1286 = CARTESIAN_POINT ( 'NONE',  ( -3.000000000000000000, 12.00000000000000000, -16.27882059609969900 ) ) ;
#1287 = LINE ( 'NONE', #59, #579 ) ;
#1288 =( LENGTH_UNIT ( ) NAMED_UNIT ( * ) SI_UNIT ( .MILLI., .METRE. ) );
#1289 = VERTEX_POINT ( 'NONE', #846 ) ;
#1290 = ORIENTED_EDGE ( 'NONE', *, *, #1097, .F. ) ;
#1291 = CARTESIAN_POINT ( 'NONE',  ( -3.000000000000000000, 0.000000000000000000, 0.000000000000000000 ) ) ;
#1292 = AXIS2_PLACEMENT_3D ( 'NONE', #418, #1001, #36 ) ;
#1293 = CARTESIAN_POINT ( 'NONE',  ( -3.000000000000000000, 0.000000000000000000, 0.000000000000000000 ) ) ;
#1294 = CARTESIAN_POINT ( 'NONE',  ( -3.000000000000000000, -24.00000000000000000, -16.27882059609969900 ) ) ;
#1295 = VECTOR ( 'NONE', #123, 1000.000000000000000 ) ;
#1296 = ORIENTED_EDGE ( 'NONE', *, *, #1125, .F. ) ;
#1297 = CARTESIAN_POINT ( 'NONE',  ( -3.000000000000000000, 7.494562646538029504, -0.2855358771098679971 ) ) ;
#1298 = VECTOR ( 'NONE', #431, 1000.000000000000000 ) ;
#1299 = ORIENTED_EDGE ( 'NONE', *, *, #653, .T. ) ;
#1300 = VECTOR ( 'NONE', #315, 1000.000000000000000 ) ;
#1301 = CIRCLE ( 'NONE', #562, 6.650000000000000355 ) ;
#1302 = CARTESIAN_POINT ( 'NONE',  ( 2.999999999999996447, 3.673940397442057600E-15, -70.00000000000000000 ) ) ;
#1303 = DIRECTION ( 'NONE',  ( 0.000000000000000000, 0.8275862068965521567, 0.5613386412448169160 ) ) ;
#1304 = ORIENTED_EDGE ( 'NONE', *, *, #888, .F. ) ;
#1305 = CARTESIAN_POINT ( 'NONE',  ( -3.000000000000000000, -2.500000000000000000, 6.633249580710800508 ) ) ;
#1306 = EDGE_LOOP ( 'NONE', ( #1077, #1228, #822, #1347 ) ) ;
#1307 = CARTESIAN_POINT ( 'NONE',  ( 3.000000000000000000, 0.000000000000000000, -160.0000000000000000 ) ) ;
#1308 = ORIENTED_EDGE ( 'NONE', *, *, #188, .T. ) ;
#1309 =( NAMED_UNIT ( * ) SI_UNIT ( $, .STERADIAN. ) SOLID_ANGLE_UNIT ( ) );
#1310 = DIRECTION ( 'NONE',  ( -1.000000000000000000, -0.000000000000000000, -0.000000000000000000 ) ) ;
#1311 = EDGE_CURVE ( 'NONE', #1359, #281, #1339, .T. ) ;
#1312 = VERTEX_POINT ( 'NONE', #1215 ) ;
#1313 = LINE ( 'NONE', #214, #890 ) ;
#1314 = ORIENTED_EDGE ( 'NONE', *, *, #1252, .F. ) ;
#1315 = DIRECTION ( 'NONE',  ( 0.000000000000000000, 0.5000000000000007772, 0.8660254037844381525 ) ) ;
#1316 = EDGE_CURVE ( 'NONE', #939, #703, #606, .T. ) ;
#1317 = VERTEX_POINT ( 'NONE', #1154 ) ;
#1318 = DIRECTION ( 'NONE',  ( 0.000000000000000000, -1.734723475976805862E-16, -1.000000000000000000 ) ) ;
#1319 = APPLICATION_CONTEXT ( 'automotive_design' ) ;
#1320 = CARTESIAN_POINT ( 'NONE',  ( 3.000000000000000000, 0.000000000000000000, 8.750000000000001776 ) ) ;
#1321 = DIRECTION ( 'NONE',  ( 1.000000000000000000, 0.000000000000000000, 0.000000000000000000 ) ) ;
#1322 = VECTOR ( 'NONE', #1137, 1000.000000000000000 ) ;
#1323 = ADVANCED_FACE ( 'NONE', ( #412 ), #1489, .F. ) ;
#1324 = VECTOR ( 'NONE', #1221, 1000.000000000000000 ) ;
#1325 = ORIENTED_EDGE ( 'NONE', *, *, #994, .T. ) ;
#1326 = VECTOR ( 'NONE', #1206, 1000.000000000000000 ) ;
#1327 = CARTESIAN_POINT ( 'NONE',  ( 3.000000000000000000, 2.656296005695405693, 6.096440890398810986 ) ) ;
#1328 = VECTOR ( 'NONE', #1053, 1000.000000000000000 ) ;
#1329 = DIRECTION ( 'NONE',  ( 0.000000000000000000, -1.000000000000000000, 0.000000000000000000 ) ) ;
#1330 = CARTESIAN_POINT ( 'NONE',  ( -3.000000000000000000, -12.00000000000000000, -16.27882059609969900 ) ) ;
#1331 = CARTESIAN_POINT ( 'NONE',  ( 3.000000000000000000, -6.994562646538029504, -1.151561280894299877 ) ) ;
#1332 = EDGE_CURVE ( 'NONE', #334, #814, #1126, .T. ) ;
#1333 = VERTEX_POINT ( 'NONE', #38 ) ;
#1334 = DIRECTION ( 'NONE',  ( -1.000000000000000000, 0.000000000000000000, 0.000000000000000000 ) ) ;
#1335 = LINE ( 'NONE', #228, #1295 ) ;
#1336 = EDGE_CURVE ( 'NONE', #1168, #1003, #435, .T. ) ;
#1337 = DIRECTION ( 'NONE',  ( 0.000000000000000000, 0.000000000000000000, 1.000000000000000000 ) ) ;
#1338 = ORIENTED_EDGE ( 'NONE', *, *, #775, .F. ) ;
#1339 = LINE ( 'NONE', #237, #762 ) ;
#1340 = ORIENTED_EDGE ( 'NONE', *, *, #1106, .T. ) ;
#1341 = EDGE_CURVE ( 'NONE', #1063, #13, #1585, .T. ) ;
#1342 = CARTESIAN_POINT ( 'NONE',  ( 2.999999999999996447, -2.999999999999994227, -109.9999999999999858 ) ) ;
#1343 = CARTESIAN_POINT ( 'NONE',  ( 2.999999999999996447, 3.673940397442063122E-15, -109.9999999999999858 ) ) ;
#1344 = APPLICATION_PROTOCOL_DEFINITION ( 'draft international standard', 'automotive_design', 1998, #691 ) ;
#1345 = CARTESIAN_POINT ( 'NONE',  ( -3.000000000000000000, 0.000000000000000000, 0.000000000000000000 ) ) ;
#1346 = LINE ( 'NONE', #231, #537 ) ;
#1347 = ORIENTED_EDGE ( 'NONE', *, *, #1097, .T. ) ;
#1348 = AXIS2_PLACEMENT_3D ( 'NONE', #1345, #958, #592 ) ;
#1349 = AXIS2_PLACEMENT_3D ( 'NONE', #44, #408, #625 ) ;
#1350 = EDGE_LOOP ( 'NONE', ( #1467, #1095, #215, #1421 ) ) ;
#1351 = LINE ( 'NONE', #518, #634 ) ;
#1352 = DIRECTION ( 'NONE',  ( -1.000000000000000000, -0.000000000000000000, -0.000000000000000000 ) ) ;
#1353 = ADVANCED_FACE ( 'NONE', ( #1267 ), #285, .T. ) ;
#1354 = AXIS2_PLACEMENT_3D ( 'NONE', #1499, #1468, #135 ) ;
#1355 = VECTOR ( 'NONE', #700, 1000.000000000000000 ) ;
#1356 = ORIENTED_EDGE ( 'NONE', *, *, #707, .F. ) ;
#1357 = DIRECTION ( 'NONE',  ( 0.000000000000000000, 0.000000000000000000, -1.000000000000000000 ) ) ;
#1358 = ORIENTED_EDGE ( 'NONE', *, *, #246, .T. ) ;
#1359 = VERTEX_POINT ( 'NONE', #901 ) ;
#1360 = LINE ( 'NONE', #769, #352 ) ;
#1361 = EDGE_CURVE ( 'NONE', #1509, #949, #1372, .T. ) ;
#1362 = CARTESIAN_POINT ( 'NONE',  ( 3.000000000000000000, 0.000000000000000000, 8.750000000000001776 ) ) ;
#1363 = LINE ( 'NONE', #1389, #626 ) ;
#1364 = DIRECTION ( 'NONE',  ( 1.000000000000000000, 0.000000000000000000, 0.000000000000000000 ) ) ;
#1365 = ORIENTED_EDGE ( 'NONE', *, *, #376, .F. ) ;
#1366 = ORIENTED_EDGE ( 'NONE', *, *, #290, .F. ) ;
#1367 = DIRECTION ( 'NONE',  ( -1.000000000000000000, 0.000000000000000000, 0.000000000000000000 ) ) ;
#1368 = PRODUCT_DEFINITION_CONTEXT ( 'detailed design', #691, 'design' ) ;
#1369 = CARTESIAN_POINT ( 'NONE',  ( 2.999999999999996447, 0.000000000000000000, -130.0000000000000000 ) ) ;
#1370 = EDGE_CURVE ( 'NONE', #272, #124, #885, .T. ) ;
#1371 = DIRECTION ( 'NONE',  ( -1.000000000000000000, -0.000000000000000000, -0.000000000000000000 ) ) ;
#1372 = LINE ( 'NONE', #161, #970 ) ;
#1373 = EDGE_LOOP ( 'NONE', ( #24, #715, #187, #1340 ) ) ;
#1374 = EDGE_CURVE ( 'NONE', #162, #1317, #1514, .T. ) ;
#1375 = CIRCLE ( 'NONE', #1246, 2.999999999999995559 ) ;
#1376 = VERTEX_POINT ( 'NONE', #667 ) ;
#1377 = LINE ( 'NONE', #866, #146 ) ;
#1378 = DIRECTION ( 'NONE',  ( 1.000000000000000000, 0.000000000000000000, 0.000000000000000000 ) ) ;
#1379 = LINE ( 'NONE', #1153, #1424 ) ;
#1380 = DIRECTION ( 'NONE',  ( 0.000000000000000000, -0.8660254037844384856, 0.5000000000000003331 ) ) ;
#1381 = ORIENTED_EDGE ( 'NONE', *, *, #505, .T. ) ;
#1382 = CIRCLE ( 'NONE', #21, 3.000000000000002665 ) ;
#1383 = PRODUCT_DEFINITION ( 'æœ', '', #813, #1368 ) ;
#1384 = ORIENTED_EDGE ( 'NONE', *, *, #489, .T. ) ;
#1385 = LINE ( 'NONE', #260, #380 ) ;
#1386 = EDGE_CURVE ( 'NONE', #1289, #124, #811, .T. ) ;
#1387 = DIRECTION ( 'NONE',  ( -1.000000000000000000, -0.000000000000000000, -0.000000000000000000 ) ) ;
#1388 = ADVANCED_FACE ( 'NONE', ( #1242 ), #1121, .T. ) ;
#1389 = CARTESIAN_POINT ( 'NONE',  ( 2.999999999999996447, -2.999999999999993339, -30.00000000000000000 ) ) ;
#1390 = CARTESIAN_POINT ( 'NONE',  ( -3.000000000000000000, 0.000000000000000000, 8.750000000000001776 ) ) ;
#1391 = EDGE_LOOP ( 'NONE', ( #308, #330, #1314, #547, #871, #1155, #1356, #461 ) ) ;
#1392 = ORIENTED_EDGE ( 'NONE', *, *, #1186, .T. ) ;
#1393 = CARTESIAN_POINT ( 'NONE',  ( 2.999999999999996447, 2.999999999999997780, -130.0000000000000000 ) ) ;
#1394 = ADVANCED_FACE ( 'NONE', ( #546 ), #1030, .F. ) ;
#1395 = DIRECTION ( 'NONE',  ( 1.000000000000000000, 0.000000000000000000, 0.000000000000000000 ) ) ;
#1396 = ADVANCED_BREP_SHAPE_REPRESENTATION ( '\X2\8fde6746\X0\2', ( #200, #101 ), #506 ) ;
#1397 = CARTESIAN_POINT ( 'NONE',  ( -10.82160000000000011, -3.500000000000000000, 6.633249580710800508 ) ) ;
#1398 = CARTESIAN_POINT ( 'NONE',  ( 3.000000000000000000, 5.566555415731929912, -6.100603613679927761 ) ) ;
#1399 = ORIENTED_EDGE ( 'NONE', *, *, #1370, .F. ) ;
#1400 = EDGE_CURVE ( 'NONE', #1169, #1472, #1479, .T. ) ;
#1401 = ORIENTED_EDGE ( 'NONE', *, *, #90, .T. ) ;
#1402 = LINE ( 'NONE', #415, #1328 ) ;
#1403 = CARTESIAN_POINT ( 'NONE',  ( -3.000000000000000000, 3.673940397442063122E-15, -109.9999999999999858 ) ) ;
#1404 = AXIS2_PLACEMENT_3D ( 'NONE', #654, #1120, #527 ) ;
#1405 = AXIS2_PLACEMENT_3D ( 'NONE', #1343, #730, #220 ) ;
#1406 = PRESENTATION_STYLE_ASSIGNMENT (( #439 ) ) ;
#1407 = DIRECTION ( 'NONE',  ( 1.000000000000000000, 0.000000000000000000, 0.000000000000000000 ) ) ;
#1408 = ORIENTED_EDGE ( 'NONE', *, *, #1483, .F. ) ;
#1409 = CIRCLE ( 'NONE', #453, 12.00000000000000711 ) ;
#1410 = VERTEX_POINT ( 'NONE', #773 ) ;
#1411 = AXIS2_PLACEMENT_3D ( 'NONE', #84, #1310, #331 ) ;
#1412 = CARTESIAN_POINT ( 'NONE',  ( 3.000000000000000000, 0.000000000000000000, 0.000000000000000000 ) ) ;
#1413 = EDGE_CURVE ( 'NONE', #39, #1063, #539, .T. ) ;
#1414 = DIRECTION ( 'NONE',  ( 1.000000000000000000, 0.000000000000000000, 0.000000000000000000 ) ) ;
#1415 = CARTESIAN_POINT ( 'NONE',  ( -3.000000000000000000, 0.000000000000000000, -160.0000000000000000 ) ) ;
#1416 = ORIENTED_EDGE ( 'NONE', *, *, #1201, .T. ) ;
#1417 = VERTEX_POINT ( 'NONE', #1398 ) ;
#1418 = DIRECTION ( 'NONE',  ( -1.000000000000000000, -0.000000000000000000, -0.000000000000000000 ) ) ;
#1419 = DIRECTION ( 'NONE',  ( -1.000000000000000000, 0.000000000000000000, 0.000000000000000000 ) ) ;
#1420 = DIRECTION ( 'NONE',  ( 0.000000000000000000, -0.9992750195384036971, 0.03807145028131741354 ) ) ;
#1421 = ORIENTED_EDGE ( 'NONE', *, *, #1106, .F. ) ;
#1422 = ORIENTED_EDGE ( 'NONE', *, *, #75, .T. ) ;
#1423 = CARTESIAN_POINT ( 'NONE',  ( -3.000000000000000000, -2.999999999999997780, -90.00000000000001421 ) ) ;
#1424 = VECTOR ( 'NONE', #154, 1000.000000000000000 ) ;
#1425 = LINE ( 'NONE', #1527, #372 ) ;
#1426 = CARTESIAN_POINT ( 'NONE',  ( -3.000000000000000000, 0.000000000000000000, -153.3500000000000227 ) ) ;
#1427 = ORIENTED_EDGE ( 'NONE', *, *, #818, .T. ) ;
#1428 = LINE ( 'NONE', #325, #685 ) ;
#1429 = ORIENTED_EDGE ( 'NONE', *, *, #1341, .F. ) ;
#1430 = VECTOR ( 'NONE', #1271, 1000.000000000000000 ) ;
#1431 = FACE_BOUND ( 'NONE', #207, .T. ) ;
#1432 = EDGE_CURVE ( 'NONE', #72, #703, #1301, .T. ) ;
#1433 = VECTOR ( 'NONE', #440, 1000.000000000000000 ) ;
#1434 = ORIENTED_EDGE ( 'NONE', *, *, #588, .T. ) ;
#1435 = LINE ( 'NONE', #820, #319 ) ;
#1436 = CARTESIAN_POINT ( 'NONE',  ( 2.999999999999996447, 2.999999999999996447, -50.00000000000000000 ) ) ;
#1437 = VERTEX_POINT ( 'NONE', #1008 ) ;
#1438 = CARTESIAN_POINT ( 'NONE',  ( -3.000000000000000000, 0.000000000000000000, -130.0000000000000000 ) ) ;
#1439 = ORIENTED_EDGE ( 'NONE', *, *, #1156, .F. ) ;
#1440 = CARTESIAN_POINT ( 'NONE',  ( 2.999999999999996447, 2.999999999999997780, -90.00000000000001421 ) ) ;
#1441 = ORIENTED_EDGE ( 'NONE', *, *, #977, .F. ) ;
#1442 = DIRECTION ( 'NONE',  ( 0.000000000000000000, 2.168404344971008868E-16, 1.000000000000000000 ) ) ;
#1443 = DIRECTION ( 'NONE',  ( 0.000000000000000000, 0.000000000000000000, -1.000000000000000000 ) ) ;
#1444 = CARTESIAN_POINT ( 'NONE',  ( -3.000000000000000000, -3.951524680907895881, -5.348640266102756335 ) ) ;
#1445 = CARTESIAN_POINT ( 'NONE',  ( -3.000000000000000000, 8.066555415731915701, -1.770476594757731004 ) ) ;
#1446 = ORIENTED_EDGE ( 'NONE', *, *, #1549, .F. ) ;
#1447 = ADVANCED_FACE ( 'NONE', ( #425 ), #139, .F. ) ;
#1448 = DIRECTION ( 'NONE',  ( -1.000000000000000000, -0.000000000000000000, -0.000000000000000000 ) ) ;
#1449 = PLANE ( 'NONE',  #659 ) ;
#1450 = EDGE_CURVE ( 'NONE', #1003, #39, #73, .T. ) ;
#1451 = LINE ( 'NONE', #255, #500 ) ;
#1452 = CARTESIAN_POINT ( 'NONE',  ( 7.000000000000000000, -7.577722283113839552, -4.375000000000000000 ) ) ;
#1453 = AXIS2_PLACEMENT_3D ( 'NONE', #780, #884, #627 ) ;
#1454 = ORIENTED_EDGE ( 'NONE', *, *, #1558, .F. ) ;
#1455 = AXIS2_PLACEMENT_3D ( 'NONE', #670, #1034, #916 ) ;
#1456 = LINE ( 'NONE', #1342, #1326 ) ;
#1457 = AXIS2_PLACEMENT_3D ( 'NONE', #1297, #196, #575 ) ;
#1458 = FACE_OUTER_BOUND ( 'NONE', #996, .T. ) ;
#1459 = CARTESIAN_POINT ( 'NONE',  ( 7.000000000000000000, 7.577722283113839552, -4.375000000000000000 ) ) ;
#1460 = CARTESIAN_POINT ( 'NONE',  ( 2.999999999999996447, -2.999999999999997780, -130.0000000000000000 ) ) ;
#1461 = ORIENTED_EDGE ( 'NONE', *, *, #1201, .F. ) ;
#1462 = CARTESIAN_POINT ( 'NONE',  ( 3.000000000000000000, -3.951524680907895881, -5.348640266102756335 ) ) ;
#1463 = LINE ( 'NONE', #1091, #1062 ) ;
#1464 = ORIENTED_EDGE ( 'NONE', *, *, #775, .T. ) ;
#1465 = DIRECTION ( 'NONE',  ( -1.000000000000000000, -0.000000000000000000, -0.000000000000000000 ) ) ;
#1466 = ORIENTED_EDGE ( 'NONE', *, *, #888, .T. ) ;
#1467 = ORIENTED_EDGE ( 'NONE', *, *, #369, .T. ) ;
#1468 = DIRECTION ( 'NONE',  ( -1.000000000000000000, -0.000000000000000000, -0.000000000000000000 ) ) ;
#1469 = FACE_OUTER_BOUND ( 'NONE', #164, .T. ) ;
#1470 = ORIENTED_EDGE ( 'NONE', *, *, #493, .F. ) ;
#1471 = DIRECTION ( 'NONE',  ( -1.000000000000000000, 0.000000000000000000, 0.000000000000000000 ) ) ;
#1472 = VERTEX_POINT ( 'NONE', #1426 ) ;
#1473 = ADVANCED_FACE ( 'NONE', ( #1552 ), #212, .T. ) ;
#1474 = ORIENTED_EDGE ( 'NONE', *, *, #630, .F. ) ;
#1475 = CARTESIAN_POINT ( 'NONE',  ( -3.000000000000000000, 24.00000000000000000, -16.27882059609969900 ) ) ;
#1476 = CIRCLE ( 'NONE', #96, 1.000000000000000666 ) ;
#1477 = DIRECTION ( 'NONE',  ( -1.000000000000000000, 0.000000000000000000, 0.000000000000000000 ) ) ;
#1478 = AXIS2_PLACEMENT_3D ( 'NONE', #1109, #1257, #381 ) ;
#1479 = CIRCLE ( 'NONE', #353, 6.649999999999989697 ) ;
#1480 = CARTESIAN_POINT ( 'NONE',  ( 2.999999999999996447, 2.999999999999997780, -90.00000000000001421 ) ) ;
#1481 = DIRECTION ( 'NONE',  ( 0.000000000000000000, 0.000000000000000000, 1.000000000000000000 ) ) ;
#1482 = EDGE_LOOP ( 'NONE', ( #327, #737, #1086, #983 ) ) ;
#1483 = EDGE_CURVE ( 'NONE', #1312, #633, #1172, .T. ) ;
#1484 = EDGE_LOOP ( 'NONE', ( #175, #1441, #1515, #1461 ) ) ;
#1485 = DIRECTION ( 'NONE',  ( 0.000000000000000000, 0.8660254037844387076, 0.4999999999999998890 ) ) ;
#1486 = CARTESIAN_POINT ( 'NONE',  ( -3.000000000000000000, 17.00000000000000000, -2.081899558550500280E-15 ) ) ;
#1487 = ADVANCED_FACE ( 'NONE', ( #568 ), #1166, .T. ) ;
#1488 = CARTESIAN_POINT ( 'NONE',  ( 2.999999999999996447, 3.673940397442057600E-15, -70.00000000000000000 ) ) ;
#1489 = CYLINDRICAL_SURFACE ( 'NONE', #1042, 2.999999999999995559 ) ;
#1490 = ORIENTED_EDGE ( 'NONE', *, *, #1111, .T. ) ;
#1491 = VERTEX_POINT ( 'NONE', #929 ) ;
#1492 = DIRECTION ( 'NONE',  ( 0.000000000000000000, 0.8660254037844387076, 0.4999999999999998890 ) ) ;
#1493 = CARTESIAN_POINT ( 'NONE',  ( -3.000000000000000000, -7.577722283113839552, -4.375000000000000000 ) ) ;
#1494 = SURFACE_STYLE_FILL_AREA ( #29 ) ;
#1495 = DIRECTION ( 'NONE',  ( -1.000000000000000000, 0.000000000000000000, 0.000000000000000000 ) ) ;
#1496 = EDGE_CURVE ( 'NONE', #1026, #80, #410, .T. ) ;
#1497 = VERTEX_POINT ( 'NONE', #1181 ) ;
#1498 = ORIENTED_EDGE ( 'NONE', *, *, #75, .F. ) ;
#1499 = CARTESIAN_POINT ( 'NONE',  ( 7.000000000000000000, 0.000000000000000000, 0.000000000000000000 ) ) ;
#1500 = CIRCLE ( 'NONE', #964, 3.000000000000002665 ) ;
#1501 = EDGE_CURVE ( 'NONE', #1073, #954, #185, .T. ) ;
#1502 = DIRECTION ( 'NONE',  ( 0.000000000000000000, 0.000000000000000000, 1.000000000000000000 ) ) ;
#1503 = CARTESIAN_POINT ( 'NONE',  ( 3.000000000000000000, -6.994562646538029504, -1.151561280894299877 ) ) ;
#1504 = DIRECTION ( 'NONE',  ( 1.000000000000000000, 0.000000000000000000, 0.000000000000000000 ) ) ;
#1505 = VECTOR ( 'NONE', #288, 1000.000000000000000 ) ;
#1506 = AXIS2_PLACEMENT_3D ( 'NONE', #1390, #46, #1132 ) ;
#1507 = ORIENTED_EDGE ( 'NONE', *, *, #1216, .T. ) ;
#1508 = ADVANCED_FACE ( 'NONE', ( #1543 ), #321, .F. ) ;
#1509 = VERTEX_POINT ( 'NONE', #821 ) ;
#1510 = DIRECTION ( 'NONE',  ( 0.000000000000000000, 0.4999999999999989453, -0.8660254037844391517 ) ) ;
#1511 = DIRECTION ( 'NONE',  ( 0.000000000000000000, 0.000000000000000000, 1.000000000000000000 ) ) ;
#1512 = PLANE ( 'NONE',  #1292 ) ;
#1513 = EDGE_CURVE ( 'NONE', #8, #1033, #997, .T. ) ;
#1514 = LINE ( 'NONE', #647, #1098 ) ;
#1515 = ORIENTED_EDGE ( 'NONE', *, *, #1156, .T. ) ;
#1516 = VERTEX_POINT ( 'NONE', #93 ) ;
#1517 = LINE ( 'NONE', #1305, #409 ) ;
#1518 = CYLINDRICAL_SURFACE ( 'NONE', #350, 3.000000000000002665 ) ;
#1519 = DIRECTION ( 'NONE',  ( 0.000000000000000000, -1.000000000000000000, 1.734723475976805862E-16 ) ) ;
#1520 = DIRECTION ( 'NONE',  ( -1.000000000000000000, 0.000000000000000000, 0.000000000000000000 ) ) ;
#1521 = ORIENTED_EDGE ( 'NONE', *, *, #1032, .F. ) ;
#1522 = EDGE_CURVE ( 'NONE', #614, #1168, #582, .T. ) ;
#1523 = ORIENTED_EDGE ( 'NONE', *, *, #636, .F. ) ;
#1524 = LINE ( 'NONE', #1286, #1298 ) ;
#1525 = CIRCLE ( 'NONE', #1218, 2.999999999999995559 ) ;
#1526 = AXIS2_PLACEMENT_3D ( 'NONE', #103, #844, #591 ) ;
#1527 = CARTESIAN_POINT ( 'NONE',  ( 2.000000000000000000, -3.951524680907895881, -5.348640266102756335 ) ) ;
#1528 = CARTESIAN_POINT ( 'NONE',  ( 2.999999999999996447, 2.999999999999997780, -130.0000000000000000 ) ) ;
#1529 = AXIS2_PLACEMENT_3D ( 'NONE', #313, #179, #60 ) ;
#1530 = VERTEX_POINT ( 'NONE', #1058 ) ;
#1531 = CIRCLE ( 'NONE', #995, 2.999999999999995559 ) ;
#1532 = ORIENTED_EDGE ( 'NONE', *, *, #1450, .T. ) ;
#1533 = VECTOR ( 'NONE', #1579, 1000.000000000000000 ) ;
#1534 = EDGE_CURVE ( 'NONE', #1417, #1038, #1175, .T. ) ;
#1535 = CARTESIAN_POINT ( 'NONE',  ( 2.999999999999996447, 3.673940397442057600E-15, -70.00000000000000000 ) ) ;
#1536 = CARTESIAN_POINT ( 'NONE',  ( 2.999999999999996447, -2.999999999999997780, -90.00000000000001421 ) ) ;
#1537 = DIRECTION ( 'NONE',  ( -1.000000000000000000, 0.000000000000000000, 0.000000000000000000 ) ) ;
#1538 = EDGE_CURVE ( 'NONE', #281, #872, #859, .T. ) ;
#1539 = ORIENTED_EDGE ( 'NONE', *, *, #467, .T. ) ;
#1540 = VERTEX_POINT ( 'NONE', #463 ) ;
#1541 = DIRECTION ( 'NONE',  ( -1.000000000000000000, 0.000000000000000000, 0.000000000000000000 ) ) ;
#1542 = CARTESIAN_POINT ( 'NONE',  ( -3.000000000000000000, 3.673940397442057600E-15, -67.00000000000000000 ) ) ;
#1543 = FACE_OUTER_BOUND ( 'NONE', #238, .T. ) ;
#1544 = ORIENTED_EDGE ( 'NONE', *, *, #1280, .T. ) ;
#1545 = FACE_OUTER_BOUND ( 'NONE', #1204, .T. ) ;
#1546 = ADVANCED_FACE ( 'NONE', ( #796 ), #802, .T. ) ;
#1547 = ORIENTED_EDGE ( 'NONE', *, *, #66, .T. ) ;
#1548 = CYLINDRICAL_SURFACE ( 'NONE', #1455, 11.99999999999999822 ) ;
#1549 = EDGE_CURVE ( 'NONE', #309, #648, #1227, .T. ) ;
#1550 =( GEOMETRIC_REPRESENTATION_CONTEXT ( 3 ) GLOBAL_UNCERTAINTY_ASSIGNED_CONTEXT ( ( #915 ) ) GLOBAL_UNIT_ASSIGNED_CONTEXT ( ( #795, #320, #1309 ) ) REPRESENTATION_CONTEXT ( 'NONE', 'WORKASPACE' ) );
#1551 = DIRECTION ( 'NONE',  ( 0.000000000000000000, 2.168404344971008868E-16, 1.000000000000000000 ) ) ;
#1552 = FACE_OUTER_BOUND ( 'NONE', #921, .T. ) ;
#1553 = AXIS2_PLACEMENT_3D ( 'NONE', #519, #1395, #893 ) ;
#1554 = ORIENTED_EDGE ( 'NONE', *, *, #343, .T. ) ;
#1555 = CARTESIAN_POINT ( 'NONE',  ( -3.000000000000000000, -6.994562646538029504, -1.151561280894299877 ) ) ;
#1556 = VECTOR ( 'NONE', #572, 1000.000000000000000 ) ;
#1557 = VERTEX_POINT ( 'NONE', #1283 ) ;
#1558 = EDGE_CURVE ( 'NONE', #1114, #72, #784, .T. ) ;
#1559 = AXIS2_PLACEMENT_3D ( 'NONE', #947, #1334, #1185 ) ;
#1560 = AXIS2_PLACEMENT_3D ( 'NONE', #502, #860, #992 ) ;
#1561 = DIRECTION ( 'NONE',  ( 0.000000000000000000, 0.000000000000000000, 1.000000000000000000 ) ) ;
#1562 = ORIENTED_EDGE ( 'NONE', *, *, #90, .F. ) ;
#1563 = DIRECTION ( 'NONE',  ( 1.000000000000000000, 0.000000000000000000, 0.000000000000000000 ) ) ;
#1564 = DIRECTION ( 'NONE',  ( 0.000000000000000000, 0.000000000000000000, 1.000000000000000000 ) ) ;
#1565 = ADVANCED_FACE ( 'NONE', ( #1037 ), #192, .T. ) ;
#1566 = ORIENTED_EDGE ( 'NONE', *, *, #649, .T. ) ;
#1567 = CARTESIAN_POINT ( 'NONE',  ( -3.000000000000000000, 5.566555415731929024, -6.100603613679929538 ) ) ;
#1568 = ORIENTED_EDGE ( 'NONE', *, *, #62, .T. ) ;
#1569 = DIRECTION ( 'NONE',  ( 0.000000000000000000, -1.000000000000000000, 1.734723475976806848E-16 ) ) ;
#1570 = ORIENTED_EDGE ( 'NONE', *, *, #1501, .T. ) ;
#1571 = FACE_OUTER_BOUND ( 'NONE', #1350, .T. ) ;
#1572 =( NAMED_UNIT ( * ) SI_UNIT ( $, .STERADIAN. ) SOLID_ANGLE_UNIT ( ) );
#1573 = CARTESIAN_POINT ( 'NONE',  ( 3.000000000000000000, 12.00000000000000000, -160.0000000000000000 ) ) ;
#1574 = FACE_OUTER_BOUND ( 'NONE', #865, .T. ) ;
#1575 = EDGE_LOOP ( 'NONE', ( #287, #388, #758, #727, #186 ) ) ;
#1576 = CARTESIAN_POINT ( 'NONE',  ( 3.000000000000000000, -2.500000000000000000, 7.871080208437658321 ) ) ;
#1577 = DIRECTION ( 'NONE',  ( 1.000000000000000000, 0.000000000000000000, 0.000000000000000000 ) ) ;
#1578 = DIRECTION ( 'NONE',  ( -1.000000000000000000, 0.000000000000000000, 0.000000000000000000 ) ) ;
#1579 = DIRECTION ( 'NONE',  ( 1.000000000000000000, 0.000000000000000000, 0.000000000000000000 ) ) ;
#1580 = ORIENTED_EDGE ( 'NONE', *, *, #714, .F. ) ;
#1581 = VECTOR ( 'NONE', #1418, 1000.000000000000000 ) ;
#1582 = CYLINDRICAL_SURFACE ( 'NONE', #171, 6.649999999999989697 ) ;
#1583 = AXIS2_PLACEMENT_3D ( 'NONE', #999, #873, #1492 ) ;
#1584 = CYLINDRICAL_SURFACE ( 'NONE', #988, 6.649999999999989697 ) ;
#1585 = CIRCLE ( 'NONE', #172, 12.00000000000000000 ) ;
#1586 = EDGE_LOOP ( 'NONE', ( #368, #182, #120, #925 ) ) ;
#1587 = DIRECTION ( 'NONE',  ( -1.000000000000000000, -0.000000000000000000, -0.000000000000000000 ) ) ;
ENDSEC;
END-ISO-10303-21;
