solid stm32Ç°¿Ç
   facet normal 0.000000e+00 1.000000e+00 0.000000e+00
      outer loop
         vertex 1.790000e+01 2.830000e+01 4.500000e+00
         vertex 1.790000e+01 2.830000e+01 5.500000e+00
         vertex 2.142500e+01 2.830000e+01 4.500000e+00
      endloop
   endfacet
   facet normal 0.000000e+00 1.000000e+00 -0.000000e+00
      outer loop
         vertex 2.142500e+01 2.830000e+01 4.500000e+00
         vertex 1.790000e+01 2.830000e+01 5.500000e+00
         vertex 2.142500e+01 2.830000e+01 5.500000e+00
      endloop
   endfacet
   facet normal 0.000000e+00 1.000000e+00 0.000000e+00
      outer loop
         vertex 2.142500e+01 2.830000e+01 4.500000e+00
         vertex 2.142500e+01 2.830000e+01 5.500000e+00
         vertex 2.160000e+01 2.830000e+01 4.500000e+00
      endloop
   endfacet
   facet normal 0.000000e+00 1.000000e+00 -0.000000e+00
      outer loop
         vertex 2.160000e+01 2.830000e+01 4.500000e+00
         vertex 2.142500e+01 2.830000e+01 5.500000e+00
         vertex 2.160000e+01 2.830000e+01 5.500000e+00
      endloop
   endfacet
   facet normal -9.961949e-01 8.715297e-02 0.000000e+00
      outer loop
         vertex 2.210000e+01 2.880000e+01 5.500000e+00
         vertex 2.210000e+01 2.880000e+01 4.500000e+00
         vertex 2.209240e+01 2.871318e+01 5.500000e+00
      endloop
   endfacet
   facet normal -9.961949e-01 8.715297e-02 0.000000e+00
      outer loop
         vertex 2.209240e+01 2.871318e+01 5.500000e+00
         vertex 2.210000e+01 2.880000e+01 4.500000e+00
         vertex 2.209240e+01 2.871318e+01 4.500000e+00
      endloop
   endfacet
   facet normal -9.659258e-01 2.588191e-01 0.000000e+00
      outer loop
         vertex 2.209240e+01 2.871318e+01 5.500000e+00
         vertex 2.209240e+01 2.871318e+01 4.500000e+00
         vertex 2.206985e+01 2.862899e+01 5.500000e+00
      endloop
   endfacet
   facet normal -9.659258e-01 2.588191e-01 0.000000e+00
      outer loop
         vertex 2.206985e+01 2.862899e+01 5.500000e+00
         vertex 2.209240e+01 2.871318e+01 4.500000e+00
         vertex 2.206985e+01 2.862899e+01 4.500000e+00
      endloop
   endfacet
   facet normal -9.063073e-01 4.226193e-01 0.000000e+00
      outer loop
         vertex 2.206985e+01 2.862899e+01 5.500000e+00
         vertex 2.206985e+01 2.862899e+01 4.500000e+00
         vertex 2.203301e+01 2.855000e+01 5.500000e+00
      endloop
   endfacet
   facet normal -9.063073e-01 4.226193e-01 0.000000e+00
      outer loop
         vertex 2.203301e+01 2.855000e+01 5.500000e+00
         vertex 2.206985e+01 2.862899e+01 4.500000e+00
         vertex 2.203301e+01 2.855000e+01 4.500000e+00
      endloop
   endfacet
   facet normal -8.191513e-01 5.735774e-01 0.000000e+00
      outer loop
         vertex 2.203301e+01 2.855000e+01 5.500000e+00
         vertex 2.203301e+01 2.855000e+01 4.500000e+00
         vertex 2.198302e+01 2.847861e+01 5.500000e+00
      endloop
   endfacet
   facet normal -8.191513e-01 5.735774e-01 0.000000e+00
      outer loop
         vertex 2.198302e+01 2.847861e+01 5.500000e+00
         vertex 2.203301e+01 2.855000e+01 4.500000e+00
         vertex 2.198302e+01 2.847861e+01 4.500000e+00
      endloop
   endfacet
   facet normal -7.071068e-01 7.071068e-01 0.000000e+00
      outer loop
         vertex 2.198302e+01 2.847861e+01 5.500000e+00
         vertex 2.198302e+01 2.847861e+01 4.500000e+00
         vertex 2.192139e+01 2.841698e+01 5.500000e+00
      endloop
   endfacet
   facet normal -7.071068e-01 7.071068e-01 0.000000e+00
      outer loop
         vertex 2.192139e+01 2.841698e+01 5.500000e+00
         vertex 2.198302e+01 2.847861e+01 4.500000e+00
         vertex 2.192139e+01 2.841698e+01 4.500000e+00
      endloop
   endfacet
   facet normal -5.735800e-01 8.191496e-01 0.000000e+00
      outer loop
         vertex 2.192139e+01 2.841698e+01 5.500000e+00
         vertex 2.192139e+01 2.841698e+01 4.500000e+00
         vertex 2.185000e+01 2.836699e+01 5.500000e+00
      endloop
   endfacet
   facet normal -5.735800e-01 8.191496e-01 0.000000e+00
      outer loop
         vertex 2.185000e+01 2.836699e+01 5.500000e+00
         vertex 2.192139e+01 2.841698e+01 4.500000e+00
         vertex 2.185000e+01 2.836699e+01 4.500000e+00
      endloop
   endfacet
   facet normal -4.226149e-01 9.063094e-01 0.000000e+00
      outer loop
         vertex 2.185000e+01 2.836699e+01 5.500000e+00
         vertex 2.185000e+01 2.836699e+01 4.500000e+00
         vertex 2.177101e+01 2.833015e+01 5.500000e+00
      endloop
   endfacet
   facet normal -4.226149e-01 9.063094e-01 0.000000e+00
      outer loop
         vertex 2.177101e+01 2.833015e+01 5.500000e+00
         vertex 2.185000e+01 2.836699e+01 4.500000e+00
         vertex 2.177101e+01 2.833015e+01 4.500000e+00
      endloop
   endfacet
   facet normal -2.588191e-01 9.659258e-01 0.000000e+00
      outer loop
         vertex 2.177101e+01 2.833015e+01 5.500000e+00
         vertex 2.177101e+01 2.833015e+01 4.500000e+00
         vertex 2.168682e+01 2.830760e+01 5.500000e+00
      endloop
   endfacet
   facet normal -2.588191e-01 9.659258e-01 0.000000e+00
      outer loop
         vertex 2.168682e+01 2.830760e+01 5.500000e+00
         vertex 2.177101e+01 2.833015e+01 4.500000e+00
         vertex 2.168682e+01 2.830760e+01 4.500000e+00
      endloop
   endfacet
   facet normal -8.715780e-02 9.961945e-01 0.000000e+00
      outer loop
         vertex 2.168682e+01 2.830760e+01 5.500000e+00
         vertex 2.168682e+01 2.830760e+01 4.500000e+00
         vertex 2.160000e+01 2.830000e+01 5.500000e+00
      endloop
   endfacet
   facet normal -8.715780e-02 9.961945e-01 0.000000e+00
      outer loop
         vertex 2.160000e+01 2.830000e+01 5.500000e+00
         vertex 2.168682e+01 2.830760e+01 4.500000e+00
         vertex 2.160000e+01 2.830000e+01 4.500000e+00
      endloop
   endfacet
   facet normal -1.000000e+00 0.000000e+00 0.000000e+00
      outer loop
         vertex 2.210000e+01 2.880000e+01 4.500000e+00
         vertex 2.210000e+01 2.880000e+01 5.500000e+00
         vertex 2.210000e+01 3.660000e+01 4.500000e+00
      endloop
   endfacet
   facet normal -1.000000e+00 0.000000e+00 0.000000e+00
      outer loop
         vertex 2.210000e+01 3.660000e+01 4.500000e+00
         vertex 2.210000e+01 2.880000e+01 5.500000e+00
         vertex 2.210000e+01 3.597500e+01 5.500000e+00
      endloop
   endfacet
   facet normal -1.000000e+00 0.000000e+00 0.000000e+00
      outer loop
         vertex 2.210000e+01 3.660000e+01 4.500000e+00
         vertex 2.210000e+01 3.597500e+01 5.500000e+00
         vertex 2.210000e+01 3.660000e+01 5.500000e+00
      endloop
   endfacet
   facet normal -8.715250e-02 -9.961950e-01 -0.000000e+00
      outer loop
         vertex 2.160000e+01 3.710000e+01 5.500000e+00
         vertex 2.160000e+01 3.710000e+01 4.500000e+00
         vertex 2.168682e+01 3.709240e+01 5.500000e+00
      endloop
   endfacet
   facet normal -8.715250e-02 -9.961950e-01 -0.000000e+00
      outer loop
         vertex 2.168682e+01 3.709240e+01 5.500000e+00
         vertex 2.160000e+01 3.710000e+01 4.500000e+00
         vertex 2.168682e+01 3.709240e+01 4.500000e+00
      endloop
   endfacet
   facet normal -2.588191e-01 -9.659258e-01 -0.000000e+00
      outer loop
         vertex 2.168682e+01 3.709240e+01 5.500000e+00
         vertex 2.168682e+01 3.709240e+01 4.500000e+00
         vertex 2.177101e+01 3.706985e+01 5.500000e+00
      endloop
   endfacet
   facet normal -2.588191e-01 -9.659258e-01 -0.000000e+00
      outer loop
         vertex 2.177101e+01 3.706985e+01 5.500000e+00
         vertex 2.168682e+01 3.709240e+01 4.500000e+00
         vertex 2.177101e+01 3.706985e+01 4.500000e+00
      endloop
   endfacet
   facet normal -4.226193e-01 -9.063073e-01 -0.000000e+00
      outer loop
         vertex 2.177101e+01 3.706985e+01 5.500000e+00
         vertex 2.177101e+01 3.706985e+01 4.500000e+00
         vertex 2.185000e+01 3.703301e+01 5.500000e+00
      endloop
   endfacet
   facet normal -4.226193e-01 -9.063073e-01 -0.000000e+00
      outer loop
         vertex 2.185000e+01 3.703301e+01 5.500000e+00
         vertex 2.177101e+01 3.706985e+01 4.500000e+00
         vertex 2.185000e+01 3.703301e+01 4.500000e+00
      endloop
   endfacet
   facet normal -5.735800e-01 -8.191496e-01 -0.000000e+00
      outer loop
         vertex 2.185000e+01 3.703301e+01 5.500000e+00
         vertex 2.185000e+01 3.703301e+01 4.500000e+00
         vertex 2.192139e+01 3.698302e+01 5.500000e+00
      endloop
   endfacet
   facet normal -5.735800e-01 -8.191496e-01 -0.000000e+00
      outer loop
         vertex 2.192139e+01 3.698302e+01 5.500000e+00
         vertex 2.185000e+01 3.703301e+01 4.500000e+00
         vertex 2.192139e+01 3.698302e+01 4.500000e+00
      endloop
   endfacet
   facet normal -7.071068e-01 -7.071068e-01 -0.000000e+00
      outer loop
         vertex 2.192139e+01 3.698302e+01 5.500000e+00
         vertex 2.192139e+01 3.698302e+01 4.500000e+00
         vertex 2.198302e+01 3.692139e+01 5.500000e+00
      endloop
   endfacet
   facet normal -7.071068e-01 -7.071068e-01 -0.000000e+00
      outer loop
         vertex 2.198302e+01 3.692139e+01 5.500000e+00
         vertex 2.192139e+01 3.698302e+01 4.500000e+00
         vertex 2.198302e+01 3.692139e+01 4.500000e+00
      endloop
   endfacet
   facet normal -8.191496e-01 -5.735800e-01 -0.000000e+00
      outer loop
         vertex 2.198302e+01 3.692139e+01 5.500000e+00
         vertex 2.198302e+01 3.692139e+01 4.500000e+00
         vertex 2.203301e+01 3.685000e+01 5.500000e+00
      endloop
   endfacet
   facet normal -8.191496e-01 -5.735800e-01 -0.000000e+00
      outer loop
         vertex 2.203301e+01 3.685000e+01 5.500000e+00
         vertex 2.198302e+01 3.692139e+01 4.500000e+00
         vertex 2.203301e+01 3.685000e+01 4.500000e+00
      endloop
   endfacet
   facet normal -9.063073e-01 -4.226193e-01 -0.000000e+00
      outer loop
         vertex 2.203301e+01 3.685000e+01 5.500000e+00
         vertex 2.203301e+01 3.685000e+01 4.500000e+00
         vertex 2.206985e+01 3.677101e+01 5.500000e+00
      endloop
   endfacet
   facet normal -9.063073e-01 -4.226193e-01 -0.000000e+00
      outer loop
         vertex 2.206985e+01 3.677101e+01 5.500000e+00
         vertex 2.203301e+01 3.685000e+01 4.500000e+00
         vertex 2.206985e+01 3.677101e+01 4.500000e+00
      endloop
   endfacet
   facet normal -9.659258e-01 -2.588191e-01 -0.000000e+00
      outer loop
         vertex 2.206985e+01 3.677101e+01 5.500000e+00
         vertex 2.206985e+01 3.677101e+01 4.500000e+00
         vertex 2.209240e+01 3.668682e+01 5.500000e+00
      endloop
   endfacet
   facet normal -9.659258e-01 -2.588191e-01 -0.000000e+00
      outer loop
         vertex 2.209240e+01 3.668682e+01 5.500000e+00
         vertex 2.206985e+01 3.677101e+01 4.500000e+00
         vertex 2.209240e+01 3.668682e+01 4.500000e+00
      endloop
   endfacet
   facet normal -9.961950e-01 -8.715250e-02 -0.000000e+00
      outer loop
         vertex 2.209240e+01 3.668682e+01 5.500000e+00
         vertex 2.209240e+01 3.668682e+01 4.500000e+00
         vertex 2.210000e+01 3.660000e+01 5.500000e+00
      endloop
   endfacet
   facet normal -9.961950e-01 -8.715250e-02 -0.000000e+00
      outer loop
         vertex 2.210000e+01 3.660000e+01 5.500000e+00
         vertex 2.209240e+01 3.668682e+01 4.500000e+00
         vertex 2.210000e+01 3.660000e+01 4.500000e+00
      endloop
   endfacet
   facet normal 0.000000e+00 -1.000000e+00 0.000000e+00
      outer loop
         vertex 2.160000e+01 3.710000e+01 4.500000e+00
         vertex 2.160000e+01 3.710000e+01 5.500000e+00
         vertex 2.142500e+01 3.710000e+01 4.500000e+00
      endloop
   endfacet
   facet normal 0.000000e+00 -1.000000e+00 0.000000e+00
      outer loop
         vertex 2.142500e+01 3.710000e+01 4.500000e+00
         vertex 2.160000e+01 3.710000e+01 5.500000e+00
         vertex 2.142500e+01 3.710000e+01 5.500000e+00
      endloop
   endfacet
   facet normal 0.000000e+00 -1.000000e+00 0.000000e+00
      outer loop
         vertex 2.142500e+01 3.710000e+01 4.500000e+00
         vertex 2.142500e+01 3.710000e+01 5.500000e+00
         vertex 1.790000e+01 3.710000e+01 4.500000e+00
      endloop
   endfacet
   facet normal 0.000000e+00 -1.000000e+00 0.000000e+00
      outer loop
         vertex 1.790000e+01 3.710000e+01 4.500000e+00
         vertex 2.142500e+01 3.710000e+01 5.500000e+00
         vertex 1.790000e+01 3.710000e+01 5.500000e+00
      endloop
   endfacet
   facet normal 9.961950e-01 -8.715250e-02 0.000000e+00
      outer loop
         vertex 1.740000e+01 3.660000e+01 5.500000e+00
         vertex 1.740000e+01 3.660000e+01 4.500000e+00
         vertex 1.740760e+01 3.668682e+01 5.500000e+00
      endloop
   endfacet
   facet normal 9.961950e-01 -8.715250e-02 0.000000e+00
      outer loop
         vertex 1.740760e+01 3.668682e+01 5.500000e+00
         vertex 1.740000e+01 3.660000e+01 4.500000e+00
         vertex 1.740760e+01 3.668682e+01 4.500000e+00
      endloop
   endfacet
   facet normal 9.659258e-01 -2.588191e-01 0.000000e+00
      outer loop
         vertex 1.740760e+01 3.668682e+01 5.500000e+00
         vertex 1.740760e+01 3.668682e+01 4.500000e+00
         vertex 1.743015e+01 3.677101e+01 5.500000e+00
      endloop
   endfacet
   facet normal 9.659258e-01 -2.588191e-01 0.000000e+00
      outer loop
         vertex 1.743015e+01 3.677101e+01 5.500000e+00
         vertex 1.740760e+01 3.668682e+01 4.500000e+00
         vertex 1.743015e+01 3.677101e+01 4.500000e+00
      endloop
   endfacet
   facet normal 9.063073e-01 -4.226193e-01 0.000000e+00
      outer loop
         vertex 1.743015e+01 3.677101e+01 5.500000e+00
         vertex 1.743015e+01 3.677101e+01 4.500000e+00
         vertex 1.746699e+01 3.685000e+01 5.500000e+00
      endloop
   endfacet
   facet normal 9.063073e-01 -4.226193e-01 0.000000e+00
      outer loop
         vertex 1.746699e+01 3.685000e+01 5.500000e+00
         vertex 1.743015e+01 3.677101e+01 4.500000e+00
         vertex 1.746699e+01 3.685000e+01 4.500000e+00
      endloop
   endfacet
   facet normal 8.191546e-01 -5.735728e-01 0.000000e+00
      outer loop
         vertex 1.746699e+01 3.685000e+01 5.500000e+00
         vertex 1.746699e+01 3.685000e+01 4.500000e+00
         vertex 1.751698e+01 3.692139e+01 5.500000e+00
      endloop
   endfacet
   facet normal 8.191546e-01 -5.735728e-01 0.000000e+00
      outer loop
         vertex 1.751698e+01 3.692139e+01 5.500000e+00
         vertex 1.746699e+01 3.685000e+01 4.500000e+00
         vertex 1.751698e+01 3.692139e+01 4.500000e+00
      endloop
   endfacet
   facet normal 7.071014e-01 -7.071121e-01 0.000000e+00
      outer loop
         vertex 1.751698e+01 3.692139e+01 5.500000e+00
         vertex 1.751698e+01 3.692139e+01 4.500000e+00
         vertex 1.757861e+01 3.698302e+01 5.500000e+00
      endloop
   endfacet
   facet normal 7.071014e-01 -7.071121e-01 0.000000e+00
      outer loop
         vertex 1.757861e+01 3.698302e+01 5.500000e+00
         vertex 1.751698e+01 3.692139e+01 4.500000e+00
         vertex 1.757861e+01 3.698302e+01 4.500000e+00
      endloop
   endfacet
   facet normal 5.735800e-01 -8.191496e-01 0.000000e+00
      outer loop
         vertex 1.757861e+01 3.698302e+01 5.500000e+00
         vertex 1.757861e+01 3.698302e+01 4.500000e+00
         vertex 1.765000e+01 3.703301e+01 5.500000e+00
      endloop
   endfacet
   facet normal 5.735800e-01 -8.191496e-01 0.000000e+00
      outer loop
         vertex 1.765000e+01 3.703301e+01 5.500000e+00
         vertex 1.757861e+01 3.698302e+01 4.500000e+00
         vertex 1.765000e+01 3.703301e+01 4.500000e+00
      endloop
   endfacet
   facet normal 4.226193e-01 -9.063073e-01 0.000000e+00
      outer loop
         vertex 1.765000e+01 3.703301e+01 5.500000e+00
         vertex 1.765000e+01 3.703301e+01 4.500000e+00
         vertex 1.772899e+01 3.706985e+01 5.500000e+00
      endloop
   endfacet
   facet normal 4.226193e-01 -9.063073e-01 0.000000e+00
      outer loop
         vertex 1.772899e+01 3.706985e+01 5.500000e+00
         vertex 1.765000e+01 3.703301e+01 4.500000e+00
         vertex 1.772899e+01 3.706985e+01 4.500000e+00
      endloop
   endfacet
   facet normal 2.588191e-01 -9.659258e-01 0.000000e+00
      outer loop
         vertex 1.772899e+01 3.706985e+01 5.500000e+00
         vertex 1.772899e+01 3.706985e+01 4.500000e+00
         vertex 1.781318e+01 3.709240e+01 5.500000e+00
      endloop
   endfacet
   facet normal 2.588191e-01 -9.659258e-01 0.000000e+00
      outer loop
         vertex 1.781318e+01 3.709240e+01 5.500000e+00
         vertex 1.772899e+01 3.706985e+01 4.500000e+00
         vertex 1.781318e+01 3.709240e+01 4.500000e+00
      endloop
   endfacet
   facet normal 8.715343e-02 -9.961949e-01 0.000000e+00
      outer loop
         vertex 1.781318e+01 3.709240e+01 5.500000e+00
         vertex 1.781318e+01 3.709240e+01 4.500000e+00
         vertex 1.790000e+01 3.710000e+01 5.500000e+00
      endloop
   endfacet
   facet normal 8.715343e-02 -9.961949e-01 0.000000e+00
      outer loop
         vertex 1.790000e+01 3.710000e+01 5.500000e+00
         vertex 1.781318e+01 3.709240e+01 4.500000e+00
         vertex 1.790000e+01 3.710000e+01 4.500000e+00
      endloop
   endfacet
   facet normal 1.000000e+00 -0.000000e+00 0.000000e+00
      outer loop
         vertex 1.740000e+01 2.880000e+01 5.500000e+00
         vertex 1.740000e+01 2.880000e+01 4.500000e+00
         vertex 1.740000e+01 3.597500e+01 5.500000e+00
      endloop
   endfacet
   facet normal 1.000000e+00 0.000000e+00 0.000000e+00
      outer loop
         vertex 1.740000e+01 3.597500e+01 5.500000e+00
         vertex 1.740000e+01 2.880000e+01 4.500000e+00
         vertex 1.740000e+01 3.660000e+01 4.500000e+00
      endloop
   endfacet
   facet normal 1.000000e+00 -0.000000e+00 0.000000e+00
      outer loop
         vertex 1.740000e+01 3.597500e+01 5.500000e+00
         vertex 1.740000e+01 3.660000e+01 4.500000e+00
         vertex 1.740000e+01 3.660000e+01 5.500000e+00
      endloop
   endfacet
   facet normal 8.715873e-02 9.961944e-01 0.000000e+00
      outer loop
         vertex 1.790000e+01 2.830000e+01 5.500000e+00
         vertex 1.790000e+01 2.830000e+01 4.500000e+00
         vertex 1.781318e+01 2.830760e+01 5.500000e+00
      endloop
   endfacet
   facet normal 8.715873e-02 9.961944e-01 0.000000e+00
      outer loop
         vertex 1.781318e+01 2.830760e+01 5.500000e+00
         vertex 1.790000e+01 2.830000e+01 4.500000e+00
         vertex 1.781318e+01 2.830760e+01 4.500000e+00
      endloop
   endfacet
   facet normal 2.588191e-01 9.659258e-01 0.000000e+00
      outer loop
         vertex 1.781318e+01 2.830760e+01 5.500000e+00
         vertex 1.781318e+01 2.830760e+01 4.500000e+00
         vertex 1.772899e+01 2.833015e+01 5.500000e+00
      endloop
   endfacet
   facet normal 2.588191e-01 9.659258e-01 0.000000e+00
      outer loop
         vertex 1.772899e+01 2.833015e+01 5.500000e+00
         vertex 1.781318e+01 2.830760e+01 4.500000e+00
         vertex 1.772899e+01 2.833015e+01 4.500000e+00
      endloop
   endfacet
   facet normal 4.226149e-01 9.063094e-01 0.000000e+00
      outer loop
         vertex 1.772899e+01 2.833015e+01 5.500000e+00
         vertex 1.772899e+01 2.833015e+01 4.500000e+00
         vertex 1.765000e+01 2.836699e+01 5.500000e+00
      endloop
   endfacet
   facet normal 4.226149e-01 9.063094e-01 0.000000e+00
      outer loop
         vertex 1.765000e+01 2.836699e+01 5.500000e+00
         vertex 1.772899e+01 2.833015e+01 4.500000e+00
         vertex 1.765000e+01 2.836699e+01 4.500000e+00
      endloop
   endfacet
   facet normal 5.735800e-01 8.191496e-01 0.000000e+00
      outer loop
         vertex 1.765000e+01 2.836699e+01 5.500000e+00
         vertex 1.765000e+01 2.836699e+01 4.500000e+00
         vertex 1.757861e+01 2.841698e+01 5.500000e+00
      endloop
   endfacet
   facet normal 5.735800e-01 8.191496e-01 0.000000e+00
      outer loop
         vertex 1.757861e+01 2.841698e+01 5.500000e+00
         vertex 1.765000e+01 2.836699e+01 4.500000e+00
         vertex 1.757861e+01 2.841698e+01 4.500000e+00
      endloop
   endfacet
   facet normal 7.071014e-01 7.071121e-01 0.000000e+00
      outer loop
         vertex 1.757861e+01 2.841698e+01 5.500000e+00
         vertex 1.757861e+01 2.841698e+01 4.500000e+00
         vertex 1.751698e+01 2.847861e+01 5.500000e+00
      endloop
   endfacet
   facet normal 7.071014e-01 7.071121e-01 0.000000e+00
      outer loop
         vertex 1.751698e+01 2.847861e+01 5.500000e+00
         vertex 1.757861e+01 2.841698e+01 4.500000e+00
         vertex 1.751698e+01 2.847861e+01 4.500000e+00
      endloop
   endfacet
   facet normal 8.191564e-01 5.735703e-01 0.000000e+00
      outer loop
         vertex 1.751698e+01 2.847861e+01 5.500000e+00
         vertex 1.751698e+01 2.847861e+01 4.500000e+00
         vertex 1.746699e+01 2.855000e+01 5.500000e+00
      endloop
   endfacet
   facet normal 8.191564e-01 5.735703e-01 0.000000e+00
      outer loop
         vertex 1.746699e+01 2.855000e+01 5.500000e+00
         vertex 1.751698e+01 2.847861e+01 4.500000e+00
         vertex 1.746699e+01 2.855000e+01 4.500000e+00
      endloop
   endfacet
   facet normal 9.063073e-01 4.226193e-01 0.000000e+00
      outer loop
         vertex 1.746699e+01 2.855000e+01 5.500000e+00
         vertex 1.746699e+01 2.855000e+01 4.500000e+00
         vertex 1.743015e+01 2.862899e+01 5.500000e+00
      endloop
   endfacet
   facet normal 9.063073e-01 4.226193e-01 0.000000e+00
      outer loop
         vertex 1.743015e+01 2.862899e+01 5.500000e+00
         vertex 1.746699e+01 2.855000e+01 4.500000e+00
         vertex 1.743015e+01 2.862899e+01 4.500000e+00
      endloop
   endfacet
   facet normal 9.659258e-01 2.588191e-01 0.000000e+00
      outer loop
         vertex 1.743015e+01 2.862899e+01 5.500000e+00
         vertex 1.743015e+01 2.862899e+01 4.500000e+00
         vertex 1.740760e+01 2.871318e+01 5.500000e+00
      endloop
   endfacet
   facet normal 9.659258e-01 2.588191e-01 0.000000e+00
      outer loop
         vertex 1.740760e+01 2.871318e+01 5.500000e+00
         vertex 1.743015e+01 2.862899e+01 4.500000e+00
         vertex 1.740760e+01 2.871318e+01 4.500000e+00
      endloop
   endfacet
   facet normal 9.961949e-01 8.715297e-02 0.000000e+00
      outer loop
         vertex 1.740760e+01 2.871318e+01 5.500000e+00
         vertex 1.740760e+01 2.871318e+01 4.500000e+00
         vertex 1.740000e+01 2.880000e+01 5.500000e+00
      endloop
   endfacet
   facet normal 9.961949e-01 8.715297e-02 0.000000e+00
      outer loop
         vertex 1.740000e+01 2.880000e+01 5.500000e+00
         vertex 1.740760e+01 2.871318e+01 4.500000e+00
         vertex 1.740000e+01 2.880000e+01 4.500000e+00
      endloop
   endfacet
   facet normal 0.000000e+00 1.000000e+00 0.000000e+00
      outer loop
         vertex 1.790000e+01 6.300000e+00 4.500000e+00
         vertex 1.790000e+01 6.300000e+00 5.500000e+00
         vertex 2.142500e+01 6.300000e+00 4.500000e+00
      endloop
   endfacet
   facet normal 0.000000e+00 1.000000e+00 -0.000000e+00
      outer loop
         vertex 2.142500e+01 6.300000e+00 4.500000e+00
         vertex 1.790000e+01 6.300000e+00 5.500000e+00
         vertex 2.142500e+01 6.300000e+00 5.500000e+00
      endloop
   endfacet
   facet normal 0.000000e+00 1.000000e+00 0.000000e+00
      outer loop
         vertex 2.142500e+01 6.300000e+00 4.500000e+00
         vertex 2.142500e+01 6.300000e+00 5.500000e+00
         vertex 2.710000e+01 6.300000e+00 4.500000e+00
      endloop
   endfacet
   facet normal 0.000000e+00 1.000000e+00 0.000000e+00
      outer loop
         vertex 2.710000e+01 6.300000e+00 4.500000e+00
         vertex 2.142500e+01 6.300000e+00 5.500000e+00
         vertex 2.485000e+01 6.300000e+00 5.500000e+00
      endloop
   endfacet
   facet normal 0.000000e+00 1.000000e+00 -0.000000e+00
      outer loop
         vertex 2.710000e+01 6.300000e+00 4.500000e+00
         vertex 2.485000e+01 6.300000e+00 5.500000e+00
         vertex 2.710000e+01 6.300000e+00 5.500000e+00
      endloop
   endfacet
   facet normal -9.961947e-01 8.715515e-02 0.000000e+00
      outer loop
         vertex 2.760000e+01 6.800001e+00 5.500000e+00
         vertex 2.760000e+01 6.800001e+00 4.500000e+00
         vertex 2.759240e+01 6.713176e+00 5.500000e+00
      endloop
   endfacet
   facet normal -9.961947e-01 8.715515e-02 0.000000e+00
      outer loop
         vertex 2.759240e+01 6.713176e+00 5.500000e+00
         vertex 2.760000e+01 6.800001e+00 4.500000e+00
         vertex 2.759240e+01 6.713176e+00 4.500000e+00
      endloop
   endfacet
   facet normal -9.659258e-01 2.588191e-01 0.000000e+00
      outer loop
         vertex 2.759240e+01 6.713176e+00 5.500000e+00
         vertex 2.759240e+01 6.713176e+00 4.500000e+00
         vertex 2.756985e+01 6.628990e+00 5.500000e+00
      endloop
   endfacet
   facet normal -9.659258e-01 2.588191e-01 0.000000e+00
      outer loop
         vertex 2.756985e+01 6.628990e+00 5.500000e+00
         vertex 2.759240e+01 6.713176e+00 4.500000e+00
         vertex 2.756985e+01 6.628990e+00 4.500000e+00
      endloop
   endfacet
   facet normal -9.063073e-01 4.226193e-01 0.000000e+00
      outer loop
         vertex 2.756985e+01 6.628990e+00 5.500000e+00
         vertex 2.756985e+01 6.628990e+00 4.500000e+00
         vertex 2.753301e+01 6.550000e+00 5.500000e+00
      endloop
   endfacet
   facet normal -9.063073e-01 4.226193e-01 0.000000e+00
      outer loop
         vertex 2.753301e+01 6.550000e+00 5.500000e+00
         vertex 2.756985e+01 6.628990e+00 4.500000e+00
         vertex 2.753301e+01 6.550000e+00 4.500000e+00
      endloop
   endfacet
   facet normal -8.191508e-01 5.735782e-01 0.000000e+00
      outer loop
         vertex 2.753301e+01 6.550000e+00 5.500000e+00
         vertex 2.753301e+01 6.550000e+00 4.500000e+00
         vertex 2.748302e+01 6.478607e+00 5.500000e+00
      endloop
   endfacet
   facet normal -8.191508e-01 5.735782e-01 0.000000e+00
      outer loop
         vertex 2.748302e+01 6.478607e+00 5.500000e+00
         vertex 2.753301e+01 6.550000e+00 4.500000e+00
         vertex 2.748302e+01 6.478607e+00 4.500000e+00
      endloop
   endfacet
   facet normal -7.071068e-01 7.071068e-01 0.000000e+00
      outer loop
         vertex 2.748302e+01 6.478607e+00 5.500000e+00
         vertex 2.748302e+01 6.478607e+00 4.500000e+00
         vertex 2.742139e+01 6.416978e+00 5.500000e+00
      endloop
   endfacet
   facet normal -7.071068e-01 7.071068e-01 0.000000e+00
      outer loop
         vertex 2.742139e+01 6.416978e+00 5.500000e+00
         vertex 2.748302e+01 6.478607e+00 4.500000e+00
         vertex 2.742139e+01 6.416978e+00 4.500000e+00
      endloop
   endfacet
   facet normal -5.735774e-01 8.191513e-01 0.000000e+00
      outer loop
         vertex 2.742139e+01 6.416978e+00 5.500000e+00
         vertex 2.742139e+01 6.416978e+00 4.500000e+00
         vertex 2.735000e+01 6.366988e+00 5.500000e+00
      endloop
   endfacet
   facet normal -5.735774e-01 8.191513e-01 0.000000e+00
      outer loop
         vertex 2.735000e+01 6.366988e+00 5.500000e+00
         vertex 2.742139e+01 6.416978e+00 4.500000e+00
         vertex 2.735000e+01 6.366988e+00 4.500000e+00
      endloop
   endfacet
   facet normal -4.226203e-01 9.063068e-01 0.000000e+00
      outer loop
         vertex 2.735000e+01 6.366988e+00 5.500000e+00
         vertex 2.735000e+01 6.366988e+00 4.500000e+00
         vertex 2.727101e+01 6.330154e+00 5.500000e+00
      endloop
   endfacet
   facet normal -4.226203e-01 9.063068e-01 0.000000e+00
      outer loop
         vertex 2.727101e+01 6.330154e+00 5.500000e+00
         vertex 2.735000e+01 6.366988e+00 4.500000e+00
         vertex 2.727101e+01 6.330154e+00 4.500000e+00
      endloop
   endfacet
   facet normal -2.588191e-01 9.659258e-01 0.000000e+00
      outer loop
         vertex 2.727101e+01 6.330154e+00 5.500000e+00
         vertex 2.727101e+01 6.330154e+00 4.500000e+00
         vertex 2.718682e+01 6.307596e+00 5.500000e+00
      endloop
   endfacet
   facet normal -2.588191e-01 9.659258e-01 0.000000e+00
      outer loop
         vertex 2.718682e+01 6.307596e+00 5.500000e+00
         vertex 2.727101e+01 6.330154e+00 4.500000e+00
         vertex 2.718682e+01 6.307596e+00 4.500000e+00
      endloop
   endfacet
   facet normal -8.715273e-02 9.961950e-01 0.000000e+00
      outer loop
         vertex 2.718682e+01 6.307596e+00 5.500000e+00
         vertex 2.718682e+01 6.307596e+00 4.500000e+00
         vertex 2.710000e+01 6.300000e+00 5.500000e+00
      endloop
   endfacet
   facet normal -8.715273e-02 9.961950e-01 0.000000e+00
      outer loop
         vertex 2.710000e+01 6.300000e+00 5.500000e+00
         vertex 2.718682e+01 6.307596e+00 4.500000e+00
         vertex 2.710000e+01 6.300000e+00 4.500000e+00
      endloop
   endfacet
   facet normal -1.000000e+00 0.000000e+00 0.000000e+00
      outer loop
         vertex 2.760000e+01 6.800001e+00 4.500000e+00
         vertex 2.760000e+01 6.800001e+00 5.500000e+00
         vertex 2.760000e+01 1.460000e+01 4.500000e+00
      endloop
   endfacet
   facet normal -1.000000e+00 0.000000e+00 0.000000e+00
      outer loop
         vertex 2.760000e+01 1.460000e+01 4.500000e+00
         vertex 2.760000e+01 6.800001e+00 5.500000e+00
         vertex 2.760000e+01 1.460000e+01 5.500000e+00
      endloop
   endfacet
   facet normal -8.715804e-02 -9.961945e-01 -0.000000e+00
      outer loop
         vertex 2.710000e+01 1.510000e+01 5.500000e+00
         vertex 2.710000e+01 1.510000e+01 4.500000e+00
         vertex 2.718682e+01 1.509240e+01 5.500000e+00
      endloop
   endfacet
   facet normal -8.715804e-02 -9.961945e-01 -0.000000e+00
      outer loop
         vertex 2.718682e+01 1.509240e+01 5.500000e+00
         vertex 2.710000e+01 1.510000e+01 4.500000e+00
         vertex 2.718682e+01 1.509240e+01 4.500000e+00
      endloop
   endfacet
   facet normal -2.588191e-01 -9.659258e-01 -0.000000e+00
      outer loop
         vertex 2.718682e+01 1.509240e+01 5.500000e+00
         vertex 2.718682e+01 1.509240e+01 4.500000e+00
         vertex 2.727101e+01 1.506985e+01 5.500000e+00
      endloop
   endfacet
   facet normal -2.588191e-01 -9.659258e-01 -0.000000e+00
      outer loop
         vertex 2.727101e+01 1.506985e+01 5.500000e+00
         vertex 2.718682e+01 1.509240e+01 4.500000e+00
         vertex 2.727101e+01 1.506985e+01 4.500000e+00
      endloop
   endfacet
   facet normal -4.226159e-01 -9.063089e-01 -0.000000e+00
      outer loop
         vertex 2.727101e+01 1.506985e+01 5.500000e+00
         vertex 2.727101e+01 1.506985e+01 4.500000e+00
         vertex 2.735000e+01 1.503301e+01 5.500000e+00
      endloop
   endfacet
   facet normal -4.226159e-01 -9.063089e-01 -0.000000e+00
      outer loop
         vertex 2.735000e+01 1.503301e+01 5.500000e+00
         vertex 2.727101e+01 1.506985e+01 4.500000e+00
         vertex 2.735000e+01 1.503301e+01 4.500000e+00
      endloop
   endfacet
   facet normal -5.735774e-01 -8.191513e-01 -0.000000e+00
      outer loop
         vertex 2.735000e+01 1.503301e+01 5.500000e+00
         vertex 2.735000e+01 1.503301e+01 4.500000e+00
         vertex 2.742139e+01 1.498302e+01 5.500000e+00
      endloop
   endfacet
   facet normal -5.735774e-01 -8.191513e-01 -0.000000e+00
      outer loop
         vertex 2.742139e+01 1.498302e+01 5.500000e+00
         vertex 2.735000e+01 1.503301e+01 4.500000e+00
         vertex 2.742139e+01 1.498302e+01 4.500000e+00
      endloop
   endfacet
   facet normal -7.071068e-01 -7.071068e-01 -0.000000e+00
      outer loop
         vertex 2.742139e+01 1.498302e+01 5.500000e+00
         vertex 2.742139e+01 1.498302e+01 4.500000e+00
         vertex 2.748302e+01 1.492139e+01 5.500000e+00
      endloop
   endfacet
   facet normal -7.071068e-01 -7.071068e-01 -0.000000e+00
      outer loop
         vertex 2.748302e+01 1.492139e+01 5.500000e+00
         vertex 2.742139e+01 1.498302e+01 4.500000e+00
         vertex 2.748302e+01 1.492139e+01 4.500000e+00
      endloop
   endfacet
   facet normal -8.191526e-01 -5.735757e-01 -0.000000e+00
      outer loop
         vertex 2.748302e+01 1.492139e+01 5.500000e+00
         vertex 2.748302e+01 1.492139e+01 4.500000e+00
         vertex 2.753301e+01 1.485000e+01 5.500000e+00
      endloop
   endfacet
   facet normal -8.191526e-01 -5.735757e-01 -0.000000e+00
      outer loop
         vertex 2.753301e+01 1.485000e+01 5.500000e+00
         vertex 2.748302e+01 1.492139e+01 4.500000e+00
         vertex 2.753301e+01 1.485000e+01 4.500000e+00
      endloop
   endfacet
   facet normal -9.063073e-01 -4.226193e-01 -0.000000e+00
      outer loop
         vertex 2.753301e+01 1.485000e+01 5.500000e+00
         vertex 2.753301e+01 1.485000e+01 4.500000e+00
         vertex 2.756985e+01 1.477101e+01 5.500000e+00
      endloop
   endfacet
   facet normal -9.063073e-01 -4.226193e-01 -0.000000e+00
      outer loop
         vertex 2.756985e+01 1.477101e+01 5.500000e+00
         vertex 2.753301e+01 1.485000e+01 4.500000e+00
         vertex 2.756985e+01 1.477101e+01 4.500000e+00
      endloop
   endfacet
   facet normal -9.659258e-01 -2.588191e-01 -0.000000e+00
      outer loop
         vertex 2.756985e+01 1.477101e+01 5.500000e+00
         vertex 2.756985e+01 1.477101e+01 4.500000e+00
         vertex 2.759240e+01 1.468682e+01 5.500000e+00
      endloop
   endfacet
   facet normal -9.659258e-01 -2.588191e-01 -0.000000e+00
      outer loop
         vertex 2.759240e+01 1.468682e+01 5.500000e+00
         vertex 2.756985e+01 1.477101e+01 4.500000e+00
         vertex 2.759240e+01 1.468682e+01 4.500000e+00
      endloop
   endfacet
   facet normal -9.961947e-01 -8.715562e-02 -0.000000e+00
      outer loop
         vertex 2.759240e+01 1.468682e+01 5.500000e+00
         vertex 2.759240e+01 1.468682e+01 4.500000e+00
         vertex 2.760000e+01 1.460000e+01 5.500000e+00
      endloop
   endfacet
   facet normal -9.961947e-01 -8.715562e-02 -0.000000e+00
      outer loop
         vertex 2.760000e+01 1.460000e+01 5.500000e+00
         vertex 2.759240e+01 1.468682e+01 4.500000e+00
         vertex 2.760000e+01 1.460000e+01 4.500000e+00
      endloop
   endfacet
   facet normal 0.000000e+00 -1.000000e+00 0.000000e+00
      outer loop
         vertex 1.790000e+01 1.510000e+01 5.500000e+00
         vertex 1.790000e+01 1.510000e+01 4.500000e+00
         vertex 2.142500e+01 1.510000e+01 5.500000e+00
      endloop
   endfacet
   facet normal 0.000000e+00 -1.000000e+00 -0.000000e+00
      outer loop
         vertex 2.142500e+01 1.510000e+01 5.500000e+00
         vertex 1.790000e+01 1.510000e+01 4.500000e+00
         vertex 2.142500e+01 1.510000e+01 4.500000e+00
      endloop
   endfacet
   facet normal 0.000000e+00 -1.000000e+00 0.000000e+00
      outer loop
         vertex 2.142500e+01 1.510000e+01 5.500000e+00
         vertex 2.142500e+01 1.510000e+01 4.500000e+00
         vertex 2.485000e+01 1.510000e+01 5.500000e+00
      endloop
   endfacet
   facet normal 0.000000e+00 -1.000000e+00 -0.000000e+00
      outer loop
         vertex 2.485000e+01 1.510000e+01 5.500000e+00
         vertex 2.142500e+01 1.510000e+01 4.500000e+00
         vertex 2.710000e+01 1.510000e+01 4.500000e+00
      endloop
   endfacet
   facet normal 0.000000e+00 -1.000000e+00 0.000000e+00
      outer loop
         vertex 2.485000e+01 1.510000e+01 5.500000e+00
         vertex 2.710000e+01 1.510000e+01 4.500000e+00
         vertex 2.710000e+01 1.510000e+01 5.500000e+00
      endloop
   endfacet
   facet normal 9.961949e-01 -8.715297e-02 0.000000e+00
      outer loop
         vertex 1.740000e+01 1.460000e+01 5.500000e+00
         vertex 1.740000e+01 1.460000e+01 4.500000e+00
         vertex 1.740760e+01 1.468682e+01 5.500000e+00
      endloop
   endfacet
   facet normal 9.961949e-01 -8.715297e-02 0.000000e+00
      outer loop
         vertex 1.740760e+01 1.468682e+01 5.500000e+00
         vertex 1.740000e+01 1.460000e+01 4.500000e+00
         vertex 1.740760e+01 1.468682e+01 4.500000e+00
      endloop
   endfacet
   facet normal 9.659258e-01 -2.588191e-01 0.000000e+00
      outer loop
         vertex 1.740760e+01 1.468682e+01 5.500000e+00
         vertex 1.740760e+01 1.468682e+01 4.500000e+00
         vertex 1.743015e+01 1.477101e+01 5.500000e+00
      endloop
   endfacet
   facet normal 9.659258e-01 -2.588191e-01 0.000000e+00
      outer loop
         vertex 1.743015e+01 1.477101e+01 5.500000e+00
         vertex 1.740760e+01 1.468682e+01 4.500000e+00
         vertex 1.743015e+01 1.477101e+01 4.500000e+00
      endloop
   endfacet
   facet normal 9.063073e-01 -4.226193e-01 0.000000e+00
      outer loop
         vertex 1.743015e+01 1.477101e+01 5.500000e+00
         vertex 1.743015e+01 1.477101e+01 4.500000e+00
         vertex 1.746699e+01 1.485000e+01 5.500000e+00
      endloop
   endfacet
   facet normal 9.063073e-01 -4.226193e-01 0.000000e+00
      outer loop
         vertex 1.746699e+01 1.485000e+01 5.500000e+00
         vertex 1.743015e+01 1.477101e+01 4.500000e+00
         vertex 1.746699e+01 1.485000e+01 4.500000e+00
      endloop
   endfacet
   facet normal 8.191564e-01 -5.735703e-01 0.000000e+00
      outer loop
         vertex 1.746699e+01 1.485000e+01 5.500000e+00
         vertex 1.746699e+01 1.485000e+01 4.500000e+00
         vertex 1.751698e+01 1.492139e+01 5.500000e+00
      endloop
   endfacet
   facet normal 8.191564e-01 -5.735703e-01 0.000000e+00
      outer loop
         vertex 1.751698e+01 1.492139e+01 5.500000e+00
         vertex 1.746699e+01 1.485000e+01 4.500000e+00
         vertex 1.751698e+01 1.492139e+01 4.500000e+00
      endloop
   endfacet
   facet normal 7.071014e-01 -7.071121e-01 0.000000e+00
      outer loop
         vertex 1.751698e+01 1.492139e+01 5.500000e+00
         vertex 1.751698e+01 1.492139e+01 4.500000e+00
         vertex 1.757861e+01 1.498302e+01 5.500000e+00
      endloop
   endfacet
   facet normal 7.071014e-01 -7.071121e-01 0.000000e+00
      outer loop
         vertex 1.757861e+01 1.498302e+01 5.500000e+00
         vertex 1.751698e+01 1.492139e+01 4.500000e+00
         vertex 1.757861e+01 1.498302e+01 4.500000e+00
      endloop
   endfacet
   facet normal 5.735800e-01 -8.191496e-01 0.000000e+00
      outer loop
         vertex 1.757861e+01 1.498302e+01 5.500000e+00
         vertex 1.757861e+01 1.498302e+01 4.500000e+00
         vertex 1.765000e+01 1.503301e+01 5.500000e+00
      endloop
   endfacet
   facet normal 5.735800e-01 -8.191496e-01 0.000000e+00
      outer loop
         vertex 1.765000e+01 1.503301e+01 5.500000e+00
         vertex 1.757861e+01 1.498302e+01 4.500000e+00
         vertex 1.765000e+01 1.503301e+01 4.500000e+00
      endloop
   endfacet
   facet normal 4.226149e-01 -9.063094e-01 0.000000e+00
      outer loop
         vertex 1.765000e+01 1.503301e+01 5.500000e+00
         vertex 1.765000e+01 1.503301e+01 4.500000e+00
         vertex 1.772899e+01 1.506985e+01 5.500000e+00
      endloop
   endfacet
   facet normal 4.226149e-01 -9.063094e-01 0.000000e+00
      outer loop
         vertex 1.772899e+01 1.506985e+01 5.500000e+00
         vertex 1.765000e+01 1.503301e+01 4.500000e+00
         vertex 1.772899e+01 1.506985e+01 4.500000e+00
      endloop
   endfacet
   facet normal 2.588191e-01 -9.659258e-01 0.000000e+00
      outer loop
         vertex 1.772899e+01 1.506985e+01 5.500000e+00
         vertex 1.772899e+01 1.506985e+01 4.500000e+00
         vertex 1.781318e+01 1.509240e+01 5.500000e+00
      endloop
   endfacet
   facet normal 2.588191e-01 -9.659258e-01 0.000000e+00
      outer loop
         vertex 1.781318e+01 1.509240e+01 5.500000e+00
         vertex 1.772899e+01 1.506985e+01 4.500000e+00
         vertex 1.781318e+01 1.509240e+01 4.500000e+00
      endloop
   endfacet
   facet normal 8.715873e-02 -9.961944e-01 0.000000e+00
      outer loop
         vertex 1.781318e+01 1.509240e+01 5.500000e+00
         vertex 1.781318e+01 1.509240e+01 4.500000e+00
         vertex 1.790000e+01 1.510000e+01 5.500000e+00
      endloop
   endfacet
   facet normal 8.715873e-02 -9.961944e-01 0.000000e+00
      outer loop
         vertex 1.790000e+01 1.510000e+01 5.500000e+00
         vertex 1.781318e+01 1.509240e+01 4.500000e+00
         vertex 1.790000e+01 1.510000e+01 4.500000e+00
      endloop
   endfacet
   facet normal 1.000000e+00 0.000000e+00 -0.000000e+00
      outer loop
         vertex 1.740000e+01 1.460000e+01 4.500000e+00
         vertex 1.740000e+01 1.460000e+01 5.500000e+00
         vertex 1.740000e+01 6.800001e+00 4.500000e+00
      endloop
   endfacet
   facet normal 1.000000e+00 0.000000e+00 0.000000e+00
      outer loop
         vertex 1.740000e+01 6.800001e+00 4.500000e+00
         vertex 1.740000e+01 1.460000e+01 5.500000e+00
         vertex 1.740000e+01 6.800001e+00 5.500000e+00
      endloop
   endfacet
   facet normal 8.715343e-02 9.961949e-01 0.000000e+00
      outer loop
         vertex 1.790000e+01 6.300000e+00 5.500000e+00
         vertex 1.790000e+01 6.300000e+00 4.500000e+00
         vertex 1.781318e+01 6.307596e+00 5.500000e+00
      endloop
   endfacet
   facet normal 8.715343e-02 9.961949e-01 0.000000e+00
      outer loop
         vertex 1.781318e+01 6.307596e+00 5.500000e+00
         vertex 1.790000e+01 6.300000e+00 4.500000e+00
         vertex 1.781318e+01 6.307596e+00 4.500000e+00
      endloop
   endfacet
   facet normal 2.588191e-01 9.659258e-01 0.000000e+00
      outer loop
         vertex 1.781318e+01 6.307596e+00 5.500000e+00
         vertex 1.781318e+01 6.307596e+00 4.500000e+00
         vertex 1.772899e+01 6.330154e+00 5.500000e+00
      endloop
   endfacet
   facet normal 2.588191e-01 9.659258e-01 0.000000e+00
      outer loop
         vertex 1.772899e+01 6.330154e+00 5.500000e+00
         vertex 1.781318e+01 6.307596e+00 4.500000e+00
         vertex 1.772899e+01 6.330154e+00 4.500000e+00
      endloop
   endfacet
   facet normal 4.226193e-01 9.063073e-01 0.000000e+00
      outer loop
         vertex 1.772899e+01 6.330154e+00 5.500000e+00
         vertex 1.772899e+01 6.330154e+00 4.500000e+00
         vertex 1.765000e+01 6.366988e+00 5.500000e+00
      endloop
   endfacet
   facet normal 4.226193e-01 9.063073e-01 0.000000e+00
      outer loop
         vertex 1.765000e+01 6.366988e+00 5.500000e+00
         vertex 1.772899e+01 6.330154e+00 4.500000e+00
         vertex 1.765000e+01 6.366988e+00 4.500000e+00
      endloop
   endfacet
   facet normal 5.735800e-01 8.191496e-01 0.000000e+00
      outer loop
         vertex 1.765000e+01 6.366988e+00 5.500000e+00
         vertex 1.765000e+01 6.366988e+00 4.500000e+00
         vertex 1.757861e+01 6.416978e+00 5.500000e+00
      endloop
   endfacet
   facet normal 5.735800e-01 8.191496e-01 0.000000e+00
      outer loop
         vertex 1.757861e+01 6.416978e+00 5.500000e+00
         vertex 1.765000e+01 6.366988e+00 4.500000e+00
         vertex 1.757861e+01 6.416978e+00 4.500000e+00
      endloop
   endfacet
   facet normal 7.071014e-01 7.071121e-01 0.000000e+00
      outer loop
         vertex 1.757861e+01 6.416978e+00 5.500000e+00
         vertex 1.757861e+01 6.416978e+00 4.500000e+00
         vertex 1.751698e+01 6.478607e+00 5.500000e+00
      endloop
   endfacet
   facet normal 7.071014e-01 7.071121e-01 0.000000e+00
      outer loop
         vertex 1.751698e+01 6.478607e+00 5.500000e+00
         vertex 1.757861e+01 6.416978e+00 4.500000e+00
         vertex 1.751698e+01 6.478607e+00 4.500000e+00
      endloop
   endfacet
   facet normal 8.191546e-01 5.735728e-01 0.000000e+00
      outer loop
         vertex 1.751698e+01 6.478607e+00 5.500000e+00
         vertex 1.751698e+01 6.478607e+00 4.500000e+00
         vertex 1.746699e+01 6.550000e+00 5.500000e+00
      endloop
   endfacet
   facet normal 8.191546e-01 5.735728e-01 0.000000e+00
      outer loop
         vertex 1.746699e+01 6.550000e+00 5.500000e+00
         vertex 1.751698e+01 6.478607e+00 4.500000e+00
         vertex 1.746699e+01 6.550000e+00 4.500000e+00
      endloop
   endfacet
   facet normal 9.063073e-01 4.226193e-01 0.000000e+00
      outer loop
         vertex 1.746699e+01 6.550000e+00 5.500000e+00
         vertex 1.746699e+01 6.550000e+00 4.500000e+00
         vertex 1.743015e+01 6.628990e+00 5.500000e+00
      endloop
   endfacet
   facet normal 9.063073e-01 4.226193e-01 0.000000e+00
      outer loop
         vertex 1.743015e+01 6.628990e+00 5.500000e+00
         vertex 1.746699e+01 6.550000e+00 4.500000e+00
         vertex 1.743015e+01 6.628990e+00 4.500000e+00
      endloop
   endfacet
   facet normal 9.659258e-01 2.588191e-01 0.000000e+00
      outer loop
         vertex 1.743015e+01 6.628990e+00 5.500000e+00
         vertex 1.743015e+01 6.628990e+00 4.500000e+00
         vertex 1.740760e+01 6.713176e+00 5.500000e+00
      endloop
   endfacet
   facet normal 9.659258e-01 2.588191e-01 0.000000e+00
      outer loop
         vertex 1.740760e+01 6.713176e+00 5.500000e+00
         vertex 1.743015e+01 6.628990e+00 4.500000e+00
         vertex 1.740760e+01 6.713176e+00 4.500000e+00
      endloop
   endfacet
   facet normal 9.961950e-01 8.715250e-02 0.000000e+00
      outer loop
         vertex 1.740760e+01 6.713176e+00 5.500000e+00
         vertex 1.740760e+01 6.713176e+00 4.500000e+00
         vertex 1.740000e+01 6.800001e+00 5.500000e+00
      endloop
   endfacet
   facet normal 9.961950e-01 8.715250e-02 0.000000e+00
      outer loop
         vertex 1.740000e+01 6.800001e+00 5.500000e+00
         vertex 1.740760e+01 6.713176e+00 4.500000e+00
         vertex 1.740000e+01 6.800001e+00 4.500000e+00
      endloop
   endfacet
   facet normal 1.000000e+00 0.000000e+00 -0.000000e+00
      outer loop
         vertex 4.975000e+01 3.540000e+01 4.500000e+00
         vertex 4.975000e+01 3.540000e+01 5.500000e+00
         vertex 4.975000e+01 2.545000e+01 4.500000e+00
      endloop
   endfacet
   facet normal 1.000000e+00 0.000000e+00 0.000000e+00
      outer loop
         vertex 4.975000e+01 2.545000e+01 4.500000e+00
         vertex 4.975000e+01 3.540000e+01 5.500000e+00
         vertex 4.975000e+01 2.545000e+01 5.500000e+00
      endloop
   endfacet
   facet normal 1.000000e+00 0.000000e+00 -0.000000e+00
      outer loop
         vertex 4.975000e+01 2.545000e+01 4.500000e+00
         vertex 4.975000e+01 2.545000e+01 5.500000e+00
         vertex 4.975000e+01 2.310000e+01 4.500000e+00
      endloop
   endfacet
   facet normal 1.000000e+00 0.000000e+00 0.000000e+00
      outer loop
         vertex 4.975000e+01 2.310000e+01 4.500000e+00
         vertex 4.975000e+01 2.545000e+01 5.500000e+00
         vertex 4.975000e+01 2.310000e+01 5.500000e+00
      endloop
   endfacet
   facet normal 8.715674e-02 9.961946e-01 0.000000e+00
      outer loop
         vertex 5.025000e+01 2.260000e+01 5.500000e+00
         vertex 5.025000e+01 2.260000e+01 4.500000e+00
         vertex 5.016318e+01 2.260760e+01 5.500000e+00
      endloop
   endfacet
   facet normal 8.715674e-02 9.961946e-01 0.000000e+00
      outer loop
         vertex 5.016318e+01 2.260760e+01 5.500000e+00
         vertex 5.025000e+01 2.260000e+01 4.500000e+00
         vertex 5.016318e+01 2.260760e+01 4.500000e+00
      endloop
   endfacet
   facet normal 2.588191e-01 9.659258e-01 0.000000e+00
      outer loop
         vertex 5.016318e+01 2.260760e+01 5.500000e+00
         vertex 5.016318e+01 2.260760e+01 4.500000e+00
         vertex 5.007899e+01 2.263015e+01 5.500000e+00
      endloop
   endfacet
   facet normal 2.588191e-01 9.659258e-01 0.000000e+00
      outer loop
         vertex 5.007899e+01 2.263015e+01 5.500000e+00
         vertex 5.016318e+01 2.260760e+01 4.500000e+00
         vertex 5.007899e+01 2.263015e+01 4.500000e+00
      endloop
   endfacet
   facet normal 4.226212e-01 9.063064e-01 0.000000e+00
      outer loop
         vertex 5.007899e+01 2.263015e+01 5.500000e+00
         vertex 5.007899e+01 2.263015e+01 4.500000e+00
         vertex 5.000000e+01 2.266699e+01 5.500000e+00
      endloop
   endfacet
   facet normal 4.226212e-01 9.063064e-01 0.000000e+00
      outer loop
         vertex 5.000000e+01 2.266699e+01 5.500000e+00
         vertex 5.007899e+01 2.263015e+01 4.500000e+00
         vertex 5.000000e+01 2.266699e+01 4.500000e+00
      endloop
   endfacet
   facet normal 5.735695e-01 8.191569e-01 0.000000e+00
      outer loop
         vertex 5.000000e+01 2.266699e+01 5.500000e+00
         vertex 5.000000e+01 2.266699e+01 4.500000e+00
         vertex 4.992861e+01 2.271698e+01 5.500000e+00
      endloop
   endfacet
   facet normal 5.735695e-01 8.191569e-01 0.000000e+00
      outer loop
         vertex 4.992861e+01 2.271698e+01 5.500000e+00
         vertex 5.000000e+01 2.266699e+01 4.500000e+00
         vertex 4.992861e+01 2.271698e+01 4.500000e+00
      endloop
   endfacet
   facet normal 7.071121e-01 7.071014e-01 0.000000e+00
      outer loop
         vertex 4.992861e+01 2.271698e+01 5.500000e+00
         vertex 4.992861e+01 2.271698e+01 4.500000e+00
         vertex 4.986698e+01 2.277861e+01 5.500000e+00
      endloop
   endfacet
   facet normal 7.071121e-01 7.071014e-01 0.000000e+00
      outer loop
         vertex 4.986698e+01 2.277861e+01 5.500000e+00
         vertex 4.992861e+01 2.271698e+01 4.500000e+00
         vertex 4.986698e+01 2.277861e+01 4.500000e+00
      endloop
   endfacet
   facet normal 8.191463e-01 5.735846e-01 0.000000e+00
      outer loop
         vertex 4.986698e+01 2.277861e+01 5.500000e+00
         vertex 4.986698e+01 2.277861e+01 4.500000e+00
         vertex 4.981699e+01 2.285000e+01 5.500000e+00
      endloop
   endfacet
   facet normal 8.191463e-01 5.735846e-01 0.000000e+00
      outer loop
         vertex 4.981699e+01 2.285000e+01 5.500000e+00
         vertex 4.986698e+01 2.277861e+01 4.500000e+00
         vertex 4.981699e+01 2.285000e+01 4.500000e+00
      endloop
   endfacet
   facet normal 9.063068e-01 4.226203e-01 0.000000e+00
      outer loop
         vertex 4.981699e+01 2.285000e+01 5.500000e+00
         vertex 4.981699e+01 2.285000e+01 4.500000e+00
         vertex 4.978015e+01 2.292899e+01 5.500000e+00
      endloop
   endfacet
   facet normal 9.063068e-01 4.226203e-01 0.000000e+00
      outer loop
         vertex 4.978015e+01 2.292899e+01 5.500000e+00
         vertex 4.981699e+01 2.285000e+01 4.500000e+00
         vertex 4.978015e+01 2.292899e+01 4.500000e+00
      endloop
   endfacet
   facet normal 9.659285e-01 2.588091e-01 0.000000e+00
      outer loop
         vertex 4.978015e+01 2.292899e+01 5.500000e+00
         vertex 4.978015e+01 2.292899e+01 4.500000e+00
         vertex 4.975760e+01 2.301318e+01 5.500000e+00
      endloop
   endfacet
   facet normal 9.659285e-01 2.588091e-01 0.000000e+00
      outer loop
         vertex 4.975760e+01 2.301318e+01 5.500000e+00
         vertex 4.978015e+01 2.292899e+01 4.500000e+00
         vertex 4.975760e+01 2.301318e+01 4.500000e+00
      endloop
   endfacet
   facet normal 9.961950e-01 8.715285e-02 0.000000e+00
      outer loop
         vertex 4.975760e+01 2.301318e+01 5.500000e+00
         vertex 4.975760e+01 2.301318e+01 4.500000e+00
         vertex 4.975000e+01 2.310000e+01 5.500000e+00
      endloop
   endfacet
   facet normal 9.961950e-01 8.715285e-02 0.000000e+00
      outer loop
         vertex 4.975000e+01 2.310000e+01 5.500000e+00
         vertex 4.975760e+01 2.301318e+01 4.500000e+00
         vertex 4.975000e+01 2.310000e+01 4.500000e+00
      endloop
   endfacet
   facet normal 0.000000e+00 1.000000e+00 0.000000e+00
      outer loop
         vertex 5.725000e+01 2.260000e+01 5.500000e+00
         vertex 5.725000e+01 2.260000e+01 4.500000e+00
         vertex 5.200000e+01 2.260000e+01 5.500000e+00
      endloop
   endfacet
   facet normal 0.000000e+00 1.000000e+00 0.000000e+00
      outer loop
         vertex 5.200000e+01 2.260000e+01 5.500000e+00
         vertex 5.725000e+01 2.260000e+01 4.500000e+00
         vertex 5.025000e+01 2.260000e+01 4.500000e+00
      endloop
   endfacet
   facet normal 0.000000e+00 1.000000e+00 0.000000e+00
      outer loop
         vertex 5.200000e+01 2.260000e+01 5.500000e+00
         vertex 5.025000e+01 2.260000e+01 4.500000e+00
         vertex 5.025000e+01 2.260000e+01 5.500000e+00
      endloop
   endfacet
   facet normal -9.961950e-01 8.715285e-02 0.000000e+00
      outer loop
         vertex 5.775000e+01 2.310000e+01 5.500000e+00
         vertex 5.775000e+01 2.310000e+01 4.500000e+00
         vertex 5.774240e+01 2.301318e+01 5.500000e+00
      endloop
   endfacet
   facet normal -9.961950e-01 8.715285e-02 0.000000e+00
      outer loop
         vertex 5.774240e+01 2.301318e+01 5.500000e+00
         vertex 5.775000e+01 2.310000e+01 4.500000e+00
         vertex 5.774240e+01 2.301318e+01 4.500000e+00
      endloop
   endfacet
   facet normal -9.659232e-01 2.588290e-01 0.000000e+00
      outer loop
         vertex 5.774240e+01 2.301318e+01 5.500000e+00
         vertex 5.774240e+01 2.301318e+01 4.500000e+00
         vertex 5.771985e+01 2.292899e+01 5.500000e+00
      endloop
   endfacet
   facet normal -9.659232e-01 2.588290e-01 0.000000e+00
      outer loop
         vertex 5.771985e+01 2.292899e+01 5.500000e+00
         vertex 5.774240e+01 2.301318e+01 4.500000e+00
         vertex 5.771985e+01 2.292899e+01 4.500000e+00
      endloop
   endfacet
   facet normal -9.063150e-01 4.226027e-01 0.000000e+00
      outer loop
         vertex 5.771985e+01 2.292899e+01 5.500000e+00
         vertex 5.771985e+01 2.292899e+01 4.500000e+00
         vertex 5.768301e+01 2.285000e+01 5.500000e+00
      endloop
   endfacet
   facet normal -9.063150e-01 4.226027e-01 0.000000e+00
      outer loop
         vertex 5.768301e+01 2.285000e+01 5.500000e+00
         vertex 5.771985e+01 2.292899e+01 4.500000e+00
         vertex 5.768301e+01 2.285000e+01 4.500000e+00
      endloop
   endfacet
   facet normal -8.191463e-01 5.735846e-01 0.000000e+00
      outer loop
         vertex 5.768301e+01 2.285000e+01 5.500000e+00
         vertex 5.768301e+01 2.285000e+01 4.500000e+00
         vertex 5.763302e+01 2.277861e+01 5.500000e+00
      endloop
   endfacet
   facet normal -8.191463e-01 5.735846e-01 0.000000e+00
      outer loop
         vertex 5.763302e+01 2.277861e+01 5.500000e+00
         vertex 5.768301e+01 2.285000e+01 4.500000e+00
         vertex 5.763302e+01 2.277861e+01 4.500000e+00
      endloop
   endfacet
   facet normal -7.071121e-01 7.071014e-01 0.000000e+00
      outer loop
         vertex 5.763302e+01 2.277861e+01 5.500000e+00
         vertex 5.763302e+01 2.277861e+01 4.500000e+00
         vertex 5.757139e+01 2.271698e+01 5.500000e+00
      endloop
   endfacet
   facet normal -7.071121e-01 7.071014e-01 0.000000e+00
      outer loop
         vertex 5.757139e+01 2.271698e+01 5.500000e+00
         vertex 5.763302e+01 2.277861e+01 4.500000e+00
         vertex 5.757139e+01 2.271698e+01 4.500000e+00
      endloop
   endfacet
   facet normal -5.735695e-01 8.191569e-01 0.000000e+00
      outer loop
         vertex 5.757139e+01 2.271698e+01 5.500000e+00
         vertex 5.757139e+01 2.271698e+01 4.500000e+00
         vertex 5.750000e+01 2.266699e+01 5.500000e+00
      endloop
   endfacet
   facet normal -5.735695e-01 8.191569e-01 0.000000e+00
      outer loop
         vertex 5.750000e+01 2.266699e+01 5.500000e+00
         vertex 5.757139e+01 2.271698e+01 4.500000e+00
         vertex 5.750000e+01 2.266699e+01 4.500000e+00
      endloop
   endfacet
   facet normal -4.226212e-01 9.063064e-01 0.000000e+00
      outer loop
         vertex 5.750000e+01 2.266699e+01 5.500000e+00
         vertex 5.750000e+01 2.266699e+01 4.500000e+00
         vertex 5.742101e+01 2.263015e+01 5.500000e+00
      endloop
   endfacet
   facet normal -4.226212e-01 9.063064e-01 0.000000e+00
      outer loop
         vertex 5.742101e+01 2.263015e+01 5.500000e+00
         vertex 5.750000e+01 2.266699e+01 4.500000e+00
         vertex 5.742101e+01 2.263015e+01 4.500000e+00
      endloop
   endfacet
   facet normal -2.588191e-01 9.659258e-01 0.000000e+00
      outer loop
         vertex 5.742101e+01 2.263015e+01 5.500000e+00
         vertex 5.742101e+01 2.263015e+01 4.500000e+00
         vertex 5.733682e+01 2.260760e+01 5.500000e+00
      endloop
   endfacet
   facet normal -2.588191e-01 9.659258e-01 0.000000e+00
      outer loop
         vertex 5.733682e+01 2.260760e+01 5.500000e+00
         vertex 5.742101e+01 2.263015e+01 4.500000e+00
         vertex 5.733682e+01 2.260760e+01 4.500000e+00
      endloop
   endfacet
   facet normal -8.715674e-02 9.961946e-01 0.000000e+00
      outer loop
         vertex 5.733682e+01 2.260760e+01 5.500000e+00
         vertex 5.733682e+01 2.260760e+01 4.500000e+00
         vertex 5.725000e+01 2.260000e+01 5.500000e+00
      endloop
   endfacet
   facet normal -8.715674e-02 9.961946e-01 0.000000e+00
      outer loop
         vertex 5.725000e+01 2.260000e+01 5.500000e+00
         vertex 5.733682e+01 2.260760e+01 4.500000e+00
         vertex 5.725000e+01 2.260000e+01 4.500000e+00
      endloop
   endfacet
   facet normal -1.000000e+00 0.000000e+00 0.000000e+00
      outer loop
         vertex 5.775000e+01 2.310000e+01 4.500000e+00
         vertex 5.775000e+01 2.310000e+01 5.500000e+00
         vertex 5.775000e+01 2.545000e+01 4.500000e+00
      endloop
   endfacet
   facet normal -1.000000e+00 0.000000e+00 0.000000e+00
      outer loop
         vertex 5.775000e+01 2.545000e+01 4.500000e+00
         vertex 5.775000e+01 2.310000e+01 5.500000e+00
         vertex 5.775000e+01 2.545000e+01 5.500000e+00
      endloop
   endfacet
   facet normal -1.000000e+00 0.000000e+00 0.000000e+00
      outer loop
         vertex 5.775000e+01 2.545000e+01 4.500000e+00
         vertex 5.775000e+01 2.545000e+01 5.500000e+00
         vertex 5.775000e+01 3.540000e+01 4.500000e+00
      endloop
   endfacet
   facet normal -1.000000e+00 0.000000e+00 0.000000e+00
      outer loop
         vertex 5.775000e+01 3.540000e+01 4.500000e+00
         vertex 5.775000e+01 2.545000e+01 5.500000e+00
         vertex 5.775000e+01 3.540000e+01 5.500000e+00
      endloop
   endfacet
   facet normal -8.715343e-02 -9.961949e-01 -0.000000e+00
      outer loop
         vertex 5.725000e+01 3.590000e+01 5.500000e+00
         vertex 5.725000e+01 3.590000e+01 4.500000e+00
         vertex 5.733682e+01 3.589240e+01 5.500000e+00
      endloop
   endfacet
   facet normal -8.715343e-02 -9.961949e-01 -0.000000e+00
      outer loop
         vertex 5.733682e+01 3.589240e+01 5.500000e+00
         vertex 5.725000e+01 3.590000e+01 4.500000e+00
         vertex 5.733682e+01 3.589240e+01 4.500000e+00
      endloop
   endfacet
   facet normal -2.588191e-01 -9.659258e-01 -0.000000e+00
      outer loop
         vertex 5.733682e+01 3.589240e+01 5.500000e+00
         vertex 5.733682e+01 3.589240e+01 4.500000e+00
         vertex 5.742101e+01 3.586985e+01 5.500000e+00
      endloop
   endfacet
   facet normal -2.588191e-01 -9.659258e-01 -0.000000e+00
      outer loop
         vertex 5.742101e+01 3.586985e+01 5.500000e+00
         vertex 5.733682e+01 3.589240e+01 4.500000e+00
         vertex 5.742101e+01 3.586985e+01 4.500000e+00
      endloop
   endfacet
   facet normal -4.226234e-01 -9.063054e-01 -0.000000e+00
      outer loop
         vertex 5.742101e+01 3.586985e+01 5.500000e+00
         vertex 5.742101e+01 3.586985e+01 4.500000e+00
         vertex 5.750000e+01 3.583301e+01 5.500000e+00
      endloop
   endfacet
   facet normal -4.226234e-01 -9.063054e-01 -0.000000e+00
      outer loop
         vertex 5.750000e+01 3.583301e+01 5.500000e+00
         vertex 5.742101e+01 3.586985e+01 4.500000e+00
         vertex 5.750000e+01 3.583301e+01 4.500000e+00
      endloop
   endfacet
   facet normal -5.735699e-01 -8.191566e-01 -0.000000e+00
      outer loop
         vertex 5.750000e+01 3.583301e+01 5.500000e+00
         vertex 5.750000e+01 3.583301e+01 4.500000e+00
         vertex 5.757139e+01 3.578302e+01 5.500000e+00
      endloop
   endfacet
   facet normal -5.735699e-01 -8.191566e-01 -0.000000e+00
      outer loop
         vertex 5.757139e+01 3.578302e+01 5.500000e+00
         vertex 5.750000e+01 3.583301e+01 4.500000e+00
         vertex 5.757139e+01 3.578302e+01 4.500000e+00
      endloop
   endfacet
   facet normal -7.071121e-01 -7.071014e-01 -0.000000e+00
      outer loop
         vertex 5.757139e+01 3.578302e+01 5.500000e+00
         vertex 5.757139e+01 3.578302e+01 4.500000e+00
         vertex 5.763302e+01 3.572139e+01 5.500000e+00
      endloop
   endfacet
   facet normal -7.071121e-01 -7.071014e-01 -0.000000e+00
      outer loop
         vertex 5.763302e+01 3.572139e+01 5.500000e+00
         vertex 5.757139e+01 3.578302e+01 4.500000e+00
         vertex 5.763302e+01 3.572139e+01 4.500000e+00
      endloop
   endfacet
   facet normal -8.191481e-01 -5.735821e-01 -0.000000e+00
      outer loop
         vertex 5.763302e+01 3.572139e+01 5.500000e+00
         vertex 5.763302e+01 3.572139e+01 4.500000e+00
         vertex 5.768301e+01 3.565000e+01 5.500000e+00
      endloop
   endfacet
   facet normal -8.191481e-01 -5.735821e-01 -0.000000e+00
      outer loop
         vertex 5.768301e+01 3.565000e+01 5.500000e+00
         vertex 5.763302e+01 3.572139e+01 4.500000e+00
         vertex 5.768301e+01 3.565000e+01 4.500000e+00
      endloop
   endfacet
   facet normal -9.063136e-01 -4.226058e-01 -0.000000e+00
      outer loop
         vertex 5.768301e+01 3.565000e+01 5.500000e+00
         vertex 5.768301e+01 3.565000e+01 4.500000e+00
         vertex 5.771985e+01 3.557101e+01 5.500000e+00
      endloop
   endfacet
   facet normal -9.063136e-01 -4.226058e-01 -0.000000e+00
      outer loop
         vertex 5.771985e+01 3.557101e+01 5.500000e+00
         vertex 5.768301e+01 3.565000e+01 4.500000e+00
         vertex 5.771985e+01 3.557101e+01 4.500000e+00
      endloop
   endfacet
   facet normal -9.659232e-01 -2.588290e-01 -0.000000e+00
      outer loop
         vertex 5.771985e+01 3.557101e+01 5.500000e+00
         vertex 5.771985e+01 3.557101e+01 4.500000e+00
         vertex 5.774240e+01 3.548682e+01 5.500000e+00
      endloop
   endfacet
   facet normal -9.659232e-01 -2.588290e-01 -0.000000e+00
      outer loop
         vertex 5.774240e+01 3.548682e+01 5.500000e+00
         vertex 5.771985e+01 3.557101e+01 4.500000e+00
         vertex 5.774240e+01 3.548682e+01 4.500000e+00
      endloop
   endfacet
   facet normal -9.961950e-01 -8.715250e-02 -0.000000e+00
      outer loop
         vertex 5.774240e+01 3.548682e+01 5.500000e+00
         vertex 5.774240e+01 3.548682e+01 4.500000e+00
         vertex 5.775000e+01 3.540000e+01 5.500000e+00
      endloop
   endfacet
   facet normal -9.961950e-01 -8.715250e-02 -0.000000e+00
      outer loop
         vertex 5.775000e+01 3.540000e+01 5.500000e+00
         vertex 5.774240e+01 3.548682e+01 4.500000e+00
         vertex 5.775000e+01 3.540000e+01 4.500000e+00
      endloop
   endfacet
   facet normal 0.000000e+00 -1.000000e+00 0.000000e+00
      outer loop
         vertex 5.725000e+01 3.590000e+01 4.500000e+00
         vertex 5.725000e+01 3.590000e+01 5.500000e+00
         vertex 5.025000e+01 3.590000e+01 4.500000e+00
      endloop
   endfacet
   facet normal 0.000000e+00 -1.000000e+00 0.000000e+00
      outer loop
         vertex 5.025000e+01 3.590000e+01 4.500000e+00
         vertex 5.725000e+01 3.590000e+01 5.500000e+00
         vertex 5.200000e+01 3.590000e+01 5.500000e+00
      endloop
   endfacet
   facet normal 0.000000e+00 -1.000000e+00 0.000000e+00
      outer loop
         vertex 5.025000e+01 3.590000e+01 4.500000e+00
         vertex 5.200000e+01 3.590000e+01 5.500000e+00
         vertex 5.025000e+01 3.590000e+01 5.500000e+00
      endloop
   endfacet
   facet normal 9.961950e-01 -8.715250e-02 0.000000e+00
      outer loop
         vertex 4.975000e+01 3.540000e+01 5.500000e+00
         vertex 4.975000e+01 3.540000e+01 4.500000e+00
         vertex 4.975760e+01 3.548682e+01 5.500000e+00
      endloop
   endfacet
   facet normal 9.961950e-01 -8.715250e-02 0.000000e+00
      outer loop
         vertex 4.975760e+01 3.548682e+01 5.500000e+00
         vertex 4.975000e+01 3.540000e+01 4.500000e+00
         vertex 4.975760e+01 3.548682e+01 4.500000e+00
      endloop
   endfacet
   facet normal 9.659285e-01 -2.588091e-01 0.000000e+00
      outer loop
         vertex 4.975760e+01 3.548682e+01 5.500000e+00
         vertex 4.975760e+01 3.548682e+01 4.500000e+00
         vertex 4.978015e+01 3.557101e+01 5.500000e+00
      endloop
   endfacet
   facet normal 9.659285e-01 -2.588091e-01 0.000000e+00
      outer loop
         vertex 4.978015e+01 3.557101e+01 5.500000e+00
         vertex 4.975760e+01 3.548682e+01 4.500000e+00
         vertex 4.978015e+01 3.557101e+01 4.500000e+00
      endloop
   endfacet
   facet normal 9.063054e-01 -4.226234e-01 0.000000e+00
      outer loop
         vertex 4.978015e+01 3.557101e+01 5.500000e+00
         vertex 4.978015e+01 3.557101e+01 4.500000e+00
         vertex 4.981699e+01 3.565000e+01 5.500000e+00
      endloop
   endfacet
   facet normal 9.063054e-01 -4.226234e-01 0.000000e+00
      outer loop
         vertex 4.981699e+01 3.565000e+01 5.500000e+00
         vertex 4.978015e+01 3.557101e+01 4.500000e+00
         vertex 4.981699e+01 3.565000e+01 4.500000e+00
      endloop
   endfacet
   facet normal 8.191481e-01 -5.735821e-01 0.000000e+00
      outer loop
         vertex 4.981699e+01 3.565000e+01 5.500000e+00
         vertex 4.981699e+01 3.565000e+01 4.500000e+00
         vertex 4.986698e+01 3.572139e+01 5.500000e+00
      endloop
   endfacet
   facet normal 8.191481e-01 -5.735821e-01 0.000000e+00
      outer loop
         vertex 4.986698e+01 3.572139e+01 5.500000e+00
         vertex 4.981699e+01 3.565000e+01 4.500000e+00
         vertex 4.986698e+01 3.572139e+01 4.500000e+00
      endloop
   endfacet
   facet normal 7.071121e-01 -7.071014e-01 0.000000e+00
      outer loop
         vertex 4.986698e+01 3.572139e+01 5.500000e+00
         vertex 4.986698e+01 3.572139e+01 4.500000e+00
         vertex 4.992861e+01 3.578302e+01 5.500000e+00
      endloop
   endfacet
   facet normal 7.071121e-01 -7.071014e-01 0.000000e+00
      outer loop
         vertex 4.992861e+01 3.578302e+01 5.500000e+00
         vertex 4.986698e+01 3.572139e+01 4.500000e+00
         vertex 4.992861e+01 3.578302e+01 4.500000e+00
      endloop
   endfacet
   facet normal 5.735699e-01 -8.191566e-01 0.000000e+00
      outer loop
         vertex 4.992861e+01 3.578302e+01 5.500000e+00
         vertex 4.992861e+01 3.578302e+01 4.500000e+00
         vertex 5.000000e+01 3.583301e+01 5.500000e+00
      endloop
   endfacet
   facet normal 5.735699e-01 -8.191566e-01 0.000000e+00
      outer loop
         vertex 5.000000e+01 3.583301e+01 5.500000e+00
         vertex 4.992861e+01 3.578302e+01 4.500000e+00
         vertex 5.000000e+01 3.583301e+01 4.500000e+00
      endloop
   endfacet
   facet normal 4.226234e-01 -9.063054e-01 0.000000e+00
      outer loop
         vertex 5.000000e+01 3.583301e+01 5.500000e+00
         vertex 5.000000e+01 3.583301e+01 4.500000e+00
         vertex 5.007899e+01 3.586985e+01 5.500000e+00
      endloop
   endfacet
   facet normal 4.226234e-01 -9.063054e-01 0.000000e+00
      outer loop
         vertex 5.007899e+01 3.586985e+01 5.500000e+00
         vertex 5.000000e+01 3.583301e+01 4.500000e+00
         vertex 5.007899e+01 3.586985e+01 4.500000e+00
      endloop
   endfacet
   facet normal 2.588191e-01 -9.659258e-01 0.000000e+00
      outer loop
         vertex 5.007899e+01 3.586985e+01 5.500000e+00
         vertex 5.007899e+01 3.586985e+01 4.500000e+00
         vertex 5.016318e+01 3.589240e+01 5.500000e+00
      endloop
   endfacet
   facet normal 2.588191e-01 -9.659258e-01 0.000000e+00
      outer loop
         vertex 5.016318e+01 3.589240e+01 5.500000e+00
         vertex 5.007899e+01 3.586985e+01 4.500000e+00
         vertex 5.016318e+01 3.589240e+01 4.500000e+00
      endloop
   endfacet
   facet normal 8.715343e-02 -9.961949e-01 0.000000e+00
      outer loop
         vertex 5.016318e+01 3.589240e+01 5.500000e+00
         vertex 5.016318e+01 3.589240e+01 4.500000e+00
         vertex 5.025000e+01 3.590000e+01 5.500000e+00
      endloop
   endfacet
   facet normal 8.715343e-02 -9.961949e-01 0.000000e+00
      outer loop
         vertex 5.025000e+01 3.590000e+01 5.500000e+00
         vertex 5.016318e+01 3.589240e+01 4.500000e+00
         vertex 5.025000e+01 3.590000e+01 4.500000e+00
      endloop
   endfacet
   facet normal 9.961946e-01 -8.715656e-02 0.000000e+00
      outer loop
         vertex 1.825000e+01 3.970000e+01 5.500000e+00
         vertex 1.825000e+01 3.970000e+01 4.500000e+00
         vertex 1.826899e+01 3.991706e+01 5.500000e+00
      endloop
   endfacet
   facet normal 9.961946e-01 -8.715656e-02 0.000000e+00
      outer loop
         vertex 1.826899e+01 3.991706e+01 5.500000e+00
         vertex 1.825000e+01 3.970000e+01 4.500000e+00
         vertex 1.826899e+01 3.991706e+01 4.500000e+00
      endloop
   endfacet
   facet normal 9.659261e-01 -2.588181e-01 0.000000e+00
      outer loop
         vertex 1.826899e+01 3.991706e+01 5.500000e+00
         vertex 1.826899e+01 3.991706e+01 4.500000e+00
         vertex 1.832538e+01 4.012753e+01 5.500000e+00
      endloop
   endfacet
   facet normal 9.659261e-01 -2.588181e-01 0.000000e+00
      outer loop
         vertex 1.832538e+01 4.012753e+01 5.500000e+00
         vertex 1.826899e+01 3.991706e+01 4.500000e+00
         vertex 1.832538e+01 4.012753e+01 4.500000e+00
      endloop
   endfacet
   facet normal 9.063077e-01 -4.226185e-01 0.000000e+00
      outer loop
         vertex 1.832538e+01 4.012753e+01 5.500000e+00
         vertex 1.832538e+01 4.012753e+01 4.500000e+00
         vertex 1.841747e+01 4.032500e+01 5.500000e+00
      endloop
   endfacet
   facet normal 9.063077e-01 -4.226185e-01 0.000000e+00
      outer loop
         vertex 1.841747e+01 4.032500e+01 5.500000e+00
         vertex 1.832538e+01 4.012753e+01 4.500000e+00
         vertex 1.841747e+01 4.032500e+01 4.500000e+00
      endloop
   endfacet
   facet normal 8.191520e-01 -5.735765e-01 0.000000e+00
      outer loop
         vertex 1.841747e+01 4.032500e+01 5.500000e+00
         vertex 1.841747e+01 4.032500e+01 4.500000e+00
         vertex 1.854244e+01 4.050349e+01 5.500000e+00
      endloop
   endfacet
   facet normal 8.191520e-01 -5.735765e-01 0.000000e+00
      outer loop
         vertex 1.854244e+01 4.050349e+01 5.500000e+00
         vertex 1.841747e+01 4.032500e+01 4.500000e+00
         vertex 1.854244e+01 4.050349e+01 4.500000e+00
      endloop
   endfacet
   facet normal 7.071068e-01 -7.071068e-01 0.000000e+00
      outer loop
         vertex 1.854244e+01 4.050349e+01 5.500000e+00
         vertex 1.854244e+01 4.050349e+01 4.500000e+00
         vertex 1.869651e+01 4.065756e+01 5.500000e+00
      endloop
   endfacet
   facet normal 7.071068e-01 -7.071068e-01 0.000000e+00
      outer loop
         vertex 1.869651e+01 4.065756e+01 5.500000e+00
         vertex 1.854244e+01 4.050349e+01 4.500000e+00
         vertex 1.869651e+01 4.065756e+01 4.500000e+00
      endloop
   endfacet
   facet normal 5.735745e-01 -8.191534e-01 0.000000e+00
      outer loop
         vertex 1.869651e+01 4.065756e+01 5.500000e+00
         vertex 1.869651e+01 4.065756e+01 4.500000e+00
         vertex 1.887500e+01 4.078253e+01 5.500000e+00
      endloop
   endfacet
   facet normal 5.735745e-01 -8.191534e-01 0.000000e+00
      outer loop
         vertex 1.887500e+01 4.078253e+01 5.500000e+00
         vertex 1.869651e+01 4.065756e+01 4.500000e+00
         vertex 1.887500e+01 4.078253e+01 4.500000e+00
      endloop
   endfacet
   facet normal 4.226166e-01 -9.063086e-01 0.000000e+00
      outer loop
         vertex 1.887500e+01 4.078253e+01 5.500000e+00
         vertex 1.887500e+01 4.078253e+01 4.500000e+00
         vertex 1.907247e+01 4.087462e+01 5.500000e+00
      endloop
   endfacet
   facet normal 4.226166e-01 -9.063086e-01 0.000000e+00
      outer loop
         vertex 1.907247e+01 4.087462e+01 5.500000e+00
         vertex 1.887500e+01 4.078253e+01 4.500000e+00
         vertex 1.907247e+01 4.087462e+01 4.500000e+00
      endloop
   endfacet
   facet normal 2.588250e-01 -9.659242e-01 0.000000e+00
      outer loop
         vertex 1.907247e+01 4.087462e+01 5.500000e+00
         vertex 1.907247e+01 4.087462e+01 4.500000e+00
         vertex 1.928294e+01 4.093101e+01 5.500000e+00
      endloop
   endfacet
   facet normal 2.588250e-01 -9.659242e-01 0.000000e+00
      outer loop
         vertex 1.928294e+01 4.093101e+01 5.500000e+00
         vertex 1.907247e+01 4.087462e+01 4.500000e+00
         vertex 1.928294e+01 4.093101e+01 4.500000e+00
      endloop
   endfacet
   facet normal 8.715306e-02 -9.961949e-01 0.000000e+00
      outer loop
         vertex 1.928294e+01 4.093101e+01 5.500000e+00
         vertex 1.928294e+01 4.093101e+01 4.500000e+00
         vertex 1.950000e+01 4.095000e+01 5.500000e+00
      endloop
   endfacet
   facet normal 8.715306e-02 -9.961949e-01 0.000000e+00
      outer loop
         vertex 1.950000e+01 4.095000e+01 5.500000e+00
         vertex 1.928294e+01 4.093101e+01 4.500000e+00
         vertex 1.950000e+01 4.095000e+01 4.500000e+00
      endloop
   endfacet
   facet normal -8.715269e-02 -9.961950e-01 -0.000000e+00
      outer loop
         vertex 1.950000e+01 4.095000e+01 5.500000e+00
         vertex 1.950000e+01 4.095000e+01 4.500000e+00
         vertex 1.971706e+01 4.093101e+01 5.500000e+00
      endloop
   endfacet
   facet normal -8.715269e-02 -9.961950e-01 -0.000000e+00
      outer loop
         vertex 1.971706e+01 4.093101e+01 5.500000e+00
         vertex 1.950000e+01 4.095000e+01 4.500000e+00
         vertex 1.971706e+01 4.093101e+01 4.500000e+00
      endloop
   endfacet
   facet normal -2.588250e-01 -9.659242e-01 -0.000000e+00
      outer loop
         vertex 1.971706e+01 4.093101e+01 5.500000e+00
         vertex 1.971706e+01 4.093101e+01 4.500000e+00
         vertex 1.992752e+01 4.087462e+01 5.500000e+00
      endloop
   endfacet
   facet normal -2.588250e-01 -9.659242e-01 -0.000000e+00
      outer loop
         vertex 1.992752e+01 4.087462e+01 5.500000e+00
         vertex 1.971706e+01 4.093101e+01 4.500000e+00
         vertex 1.992752e+01 4.087462e+01 4.500000e+00
      endloop
   endfacet
   facet normal -4.226166e-01 -9.063086e-01 -0.000000e+00
      outer loop
         vertex 1.992752e+01 4.087462e+01 5.500000e+00
         vertex 1.992752e+01 4.087462e+01 4.500000e+00
         vertex 2.012500e+01 4.078253e+01 5.500000e+00
      endloop
   endfacet
   facet normal -4.226166e-01 -9.063086e-01 -0.000000e+00
      outer loop
         vertex 2.012500e+01 4.078253e+01 5.500000e+00
         vertex 1.992752e+01 4.087462e+01 4.500000e+00
         vertex 2.012500e+01 4.078253e+01 4.500000e+00
      endloop
   endfacet
   facet normal -5.735765e-01 -8.191520e-01 -0.000000e+00
      outer loop
         vertex 2.012500e+01 4.078253e+01 5.500000e+00
         vertex 2.012500e+01 4.078253e+01 4.500000e+00
         vertex 2.030348e+01 4.065756e+01 5.500000e+00
      endloop
   endfacet
   facet normal -5.735765e-01 -8.191520e-01 -0.000000e+00
      outer loop
         vertex 2.030348e+01 4.065756e+01 5.500000e+00
         vertex 2.012500e+01 4.078253e+01 4.500000e+00
         vertex 2.030348e+01 4.065756e+01 4.500000e+00
      endloop
   endfacet
   facet normal -7.071046e-01 -7.071089e-01 -0.000000e+00
      outer loop
         vertex 2.030348e+01 4.065756e+01 5.500000e+00
         vertex 2.030348e+01 4.065756e+01 4.500000e+00
         vertex 2.045756e+01 4.050349e+01 5.500000e+00
      endloop
   endfacet
   facet normal -7.071046e-01 -7.071089e-01 -0.000000e+00
      outer loop
         vertex 2.045756e+01 4.050349e+01 5.500000e+00
         vertex 2.030348e+01 4.065756e+01 4.500000e+00
         vertex 2.045756e+01 4.050349e+01 4.500000e+00
      endloop
   endfacet
   facet normal -8.191520e-01 -5.735765e-01 -0.000000e+00
      outer loop
         vertex 2.045756e+01 4.050349e+01 5.500000e+00
         vertex 2.045756e+01 4.050349e+01 4.500000e+00
         vertex 2.058253e+01 4.032500e+01 5.500000e+00
      endloop
   endfacet
   facet normal -8.191520e-01 -5.735765e-01 -0.000000e+00
      outer loop
         vertex 2.058253e+01 4.032500e+01 5.500000e+00
         vertex 2.045756e+01 4.050349e+01 4.500000e+00
         vertex 2.058253e+01 4.032500e+01 4.500000e+00
      endloop
   endfacet
   facet normal -9.063093e-01 -4.226150e-01 -0.000000e+00
      outer loop
         vertex 2.058253e+01 4.032500e+01 5.500000e+00
         vertex 2.058253e+01 4.032500e+01 4.500000e+00
         vertex 2.067462e+01 4.012753e+01 5.500000e+00
      endloop
   endfacet
   facet normal -9.063093e-01 -4.226150e-01 -0.000000e+00
      outer loop
         vertex 2.067462e+01 4.012753e+01 5.500000e+00
         vertex 2.058253e+01 4.032500e+01 4.500000e+00
         vertex 2.067462e+01 4.012753e+01 4.500000e+00
      endloop
   endfacet
   facet normal -9.659250e-01 -2.588221e-01 -0.000000e+00
      outer loop
         vertex 2.067462e+01 4.012753e+01 5.500000e+00
         vertex 2.067462e+01 4.012753e+01 4.500000e+00
         vertex 2.073101e+01 3.991706e+01 5.500000e+00
      endloop
   endfacet
   facet normal -9.659250e-01 -2.588221e-01 -0.000000e+00
      outer loop
         vertex 2.073101e+01 3.991706e+01 5.500000e+00
         vertex 2.067462e+01 4.012753e+01 4.500000e+00
         vertex 2.073101e+01 3.991706e+01 4.500000e+00
      endloop
   endfacet
   facet normal -9.961946e-01 -8.715656e-02 -0.000000e+00
      outer loop
         vertex 2.073101e+01 3.991706e+01 5.500000e+00
         vertex 2.073101e+01 3.991706e+01 4.500000e+00
         vertex 2.075000e+01 3.970000e+01 5.500000e+00
      endloop
   endfacet
   facet normal -9.961946e-01 -8.715656e-02 -0.000000e+00
      outer loop
         vertex 2.075000e+01 3.970000e+01 5.500000e+00
         vertex 2.073101e+01 3.991706e+01 4.500000e+00
         vertex 2.075000e+01 3.970000e+01 4.500000e+00
      endloop
   endfacet
   facet normal -9.961946e-01 8.715730e-02 0.000000e+00
      outer loop
         vertex 2.075000e+01 3.970000e+01 5.500000e+00
         vertex 2.075000e+01 3.970000e+01 4.500000e+00
         vertex 2.073101e+01 3.948294e+01 5.500000e+00
      endloop
   endfacet
   facet normal -9.961946e-01 8.715730e-02 0.000000e+00
      outer loop
         vertex 2.073101e+01 3.948294e+01 5.500000e+00
         vertex 2.075000e+01 3.970000e+01 4.500000e+00
         vertex 2.073101e+01 3.948294e+01 4.500000e+00
      endloop
   endfacet
   facet normal -9.659250e-01 2.588221e-01 0.000000e+00
      outer loop
         vertex 2.073101e+01 3.948294e+01 5.500000e+00
         vertex 2.073101e+01 3.948294e+01 4.500000e+00
         vertex 2.067462e+01 3.927248e+01 5.500000e+00
      endloop
   endfacet
   facet normal -9.659250e-01 2.588221e-01 0.000000e+00
      outer loop
         vertex 2.067462e+01 3.927248e+01 5.500000e+00
         vertex 2.073101e+01 3.948294e+01 4.500000e+00
         vertex 2.067462e+01 3.927248e+01 4.500000e+00
      endloop
   endfacet
   facet normal -9.063093e-01 4.226150e-01 0.000000e+00
      outer loop
         vertex 2.067462e+01 3.927248e+01 5.500000e+00
         vertex 2.067462e+01 3.927248e+01 4.500000e+00
         vertex 2.058253e+01 3.907500e+01 5.500000e+00
      endloop
   endfacet
   facet normal -9.063093e-01 4.226150e-01 0.000000e+00
      outer loop
         vertex 2.058253e+01 3.907500e+01 5.500000e+00
         vertex 2.067462e+01 3.927248e+01 4.500000e+00
         vertex 2.058253e+01 3.907500e+01 4.500000e+00
      endloop
   endfacet
   facet normal -8.191520e-01 5.735765e-01 0.000000e+00
      outer loop
         vertex 2.058253e+01 3.907500e+01 5.500000e+00
         vertex 2.058253e+01 3.907500e+01 4.500000e+00
         vertex 2.045756e+01 3.889652e+01 5.500000e+00
      endloop
   endfacet
   facet normal -8.191520e-01 5.735765e-01 0.000000e+00
      outer loop
         vertex 2.045756e+01 3.889652e+01 5.500000e+00
         vertex 2.058253e+01 3.907500e+01 4.500000e+00
         vertex 2.045756e+01 3.889652e+01 4.500000e+00
      endloop
   endfacet
   facet normal -7.071046e-01 7.071089e-01 0.000000e+00
      outer loop
         vertex 2.045756e+01 3.889652e+01 5.500000e+00
         vertex 2.045756e+01 3.889652e+01 4.500000e+00
         vertex 2.030348e+01 3.874245e+01 5.500000e+00
      endloop
   endfacet
   facet normal -7.071046e-01 7.071089e-01 0.000000e+00
      outer loop
         vertex 2.030348e+01 3.874245e+01 5.500000e+00
         vertex 2.045756e+01 3.889652e+01 4.500000e+00
         vertex 2.030348e+01 3.874245e+01 4.500000e+00
      endloop
   endfacet
   facet normal -5.735765e-01 8.191520e-01 0.000000e+00
      outer loop
         vertex 2.030348e+01 3.874245e+01 5.500000e+00
         vertex 2.030348e+01 3.874245e+01 4.500000e+00
         vertex 2.012500e+01 3.861747e+01 5.500000e+00
      endloop
   endfacet
   facet normal -5.735765e-01 8.191520e-01 0.000000e+00
      outer loop
         vertex 2.012500e+01 3.861747e+01 5.500000e+00
         vertex 2.030348e+01 3.874245e+01 4.500000e+00
         vertex 2.012500e+01 3.861747e+01 4.500000e+00
      endloop
   endfacet
   facet normal -4.226236e-01 9.063053e-01 0.000000e+00
      outer loop
         vertex 2.012500e+01 3.861747e+01 5.500000e+00
         vertex 2.012500e+01 3.861747e+01 4.500000e+00
         vertex 1.992752e+01 3.852538e+01 5.500000e+00
      endloop
   endfacet
   facet normal -4.226236e-01 9.063053e-01 0.000000e+00
      outer loop
         vertex 1.992752e+01 3.852538e+01 5.500000e+00
         vertex 2.012500e+01 3.861747e+01 4.500000e+00
         vertex 1.992752e+01 3.852538e+01 4.500000e+00
      endloop
   endfacet
   facet normal -2.588171e-01 9.659264e-01 0.000000e+00
      outer loop
         vertex 1.992752e+01 3.852538e+01 5.500000e+00
         vertex 1.992752e+01 3.852538e+01 4.500000e+00
         vertex 1.971706e+01 3.846899e+01 5.500000e+00
      endloop
   endfacet
   facet normal -2.588171e-01 9.659264e-01 0.000000e+00
      outer loop
         vertex 1.971706e+01 3.846899e+01 5.500000e+00
         vertex 1.992752e+01 3.852538e+01 4.500000e+00
         vertex 1.971706e+01 3.846899e+01 4.500000e+00
      endloop
   endfacet
   facet normal -8.715269e-02 9.961950e-01 0.000000e+00
      outer loop
         vertex 1.971706e+01 3.846899e+01 5.500000e+00
         vertex 1.971706e+01 3.846899e+01 4.500000e+00
         vertex 1.950000e+01 3.845000e+01 5.500000e+00
      endloop
   endfacet
   facet normal -8.715269e-02 9.961950e-01 0.000000e+00
      outer loop
         vertex 1.950000e+01 3.845000e+01 5.500000e+00
         vertex 1.971706e+01 3.846899e+01 4.500000e+00
         vertex 1.950000e+01 3.845000e+01 4.500000e+00
      endloop
   endfacet
   facet normal 8.715306e-02 9.961949e-01 0.000000e+00
      outer loop
         vertex 1.950000e+01 3.845000e+01 5.500000e+00
         vertex 1.950000e+01 3.845000e+01 4.500000e+00
         vertex 1.928294e+01 3.846899e+01 5.500000e+00
      endloop
   endfacet
   facet normal 8.715306e-02 9.961949e-01 0.000000e+00
      outer loop
         vertex 1.928294e+01 3.846899e+01 5.500000e+00
         vertex 1.950000e+01 3.845000e+01 4.500000e+00
         vertex 1.928294e+01 3.846899e+01 4.500000e+00
      endloop
   endfacet
   facet normal 2.588171e-01 9.659264e-01 0.000000e+00
      outer loop
         vertex 1.928294e+01 3.846899e+01 5.500000e+00
         vertex 1.928294e+01 3.846899e+01 4.500000e+00
         vertex 1.907247e+01 3.852538e+01 5.500000e+00
      endloop
   endfacet
   facet normal 2.588171e-01 9.659264e-01 0.000000e+00
      outer loop
         vertex 1.907247e+01 3.852538e+01 5.500000e+00
         vertex 1.928294e+01 3.846899e+01 4.500000e+00
         vertex 1.907247e+01 3.852538e+01 4.500000e+00
      endloop
   endfacet
   facet normal 4.226236e-01 9.063053e-01 0.000000e+00
      outer loop
         vertex 1.907247e+01 3.852538e+01 5.500000e+00
         vertex 1.907247e+01 3.852538e+01 4.500000e+00
         vertex 1.887500e+01 3.861747e+01 5.500000e+00
      endloop
   endfacet
   facet normal 4.226236e-01 9.063053e-01 0.000000e+00
      outer loop
         vertex 1.887500e+01 3.861747e+01 5.500000e+00
         vertex 1.907247e+01 3.852538e+01 4.500000e+00
         vertex 1.887500e+01 3.861747e+01 4.500000e+00
      endloop
   endfacet
   facet normal 5.735745e-01 8.191534e-01 0.000000e+00
      outer loop
         vertex 1.887500e+01 3.861747e+01 5.500000e+00
         vertex 1.887500e+01 3.861747e+01 4.500000e+00
         vertex 1.869651e+01 3.874245e+01 5.500000e+00
      endloop
   endfacet
   facet normal 5.735745e-01 8.191534e-01 0.000000e+00
      outer loop
         vertex 1.869651e+01 3.874245e+01 5.500000e+00
         vertex 1.887500e+01 3.861747e+01 4.500000e+00
         vertex 1.869651e+01 3.874245e+01 4.500000e+00
      endloop
   endfacet
   facet normal 7.071068e-01 7.071068e-01 0.000000e+00
      outer loop
         vertex 1.869651e+01 3.874245e+01 5.500000e+00
         vertex 1.869651e+01 3.874245e+01 4.500000e+00
         vertex 1.854244e+01 3.889652e+01 5.500000e+00
      endloop
   endfacet
   facet normal 7.071068e-01 7.071068e-01 0.000000e+00
      outer loop
         vertex 1.854244e+01 3.889652e+01 5.500000e+00
         vertex 1.869651e+01 3.874245e+01 4.500000e+00
         vertex 1.854244e+01 3.889652e+01 4.500000e+00
      endloop
   endfacet
   facet normal 8.191520e-01 5.735765e-01 0.000000e+00
      outer loop
         vertex 1.854244e+01 3.889652e+01 5.500000e+00
         vertex 1.854244e+01 3.889652e+01 4.500000e+00
         vertex 1.841747e+01 3.907500e+01 5.500000e+00
      endloop
   endfacet
   facet normal 8.191520e-01 5.735765e-01 0.000000e+00
      outer loop
         vertex 1.841747e+01 3.907500e+01 5.500000e+00
         vertex 1.854244e+01 3.889652e+01 4.500000e+00
         vertex 1.841747e+01 3.907500e+01 4.500000e+00
      endloop
   endfacet
   facet normal 9.063077e-01 4.226185e-01 0.000000e+00
      outer loop
         vertex 1.841747e+01 3.907500e+01 5.500000e+00
         vertex 1.841747e+01 3.907500e+01 4.500000e+00
         vertex 1.832538e+01 3.927248e+01 5.500000e+00
      endloop
   endfacet
   facet normal 9.063077e-01 4.226185e-01 0.000000e+00
      outer loop
         vertex 1.832538e+01 3.927248e+01 5.500000e+00
         vertex 1.841747e+01 3.907500e+01 4.500000e+00
         vertex 1.832538e+01 3.927248e+01 4.500000e+00
      endloop
   endfacet
   facet normal 9.659261e-01 2.588181e-01 0.000000e+00
      outer loop
         vertex 1.832538e+01 3.927248e+01 5.500000e+00
         vertex 1.832538e+01 3.927248e+01 4.500000e+00
         vertex 1.826899e+01 3.948294e+01 5.500000e+00
      endloop
   endfacet
   facet normal 9.659261e-01 2.588181e-01 0.000000e+00
      outer loop
         vertex 1.826899e+01 3.948294e+01 5.500000e+00
         vertex 1.832538e+01 3.927248e+01 4.500000e+00
         vertex 1.826899e+01 3.948294e+01 4.500000e+00
      endloop
   endfacet
   facet normal 9.961946e-01 8.715730e-02 0.000000e+00
      outer loop
         vertex 1.826899e+01 3.948294e+01 5.500000e+00
         vertex 1.826899e+01 3.948294e+01 4.500000e+00
         vertex 1.825000e+01 3.970000e+01 5.500000e+00
      endloop
   endfacet
   facet normal 9.961946e-01 8.715730e-02 0.000000e+00
      outer loop
         vertex 1.825000e+01 3.970000e+01 5.500000e+00
         vertex 1.826899e+01 3.948294e+01 4.500000e+00
         vertex 1.825000e+01 3.970000e+01 4.500000e+00
      endloop
   endfacet
   facet normal 9.961946e-01 -8.715730e-02 0.000000e+00
      outer loop
         vertex 1.825000e+01 3.700001e+00 5.500000e+00
         vertex 1.825000e+01 3.700001e+00 4.500000e+00
         vertex 1.826899e+01 3.917061e+00 5.500000e+00
      endloop
   endfacet
   facet normal 9.961946e-01 -8.715730e-02 0.000000e+00
      outer loop
         vertex 1.826899e+01 3.917061e+00 5.500000e+00
         vertex 1.825000e+01 3.700001e+00 4.500000e+00
         vertex 1.826899e+01 3.917061e+00 4.500000e+00
      endloop
   endfacet
   facet normal 9.659261e-01 -2.588181e-01 0.000000e+00
      outer loop
         vertex 1.826899e+01 3.917061e+00 5.500000e+00
         vertex 1.826899e+01 3.917061e+00 4.500000e+00
         vertex 1.832538e+01 4.127525e+00 5.500000e+00
      endloop
   endfacet
   facet normal 9.659261e-01 -2.588181e-01 0.000000e+00
      outer loop
         vertex 1.832538e+01 4.127525e+00 5.500000e+00
         vertex 1.826899e+01 3.917061e+00 4.500000e+00
         vertex 1.832538e+01 4.127525e+00 4.500000e+00
      endloop
   endfacet
   facet normal 9.063077e-01 -4.226185e-01 0.000000e+00
      outer loop
         vertex 1.832538e+01 4.127525e+00 5.500000e+00
         vertex 1.832538e+01 4.127525e+00 4.500000e+00
         vertex 1.841747e+01 4.325001e+00 5.500000e+00
      endloop
   endfacet
   facet normal 9.063077e-01 -4.226185e-01 0.000000e+00
      outer loop
         vertex 1.841747e+01 4.325001e+00 5.500000e+00
         vertex 1.832538e+01 4.127525e+00 4.500000e+00
         vertex 1.841747e+01 4.325001e+00 4.500000e+00
      endloop
   endfacet
   facet normal 8.191520e-01 -5.735765e-01 0.000000e+00
      outer loop
         vertex 1.841747e+01 4.325001e+00 5.500000e+00
         vertex 1.841747e+01 4.325001e+00 4.500000e+00
         vertex 1.854244e+01 4.503485e+00 5.500000e+00
      endloop
   endfacet
   facet normal 8.191520e-01 -5.735765e-01 0.000000e+00
      outer loop
         vertex 1.854244e+01 4.503485e+00 5.500000e+00
         vertex 1.841747e+01 4.325001e+00 4.500000e+00
         vertex 1.854244e+01 4.503485e+00 4.500000e+00
      endloop
   endfacet
   facet normal 7.071068e-01 -7.071068e-01 0.000000e+00
      outer loop
         vertex 1.854244e+01 4.503485e+00 5.500000e+00
         vertex 1.854244e+01 4.503485e+00 4.500000e+00
         vertex 1.869651e+01 4.657555e+00 5.500000e+00
      endloop
   endfacet
   facet normal 7.071068e-01 -7.071068e-01 0.000000e+00
      outer loop
         vertex 1.869651e+01 4.657555e+00 5.500000e+00
         vertex 1.854244e+01 4.503485e+00 4.500000e+00
         vertex 1.869651e+01 4.657555e+00 4.500000e+00
      endloop
   endfacet
   facet normal 5.735745e-01 -8.191534e-01 0.000000e+00
      outer loop
         vertex 1.869651e+01 4.657555e+00 5.500000e+00
         vertex 1.869651e+01 4.657555e+00 4.500000e+00
         vertex 1.887500e+01 4.782531e+00 5.500000e+00
      endloop
   endfacet
   facet normal 5.735745e-01 -8.191534e-01 0.000000e+00
      outer loop
         vertex 1.887500e+01 4.782531e+00 5.500000e+00
         vertex 1.869651e+01 4.657555e+00 4.500000e+00
         vertex 1.887500e+01 4.782531e+00 4.500000e+00
      endloop
   endfacet
   facet normal 4.226236e-01 -9.063053e-01 0.000000e+00
      outer loop
         vertex 1.887500e+01 4.782531e+00 5.500000e+00
         vertex 1.887500e+01 4.782531e+00 4.500000e+00
         vertex 1.907247e+01 4.874617e+00 5.500000e+00
      endloop
   endfacet
   facet normal 4.226236e-01 -9.063053e-01 0.000000e+00
      outer loop
         vertex 1.907247e+01 4.874617e+00 5.500000e+00
         vertex 1.887500e+01 4.782531e+00 4.500000e+00
         vertex 1.907247e+01 4.874617e+00 4.500000e+00
      endloop
   endfacet
   facet normal 2.588171e-01 -9.659264e-01 0.000000e+00
      outer loop
         vertex 1.907247e+01 4.874617e+00 5.500000e+00
         vertex 1.907247e+01 4.874617e+00 4.500000e+00
         vertex 1.928294e+01 4.931010e+00 5.500000e+00
      endloop
   endfacet
   facet normal 2.588171e-01 -9.659264e-01 0.000000e+00
      outer loop
         vertex 1.928294e+01 4.931010e+00 5.500000e+00
         vertex 1.907247e+01 4.874617e+00 4.500000e+00
         vertex 1.928294e+01 4.931010e+00 4.500000e+00
      endloop
   endfacet
   facet normal 8.715306e-02 -9.961949e-01 0.000000e+00
      outer loop
         vertex 1.928294e+01 4.931010e+00 5.500000e+00
         vertex 1.928294e+01 4.931010e+00 4.500000e+00
         vertex 1.950000e+01 4.950000e+00 5.500000e+00
      endloop
   endfacet
   facet normal 8.715306e-02 -9.961949e-01 0.000000e+00
      outer loop
         vertex 1.950000e+01 4.950000e+00 5.500000e+00
         vertex 1.928294e+01 4.931010e+00 4.500000e+00
         vertex 1.950000e+01 4.950000e+00 4.500000e+00
      endloop
   endfacet
   facet normal -8.715269e-02 -9.961950e-01 -0.000000e+00
      outer loop
         vertex 1.950000e+01 4.950000e+00 5.500000e+00
         vertex 1.950000e+01 4.950000e+00 4.500000e+00
         vertex 1.971706e+01 4.931010e+00 5.500000e+00
      endloop
   endfacet
   facet normal -8.715269e-02 -9.961950e-01 -0.000000e+00
      outer loop
         vertex 1.971706e+01 4.931010e+00 5.500000e+00
         vertex 1.950000e+01 4.950000e+00 4.500000e+00
         vertex 1.971706e+01 4.931010e+00 4.500000e+00
      endloop
   endfacet
   facet normal -2.588171e-01 -9.659264e-01 -0.000000e+00
      outer loop
         vertex 1.971706e+01 4.931010e+00 5.500000e+00
         vertex 1.971706e+01 4.931010e+00 4.500000e+00
         vertex 1.992752e+01 4.874617e+00 5.500000e+00
      endloop
   endfacet
   facet normal -2.588171e-01 -9.659264e-01 -0.000000e+00
      outer loop
         vertex 1.992752e+01 4.874617e+00 5.500000e+00
         vertex 1.971706e+01 4.931010e+00 4.500000e+00
         vertex 1.992752e+01 4.874617e+00 4.500000e+00
      endloop
   endfacet
   facet normal -4.226236e-01 -9.063053e-01 -0.000000e+00
      outer loop
         vertex 1.992752e+01 4.874617e+00 5.500000e+00
         vertex 1.992752e+01 4.874617e+00 4.500000e+00
         vertex 2.012500e+01 4.782531e+00 5.500000e+00
      endloop
   endfacet
   facet normal -4.226236e-01 -9.063053e-01 -0.000000e+00
      outer loop
         vertex 2.012500e+01 4.782531e+00 5.500000e+00
         vertex 1.992752e+01 4.874617e+00 4.500000e+00
         vertex 2.012500e+01 4.782531e+00 4.500000e+00
      endloop
   endfacet
   facet normal -5.735765e-01 -8.191520e-01 -0.000000e+00
      outer loop
         vertex 2.012500e+01 4.782531e+00 5.500000e+00
         vertex 2.012500e+01 4.782531e+00 4.500000e+00
         vertex 2.030348e+01 4.657555e+00 5.500000e+00
      endloop
   endfacet
   facet normal -5.735765e-01 -8.191520e-01 -0.000000e+00
      outer loop
         vertex 2.030348e+01 4.657555e+00 5.500000e+00
         vertex 2.012500e+01 4.782531e+00 4.500000e+00
         vertex 2.030348e+01 4.657555e+00 4.500000e+00
      endloop
   endfacet
   facet normal -7.071046e-01 -7.071089e-01 -0.000000e+00
      outer loop
         vertex 2.030348e+01 4.657555e+00 5.500000e+00
         vertex 2.030348e+01 4.657555e+00 4.500000e+00
         vertex 2.045756e+01 4.503485e+00 5.500000e+00
      endloop
   endfacet
   facet normal -7.071046e-01 -7.071089e-01 -0.000000e+00
      outer loop
         vertex 2.045756e+01 4.503485e+00 5.500000e+00
         vertex 2.030348e+01 4.657555e+00 4.500000e+00
         vertex 2.045756e+01 4.503485e+00 4.500000e+00
      endloop
   endfacet
   facet normal -8.191520e-01 -5.735765e-01 -0.000000e+00
      outer loop
         vertex 2.045756e+01 4.503485e+00 5.500000e+00
         vertex 2.045756e+01 4.503485e+00 4.500000e+00
         vertex 2.058253e+01 4.325001e+00 5.500000e+00
      endloop
   endfacet
   facet normal -8.191520e-01 -5.735765e-01 -0.000000e+00
      outer loop
         vertex 2.058253e+01 4.325001e+00 5.500000e+00
         vertex 2.045756e+01 4.503485e+00 4.500000e+00
         vertex 2.058253e+01 4.325001e+00 4.500000e+00
      endloop
   endfacet
   facet normal -9.063093e-01 -4.226150e-01 -0.000000e+00
      outer loop
         vertex 2.058253e+01 4.325001e+00 5.500000e+00
         vertex 2.058253e+01 4.325001e+00 4.500000e+00
         vertex 2.067462e+01 4.127525e+00 5.500000e+00
      endloop
   endfacet
   facet normal -9.063093e-01 -4.226150e-01 -0.000000e+00
      outer loop
         vertex 2.067462e+01 4.127525e+00 5.500000e+00
         vertex 2.058253e+01 4.325001e+00 4.500000e+00
         vertex 2.067462e+01 4.127525e+00 4.500000e+00
      endloop
   endfacet
   facet normal -9.659250e-01 -2.588221e-01 -0.000000e+00
      outer loop
         vertex 2.067462e+01 4.127525e+00 5.500000e+00
         vertex 2.067462e+01 4.127525e+00 4.500000e+00
         vertex 2.073101e+01 3.917061e+00 5.500000e+00
      endloop
   endfacet
   facet normal -9.659250e-01 -2.588221e-01 -0.000000e+00
      outer loop
         vertex 2.073101e+01 3.917061e+00 5.500000e+00
         vertex 2.067462e+01 4.127525e+00 4.500000e+00
         vertex 2.073101e+01 3.917061e+00 4.500000e+00
      endloop
   endfacet
   facet normal -9.961946e-01 -8.715730e-02 -0.000000e+00
      outer loop
         vertex 2.073101e+01 3.917061e+00 5.500000e+00
         vertex 2.073101e+01 3.917061e+00 4.500000e+00
         vertex 2.075000e+01 3.700001e+00 5.500000e+00
      endloop
   endfacet
   facet normal -9.961946e-01 -8.715730e-02 -0.000000e+00
      outer loop
         vertex 2.075000e+01 3.700001e+00 5.500000e+00
         vertex 2.073101e+01 3.917061e+00 4.500000e+00
         vertex 2.075000e+01 3.700001e+00 4.500000e+00
      endloop
   endfacet
   facet normal -9.961946e-01 8.715656e-02 0.000000e+00
      outer loop
         vertex 2.075000e+01 3.700001e+00 5.500000e+00
         vertex 2.075000e+01 3.700001e+00 4.500000e+00
         vertex 2.073101e+01 3.482940e+00 5.500000e+00
      endloop
   endfacet
   facet normal -9.961946e-01 8.715656e-02 0.000000e+00
      outer loop
         vertex 2.073101e+01 3.482940e+00 5.500000e+00
         vertex 2.075000e+01 3.700001e+00 4.500000e+00
         vertex 2.073101e+01 3.482940e+00 4.500000e+00
      endloop
   endfacet
   facet normal -9.659250e-01 2.588221e-01 0.000000e+00
      outer loop
         vertex 2.073101e+01 3.482940e+00 5.500000e+00
         vertex 2.073101e+01 3.482940e+00 4.500000e+00
         vertex 2.067462e+01 3.272476e+00 5.500000e+00
      endloop
   endfacet
   facet normal -9.659250e-01 2.588221e-01 0.000000e+00
      outer loop
         vertex 2.067462e+01 3.272476e+00 5.500000e+00
         vertex 2.073101e+01 3.482940e+00 4.500000e+00
         vertex 2.067462e+01 3.272476e+00 4.500000e+00
      endloop
   endfacet
   facet normal -9.063093e-01 4.226150e-01 0.000000e+00
      outer loop
         vertex 2.067462e+01 3.272476e+00 5.500000e+00
         vertex 2.067462e+01 3.272476e+00 4.500000e+00
         vertex 2.058253e+01 3.075000e+00 5.500000e+00
      endloop
   endfacet
   facet normal -9.063093e-01 4.226150e-01 0.000000e+00
      outer loop
         vertex 2.058253e+01 3.075000e+00 5.500000e+00
         vertex 2.067462e+01 3.272476e+00 4.500000e+00
         vertex 2.058253e+01 3.075000e+00 4.500000e+00
      endloop
   endfacet
   facet normal -8.191520e-01 5.735765e-01 0.000000e+00
      outer loop
         vertex 2.058253e+01 3.075000e+00 5.500000e+00
         vertex 2.058253e+01 3.075000e+00 4.500000e+00
         vertex 2.045756e+01 2.896516e+00 5.500000e+00
      endloop
   endfacet
   facet normal -8.191520e-01 5.735765e-01 0.000000e+00
      outer loop
         vertex 2.045756e+01 2.896516e+00 5.500000e+00
         vertex 2.058253e+01 3.075000e+00 4.500000e+00
         vertex 2.045756e+01 2.896516e+00 4.500000e+00
      endloop
   endfacet
   facet normal -7.071046e-01 7.071089e-01 0.000000e+00
      outer loop
         vertex 2.045756e+01 2.896516e+00 5.500000e+00
         vertex 2.045756e+01 2.896516e+00 4.500000e+00
         vertex 2.030348e+01 2.742445e+00 5.500000e+00
      endloop
   endfacet
   facet normal -7.071046e-01 7.071089e-01 0.000000e+00
      outer loop
         vertex 2.030348e+01 2.742445e+00 5.500000e+00
         vertex 2.045756e+01 2.896516e+00 4.500000e+00
         vertex 2.030348e+01 2.742445e+00 4.500000e+00
      endloop
   endfacet
   facet normal -5.735765e-01 8.191520e-01 0.000000e+00
      outer loop
         vertex 2.030348e+01 2.742445e+00 5.500000e+00
         vertex 2.030348e+01 2.742445e+00 4.500000e+00
         vertex 2.012500e+01 2.617469e+00 5.500000e+00
      endloop
   endfacet
   facet normal -5.735765e-01 8.191520e-01 0.000000e+00
      outer loop
         vertex 2.012500e+01 2.617469e+00 5.500000e+00
         vertex 2.030348e+01 2.742445e+00 4.500000e+00
         vertex 2.012500e+01 2.617469e+00 4.500000e+00
      endloop
   endfacet
   facet normal -4.226166e-01 9.063086e-01 0.000000e+00
      outer loop
         vertex 2.012500e+01 2.617469e+00 5.500000e+00
         vertex 2.012500e+01 2.617469e+00 4.500000e+00
         vertex 1.992752e+01 2.525385e+00 5.500000e+00
      endloop
   endfacet
   facet normal -4.226166e-01 9.063086e-01 0.000000e+00
      outer loop
         vertex 1.992752e+01 2.525385e+00 5.500000e+00
         vertex 2.012500e+01 2.617469e+00 4.500000e+00
         vertex 1.992752e+01 2.525385e+00 4.500000e+00
      endloop
   endfacet
   facet normal -2.588250e-01 9.659242e-01 0.000000e+00
      outer loop
         vertex 1.992752e+01 2.525385e+00 5.500000e+00
         vertex 1.992752e+01 2.525385e+00 4.500000e+00
         vertex 1.971706e+01 2.468990e+00 5.500000e+00
      endloop
   endfacet
   facet normal -2.588250e-01 9.659242e-01 0.000000e+00
      outer loop
         vertex 1.971706e+01 2.468990e+00 5.500000e+00
         vertex 1.992752e+01 2.525385e+00 4.500000e+00
         vertex 1.971706e+01 2.468990e+00 4.500000e+00
      endloop
   endfacet
   facet normal -8.715269e-02 9.961950e-01 0.000000e+00
      outer loop
         vertex 1.971706e+01 2.468990e+00 5.500000e+00
         vertex 1.971706e+01 2.468990e+00 4.500000e+00
         vertex 1.950000e+01 2.450000e+00 5.500000e+00
      endloop
   endfacet
   facet normal -8.715269e-02 9.961950e-01 0.000000e+00
      outer loop
         vertex 1.950000e+01 2.450000e+00 5.500000e+00
         vertex 1.971706e+01 2.468990e+00 4.500000e+00
         vertex 1.950000e+01 2.450000e+00 4.500000e+00
      endloop
   endfacet
   facet normal 8.715306e-02 9.961949e-01 0.000000e+00
      outer loop
         vertex 1.950000e+01 2.450000e+00 5.500000e+00
         vertex 1.950000e+01 2.450000e+00 4.500000e+00
         vertex 1.928294e+01 2.468990e+00 5.500000e+00
      endloop
   endfacet
   facet normal 8.715306e-02 9.961949e-01 0.000000e+00
      outer loop
         vertex 1.928294e+01 2.468990e+00 5.500000e+00
         vertex 1.950000e+01 2.450000e+00 4.500000e+00
         vertex 1.928294e+01 2.468990e+00 4.500000e+00
      endloop
   endfacet
   facet normal 2.588250e-01 9.659242e-01 0.000000e+00
      outer loop
         vertex 1.928294e+01 2.468990e+00 5.500000e+00
         vertex 1.928294e+01 2.468990e+00 4.500000e+00
         vertex 1.907247e+01 2.525385e+00 5.500000e+00
      endloop
   endfacet
   facet normal 2.588250e-01 9.659242e-01 0.000000e+00
      outer loop
         vertex 1.907247e+01 2.525385e+00 5.500000e+00
         vertex 1.928294e+01 2.468990e+00 4.500000e+00
         vertex 1.907247e+01 2.525385e+00 4.500000e+00
      endloop
   endfacet
   facet normal 4.226166e-01 9.063086e-01 0.000000e+00
      outer loop
         vertex 1.907247e+01 2.525385e+00 5.500000e+00
         vertex 1.907247e+01 2.525385e+00 4.500000e+00
         vertex 1.887500e+01 2.617469e+00 5.500000e+00
      endloop
   endfacet
   facet normal 4.226166e-01 9.063086e-01 0.000000e+00
      outer loop
         vertex 1.887500e+01 2.617469e+00 5.500000e+00
         vertex 1.907247e+01 2.525385e+00 4.500000e+00
         vertex 1.887500e+01 2.617469e+00 4.500000e+00
      endloop
   endfacet
   facet normal 5.735745e-01 8.191534e-01 0.000000e+00
      outer loop
         vertex 1.887500e+01 2.617469e+00 5.500000e+00
         vertex 1.887500e+01 2.617469e+00 4.500000e+00
         vertex 1.869651e+01 2.742445e+00 5.500000e+00
      endloop
   endfacet
   facet normal 5.735745e-01 8.191534e-01 0.000000e+00
      outer loop
         vertex 1.869651e+01 2.742445e+00 5.500000e+00
         vertex 1.887500e+01 2.617469e+00 4.500000e+00
         vertex 1.869651e+01 2.742445e+00 4.500000e+00
      endloop
   endfacet
   facet normal 7.071068e-01 7.071068e-01 0.000000e+00
      outer loop
         vertex 1.869651e+01 2.742445e+00 5.500000e+00
         vertex 1.869651e+01 2.742445e+00 4.500000e+00
         vertex 1.854244e+01 2.896516e+00 5.500000e+00
      endloop
   endfacet
   facet normal 7.071068e-01 7.071068e-01 0.000000e+00
      outer loop
         vertex 1.854244e+01 2.896516e+00 5.500000e+00
         vertex 1.869651e+01 2.742445e+00 4.500000e+00
         vertex 1.854244e+01 2.896516e+00 4.500000e+00
      endloop
   endfacet
   facet normal 8.191520e-01 5.735765e-01 0.000000e+00
      outer loop
         vertex 1.854244e+01 2.896516e+00 5.500000e+00
         vertex 1.854244e+01 2.896516e+00 4.500000e+00
         vertex 1.841747e+01 3.075000e+00 5.500000e+00
      endloop
   endfacet
   facet normal 8.191520e-01 5.735765e-01 0.000000e+00
      outer loop
         vertex 1.841747e+01 3.075000e+00 5.500000e+00
         vertex 1.854244e+01 2.896516e+00 4.500000e+00
         vertex 1.841747e+01 3.075000e+00 4.500000e+00
      endloop
   endfacet
   facet normal 9.063077e-01 4.226185e-01 0.000000e+00
      outer loop
         vertex 1.841747e+01 3.075000e+00 5.500000e+00
         vertex 1.841747e+01 3.075000e+00 4.500000e+00
         vertex 1.832538e+01 3.272476e+00 5.500000e+00
      endloop
   endfacet
   facet normal 9.063077e-01 4.226185e-01 0.000000e+00
      outer loop
         vertex 1.832538e+01 3.272476e+00 5.500000e+00
         vertex 1.841747e+01 3.075000e+00 4.500000e+00
         vertex 1.832538e+01 3.272476e+00 4.500000e+00
      endloop
   endfacet
   facet normal 9.659261e-01 2.588181e-01 0.000000e+00
      outer loop
         vertex 1.832538e+01 3.272476e+00 5.500000e+00
         vertex 1.832538e+01 3.272476e+00 4.500000e+00
         vertex 1.826899e+01 3.482940e+00 5.500000e+00
      endloop
   endfacet
   facet normal 9.659261e-01 2.588181e-01 0.000000e+00
      outer loop
         vertex 1.826899e+01 3.482940e+00 5.500000e+00
         vertex 1.832538e+01 3.272476e+00 4.500000e+00
         vertex 1.826899e+01 3.482940e+00 4.500000e+00
      endloop
   endfacet
   facet normal 9.961946e-01 8.715656e-02 0.000000e+00
      outer loop
         vertex 1.826899e+01 3.482940e+00 5.500000e+00
         vertex 1.826899e+01 3.482940e+00 4.500000e+00
         vertex 1.825000e+01 3.700001e+00 5.500000e+00
      endloop
   endfacet
   facet normal 9.961946e-01 8.715656e-02 0.000000e+00
      outer loop
         vertex 1.825000e+01 3.700001e+00 5.500000e+00
         vertex 1.826899e+01 3.482940e+00 4.500000e+00
         vertex 1.825000e+01 3.700001e+00 4.500000e+00
      endloop
   endfacet
   facet normal 9.961949e-01 -8.715306e-02 0.000000e+00
      outer loop
         vertex 5.425000e+01 3.700001e+00 5.500000e+00
         vertex 5.425000e+01 3.700001e+00 4.500000e+00
         vertex 5.426899e+01 3.917061e+00 5.500000e+00
      endloop
   endfacet
   facet normal 9.961949e-01 -8.715306e-02 0.000000e+00
      outer loop
         vertex 5.426899e+01 3.917061e+00 5.500000e+00
         vertex 5.425000e+01 3.700001e+00 4.500000e+00
         vertex 5.426899e+01 3.917061e+00 4.500000e+00
      endloop
   endfacet
   facet normal 9.659261e-01 -2.588181e-01 0.000000e+00
      outer loop
         vertex 5.426899e+01 3.917061e+00 5.500000e+00
         vertex 5.426899e+01 3.917061e+00 4.500000e+00
         vertex 5.432538e+01 4.127525e+00 5.500000e+00
      endloop
   endfacet
   facet normal 9.659261e-01 -2.588181e-01 0.000000e+00
      outer loop
         vertex 5.432538e+01 4.127525e+00 5.500000e+00
         vertex 5.426899e+01 3.917061e+00 4.500000e+00
         vertex 5.432538e+01 4.127525e+00 4.500000e+00
      endloop
   endfacet
   facet normal 9.063061e-01 -4.226220e-01 0.000000e+00
      outer loop
         vertex 5.432538e+01 4.127525e+00 5.500000e+00
         vertex 5.432538e+01 4.127525e+00 4.500000e+00
         vertex 5.441747e+01 4.325001e+00 5.500000e+00
      endloop
   endfacet
   facet normal 9.063061e-01 -4.226220e-01 0.000000e+00
      outer loop
         vertex 5.441747e+01 4.325001e+00 5.500000e+00
         vertex 5.432538e+01 4.127525e+00 4.500000e+00
         vertex 5.441747e+01 4.325001e+00 4.500000e+00
      endloop
   endfacet
   facet normal 8.191520e-01 -5.735765e-01 0.000000e+00
      outer loop
         vertex 5.441747e+01 4.325001e+00 5.500000e+00
         vertex 5.441747e+01 4.325001e+00 4.500000e+00
         vertex 5.454244e+01 4.503485e+00 5.500000e+00
      endloop
   endfacet
   facet normal 8.191520e-01 -5.735765e-01 0.000000e+00
      outer loop
         vertex 5.454244e+01 4.503485e+00 5.500000e+00
         vertex 5.441747e+01 4.325001e+00 4.500000e+00
         vertex 5.454244e+01 4.503485e+00 4.500000e+00
      endloop
   endfacet
   facet normal 7.071068e-01 -7.071068e-01 0.000000e+00
      outer loop
         vertex 5.454244e+01 4.503485e+00 5.500000e+00
         vertex 5.454244e+01 4.503485e+00 4.500000e+00
         vertex 5.469652e+01 4.657555e+00 5.500000e+00
      endloop
   endfacet
   facet normal 7.071068e-01 -7.071068e-01 0.000000e+00
      outer loop
         vertex 5.469652e+01 4.657555e+00 5.500000e+00
         vertex 5.454244e+01 4.503485e+00 4.500000e+00
         vertex 5.469652e+01 4.657555e+00 4.500000e+00
      endloop
   endfacet
   facet normal 5.735765e-01 -8.191520e-01 0.000000e+00
      outer loop
         vertex 5.469652e+01 4.657555e+00 5.500000e+00
         vertex 5.469652e+01 4.657555e+00 4.500000e+00
         vertex 5.487500e+01 4.782531e+00 5.500000e+00
      endloop
   endfacet
   facet normal 5.735765e-01 -8.191520e-01 0.000000e+00
      outer loop
         vertex 5.487500e+01 4.782531e+00 5.500000e+00
         vertex 5.469652e+01 4.657555e+00 4.500000e+00
         vertex 5.487500e+01 4.782531e+00 4.500000e+00
      endloop
   endfacet
   facet normal 4.226220e-01 -9.063061e-01 0.000000e+00
      outer loop
         vertex 5.487500e+01 4.782531e+00 5.500000e+00
         vertex 5.487500e+01 4.782531e+00 4.500000e+00
         vertex 5.507248e+01 4.874617e+00 5.500000e+00
      endloop
   endfacet
   facet normal 4.226220e-01 -9.063061e-01 0.000000e+00
      outer loop
         vertex 5.507248e+01 4.874617e+00 5.500000e+00
         vertex 5.487500e+01 4.782531e+00 4.500000e+00
         vertex 5.507248e+01 4.874617e+00 4.500000e+00
      endloop
   endfacet
   facet normal 2.588181e-01 -9.659261e-01 0.000000e+00
      outer loop
         vertex 5.507248e+01 4.874617e+00 5.500000e+00
         vertex 5.507248e+01 4.874617e+00 4.500000e+00
         vertex 5.528294e+01 4.931010e+00 5.500000e+00
      endloop
   endfacet
   facet normal 2.588181e-01 -9.659261e-01 0.000000e+00
      outer loop
         vertex 5.528294e+01 4.931010e+00 5.500000e+00
         vertex 5.507248e+01 4.874617e+00 4.500000e+00
         vertex 5.528294e+01 4.931010e+00 4.500000e+00
      endloop
   endfacet
   facet normal 8.715232e-02 -9.961950e-01 0.000000e+00
      outer loop
         vertex 5.528294e+01 4.931010e+00 5.500000e+00
         vertex 5.528294e+01 4.931010e+00 4.500000e+00
         vertex 5.550000e+01 4.950000e+00 5.500000e+00
      endloop
   endfacet
   facet normal 8.715232e-02 -9.961950e-01 0.000000e+00
      outer loop
         vertex 5.550000e+01 4.950000e+00 5.500000e+00
         vertex 5.528294e+01 4.931010e+00 4.500000e+00
         vertex 5.550000e+01 4.950000e+00 4.500000e+00
      endloop
   endfacet
   facet normal -8.715306e-02 -9.961949e-01 -0.000000e+00
      outer loop
         vertex 5.550000e+01 4.950000e+00 5.500000e+00
         vertex 5.550000e+01 4.950000e+00 4.500000e+00
         vertex 5.571706e+01 4.931010e+00 5.500000e+00
      endloop
   endfacet
   facet normal -8.715306e-02 -9.961949e-01 -0.000000e+00
      outer loop
         vertex 5.571706e+01 4.931010e+00 5.500000e+00
         vertex 5.550000e+01 4.950000e+00 4.500000e+00
         vertex 5.571706e+01 4.931010e+00 4.500000e+00
      endloop
   endfacet
   facet normal -2.588181e-01 -9.659261e-01 -0.000000e+00
      outer loop
         vertex 5.571706e+01 4.931010e+00 5.500000e+00
         vertex 5.571706e+01 4.931010e+00 4.500000e+00
         vertex 5.592752e+01 4.874617e+00 5.500000e+00
      endloop
   endfacet
   facet normal -2.588181e-01 -9.659261e-01 -0.000000e+00
      outer loop
         vertex 5.592752e+01 4.874617e+00 5.500000e+00
         vertex 5.571706e+01 4.931010e+00 4.500000e+00
         vertex 5.592752e+01 4.874617e+00 4.500000e+00
      endloop
   endfacet
   facet normal -4.226220e-01 -9.063061e-01 -0.000000e+00
      outer loop
         vertex 5.592752e+01 4.874617e+00 5.500000e+00
         vertex 5.592752e+01 4.874617e+00 4.500000e+00
         vertex 5.612500e+01 4.782531e+00 5.500000e+00
      endloop
   endfacet
   facet normal -4.226220e-01 -9.063061e-01 -0.000000e+00
      outer loop
         vertex 5.612500e+01 4.782531e+00 5.500000e+00
         vertex 5.592752e+01 4.874617e+00 4.500000e+00
         vertex 5.612500e+01 4.782531e+00 4.500000e+00
      endloop
   endfacet
   facet normal -5.735765e-01 -8.191520e-01 -0.000000e+00
      outer loop
         vertex 5.612500e+01 4.782531e+00 5.500000e+00
         vertex 5.612500e+01 4.782531e+00 4.500000e+00
         vertex 5.630348e+01 4.657555e+00 5.500000e+00
      endloop
   endfacet
   facet normal -5.735765e-01 -8.191520e-01 -0.000000e+00
      outer loop
         vertex 5.630348e+01 4.657555e+00 5.500000e+00
         vertex 5.612500e+01 4.782531e+00 4.500000e+00
         vertex 5.630348e+01 4.657555e+00 4.500000e+00
      endloop
   endfacet
   facet normal -7.071068e-01 -7.071068e-01 -0.000000e+00
      outer loop
         vertex 5.630348e+01 4.657555e+00 5.500000e+00
         vertex 5.630348e+01 4.657555e+00 4.500000e+00
         vertex 5.645755e+01 4.503485e+00 5.500000e+00
      endloop
   endfacet
   facet normal -7.071068e-01 -7.071068e-01 -0.000000e+00
      outer loop
         vertex 5.645755e+01 4.503485e+00 5.500000e+00
         vertex 5.630348e+01 4.657555e+00 4.500000e+00
         vertex 5.645755e+01 4.503485e+00 4.500000e+00
      endloop
   endfacet
   facet normal -8.191520e-01 -5.735765e-01 -0.000000e+00
      outer loop
         vertex 5.645755e+01 4.503485e+00 5.500000e+00
         vertex 5.645755e+01 4.503485e+00 4.500000e+00
         vertex 5.658253e+01 4.325001e+00 5.500000e+00
      endloop
   endfacet
   facet normal -8.191520e-01 -5.735765e-01 -0.000000e+00
      outer loop
         vertex 5.658253e+01 4.325001e+00 5.500000e+00
         vertex 5.645755e+01 4.503485e+00 4.500000e+00
         vertex 5.658253e+01 4.325001e+00 4.500000e+00
      endloop
   endfacet
   facet normal -9.063061e-01 -4.226220e-01 -0.000000e+00
      outer loop
         vertex 5.658253e+01 4.325001e+00 5.500000e+00
         vertex 5.658253e+01 4.325001e+00 4.500000e+00
         vertex 5.667462e+01 4.127525e+00 5.500000e+00
      endloop
   endfacet
   facet normal -9.063061e-01 -4.226220e-01 -0.000000e+00
      outer loop
         vertex 5.667462e+01 4.127525e+00 5.500000e+00
         vertex 5.658253e+01 4.325001e+00 4.500000e+00
         vertex 5.667462e+01 4.127525e+00 4.500000e+00
      endloop
   endfacet
   facet normal -9.659261e-01 -2.588181e-01 -0.000000e+00
      outer loop
         vertex 5.667462e+01 4.127525e+00 5.500000e+00
         vertex 5.667462e+01 4.127525e+00 4.500000e+00
         vertex 5.673101e+01 3.917061e+00 5.500000e+00
      endloop
   endfacet
   facet normal -9.659261e-01 -2.588181e-01 -0.000000e+00
      outer loop
         vertex 5.673101e+01 3.917061e+00 5.500000e+00
         vertex 5.667462e+01 4.127525e+00 4.500000e+00
         vertex 5.673101e+01 3.917061e+00 4.500000e+00
      endloop
   endfacet
   facet normal -9.961949e-01 -8.715306e-02 -0.000000e+00
      outer loop
         vertex 5.673101e+01 3.917061e+00 5.500000e+00
         vertex 5.673101e+01 3.917061e+00 4.500000e+00
         vertex 5.675000e+01 3.700001e+00 5.500000e+00
      endloop
   endfacet
   facet normal -9.961949e-01 -8.715306e-02 -0.000000e+00
      outer loop
         vertex 5.675000e+01 3.700001e+00 5.500000e+00
         vertex 5.673101e+01 3.917061e+00 4.500000e+00
         vertex 5.675000e+01 3.700001e+00 4.500000e+00
      endloop
   endfacet
   facet normal -9.961950e-01 8.715232e-02 0.000000e+00
      outer loop
         vertex 5.675000e+01 3.700001e+00 5.500000e+00
         vertex 5.675000e+01 3.700001e+00 4.500000e+00
         vertex 5.673101e+01 3.482940e+00 5.500000e+00
      endloop
   endfacet
   facet normal -9.961950e-01 8.715232e-02 0.000000e+00
      outer loop
         vertex 5.673101e+01 3.482940e+00 5.500000e+00
         vertex 5.675000e+01 3.700001e+00 4.500000e+00
         vertex 5.673101e+01 3.482940e+00 4.500000e+00
      endloop
   endfacet
   facet normal -9.659261e-01 2.588181e-01 0.000000e+00
      outer loop
         vertex 5.673101e+01 3.482940e+00 5.500000e+00
         vertex 5.673101e+01 3.482940e+00 4.500000e+00
         vertex 5.667462e+01 3.272476e+00 5.500000e+00
      endloop
   endfacet
   facet normal -9.659261e-01 2.588181e-01 0.000000e+00
      outer loop
         vertex 5.667462e+01 3.272476e+00 5.500000e+00
         vertex 5.673101e+01 3.482940e+00 4.500000e+00
         vertex 5.667462e+01 3.272476e+00 4.500000e+00
      endloop
   endfacet
   facet normal -9.063061e-01 4.226220e-01 0.000000e+00
      outer loop
         vertex 5.667462e+01 3.272476e+00 5.500000e+00
         vertex 5.667462e+01 3.272476e+00 4.500000e+00
         vertex 5.658253e+01 3.075000e+00 5.500000e+00
      endloop
   endfacet
   facet normal -9.063061e-01 4.226220e-01 0.000000e+00
      outer loop
         vertex 5.658253e+01 3.075000e+00 5.500000e+00
         vertex 5.667462e+01 3.272476e+00 4.500000e+00
         vertex 5.658253e+01 3.075000e+00 4.500000e+00
      endloop
   endfacet
   facet normal -8.191520e-01 5.735765e-01 0.000000e+00
      outer loop
         vertex 5.658253e+01 3.075000e+00 5.500000e+00
         vertex 5.658253e+01 3.075000e+00 4.500000e+00
         vertex 5.645755e+01 2.896516e+00 5.500000e+00
      endloop
   endfacet
   facet normal -8.191520e-01 5.735765e-01 0.000000e+00
      outer loop
         vertex 5.645755e+01 2.896516e+00 5.500000e+00
         vertex 5.658253e+01 3.075000e+00 4.500000e+00
         vertex 5.645755e+01 2.896516e+00 4.500000e+00
      endloop
   endfacet
   facet normal -7.071068e-01 7.071068e-01 0.000000e+00
      outer loop
         vertex 5.645755e+01 2.896516e+00 5.500000e+00
         vertex 5.645755e+01 2.896516e+00 4.500000e+00
         vertex 5.630348e+01 2.742445e+00 5.500000e+00
      endloop
   endfacet
   facet normal -7.071068e-01 7.071068e-01 0.000000e+00
      outer loop
         vertex 5.630348e+01 2.742445e+00 5.500000e+00
         vertex 5.645755e+01 2.896516e+00 4.500000e+00
         vertex 5.630348e+01 2.742445e+00 4.500000e+00
      endloop
   endfacet
   facet normal -5.735765e-01 8.191520e-01 0.000000e+00
      outer loop
         vertex 5.630348e+01 2.742445e+00 5.500000e+00
         vertex 5.630348e+01 2.742445e+00 4.500000e+00
         vertex 5.612500e+01 2.617469e+00 5.500000e+00
      endloop
   endfacet
   facet normal -5.735765e-01 8.191520e-01 0.000000e+00
      outer loop
         vertex 5.612500e+01 2.617469e+00 5.500000e+00
         vertex 5.630348e+01 2.742445e+00 4.500000e+00
         vertex 5.612500e+01 2.617469e+00 4.500000e+00
      endloop
   endfacet
   facet normal -4.226150e-01 9.063093e-01 0.000000e+00
      outer loop
         vertex 5.612500e+01 2.617469e+00 5.500000e+00
         vertex 5.612500e+01 2.617469e+00 4.500000e+00
         vertex 5.592752e+01 2.525385e+00 5.500000e+00
      endloop
   endfacet
   facet normal -4.226150e-01 9.063093e-01 0.000000e+00
      outer loop
         vertex 5.592752e+01 2.525385e+00 5.500000e+00
         vertex 5.612500e+01 2.617469e+00 4.500000e+00
         vertex 5.592752e+01 2.525385e+00 4.500000e+00
      endloop
   endfacet
   facet normal -2.588261e-01 9.659239e-01 0.000000e+00
      outer loop
         vertex 5.592752e+01 2.525385e+00 5.500000e+00
         vertex 5.592752e+01 2.525385e+00 4.500000e+00
         vertex 5.571706e+01 2.468990e+00 5.500000e+00
      endloop
   endfacet
   facet normal -2.588261e-01 9.659239e-01 0.000000e+00
      outer loop
         vertex 5.571706e+01 2.468990e+00 5.500000e+00
         vertex 5.592752e+01 2.525385e+00 4.500000e+00
         vertex 5.571706e+01 2.468990e+00 4.500000e+00
      endloop
   endfacet
   facet normal -8.715306e-02 9.961949e-01 0.000000e+00
      outer loop
         vertex 5.571706e+01 2.468990e+00 5.500000e+00
         vertex 5.571706e+01 2.468990e+00 4.500000e+00
         vertex 5.550000e+01 2.450000e+00 5.500000e+00
      endloop
   endfacet
   facet normal -8.715306e-02 9.961949e-01 0.000000e+00
      outer loop
         vertex 5.550000e+01 2.450000e+00 5.500000e+00
         vertex 5.571706e+01 2.468990e+00 4.500000e+00
         vertex 5.550000e+01 2.450000e+00 4.500000e+00
      endloop
   endfacet
   facet normal 8.715232e-02 9.961950e-01 0.000000e+00
      outer loop
         vertex 5.550000e+01 2.450000e+00 5.500000e+00
         vertex 5.550000e+01 2.450000e+00 4.500000e+00
         vertex 5.528294e+01 2.468990e+00 5.500000e+00
      endloop
   endfacet
   facet normal 8.715232e-02 9.961950e-01 0.000000e+00
      outer loop
         vertex 5.528294e+01 2.468990e+00 5.500000e+00
         vertex 5.550000e+01 2.450000e+00 4.500000e+00
         vertex 5.528294e+01 2.468990e+00 4.500000e+00
      endloop
   endfacet
   facet normal 2.588261e-01 9.659239e-01 0.000000e+00
      outer loop
         vertex 5.528294e+01 2.468990e+00 5.500000e+00
         vertex 5.528294e+01 2.468990e+00 4.500000e+00
         vertex 5.507248e+01 2.525385e+00 5.500000e+00
      endloop
   endfacet
   facet normal 2.588261e-01 9.659239e-01 0.000000e+00
      outer loop
         vertex 5.507248e+01 2.525385e+00 5.500000e+00
         vertex 5.528294e+01 2.468990e+00 4.500000e+00
         vertex 5.507248e+01 2.525385e+00 4.500000e+00
      endloop
   endfacet
   facet normal 4.226150e-01 9.063093e-01 0.000000e+00
      outer loop
         vertex 5.507248e+01 2.525385e+00 5.500000e+00
         vertex 5.507248e+01 2.525385e+00 4.500000e+00
         vertex 5.487500e+01 2.617469e+00 5.500000e+00
      endloop
   endfacet
   facet normal 4.226150e-01 9.063093e-01 0.000000e+00
      outer loop
         vertex 5.487500e+01 2.617469e+00 5.500000e+00
         vertex 5.507248e+01 2.525385e+00 4.500000e+00
         vertex 5.487500e+01 2.617469e+00 4.500000e+00
      endloop
   endfacet
   facet normal 5.735765e-01 8.191520e-01 0.000000e+00
      outer loop
         vertex 5.487500e+01 2.617469e+00 5.500000e+00
         vertex 5.487500e+01 2.617469e+00 4.500000e+00
         vertex 5.469652e+01 2.742445e+00 5.500000e+00
      endloop
   endfacet
   facet normal 5.735765e-01 8.191520e-01 0.000000e+00
      outer loop
         vertex 5.469652e+01 2.742445e+00 5.500000e+00
         vertex 5.487500e+01 2.617469e+00 4.500000e+00
         vertex 5.469652e+01 2.742445e+00 4.500000e+00
      endloop
   endfacet
   facet normal 7.071068e-01 7.071068e-01 0.000000e+00
      outer loop
         vertex 5.469652e+01 2.742445e+00 5.500000e+00
         vertex 5.469652e+01 2.742445e+00 4.500000e+00
         vertex 5.454244e+01 2.896516e+00 5.500000e+00
      endloop
   endfacet
   facet normal 7.071068e-01 7.071068e-01 0.000000e+00
      outer loop
         vertex 5.454244e+01 2.896516e+00 5.500000e+00
         vertex 5.469652e+01 2.742445e+00 4.500000e+00
         vertex 5.454244e+01 2.896516e+00 4.500000e+00
      endloop
   endfacet
   facet normal 8.191520e-01 5.735765e-01 0.000000e+00
      outer loop
         vertex 5.454244e+01 2.896516e+00 5.500000e+00
         vertex 5.454244e+01 2.896516e+00 4.500000e+00
         vertex 5.441747e+01 3.075000e+00 5.500000e+00
      endloop
   endfacet
   facet normal 8.191520e-01 5.735765e-01 0.000000e+00
      outer loop
         vertex 5.441747e+01 3.075000e+00 5.500000e+00
         vertex 5.454244e+01 2.896516e+00 4.500000e+00
         vertex 5.441747e+01 3.075000e+00 4.500000e+00
      endloop
   endfacet
   facet normal 9.063061e-01 4.226220e-01 0.000000e+00
      outer loop
         vertex 5.441747e+01 3.075000e+00 5.500000e+00
         vertex 5.441747e+01 3.075000e+00 4.500000e+00
         vertex 5.432538e+01 3.272476e+00 5.500000e+00
      endloop
   endfacet
   facet normal 9.063061e-01 4.226220e-01 0.000000e+00
      outer loop
         vertex 5.432538e+01 3.272476e+00 5.500000e+00
         vertex 5.441747e+01 3.075000e+00 4.500000e+00
         vertex 5.432538e+01 3.272476e+00 4.500000e+00
      endloop
   endfacet
   facet normal 9.659261e-01 2.588181e-01 0.000000e+00
      outer loop
         vertex 5.432538e+01 3.272476e+00 5.500000e+00
         vertex 5.432538e+01 3.272476e+00 4.500000e+00
         vertex 5.426899e+01 3.482940e+00 5.500000e+00
      endloop
   endfacet
   facet normal 9.659261e-01 2.588181e-01 0.000000e+00
      outer loop
         vertex 5.426899e+01 3.482940e+00 5.500000e+00
         vertex 5.432538e+01 3.272476e+00 4.500000e+00
         vertex 5.426899e+01 3.482940e+00 4.500000e+00
      endloop
   endfacet
   facet normal 9.961950e-01 8.715232e-02 0.000000e+00
      outer loop
         vertex 5.426899e+01 3.482940e+00 5.500000e+00
         vertex 5.426899e+01 3.482940e+00 4.500000e+00
         vertex 5.425000e+01 3.700001e+00 5.500000e+00
      endloop
   endfacet
   facet normal 9.961950e-01 8.715232e-02 0.000000e+00
      outer loop
         vertex 5.425000e+01 3.700001e+00 5.500000e+00
         vertex 5.426899e+01 3.482940e+00 4.500000e+00
         vertex 5.425000e+01 3.700001e+00 4.500000e+00
      endloop
   endfacet
   facet normal 9.961950e-01 -8.715232e-02 0.000000e+00
      outer loop
         vertex 5.425000e+01 3.970000e+01 5.500000e+00
         vertex 5.425000e+01 3.970000e+01 4.500000e+00
         vertex 5.426899e+01 3.991706e+01 5.500000e+00
      endloop
   endfacet
   facet normal 9.961950e-01 -8.715232e-02 0.000000e+00
      outer loop
         vertex 5.426899e+01 3.991706e+01 5.500000e+00
         vertex 5.425000e+01 3.970000e+01 4.500000e+00
         vertex 5.426899e+01 3.991706e+01 4.500000e+00
      endloop
   endfacet
   facet normal 9.659261e-01 -2.588181e-01 0.000000e+00
      outer loop
         vertex 5.426899e+01 3.991706e+01 5.500000e+00
         vertex 5.426899e+01 3.991706e+01 4.500000e+00
         vertex 5.432538e+01 4.012753e+01 5.500000e+00
      endloop
   endfacet
   facet normal 9.659261e-01 -2.588181e-01 0.000000e+00
      outer loop
         vertex 5.432538e+01 4.012753e+01 5.500000e+00
         vertex 5.426899e+01 3.991706e+01 4.500000e+00
         vertex 5.432538e+01 4.012753e+01 4.500000e+00
      endloop
   endfacet
   facet normal 9.063061e-01 -4.226220e-01 0.000000e+00
      outer loop
         vertex 5.432538e+01 4.012753e+01 5.500000e+00
         vertex 5.432538e+01 4.012753e+01 4.500000e+00
         vertex 5.441747e+01 4.032500e+01 5.500000e+00
      endloop
   endfacet
   facet normal 9.063061e-01 -4.226220e-01 0.000000e+00
      outer loop
         vertex 5.441747e+01 4.032500e+01 5.500000e+00
         vertex 5.432538e+01 4.012753e+01 4.500000e+00
         vertex 5.441747e+01 4.032500e+01 4.500000e+00
      endloop
   endfacet
   facet normal 8.191520e-01 -5.735765e-01 0.000000e+00
      outer loop
         vertex 5.441747e+01 4.032500e+01 5.500000e+00
         vertex 5.441747e+01 4.032500e+01 4.500000e+00
         vertex 5.454244e+01 4.050349e+01 5.500000e+00
      endloop
   endfacet
   facet normal 8.191520e-01 -5.735765e-01 0.000000e+00
      outer loop
         vertex 5.454244e+01 4.050349e+01 5.500000e+00
         vertex 5.441747e+01 4.032500e+01 4.500000e+00
         vertex 5.454244e+01 4.050349e+01 4.500000e+00
      endloop
   endfacet
   facet normal 7.071068e-01 -7.071068e-01 0.000000e+00
      outer loop
         vertex 5.454244e+01 4.050349e+01 5.500000e+00
         vertex 5.454244e+01 4.050349e+01 4.500000e+00
         vertex 5.469652e+01 4.065756e+01 5.500000e+00
      endloop
   endfacet
   facet normal 7.071068e-01 -7.071068e-01 0.000000e+00
      outer loop
         vertex 5.469652e+01 4.065756e+01 5.500000e+00
         vertex 5.454244e+01 4.050349e+01 4.500000e+00
         vertex 5.469652e+01 4.065756e+01 4.500000e+00
      endloop
   endfacet
   facet normal 5.735765e-01 -8.191520e-01 0.000000e+00
      outer loop
         vertex 5.469652e+01 4.065756e+01 5.500000e+00
         vertex 5.469652e+01 4.065756e+01 4.500000e+00
         vertex 5.487500e+01 4.078253e+01 5.500000e+00
      endloop
   endfacet
   facet normal 5.735765e-01 -8.191520e-01 0.000000e+00
      outer loop
         vertex 5.487500e+01 4.078253e+01 5.500000e+00
         vertex 5.469652e+01 4.065756e+01 4.500000e+00
         vertex 5.487500e+01 4.078253e+01 4.500000e+00
      endloop
   endfacet
   facet normal 4.226150e-01 -9.063093e-01 0.000000e+00
      outer loop
         vertex 5.487500e+01 4.078253e+01 5.500000e+00
         vertex 5.487500e+01 4.078253e+01 4.500000e+00
         vertex 5.507248e+01 4.087462e+01 5.500000e+00
      endloop
   endfacet
   facet normal 4.226150e-01 -9.063093e-01 0.000000e+00
      outer loop
         vertex 5.507248e+01 4.087462e+01 5.500000e+00
         vertex 5.487500e+01 4.078253e+01 4.500000e+00
         vertex 5.507248e+01 4.087462e+01 4.500000e+00
      endloop
   endfacet
   facet normal 2.588261e-01 -9.659239e-01 0.000000e+00
      outer loop
         vertex 5.507248e+01 4.087462e+01 5.500000e+00
         vertex 5.507248e+01 4.087462e+01 4.500000e+00
         vertex 5.528294e+01 4.093101e+01 5.500000e+00
      endloop
   endfacet
   facet normal 2.588261e-01 -9.659239e-01 0.000000e+00
      outer loop
         vertex 5.528294e+01 4.093101e+01 5.500000e+00
         vertex 5.507248e+01 4.087462e+01 4.500000e+00
         vertex 5.528294e+01 4.093101e+01 4.500000e+00
      endloop
   endfacet
   facet normal 8.715232e-02 -9.961950e-01 0.000000e+00
      outer loop
         vertex 5.528294e+01 4.093101e+01 5.500000e+00
         vertex 5.528294e+01 4.093101e+01 4.500000e+00
         vertex 5.550000e+01 4.095000e+01 5.500000e+00
      endloop
   endfacet
   facet normal 8.715232e-02 -9.961950e-01 0.000000e+00
      outer loop
         vertex 5.550000e+01 4.095000e+01 5.500000e+00
         vertex 5.528294e+01 4.093101e+01 4.500000e+00
         vertex 5.550000e+01 4.095000e+01 4.500000e+00
      endloop
   endfacet
   facet normal -8.715306e-02 -9.961949e-01 -0.000000e+00
      outer loop
         vertex 5.550000e+01 4.095000e+01 5.500000e+00
         vertex 5.550000e+01 4.095000e+01 4.500000e+00
         vertex 5.571706e+01 4.093101e+01 5.500000e+00
      endloop
   endfacet
   facet normal -8.715306e-02 -9.961949e-01 -0.000000e+00
      outer loop
         vertex 5.571706e+01 4.093101e+01 5.500000e+00
         vertex 5.550000e+01 4.095000e+01 4.500000e+00
         vertex 5.571706e+01 4.093101e+01 4.500000e+00
      endloop
   endfacet
   facet normal -2.588261e-01 -9.659239e-01 -0.000000e+00
      outer loop
         vertex 5.571706e+01 4.093101e+01 5.500000e+00
         vertex 5.571706e+01 4.093101e+01 4.500000e+00
         vertex 5.592752e+01 4.087462e+01 5.500000e+00
      endloop
   endfacet
   facet normal -2.588261e-01 -9.659239e-01 -0.000000e+00
      outer loop
         vertex 5.592752e+01 4.087462e+01 5.500000e+00
         vertex 5.571706e+01 4.093101e+01 4.500000e+00
         vertex 5.592752e+01 4.087462e+01 4.500000e+00
      endloop
   endfacet
   facet normal -4.226150e-01 -9.063093e-01 -0.000000e+00
      outer loop
         vertex 5.592752e+01 4.087462e+01 5.500000e+00
         vertex 5.592752e+01 4.087462e+01 4.500000e+00
         vertex 5.612500e+01 4.078253e+01 5.500000e+00
      endloop
   endfacet
   facet normal -4.226150e-01 -9.063093e-01 -0.000000e+00
      outer loop
         vertex 5.612500e+01 4.078253e+01 5.500000e+00
         vertex 5.592752e+01 4.087462e+01 4.500000e+00
         vertex 5.612500e+01 4.078253e+01 4.500000e+00
      endloop
   endfacet
   facet normal -5.735765e-01 -8.191520e-01 -0.000000e+00
      outer loop
         vertex 5.612500e+01 4.078253e+01 5.500000e+00
         vertex 5.612500e+01 4.078253e+01 4.500000e+00
         vertex 5.630348e+01 4.065756e+01 5.500000e+00
      endloop
   endfacet
   facet normal -5.735765e-01 -8.191520e-01 -0.000000e+00
      outer loop
         vertex 5.630348e+01 4.065756e+01 5.500000e+00
         vertex 5.612500e+01 4.078253e+01 4.500000e+00
         vertex 5.630348e+01 4.065756e+01 4.500000e+00
      endloop
   endfacet
   facet normal -7.071068e-01 -7.071068e-01 -0.000000e+00
      outer loop
         vertex 5.630348e+01 4.065756e+01 5.500000e+00
         vertex 5.630348e+01 4.065756e+01 4.500000e+00
         vertex 5.645755e+01 4.050349e+01 5.500000e+00
      endloop
   endfacet
   facet normal -7.071068e-01 -7.071068e-01 -0.000000e+00
      outer loop
         vertex 5.645755e+01 4.050349e+01 5.500000e+00
         vertex 5.630348e+01 4.065756e+01 4.500000e+00
         vertex 5.645755e+01 4.050349e+01 4.500000e+00
      endloop
   endfacet
   facet normal -8.191520e-01 -5.735765e-01 -0.000000e+00
      outer loop
         vertex 5.645755e+01 4.050349e+01 5.500000e+00
         vertex 5.645755e+01 4.050349e+01 4.500000e+00
         vertex 5.658253e+01 4.032500e+01 5.500000e+00
      endloop
   endfacet
   facet normal -8.191520e-01 -5.735765e-01 -0.000000e+00
      outer loop
         vertex 5.658253e+01 4.032500e+01 5.500000e+00
         vertex 5.645755e+01 4.050349e+01 4.500000e+00
         vertex 5.658253e+01 4.032500e+01 4.500000e+00
      endloop
   endfacet
   facet normal -9.063061e-01 -4.226220e-01 -0.000000e+00
      outer loop
         vertex 5.658253e+01 4.032500e+01 5.500000e+00
         vertex 5.658253e+01 4.032500e+01 4.500000e+00
         vertex 5.667462e+01 4.012753e+01 5.500000e+00
      endloop
   endfacet
   facet normal -9.063061e-01 -4.226220e-01 -0.000000e+00
      outer loop
         vertex 5.667462e+01 4.012753e+01 5.500000e+00
         vertex 5.658253e+01 4.032500e+01 4.500000e+00
         vertex 5.667462e+01 4.012753e+01 4.500000e+00
      endloop
   endfacet
   facet normal -9.659261e-01 -2.588181e-01 -0.000000e+00
      outer loop
         vertex 5.667462e+01 4.012753e+01 5.500000e+00
         vertex 5.667462e+01 4.012753e+01 4.500000e+00
         vertex 5.673101e+01 3.991706e+01 5.500000e+00
      endloop
   endfacet
   facet normal -9.659261e-01 -2.588181e-01 -0.000000e+00
      outer loop
         vertex 5.673101e+01 3.991706e+01 5.500000e+00
         vertex 5.667462e+01 4.012753e+01 4.500000e+00
         vertex 5.673101e+01 3.991706e+01 4.500000e+00
      endloop
   endfacet
   facet normal -9.961950e-01 -8.715232e-02 -0.000000e+00
      outer loop
         vertex 5.673101e+01 3.991706e+01 5.500000e+00
         vertex 5.673101e+01 3.991706e+01 4.500000e+00
         vertex 5.675000e+01 3.970000e+01 5.500000e+00
      endloop
   endfacet
   facet normal -9.961950e-01 -8.715232e-02 -0.000000e+00
      outer loop
         vertex 5.675000e+01 3.970000e+01 5.500000e+00
         vertex 5.673101e+01 3.991706e+01 4.500000e+00
         vertex 5.675000e+01 3.970000e+01 4.500000e+00
      endloop
   endfacet
   facet normal -9.961949e-01 8.715306e-02 0.000000e+00
      outer loop
         vertex 5.675000e+01 3.970000e+01 5.500000e+00
         vertex 5.675000e+01 3.970000e+01 4.500000e+00
         vertex 5.673101e+01 3.948294e+01 5.500000e+00
      endloop
   endfacet
   facet normal -9.961949e-01 8.715306e-02 0.000000e+00
      outer loop
         vertex 5.673101e+01 3.948294e+01 5.500000e+00
         vertex 5.675000e+01 3.970000e+01 4.500000e+00
         vertex 5.673101e+01 3.948294e+01 4.500000e+00
      endloop
   endfacet
   facet normal -9.659261e-01 2.588181e-01 0.000000e+00
      outer loop
         vertex 5.673101e+01 3.948294e+01 5.500000e+00
         vertex 5.673101e+01 3.948294e+01 4.500000e+00
         vertex 5.667462e+01 3.927248e+01 5.500000e+00
      endloop
   endfacet
   facet normal -9.659261e-01 2.588181e-01 0.000000e+00
      outer loop
         vertex 5.667462e+01 3.927248e+01 5.500000e+00
         vertex 5.673101e+01 3.948294e+01 4.500000e+00
         vertex 5.667462e+01 3.927248e+01 4.500000e+00
      endloop
   endfacet
   facet normal -9.063061e-01 4.226220e-01 0.000000e+00
      outer loop
         vertex 5.667462e+01 3.927248e+01 5.500000e+00
         vertex 5.667462e+01 3.927248e+01 4.500000e+00
         vertex 5.658253e+01 3.907500e+01 5.500000e+00
      endloop
   endfacet
   facet normal -9.063061e-01 4.226220e-01 0.000000e+00
      outer loop
         vertex 5.658253e+01 3.907500e+01 5.500000e+00
         vertex 5.667462e+01 3.927248e+01 4.500000e+00
         vertex 5.658253e+01 3.907500e+01 4.500000e+00
      endloop
   endfacet
   facet normal -8.191520e-01 5.735765e-01 0.000000e+00
      outer loop
         vertex 5.658253e+01 3.907500e+01 5.500000e+00
         vertex 5.658253e+01 3.907500e+01 4.500000e+00
         vertex 5.645755e+01 3.889652e+01 5.500000e+00
      endloop
   endfacet
   facet normal -8.191520e-01 5.735765e-01 0.000000e+00
      outer loop
         vertex 5.645755e+01 3.889652e+01 5.500000e+00
         vertex 5.658253e+01 3.907500e+01 4.500000e+00
         vertex 5.645755e+01 3.889652e+01 4.500000e+00
      endloop
   endfacet
   facet normal -7.071068e-01 7.071068e-01 0.000000e+00
      outer loop
         vertex 5.645755e+01 3.889652e+01 5.500000e+00
         vertex 5.645755e+01 3.889652e+01 4.500000e+00
         vertex 5.630348e+01 3.874245e+01 5.500000e+00
      endloop
   endfacet
   facet normal -7.071068e-01 7.071068e-01 0.000000e+00
      outer loop
         vertex 5.630348e+01 3.874245e+01 5.500000e+00
         vertex 5.645755e+01 3.889652e+01 4.500000e+00
         vertex 5.630348e+01 3.874245e+01 4.500000e+00
      endloop
   endfacet
   facet normal -5.735765e-01 8.191520e-01 0.000000e+00
      outer loop
         vertex 5.630348e+01 3.874245e+01 5.500000e+00
         vertex 5.630348e+01 3.874245e+01 4.500000e+00
         vertex 5.612500e+01 3.861747e+01 5.500000e+00
      endloop
   endfacet
   facet normal -5.735765e-01 8.191520e-01 0.000000e+00
      outer loop
         vertex 5.612500e+01 3.861747e+01 5.500000e+00
         vertex 5.630348e+01 3.874245e+01 4.500000e+00
         vertex 5.612500e+01 3.861747e+01 4.500000e+00
      endloop
   endfacet
   facet normal -4.226220e-01 9.063061e-01 0.000000e+00
      outer loop
         vertex 5.612500e+01 3.861747e+01 5.500000e+00
         vertex 5.612500e+01 3.861747e+01 4.500000e+00
         vertex 5.592752e+01 3.852538e+01 5.500000e+00
      endloop
   endfacet
   facet normal -4.226220e-01 9.063061e-01 0.000000e+00
      outer loop
         vertex 5.592752e+01 3.852538e+01 5.500000e+00
         vertex 5.612500e+01 3.861747e+01 4.500000e+00
         vertex 5.592752e+01 3.852538e+01 4.500000e+00
      endloop
   endfacet
   facet normal -2.588181e-01 9.659261e-01 0.000000e+00
      outer loop
         vertex 5.592752e+01 3.852538e+01 5.500000e+00
         vertex 5.592752e+01 3.852538e+01 4.500000e+00
         vertex 5.571706e+01 3.846899e+01 5.500000e+00
      endloop
   endfacet
   facet normal -2.588181e-01 9.659261e-01 0.000000e+00
      outer loop
         vertex 5.571706e+01 3.846899e+01 5.500000e+00
         vertex 5.592752e+01 3.852538e+01 4.500000e+00
         vertex 5.571706e+01 3.846899e+01 4.500000e+00
      endloop
   endfacet
   facet normal -8.715306e-02 9.961949e-01 0.000000e+00
      outer loop
         vertex 5.571706e+01 3.846899e+01 5.500000e+00
         vertex 5.571706e+01 3.846899e+01 4.500000e+00
         vertex 5.550000e+01 3.845000e+01 5.500000e+00
      endloop
   endfacet
   facet normal -8.715306e-02 9.961949e-01 0.000000e+00
      outer loop
         vertex 5.550000e+01 3.845000e+01 5.500000e+00
         vertex 5.571706e+01 3.846899e+01 4.500000e+00
         vertex 5.550000e+01 3.845000e+01 4.500000e+00
      endloop
   endfacet
   facet normal 8.715232e-02 9.961950e-01 0.000000e+00
      outer loop
         vertex 5.550000e+01 3.845000e+01 5.500000e+00
         vertex 5.550000e+01 3.845000e+01 4.500000e+00
         vertex 5.528294e+01 3.846899e+01 5.500000e+00
      endloop
   endfacet
   facet normal 8.715232e-02 9.961950e-01 0.000000e+00
      outer loop
         vertex 5.528294e+01 3.846899e+01 5.500000e+00
         vertex 5.550000e+01 3.845000e+01 4.500000e+00
         vertex 5.528294e+01 3.846899e+01 4.500000e+00
      endloop
   endfacet
   facet normal 2.588181e-01 9.659261e-01 0.000000e+00
      outer loop
         vertex 5.528294e+01 3.846899e+01 5.500000e+00
         vertex 5.528294e+01 3.846899e+01 4.500000e+00
         vertex 5.507248e+01 3.852538e+01 5.500000e+00
      endloop
   endfacet
   facet normal 2.588181e-01 9.659261e-01 0.000000e+00
      outer loop
         vertex 5.507248e+01 3.852538e+01 5.500000e+00
         vertex 5.528294e+01 3.846899e+01 4.500000e+00
         vertex 5.507248e+01 3.852538e+01 4.500000e+00
      endloop
   endfacet
   facet normal 4.226220e-01 9.063061e-01 0.000000e+00
      outer loop
         vertex 5.507248e+01 3.852538e+01 5.500000e+00
         vertex 5.507248e+01 3.852538e+01 4.500000e+00
         vertex 5.487500e+01 3.861747e+01 5.500000e+00
      endloop
   endfacet
   facet normal 4.226220e-01 9.063061e-01 0.000000e+00
      outer loop
         vertex 5.487500e+01 3.861747e+01 5.500000e+00
         vertex 5.507248e+01 3.852538e+01 4.500000e+00
         vertex 5.487500e+01 3.861747e+01 4.500000e+00
      endloop
   endfacet
   facet normal 5.735765e-01 8.191520e-01 0.000000e+00
      outer loop
         vertex 5.487500e+01 3.861747e+01 5.500000e+00
         vertex 5.487500e+01 3.861747e+01 4.500000e+00
         vertex 5.469652e+01 3.874245e+01 5.500000e+00
      endloop
   endfacet
   facet normal 5.735765e-01 8.191520e-01 0.000000e+00
      outer loop
         vertex 5.469652e+01 3.874245e+01 5.500000e+00
         vertex 5.487500e+01 3.861747e+01 4.500000e+00
         vertex 5.469652e+01 3.874245e+01 4.500000e+00
      endloop
   endfacet
   facet normal 7.071068e-01 7.071068e-01 0.000000e+00
      outer loop
         vertex 5.469652e+01 3.874245e+01 5.500000e+00
         vertex 5.469652e+01 3.874245e+01 4.500000e+00
         vertex 5.454244e+01 3.889652e+01 5.500000e+00
      endloop
   endfacet
   facet normal 7.071068e-01 7.071068e-01 0.000000e+00
      outer loop
         vertex 5.454244e+01 3.889652e+01 5.500000e+00
         vertex 5.469652e+01 3.874245e+01 4.500000e+00
         vertex 5.454244e+01 3.889652e+01 4.500000e+00
      endloop
   endfacet
   facet normal 8.191520e-01 5.735765e-01 0.000000e+00
      outer loop
         vertex 5.454244e+01 3.889652e+01 5.500000e+00
         vertex 5.454244e+01 3.889652e+01 4.500000e+00
         vertex 5.441747e+01 3.907500e+01 5.500000e+00
      endloop
   endfacet
   facet normal 8.191520e-01 5.735765e-01 0.000000e+00
      outer loop
         vertex 5.441747e+01 3.907500e+01 5.500000e+00
         vertex 5.454244e+01 3.889652e+01 4.500000e+00
         vertex 5.441747e+01 3.907500e+01 4.500000e+00
      endloop
   endfacet
   facet normal 9.063061e-01 4.226220e-01 0.000000e+00
      outer loop
         vertex 5.441747e+01 3.907500e+01 5.500000e+00
         vertex 5.441747e+01 3.907500e+01 4.500000e+00
         vertex 5.432538e+01 3.927248e+01 5.500000e+00
      endloop
   endfacet
   facet normal 9.063061e-01 4.226220e-01 0.000000e+00
      outer loop
         vertex 5.432538e+01 3.927248e+01 5.500000e+00
         vertex 5.441747e+01 3.907500e+01 4.500000e+00
         vertex 5.432538e+01 3.927248e+01 4.500000e+00
      endloop
   endfacet
   facet normal 9.659261e-01 2.588181e-01 0.000000e+00
      outer loop
         vertex 5.432538e+01 3.927248e+01 5.500000e+00
         vertex 5.432538e+01 3.927248e+01 4.500000e+00
         vertex 5.426899e+01 3.948294e+01 5.500000e+00
      endloop
   endfacet
   facet normal 9.659261e-01 2.588181e-01 0.000000e+00
      outer loop
         vertex 5.426899e+01 3.948294e+01 5.500000e+00
         vertex 5.432538e+01 3.927248e+01 4.500000e+00
         vertex 5.426899e+01 3.948294e+01 4.500000e+00
      endloop
   endfacet
   facet normal 9.961949e-01 8.715306e-02 0.000000e+00
      outer loop
         vertex 5.426899e+01 3.948294e+01 5.500000e+00
         vertex 5.426899e+01 3.948294e+01 4.500000e+00
         vertex 5.425000e+01 3.970000e+01 5.500000e+00
      endloop
   endfacet
   facet normal 9.961949e-01 8.715306e-02 0.000000e+00
      outer loop
         vertex 5.425000e+01 3.970000e+01 5.500000e+00
         vertex 5.426899e+01 3.948294e+01 4.500000e+00
         vertex 5.425000e+01 3.970000e+01 4.500000e+00
      endloop
   endfacet
   facet normal -8.715544e-02 0.000000e+00 -9.961947e-01
      outer loop
         vertex 2.870000e+01 0.000000e+00 4.500000e+00
         vertex 2.870000e+01 1.500001e+00 4.500000e+00
         vertex 2.878682e+01 0.000000e+00 4.492404e+00
      endloop
   endfacet
   facet normal -8.715544e-02 0.000000e+00 -9.961947e-01
      outer loop
         vertex 2.878682e+01 0.000000e+00 4.492404e+00
         vertex 2.870000e+01 1.500001e+00 4.500000e+00
         vertex 2.878682e+01 1.500001e+00 4.492404e+00
      endloop
   endfacet
   facet normal -2.588191e-01 0.000000e+00 -9.659258e-01
      outer loop
         vertex 2.878682e+01 0.000000e+00 4.492404e+00
         vertex 2.878682e+01 1.500001e+00 4.492404e+00
         vertex 2.887101e+01 0.000000e+00 4.469846e+00
      endloop
   endfacet
   facet normal -2.588191e-01 0.000000e+00 -9.659258e-01
      outer loop
         vertex 2.887101e+01 0.000000e+00 4.469846e+00
         vertex 2.878682e+01 1.500001e+00 4.492404e+00
         vertex 2.887101e+01 1.500001e+00 4.469846e+00
      endloop
   endfacet
   facet normal -4.226179e-01 0.000000e+00 -9.063080e-01
      outer loop
         vertex 2.887101e+01 0.000000e+00 4.469846e+00
         vertex 2.887101e+01 1.500001e+00 4.469846e+00
         vertex 2.895000e+01 0.000000e+00 4.433013e+00
      endloop
   endfacet
   facet normal -4.226179e-01 0.000000e+00 -9.063080e-01
      outer loop
         vertex 2.895000e+01 0.000000e+00 4.433013e+00
         vertex 2.887101e+01 1.500001e+00 4.469846e+00
         vertex 2.895000e+01 1.500001e+00 4.433013e+00
      endloop
   endfacet
   facet normal -5.735765e-01 0.000000e+00 -8.191520e-01
      outer loop
         vertex 2.895000e+01 0.000000e+00 4.433013e+00
         vertex 2.895000e+01 1.500001e+00 4.433013e+00
         vertex 2.902139e+01 0.000000e+00 4.383022e+00
      endloop
   endfacet
   facet normal -5.735765e-01 0.000000e+00 -8.191520e-01
      outer loop
         vertex 2.902139e+01 0.000000e+00 4.383022e+00
         vertex 2.895000e+01 1.500001e+00 4.433013e+00
         vertex 2.902139e+01 1.500001e+00 4.383022e+00
      endloop
   endfacet
   facet normal -7.071068e-01 0.000000e+00 -7.071068e-01
      outer loop
         vertex 2.902139e+01 0.000000e+00 4.383022e+00
         vertex 2.902139e+01 1.500001e+00 4.383022e+00
         vertex 2.908302e+01 0.000000e+00 4.321394e+00
      endloop
   endfacet
   facet normal -7.071068e-01 0.000000e+00 -7.071068e-01
      outer loop
         vertex 2.908302e+01 0.000000e+00 4.321394e+00
         vertex 2.902139e+01 1.500001e+00 4.383022e+00
         vertex 2.908302e+01 1.500001e+00 4.321394e+00
      endloop
   endfacet
   facet normal -8.191520e-01 0.000000e+00 -5.735765e-01
      outer loop
         vertex 2.908302e+01 0.000000e+00 4.321394e+00
         vertex 2.908302e+01 1.500001e+00 4.321394e+00
         vertex 2.913301e+01 0.000000e+00 4.250000e+00
      endloop
   endfacet
   facet normal -8.191520e-01 0.000000e+00 -5.735765e-01
      outer loop
         vertex 2.913301e+01 0.000000e+00 4.250000e+00
         vertex 2.908302e+01 1.500001e+00 4.321394e+00
         vertex 2.913301e+01 1.500001e+00 4.250000e+00
      endloop
   endfacet
   facet normal -9.063078e-01 0.000000e+00 -4.226181e-01
      outer loop
         vertex 2.913301e+01 0.000000e+00 4.250000e+00
         vertex 2.913301e+01 1.500001e+00 4.250000e+00
         vertex 2.916985e+01 0.000000e+00 4.171010e+00
      endloop
   endfacet
   facet normal -9.063078e-01 0.000000e+00 -4.226181e-01
      outer loop
         vertex 2.916985e+01 0.000000e+00 4.171010e+00
         vertex 2.913301e+01 1.500001e+00 4.250000e+00
         vertex 2.916985e+01 1.500001e+00 4.171010e+00
      endloop
   endfacet
   facet normal -9.659258e-01 0.000000e+00 -2.588191e-01
      outer loop
         vertex 2.916985e+01 0.000000e+00 4.171010e+00
         vertex 2.916985e+01 1.500001e+00 4.171010e+00
         vertex 2.919240e+01 0.000000e+00 4.086824e+00
      endloop
   endfacet
   facet normal -9.659258e-01 0.000000e+00 -2.588191e-01
      outer loop
         vertex 2.919240e+01 0.000000e+00 4.086824e+00
         vertex 2.916985e+01 1.500001e+00 4.171010e+00
         vertex 2.919240e+01 1.500001e+00 4.086824e+00
      endloop
   endfacet
   facet normal -9.961947e-01 0.000000e+00 -8.715550e-02
      outer loop
         vertex 2.919240e+01 0.000000e+00 4.086824e+00
         vertex 2.919240e+01 1.500001e+00 4.086824e+00
         vertex 2.920000e+01 0.000000e+00 4.000000e+00
      endloop
   endfacet
   facet normal -9.961947e-01 0.000000e+00 -8.715550e-02
      outer loop
         vertex 2.920000e+01 0.000000e+00 4.000000e+00
         vertex 2.919240e+01 1.500001e+00 4.086824e+00
         vertex 2.920000e+01 1.500001e+00 4.000000e+00
      endloop
   endfacet
   facet normal -1.000000e+00 0.000000e+00 0.000000e+00
      outer loop
         vertex 2.920000e+01 0.000000e+00 0.000000e+00
         vertex 2.920000e+01 0.000000e+00 4.000000e+00
         vertex 2.920000e+01 1.500001e+00 0.000000e+00
      endloop
   endfacet
   facet normal -1.000000e+00 0.000000e+00 0.000000e+00
      outer loop
         vertex 2.920000e+01 1.500001e+00 0.000000e+00
         vertex 2.920000e+01 0.000000e+00 4.000000e+00
         vertex 2.920000e+01 1.500001e+00 4.000000e+00
      endloop
   endfacet
   facet normal 0.000000e+00 0.000000e+00 -1.000000e+00
      outer loop
         vertex 2.920000e+01 1.500001e+00 0.000000e+00
         vertex 3.520000e+01 1.500001e+00 0.000000e+00
         vertex 2.920000e+01 0.000000e+00 0.000000e+00
      endloop
   endfacet
   facet normal 0.000000e+00 0.000000e+00 -1.000000e+00
      outer loop
         vertex 2.920000e+01 0.000000e+00 0.000000e+00
         vertex 3.520000e+01 1.500001e+00 0.000000e+00
         vertex 3.520000e+01 0.000000e+00 0.000000e+00
      endloop
   endfacet
   facet normal 1.000000e+00 0.000000e+00 -0.000000e+00
      outer loop
         vertex 3.520000e+01 1.500001e+00 0.000000e+00
         vertex 3.520000e+01 1.500001e+00 4.000000e+00
         vertex 3.520000e+01 0.000000e+00 0.000000e+00
      endloop
   endfacet
   facet normal 1.000000e+00 0.000000e+00 0.000000e+00
      outer loop
         vertex 3.520000e+01 0.000000e+00 0.000000e+00
         vertex 3.520000e+01 1.500001e+00 4.000000e+00
         vertex 3.520000e+01 0.000000e+00 4.000000e+00
      endloop
   endfacet
   facet normal -0.000000e+00 1.000000e+00 0.000000e+00
      outer loop
         vertex 2.870000e+01 1.500001e+00 4.500000e+00
         vertex 3.570000e+01 1.500001e+00 4.500000e+00
         vertex 3.561318e+01 1.500001e+00 4.492404e+00
      endloop
   endfacet
   facet normal 0.000000e+00 1.000000e+00 0.000000e+00
      outer loop
         vertex 3.537861e+01 1.500001e+00 4.383022e+00
         vertex 3.531698e+01 1.500001e+00 4.321394e+00
         vertex 2.870000e+01 1.500001e+00 4.500000e+00
      endloop
   endfacet
   facet normal 0.000000e+00 1.000000e+00 0.000000e+00
      outer loop
         vertex 2.870000e+01 1.500001e+00 4.500000e+00
         vertex 3.531698e+01 1.500001e+00 4.321394e+00
         vertex 3.526699e+01 1.500001e+00 4.250000e+00
      endloop
   endfacet
   facet normal 0.000000e+00 1.000000e+00 0.000000e+00
      outer loop
         vertex 3.561318e+01 1.500001e+00 4.492404e+00
         vertex 3.552899e+01 1.500001e+00 4.469846e+00
         vertex 2.870000e+01 1.500001e+00 4.500000e+00
      endloop
   endfacet
   facet normal 0.000000e+00 1.000000e+00 0.000000e+00
      outer loop
         vertex 2.870000e+01 1.500001e+00 4.500000e+00
         vertex 3.552899e+01 1.500001e+00 4.469846e+00
         vertex 3.545000e+01 1.500001e+00 4.433013e+00
      endloop
   endfacet
   facet normal 0.000000e+00 1.000000e+00 0.000000e+00
      outer loop
         vertex 2.870000e+01 1.500001e+00 4.500000e+00
         vertex 3.545000e+01 1.500001e+00 4.433013e+00
         vertex 3.537861e+01 1.500001e+00 4.383022e+00
      endloop
   endfacet
   facet normal 0.000000e+00 1.000000e+00 0.000000e+00
      outer loop
         vertex 3.526699e+01 1.500001e+00 4.250000e+00
         vertex 3.523015e+01 1.500001e+00 4.171010e+00
         vertex 2.870000e+01 1.500001e+00 4.500000e+00
      endloop
   endfacet
   facet normal 0.000000e+00 1.000000e+00 0.000000e+00
      outer loop
         vertex 2.870000e+01 1.500001e+00 4.500000e+00
         vertex 3.523015e+01 1.500001e+00 4.171010e+00
         vertex 3.520760e+01 1.500001e+00 4.086824e+00
      endloop
   endfacet
   facet normal 0.000000e+00 1.000000e+00 0.000000e+00
      outer loop
         vertex 2.870000e+01 1.500001e+00 4.500000e+00
         vertex 3.520760e+01 1.500001e+00 4.086824e+00
         vertex 2.878682e+01 1.500001e+00 4.492404e+00
      endloop
   endfacet
   facet normal -0.000000e+00 1.000000e+00 -0.000000e+00
      outer loop
         vertex 2.916985e+01 1.500001e+00 4.171010e+00
         vertex 2.913301e+01 1.500001e+00 4.250000e+00
         vertex 3.520760e+01 1.500001e+00 4.086824e+00
      endloop
   endfacet
   facet normal 0.000000e+00 1.000000e+00 0.000000e+00
      outer loop
         vertex 3.520760e+01 1.500001e+00 4.086824e+00
         vertex 2.913301e+01 1.500001e+00 4.250000e+00
         vertex 2.908302e+01 1.500001e+00 4.321394e+00
      endloop
   endfacet
   facet normal 0.000000e+00 1.000000e+00 0.000000e+00
      outer loop
         vertex 3.520760e+01 1.500001e+00 4.086824e+00
         vertex 2.908302e+01 1.500001e+00 4.321394e+00
         vertex 2.902139e+01 1.500001e+00 4.383022e+00
      endloop
   endfacet
   facet normal -0.000000e+00 1.000000e+00 -0.000000e+00
      outer loop
         vertex 2.902139e+01 1.500001e+00 4.383022e+00
         vertex 2.895000e+01 1.500001e+00 4.433013e+00
         vertex 3.520760e+01 1.500001e+00 4.086824e+00
      endloop
   endfacet
   facet normal 0.000000e+00 1.000000e+00 0.000000e+00
      outer loop
         vertex 3.520760e+01 1.500001e+00 4.086824e+00
         vertex 2.895000e+01 1.500001e+00 4.433013e+00
         vertex 2.887101e+01 1.500001e+00 4.469846e+00
      endloop
   endfacet
   facet normal 0.000000e+00 1.000000e+00 0.000000e+00
      outer loop
         vertex 3.520760e+01 1.500001e+00 4.086824e+00
         vertex 2.887101e+01 1.500001e+00 4.469846e+00
         vertex 2.878682e+01 1.500001e+00 4.492404e+00
      endloop
   endfacet
   facet normal 0.000000e+00 1.000000e+00 -0.000000e+00
      outer loop
         vertex 3.520000e+01 1.500001e+00 0.000000e+00
         vertex 2.920000e+01 1.500001e+00 0.000000e+00
         vertex 3.520000e+01 1.500001e+00 4.000000e+00
      endloop
   endfacet
   facet normal 0.000000e+00 1.000000e+00 0.000000e+00
      outer loop
         vertex 3.520000e+01 1.500001e+00 4.000000e+00
         vertex 2.920000e+01 1.500001e+00 0.000000e+00
         vertex 2.920000e+01 1.500001e+00 4.000000e+00
      endloop
   endfacet
   facet normal 0.000000e+00 1.000000e+00 -0.000000e+00
      outer loop
         vertex 3.520000e+01 1.500001e+00 4.000000e+00
         vertex 2.920000e+01 1.500001e+00 4.000000e+00
         vertex 3.520760e+01 1.500001e+00 4.086824e+00
      endloop
   endfacet
   facet normal 0.000000e+00 1.000000e+00 0.000000e+00
      outer loop
         vertex 3.520760e+01 1.500001e+00 4.086824e+00
         vertex 2.920000e+01 1.500001e+00 4.000000e+00
         vertex 2.919240e+01 1.500001e+00 4.086824e+00
      endloop
   endfacet
   facet normal 0.000000e+00 1.000000e+00 0.000000e+00
      outer loop
         vertex 3.520760e+01 1.500001e+00 4.086824e+00
         vertex 2.919240e+01 1.500001e+00 4.086824e+00
         vertex 2.916985e+01 1.500001e+00 4.171010e+00
      endloop
   endfacet
   facet normal 8.715562e-02 0.000000e+00 -9.961947e-01
      outer loop
         vertex 3.570000e+01 1.500001e+00 4.500000e+00
         vertex 3.570000e+01 0.000000e+00 4.500000e+00
         vertex 3.561318e+01 1.500001e+00 4.492404e+00
      endloop
   endfacet
   facet normal 8.715562e-02 0.000000e+00 -9.961947e-01
      outer loop
         vertex 3.561318e+01 1.500001e+00 4.492404e+00
         vertex 3.570000e+01 0.000000e+00 4.500000e+00
         vertex 3.561318e+01 0.000000e+00 4.492404e+00
      endloop
   endfacet
   facet normal 2.588191e-01 0.000000e+00 -9.659258e-01
      outer loop
         vertex 3.561318e+01 1.500001e+00 4.492404e+00
         vertex 3.561318e+01 0.000000e+00 4.492404e+00
         vertex 3.552899e+01 1.500001e+00 4.469846e+00
      endloop
   endfacet
   facet normal 2.588191e-01 0.000000e+00 -9.659258e-01
      outer loop
         vertex 3.552899e+01 1.500001e+00 4.469846e+00
         vertex 3.561318e+01 0.000000e+00 4.492404e+00
         vertex 3.552899e+01 0.000000e+00 4.469846e+00
      endloop
   endfacet
   facet normal 4.226171e-01 0.000000e+00 -9.063083e-01
      outer loop
         vertex 3.552899e+01 1.500001e+00 4.469846e+00
         vertex 3.552899e+01 0.000000e+00 4.469846e+00
         vertex 3.545000e+01 1.500001e+00 4.433013e+00
      endloop
   endfacet
   facet normal 4.226171e-01 0.000000e+00 -9.063083e-01
      outer loop
         vertex 3.545000e+01 1.500001e+00 4.433013e+00
         vertex 3.552899e+01 0.000000e+00 4.469846e+00
         vertex 3.545000e+01 0.000000e+00 4.433013e+00
      endloop
   endfacet
   facet normal 5.735765e-01 0.000000e+00 -8.191520e-01
      outer loop
         vertex 3.545000e+01 1.500001e+00 4.433013e+00
         vertex 3.545000e+01 0.000000e+00 4.433013e+00
         vertex 3.537861e+01 1.500001e+00 4.383022e+00
      endloop
   endfacet
   facet normal 5.735765e-01 0.000000e+00 -8.191520e-01
      outer loop
         vertex 3.537861e+01 1.500001e+00 4.383022e+00
         vertex 3.545000e+01 0.000000e+00 4.433013e+00
         vertex 3.537861e+01 0.000000e+00 4.383022e+00
      endloop
   endfacet
   facet normal 7.071068e-01 0.000000e+00 -7.071068e-01
      outer loop
         vertex 3.537861e+01 1.500001e+00 4.383022e+00
         vertex 3.537861e+01 0.000000e+00 4.383022e+00
         vertex 3.531698e+01 1.500001e+00 4.321394e+00
      endloop
   endfacet
   facet normal 7.071068e-01 0.000000e+00 -7.071068e-01
      outer loop
         vertex 3.531698e+01 1.500001e+00 4.321394e+00
         vertex 3.537861e+01 0.000000e+00 4.383022e+00
         vertex 3.531698e+01 0.000000e+00 4.321394e+00
      endloop
   endfacet
   facet normal 8.191513e-01 0.000000e+00 -5.735774e-01
      outer loop
         vertex 3.531698e+01 1.500001e+00 4.321394e+00
         vertex 3.531698e+01 0.000000e+00 4.321394e+00
         vertex 3.526699e+01 1.500001e+00 4.250000e+00
      endloop
   endfacet
   facet normal 8.191513e-01 0.000000e+00 -5.735774e-01
      outer loop
         vertex 3.526699e+01 1.500001e+00 4.250000e+00
         vertex 3.531698e+01 0.000000e+00 4.321394e+00
         vertex 3.526699e+01 0.000000e+00 4.250000e+00
      endloop
   endfacet
   facet normal 9.063091e-01 0.000000e+00 -4.226154e-01
      outer loop
         vertex 3.526699e+01 1.500001e+00 4.250000e+00
         vertex 3.526699e+01 0.000000e+00 4.250000e+00
         vertex 3.523015e+01 1.500001e+00 4.171010e+00
      endloop
   endfacet
   facet normal 9.063091e-01 0.000000e+00 -4.226154e-01
      outer loop
         vertex 3.523015e+01 1.500001e+00 4.171010e+00
         vertex 3.526699e+01 0.000000e+00 4.250000e+00
         vertex 3.523015e+01 0.000000e+00 4.171010e+00
      endloop
   endfacet
   facet normal 9.659258e-01 0.000000e+00 -2.588191e-01
      outer loop
         vertex 3.523015e+01 1.500001e+00 4.171010e+00
         vertex 3.523015e+01 0.000000e+00 4.171010e+00
         vertex 3.520760e+01 1.500001e+00 4.086824e+00
      endloop
   endfacet
   facet normal 9.659258e-01 0.000000e+00 -2.588191e-01
      outer loop
         vertex 3.520760e+01 1.500001e+00 4.086824e+00
         vertex 3.523015e+01 0.000000e+00 4.171010e+00
         vertex 3.520760e+01 0.000000e+00 4.086824e+00
      endloop
   endfacet
   facet normal 9.961945e-01 0.000000e+00 -8.715815e-02
      outer loop
         vertex 3.520760e+01 1.500001e+00 4.086824e+00
         vertex 3.520760e+01 0.000000e+00 4.086824e+00
         vertex 3.520000e+01 1.500001e+00 4.000000e+00
      endloop
   endfacet
   facet normal 9.961945e-01 0.000000e+00 -8.715815e-02
      outer loop
         vertex 3.520000e+01 1.500001e+00 4.000000e+00
         vertex 3.520760e+01 0.000000e+00 4.086824e+00
         vertex 3.520000e+01 0.000000e+00 4.000000e+00
      endloop
   endfacet
   facet normal -1.000000e+00 0.000000e+00 0.000000e+00
      outer loop
         vertex 5.320000e+01 0.000000e+00 0.000000e+00
         vertex 5.320000e+01 0.000000e+00 4.000000e+00
         vertex 5.320000e+01 1.500001e+00 0.000000e+00
      endloop
   endfacet
   facet normal -1.000000e+00 0.000000e+00 0.000000e+00
      outer loop
         vertex 5.320000e+01 1.500001e+00 0.000000e+00
         vertex 5.320000e+01 0.000000e+00 4.000000e+00
         vertex 5.320000e+01 1.500001e+00 4.000000e+00
      endloop
   endfacet
   facet normal 0.000000e+00 1.000000e+00 0.000000e+00
      outer loop
         vertex 5.790000e+01 6.200001e+00 0.000000e+00
         vertex 5.790000e+01 6.200001e+00 4.000000e+00
         vertex 5.940000e+01 6.200001e+00 0.000000e+00
      endloop
   endfacet
   facet normal 0.000000e+00 1.000000e+00 -0.000000e+00
      outer loop
         vertex 5.940000e+01 6.200001e+00 0.000000e+00
         vertex 5.790000e+01 6.200001e+00 4.000000e+00
         vertex 5.940000e+01 6.200001e+00 4.000000e+00
      endloop
   endfacet
   facet normal 0.000000e+00 8.715515e-02 -9.961947e-01
      outer loop
         vertex 5.790000e+01 6.700001e+00 4.500000e+00
         vertex 5.940000e+01 6.700001e+00 4.500000e+00
         vertex 5.790000e+01 6.613176e+00 4.492404e+00
      endloop
   endfacet
   facet normal 0.000000e+00 8.715515e-02 -9.961947e-01
      outer loop
         vertex 5.790000e+01 6.613176e+00 4.492404e+00
         vertex 5.940000e+01 6.700001e+00 4.500000e+00
         vertex 5.940000e+01 6.613176e+00 4.492404e+00
      endloop
   endfacet
   facet normal 0.000000e+00 2.588191e-01 -9.659258e-01
      outer loop
         vertex 5.790000e+01 6.613176e+00 4.492404e+00
         vertex 5.940000e+01 6.613176e+00 4.492404e+00
         vertex 5.790000e+01 6.528990e+00 4.469846e+00
      endloop
   endfacet
   facet normal 0.000000e+00 2.588191e-01 -9.659258e-01
      outer loop
         vertex 5.790000e+01 6.528990e+00 4.469846e+00
         vertex 5.940000e+01 6.613176e+00 4.492404e+00
         vertex 5.940000e+01 6.528990e+00 4.469846e+00
      endloop
   endfacet
   facet normal 0.000000e+00 4.226171e-01 -9.063083e-01
      outer loop
         vertex 5.790000e+01 6.528990e+00 4.469846e+00
         vertex 5.940000e+01 6.528990e+00 4.469846e+00
         vertex 5.790000e+01 6.450000e+00 4.433013e+00
      endloop
   endfacet
   facet normal 0.000000e+00 4.226171e-01 -9.063083e-01
      outer loop
         vertex 5.790000e+01 6.450000e+00 4.433013e+00
         vertex 5.940000e+01 6.528990e+00 4.469846e+00
         vertex 5.940000e+01 6.450000e+00 4.433013e+00
      endloop
   endfacet
   facet normal 0.000000e+00 5.735791e-01 -8.191502e-01
      outer loop
         vertex 5.790000e+01 6.450000e+00 4.433013e+00
         vertex 5.940000e+01 6.450000e+00 4.433013e+00
         vertex 5.790000e+01 6.378607e+00 4.383022e+00
      endloop
   endfacet
   facet normal 0.000000e+00 5.735791e-01 -8.191502e-01
      outer loop
         vertex 5.790000e+01 6.378607e+00 4.383022e+00
         vertex 5.940000e+01 6.450000e+00 4.433013e+00
         vertex 5.940000e+01 6.378607e+00 4.383022e+00
      endloop
   endfacet
   facet normal 0.000000e+00 7.071068e-01 -7.071068e-01
      outer loop
         vertex 5.790000e+01 6.378607e+00 4.383022e+00
         vertex 5.940000e+01 6.378607e+00 4.383022e+00
         vertex 5.790000e+01 6.316978e+00 4.321394e+00
      endloop
   endfacet
   facet normal 0.000000e+00 7.071068e-01 -7.071068e-01
      outer loop
         vertex 5.790000e+01 6.316978e+00 4.321394e+00
         vertex 5.940000e+01 6.378607e+00 4.383022e+00
         vertex 5.940000e+01 6.316978e+00 4.321394e+00
      endloop
   endfacet
   facet normal 0.000000e+00 8.191513e-01 -5.735774e-01
      outer loop
         vertex 5.790000e+01 6.316978e+00 4.321394e+00
         vertex 5.940000e+01 6.316978e+00 4.321394e+00
         vertex 5.790000e+01 6.266988e+00 4.250000e+00
      endloop
   endfacet
   facet normal 0.000000e+00 8.191513e-01 -5.735774e-01
      outer loop
         vertex 5.790000e+01 6.266988e+00 4.250000e+00
         vertex 5.940000e+01 6.316978e+00 4.321394e+00
         vertex 5.940000e+01 6.266988e+00 4.250000e+00
      endloop
   endfacet
   facet normal 0.000000e+00 9.063071e-01 -4.226198e-01
      outer loop
         vertex 5.790000e+01 6.266988e+00 4.250000e+00
         vertex 5.940000e+01 6.266988e+00 4.250000e+00
         vertex 5.790000e+01 6.230154e+00 4.171010e+00
      endloop
   endfacet
   facet normal 0.000000e+00 9.063071e-01 -4.226198e-01
      outer loop
         vertex 5.790000e+01 6.230154e+00 4.171010e+00
         vertex 5.940000e+01 6.266988e+00 4.250000e+00
         vertex 5.940000e+01 6.230154e+00 4.171010e+00
      endloop
   endfacet
   facet normal 0.000000e+00 9.659258e-01 -2.588191e-01
      outer loop
         vertex 5.790000e+01 6.230154e+00 4.171010e+00
         vertex 5.940000e+01 6.230154e+00 4.171010e+00
         vertex 5.790000e+01 6.207597e+00 4.086824e+00
      endloop
   endfacet
   facet normal 0.000000e+00 9.659258e-01 -2.588191e-01
      outer loop
         vertex 5.790000e+01 6.207597e+00 4.086824e+00
         vertex 5.940000e+01 6.230154e+00 4.171010e+00
         vertex 5.940000e+01 6.207597e+00 4.086824e+00
      endloop
   endfacet
   facet normal 0.000000e+00 9.961950e-01 -8.715285e-02
      outer loop
         vertex 5.790000e+01 6.207597e+00 4.086824e+00
         vertex 5.940000e+01 6.207597e+00 4.086824e+00
         vertex 5.790000e+01 6.200001e+00 4.000000e+00
      endloop
   endfacet
   facet normal 0.000000e+00 9.961950e-01 -8.715285e-02
      outer loop
         vertex 5.790000e+01 6.200001e+00 4.000000e+00
         vertex 5.940000e+01 6.207597e+00 4.086824e+00
         vertex 5.940000e+01 6.200001e+00 4.000000e+00
      endloop
   endfacet
   facet normal 8.715538e-02 0.000000e+00 -9.961947e-01
      outer loop
         vertex 3.270000e+01 4.340000e+01 4.500000e+00
         vertex 3.270000e+01 4.190000e+01 4.500000e+00
         vertex 3.261318e+01 4.340000e+01 4.492404e+00
      endloop
   endfacet
   facet normal 8.715538e-02 0.000000e+00 -9.961947e-01
      outer loop
         vertex 3.261318e+01 4.340000e+01 4.492404e+00
         vertex 3.270000e+01 4.190000e+01 4.500000e+00
         vertex 3.261318e+01 4.190000e+01 4.492404e+00
      endloop
   endfacet
   facet normal 2.588191e-01 0.000000e+00 -9.659258e-01
      outer loop
         vertex 3.261318e+01 4.340000e+01 4.492404e+00
         vertex 3.261318e+01 4.190000e+01 4.492404e+00
         vertex 3.252899e+01 4.340000e+01 4.469846e+00
      endloop
   endfacet
   facet normal 2.588191e-01 0.000000e+00 -9.659258e-01
      outer loop
         vertex 3.252899e+01 4.340000e+01 4.469846e+00
         vertex 3.261318e+01 4.190000e+01 4.492404e+00
         vertex 3.252899e+01 4.190000e+01 4.469846e+00
      endloop
   endfacet
   facet normal 4.226181e-01 0.000000e+00 -9.063079e-01
      outer loop
         vertex 3.252899e+01 4.340000e+01 4.469846e+00
         vertex 3.252899e+01 4.190000e+01 4.469846e+00
         vertex 3.245000e+01 4.340000e+01 4.433013e+00
      endloop
   endfacet
   facet normal 4.226181e-01 0.000000e+00 -9.063079e-01
      outer loop
         vertex 3.245000e+01 4.340000e+01 4.433013e+00
         vertex 3.252899e+01 4.190000e+01 4.469846e+00
         vertex 3.245000e+01 4.190000e+01 4.433013e+00
      endloop
   endfacet
   facet normal 5.735765e-01 0.000000e+00 -8.191520e-01
      outer loop
         vertex 3.245000e+01 4.340000e+01 4.433013e+00
         vertex 3.245000e+01 4.190000e+01 4.433013e+00
         vertex 3.237861e+01 4.340000e+01 4.383022e+00
      endloop
   endfacet
   facet normal 5.735765e-01 0.000000e+00 -8.191520e-01
      outer loop
         vertex 3.237861e+01 4.340000e+01 4.383022e+00
         vertex 3.245000e+01 4.190000e+01 4.433013e+00
         vertex 3.237861e+01 4.190000e+01 4.383022e+00
      endloop
   endfacet
   facet normal 7.071068e-01 0.000000e+00 -7.071068e-01
      outer loop
         vertex 3.237861e+01 4.340000e+01 4.383022e+00
         vertex 3.237861e+01 4.190000e+01 4.383022e+00
         vertex 3.231698e+01 4.340000e+01 4.321394e+00
      endloop
   endfacet
   facet normal 7.071068e-01 0.000000e+00 -7.071068e-01
      outer loop
         vertex 3.231698e+01 4.340000e+01 4.321394e+00
         vertex 3.237861e+01 4.190000e+01 4.383022e+00
         vertex 3.231698e+01 4.190000e+01 4.321394e+00
      endloop
   endfacet
   facet normal 8.191513e-01 0.000000e+00 -5.735774e-01
      outer loop
         vertex 3.231698e+01 4.340000e+01 4.321394e+00
         vertex 3.231698e+01 4.190000e+01 4.321394e+00
         vertex 3.226699e+01 4.340000e+01 4.250000e+00
      endloop
   endfacet
   facet normal 8.191513e-01 0.000000e+00 -5.735774e-01
      outer loop
         vertex 3.226699e+01 4.340000e+01 4.250000e+00
         vertex 3.231698e+01 4.190000e+01 4.321394e+00
         vertex 3.226699e+01 4.190000e+01 4.250000e+00
      endloop
   endfacet
   facet normal 9.063081e-01 0.000000e+00 -4.226176e-01
      outer loop
         vertex 3.226699e+01 4.340000e+01 4.250000e+00
         vertex 3.226699e+01 4.190000e+01 4.250000e+00
         vertex 3.223015e+01 4.340000e+01 4.171010e+00
      endloop
   endfacet
   facet normal 9.063081e-01 0.000000e+00 -4.226176e-01
      outer loop
         vertex 3.223015e+01 4.340000e+01 4.171010e+00
         vertex 3.226699e+01 4.190000e+01 4.250000e+00
         vertex 3.223015e+01 4.190000e+01 4.171010e+00
      endloop
   endfacet
   facet normal 9.659258e-01 0.000000e+00 -2.588191e-01
      outer loop
         vertex 3.223015e+01 4.340000e+01 4.171010e+00
         vertex 3.223015e+01 4.190000e+01 4.171010e+00
         vertex 3.220760e+01 4.340000e+01 4.086824e+00
      endloop
   endfacet
   facet normal 9.659258e-01 0.000000e+00 -2.588191e-01
      outer loop
         vertex 3.220760e+01 4.340000e+01 4.086824e+00
         vertex 3.223015e+01 4.190000e+01 4.171010e+00
         vertex 3.220760e+01 4.190000e+01 4.086824e+00
      endloop
   endfacet
   facet normal 9.961947e-01 0.000000e+00 -8.715550e-02
      outer loop
         vertex 3.220760e+01 4.340000e+01 4.086824e+00
         vertex 3.220760e+01 4.190000e+01 4.086824e+00
         vertex 3.220000e+01 4.340000e+01 4.000000e+00
      endloop
   endfacet
   facet normal 9.961947e-01 0.000000e+00 -8.715550e-02
      outer loop
         vertex 3.220000e+01 4.340000e+01 4.000000e+00
         vertex 3.220760e+01 4.190000e+01 4.086824e+00
         vertex 3.220000e+01 4.190000e+01 4.000000e+00
      endloop
   endfacet
   facet normal 1.000000e+00 0.000000e+00 -0.000000e+00
      outer loop
         vertex 3.220000e+01 4.340000e+01 0.000000e+00
         vertex 3.220000e+01 4.340000e+01 4.000000e+00
         vertex 3.220000e+01 4.190000e+01 0.000000e+00
      endloop
   endfacet
   facet normal 1.000000e+00 0.000000e+00 0.000000e+00
      outer loop
         vertex 3.220000e+01 4.190000e+01 0.000000e+00
         vertex 3.220000e+01 4.340000e+01 4.000000e+00
         vertex 3.220000e+01 4.190000e+01 4.000000e+00
      endloop
   endfacet
   facet normal 0.000000e+00 0.000000e+00 -1.000000e+00
      outer loop
         vertex 3.220000e+01 4.190000e+01 0.000000e+00
         vertex 3.145000e+01 4.190000e+01 0.000000e+00
         vertex 3.220000e+01 4.340000e+01 0.000000e+00
      endloop
   endfacet
   facet normal -0.000000e+00 0.000000e+00 -1.000000e+00
      outer loop
         vertex 3.220000e+01 4.340000e+01 0.000000e+00
         vertex 3.145000e+01 4.190000e+01 0.000000e+00
         vertex 3.145000e+01 4.340000e+01 0.000000e+00
      endloop
   endfacet
   facet normal -1.000000e+00 0.000000e+00 0.000000e+00
      outer loop
         vertex 3.145000e+01 4.190000e+01 0.000000e+00
         vertex 3.145000e+01 4.190000e+01 4.000000e+00
         vertex 3.145000e+01 4.340000e+01 0.000000e+00
      endloop
   endfacet
   facet normal -1.000000e+00 0.000000e+00 0.000000e+00
      outer loop
         vertex 3.145000e+01 4.340000e+01 0.000000e+00
         vertex 3.145000e+01 4.190000e+01 4.000000e+00
         vertex 3.145000e+01 4.340000e+01 4.000000e+00
      endloop
   endfacet
   facet normal 0.000000e+00 -1.000000e+00 0.000000e+00
      outer loop
         vertex 3.223015e+01 4.190000e+01 4.171010e+00
         vertex 3.127139e+01 4.190000e+01 4.383022e+00
         vertex 3.133302e+01 4.190000e+01 4.321394e+00
      endloop
   endfacet
   facet normal -0.000000e+00 -1.000000e+00 0.000000e+00
      outer loop
         vertex 3.245000e+01 4.190000e+01 4.433013e+00
         vertex 3.095000e+01 4.190000e+01 4.500000e+00
         vertex 3.237861e+01 4.190000e+01 4.383022e+00
      endloop
   endfacet
   facet normal 0.000000e+00 -1.000000e+00 0.000000e+00
      outer loop
         vertex 3.237861e+01 4.190000e+01 4.383022e+00
         vertex 3.095000e+01 4.190000e+01 4.500000e+00
         vertex 3.103682e+01 4.190000e+01 4.492404e+00
      endloop
   endfacet
   facet normal -0.000000e+00 -1.000000e+00 0.000000e+00
      outer loop
         vertex 3.237861e+01 4.190000e+01 4.383022e+00
         vertex 3.103682e+01 4.190000e+01 4.492404e+00
         vertex 3.231698e+01 4.190000e+01 4.321394e+00
      endloop
   endfacet
   facet normal 0.000000e+00 -1.000000e+00 0.000000e+00
      outer loop
         vertex 3.245000e+01 4.190000e+01 4.433013e+00
         vertex 3.252899e+01 4.190000e+01 4.469846e+00
         vertex 3.095000e+01 4.190000e+01 4.500000e+00
      endloop
   endfacet
   facet normal 0.000000e+00 -1.000000e+00 0.000000e+00
      outer loop
         vertex 3.095000e+01 4.190000e+01 4.500000e+00
         vertex 3.252899e+01 4.190000e+01 4.469846e+00
         vertex 3.261318e+01 4.190000e+01 4.492404e+00
      endloop
   endfacet
   facet normal 0.000000e+00 -1.000000e+00 0.000000e+00
      outer loop
         vertex 3.095000e+01 4.190000e+01 4.500000e+00
         vertex 3.261318e+01 4.190000e+01 4.492404e+00
         vertex 3.270000e+01 4.190000e+01 4.500000e+00
      endloop
   endfacet
   facet normal -0.000000e+00 -1.000000e+00 0.000000e+00
      outer loop
         vertex 3.231698e+01 4.190000e+01 4.321394e+00
         vertex 3.103682e+01 4.190000e+01 4.492404e+00
         vertex 3.226699e+01 4.190000e+01 4.250000e+00
      endloop
   endfacet
   facet normal 0.000000e+00 -1.000000e+00 0.000000e+00
      outer loop
         vertex 3.226699e+01 4.190000e+01 4.250000e+00
         vertex 3.103682e+01 4.190000e+01 4.492404e+00
         vertex 3.112101e+01 4.190000e+01 4.469846e+00
      endloop
   endfacet
   facet normal -0.000000e+00 -1.000000e+00 0.000000e+00
      outer loop
         vertex 3.226699e+01 4.190000e+01 4.250000e+00
         vertex 3.112101e+01 4.190000e+01 4.469846e+00
         vertex 3.223015e+01 4.190000e+01 4.171010e+00
      endloop
   endfacet
   facet normal 0.000000e+00 -1.000000e+00 0.000000e+00
      outer loop
         vertex 3.223015e+01 4.190000e+01 4.171010e+00
         vertex 3.112101e+01 4.190000e+01 4.469846e+00
         vertex 3.120000e+01 4.190000e+01 4.433013e+00
      endloop
   endfacet
   facet normal 0.000000e+00 -1.000000e+00 0.000000e+00
      outer loop
         vertex 3.223015e+01 4.190000e+01 4.171010e+00
         vertex 3.120000e+01 4.190000e+01 4.433013e+00
         vertex 3.127139e+01 4.190000e+01 4.383022e+00
      endloop
   endfacet
   facet normal 0.000000e+00 -1.000000e+00 0.000000e+00
      outer loop
         vertex 3.133302e+01 4.190000e+01 4.321394e+00
         vertex 3.138301e+01 4.190000e+01 4.250000e+00
         vertex 3.223015e+01 4.190000e+01 4.171010e+00
      endloop
   endfacet
   facet normal 0.000000e+00 -1.000000e+00 0.000000e+00
      outer loop
         vertex 3.223015e+01 4.190000e+01 4.171010e+00
         vertex 3.138301e+01 4.190000e+01 4.250000e+00
         vertex 3.141985e+01 4.190000e+01 4.171010e+00
      endloop
   endfacet
   facet normal -0.000000e+00 -1.000000e+00 0.000000e+00
      outer loop
         vertex 3.223015e+01 4.190000e+01 4.171010e+00
         vertex 3.141985e+01 4.190000e+01 4.171010e+00
         vertex 3.144240e+01 4.190000e+01 4.086824e+00
      endloop
   endfacet
   facet normal 0.000000e+00 -1.000000e+00 0.000000e+00
      outer loop
         vertex 3.145000e+01 4.190000e+01 0.000000e+00
         vertex 3.220000e+01 4.190000e+01 0.000000e+00
         vertex 3.145000e+01 4.190000e+01 4.000000e+00
      endloop
   endfacet
   facet normal 0.000000e+00 -1.000000e+00 0.000000e+00
      outer loop
         vertex 3.145000e+01 4.190000e+01 4.000000e+00
         vertex 3.220000e+01 4.190000e+01 0.000000e+00
         vertex 3.220000e+01 4.190000e+01 4.000000e+00
      endloop
   endfacet
   facet normal 0.000000e+00 -1.000000e+00 0.000000e+00
      outer loop
         vertex 3.145000e+01 4.190000e+01 4.000000e+00
         vertex 3.220000e+01 4.190000e+01 4.000000e+00
         vertex 3.144240e+01 4.190000e+01 4.086824e+00
      endloop
   endfacet
   facet normal 0.000000e+00 -1.000000e+00 0.000000e+00
      outer loop
         vertex 3.144240e+01 4.190000e+01 4.086824e+00
         vertex 3.220000e+01 4.190000e+01 4.000000e+00
         vertex 3.220760e+01 4.190000e+01 4.086824e+00
      endloop
   endfacet
   facet normal 0.000000e+00 -1.000000e+00 0.000000e+00
      outer loop
         vertex 3.144240e+01 4.190000e+01 4.086824e+00
         vertex 3.220760e+01 4.190000e+01 4.086824e+00
         vertex 3.223015e+01 4.190000e+01 4.171010e+00
      endloop
   endfacet
   facet normal -8.715550e-02 0.000000e+00 -9.961947e-01
      outer loop
         vertex 3.095000e+01 4.190000e+01 4.500000e+00
         vertex 3.095000e+01 4.340000e+01 4.500000e+00
         vertex 3.103682e+01 4.190000e+01 4.492404e+00
      endloop
   endfacet
   facet normal -8.715550e-02 0.000000e+00 -9.961947e-01
      outer loop
         vertex 3.103682e+01 4.190000e+01 4.492404e+00
         vertex 3.095000e+01 4.340000e+01 4.500000e+00
         vertex 3.103682e+01 4.340000e+01 4.492404e+00
      endloop
   endfacet
   facet normal -2.588187e-01 0.000000e+00 -9.659259e-01
      outer loop
         vertex 3.103682e+01 4.190000e+01 4.492404e+00
         vertex 3.103682e+01 4.340000e+01 4.492404e+00
         vertex 3.112101e+01 4.190000e+01 4.469846e+00
      endloop
   endfacet
   facet normal -2.588187e-01 0.000000e+00 -9.659259e-01
      outer loop
         vertex 3.112101e+01 4.190000e+01 4.469846e+00
         vertex 3.103682e+01 4.340000e+01 4.492404e+00
         vertex 3.112101e+01 4.340000e+01 4.469846e+00
      endloop
   endfacet
   facet normal -4.226181e-01 0.000000e+00 -9.063079e-01
      outer loop
         vertex 3.112101e+01 4.190000e+01 4.469846e+00
         vertex 3.112101e+01 4.340000e+01 4.469846e+00
         vertex 3.120000e+01 4.190000e+01 4.433013e+00
      endloop
   endfacet
   facet normal -4.226181e-01 0.000000e+00 -9.063079e-01
      outer loop
         vertex 3.120000e+01 4.190000e+01 4.433013e+00
         vertex 3.112101e+01 4.340000e+01 4.469846e+00
         vertex 3.120000e+01 4.340000e+01 4.433013e+00
      endloop
   endfacet
   facet normal -5.735765e-01 0.000000e+00 -8.191520e-01
      outer loop
         vertex 3.120000e+01 4.190000e+01 4.433013e+00
         vertex 3.120000e+01 4.340000e+01 4.433013e+00
         vertex 3.127139e+01 4.190000e+01 4.383022e+00
      endloop
   endfacet
   facet normal -5.735765e-01 0.000000e+00 -8.191520e-01
      outer loop
         vertex 3.127139e+01 4.190000e+01 4.383022e+00
         vertex 3.120000e+01 4.340000e+01 4.433013e+00
         vertex 3.127139e+01 4.340000e+01 4.383022e+00
      endloop
   endfacet
   facet normal -7.071068e-01 0.000000e+00 -7.071068e-01
      outer loop
         vertex 3.127139e+01 4.190000e+01 4.383022e+00
         vertex 3.127139e+01 4.340000e+01 4.383022e+00
         vertex 3.133302e+01 4.190000e+01 4.321394e+00
      endloop
   endfacet
   facet normal -7.071068e-01 0.000000e+00 -7.071068e-01
      outer loop
         vertex 3.133302e+01 4.190000e+01 4.321394e+00
         vertex 3.127139e+01 4.340000e+01 4.383022e+00
         vertex 3.133302e+01 4.340000e+01 4.321394e+00
      endloop
   endfacet
   facet normal -8.191520e-01 0.000000e+00 -5.735765e-01
      outer loop
         vertex 3.133302e+01 4.190000e+01 4.321394e+00
         vertex 3.133302e+01 4.340000e+01 4.321394e+00
         vertex 3.138301e+01 4.190000e+01 4.250000e+00
      endloop
   endfacet
   facet normal -8.191520e-01 0.000000e+00 -5.735765e-01
      outer loop
         vertex 3.138301e+01 4.190000e+01 4.250000e+00
         vertex 3.133302e+01 4.340000e+01 4.321394e+00
         vertex 3.138301e+01 4.340000e+01 4.250000e+00
      endloop
   endfacet
   facet normal -9.063081e-01 0.000000e+00 -4.226176e-01
      outer loop
         vertex 3.138301e+01 4.190000e+01 4.250000e+00
         vertex 3.138301e+01 4.340000e+01 4.250000e+00
         vertex 3.141985e+01 4.190000e+01 4.171010e+00
      endloop
   endfacet
   facet normal -9.063081e-01 0.000000e+00 -4.226176e-01
      outer loop
         vertex 3.141985e+01 4.190000e+01 4.171010e+00
         vertex 3.138301e+01 4.340000e+01 4.250000e+00
         vertex 3.141985e+01 4.340000e+01 4.171010e+00
      endloop
   endfacet
   facet normal -9.659258e-01 0.000000e+00 -2.588191e-01
      outer loop
         vertex 3.141985e+01 4.190000e+01 4.171010e+00
         vertex 3.141985e+01 4.340000e+01 4.171010e+00
         vertex 3.144240e+01 4.190000e+01 4.086824e+00
      endloop
   endfacet
   facet normal -9.659258e-01 0.000000e+00 -2.588191e-01
      outer loop
         vertex 3.144240e+01 4.190000e+01 4.086824e+00
         vertex 3.141985e+01 4.340000e+01 4.171010e+00
         vertex 3.144240e+01 4.340000e+01 4.086824e+00
      endloop
   endfacet
   facet normal -9.961946e-01 0.000000e+00 -8.715683e-02
      outer loop
         vertex 3.144240e+01 4.190000e+01 4.086824e+00
         vertex 3.144240e+01 4.340000e+01 4.086824e+00
         vertex 3.145000e+01 4.190000e+01 4.000000e+00
      endloop
   endfacet
   facet normal -9.961946e-01 0.000000e+00 -8.715683e-02
      outer loop
         vertex 3.145000e+01 4.190000e+01 4.000000e+00
         vertex 3.144240e+01 4.340000e+01 4.086824e+00
         vertex 3.145000e+01 4.340000e+01 4.000000e+00
      endloop
   endfacet
   facet normal 0.000000e+00 -1.000000e+00 0.000000e+00
      outer loop
         vertex 2.499999e+00 4.190000e+01 0.000000e+00
         vertex 2.220000e+01 4.190000e+01 0.000000e+00
         vertex 2.499999e+00 4.190000e+01 4.500000e+00
      endloop
   endfacet
   facet normal 0.000000e+00 -1.000000e+00 0.000000e+00
      outer loop
         vertex 2.499999e+00 4.190000e+01 4.500000e+00
         vertex 2.220000e+01 4.190000e+01 0.000000e+00
         vertex 2.220000e+01 4.190000e+01 4.000000e+00
      endloop
   endfacet
   facet normal 0.000000e+00 -1.000000e+00 0.000000e+00
      outer loop
         vertex 2.499999e+00 4.190000e+01 4.500000e+00
         vertex 2.220000e+01 4.190000e+01 4.000000e+00
         vertex 1.782500e+01 4.190000e+01 4.500000e+00
      endloop
   endfacet
   facet normal 0.000000e+00 -1.000000e+00 0.000000e+00
      outer loop
         vertex 1.782500e+01 4.190000e+01 4.500000e+00
         vertex 2.220000e+01 4.190000e+01 4.000000e+00
         vertex 2.220760e+01 4.190000e+01 4.086824e+00
      endloop
   endfacet
   facet normal 0.000000e+00 -1.000000e+00 0.000000e+00
      outer loop
         vertex 1.782500e+01 4.190000e+01 4.500000e+00
         vertex 2.220760e+01 4.190000e+01 4.086824e+00
         vertex 2.142500e+01 4.190000e+01 4.500000e+00
      endloop
   endfacet
   facet normal 0.000000e+00 -1.000000e+00 0.000000e+00
      outer loop
         vertex 2.142500e+01 4.190000e+01 4.500000e+00
         vertex 2.220760e+01 4.190000e+01 4.086824e+00
         vertex 2.223015e+01 4.190000e+01 4.171010e+00
      endloop
   endfacet
   facet normal 0.000000e+00 -1.000000e+00 0.000000e+00
      outer loop
         vertex 2.142500e+01 4.190000e+01 4.500000e+00
         vertex 2.223015e+01 4.190000e+01 4.171010e+00
         vertex 2.226699e+01 4.190000e+01 4.250000e+00
      endloop
   endfacet
   facet normal 0.000000e+00 -1.000000e+00 0.000000e+00
      outer loop
         vertex 2.226699e+01 4.190000e+01 4.250000e+00
         vertex 2.231698e+01 4.190000e+01 4.321394e+00
         vertex 2.142500e+01 4.190000e+01 4.500000e+00
      endloop
   endfacet
   facet normal 0.000000e+00 -1.000000e+00 0.000000e+00
      outer loop
         vertex 2.142500e+01 4.190000e+01 4.500000e+00
         vertex 2.231698e+01 4.190000e+01 4.321394e+00
         vertex 2.237861e+01 4.190000e+01 4.383022e+00
      endloop
   endfacet
   facet normal 0.000000e+00 -1.000000e+00 0.000000e+00
      outer loop
         vertex 2.142500e+01 4.190000e+01 4.500000e+00
         vertex 2.237861e+01 4.190000e+01 4.383022e+00
         vertex 2.245000e+01 4.190000e+01 4.433013e+00
      endloop
   endfacet
   facet normal 0.000000e+00 -1.000000e+00 0.000000e+00
      outer loop
         vertex 2.245000e+01 4.190000e+01 4.433013e+00
         vertex 2.252899e+01 4.190000e+01 4.469846e+00
         vertex 2.142500e+01 4.190000e+01 4.500000e+00
      endloop
   endfacet
   facet normal 0.000000e+00 -1.000000e+00 0.000000e+00
      outer loop
         vertex 2.142500e+01 4.190000e+01 4.500000e+00
         vertex 2.252899e+01 4.190000e+01 4.469846e+00
         vertex 2.261318e+01 4.190000e+01 4.492404e+00
      endloop
   endfacet
   facet normal 0.000000e+00 -1.000000e+00 0.000000e+00
      outer loop
         vertex 2.142500e+01 4.190000e+01 4.500000e+00
         vertex 2.261318e+01 4.190000e+01 4.492404e+00
         vertex 2.270000e+01 4.190000e+01 4.500000e+00
      endloop
   endfacet
   facet normal 8.715562e-02 0.000000e+00 -9.961947e-01
      outer loop
         vertex 2.270000e+01 4.340000e+01 4.500000e+00
         vertex 2.270000e+01 4.190000e+01 4.500000e+00
         vertex 2.261318e+01 4.340000e+01 4.492404e+00
      endloop
   endfacet
   facet normal 8.715562e-02 0.000000e+00 -9.961947e-01
      outer loop
         vertex 2.261318e+01 4.340000e+01 4.492404e+00
         vertex 2.270000e+01 4.190000e+01 4.500000e+00
         vertex 2.261318e+01 4.190000e+01 4.492404e+00
      endloop
   endfacet
   facet normal 2.588191e-01 0.000000e+00 -9.659258e-01
      outer loop
         vertex 2.261318e+01 4.340000e+01 4.492404e+00
         vertex 2.261318e+01 4.190000e+01 4.492404e+00
         vertex 2.252899e+01 4.340000e+01 4.469846e+00
      endloop
   endfacet
   facet normal 2.588191e-01 0.000000e+00 -9.659258e-01
      outer loop
         vertex 2.252899e+01 4.340000e+01 4.469846e+00
         vertex 2.261318e+01 4.190000e+01 4.492404e+00
         vertex 2.252899e+01 4.190000e+01 4.469846e+00
      endloop
   endfacet
   facet normal 4.226191e-01 0.000000e+00 -9.063074e-01
      outer loop
         vertex 2.252899e+01 4.340000e+01 4.469846e+00
         vertex 2.252899e+01 4.190000e+01 4.469846e+00
         vertex 2.245000e+01 4.340000e+01 4.433013e+00
      endloop
   endfacet
   facet normal 4.226191e-01 0.000000e+00 -9.063074e-01
      outer loop
         vertex 2.245000e+01 4.340000e+01 4.433013e+00
         vertex 2.252899e+01 4.190000e+01 4.469846e+00
         vertex 2.245000e+01 4.190000e+01 4.433013e+00
      endloop
   endfacet
   facet normal 5.735765e-01 0.000000e+00 -8.191520e-01
      outer loop
         vertex 2.245000e+01 4.340000e+01 4.433013e+00
         vertex 2.245000e+01 4.190000e+01 4.433013e+00
         vertex 2.237861e+01 4.340000e+01 4.383022e+00
      endloop
   endfacet
   facet normal 5.735765e-01 0.000000e+00 -8.191520e-01
      outer loop
         vertex 2.237861e+01 4.340000e+01 4.383022e+00
         vertex 2.245000e+01 4.190000e+01 4.433013e+00
         vertex 2.237861e+01 4.190000e+01 4.383022e+00
      endloop
   endfacet
   facet normal 7.071068e-01 0.000000e+00 -7.071068e-01
      outer loop
         vertex 2.237861e+01 4.340000e+01 4.383022e+00
         vertex 2.237861e+01 4.190000e+01 4.383022e+00
         vertex 2.231698e+01 4.340000e+01 4.321394e+00
      endloop
   endfacet
   facet normal 7.071068e-01 0.000000e+00 -7.071068e-01
      outer loop
         vertex 2.231698e+01 4.340000e+01 4.321394e+00
         vertex 2.237861e+01 4.190000e+01 4.383022e+00
         vertex 2.231698e+01 4.190000e+01 4.321394e+00
      endloop
   endfacet
   facet normal 8.191513e-01 0.000000e+00 -5.735774e-01
      outer loop
         vertex 2.231698e+01 4.340000e+01 4.321394e+00
         vertex 2.231698e+01 4.190000e+01 4.321394e+00
         vertex 2.226699e+01 4.340000e+01 4.250000e+00
      endloop
   endfacet
   facet normal 8.191513e-01 0.000000e+00 -5.735774e-01
      outer loop
         vertex 2.226699e+01 4.340000e+01 4.250000e+00
         vertex 2.231698e+01 4.190000e+01 4.321394e+00
         vertex 2.226699e+01 4.190000e+01 4.250000e+00
      endloop
   endfacet
   facet normal 9.063071e-01 0.000000e+00 -4.226198e-01
      outer loop
         vertex 2.226699e+01 4.340000e+01 4.250000e+00
         vertex 2.226699e+01 4.190000e+01 4.250000e+00
         vertex 2.223015e+01 4.340000e+01 4.171010e+00
      endloop
   endfacet
   facet normal 9.063071e-01 0.000000e+00 -4.226198e-01
      outer loop
         vertex 2.223015e+01 4.340000e+01 4.171010e+00
         vertex 2.226699e+01 4.190000e+01 4.250000e+00
         vertex 2.223015e+01 4.190000e+01 4.171010e+00
      endloop
   endfacet
   facet normal 9.659258e-01 0.000000e+00 -2.588191e-01
      outer loop
         vertex 2.223015e+01 4.340000e+01 4.171010e+00
         vertex 2.223015e+01 4.190000e+01 4.171010e+00
         vertex 2.220760e+01 4.340000e+01 4.086824e+00
      endloop
   endfacet
   facet normal 9.659258e-01 0.000000e+00 -2.588191e-01
      outer loop
         vertex 2.220760e+01 4.340000e+01 4.086824e+00
         vertex 2.223015e+01 4.190000e+01 4.171010e+00
         vertex 2.220760e+01 4.190000e+01 4.086824e+00
      endloop
   endfacet
   facet normal 9.961950e-01 0.000000e+00 -8.715285e-02
      outer loop
         vertex 2.220760e+01 4.340000e+01 4.086824e+00
         vertex 2.220760e+01 4.190000e+01 4.086824e+00
         vertex 2.220000e+01 4.340000e+01 4.000000e+00
      endloop
   endfacet
   facet normal 9.961950e-01 0.000000e+00 -8.715285e-02
      outer loop
         vertex 2.220000e+01 4.340000e+01 4.000000e+00
         vertex 2.220760e+01 4.190000e+01 4.086824e+00
         vertex 2.220000e+01 4.190000e+01 4.000000e+00
      endloop
   endfacet
   facet normal 1.000000e+00 0.000000e+00 -0.000000e+00
      outer loop
         vertex 2.220000e+01 4.340000e+01 0.000000e+00
         vertex 2.220000e+01 4.340000e+01 4.000000e+00
         vertex 2.220000e+01 4.190000e+01 0.000000e+00
      endloop
   endfacet
   facet normal 1.000000e+00 0.000000e+00 0.000000e+00
      outer loop
         vertex 2.220000e+01 4.190000e+01 0.000000e+00
         vertex 2.220000e+01 4.340000e+01 4.000000e+00
         vertex 2.220000e+01 4.190000e+01 4.000000e+00
      endloop
   endfacet
   facet normal 0.000000e+00 1.000000e+00 -0.000000e+00
      outer loop
         vertex 3.220000e+01 4.340000e+01 0.000000e+00
         vertex 3.145000e+01 4.340000e+01 0.000000e+00
         vertex 3.220000e+01 4.340000e+01 4.000000e+00
      endloop
   endfacet
   facet normal 0.000000e+00 1.000000e+00 0.000000e+00
      outer loop
         vertex 3.220000e+01 4.340000e+01 4.000000e+00
         vertex 3.145000e+01 4.340000e+01 0.000000e+00
         vertex 3.145000e+01 4.340000e+01 4.000000e+00
      endloop
   endfacet
   facet normal 0.000000e+00 1.000000e+00 -0.000000e+00
      outer loop
         vertex 3.220000e+01 4.340000e+01 4.000000e+00
         vertex 3.145000e+01 4.340000e+01 4.000000e+00
         vertex 3.220760e+01 4.340000e+01 4.086824e+00
      endloop
   endfacet
   facet normal 0.000000e+00 1.000000e+00 0.000000e+00
      outer loop
         vertex 3.220760e+01 4.340000e+01 4.086824e+00
         vertex 3.145000e+01 4.340000e+01 4.000000e+00
         vertex 3.144240e+01 4.340000e+01 4.086824e+00
      endloop
   endfacet
   facet normal 0.000000e+00 1.000000e+00 0.000000e+00
      outer loop
         vertex 3.261318e+01 4.340000e+01 4.492404e+00
         vertex 3.252899e+01 4.340000e+01 4.469846e+00
         vertex 2.485000e+01 4.340000e+01 5.500000e+00
      endloop
   endfacet
   facet normal 0.000000e+00 1.000000e+00 0.000000e+00
      outer loop
         vertex 2.485000e+01 4.340000e+01 5.500000e+00
         vertex 3.252899e+01 4.340000e+01 4.469846e+00
         vertex 3.245000e+01 4.340000e+01 4.433013e+00
      endloop
   endfacet
   facet normal 0.000000e+00 1.000000e+00 0.000000e+00
      outer loop
         vertex 5.740000e+01 4.340000e+01 5.500000e+00
         vertex 5.740000e+01 4.340000e+01 0.000000e+00
         vertex 5.320000e+01 4.340000e+01 0.000000e+00
      endloop
   endfacet
   facet normal -0.000000e+00 1.000000e+00 0.000000e+00
      outer loop
         vertex 5.302139e+01 4.340000e+01 4.383022e+00
         vertex 5.725000e+01 4.340000e+01 5.500000e+00
         vertex 5.308302e+01 4.340000e+01 4.321394e+00
      endloop
   endfacet
   facet normal -0.000000e+00 1.000000e+00 0.000000e+00
      outer loop
         vertex 5.308302e+01 4.340000e+01 4.321394e+00
         vertex 5.725000e+01 4.340000e+01 5.500000e+00
         vertex 5.313301e+01 4.340000e+01 4.250000e+00
      endloop
   endfacet
   facet normal 0.000000e+00 1.000000e+00 -0.000000e+00
      outer loop
         vertex 5.302139e+01 4.340000e+01 4.383022e+00
         vertex 5.295000e+01 4.340000e+01 4.433013e+00
         vertex 5.725000e+01 4.340000e+01 5.500000e+00
      endloop
   endfacet
   facet normal 0.000000e+00 1.000000e+00 0.000000e+00
      outer loop
         vertex 5.725000e+01 4.340000e+01 5.500000e+00
         vertex 5.295000e+01 4.340000e+01 4.433013e+00
         vertex 5.287101e+01 4.340000e+01 4.469846e+00
      endloop
   endfacet
   facet normal 0.000000e+00 1.000000e+00 0.000000e+00
      outer loop
         vertex 5.725000e+01 4.340000e+01 5.500000e+00
         vertex 5.287101e+01 4.340000e+01 4.469846e+00
         vertex 5.200000e+01 4.340000e+01 5.500000e+00
      endloop
   endfacet
   facet normal 0.000000e+00 1.000000e+00 0.000000e+00
      outer loop
         vertex 5.200000e+01 4.340000e+01 5.500000e+00
         vertex 5.287101e+01 4.340000e+01 4.469846e+00
         vertex 5.278682e+01 4.340000e+01 4.492404e+00
      endloop
   endfacet
   facet normal 0.000000e+00 1.000000e+00 -0.000000e+00
      outer loop
         vertex 3.144240e+01 4.340000e+01 4.086824e+00
         vertex 3.141985e+01 4.340000e+01 4.171010e+00
         vertex 3.220760e+01 4.340000e+01 4.086824e+00
      endloop
   endfacet
   facet normal 0.000000e+00 1.000000e+00 0.000000e+00
      outer loop
         vertex 3.220760e+01 4.340000e+01 4.086824e+00
         vertex 3.141985e+01 4.340000e+01 4.171010e+00
         vertex 3.138301e+01 4.340000e+01 4.250000e+00
      endloop
   endfacet
   facet normal 0.000000e+00 1.000000e+00 -0.000000e+00
      outer loop
         vertex 3.220760e+01 4.340000e+01 4.086824e+00
         vertex 3.138301e+01 4.340000e+01 4.250000e+00
         vertex 3.223015e+01 4.340000e+01 4.171010e+00
      endloop
   endfacet
   facet normal 0.000000e+00 1.000000e+00 0.000000e+00
      outer loop
         vertex 3.223015e+01 4.340000e+01 4.171010e+00
         vertex 3.138301e+01 4.340000e+01 4.250000e+00
         vertex 3.133302e+01 4.340000e+01 4.321394e+00
      endloop
   endfacet
   facet normal 0.000000e+00 1.000000e+00 -0.000000e+00
      outer loop
         vertex 3.223015e+01 4.340000e+01 4.171010e+00
         vertex 3.133302e+01 4.340000e+01 4.321394e+00
         vertex 3.226699e+01 4.340000e+01 4.250000e+00
      endloop
   endfacet
   facet normal 0.000000e+00 1.000000e+00 0.000000e+00
      outer loop
         vertex 3.226699e+01 4.340000e+01 4.250000e+00
         vertex 3.133302e+01 4.340000e+01 4.321394e+00
         vertex 3.127139e+01 4.340000e+01 4.383022e+00
      endloop
   endfacet
   facet normal 0.000000e+00 1.000000e+00 0.000000e+00
      outer loop
         vertex 3.226699e+01 4.340000e+01 4.250000e+00
         vertex 3.127139e+01 4.340000e+01 4.383022e+00
         vertex 3.120000e+01 4.340000e+01 4.433013e+00
      endloop
   endfacet
   facet normal 0.000000e+00 1.000000e+00 0.000000e+00
      outer loop
         vertex 5.320000e+01 4.340000e+01 0.000000e+00
         vertex 5.320000e+01 4.340000e+01 4.000000e+00
         vertex 5.740000e+01 4.340000e+01 5.500000e+00
      endloop
   endfacet
   facet normal 0.000000e+00 1.000000e+00 0.000000e+00
      outer loop
         vertex 5.740000e+01 4.340000e+01 5.500000e+00
         vertex 5.320000e+01 4.340000e+01 4.000000e+00
         vertex 5.319240e+01 4.340000e+01 4.086824e+00
      endloop
   endfacet
   facet normal 0.000000e+00 1.000000e+00 0.000000e+00
      outer loop
         vertex 5.740000e+01 4.340000e+01 5.500000e+00
         vertex 5.319240e+01 4.340000e+01 4.086824e+00
         vertex 5.725000e+01 4.340000e+01 5.500000e+00
      endloop
   endfacet
   facet normal 0.000000e+00 1.000000e+00 0.000000e+00
      outer loop
         vertex 5.725000e+01 4.340000e+01 5.500000e+00
         vertex 5.319240e+01 4.340000e+01 4.086824e+00
         vertex 5.316985e+01 4.340000e+01 4.171010e+00
      endloop
   endfacet
   facet normal 0.000000e+00 1.000000e+00 0.000000e+00
      outer loop
         vertex 5.725000e+01 4.340000e+01 5.500000e+00
         vertex 5.316985e+01 4.340000e+01 4.171010e+00
         vertex 5.313301e+01 4.340000e+01 4.250000e+00
      endloop
   endfacet
   facet normal 0.000000e+00 1.000000e+00 0.000000e+00
      outer loop
         vertex 2.142500e+01 4.340000e+01 5.500000e+00
         vertex 2.252899e+01 4.340000e+01 4.469846e+00
         vertex 2.245000e+01 4.340000e+01 4.433013e+00
      endloop
   endfacet
   facet normal -0.000000e+00 1.000000e+00 0.000000e+00
      outer loop
         vertex 2.000000e+00 4.340000e+01 5.500000e+00
         vertex 1.737500e+01 4.340000e+01 5.500000e+00
         vertex 2.220760e+01 4.340000e+01 4.086824e+00
      endloop
   endfacet
   facet normal 0.000000e+00 1.000000e+00 0.000000e+00
      outer loop
         vertex 2.220760e+01 4.340000e+01 4.086824e+00
         vertex 1.737500e+01 4.340000e+01 5.500000e+00
         vertex 1.782500e+01 4.340000e+01 5.500000e+00
      endloop
   endfacet
   facet normal 0.000000e+00 1.000000e+00 -0.000000e+00
      outer loop
         vertex 2.220760e+01 4.340000e+01 4.086824e+00
         vertex 1.782500e+01 4.340000e+01 5.500000e+00
         vertex 2.223015e+01 4.340000e+01 4.171010e+00
      endloop
   endfacet
   facet normal 0.000000e+00 1.000000e+00 0.000000e+00
      outer loop
         vertex 2.000000e+00 4.340000e+01 5.500000e+00
         vertex 2.220760e+01 4.340000e+01 4.086824e+00
         vertex 2.000000e+00 4.340000e+01 0.000000e+00
      endloop
   endfacet
   facet normal 0.000000e+00 1.000000e+00 0.000000e+00
      outer loop
         vertex 2.000000e+00 4.340000e+01 0.000000e+00
         vertex 2.220760e+01 4.340000e+01 4.086824e+00
         vertex 2.220000e+01 4.340000e+01 4.000000e+00
      endloop
   endfacet
   facet normal 0.000000e+00 1.000000e+00 0.000000e+00
      outer loop
         vertex 2.000000e+00 4.340000e+01 0.000000e+00
         vertex 2.220000e+01 4.340000e+01 4.000000e+00
         vertex 2.220000e+01 4.340000e+01 0.000000e+00
      endloop
   endfacet
   facet normal 0.000000e+00 1.000000e+00 0.000000e+00
      outer loop
         vertex 2.245000e+01 4.340000e+01 4.433013e+00
         vertex 2.237861e+01 4.340000e+01 4.383022e+00
         vertex 2.142500e+01 4.340000e+01 5.500000e+00
      endloop
   endfacet
   facet normal 0.000000e+00 1.000000e+00 0.000000e+00
      outer loop
         vertex 2.142500e+01 4.340000e+01 5.500000e+00
         vertex 2.237861e+01 4.340000e+01 4.383022e+00
         vertex 2.231698e+01 4.340000e+01 4.321394e+00
      endloop
   endfacet
   facet normal 0.000000e+00 1.000000e+00 0.000000e+00
      outer loop
         vertex 2.142500e+01 4.340000e+01 5.500000e+00
         vertex 2.231698e+01 4.340000e+01 4.321394e+00
         vertex 1.782500e+01 4.340000e+01 5.500000e+00
      endloop
   endfacet
   facet normal 0.000000e+00 1.000000e+00 0.000000e+00
      outer loop
         vertex 1.782500e+01 4.340000e+01 5.500000e+00
         vertex 2.231698e+01 4.340000e+01 4.321394e+00
         vertex 2.226699e+01 4.340000e+01 4.250000e+00
      endloop
   endfacet
   facet normal 0.000000e+00 1.000000e+00 0.000000e+00
      outer loop
         vertex 1.782500e+01 4.340000e+01 5.500000e+00
         vertex 2.226699e+01 4.340000e+01 4.250000e+00
         vertex 2.223015e+01 4.340000e+01 4.171010e+00
      endloop
   endfacet
   facet normal 0.000000e+00 1.000000e+00 0.000000e+00
      outer loop
         vertex 5.278682e+01 4.340000e+01 4.492404e+00
         vertex 5.270000e+01 4.340000e+01 4.500000e+00
         vertex 5.200000e+01 4.340000e+01 5.500000e+00
      endloop
   endfacet
   facet normal 0.000000e+00 1.000000e+00 0.000000e+00
      outer loop
         vertex 5.200000e+01 4.340000e+01 5.500000e+00
         vertex 5.270000e+01 4.340000e+01 4.500000e+00
         vertex 3.867500e+01 4.340000e+01 4.500000e+00
      endloop
   endfacet
   facet normal 0.000000e+00 1.000000e+00 0.000000e+00
      outer loop
         vertex 5.200000e+01 4.340000e+01 5.500000e+00
         vertex 3.867500e+01 4.340000e+01 4.500000e+00
         vertex 2.485000e+01 4.340000e+01 5.500000e+00
      endloop
   endfacet
   facet normal 0.000000e+00 1.000000e+00 0.000000e+00
      outer loop
         vertex 2.485000e+01 4.340000e+01 5.500000e+00
         vertex 3.867500e+01 4.340000e+01 4.500000e+00
         vertex 3.270000e+01 4.340000e+01 4.500000e+00
      endloop
   endfacet
   facet normal 0.000000e+00 1.000000e+00 0.000000e+00
      outer loop
         vertex 2.485000e+01 4.340000e+01 5.500000e+00
         vertex 3.270000e+01 4.340000e+01 4.500000e+00
         vertex 3.261318e+01 4.340000e+01 4.492404e+00
      endloop
   endfacet
   facet normal -0.000000e+00 1.000000e+00 -0.000000e+00
      outer loop
         vertex 3.120000e+01 4.340000e+01 4.433013e+00
         vertex 3.112101e+01 4.340000e+01 4.469846e+00
         vertex 3.226699e+01 4.340000e+01 4.250000e+00
      endloop
   endfacet
   facet normal 0.000000e+00 1.000000e+00 0.000000e+00
      outer loop
         vertex 3.226699e+01 4.340000e+01 4.250000e+00
         vertex 3.112101e+01 4.340000e+01 4.469846e+00
         vertex 3.103682e+01 4.340000e+01 4.492404e+00
      endloop
   endfacet
   facet normal 0.000000e+00 1.000000e+00 -0.000000e+00
      outer loop
         vertex 3.226699e+01 4.340000e+01 4.250000e+00
         vertex 3.103682e+01 4.340000e+01 4.492404e+00
         vertex 3.231698e+01 4.340000e+01 4.321394e+00
      endloop
   endfacet
   facet normal 0.000000e+00 1.000000e+00 0.000000e+00
      outer loop
         vertex 3.231698e+01 4.340000e+01 4.321394e+00
         vertex 3.103682e+01 4.340000e+01 4.492404e+00
         vertex 2.485000e+01 4.340000e+01 5.500000e+00
      endloop
   endfacet
   facet normal 0.000000e+00 1.000000e+00 -0.000000e+00
      outer loop
         vertex 3.231698e+01 4.340000e+01 4.321394e+00
         vertex 2.485000e+01 4.340000e+01 5.500000e+00
         vertex 3.237861e+01 4.340000e+01 4.383022e+00
      endloop
   endfacet
   facet normal 0.000000e+00 1.000000e+00 -0.000000e+00
      outer loop
         vertex 3.237861e+01 4.340000e+01 4.383022e+00
         vertex 2.485000e+01 4.340000e+01 5.500000e+00
         vertex 3.245000e+01 4.340000e+01 4.433013e+00
      endloop
   endfacet
   facet normal 0.000000e+00 1.000000e+00 0.000000e+00
      outer loop
         vertex 3.103682e+01 4.340000e+01 4.492404e+00
         vertex 3.095000e+01 4.340000e+01 4.500000e+00
         vertex 2.485000e+01 4.340000e+01 5.500000e+00
      endloop
   endfacet
   facet normal 0.000000e+00 1.000000e+00 0.000000e+00
      outer loop
         vertex 2.485000e+01 4.340000e+01 5.500000e+00
         vertex 3.095000e+01 4.340000e+01 4.500000e+00
         vertex 2.270000e+01 4.340000e+01 4.500000e+00
      endloop
   endfacet
   facet normal 0.000000e+00 1.000000e+00 0.000000e+00
      outer loop
         vertex 2.485000e+01 4.340000e+01 5.500000e+00
         vertex 2.270000e+01 4.340000e+01 4.500000e+00
         vertex 2.142500e+01 4.340000e+01 5.500000e+00
      endloop
   endfacet
   facet normal 0.000000e+00 1.000000e+00 0.000000e+00
      outer loop
         vertex 2.142500e+01 4.340000e+01 5.500000e+00
         vertex 2.270000e+01 4.340000e+01 4.500000e+00
         vertex 2.261318e+01 4.340000e+01 4.492404e+00
      endloop
   endfacet
   facet normal 0.000000e+00 1.000000e+00 0.000000e+00
      outer loop
         vertex 2.142500e+01 4.340000e+01 5.500000e+00
         vertex 2.261318e+01 4.340000e+01 4.492404e+00
         vertex 2.252899e+01 4.340000e+01 4.469846e+00
      endloop
   endfacet
   facet normal -8.715608e-02 0.000000e+00 -9.961947e-01
      outer loop
         vertex 5.270000e+01 4.190000e+01 4.500000e+00
         vertex 5.270000e+01 4.340000e+01 4.500000e+00
         vertex 5.278682e+01 4.190000e+01 4.492404e+00
      endloop
   endfacet
   facet normal -8.715608e-02 0.000000e+00 -9.961947e-01
      outer loop
         vertex 5.278682e+01 4.190000e+01 4.492404e+00
         vertex 5.270000e+01 4.340000e+01 4.500000e+00
         vertex 5.278682e+01 4.340000e+01 4.492404e+00
      endloop
   endfacet
   facet normal -2.588191e-01 0.000000e+00 -9.659258e-01
      outer loop
         vertex 5.278682e+01 4.190000e+01 4.492404e+00
         vertex 5.278682e+01 4.340000e+01 4.492404e+00
         vertex 5.287101e+01 4.190000e+01 4.469846e+00
      endloop
   endfacet
   facet normal -2.588191e-01 0.000000e+00 -9.659258e-01
      outer loop
         vertex 5.287101e+01 4.190000e+01 4.469846e+00
         vertex 5.278682e+01 4.340000e+01 4.492404e+00
         vertex 5.287101e+01 4.340000e+01 4.469846e+00
      endloop
   endfacet
   facet normal -4.226130e-01 0.000000e+00 -9.063102e-01
      outer loop
         vertex 5.287101e+01 4.190000e+01 4.469846e+00
         vertex 5.287101e+01 4.340000e+01 4.469846e+00
         vertex 5.295000e+01 4.190000e+01 4.433013e+00
      endloop
   endfacet
   facet normal -4.226130e-01 0.000000e+00 -9.063102e-01
      outer loop
         vertex 5.295000e+01 4.190000e+01 4.433013e+00
         vertex 5.287101e+01 4.340000e+01 4.469846e+00
         vertex 5.295000e+01 4.340000e+01 4.433013e+00
      endloop
   endfacet
   facet normal -5.735791e-01 0.000000e+00 -8.191502e-01
      outer loop
         vertex 5.295000e+01 4.190000e+01 4.433013e+00
         vertex 5.295000e+01 4.340000e+01 4.433013e+00
         vertex 5.302139e+01 4.190000e+01 4.383022e+00
      endloop
   endfacet
   facet normal -5.735791e-01 0.000000e+00 -8.191502e-01
      outer loop
         vertex 5.302139e+01 4.190000e+01 4.383022e+00
         vertex 5.295000e+01 4.340000e+01 4.433013e+00
         vertex 5.302139e+01 4.340000e+01 4.383022e+00
      endloop
   endfacet
   facet normal -7.071121e-01 0.000000e+00 -7.071014e-01
      outer loop
         vertex 5.302139e+01 4.190000e+01 4.383022e+00
         vertex 5.302139e+01 4.340000e+01 4.383022e+00
         vertex 5.308302e+01 4.190000e+01 4.321394e+00
      endloop
   endfacet
   facet normal -7.071121e-01 0.000000e+00 -7.071014e-01
      outer loop
         vertex 5.308302e+01 4.190000e+01 4.321394e+00
         vertex 5.302139e+01 4.340000e+01 4.383022e+00
         vertex 5.308302e+01 4.340000e+01 4.321394e+00
      endloop
   endfacet
   facet normal -8.191463e-01 0.000000e+00 -5.735846e-01
      outer loop
         vertex 5.308302e+01 4.190000e+01 4.321394e+00
         vertex 5.308302e+01 4.340000e+01 4.321394e+00
         vertex 5.313301e+01 4.190000e+01 4.250000e+00
      endloop
   endfacet
   facet normal -8.191463e-01 0.000000e+00 -5.735846e-01
      outer loop
         vertex 5.313301e+01 4.190000e+01 4.250000e+00
         vertex 5.308302e+01 4.340000e+01 4.321394e+00
         vertex 5.313301e+01 4.340000e+01 4.250000e+00
      endloop
   endfacet
   facet normal -9.063071e-01 0.000000e+00 -4.226198e-01
      outer loop
         vertex 5.313301e+01 4.190000e+01 4.250000e+00
         vertex 5.313301e+01 4.340000e+01 4.250000e+00
         vertex 5.316985e+01 4.190000e+01 4.171010e+00
      endloop
   endfacet
   facet normal -9.063071e-01 0.000000e+00 -4.226198e-01
      outer loop
         vertex 5.316985e+01 4.190000e+01 4.171010e+00
         vertex 5.313301e+01 4.340000e+01 4.250000e+00
         vertex 5.316985e+01 4.340000e+01 4.171010e+00
      endloop
   endfacet
   facet normal -9.659285e-01 0.000000e+00 -2.588091e-01
      outer loop
         vertex 5.316985e+01 4.190000e+01 4.171010e+00
         vertex 5.316985e+01 4.340000e+01 4.171010e+00
         vertex 5.319240e+01 4.190000e+01 4.086824e+00
      endloop
   endfacet
   facet normal -9.659285e-01 0.000000e+00 -2.588091e-01
      outer loop
         vertex 5.319240e+01 4.190000e+01 4.086824e+00
         vertex 5.316985e+01 4.340000e+01 4.171010e+00
         vertex 5.319240e+01 4.340000e+01 4.086824e+00
      endloop
   endfacet
   facet normal -9.961950e-01 0.000000e+00 -8.715285e-02
      outer loop
         vertex 5.319240e+01 4.190000e+01 4.086824e+00
         vertex 5.319240e+01 4.340000e+01 4.086824e+00
         vertex 5.320000e+01 4.190000e+01 4.000000e+00
      endloop
   endfacet
   facet normal -9.961950e-01 0.000000e+00 -8.715285e-02
      outer loop
         vertex 5.320000e+01 4.190000e+01 4.000000e+00
         vertex 5.319240e+01 4.340000e+01 4.086824e+00
         vertex 5.320000e+01 4.340000e+01 4.000000e+00
      endloop
   endfacet
   facet normal -1.000000e+00 0.000000e+00 0.000000e+00
      outer loop
         vertex 5.320000e+01 4.190000e+01 0.000000e+00
         vertex 5.320000e+01 4.190000e+01 4.000000e+00
         vertex 5.320000e+01 4.340000e+01 0.000000e+00
      endloop
   endfacet
   facet normal -1.000000e+00 0.000000e+00 0.000000e+00
      outer loop
         vertex 5.320000e+01 4.340000e+01 0.000000e+00
         vertex 5.320000e+01 4.190000e+01 4.000000e+00
         vertex 5.320000e+01 4.340000e+01 4.000000e+00
      endloop
   endfacet
   facet normal 0.000000e+00 -1.000000e+00 0.000000e+00
      outer loop
         vertex 5.940000e+01 2.270000e+01 0.000000e+00
         vertex 5.940000e+01 2.270000e+01 4.000000e+00
         vertex 5.790000e+01 2.270000e+01 0.000000e+00
      endloop
   endfacet
   facet normal 0.000000e+00 -1.000000e+00 0.000000e+00
      outer loop
         vertex 5.790000e+01 2.270000e+01 0.000000e+00
         vertex 5.940000e+01 2.270000e+01 4.000000e+00
         vertex 5.790000e+01 2.270000e+01 4.000000e+00
      endloop
   endfacet
   facet normal -0.000000e+00 -8.715550e-02 -9.961947e-01
      outer loop
         vertex 5.940000e+01 2.220000e+01 4.500000e+00
         vertex 5.790000e+01 2.220000e+01 4.500000e+00
         vertex 5.940000e+01 2.228682e+01 4.492404e+00
      endloop
   endfacet
   facet normal -0.000000e+00 -8.715550e-02 -9.961947e-01
      outer loop
         vertex 5.940000e+01 2.228682e+01 4.492404e+00
         vertex 5.790000e+01 2.220000e+01 4.500000e+00
         vertex 5.790000e+01 2.228682e+01 4.492404e+00
      endloop
   endfacet
   facet normal -0.000000e+00 -2.588191e-01 -9.659258e-01
      outer loop
         vertex 5.940000e+01 2.228682e+01 4.492404e+00
         vertex 5.790000e+01 2.228682e+01 4.492404e+00
         vertex 5.940000e+01 2.237101e+01 4.469846e+00
      endloop
   endfacet
   facet normal -0.000000e+00 -2.588191e-01 -9.659258e-01
      outer loop
         vertex 5.940000e+01 2.237101e+01 4.469846e+00
         vertex 5.790000e+01 2.228682e+01 4.492404e+00
         vertex 5.790000e+01 2.237101e+01 4.469846e+00
      endloop
   endfacet
   facet normal -0.000000e+00 -4.226179e-01 -9.063080e-01
      outer loop
         vertex 5.940000e+01 2.237101e+01 4.469846e+00
         vertex 5.790000e+01 2.237101e+01 4.469846e+00
         vertex 5.940000e+01 2.245000e+01 4.433013e+00
      endloop
   endfacet
   facet normal -0.000000e+00 -4.226179e-01 -9.063080e-01
      outer loop
         vertex 5.940000e+01 2.245000e+01 4.433013e+00
         vertex 5.790000e+01 2.237101e+01 4.469846e+00
         vertex 5.790000e+01 2.245000e+01 4.433013e+00
      endloop
   endfacet
   facet normal -0.000000e+00 -5.735765e-01 -8.191520e-01
      outer loop
         vertex 5.940000e+01 2.245000e+01 4.433013e+00
         vertex 5.790000e+01 2.245000e+01 4.433013e+00
         vertex 5.940000e+01 2.252139e+01 4.383022e+00
      endloop
   endfacet
   facet normal -0.000000e+00 -5.735765e-01 -8.191520e-01
      outer loop
         vertex 5.940000e+01 2.252139e+01 4.383022e+00
         vertex 5.790000e+01 2.245000e+01 4.433013e+00
         vertex 5.790000e+01 2.252139e+01 4.383022e+00
      endloop
   endfacet
   facet normal -0.000000e+00 -7.071068e-01 -7.071068e-01
      outer loop
         vertex 5.940000e+01 2.252139e+01 4.383022e+00
         vertex 5.790000e+01 2.252139e+01 4.383022e+00
         vertex 5.940000e+01 2.258302e+01 4.321394e+00
      endloop
   endfacet
   facet normal -0.000000e+00 -7.071068e-01 -7.071068e-01
      outer loop
         vertex 5.940000e+01 2.258302e+01 4.321394e+00
         vertex 5.790000e+01 2.252139e+01 4.383022e+00
         vertex 5.790000e+01 2.258302e+01 4.321394e+00
      endloop
   endfacet
   facet normal -0.000000e+00 -8.191520e-01 -5.735765e-01
      outer loop
         vertex 5.940000e+01 2.258302e+01 4.321394e+00
         vertex 5.790000e+01 2.258302e+01 4.321394e+00
         vertex 5.940000e+01 2.263301e+01 4.250000e+00
      endloop
   endfacet
   facet normal -0.000000e+00 -8.191520e-01 -5.735765e-01
      outer loop
         vertex 5.940000e+01 2.263301e+01 4.250000e+00
         vertex 5.790000e+01 2.258302e+01 4.321394e+00
         vertex 5.790000e+01 2.263301e+01 4.250000e+00
      endloop
   endfacet
   facet normal -0.000000e+00 -9.063078e-01 -4.226181e-01
      outer loop
         vertex 5.940000e+01 2.263301e+01 4.250000e+00
         vertex 5.790000e+01 2.263301e+01 4.250000e+00
         vertex 5.940000e+01 2.266985e+01 4.171010e+00
      endloop
   endfacet
   facet normal -0.000000e+00 -9.063078e-01 -4.226181e-01
      outer loop
         vertex 5.940000e+01 2.266985e+01 4.171010e+00
         vertex 5.790000e+01 2.263301e+01 4.250000e+00
         vertex 5.790000e+01 2.266985e+01 4.171010e+00
      endloop
   endfacet
   facet normal -0.000000e+00 -9.659260e-01 -2.588184e-01
      outer loop
         vertex 5.940000e+01 2.266985e+01 4.171010e+00
         vertex 5.790000e+01 2.266985e+01 4.171010e+00
         vertex 5.940000e+01 2.269240e+01 4.086824e+00
      endloop
   endfacet
   facet normal -0.000000e+00 -9.659260e-01 -2.588184e-01
      outer loop
         vertex 5.940000e+01 2.269240e+01 4.086824e+00
         vertex 5.790000e+01 2.266985e+01 4.171010e+00
         vertex 5.790000e+01 2.269240e+01 4.086824e+00
      endloop
   endfacet
   facet normal -0.000000e+00 -9.961946e-01 -8.715683e-02
      outer loop
         vertex 5.940000e+01 2.269240e+01 4.086824e+00
         vertex 5.790000e+01 2.269240e+01 4.086824e+00
         vertex 5.940000e+01 2.270000e+01 4.000000e+00
      endloop
   endfacet
   facet normal -0.000000e+00 -9.961946e-01 -8.715683e-02
      outer loop
         vertex 5.940000e+01 2.270000e+01 4.000000e+00
         vertex 5.790000e+01 2.269240e+01 4.086824e+00
         vertex 5.790000e+01 2.270000e+01 4.000000e+00
      endloop
   endfacet
   facet normal -1.000000e+00 0.000000e+00 0.000000e+00
      outer loop
         vertex 5.790000e+01 2.228682e+01 4.492404e+00
         vertex 5.790000e+01 2.220000e+01 4.500000e+00
         vertex 5.790000e+01 2.545000e+01 4.500000e+00
      endloop
   endfacet
   facet normal -1.000000e+00 0.000000e+00 0.000000e+00
      outer loop
         vertex 5.790000e+01 2.266985e+01 4.171010e+00
         vertex 5.790000e+01 2.263301e+01 4.250000e+00
         vertex 5.790000e+01 2.545000e+01 4.500000e+00
      endloop
   endfacet
   facet normal -1.000000e+00 0.000000e+00 0.000000e+00
      outer loop
         vertex 5.790000e+01 2.545000e+01 4.500000e+00
         vertex 5.790000e+01 2.263301e+01 4.250000e+00
         vertex 5.790000e+01 2.258302e+01 4.321394e+00
      endloop
   endfacet
   facet normal -1.000000e+00 0.000000e+00 0.000000e+00
      outer loop
         vertex 5.790000e+01 2.545000e+01 4.500000e+00
         vertex 5.790000e+01 2.258302e+01 4.321394e+00
         vertex 5.790000e+01 2.252139e+01 4.383022e+00
      endloop
   endfacet
   facet normal -1.000000e+00 0.000000e+00 0.000000e+00
      outer loop
         vertex 5.790000e+01 4.090000e+01 0.000000e+00
         vertex 5.790000e+01 2.270000e+01 0.000000e+00
         vertex 5.790000e+01 2.270000e+01 4.000000e+00
      endloop
   endfacet
   facet normal -1.000000e+00 0.000000e+00 0.000000e+00
      outer loop
         vertex 5.790000e+01 2.252139e+01 4.383022e+00
         vertex 5.790000e+01 2.245000e+01 4.433013e+00
         vertex 5.790000e+01 2.545000e+01 4.500000e+00
      endloop
   endfacet
   facet normal -1.000000e+00 0.000000e+00 0.000000e+00
      outer loop
         vertex 5.790000e+01 2.545000e+01 4.500000e+00
         vertex 5.790000e+01 2.245000e+01 4.433013e+00
         vertex 5.790000e+01 2.237101e+01 4.469846e+00
      endloop
   endfacet
   facet normal -1.000000e+00 0.000000e+00 0.000000e+00
      outer loop
         vertex 5.790000e+01 2.545000e+01 4.500000e+00
         vertex 5.790000e+01 2.237101e+01 4.469846e+00
         vertex 5.790000e+01 2.228682e+01 4.492404e+00
      endloop
   endfacet
   facet normal -1.000000e+00 -0.000000e+00 -0.000000e+00
      outer loop
         vertex 5.790000e+01 4.090000e+01 4.500000e+00
         vertex 5.790000e+01 4.090000e+01 0.000000e+00
         vertex 5.790000e+01 3.777500e+01 4.500000e+00
      endloop
   endfacet
   facet normal -1.000000e+00 0.000000e+00 -0.000000e+00
      outer loop
         vertex 5.790000e+01 3.777500e+01 4.500000e+00
         vertex 5.790000e+01 4.090000e+01 0.000000e+00
         vertex 5.790000e+01 2.270000e+01 4.000000e+00
      endloop
   endfacet
   facet normal -1.000000e+00 -0.000000e+00 0.000000e+00
      outer loop
         vertex 5.790000e+01 3.777500e+01 4.500000e+00
         vertex 5.790000e+01 2.270000e+01 4.000000e+00
         vertex 5.790000e+01 2.545000e+01 4.500000e+00
      endloop
   endfacet
   facet normal -1.000000e+00 0.000000e+00 0.000000e+00
      outer loop
         vertex 5.790000e+01 2.545000e+01 4.500000e+00
         vertex 5.790000e+01 2.270000e+01 4.000000e+00
         vertex 5.790000e+01 2.269240e+01 4.086824e+00
      endloop
   endfacet
   facet normal -1.000000e+00 0.000000e+00 0.000000e+00
      outer loop
         vertex 5.790000e+01 2.545000e+01 4.500000e+00
         vertex 5.790000e+01 2.269240e+01 4.086824e+00
         vertex 5.790000e+01 2.266985e+01 4.171010e+00
      endloop
   endfacet
   facet normal -8.715343e-02 -9.961949e-01 -0.000000e+00
      outer loop
         vertex 5.690000e+01 4.190000e+01 4.500000e+00
         vertex 5.690000e+01 4.190000e+01 0.000000e+00
         vertex 5.707365e+01 4.188481e+01 4.500000e+00
      endloop
   endfacet
   facet normal -8.715343e-02 -9.961949e-01 -0.000000e+00
      outer loop
         vertex 5.707365e+01 4.188481e+01 4.500000e+00
         vertex 5.690000e+01 4.190000e+01 0.000000e+00
         vertex 5.707365e+01 4.188481e+01 0.000000e+00
      endloop
   endfacet
   facet normal -2.588191e-01 -9.659258e-01 -0.000000e+00
      outer loop
         vertex 5.707365e+01 4.188481e+01 4.500000e+00
         vertex 5.707365e+01 4.188481e+01 0.000000e+00
         vertex 5.724202e+01 4.183969e+01 4.500000e+00
      endloop
   endfacet
   facet normal -2.588191e-01 -9.659258e-01 -0.000000e+00
      outer loop
         vertex 5.724202e+01 4.183969e+01 4.500000e+00
         vertex 5.707365e+01 4.188481e+01 0.000000e+00
         vertex 5.724202e+01 4.183969e+01 0.000000e+00
      endloop
   endfacet
   facet normal -4.226193e-01 -9.063073e-01 -0.000000e+00
      outer loop
         vertex 5.724202e+01 4.183969e+01 4.500000e+00
         vertex 5.724202e+01 4.183969e+01 0.000000e+00
         vertex 5.740000e+01 4.176603e+01 4.500000e+00
      endloop
   endfacet
   facet normal -4.226193e-01 -9.063073e-01 -0.000000e+00
      outer loop
         vertex 5.740000e+01 4.176603e+01 4.500000e+00
         vertex 5.724202e+01 4.183969e+01 0.000000e+00
         vertex 5.740000e+01 4.176603e+01 0.000000e+00
      endloop
   endfacet
   facet normal -5.735749e-01 -8.191531e-01 -0.000000e+00
      outer loop
         vertex 5.740000e+01 4.176603e+01 4.500000e+00
         vertex 5.740000e+01 4.176603e+01 0.000000e+00
         vertex 5.754279e+01 4.166604e+01 4.500000e+00
      endloop
   endfacet
   facet normal -5.735749e-01 -8.191531e-01 -0.000000e+00
      outer loop
         vertex 5.754279e+01 4.166604e+01 4.500000e+00
         vertex 5.740000e+01 4.176603e+01 0.000000e+00
         vertex 5.754279e+01 4.166604e+01 0.000000e+00
      endloop
   endfacet
   facet normal -7.071068e-01 -7.071068e-01 -0.000000e+00
      outer loop
         vertex 5.754279e+01 4.166604e+01 4.500000e+00
         vertex 5.754279e+01 4.166604e+01 0.000000e+00
         vertex 5.766604e+01 4.154279e+01 4.500000e+00
      endloop
   endfacet
   facet normal -7.071068e-01 -7.071068e-01 -0.000000e+00
      outer loop
         vertex 5.766604e+01 4.154279e+01 4.500000e+00
         vertex 5.754279e+01 4.166604e+01 0.000000e+00
         vertex 5.766604e+01 4.154279e+01 0.000000e+00
      endloop
   endfacet
   facet normal -8.191496e-01 -5.735800e-01 -0.000000e+00
      outer loop
         vertex 5.766604e+01 4.154279e+01 4.500000e+00
         vertex 5.766604e+01 4.154279e+01 0.000000e+00
         vertex 5.776603e+01 4.140000e+01 4.500000e+00
      endloop
   endfacet
   facet normal -8.191496e-01 -5.735800e-01 -0.000000e+00
      outer loop
         vertex 5.776603e+01 4.140000e+01 4.500000e+00
         vertex 5.766604e+01 4.154279e+01 0.000000e+00
         vertex 5.776603e+01 4.140000e+01 0.000000e+00
      endloop
   endfacet
   facet normal -9.063114e-01 -4.226105e-01 -0.000000e+00
      outer loop
         vertex 5.776603e+01 4.140000e+01 4.500000e+00
         vertex 5.776603e+01 4.140000e+01 0.000000e+00
         vertex 5.783969e+01 4.124202e+01 4.500000e+00
      endloop
   endfacet
   facet normal -9.063114e-01 -4.226105e-01 -0.000000e+00
      outer loop
         vertex 5.783969e+01 4.124202e+01 4.500000e+00
         vertex 5.776603e+01 4.140000e+01 0.000000e+00
         vertex 5.783969e+01 4.124202e+01 0.000000e+00
      endloop
   endfacet
   facet normal -9.659258e-01 -2.588191e-01 -0.000000e+00
      outer loop
         vertex 5.783969e+01 4.124202e+01 4.500000e+00
         vertex 5.783969e+01 4.124202e+01 0.000000e+00
         vertex 5.788481e+01 4.107365e+01 4.500000e+00
      endloop
   endfacet
   facet normal -9.659258e-01 -2.588191e-01 -0.000000e+00
      outer loop
         vertex 5.788481e+01 4.107365e+01 4.500000e+00
         vertex 5.783969e+01 4.124202e+01 0.000000e+00
         vertex 5.788481e+01 4.107365e+01 0.000000e+00
      endloop
   endfacet
   facet normal -9.961940e-01 -8.716403e-02 -0.000000e+00
      outer loop
         vertex 5.788481e+01 4.107365e+01 4.500000e+00
         vertex 5.788481e+01 4.107365e+01 0.000000e+00
         vertex 5.790000e+01 4.090000e+01 4.500000e+00
      endloop
   endfacet
   facet normal -9.961940e-01 -8.716403e-02 -0.000000e+00
      outer loop
         vertex 5.790000e+01 4.090000e+01 4.500000e+00
         vertex 5.788481e+01 4.107365e+01 0.000000e+00
         vertex 5.790000e+01 4.090000e+01 0.000000e+00
      endloop
   endfacet
   facet normal 0.000000e+00 -1.000000e+00 0.000000e+00
      outer loop
         vertex 5.690000e+01 4.190000e+01 4.500000e+00
         vertex 5.295000e+01 4.190000e+01 4.433013e+00
         vertex 5.302139e+01 4.190000e+01 4.383022e+00
      endloop
   endfacet
   facet normal 0.000000e+00 -1.000000e+00 0.000000e+00
      outer loop
         vertex 5.302139e+01 4.190000e+01 4.383022e+00
         vertex 5.308302e+01 4.190000e+01 4.321394e+00
         vertex 5.690000e+01 4.190000e+01 4.500000e+00
      endloop
   endfacet
   facet normal 0.000000e+00 -1.000000e+00 0.000000e+00
      outer loop
         vertex 5.690000e+01 4.190000e+01 4.500000e+00
         vertex 5.308302e+01 4.190000e+01 4.321394e+00
         vertex 5.313301e+01 4.190000e+01 4.250000e+00
      endloop
   endfacet
   facet normal 0.000000e+00 -1.000000e+00 0.000000e+00
      outer loop
         vertex 5.690000e+01 4.190000e+01 4.500000e+00
         vertex 5.313301e+01 4.190000e+01 4.250000e+00
         vertex 5.316985e+01 4.190000e+01 4.171010e+00
      endloop
   endfacet
   facet normal 0.000000e+00 -1.000000e+00 0.000000e+00
      outer loop
         vertex 5.270000e+01 4.190000e+01 4.500000e+00
         vertex 5.278682e+01 4.190000e+01 4.492404e+00
         vertex 5.690000e+01 4.190000e+01 4.500000e+00
      endloop
   endfacet
   facet normal 0.000000e+00 -1.000000e+00 0.000000e+00
      outer loop
         vertex 5.690000e+01 4.190000e+01 4.500000e+00
         vertex 5.278682e+01 4.190000e+01 4.492404e+00
         vertex 5.287101e+01 4.190000e+01 4.469846e+00
      endloop
   endfacet
   facet normal 0.000000e+00 -1.000000e+00 0.000000e+00
      outer loop
         vertex 5.690000e+01 4.190000e+01 4.500000e+00
         vertex 5.287101e+01 4.190000e+01 4.469846e+00
         vertex 5.295000e+01 4.190000e+01 4.433013e+00
      endloop
   endfacet
   facet normal 0.000000e+00 -1.000000e+00 0.000000e+00
      outer loop
         vertex 5.320000e+01 4.190000e+01 0.000000e+00
         vertex 5.690000e+01 4.190000e+01 0.000000e+00
         vertex 5.320000e+01 4.190000e+01 4.000000e+00
      endloop
   endfacet
   facet normal 0.000000e+00 -1.000000e+00 0.000000e+00
      outer loop
         vertex 5.320000e+01 4.190000e+01 4.000000e+00
         vertex 5.690000e+01 4.190000e+01 0.000000e+00
         vertex 5.690000e+01 4.190000e+01 4.500000e+00
      endloop
   endfacet
   facet normal 0.000000e+00 -1.000000e+00 0.000000e+00
      outer loop
         vertex 5.320000e+01 4.190000e+01 4.000000e+00
         vertex 5.690000e+01 4.190000e+01 4.500000e+00
         vertex 5.319240e+01 4.190000e+01 4.086824e+00
      endloop
   endfacet
   facet normal 0.000000e+00 -1.000000e+00 0.000000e+00
      outer loop
         vertex 5.319240e+01 4.190000e+01 4.086824e+00
         vertex 5.690000e+01 4.190000e+01 4.500000e+00
         vertex 5.316985e+01 4.190000e+01 4.171010e+00
      endloop
   endfacet
   facet normal 0.000000e+00 -0.000000e+00 -1.000000e+00
      outer loop
         vertex 5.940000e+01 4.140000e+01 0.000000e+00
         vertex 5.940000e+01 2.270000e+01 0.000000e+00
         vertex 5.790000e+01 2.270000e+01 0.000000e+00
      endloop
   endfacet
   facet normal 0.000000e+00 0.000000e+00 -1.000000e+00
      outer loop
         vertex 5.320000e+01 4.190000e+01 0.000000e+00
         vertex 5.320000e+01 4.340000e+01 0.000000e+00
         vertex 5.690000e+01 4.190000e+01 0.000000e+00
      endloop
   endfacet
   facet normal 0.000000e+00 0.000000e+00 -1.000000e+00
      outer loop
         vertex 5.690000e+01 4.190000e+01 0.000000e+00
         vertex 5.320000e+01 4.340000e+01 0.000000e+00
         vertex 5.740000e+01 4.340000e+01 0.000000e+00
      endloop
   endfacet
   facet normal 0.000000e+00 0.000000e+00 -1.000000e+00
      outer loop
         vertex 5.690000e+01 4.190000e+01 0.000000e+00
         vertex 5.740000e+01 4.340000e+01 0.000000e+00
         vertex 5.707365e+01 4.188481e+01 0.000000e+00
      endloop
   endfacet
   facet normal 0.000000e+00 0.000000e+00 -1.000000e+00
      outer loop
         vertex 5.707365e+01 4.188481e+01 0.000000e+00
         vertex 5.740000e+01 4.340000e+01 0.000000e+00
         vertex 5.724202e+01 4.183969e+01 0.000000e+00
      endloop
   endfacet
   facet normal 0.000000e+00 0.000000e+00 -1.000000e+00
      outer loop
         vertex 5.724202e+01 4.183969e+01 0.000000e+00
         vertex 5.740000e+01 4.340000e+01 0.000000e+00
         vertex 5.774730e+01 4.336962e+01 0.000000e+00
      endloop
   endfacet
   facet normal 0.000000e+00 0.000000e+00 -1.000000e+00
      outer loop
         vertex 5.724202e+01 4.183969e+01 0.000000e+00
         vertex 5.774730e+01 4.336962e+01 0.000000e+00
         vertex 5.740000e+01 4.176603e+01 0.000000e+00
      endloop
   endfacet
   facet normal 0.000000e+00 0.000000e+00 -1.000000e+00
      outer loop
         vertex 5.790000e+01 2.270000e+01 0.000000e+00
         vertex 5.790000e+01 4.090000e+01 0.000000e+00
         vertex 5.940000e+01 4.140000e+01 0.000000e+00
      endloop
   endfacet
   facet normal 0.000000e+00 0.000000e+00 -1.000000e+00
      outer loop
         vertex 5.940000e+01 4.140000e+01 0.000000e+00
         vertex 5.790000e+01 4.090000e+01 0.000000e+00
         vertex 5.788481e+01 4.107365e+01 0.000000e+00
      endloop
   endfacet
   facet normal -0.000000e+00 0.000000e+00 -1.000000e+00
      outer loop
         vertex 5.940000e+01 4.140000e+01 0.000000e+00
         vertex 5.788481e+01 4.107365e+01 0.000000e+00
         vertex 5.936962e+01 4.174730e+01 0.000000e+00
      endloop
   endfacet
   facet normal 0.000000e+00 0.000000e+00 -1.000000e+00
      outer loop
         vertex 5.936962e+01 4.174730e+01 0.000000e+00
         vertex 5.788481e+01 4.107365e+01 0.000000e+00
         vertex 5.783969e+01 4.124202e+01 0.000000e+00
      endloop
   endfacet
   facet normal -0.000000e+00 0.000000e+00 -1.000000e+00
      outer loop
         vertex 5.936962e+01 4.174730e+01 0.000000e+00
         vertex 5.783969e+01 4.124202e+01 0.000000e+00
         vertex 5.927939e+01 4.208404e+01 0.000000e+00
      endloop
   endfacet
   facet normal 0.000000e+00 0.000000e+00 -1.000000e+00
      outer loop
         vertex 5.927939e+01 4.208404e+01 0.000000e+00
         vertex 5.783969e+01 4.124202e+01 0.000000e+00
         vertex 5.776603e+01 4.140000e+01 0.000000e+00
      endloop
   endfacet
   facet normal -0.000000e+00 0.000000e+00 -1.000000e+00
      outer loop
         vertex 5.927939e+01 4.208404e+01 0.000000e+00
         vertex 5.776603e+01 4.140000e+01 0.000000e+00
         vertex 5.913205e+01 4.240000e+01 0.000000e+00
      endloop
   endfacet
   facet normal 0.000000e+00 0.000000e+00 -1.000000e+00
      outer loop
         vertex 5.913205e+01 4.240000e+01 0.000000e+00
         vertex 5.776603e+01 4.140000e+01 0.000000e+00
         vertex 5.766604e+01 4.154279e+01 0.000000e+00
      endloop
   endfacet
   facet normal 0.000000e+00 -0.000000e+00 -1.000000e+00
      outer loop
         vertex 5.774730e+01 4.336962e+01 0.000000e+00
         vertex 5.808404e+01 4.327939e+01 0.000000e+00
         vertex 5.740000e+01 4.176603e+01 0.000000e+00
      endloop
   endfacet
   facet normal 0.000000e+00 0.000000e+00 -1.000000e+00
      outer loop
         vertex 5.740000e+01 4.176603e+01 0.000000e+00
         vertex 5.808404e+01 4.327939e+01 0.000000e+00
         vertex 5.840000e+01 4.313205e+01 0.000000e+00
      endloop
   endfacet
   facet normal 0.000000e+00 0.000000e+00 -1.000000e+00
      outer loop
         vertex 5.740000e+01 4.176603e+01 0.000000e+00
         vertex 5.840000e+01 4.313205e+01 0.000000e+00
         vertex 5.754279e+01 4.166604e+01 0.000000e+00
      endloop
   endfacet
   facet normal 0.000000e+00 0.000000e+00 -1.000000e+00
      outer loop
         vertex 5.754279e+01 4.166604e+01 0.000000e+00
         vertex 5.840000e+01 4.313205e+01 0.000000e+00
         vertex 5.868557e+01 4.293209e+01 0.000000e+00
      endloop
   endfacet
   facet normal 0.000000e+00 0.000000e+00 -1.000000e+00
      outer loop
         vertex 5.754279e+01 4.166604e+01 0.000000e+00
         vertex 5.868557e+01 4.293209e+01 0.000000e+00
         vertex 5.766604e+01 4.154279e+01 0.000000e+00
      endloop
   endfacet
   facet normal 0.000000e+00 0.000000e+00 -1.000000e+00
      outer loop
         vertex 5.766604e+01 4.154279e+01 0.000000e+00
         vertex 5.868557e+01 4.293209e+01 0.000000e+00
         vertex 5.893209e+01 4.268558e+01 0.000000e+00
      endloop
   endfacet
   facet normal 0.000000e+00 0.000000e+00 -1.000000e+00
      outer loop
         vertex 5.766604e+01 4.154279e+01 0.000000e+00
         vertex 5.893209e+01 4.268558e+01 0.000000e+00
         vertex 5.913205e+01 4.240000e+01 0.000000e+00
      endloop
   endfacet
   facet normal 9.961949e-01 8.715297e-02 0.000000e+00
      outer loop
         vertex 5.940000e+01 4.140000e+01 5.500000e+00
         vertex 5.940000e+01 4.140000e+01 0.000000e+00
         vertex 5.936962e+01 4.174730e+01 0.000000e+00
      endloop
   endfacet
   facet normal 9.961949e-01 8.715297e-02 0.000000e+00
      outer loop
         vertex 5.940000e+01 4.140000e+01 5.500000e+00
         vertex 5.936962e+01 4.174730e+01 0.000000e+00
         vertex 5.936962e+01 4.174730e+01 5.500000e+00
      endloop
   endfacet
   facet normal 9.659258e-01 2.588191e-01 0.000000e+00
      outer loop
         vertex 5.936962e+01 4.174730e+01 5.500000e+00
         vertex 5.936962e+01 4.174730e+01 0.000000e+00
         vertex 5.927939e+01 4.208404e+01 0.000000e+00
      endloop
   endfacet
   facet normal 9.659258e-01 2.588191e-01 0.000000e+00
      outer loop
         vertex 5.936962e+01 4.174730e+01 5.500000e+00
         vertex 5.927939e+01 4.208404e+01 0.000000e+00
         vertex 5.927939e+01 4.208404e+01 5.500000e+00
      endloop
   endfacet
   facet normal 9.063073e-01 4.226193e-01 0.000000e+00
      outer loop
         vertex 5.927939e+01 4.208404e+01 5.500000e+00
         vertex 5.927939e+01 4.208404e+01 0.000000e+00
         vertex 5.913205e+01 4.240000e+01 0.000000e+00
      endloop
   endfacet
   facet normal 9.063073e-01 4.226193e-01 0.000000e+00
      outer loop
         vertex 5.927939e+01 4.208404e+01 5.500000e+00
         vertex 5.913205e+01 4.240000e+01 0.000000e+00
         vertex 5.913205e+01 4.240000e+01 5.500000e+00
      endloop
   endfacet
   facet normal 8.191513e-01 5.735774e-01 0.000000e+00
      outer loop
         vertex 5.913205e+01 4.240000e+01 5.500000e+00
         vertex 5.913205e+01 4.240000e+01 0.000000e+00
         vertex 5.893209e+01 4.268558e+01 0.000000e+00
      endloop
   endfacet
   facet normal 8.191513e-01 5.735774e-01 0.000000e+00
      outer loop
         vertex 5.913205e+01 4.240000e+01 5.500000e+00
         vertex 5.893209e+01 4.268558e+01 0.000000e+00
         vertex 5.893209e+01 4.268558e+01 5.500000e+00
      endloop
   endfacet
   facet normal 7.071068e-01 7.071068e-01 0.000000e+00
      outer loop
         vertex 5.893209e+01 4.268558e+01 5.500000e+00
         vertex 5.893209e+01 4.268558e+01 0.000000e+00
         vertex 5.868557e+01 4.293209e+01 0.000000e+00
      endloop
   endfacet
   facet normal 7.071068e-01 7.071068e-01 0.000000e+00
      outer loop
         vertex 5.893209e+01 4.268558e+01 5.500000e+00
         vertex 5.868557e+01 4.293209e+01 0.000000e+00
         vertex 5.868557e+01 4.293209e+01 5.500000e+00
      endloop
   endfacet
   facet normal 5.735774e-01 8.191513e-01 0.000000e+00
      outer loop
         vertex 5.868557e+01 4.293209e+01 5.500000e+00
         vertex 5.868557e+01 4.293209e+01 0.000000e+00
         vertex 5.840000e+01 4.313205e+01 0.000000e+00
      endloop
   endfacet
   facet normal 5.735774e-01 8.191513e-01 0.000000e+00
      outer loop
         vertex 5.868557e+01 4.293209e+01 5.500000e+00
         vertex 5.840000e+01 4.313205e+01 0.000000e+00
         vertex 5.840000e+01 4.313205e+01 5.500000e+00
      endloop
   endfacet
   facet normal 4.226169e-01 9.063084e-01 0.000000e+00
      outer loop
         vertex 5.840000e+01 4.313205e+01 5.500000e+00
         vertex 5.840000e+01 4.313205e+01 0.000000e+00
         vertex 5.808404e+01 4.327939e+01 0.000000e+00
      endloop
   endfacet
   facet normal 4.226169e-01 9.063084e-01 0.000000e+00
      outer loop
         vertex 5.840000e+01 4.313205e+01 5.500000e+00
         vertex 5.808404e+01 4.327939e+01 0.000000e+00
         vertex 5.808404e+01 4.327939e+01 5.500000e+00
      endloop
   endfacet
   facet normal 2.588191e-01 9.659258e-01 0.000000e+00
      outer loop
         vertex 5.808404e+01 4.327939e+01 5.500000e+00
         vertex 5.808404e+01 4.327939e+01 0.000000e+00
         vertex 5.774730e+01 4.336962e+01 0.000000e+00
      endloop
   endfacet
   facet normal 2.588191e-01 9.659258e-01 0.000000e+00
      outer loop
         vertex 5.808404e+01 4.327939e+01 5.500000e+00
         vertex 5.774730e+01 4.336962e+01 0.000000e+00
         vertex 5.774730e+01 4.336962e+01 5.500000e+00
      endloop
   endfacet
   facet normal 8.715780e-02 9.961945e-01 0.000000e+00
      outer loop
         vertex 5.774730e+01 4.336962e+01 5.500000e+00
         vertex 5.774730e+01 4.336962e+01 0.000000e+00
         vertex 5.740000e+01 4.340000e+01 0.000000e+00
      endloop
   endfacet
   facet normal 8.715780e-02 9.961945e-01 0.000000e+00
      outer loop
         vertex 5.774730e+01 4.336962e+01 5.500000e+00
         vertex 5.740000e+01 4.340000e+01 0.000000e+00
         vertex 5.740000e+01 4.340000e+01 5.500000e+00
      endloop
   endfacet
   facet normal 1.000000e+00 0.000000e+00 0.000000e+00
      outer loop
         vertex 5.940000e+01 2.050001e+00 5.500000e+00
         vertex 5.940000e+01 2.000000e+00 5.500000e+00
         vertex 5.940000e+01 6.207597e+00 4.086824e+00
      endloop
   endfacet
   facet normal 1.000000e+00 0.000000e+00 0.000000e+00
      outer loop
         vertex 5.940000e+01 6.528990e+00 4.469846e+00
         vertex 5.940000e+01 5.625000e+00 5.500000e+00
         vertex 5.940000e+01 6.450000e+00 4.433013e+00
      endloop
   endfacet
   facet normal 1.000000e+00 0.000000e+00 0.000000e+00
      outer loop
         vertex 5.940000e+01 6.450000e+00 4.433013e+00
         vertex 5.940000e+01 5.625000e+00 5.500000e+00
         vertex 5.940000e+01 6.378607e+00 4.383022e+00
      endloop
   endfacet
   facet normal 1.000000e+00 -0.000000e+00 0.000000e+00
      outer loop
         vertex 5.940000e+01 2.237101e+01 4.469846e+00
         vertex 5.940000e+01 2.245000e+01 4.433013e+00
         vertex 5.940000e+01 2.545000e+01 5.500000e+00
      endloop
   endfacet
   facet normal 1.000000e+00 0.000000e+00 0.000000e+00
      outer loop
         vertex 5.940000e+01 2.545000e+01 5.500000e+00
         vertex 5.940000e+01 2.245000e+01 4.433013e+00
         vertex 5.940000e+01 2.252139e+01 4.383022e+00
      endloop
   endfacet
   facet normal 1.000000e+00 0.000000e+00 0.000000e+00
      outer loop
         vertex 5.940000e+01 2.545000e+01 5.500000e+00
         vertex 5.940000e+01 2.252139e+01 4.383022e+00
         vertex 5.940000e+01 2.258302e+01 4.321394e+00
      endloop
   endfacet
   facet normal 1.000000e+00 -0.000000e+00 0.000000e+00
      outer loop
         vertex 5.940000e+01 2.258302e+01 4.321394e+00
         vertex 5.940000e+01 2.263301e+01 4.250000e+00
         vertex 5.940000e+01 2.545000e+01 5.500000e+00
      endloop
   endfacet
   facet normal 1.000000e+00 0.000000e+00 0.000000e+00
      outer loop
         vertex 5.940000e+01 2.545000e+01 5.500000e+00
         vertex 5.940000e+01 2.263301e+01 4.250000e+00
         vertex 5.940000e+01 2.266985e+01 4.171010e+00
      endloop
   endfacet
   facet normal 1.000000e+00 -0.000000e+00 0.000000e+00
      outer loop
         vertex 5.940000e+01 2.545000e+01 5.500000e+00
         vertex 5.940000e+01 2.266985e+01 4.171010e+00
         vertex 5.940000e+01 3.597500e+01 5.500000e+00
      endloop
   endfacet
   facet normal 1.000000e+00 0.000000e+00 0.000000e+00
      outer loop
         vertex 5.940000e+01 2.000000e+00 0.000000e+00
         vertex 5.940000e+01 6.200001e+00 0.000000e+00
         vertex 5.940000e+01 2.000000e+00 5.500000e+00
      endloop
   endfacet
   facet normal 1.000000e+00 0.000000e+00 0.000000e+00
      outer loop
         vertex 5.940000e+01 2.000000e+00 5.500000e+00
         vertex 5.940000e+01 6.200001e+00 0.000000e+00
         vertex 5.940000e+01 6.200001e+00 4.000000e+00
      endloop
   endfacet
   facet normal 1.000000e+00 0.000000e+00 0.000000e+00
      outer loop
         vertex 5.940000e+01 2.000000e+00 5.500000e+00
         vertex 5.940000e+01 6.200001e+00 4.000000e+00
         vertex 5.940000e+01 6.207597e+00 4.086824e+00
      endloop
   endfacet
   facet normal 1.000000e+00 0.000000e+00 -0.000000e+00
      outer loop
         vertex 5.940000e+01 6.207597e+00 4.086824e+00
         vertex 5.940000e+01 6.230154e+00 4.171010e+00
         vertex 5.940000e+01 2.050001e+00 5.500000e+00
      endloop
   endfacet
   facet normal 1.000000e+00 0.000000e+00 0.000000e+00
      outer loop
         vertex 5.940000e+01 2.050001e+00 5.500000e+00
         vertex 5.940000e+01 6.230154e+00 4.171010e+00
         vertex 5.940000e+01 6.266988e+00 4.250000e+00
      endloop
   endfacet
   facet normal 1.000000e+00 -0.000000e+00 0.000000e+00
      outer loop
         vertex 5.940000e+01 2.050001e+00 5.500000e+00
         vertex 5.940000e+01 6.266988e+00 4.250000e+00
         vertex 5.940000e+01 5.625000e+00 5.500000e+00
      endloop
   endfacet
   facet normal 1.000000e+00 0.000000e+00 0.000000e+00
      outer loop
         vertex 5.940000e+01 5.625000e+00 5.500000e+00
         vertex 5.940000e+01 6.266988e+00 4.250000e+00
         vertex 5.940000e+01 6.316978e+00 4.321394e+00
      endloop
   endfacet
   facet normal 1.000000e+00 0.000000e+00 0.000000e+00
      outer loop
         vertex 5.940000e+01 5.625000e+00 5.500000e+00
         vertex 5.940000e+01 6.316978e+00 4.321394e+00
         vertex 5.940000e+01 6.378607e+00 4.383022e+00
      endloop
   endfacet
   facet normal 1.000000e+00 0.000000e+00 0.000000e+00
      outer loop
         vertex 5.940000e+01 2.270000e+01 0.000000e+00
         vertex 5.940000e+01 4.140000e+01 0.000000e+00
         vertex 5.940000e+01 2.270000e+01 4.000000e+00
      endloop
   endfacet
   facet normal 1.000000e+00 -0.000000e+00 0.000000e+00
      outer loop
         vertex 5.940000e+01 2.270000e+01 4.000000e+00
         vertex 5.940000e+01 4.140000e+01 0.000000e+00
         vertex 5.940000e+01 4.140000e+01 5.500000e+00
      endloop
   endfacet
   facet normal 1.000000e+00 0.000000e+00 0.000000e+00
      outer loop
         vertex 5.940000e+01 4.140000e+01 5.500000e+00
         vertex 5.940000e+01 3.777500e+01 5.500000e+00
         vertex 5.940000e+01 2.270000e+01 4.000000e+00
      endloop
   endfacet
   facet normal 1.000000e+00 0.000000e+00 0.000000e+00
      outer loop
         vertex 5.940000e+01 2.270000e+01 4.000000e+00
         vertex 5.940000e+01 3.777500e+01 5.500000e+00
         vertex 5.940000e+01 3.597500e+01 5.500000e+00
      endloop
   endfacet
   facet normal 1.000000e+00 0.000000e+00 -0.000000e+00
      outer loop
         vertex 5.940000e+01 2.270000e+01 4.000000e+00
         vertex 5.940000e+01 3.597500e+01 5.500000e+00
         vertex 5.940000e+01 2.269240e+01 4.086824e+00
      endloop
   endfacet
   facet normal 1.000000e+00 0.000000e+00 -0.000000e+00
      outer loop
         vertex 5.940000e+01 2.269240e+01 4.086824e+00
         vertex 5.940000e+01 3.597500e+01 5.500000e+00
         vertex 5.940000e+01 2.266985e+01 4.171010e+00
      endloop
   endfacet
   facet normal 1.000000e+00 0.000000e+00 -0.000000e+00
      outer loop
         vertex 5.940000e+01 6.528990e+00 4.469846e+00
         vertex 5.940000e+01 6.613176e+00 4.492404e+00
         vertex 5.940000e+01 5.625000e+00 5.500000e+00
      endloop
   endfacet
   facet normal 1.000000e+00 0.000000e+00 0.000000e+00
      outer loop
         vertex 5.940000e+01 5.625000e+00 5.500000e+00
         vertex 5.940000e+01 6.613176e+00 4.492404e+00
         vertex 5.940000e+01 6.700001e+00 4.500000e+00
      endloop
   endfacet
   facet normal 1.000000e+00 -0.000000e+00 0.000000e+00
      outer loop
         vertex 5.940000e+01 5.625000e+00 5.500000e+00
         vertex 5.940000e+01 6.700001e+00 4.500000e+00
         vertex 5.940000e+01 1.885000e+01 5.500000e+00
      endloop
   endfacet
   facet normal 1.000000e+00 0.000000e+00 0.000000e+00
      outer loop
         vertex 5.940000e+01 6.700001e+00 4.500000e+00
         vertex 5.940000e+01 1.885000e+01 4.500000e+00
         vertex 5.940000e+01 1.885000e+01 5.500000e+00
      endloop
   endfacet
   facet normal 1.000000e+00 0.000000e+00 0.000000e+00
      outer loop
         vertex 5.940000e+01 1.885000e+01 5.500000e+00
         vertex 5.940000e+01 1.885000e+01 4.500000e+00
         vertex 5.940000e+01 2.220000e+01 4.500000e+00
      endloop
   endfacet
   facet normal 1.000000e+00 -0.000000e+00 0.000000e+00
      outer loop
         vertex 5.940000e+01 1.885000e+01 5.500000e+00
         vertex 5.940000e+01 2.220000e+01 4.500000e+00
         vertex 5.940000e+01 2.545000e+01 5.500000e+00
      endloop
   endfacet
   facet normal 1.000000e+00 0.000000e+00 0.000000e+00
      outer loop
         vertex 5.940000e+01 2.545000e+01 5.500000e+00
         vertex 5.940000e+01 2.220000e+01 4.500000e+00
         vertex 5.940000e+01 2.228682e+01 4.492404e+00
      endloop
   endfacet
   facet normal 1.000000e+00 0.000000e+00 0.000000e+00
      outer loop
         vertex 5.940000e+01 2.545000e+01 5.500000e+00
         vertex 5.940000e+01 2.228682e+01 4.492404e+00
         vertex 5.940000e+01 2.237101e+01 4.469846e+00
      endloop
   endfacet
   facet normal 9.961949e-01 -8.715297e-02 0.000000e+00
      outer loop
         vertex 5.940000e+01 2.000000e+00 0.000000e+00
         vertex 5.940000e+01 2.000000e+00 5.500000e+00
         vertex 5.936962e+01 1.652705e+00 5.500000e+00
      endloop
   endfacet
   facet normal 9.961949e-01 -8.715297e-02 0.000000e+00
      outer loop
         vertex 5.940000e+01 2.000000e+00 0.000000e+00
         vertex 5.936962e+01 1.652705e+00 5.500000e+00
         vertex 5.936962e+01 1.652705e+00 0.000000e+00
      endloop
   endfacet
   facet normal 9.659258e-01 -2.588191e-01 0.000000e+00
      outer loop
         vertex 5.936962e+01 1.652705e+00 0.000000e+00
         vertex 5.936962e+01 1.652705e+00 5.500000e+00
         vertex 5.927939e+01 1.315961e+00 5.500000e+00
      endloop
   endfacet
   facet normal 9.659258e-01 -2.588191e-01 0.000000e+00
      outer loop
         vertex 5.936962e+01 1.652705e+00 0.000000e+00
         vertex 5.927939e+01 1.315961e+00 5.500000e+00
         vertex 5.927939e+01 1.315961e+00 0.000000e+00
      endloop
   endfacet
   facet normal 9.063073e-01 -4.226193e-01 0.000000e+00
      outer loop
         vertex 5.927939e+01 1.315961e+00 0.000000e+00
         vertex 5.927939e+01 1.315961e+00 5.500000e+00
         vertex 5.913205e+01 1.000000e+00 5.500000e+00
      endloop
   endfacet
   facet normal 9.063073e-01 -4.226193e-01 0.000000e+00
      outer loop
         vertex 5.927939e+01 1.315961e+00 0.000000e+00
         vertex 5.913205e+01 1.000000e+00 5.500000e+00
         vertex 5.913205e+01 1.000000e+00 0.000000e+00
      endloop
   endfacet
   facet normal 8.191513e-01 -5.735774e-01 0.000000e+00
      outer loop
         vertex 5.913205e+01 1.000000e+00 0.000000e+00
         vertex 5.913205e+01 1.000000e+00 5.500000e+00
         vertex 5.893209e+01 7.144250e-01 5.500000e+00
      endloop
   endfacet
   facet normal 8.191513e-01 -5.735774e-01 0.000000e+00
      outer loop
         vertex 5.913205e+01 1.000000e+00 0.000000e+00
         vertex 5.893209e+01 7.144250e-01 5.500000e+00
         vertex 5.893209e+01 7.144250e-01 0.000000e+00
      endloop
   endfacet
   facet normal 7.071068e-01 -7.071068e-01 0.000000e+00
      outer loop
         vertex 5.893209e+01 7.144250e-01 0.000000e+00
         vertex 5.893209e+01 7.144250e-01 5.500000e+00
         vertex 5.868557e+01 4.679114e-01 5.500000e+00
      endloop
   endfacet
   facet normal 7.071068e-01 -7.071068e-01 0.000000e+00
      outer loop
         vertex 5.893209e+01 7.144250e-01 0.000000e+00
         vertex 5.868557e+01 4.679114e-01 5.500000e+00
         vertex 5.868557e+01 4.679114e-01 0.000000e+00
      endloop
   endfacet
   facet normal 5.735774e-01 -8.191513e-01 0.000000e+00
      outer loop
         vertex 5.868557e+01 4.679114e-01 0.000000e+00
         vertex 5.868557e+01 4.679114e-01 5.500000e+00
         vertex 5.840000e+01 2.679490e-01 5.500000e+00
      endloop
   endfacet
   facet normal 5.735774e-01 -8.191513e-01 0.000000e+00
      outer loop
         vertex 5.868557e+01 4.679114e-01 0.000000e+00
         vertex 5.840000e+01 2.679490e-01 5.500000e+00
         vertex 5.840000e+01 2.679490e-01 0.000000e+00
      endloop
   endfacet
   facet normal 4.226169e-01 -9.063084e-01 0.000000e+00
      outer loop
         vertex 5.840000e+01 2.679490e-01 0.000000e+00
         vertex 5.840000e+01 2.679490e-01 5.500000e+00
         vertex 5.808404e+01 1.206156e-01 5.500000e+00
      endloop
   endfacet
   facet normal 4.226169e-01 -9.063084e-01 0.000000e+00
      outer loop
         vertex 5.840000e+01 2.679490e-01 0.000000e+00
         vertex 5.808404e+01 1.206156e-01 5.500000e+00
         vertex 5.808404e+01 1.206156e-01 0.000000e+00
      endloop
   endfacet
   facet normal 2.588191e-01 -9.659258e-01 0.000000e+00
      outer loop
         vertex 5.808404e+01 1.206156e-01 0.000000e+00
         vertex 5.808404e+01 1.206156e-01 5.500000e+00
         vertex 5.774730e+01 3.038533e-02 5.500000e+00
      endloop
   endfacet
   facet normal 2.588191e-01 -9.659258e-01 0.000000e+00
      outer loop
         vertex 5.808404e+01 1.206156e-01 0.000000e+00
         vertex 5.774730e+01 3.038533e-02 5.500000e+00
         vertex 5.774730e+01 3.038533e-02 0.000000e+00
      endloop
   endfacet
   facet normal 8.715780e-02 -9.961945e-01 0.000000e+00
      outer loop
         vertex 5.774730e+01 3.038533e-02 0.000000e+00
         vertex 5.774730e+01 3.038533e-02 5.500000e+00
         vertex 5.740000e+01 0.000000e+00 5.500000e+00
      endloop
   endfacet
   facet normal 8.715780e-02 -9.961945e-01 0.000000e+00
      outer loop
         vertex 5.774730e+01 3.038533e-02 0.000000e+00
         vertex 5.740000e+01 0.000000e+00 5.500000e+00
         vertex 5.740000e+01 0.000000e+00 0.000000e+00
      endloop
   endfacet
   facet normal 8.715608e-02 0.000000e+00 -9.961947e-01
      outer loop
         vertex 2.120000e+01 1.225000e+00 4.500000e+00
         vertex 2.120000e+01 0.000000e+00 4.500000e+00
         vertex 2.111318e+01 0.000000e+00 4.492404e+00
      endloop
   endfacet
   facet normal 8.715608e-02 0.000000e+00 -9.961947e-01
      outer loop
         vertex 2.120000e+01 1.500001e+00 4.500000e+00
         vertex 2.120000e+01 1.225000e+00 4.500000e+00
         vertex 2.111318e+01 1.500001e+00 4.492404e+00
      endloop
   endfacet
   facet normal 8.715608e-02 0.000000e+00 -9.961947e-01
      outer loop
         vertex 2.111318e+01 1.500001e+00 4.492404e+00
         vertex 2.120000e+01 1.225000e+00 4.500000e+00
         vertex 2.111318e+01 0.000000e+00 4.492404e+00
      endloop
   endfacet
   facet normal 2.588191e-01 0.000000e+00 -9.659258e-01
      outer loop
         vertex 2.111318e+01 1.500001e+00 4.492404e+00
         vertex 2.111318e+01 0.000000e+00 4.492404e+00
         vertex 2.102899e+01 1.500001e+00 4.469846e+00
      endloop
   endfacet
   facet normal 2.588191e-01 0.000000e+00 -9.659258e-01
      outer loop
         vertex 2.102899e+01 1.500001e+00 4.469846e+00
         vertex 2.111318e+01 0.000000e+00 4.492404e+00
         vertex 2.102899e+01 0.000000e+00 4.469846e+00
      endloop
   endfacet
   facet normal 4.226171e-01 0.000000e+00 -9.063083e-01
      outer loop
         vertex 2.102899e+01 1.500001e+00 4.469846e+00
         vertex 2.102899e+01 0.000000e+00 4.469846e+00
         vertex 2.095000e+01 1.500001e+00 4.433013e+00
      endloop
   endfacet
   facet normal 4.226171e-01 0.000000e+00 -9.063083e-01
      outer loop
         vertex 2.095000e+01 1.500001e+00 4.433013e+00
         vertex 2.102899e+01 0.000000e+00 4.469846e+00
         vertex 2.095000e+01 0.000000e+00 4.433013e+00
      endloop
   endfacet
   facet normal 5.735791e-01 0.000000e+00 -8.191502e-01
      outer loop
         vertex 2.095000e+01 1.500001e+00 4.433013e+00
         vertex 2.095000e+01 0.000000e+00 4.433013e+00
         vertex 2.087861e+01 1.500001e+00 4.383022e+00
      endloop
   endfacet
   facet normal 5.735791e-01 0.000000e+00 -8.191502e-01
      outer loop
         vertex 2.087861e+01 1.500001e+00 4.383022e+00
         vertex 2.095000e+01 0.000000e+00 4.433013e+00
         vertex 2.087861e+01 0.000000e+00 4.383022e+00
      endloop
   endfacet
   facet normal 7.071068e-01 0.000000e+00 -7.071068e-01
      outer loop
         vertex 2.087861e+01 1.500001e+00 4.383022e+00
         vertex 2.087861e+01 0.000000e+00 4.383022e+00
         vertex 2.081698e+01 1.500001e+00 4.321394e+00
      endloop
   endfacet
   facet normal 7.071068e-01 0.000000e+00 -7.071068e-01
      outer loop
         vertex 2.081698e+01 1.500001e+00 4.321394e+00
         vertex 2.087861e+01 0.000000e+00 4.383022e+00
         vertex 2.081698e+01 0.000000e+00 4.321394e+00
      endloop
   endfacet
   facet normal 8.191513e-01 0.000000e+00 -5.735774e-01
      outer loop
         vertex 2.081698e+01 1.500001e+00 4.321394e+00
         vertex 2.081698e+01 0.000000e+00 4.321394e+00
         vertex 2.076699e+01 1.500001e+00 4.250000e+00
      endloop
   endfacet
   facet normal 8.191513e-01 0.000000e+00 -5.735774e-01
      outer loop
         vertex 2.076699e+01 1.500001e+00 4.250000e+00
         vertex 2.081698e+01 0.000000e+00 4.321394e+00
         vertex 2.076699e+01 0.000000e+00 4.250000e+00
      endloop
   endfacet
   facet normal 9.063071e-01 0.000000e+00 -4.226198e-01
      outer loop
         vertex 2.076699e+01 1.500001e+00 4.250000e+00
         vertex 2.076699e+01 0.000000e+00 4.250000e+00
         vertex 2.073015e+01 1.500001e+00 4.171010e+00
      endloop
   endfacet
   facet normal 9.063071e-01 0.000000e+00 -4.226198e-01
      outer loop
         vertex 2.073015e+01 1.500001e+00 4.171010e+00
         vertex 2.076699e+01 0.000000e+00 4.250000e+00
         vertex 2.073015e+01 0.000000e+00 4.171010e+00
      endloop
   endfacet
   facet normal 9.659258e-01 0.000000e+00 -2.588191e-01
      outer loop
         vertex 2.073015e+01 1.500001e+00 4.171010e+00
         vertex 2.073015e+01 0.000000e+00 4.171010e+00
         vertex 2.070760e+01 1.500001e+00 4.086824e+00
      endloop
   endfacet
   facet normal 9.659258e-01 0.000000e+00 -2.588191e-01
      outer loop
         vertex 2.070760e+01 1.500001e+00 4.086824e+00
         vertex 2.073015e+01 0.000000e+00 4.171010e+00
         vertex 2.070760e+01 0.000000e+00 4.086824e+00
      endloop
   endfacet
   facet normal 9.961950e-01 0.000000e+00 -8.715285e-02
      outer loop
         vertex 2.070760e+01 1.500001e+00 4.086824e+00
         vertex 2.070760e+01 0.000000e+00 4.086824e+00
         vertex 2.070000e+01 1.500001e+00 4.000000e+00
      endloop
   endfacet
   facet normal 9.961950e-01 0.000000e+00 -8.715285e-02
      outer loop
         vertex 2.070000e+01 1.500001e+00 4.000000e+00
         vertex 2.070760e+01 0.000000e+00 4.086824e+00
         vertex 2.070000e+01 0.000000e+00 4.000000e+00
      endloop
   endfacet
   facet normal 1.000000e+00 0.000000e+00 -0.000000e+00
      outer loop
         vertex 2.070000e+01 1.500001e+00 0.000000e+00
         vertex 2.070000e+01 1.500001e+00 4.000000e+00
         vertex 2.070000e+01 0.000000e+00 0.000000e+00
      endloop
   endfacet
   facet normal 1.000000e+00 0.000000e+00 0.000000e+00
      outer loop
         vertex 2.070000e+01 0.000000e+00 0.000000e+00
         vertex 2.070000e+01 1.500001e+00 4.000000e+00
         vertex 2.070000e+01 0.000000e+00 4.000000e+00
      endloop
   endfacet
   facet normal 1.000000e+00 0.000000e+00 -0.000000e+00
      outer loop
         vertex 1.650000e+00 3.900001e+00 4.500000e+00
         vertex 1.650000e+00 3.900001e+00 5.500000e+00
         vertex 1.650000e+00 2.650000e+00 4.500000e+00
      endloop
   endfacet
   facet normal 1.000000e+00 0.000000e+00 0.000000e+00
      outer loop
         vertex 1.650000e+00 2.650000e+00 4.500000e+00
         vertex 1.650000e+00 3.900001e+00 5.500000e+00
         vertex 1.650000e+00 2.650000e+00 5.500000e+00
      endloop
   endfacet
   facet normal 8.715250e-02 9.961950e-01 0.000000e+00
      outer loop
         vertex 2.650000e+00 1.650000e+00 5.500000e+00
         vertex 2.650000e+00 1.650000e+00 4.500000e+00
         vertex 2.476351e+00 1.665192e+00 5.500000e+00
      endloop
   endfacet
   facet normal 8.715250e-02 9.961950e-01 0.000000e+00
      outer loop
         vertex 2.476351e+00 1.665192e+00 5.500000e+00
         vertex 2.650000e+00 1.650000e+00 4.500000e+00
         vertex 2.476351e+00 1.665192e+00 4.500000e+00
      endloop
   endfacet
   facet normal 2.588191e-01 9.659258e-01 0.000000e+00
      outer loop
         vertex 2.476351e+00 1.665192e+00 5.500000e+00
         vertex 2.476351e+00 1.665192e+00 4.500000e+00
         vertex 2.307979e+00 1.710307e+00 5.500000e+00
      endloop
   endfacet
   facet normal 2.588191e-01 9.659258e-01 0.000000e+00
      outer loop
         vertex 2.307979e+00 1.710307e+00 5.500000e+00
         vertex 2.476351e+00 1.665192e+00 4.500000e+00
         vertex 2.307979e+00 1.710307e+00 4.500000e+00
      endloop
   endfacet
   facet normal 4.226193e-01 9.063073e-01 0.000000e+00
      outer loop
         vertex 2.307979e+00 1.710307e+00 5.500000e+00
         vertex 2.307979e+00 1.710307e+00 4.500000e+00
         vertex 2.149999e+00 1.783974e+00 5.500000e+00
      endloop
   endfacet
   facet normal 4.226193e-01 9.063073e-01 0.000000e+00
      outer loop
         vertex 2.149999e+00 1.783974e+00 5.500000e+00
         vertex 2.307979e+00 1.710307e+00 4.500000e+00
         vertex 2.149999e+00 1.783974e+00 4.500000e+00
      endloop
   endfacet
   facet normal 5.735800e-01 8.191496e-01 0.000000e+00
      outer loop
         vertex 2.149999e+00 1.783974e+00 5.500000e+00
         vertex 2.149999e+00 1.783974e+00 4.500000e+00
         vertex 2.007212e+00 1.883956e+00 5.500000e+00
      endloop
   endfacet
   facet normal 5.735800e-01 8.191496e-01 0.000000e+00
      outer loop
         vertex 2.007212e+00 1.883956e+00 5.500000e+00
         vertex 2.149999e+00 1.783974e+00 4.500000e+00
         vertex 2.007212e+00 1.883956e+00 4.500000e+00
      endloop
   endfacet
   facet normal 7.071068e-01 7.071068e-01 0.000000e+00
      outer loop
         vertex 2.007212e+00 1.883956e+00 5.500000e+00
         vertex 2.007212e+00 1.883956e+00 4.500000e+00
         vertex 1.883956e+00 2.007212e+00 5.500000e+00
      endloop
   endfacet
   facet normal 7.071068e-01 7.071068e-01 0.000000e+00
      outer loop
         vertex 1.883956e+00 2.007212e+00 5.500000e+00
         vertex 2.007212e+00 1.883956e+00 4.500000e+00
         vertex 1.883956e+00 2.007212e+00 4.500000e+00
      endloop
   endfacet
   facet normal 8.191531e-01 5.735749e-01 0.000000e+00
      outer loop
         vertex 1.883956e+00 2.007212e+00 5.500000e+00
         vertex 1.883956e+00 2.007212e+00 4.500000e+00
         vertex 1.783974e+00 2.150001e+00 5.500000e+00
      endloop
   endfacet
   facet normal 8.191531e-01 5.735749e-01 0.000000e+00
      outer loop
         vertex 1.783974e+00 2.150001e+00 5.500000e+00
         vertex 1.883956e+00 2.007212e+00 4.500000e+00
         vertex 1.783974e+00 2.150001e+00 4.500000e+00
      endloop
   endfacet
   facet normal 9.063054e-01 4.226234e-01 0.000000e+00
      outer loop
         vertex 1.783974e+00 2.150001e+00 5.500000e+00
         vertex 1.783974e+00 2.150001e+00 4.500000e+00
         vertex 1.710307e+00 2.307979e+00 5.500000e+00
      endloop
   endfacet
   facet normal 9.063054e-01 4.226234e-01 0.000000e+00
      outer loop
         vertex 1.710307e+00 2.307979e+00 5.500000e+00
         vertex 1.783974e+00 2.150001e+00 4.500000e+00
         vertex 1.710307e+00 2.307979e+00 4.500000e+00
      endloop
   endfacet
   facet normal 9.659258e-01 2.588191e-01 0.000000e+00
      outer loop
         vertex 1.710307e+00 2.307979e+00 5.500000e+00
         vertex 1.710307e+00 2.307979e+00 4.500000e+00
         vertex 1.665192e+00 2.476351e+00 5.500000e+00
      endloop
   endfacet
   facet normal 9.659258e-01 2.588191e-01 0.000000e+00
      outer loop
         vertex 1.665192e+00 2.476351e+00 5.500000e+00
         vertex 1.710307e+00 2.307979e+00 4.500000e+00
         vertex 1.665192e+00 2.476351e+00 4.500000e+00
      endloop
   endfacet
   facet normal 9.961950e-01 8.715250e-02 0.000000e+00
      outer loop
         vertex 1.665192e+00 2.476351e+00 5.500000e+00
         vertex 1.665192e+00 2.476351e+00 4.500000e+00
         vertex 1.650000e+00 2.650000e+00 5.500000e+00
      endloop
   endfacet
   facet normal 9.961950e-01 8.715250e-02 0.000000e+00
      outer loop
         vertex 1.650000e+00 2.650000e+00 5.500000e+00
         vertex 1.665192e+00 2.476351e+00 4.500000e+00
         vertex 1.650000e+00 2.650000e+00 4.500000e+00
      endloop
   endfacet
   facet normal 0.000000e+00 1.000000e+00 0.000000e+00
      outer loop
         vertex 2.650000e+00 1.650000e+00 4.500000e+00
         vertex 2.650000e+00 1.650000e+00 5.500000e+00
         vertex 1.595000e+01 1.650000e+00 4.500000e+00
      endloop
   endfacet
   facet normal 0.000000e+00 1.000000e+00 -0.000000e+00
      outer loop
         vertex 1.595000e+01 1.650000e+00 4.500000e+00
         vertex 2.650000e+00 1.650000e+00 5.500000e+00
         vertex 1.595000e+01 1.650000e+00 5.500000e+00
      endloop
   endfacet
   facet normal -9.961945e-01 8.715780e-02 0.000000e+00
      outer loop
         vertex 1.695000e+01 2.650000e+00 5.500000e+00
         vertex 1.695000e+01 2.650000e+00 4.500000e+00
         vertex 1.693481e+01 2.476351e+00 5.500000e+00
      endloop
   endfacet
   facet normal -9.961945e-01 8.715780e-02 0.000000e+00
      outer loop
         vertex 1.693481e+01 2.476351e+00 5.500000e+00
         vertex 1.695000e+01 2.650000e+00 4.500000e+00
         vertex 1.693481e+01 2.476351e+00 4.500000e+00
      endloop
   endfacet
   facet normal -9.659258e-01 2.588191e-01 0.000000e+00
      outer loop
         vertex 1.693481e+01 2.476351e+00 5.500000e+00
         vertex 1.693481e+01 2.476351e+00 4.500000e+00
         vertex 1.688969e+01 2.307979e+00 5.500000e+00
      endloop
   endfacet
   facet normal -9.659258e-01 2.588191e-01 0.000000e+00
      outer loop
         vertex 1.688969e+01 2.307979e+00 5.500000e+00
         vertex 1.693481e+01 2.476351e+00 4.500000e+00
         vertex 1.688969e+01 2.307979e+00 4.500000e+00
      endloop
   endfacet
   facet normal -9.063075e-01 4.226190e-01 0.000000e+00
      outer loop
         vertex 1.688969e+01 2.307979e+00 5.500000e+00
         vertex 1.688969e+01 2.307979e+00 4.500000e+00
         vertex 1.681603e+01 2.150001e+00 5.500000e+00
      endloop
   endfacet
   facet normal -9.063075e-01 4.226190e-01 0.000000e+00
      outer loop
         vertex 1.681603e+01 2.150001e+00 5.500000e+00
         vertex 1.688969e+01 2.307979e+00 4.500000e+00
         vertex 1.681603e+01 2.150001e+00 4.500000e+00
      endloop
   endfacet
   facet normal -8.191531e-01 5.735749e-01 0.000000e+00
      outer loop
         vertex 1.681603e+01 2.150001e+00 5.500000e+00
         vertex 1.681603e+01 2.150001e+00 4.500000e+00
         vertex 1.671604e+01 2.007212e+00 5.500000e+00
      endloop
   endfacet
   facet normal -8.191531e-01 5.735749e-01 0.000000e+00
      outer loop
         vertex 1.671604e+01 2.007212e+00 5.500000e+00
         vertex 1.681603e+01 2.150001e+00 4.500000e+00
         vertex 1.671604e+01 2.007212e+00 4.500000e+00
      endloop
   endfacet
   facet normal -7.071068e-01 7.071068e-01 0.000000e+00
      outer loop
         vertex 1.671604e+01 2.007212e+00 5.500000e+00
         vertex 1.671604e+01 2.007212e+00 4.500000e+00
         vertex 1.659279e+01 1.883956e+00 5.500000e+00
      endloop
   endfacet
   facet normal -7.071068e-01 7.071068e-01 0.000000e+00
      outer loop
         vertex 1.659279e+01 1.883956e+00 5.500000e+00
         vertex 1.671604e+01 2.007212e+00 4.500000e+00
         vertex 1.659279e+01 1.883956e+00 4.500000e+00
      endloop
   endfacet
   facet normal -5.735774e-01 8.191513e-01 0.000000e+00
      outer loop
         vertex 1.659279e+01 1.883956e+00 5.500000e+00
         vertex 1.659279e+01 1.883956e+00 4.500000e+00
         vertex 1.645000e+01 1.783974e+00 5.500000e+00
      endloop
   endfacet
   facet normal -5.735774e-01 8.191513e-01 0.000000e+00
      outer loop
         vertex 1.645000e+01 1.783974e+00 5.500000e+00
         vertex 1.659279e+01 1.883956e+00 4.500000e+00
         vertex 1.645000e+01 1.783974e+00 4.500000e+00
      endloop
   endfacet
   facet normal -4.226193e-01 9.063073e-01 0.000000e+00
      outer loop
         vertex 1.645000e+01 1.783974e+00 5.500000e+00
         vertex 1.645000e+01 1.783974e+00 4.500000e+00
         vertex 1.629202e+01 1.710307e+00 5.500000e+00
      endloop
   endfacet
   facet normal -4.226193e-01 9.063073e-01 0.000000e+00
      outer loop
         vertex 1.629202e+01 1.710307e+00 5.500000e+00
         vertex 1.645000e+01 1.783974e+00 4.500000e+00
         vertex 1.629202e+01 1.710307e+00 4.500000e+00
      endloop
   endfacet
   facet normal -2.588191e-01 9.659258e-01 0.000000e+00
      outer loop
         vertex 1.629202e+01 1.710307e+00 5.500000e+00
         vertex 1.629202e+01 1.710307e+00 4.500000e+00
         vertex 1.612365e+01 1.665192e+00 5.500000e+00
      endloop
   endfacet
   facet normal -2.588191e-01 9.659258e-01 0.000000e+00
      outer loop
         vertex 1.612365e+01 1.665192e+00 5.500000e+00
         vertex 1.629202e+01 1.710307e+00 4.500000e+00
         vertex 1.612365e+01 1.665192e+00 4.500000e+00
      endloop
   endfacet
   facet normal -8.715297e-02 9.961949e-01 0.000000e+00
      outer loop
         vertex 1.612365e+01 1.665192e+00 5.500000e+00
         vertex 1.612365e+01 1.665192e+00 4.500000e+00
         vertex 1.595000e+01 1.650000e+00 5.500000e+00
      endloop
   endfacet
   facet normal -8.715297e-02 9.961949e-01 0.000000e+00
      outer loop
         vertex 1.595000e+01 1.650000e+00 5.500000e+00
         vertex 1.612365e+01 1.665192e+00 4.500000e+00
         vertex 1.595000e+01 1.650000e+00 4.500000e+00
      endloop
   endfacet
   facet normal -1.000000e+00 0.000000e+00 0.000000e+00
      outer loop
         vertex 1.695000e+01 2.650000e+00 4.500000e+00
         vertex 1.695000e+01 2.650000e+00 5.500000e+00
         vertex 1.695000e+01 3.900001e+00 4.500000e+00
      endloop
   endfacet
   facet normal -1.000000e+00 0.000000e+00 0.000000e+00
      outer loop
         vertex 1.695000e+01 3.900001e+00 4.500000e+00
         vertex 1.695000e+01 2.650000e+00 5.500000e+00
         vertex 1.695000e+01 3.900001e+00 5.500000e+00
      endloop
   endfacet
   facet normal 0.000000e+00 1.000000e+00 0.000000e+00
      outer loop
         vertex 1.695000e+01 3.900001e+00 4.500000e+00
         vertex 1.695000e+01 3.900001e+00 5.500000e+00
         vertex 1.735000e+01 3.900001e+00 4.500000e+00
      endloop
   endfacet
   facet normal 0.000000e+00 1.000000e+00 -0.000000e+00
      outer loop
         vertex 1.735000e+01 3.900001e+00 4.500000e+00
         vertex 1.695000e+01 3.900001e+00 5.500000e+00
         vertex 1.735000e+01 3.900001e+00 5.500000e+00
      endloop
   endfacet
   facet normal -1.000000e+00 0.000000e+00 0.000000e+00
      outer loop
         vertex 1.735000e+01 3.900001e+00 4.500000e+00
         vertex 1.735000e+01 3.900001e+00 5.500000e+00
         vertex 1.735000e+01 5.100001e+00 4.500000e+00
      endloop
   endfacet
   facet normal -1.000000e+00 0.000000e+00 0.000000e+00
      outer loop
         vertex 1.735000e+01 5.100001e+00 4.500000e+00
         vertex 1.735000e+01 3.900001e+00 5.500000e+00
         vertex 1.735000e+01 5.100001e+00 5.500000e+00
      endloop
   endfacet
   facet normal 0.000000e+00 -1.000000e+00 0.000000e+00
      outer loop
         vertex 1.735000e+01 5.100001e+00 4.500000e+00
         vertex 1.735000e+01 5.100001e+00 5.500000e+00
         vertex 1.695000e+01 5.100001e+00 4.500000e+00
      endloop
   endfacet
   facet normal 0.000000e+00 -1.000000e+00 0.000000e+00
      outer loop
         vertex 1.695000e+01 5.100001e+00 4.500000e+00
         vertex 1.735000e+01 5.100001e+00 5.500000e+00
         vertex 1.695000e+01 5.100001e+00 5.500000e+00
      endloop
   endfacet
   facet normal -1.000000e+00 0.000000e+00 0.000000e+00
      outer loop
         vertex 1.695000e+01 5.100001e+00 4.500000e+00
         vertex 1.695000e+01 5.100001e+00 5.500000e+00
         vertex 1.695000e+01 5.625000e+00 4.500000e+00
      endloop
   endfacet
   facet normal -1.000000e+00 0.000000e+00 0.000000e+00
      outer loop
         vertex 1.695000e+01 5.625000e+00 4.500000e+00
         vertex 1.695000e+01 5.100001e+00 5.500000e+00
         vertex 1.695000e+01 5.625000e+00 5.500000e+00
      endloop
   endfacet
   facet normal -1.000000e+00 0.000000e+00 0.000000e+00
      outer loop
         vertex 1.695000e+01 5.625000e+00 4.500000e+00
         vertex 1.695000e+01 5.625000e+00 5.500000e+00
         vertex 1.695000e+01 6.350000e+00 4.500000e+00
      endloop
   endfacet
   facet normal -1.000000e+00 0.000000e+00 0.000000e+00
      outer loop
         vertex 1.695000e+01 6.350000e+00 4.500000e+00
         vertex 1.695000e+01 5.625000e+00 5.500000e+00
         vertex 1.695000e+01 6.350000e+00 5.500000e+00
      endloop
   endfacet
   facet normal -8.715827e-02 -9.961945e-01 -0.000000e+00
      outer loop
         vertex 1.595000e+01 7.350001e+00 5.500000e+00
         vertex 1.595000e+01 7.350001e+00 4.500000e+00
         vertex 1.612365e+01 7.334808e+00 5.500000e+00
      endloop
   endfacet
   facet normal -8.715827e-02 -9.961945e-01 -0.000000e+00
      outer loop
         vertex 1.612365e+01 7.334808e+00 5.500000e+00
         vertex 1.595000e+01 7.350001e+00 4.500000e+00
         vertex 1.612365e+01 7.334808e+00 4.500000e+00
      endloop
   endfacet
   facet normal -2.588191e-01 -9.659258e-01 -0.000000e+00
      outer loop
         vertex 1.612365e+01 7.334808e+00 5.500000e+00
         vertex 1.612365e+01 7.334808e+00 4.500000e+00
         vertex 1.629202e+01 7.289693e+00 5.500000e+00
      endloop
   endfacet
   facet normal -2.588191e-01 -9.659258e-01 -0.000000e+00
      outer loop
         vertex 1.629202e+01 7.289693e+00 5.500000e+00
         vertex 1.612365e+01 7.334808e+00 4.500000e+00
         vertex 1.629202e+01 7.289693e+00 4.500000e+00
      endloop
   endfacet
   facet normal -4.226149e-01 -9.063094e-01 -0.000000e+00
      outer loop
         vertex 1.629202e+01 7.289693e+00 5.500000e+00
         vertex 1.629202e+01 7.289693e+00 4.500000e+00
         vertex 1.645000e+01 7.216026e+00 5.500000e+00
      endloop
   endfacet
   facet normal -4.226149e-01 -9.063094e-01 -0.000000e+00
      outer loop
         vertex 1.645000e+01 7.216026e+00 5.500000e+00
         vertex 1.629202e+01 7.289693e+00 4.500000e+00
         vertex 1.645000e+01 7.216026e+00 4.500000e+00
      endloop
   endfacet
   facet normal -5.735774e-01 -8.191513e-01 -0.000000e+00
      outer loop
         vertex 1.645000e+01 7.216026e+00 5.500000e+00
         vertex 1.645000e+01 7.216026e+00 4.500000e+00
         vertex 1.659279e+01 7.116045e+00 5.500000e+00
      endloop
   endfacet
   facet normal -5.735774e-01 -8.191513e-01 -0.000000e+00
      outer loop
         vertex 1.659279e+01 7.116045e+00 5.500000e+00
         vertex 1.645000e+01 7.216026e+00 4.500000e+00
         vertex 1.659279e+01 7.116045e+00 4.500000e+00
      endloop
   endfacet
   facet normal -7.071068e-01 -7.071068e-01 -0.000000e+00
      outer loop
         vertex 1.659279e+01 7.116045e+00 5.500000e+00
         vertex 1.659279e+01 7.116045e+00 4.500000e+00
         vertex 1.671604e+01 6.992788e+00 5.500000e+00
      endloop
   endfacet
   facet normal -7.071068e-01 -7.071068e-01 -0.000000e+00
      outer loop
         vertex 1.671604e+01 6.992788e+00 5.500000e+00
         vertex 1.659279e+01 7.116045e+00 4.500000e+00
         vertex 1.671604e+01 6.992788e+00 4.500000e+00
      endloop
   endfacet
   facet normal -8.191513e-01 -5.735774e-01 -0.000000e+00
      outer loop
         vertex 1.671604e+01 6.992788e+00 5.500000e+00
         vertex 1.671604e+01 6.992788e+00 4.500000e+00
         vertex 1.681603e+01 6.850000e+00 5.500000e+00
      endloop
   endfacet
   facet normal -8.191513e-01 -5.735774e-01 -0.000000e+00
      outer loop
         vertex 1.681603e+01 6.850000e+00 5.500000e+00
         vertex 1.671604e+01 6.992788e+00 4.500000e+00
         vertex 1.681603e+01 6.850000e+00 4.500000e+00
      endloop
   endfacet
   facet normal -9.063094e-01 -4.226149e-01 -0.000000e+00
      outer loop
         vertex 1.681603e+01 6.850000e+00 5.500000e+00
         vertex 1.681603e+01 6.850000e+00 4.500000e+00
         vertex 1.688969e+01 6.692020e+00 5.500000e+00
      endloop
   endfacet
   facet normal -9.063094e-01 -4.226149e-01 -0.000000e+00
      outer loop
         vertex 1.688969e+01 6.692020e+00 5.500000e+00
         vertex 1.681603e+01 6.850000e+00 4.500000e+00
         vertex 1.688969e+01 6.692020e+00 4.500000e+00
      endloop
   endfacet
   facet normal -9.659258e-01 -2.588191e-01 -0.000000e+00
      outer loop
         vertex 1.688969e+01 6.692020e+00 5.500000e+00
         vertex 1.688969e+01 6.692020e+00 4.500000e+00
         vertex 1.693481e+01 6.523648e+00 5.500000e+00
      endloop
   endfacet
   facet normal -9.659258e-01 -2.588191e-01 -0.000000e+00
      outer loop
         vertex 1.693481e+01 6.523648e+00 5.500000e+00
         vertex 1.688969e+01 6.692020e+00 4.500000e+00
         vertex 1.693481e+01 6.523648e+00 4.500000e+00
      endloop
   endfacet
   facet normal -9.961945e-01 -8.715827e-02 -0.000000e+00
      outer loop
         vertex 1.693481e+01 6.523648e+00 5.500000e+00
         vertex 1.693481e+01 6.523648e+00 4.500000e+00
         vertex 1.695000e+01 6.350000e+00 5.500000e+00
      endloop
   endfacet
   facet normal -9.961945e-01 -8.715827e-02 -0.000000e+00
      outer loop
         vertex 1.695000e+01 6.350000e+00 5.500000e+00
         vertex 1.693481e+01 6.523648e+00 4.500000e+00
         vertex 1.695000e+01 6.350000e+00 4.500000e+00
      endloop
   endfacet
   facet normal 0.000000e+00 -1.000000e+00 0.000000e+00
      outer loop
         vertex 1.595000e+01 7.350001e+00 4.500000e+00
         vertex 1.595000e+01 7.350001e+00 5.500000e+00
         vertex 2.650000e+00 7.350001e+00 4.500000e+00
      endloop
   endfacet
   facet normal 0.000000e+00 -1.000000e+00 0.000000e+00
      outer loop
         vertex 2.650000e+00 7.350001e+00 4.500000e+00
         vertex 1.595000e+01 7.350001e+00 5.500000e+00
         vertex 2.650000e+00 7.350001e+00 5.500000e+00
      endloop
   endfacet
   facet normal 9.961949e-01 -8.715297e-02 0.000000e+00
      outer loop
         vertex 1.650000e+00 6.350000e+00 5.500000e+00
         vertex 1.650000e+00 6.350000e+00 4.500000e+00
         vertex 1.665192e+00 6.523648e+00 5.500000e+00
      endloop
   endfacet
   facet normal 9.961949e-01 -8.715297e-02 0.000000e+00
      outer loop
         vertex 1.665192e+00 6.523648e+00 5.500000e+00
         vertex 1.650000e+00 6.350000e+00 4.500000e+00
         vertex 1.665192e+00 6.523648e+00 4.500000e+00
      endloop
   endfacet
   facet normal 9.659258e-01 -2.588191e-01 0.000000e+00
      outer loop
         vertex 1.665192e+00 6.523648e+00 5.500000e+00
         vertex 1.665192e+00 6.523648e+00 4.500000e+00
         vertex 1.710307e+00 6.692020e+00 5.500000e+00
      endloop
   endfacet
   facet normal 9.659258e-01 -2.588191e-01 0.000000e+00
      outer loop
         vertex 1.710307e+00 6.692020e+00 5.500000e+00
         vertex 1.665192e+00 6.523648e+00 4.500000e+00
         vertex 1.710307e+00 6.692020e+00 4.500000e+00
      endloop
   endfacet
   facet normal 9.063073e-01 -4.226193e-01 0.000000e+00
      outer loop
         vertex 1.710307e+00 6.692020e+00 5.500000e+00
         vertex 1.710307e+00 6.692020e+00 4.500000e+00
         vertex 1.783974e+00 6.850000e+00 5.500000e+00
      endloop
   endfacet
   facet normal 9.063073e-01 -4.226193e-01 0.000000e+00
      outer loop
         vertex 1.783974e+00 6.850000e+00 5.500000e+00
         vertex 1.710307e+00 6.692020e+00 4.500000e+00
         vertex 1.783974e+00 6.850000e+00 4.500000e+00
      endloop
   endfacet
   facet normal 8.191513e-01 -5.735774e-01 0.000000e+00
      outer loop
         vertex 1.783974e+00 6.850000e+00 5.500000e+00
         vertex 1.783974e+00 6.850000e+00 4.500000e+00
         vertex 1.883956e+00 6.992788e+00 5.500000e+00
      endloop
   endfacet
   facet normal 8.191513e-01 -5.735774e-01 0.000000e+00
      outer loop
         vertex 1.883956e+00 6.992788e+00 5.500000e+00
         vertex 1.783974e+00 6.850000e+00 4.500000e+00
         vertex 1.883956e+00 6.992788e+00 4.500000e+00
      endloop
   endfacet
   facet normal 7.071068e-01 -7.071068e-01 0.000000e+00
      outer loop
         vertex 1.883956e+00 6.992788e+00 5.500000e+00
         vertex 1.883956e+00 6.992788e+00 4.500000e+00
         vertex 2.007212e+00 7.116045e+00 5.500000e+00
      endloop
   endfacet
   facet normal 7.071068e-01 -7.071068e-01 0.000000e+00
      outer loop
         vertex 2.007212e+00 7.116045e+00 5.500000e+00
         vertex 1.883956e+00 6.992788e+00 4.500000e+00
         vertex 2.007212e+00 7.116045e+00 4.500000e+00
      endloop
   endfacet
   facet normal 5.735800e-01 -8.191496e-01 0.000000e+00
      outer loop
         vertex 2.007212e+00 7.116045e+00 5.500000e+00
         vertex 2.007212e+00 7.116045e+00 4.500000e+00
         vertex 2.149999e+00 7.216026e+00 5.500000e+00
      endloop
   endfacet
   facet normal 5.735800e-01 -8.191496e-01 0.000000e+00
      outer loop
         vertex 2.149999e+00 7.216026e+00 5.500000e+00
         vertex 2.007212e+00 7.116045e+00 4.500000e+00
         vertex 2.149999e+00 7.216026e+00 4.500000e+00
      endloop
   endfacet
   facet normal 4.226149e-01 -9.063094e-01 0.000000e+00
      outer loop
         vertex 2.149999e+00 7.216026e+00 5.500000e+00
         vertex 2.149999e+00 7.216026e+00 4.500000e+00
         vertex 2.307979e+00 7.289693e+00 5.500000e+00
      endloop
   endfacet
   facet normal 4.226149e-01 -9.063094e-01 0.000000e+00
      outer loop
         vertex 2.307979e+00 7.289693e+00 5.500000e+00
         vertex 2.149999e+00 7.216026e+00 4.500000e+00
         vertex 2.307979e+00 7.289693e+00 4.500000e+00
      endloop
   endfacet
   facet normal 2.588191e-01 -9.659258e-01 0.000000e+00
      outer loop
         vertex 2.307979e+00 7.289693e+00 5.500000e+00
         vertex 2.307979e+00 7.289693e+00 4.500000e+00
         vertex 2.476351e+00 7.334808e+00 5.500000e+00
      endloop
   endfacet
   facet normal 2.588191e-01 -9.659258e-01 0.000000e+00
      outer loop
         vertex 2.476351e+00 7.334808e+00 5.500000e+00
         vertex 2.307979e+00 7.289693e+00 4.500000e+00
         vertex 2.476351e+00 7.334808e+00 4.500000e+00
      endloop
   endfacet
   facet normal 8.715780e-02 -9.961945e-01 0.000000e+00
      outer loop
         vertex 2.476351e+00 7.334808e+00 5.500000e+00
         vertex 2.476351e+00 7.334808e+00 4.500000e+00
         vertex 2.650000e+00 7.350001e+00 5.500000e+00
      endloop
   endfacet
   facet normal 8.715780e-02 -9.961945e-01 0.000000e+00
      outer loop
         vertex 2.650000e+00 7.350001e+00 5.500000e+00
         vertex 2.476351e+00 7.334808e+00 4.500000e+00
         vertex 2.650000e+00 7.350001e+00 4.500000e+00
      endloop
   endfacet
   facet normal 1.000000e+00 0.000000e+00 -0.000000e+00
      outer loop
         vertex 1.650000e+00 6.350000e+00 4.500000e+00
         vertex 1.650000e+00 6.350000e+00 5.500000e+00
         vertex 1.650000e+00 5.625000e+00 4.500000e+00
      endloop
   endfacet
   facet normal 1.000000e+00 0.000000e+00 0.000000e+00
      outer loop
         vertex 1.650000e+00 5.625000e+00 4.500000e+00
         vertex 1.650000e+00 6.350000e+00 5.500000e+00
         vertex 1.650000e+00 5.625000e+00 5.500000e+00
      endloop
   endfacet
   facet normal 1.000000e+00 0.000000e+00 -0.000000e+00
      outer loop
         vertex 1.650000e+00 5.625000e+00 4.500000e+00
         vertex 1.650000e+00 5.625000e+00 5.500000e+00
         vertex 1.650000e+00 5.100001e+00 4.500000e+00
      endloop
   endfacet
   facet normal 1.000000e+00 0.000000e+00 0.000000e+00
      outer loop
         vertex 1.650000e+00 5.100001e+00 4.500000e+00
         vertex 1.650000e+00 5.625000e+00 5.500000e+00
         vertex 1.650000e+00 5.100001e+00 5.500000e+00
      endloop
   endfacet
   facet normal 1.000000e+00 0.000000e+00 -0.000000e+00
      outer loop
         vertex 1.650000e+00 3.830000e+01 4.500000e+00
         vertex 1.650000e+00 3.830000e+01 5.500000e+00
         vertex 1.650000e+00 3.777500e+01 4.500000e+00
      endloop
   endfacet
   facet normal 1.000000e+00 0.000000e+00 0.000000e+00
      outer loop
         vertex 1.650000e+00 3.777500e+01 4.500000e+00
         vertex 1.650000e+00 3.830000e+01 5.500000e+00
         vertex 1.650000e+00 3.777500e+01 5.500000e+00
      endloop
   endfacet
   facet normal 1.000000e+00 0.000000e+00 -0.000000e+00
      outer loop
         vertex 1.650000e+00 3.777500e+01 4.500000e+00
         vertex 1.650000e+00 3.777500e+01 5.500000e+00
         vertex 1.650000e+00 3.705000e+01 4.500000e+00
      endloop
   endfacet
   facet normal 1.000000e+00 0.000000e+00 0.000000e+00
      outer loop
         vertex 1.650000e+00 3.705000e+01 4.500000e+00
         vertex 1.650000e+00 3.777500e+01 5.500000e+00
         vertex 1.650000e+00 3.705000e+01 5.500000e+00
      endloop
   endfacet
   facet normal 8.715780e-02 9.961945e-01 0.000000e+00
      outer loop
         vertex 2.650000e+00 3.605000e+01 5.500000e+00
         vertex 2.650000e+00 3.605000e+01 4.500000e+00
         vertex 2.476351e+00 3.606519e+01 5.500000e+00
      endloop
   endfacet
   facet normal 8.715780e-02 9.961945e-01 0.000000e+00
      outer loop
         vertex 2.476351e+00 3.606519e+01 5.500000e+00
         vertex 2.650000e+00 3.605000e+01 4.500000e+00
         vertex 2.476351e+00 3.606519e+01 4.500000e+00
      endloop
   endfacet
   facet normal 2.588191e-01 9.659258e-01 0.000000e+00
      outer loop
         vertex 2.476351e+00 3.606519e+01 5.500000e+00
         vertex 2.476351e+00 3.606519e+01 4.500000e+00
         vertex 2.307979e+00 3.611031e+01 5.500000e+00
      endloop
   endfacet
   facet normal 2.588191e-01 9.659258e-01 0.000000e+00
      outer loop
         vertex 2.307979e+00 3.611031e+01 5.500000e+00
         vertex 2.476351e+00 3.606519e+01 4.500000e+00
         vertex 2.307979e+00 3.611031e+01 4.500000e+00
      endloop
   endfacet
   facet normal 4.226149e-01 9.063094e-01 0.000000e+00
      outer loop
         vertex 2.307979e+00 3.611031e+01 5.500000e+00
         vertex 2.307979e+00 3.611031e+01 4.500000e+00
         vertex 2.149999e+00 3.618397e+01 5.500000e+00
      endloop
   endfacet
   facet normal 4.226149e-01 9.063094e-01 0.000000e+00
      outer loop
         vertex 2.149999e+00 3.618397e+01 5.500000e+00
         vertex 2.307979e+00 3.611031e+01 4.500000e+00
         vertex 2.149999e+00 3.618397e+01 4.500000e+00
      endloop
   endfacet
   facet normal 5.735800e-01 8.191496e-01 0.000000e+00
      outer loop
         vertex 2.149999e+00 3.618397e+01 5.500000e+00
         vertex 2.149999e+00 3.618397e+01 4.500000e+00
         vertex 2.007212e+00 3.628396e+01 5.500000e+00
      endloop
   endfacet
   facet normal 5.735800e-01 8.191496e-01 0.000000e+00
      outer loop
         vertex 2.007212e+00 3.628396e+01 5.500000e+00
         vertex 2.149999e+00 3.618397e+01 4.500000e+00
         vertex 2.007212e+00 3.628396e+01 4.500000e+00
      endloop
   endfacet
   facet normal 7.071068e-01 7.071068e-01 0.000000e+00
      outer loop
         vertex 2.007212e+00 3.628396e+01 5.500000e+00
         vertex 2.007212e+00 3.628396e+01 4.500000e+00
         vertex 1.883956e+00 3.640721e+01 5.500000e+00
      endloop
   endfacet
   facet normal 7.071068e-01 7.071068e-01 0.000000e+00
      outer loop
         vertex 1.883956e+00 3.640721e+01 5.500000e+00
         vertex 2.007212e+00 3.628396e+01 4.500000e+00
         vertex 1.883956e+00 3.640721e+01 4.500000e+00
      endloop
   endfacet
   facet normal 8.191513e-01 5.735774e-01 0.000000e+00
      outer loop
         vertex 1.883956e+00 3.640721e+01 5.500000e+00
         vertex 1.883956e+00 3.640721e+01 4.500000e+00
         vertex 1.783974e+00 3.655000e+01 5.500000e+00
      endloop
   endfacet
   facet normal 8.191513e-01 5.735774e-01 0.000000e+00
      outer loop
         vertex 1.783974e+00 3.655000e+01 5.500000e+00
         vertex 1.883956e+00 3.640721e+01 4.500000e+00
         vertex 1.783974e+00 3.655000e+01 4.500000e+00
      endloop
   endfacet
   facet normal 9.063073e-01 4.226193e-01 0.000000e+00
      outer loop
         vertex 1.783974e+00 3.655000e+01 5.500000e+00
         vertex 1.783974e+00 3.655000e+01 4.500000e+00
         vertex 1.710307e+00 3.670798e+01 5.500000e+00
      endloop
   endfacet
   facet normal 9.063073e-01 4.226193e-01 0.000000e+00
      outer loop
         vertex 1.710307e+00 3.670798e+01 5.500000e+00
         vertex 1.783974e+00 3.655000e+01 4.500000e+00
         vertex 1.710307e+00 3.670798e+01 4.500000e+00
      endloop
   endfacet
   facet normal 9.659258e-01 2.588191e-01 0.000000e+00
      outer loop
         vertex 1.710307e+00 3.670798e+01 5.500000e+00
         vertex 1.710307e+00 3.670798e+01 4.500000e+00
         vertex 1.665192e+00 3.687635e+01 5.500000e+00
      endloop
   endfacet
   facet normal 9.659258e-01 2.588191e-01 0.000000e+00
      outer loop
         vertex 1.665192e+00 3.687635e+01 5.500000e+00
         vertex 1.710307e+00 3.670798e+01 4.500000e+00
         vertex 1.665192e+00 3.687635e+01 4.500000e+00
      endloop
   endfacet
   facet normal 9.961949e-01 8.715297e-02 0.000000e+00
      outer loop
         vertex 1.665192e+00 3.687635e+01 5.500000e+00
         vertex 1.665192e+00 3.687635e+01 4.500000e+00
         vertex 1.650000e+00 3.705000e+01 5.500000e+00
      endloop
   endfacet
   facet normal 9.961949e-01 8.715297e-02 0.000000e+00
      outer loop
         vertex 1.650000e+00 3.705000e+01 5.500000e+00
         vertex 1.665192e+00 3.687635e+01 4.500000e+00
         vertex 1.650000e+00 3.705000e+01 4.500000e+00
      endloop
   endfacet
   facet normal 0.000000e+00 1.000000e+00 0.000000e+00
      outer loop
         vertex 2.650000e+00 3.605000e+01 4.500000e+00
         vertex 2.650000e+00 3.605000e+01 5.500000e+00
         vertex 1.595000e+01 3.605000e+01 4.500000e+00
      endloop
   endfacet
   facet normal 0.000000e+00 1.000000e+00 -0.000000e+00
      outer loop
         vertex 1.595000e+01 3.605000e+01 4.500000e+00
         vertex 2.650000e+00 3.605000e+01 5.500000e+00
         vertex 1.595000e+01 3.605000e+01 5.500000e+00
      endloop
   endfacet
   facet normal -9.961945e-01 8.715827e-02 0.000000e+00
      outer loop
         vertex 1.695000e+01 3.705000e+01 5.500000e+00
         vertex 1.695000e+01 3.705000e+01 4.500000e+00
         vertex 1.693481e+01 3.687635e+01 5.500000e+00
      endloop
   endfacet
   facet normal -9.961945e-01 8.715827e-02 0.000000e+00
      outer loop
         vertex 1.693481e+01 3.687635e+01 5.500000e+00
         vertex 1.695000e+01 3.705000e+01 4.500000e+00
         vertex 1.693481e+01 3.687635e+01 4.500000e+00
      endloop
   endfacet
   facet normal -9.659258e-01 2.588191e-01 0.000000e+00
      outer loop
         vertex 1.693481e+01 3.687635e+01 5.500000e+00
         vertex 1.693481e+01 3.687635e+01 4.500000e+00
         vertex 1.688969e+01 3.670798e+01 5.500000e+00
      endloop
   endfacet
   facet normal -9.659258e-01 2.588191e-01 0.000000e+00
      outer loop
         vertex 1.688969e+01 3.670798e+01 5.500000e+00
         vertex 1.693481e+01 3.687635e+01 4.500000e+00
         vertex 1.688969e+01 3.670798e+01 4.500000e+00
      endloop
   endfacet
   facet normal -9.063094e-01 4.226149e-01 0.000000e+00
      outer loop
         vertex 1.688969e+01 3.670798e+01 5.500000e+00
         vertex 1.688969e+01 3.670798e+01 4.500000e+00
         vertex 1.681603e+01 3.655000e+01 5.500000e+00
      endloop
   endfacet
   facet normal -9.063094e-01 4.226149e-01 0.000000e+00
      outer loop
         vertex 1.681603e+01 3.655000e+01 5.500000e+00
         vertex 1.688969e+01 3.670798e+01 4.500000e+00
         vertex 1.681603e+01 3.655000e+01 4.500000e+00
      endloop
   endfacet
   facet normal -8.191513e-01 5.735774e-01 0.000000e+00
      outer loop
         vertex 1.681603e+01 3.655000e+01 5.500000e+00
         vertex 1.681603e+01 3.655000e+01 4.500000e+00
         vertex 1.671604e+01 3.640721e+01 5.500000e+00
      endloop
   endfacet
   facet normal -8.191513e-01 5.735774e-01 0.000000e+00
      outer loop
         vertex 1.671604e+01 3.640721e+01 5.500000e+00
         vertex 1.681603e+01 3.655000e+01 4.500000e+00
         vertex 1.671604e+01 3.640721e+01 4.500000e+00
      endloop
   endfacet
   facet normal -7.071068e-01 7.071068e-01 0.000000e+00
      outer loop
         vertex 1.671604e+01 3.640721e+01 5.500000e+00
         vertex 1.671604e+01 3.640721e+01 4.500000e+00
         vertex 1.659279e+01 3.628396e+01 5.500000e+00
      endloop
   endfacet
   facet normal -7.071068e-01 7.071068e-01 0.000000e+00
      outer loop
         vertex 1.659279e+01 3.628396e+01 5.500000e+00
         vertex 1.671604e+01 3.640721e+01 4.500000e+00
         vertex 1.659279e+01 3.628396e+01 4.500000e+00
      endloop
   endfacet
   facet normal -5.735774e-01 8.191513e-01 0.000000e+00
      outer loop
         vertex 1.659279e+01 3.628396e+01 5.500000e+00
         vertex 1.659279e+01 3.628396e+01 4.500000e+00
         vertex 1.645000e+01 3.618397e+01 5.500000e+00
      endloop
   endfacet
   facet normal -5.735774e-01 8.191513e-01 0.000000e+00
      outer loop
         vertex 1.645000e+01 3.618397e+01 5.500000e+00
         vertex 1.659279e+01 3.628396e+01 4.500000e+00
         vertex 1.645000e+01 3.618397e+01 4.500000e+00
      endloop
   endfacet
   facet normal -4.226149e-01 9.063094e-01 0.000000e+00
      outer loop
         vertex 1.645000e+01 3.618397e+01 5.500000e+00
         vertex 1.645000e+01 3.618397e+01 4.500000e+00
         vertex 1.629202e+01 3.611031e+01 5.500000e+00
      endloop
   endfacet
   facet normal -4.226149e-01 9.063094e-01 0.000000e+00
      outer loop
         vertex 1.629202e+01 3.611031e+01 5.500000e+00
         vertex 1.645000e+01 3.618397e+01 4.500000e+00
         vertex 1.629202e+01 3.611031e+01 4.500000e+00
      endloop
   endfacet
   facet normal -2.588191e-01 9.659258e-01 0.000000e+00
      outer loop
         vertex 1.629202e+01 3.611031e+01 5.500000e+00
         vertex 1.629202e+01 3.611031e+01 4.500000e+00
         vertex 1.612365e+01 3.606519e+01 5.500000e+00
      endloop
   endfacet
   facet normal -2.588191e-01 9.659258e-01 0.000000e+00
      outer loop
         vertex 1.612365e+01 3.606519e+01 5.500000e+00
         vertex 1.629202e+01 3.611031e+01 4.500000e+00
         vertex 1.612365e+01 3.606519e+01 4.500000e+00
      endloop
   endfacet
   facet normal -8.715827e-02 9.961945e-01 0.000000e+00
      outer loop
         vertex 1.612365e+01 3.606519e+01 5.500000e+00
         vertex 1.612365e+01 3.606519e+01 4.500000e+00
         vertex 1.595000e+01 3.605000e+01 5.500000e+00
      endloop
   endfacet
   facet normal -8.715827e-02 9.961945e-01 0.000000e+00
      outer loop
         vertex 1.595000e+01 3.605000e+01 5.500000e+00
         vertex 1.612365e+01 3.606519e+01 4.500000e+00
         vertex 1.595000e+01 3.605000e+01 4.500000e+00
      endloop
   endfacet
   facet normal -1.000000e+00 0.000000e+00 0.000000e+00
      outer loop
         vertex 1.695000e+01 3.705000e+01 4.500000e+00
         vertex 1.695000e+01 3.705000e+01 5.500000e+00
         vertex 1.695000e+01 3.777500e+01 4.500000e+00
      endloop
   endfacet
   facet normal -1.000000e+00 0.000000e+00 0.000000e+00
      outer loop
         vertex 1.695000e+01 3.777500e+01 4.500000e+00
         vertex 1.695000e+01 3.705000e+01 5.500000e+00
         vertex 1.695000e+01 3.777500e+01 5.500000e+00
      endloop
   endfacet
   facet normal -1.000000e+00 0.000000e+00 0.000000e+00
      outer loop
         vertex 1.695000e+01 3.777500e+01 4.500000e+00
         vertex 1.695000e+01 3.777500e+01 5.500000e+00
         vertex 1.695000e+01 3.830000e+01 4.500000e+00
      endloop
   endfacet
   facet normal -1.000000e+00 0.000000e+00 0.000000e+00
      outer loop
         vertex 1.695000e+01 3.830000e+01 4.500000e+00
         vertex 1.695000e+01 3.777500e+01 5.500000e+00
         vertex 1.695000e+01 3.830000e+01 5.500000e+00
      endloop
   endfacet
   facet normal 0.000000e+00 1.000000e+00 0.000000e+00
      outer loop
         vertex 1.695000e+01 3.830000e+01 4.500000e+00
         vertex 1.695000e+01 3.830000e+01 5.500000e+00
         vertex 1.735000e+01 3.830000e+01 4.500000e+00
      endloop
   endfacet
   facet normal 0.000000e+00 1.000000e+00 -0.000000e+00
      outer loop
         vertex 1.735000e+01 3.830000e+01 4.500000e+00
         vertex 1.695000e+01 3.830000e+01 5.500000e+00
         vertex 1.735000e+01 3.830000e+01 5.500000e+00
      endloop
   endfacet
   facet normal -1.000000e+00 0.000000e+00 0.000000e+00
      outer loop
         vertex 1.735000e+01 3.830000e+01 4.500000e+00
         vertex 1.735000e+01 3.830000e+01 5.500000e+00
         vertex 1.735000e+01 3.950000e+01 4.500000e+00
      endloop
   endfacet
   facet normal -1.000000e+00 0.000000e+00 0.000000e+00
      outer loop
         vertex 1.735000e+01 3.950000e+01 4.500000e+00
         vertex 1.735000e+01 3.830000e+01 5.500000e+00
         vertex 1.735000e+01 3.950000e+01 5.500000e+00
      endloop
   endfacet
   facet normal 0.000000e+00 -1.000000e+00 0.000000e+00
      outer loop
         vertex 1.735000e+01 3.950000e+01 4.500000e+00
         vertex 1.735000e+01 3.950000e+01 5.500000e+00
         vertex 1.695000e+01 3.950000e+01 4.500000e+00
      endloop
   endfacet
   facet normal 0.000000e+00 -1.000000e+00 0.000000e+00
      outer loop
         vertex 1.695000e+01 3.950000e+01 4.500000e+00
         vertex 1.735000e+01 3.950000e+01 5.500000e+00
         vertex 1.695000e+01 3.950000e+01 5.500000e+00
      endloop
   endfacet
   facet normal -1.000000e+00 0.000000e+00 0.000000e+00
      outer loop
         vertex 1.695000e+01 3.950000e+01 4.500000e+00
         vertex 1.695000e+01 3.950000e+01 5.500000e+00
         vertex 1.695000e+01 4.075000e+01 4.500000e+00
      endloop
   endfacet
   facet normal -1.000000e+00 0.000000e+00 0.000000e+00
      outer loop
         vertex 1.695000e+01 4.075000e+01 4.500000e+00
         vertex 1.695000e+01 3.950000e+01 5.500000e+00
         vertex 1.695000e+01 4.075000e+01 5.500000e+00
      endloop
   endfacet
   facet normal -8.715297e-02 -9.961949e-01 -0.000000e+00
      outer loop
         vertex 1.595000e+01 4.175000e+01 5.500000e+00
         vertex 1.595000e+01 4.175000e+01 4.500000e+00
         vertex 1.612365e+01 4.173481e+01 5.500000e+00
      endloop
   endfacet
   facet normal -8.715297e-02 -9.961949e-01 -0.000000e+00
      outer loop
         vertex 1.612365e+01 4.173481e+01 5.500000e+00
         vertex 1.595000e+01 4.175000e+01 4.500000e+00
         vertex 1.612365e+01 4.173481e+01 4.500000e+00
      endloop
   endfacet
   facet normal -2.588191e-01 -9.659258e-01 -0.000000e+00
      outer loop
         vertex 1.612365e+01 4.173481e+01 5.500000e+00
         vertex 1.612365e+01 4.173481e+01 4.500000e+00
         vertex 1.629202e+01 4.168969e+01 5.500000e+00
      endloop
   endfacet
   facet normal -2.588191e-01 -9.659258e-01 -0.000000e+00
      outer loop
         vertex 1.629202e+01 4.168969e+01 5.500000e+00
         vertex 1.612365e+01 4.173481e+01 4.500000e+00
         vertex 1.629202e+01 4.168969e+01 4.500000e+00
      endloop
   endfacet
   facet normal -4.226193e-01 -9.063073e-01 -0.000000e+00
      outer loop
         vertex 1.629202e+01 4.168969e+01 5.500000e+00
         vertex 1.629202e+01 4.168969e+01 4.500000e+00
         vertex 1.645000e+01 4.161603e+01 5.500000e+00
      endloop
   endfacet
   facet normal -4.226193e-01 -9.063073e-01 -0.000000e+00
      outer loop
         vertex 1.645000e+01 4.161603e+01 5.500000e+00
         vertex 1.629202e+01 4.168969e+01 4.500000e+00
         vertex 1.645000e+01 4.161603e+01 4.500000e+00
      endloop
   endfacet
   facet normal -5.735774e-01 -8.191513e-01 -0.000000e+00
      outer loop
         vertex 1.645000e+01 4.161603e+01 5.500000e+00
         vertex 1.645000e+01 4.161603e+01 4.500000e+00
         vertex 1.659279e+01 4.151605e+01 5.500000e+00
      endloop
   endfacet
   facet normal -5.735774e-01 -8.191513e-01 -0.000000e+00
      outer loop
         vertex 1.659279e+01 4.151605e+01 5.500000e+00
         vertex 1.645000e+01 4.161603e+01 4.500000e+00
         vertex 1.659279e+01 4.151605e+01 4.500000e+00
      endloop
   endfacet
   facet normal -7.071068e-01 -7.071068e-01 -0.000000e+00
      outer loop
         vertex 1.659279e+01 4.151605e+01 5.500000e+00
         vertex 1.659279e+01 4.151605e+01 4.500000e+00
         vertex 1.671604e+01 4.139279e+01 5.500000e+00
      endloop
   endfacet
   facet normal -7.071068e-01 -7.071068e-01 -0.000000e+00
      outer loop
         vertex 1.671604e+01 4.139279e+01 5.500000e+00
         vertex 1.659279e+01 4.151605e+01 4.500000e+00
         vertex 1.671604e+01 4.139279e+01 4.500000e+00
      endloop
   endfacet
   facet normal -8.191531e-01 -5.735749e-01 -0.000000e+00
      outer loop
         vertex 1.671604e+01 4.139279e+01 5.500000e+00
         vertex 1.671604e+01 4.139279e+01 4.500000e+00
         vertex 1.681603e+01 4.125000e+01 5.500000e+00
      endloop
   endfacet
   facet normal -8.191531e-01 -5.735749e-01 -0.000000e+00
      outer loop
         vertex 1.681603e+01 4.125000e+01 5.500000e+00
         vertex 1.671604e+01 4.139279e+01 4.500000e+00
         vertex 1.681603e+01 4.125000e+01 4.500000e+00
      endloop
   endfacet
   facet normal -9.063075e-01 -4.226190e-01 -0.000000e+00
      outer loop
         vertex 1.681603e+01 4.125000e+01 5.500000e+00
         vertex 1.681603e+01 4.125000e+01 4.500000e+00
         vertex 1.688969e+01 4.109202e+01 5.500000e+00
      endloop
   endfacet
   facet normal -9.063075e-01 -4.226190e-01 -0.000000e+00
      outer loop
         vertex 1.688969e+01 4.109202e+01 5.500000e+00
         vertex 1.681603e+01 4.125000e+01 4.500000e+00
         vertex 1.688969e+01 4.109202e+01 4.500000e+00
      endloop
   endfacet
   facet normal -9.659258e-01 -2.588191e-01 -0.000000e+00
      outer loop
         vertex 1.688969e+01 4.109202e+01 5.500000e+00
         vertex 1.688969e+01 4.109202e+01 4.500000e+00
         vertex 1.693481e+01 4.092365e+01 5.500000e+00
      endloop
   endfacet
   facet normal -9.659258e-01 -2.588191e-01 -0.000000e+00
      outer loop
         vertex 1.693481e+01 4.092365e+01 5.500000e+00
         vertex 1.688969e+01 4.109202e+01 4.500000e+00
         vertex 1.693481e+01 4.092365e+01 4.500000e+00
      endloop
   endfacet
   facet normal -9.961945e-01 -8.715780e-02 -0.000000e+00
      outer loop
         vertex 1.693481e+01 4.092365e+01 5.500000e+00
         vertex 1.693481e+01 4.092365e+01 4.500000e+00
         vertex 1.695000e+01 4.075000e+01 5.500000e+00
      endloop
   endfacet
   facet normal -9.961945e-01 -8.715780e-02 -0.000000e+00
      outer loop
         vertex 1.695000e+01 4.075000e+01 5.500000e+00
         vertex 1.693481e+01 4.092365e+01 4.500000e+00
         vertex 1.695000e+01 4.075000e+01 4.500000e+00
      endloop
   endfacet
   facet normal 0.000000e+00 -1.000000e+00 0.000000e+00
      outer loop
         vertex 1.595000e+01 4.175000e+01 4.500000e+00
         vertex 1.595000e+01 4.175000e+01 5.500000e+00
         vertex 2.650000e+00 4.175000e+01 4.500000e+00
      endloop
   endfacet
   facet normal 0.000000e+00 -1.000000e+00 0.000000e+00
      outer loop
         vertex 2.650000e+00 4.175000e+01 4.500000e+00
         vertex 1.595000e+01 4.175000e+01 5.500000e+00
         vertex 2.650000e+00 4.175000e+01 5.500000e+00
      endloop
   endfacet
   facet normal 9.961950e-01 -8.715250e-02 0.000000e+00
      outer loop
         vertex 1.650000e+00 4.075000e+01 5.500000e+00
         vertex 1.650000e+00 4.075000e+01 4.500000e+00
         vertex 1.665192e+00 4.092365e+01 5.500000e+00
      endloop
   endfacet
   facet normal 9.961950e-01 -8.715250e-02 0.000000e+00
      outer loop
         vertex 1.665192e+00 4.092365e+01 5.500000e+00
         vertex 1.650000e+00 4.075000e+01 4.500000e+00
         vertex 1.665192e+00 4.092365e+01 4.500000e+00
      endloop
   endfacet
   facet normal 9.659258e-01 -2.588191e-01 0.000000e+00
      outer loop
         vertex 1.665192e+00 4.092365e+01 5.500000e+00
         vertex 1.665192e+00 4.092365e+01 4.500000e+00
         vertex 1.710307e+00 4.109202e+01 5.500000e+00
      endloop
   endfacet
   facet normal 9.659258e-01 -2.588191e-01 0.000000e+00
      outer loop
         vertex 1.710307e+00 4.109202e+01 5.500000e+00
         vertex 1.665192e+00 4.092365e+01 4.500000e+00
         vertex 1.710307e+00 4.109202e+01 4.500000e+00
      endloop
   endfacet
   facet normal 9.063054e-01 -4.226234e-01 0.000000e+00
      outer loop
         vertex 1.710307e+00 4.109202e+01 5.500000e+00
         vertex 1.710307e+00 4.109202e+01 4.500000e+00
         vertex 1.783974e+00 4.125000e+01 5.500000e+00
      endloop
   endfacet
   facet normal 9.063054e-01 -4.226234e-01 0.000000e+00
      outer loop
         vertex 1.783974e+00 4.125000e+01 5.500000e+00
         vertex 1.710307e+00 4.109202e+01 4.500000e+00
         vertex 1.783974e+00 4.125000e+01 4.500000e+00
      endloop
   endfacet
   facet normal 8.191531e-01 -5.735749e-01 0.000000e+00
      outer loop
         vertex 1.783974e+00 4.125000e+01 5.500000e+00
         vertex 1.783974e+00 4.125000e+01 4.500000e+00
         vertex 1.883956e+00 4.139279e+01 5.500000e+00
      endloop
   endfacet
   facet normal 8.191531e-01 -5.735749e-01 0.000000e+00
      outer loop
         vertex 1.883956e+00 4.139279e+01 5.500000e+00
         vertex 1.783974e+00 4.125000e+01 4.500000e+00
         vertex 1.883956e+00 4.139279e+01 4.500000e+00
      endloop
   endfacet
   facet normal 7.071068e-01 -7.071068e-01 0.000000e+00
      outer loop
         vertex 1.883956e+00 4.139279e+01 5.500000e+00
         vertex 1.883956e+00 4.139279e+01 4.500000e+00
         vertex 2.007212e+00 4.151605e+01 5.500000e+00
      endloop
   endfacet
   facet normal 7.071068e-01 -7.071068e-01 0.000000e+00
      outer loop
         vertex 2.007212e+00 4.151605e+01 5.500000e+00
         vertex 1.883956e+00 4.139279e+01 4.500000e+00
         vertex 2.007212e+00 4.151605e+01 4.500000e+00
      endloop
   endfacet
   facet normal 5.735800e-01 -8.191496e-01 0.000000e+00
      outer loop
         vertex 2.007212e+00 4.151605e+01 5.500000e+00
         vertex 2.007212e+00 4.151605e+01 4.500000e+00
         vertex 2.149999e+00 4.161603e+01 5.500000e+00
      endloop
   endfacet
   facet normal 5.735800e-01 -8.191496e-01 0.000000e+00
      outer loop
         vertex 2.149999e+00 4.161603e+01 5.500000e+00
         vertex 2.007212e+00 4.151605e+01 4.500000e+00
         vertex 2.149999e+00 4.161603e+01 4.500000e+00
      endloop
   endfacet
   facet normal 4.226193e-01 -9.063073e-01 0.000000e+00
      outer loop
         vertex 2.149999e+00 4.161603e+01 5.500000e+00
         vertex 2.149999e+00 4.161603e+01 4.500000e+00
         vertex 2.307979e+00 4.168969e+01 5.500000e+00
      endloop
   endfacet
   facet normal 4.226193e-01 -9.063073e-01 0.000000e+00
      outer loop
         vertex 2.307979e+00 4.168969e+01 5.500000e+00
         vertex 2.149999e+00 4.161603e+01 4.500000e+00
         vertex 2.307979e+00 4.168969e+01 4.500000e+00
      endloop
   endfacet
   facet normal 2.588191e-01 -9.659258e-01 0.000000e+00
      outer loop
         vertex 2.307979e+00 4.168969e+01 5.500000e+00
         vertex 2.307979e+00 4.168969e+01 4.500000e+00
         vertex 2.476351e+00 4.173481e+01 5.500000e+00
      endloop
   endfacet
   facet normal 2.588191e-01 -9.659258e-01 0.000000e+00
      outer loop
         vertex 2.476351e+00 4.173481e+01 5.500000e+00
         vertex 2.307979e+00 4.168969e+01 4.500000e+00
         vertex 2.476351e+00 4.173481e+01 4.500000e+00
      endloop
   endfacet
   facet normal 8.715250e-02 -9.961950e-01 0.000000e+00
      outer loop
         vertex 2.476351e+00 4.173481e+01 5.500000e+00
         vertex 2.476351e+00 4.173481e+01 4.500000e+00
         vertex 2.650000e+00 4.175000e+01 5.500000e+00
      endloop
   endfacet
   facet normal 8.715250e-02 -9.961950e-01 0.000000e+00
      outer loop
         vertex 2.650000e+00 4.175000e+01 5.500000e+00
         vertex 2.476351e+00 4.173481e+01 4.500000e+00
         vertex 2.650000e+00 4.175000e+01 4.500000e+00
      endloop
   endfacet
   facet normal 1.000000e+00 0.000000e+00 -0.000000e+00
      outer loop
         vertex 1.650000e+00 4.075000e+01 4.500000e+00
         vertex 1.650000e+00 4.075000e+01 5.500000e+00
         vertex 1.650000e+00 3.950000e+01 4.500000e+00
      endloop
   endfacet
   facet normal 1.000000e+00 0.000000e+00 0.000000e+00
      outer loop
         vertex 1.650000e+00 3.950000e+01 4.500000e+00
         vertex 1.650000e+00 4.075000e+01 5.500000e+00
         vertex 1.650000e+00 3.950000e+01 5.500000e+00
      endloop
   endfacet
   facet normal 0.000000e+00 -1.000000e+00 0.000000e+00
      outer loop
         vertex 1.250001e+00 3.950000e+01 0.000000e+00
         vertex 1.499999e+00 3.950000e+01 0.000000e+00
         vertex 1.499999e+00 3.950000e+01 4.500000e+00
      endloop
   endfacet
   facet normal 0.000000e+00 -1.000000e+00 0.000000e+00
      outer loop
         vertex 1.650000e+00 3.950000e+01 4.500000e+00
         vertex 1.650000e+00 3.950000e+01 5.500000e+00
         vertex 1.499999e+00 3.950000e+01 4.500000e+00
      endloop
   endfacet
   facet normal 0.000000e+00 -1.000000e+00 0.000000e+00
      outer loop
         vertex 1.499999e+00 3.950000e+01 4.500000e+00
         vertex 1.650000e+00 3.950000e+01 5.500000e+00
         vertex 1.250001e+00 3.950000e+01 5.500000e+00
      endloop
   endfacet
   facet normal -0.000000e+00 -1.000000e+00 0.000000e+00
      outer loop
         vertex 1.499999e+00 3.950000e+01 4.500000e+00
         vertex 1.250001e+00 3.950000e+01 5.500000e+00
         vertex 1.250001e+00 3.950000e+01 0.000000e+00
      endloop
   endfacet
   facet normal 1.000000e+00 0.000000e+00 0.000000e+00
      outer loop
         vertex 1.250001e+00 3.830000e+01 0.000000e+00
         vertex 1.250001e+00 3.950000e+01 0.000000e+00
         vertex 1.250001e+00 3.830000e+01 5.500000e+00
      endloop
   endfacet
   facet normal 1.000000e+00 -0.000000e+00 0.000000e+00
      outer loop
         vertex 1.250001e+00 3.830000e+01 5.500000e+00
         vertex 1.250001e+00 3.950000e+01 0.000000e+00
         vertex 1.250001e+00 3.950000e+01 5.500000e+00
      endloop
   endfacet
   facet normal 0.000000e+00 1.000000e+00 -0.000000e+00
      outer loop
         vertex 1.499999e+00 3.830000e+01 0.000000e+00
         vertex 1.250001e+00 3.830000e+01 0.000000e+00
         vertex 1.499999e+00 3.830000e+01 4.500000e+00
      endloop
   endfacet
   facet normal 0.000000e+00 1.000000e+00 0.000000e+00
      outer loop
         vertex 1.499999e+00 3.830000e+01 4.500000e+00
         vertex 1.250001e+00 3.830000e+01 0.000000e+00
         vertex 1.250001e+00 3.830000e+01 5.500000e+00
      endloop
   endfacet
   facet normal 0.000000e+00 1.000000e+00 -0.000000e+00
      outer loop
         vertex 1.499999e+00 3.830000e+01 4.500000e+00
         vertex 1.250001e+00 3.830000e+01 5.500000e+00
         vertex 1.650000e+00 3.830000e+01 4.500000e+00
      endloop
   endfacet
   facet normal 0.000000e+00 1.000000e+00 -0.000000e+00
      outer loop
         vertex 1.650000e+00 3.830000e+01 4.500000e+00
         vertex 1.250001e+00 3.830000e+01 5.500000e+00
         vertex 1.650000e+00 3.830000e+01 5.500000e+00
      endloop
   endfacet
   facet normal 0.000000e+00 -1.000000e+00 0.000000e+00
      outer loop
         vertex 1.499999e+00 3.470000e+01 0.000000e+00
         vertex 1.499999e+00 3.470000e+01 4.000000e+00
         vertex 0.000000e+00 3.470000e+01 0.000000e+00
      endloop
   endfacet
   facet normal 0.000000e+00 -1.000000e+00 0.000000e+00
      outer loop
         vertex 0.000000e+00 3.470000e+01 0.000000e+00
         vertex 1.499999e+00 3.470000e+01 4.000000e+00
         vertex 0.000000e+00 3.470000e+01 4.000000e+00
      endloop
   endfacet
   facet normal 1.000000e+00 0.000000e+00 0.000000e+00
      outer loop
         vertex 1.499999e+00 3.470000e+01 0.000000e+00
         vertex 1.499999e+00 3.830000e+01 0.000000e+00
         vertex 1.499999e+00 3.470000e+01 4.000000e+00
      endloop
   endfacet
   facet normal 1.000000e+00 -0.000000e+00 0.000000e+00
      outer loop
         vertex 1.499999e+00 3.470000e+01 4.000000e+00
         vertex 1.499999e+00 3.830000e+01 0.000000e+00
         vertex 1.499999e+00 3.830000e+01 4.500000e+00
      endloop
   endfacet
   facet normal 1.000000e+00 0.000000e+00 0.000000e+00
      outer loop
         vertex 1.499999e+00 3.470000e+01 4.000000e+00
         vertex 1.499999e+00 3.830000e+01 4.500000e+00
         vertex 1.499999e+00 3.777500e+01 4.500000e+00
      endloop
   endfacet
   facet normal 1.000000e+00 -0.000000e+00 0.000000e+00
      outer loop
         vertex 1.499999e+00 3.420000e+01 4.500000e+00
         vertex 1.499999e+00 3.428682e+01 4.492404e+00
         vertex 1.499999e+00 3.777500e+01 4.500000e+00
      endloop
   endfacet
   facet normal 1.000000e+00 0.000000e+00 0.000000e+00
      outer loop
         vertex 1.499999e+00 3.777500e+01 4.500000e+00
         vertex 1.499999e+00 3.428682e+01 4.492404e+00
         vertex 1.499999e+00 3.437101e+01 4.469846e+00
      endloop
   endfacet
   facet normal 1.000000e+00 0.000000e+00 0.000000e+00
      outer loop
         vertex 1.499999e+00 3.777500e+01 4.500000e+00
         vertex 1.499999e+00 3.437101e+01 4.469846e+00
         vertex 1.499999e+00 3.445000e+01 4.433013e+00
      endloop
   endfacet
   facet normal 1.000000e+00 -0.000000e+00 0.000000e+00
      outer loop
         vertex 1.499999e+00 3.463301e+01 4.250000e+00
         vertex 1.499999e+00 3.466985e+01 4.171010e+00
         vertex 1.499999e+00 3.777500e+01 4.500000e+00
      endloop
   endfacet
   facet normal 1.000000e+00 0.000000e+00 0.000000e+00
      outer loop
         vertex 1.499999e+00 3.777500e+01 4.500000e+00
         vertex 1.499999e+00 3.466985e+01 4.171010e+00
         vertex 1.499999e+00 3.469240e+01 4.086824e+00
      endloop
   endfacet
   facet normal 1.000000e+00 0.000000e+00 0.000000e+00
      outer loop
         vertex 1.499999e+00 3.777500e+01 4.500000e+00
         vertex 1.499999e+00 3.469240e+01 4.086824e+00
         vertex 1.499999e+00 3.470000e+01 4.000000e+00
      endloop
   endfacet
   facet normal 1.000000e+00 -0.000000e+00 0.000000e+00
      outer loop
         vertex 1.499999e+00 3.445000e+01 4.433013e+00
         vertex 1.499999e+00 3.452139e+01 4.383022e+00
         vertex 1.499999e+00 3.777500e+01 4.500000e+00
      endloop
   endfacet
   facet normal 1.000000e+00 0.000000e+00 0.000000e+00
      outer loop
         vertex 1.499999e+00 3.777500e+01 4.500000e+00
         vertex 1.499999e+00 3.452139e+01 4.383022e+00
         vertex 1.499999e+00 3.458302e+01 4.321394e+00
      endloop
   endfacet
   facet normal 1.000000e+00 0.000000e+00 0.000000e+00
      outer loop
         vertex 1.499999e+00 3.777500e+01 4.500000e+00
         vertex 1.499999e+00 3.458302e+01 4.321394e+00
         vertex 1.499999e+00 3.463301e+01 4.250000e+00
      endloop
   endfacet
   facet normal -0.000000e+00 -8.715608e-02 -9.961947e-01
      outer loop
         vertex 1.499999e+00 3.420000e+01 4.500000e+00
         vertex 0.000000e+00 3.420000e+01 4.500000e+00
         vertex 1.499999e+00 3.428682e+01 4.492404e+00
      endloop
   endfacet
   facet normal -0.000000e+00 -8.715608e-02 -9.961947e-01
      outer loop
         vertex 1.499999e+00 3.428682e+01 4.492404e+00
         vertex 0.000000e+00 3.420000e+01 4.500000e+00
         vertex 0.000000e+00 3.428682e+01 4.492404e+00
      endloop
   endfacet
   facet normal -0.000000e+00 -2.588191e-01 -9.659258e-01
      outer loop
         vertex 1.499999e+00 3.428682e+01 4.492404e+00
         vertex 0.000000e+00 3.428682e+01 4.492404e+00
         vertex 1.499999e+00 3.437101e+01 4.469846e+00
      endloop
   endfacet
   facet normal -0.000000e+00 -2.588191e-01 -9.659258e-01
      outer loop
         vertex 1.499999e+00 3.437101e+01 4.469846e+00
         vertex 0.000000e+00 3.428682e+01 4.492404e+00
         vertex 0.000000e+00 3.437101e+01 4.469846e+00
      endloop
   endfacet
   facet normal -0.000000e+00 -4.226171e-01 -9.063083e-01
      outer loop
         vertex 1.499999e+00 3.437101e+01 4.469846e+00
         vertex 0.000000e+00 3.437101e+01 4.469846e+00
         vertex 1.499999e+00 3.445000e+01 4.433013e+00
      endloop
   endfacet
   facet normal -0.000000e+00 -4.226171e-01 -9.063083e-01
      outer loop
         vertex 1.499999e+00 3.445000e+01 4.433013e+00
         vertex 0.000000e+00 3.437101e+01 4.469846e+00
         vertex 0.000000e+00 3.445000e+01 4.433013e+00
      endloop
   endfacet
   facet normal -0.000000e+00 -5.735740e-01 -8.191537e-01
      outer loop
         vertex 1.499999e+00 3.445000e+01 4.433013e+00
         vertex 0.000000e+00 3.445000e+01 4.433013e+00
         vertex 1.499999e+00 3.452139e+01 4.383022e+00
      endloop
   endfacet
   facet normal -0.000000e+00 -5.735740e-01 -8.191537e-01
      outer loop
         vertex 1.499999e+00 3.452139e+01 4.383022e+00
         vertex 0.000000e+00 3.445000e+01 4.433013e+00
         vertex 0.000000e+00 3.452139e+01 4.383022e+00
      endloop
   endfacet
   facet normal -0.000000e+00 -7.071068e-01 -7.071068e-01
      outer loop
         vertex 1.499999e+00 3.452139e+01 4.383022e+00
         vertex 0.000000e+00 3.452139e+01 4.383022e+00
         vertex 1.499999e+00 3.458302e+01 4.321394e+00
      endloop
   endfacet
   facet normal -0.000000e+00 -7.071068e-01 -7.071068e-01
      outer loop
         vertex 1.499999e+00 3.458302e+01 4.321394e+00
         vertex 0.000000e+00 3.452139e+01 4.383022e+00
         vertex 0.000000e+00 3.458302e+01 4.321394e+00
      endloop
   endfacet
   facet normal -0.000000e+00 -8.191513e-01 -5.735774e-01
      outer loop
         vertex 1.499999e+00 3.458302e+01 4.321394e+00
         vertex 0.000000e+00 3.458302e+01 4.321394e+00
         vertex 1.499999e+00 3.463301e+01 4.250000e+00
      endloop
   endfacet
   facet normal -0.000000e+00 -8.191513e-01 -5.735774e-01
      outer loop
         vertex 1.499999e+00 3.463301e+01 4.250000e+00
         vertex 0.000000e+00 3.458302e+01 4.321394e+00
         vertex 0.000000e+00 3.463301e+01 4.250000e+00
      endloop
   endfacet
   facet normal -0.000000e+00 -9.063112e-01 -4.226110e-01
      outer loop
         vertex 1.499999e+00 3.463301e+01 4.250000e+00
         vertex 0.000000e+00 3.463301e+01 4.250000e+00
         vertex 1.499999e+00 3.466985e+01 4.171010e+00
      endloop
   endfacet
   facet normal -0.000000e+00 -9.063112e-01 -4.226110e-01
      outer loop
         vertex 1.499999e+00 3.466985e+01 4.171010e+00
         vertex 0.000000e+00 3.463301e+01 4.250000e+00
         vertex 0.000000e+00 3.466985e+01 4.171010e+00
      endloop
   endfacet
   facet normal -0.000000e+00 -9.659258e-01 -2.588191e-01
      outer loop
         vertex 1.499999e+00 3.466985e+01 4.171010e+00
         vertex 0.000000e+00 3.466985e+01 4.171010e+00
         vertex 1.499999e+00 3.469240e+01 4.086824e+00
      endloop
   endfacet
   facet normal -0.000000e+00 -9.659258e-01 -2.588191e-01
      outer loop
         vertex 1.499999e+00 3.469240e+01 4.086824e+00
         vertex 0.000000e+00 3.466985e+01 4.171010e+00
         vertex 0.000000e+00 3.469240e+01 4.086824e+00
      endloop
   endfacet
   facet normal -0.000000e+00 -9.961940e-01 -8.716345e-02
      outer loop
         vertex 1.499999e+00 3.469240e+01 4.086824e+00
         vertex 0.000000e+00 3.469240e+01 4.086824e+00
         vertex 1.499999e+00 3.470000e+01 4.000000e+00
      endloop
   endfacet
   facet normal -0.000000e+00 -9.961940e-01 -8.716345e-02
      outer loop
         vertex 1.499999e+00 3.470000e+01 4.000000e+00
         vertex 0.000000e+00 3.469240e+01 4.086824e+00
         vertex 0.000000e+00 3.470000e+01 4.000000e+00
      endloop
   endfacet
   facet normal 0.000000e+00 1.000000e+00 0.000000e+00
      outer loop
         vertex 0.000000e+00 2.840000e+01 0.000000e+00
         vertex 0.000000e+00 2.840000e+01 4.000000e+00
         vertex 1.499999e+00 2.840000e+01 0.000000e+00
      endloop
   endfacet
   facet normal 0.000000e+00 1.000000e+00 -0.000000e+00
      outer loop
         vertex 1.499999e+00 2.840000e+01 0.000000e+00
         vertex 0.000000e+00 2.840000e+01 4.000000e+00
         vertex 1.499999e+00 2.840000e+01 4.000000e+00
      endloop
   endfacet
   facet normal 0.000000e+00 8.715562e-02 -9.961947e-01
      outer loop
         vertex 0.000000e+00 2.890000e+01 4.500000e+00
         vertex 1.499999e+00 2.890000e+01 4.500000e+00
         vertex 0.000000e+00 2.881318e+01 4.492404e+00
      endloop
   endfacet
   facet normal 0.000000e+00 8.715562e-02 -9.961947e-01
      outer loop
         vertex 0.000000e+00 2.881318e+01 4.492404e+00
         vertex 1.499999e+00 2.890000e+01 4.500000e+00
         vertex 1.499999e+00 2.881318e+01 4.492404e+00
      endloop
   endfacet
   facet normal 0.000000e+00 2.588191e-01 -9.659258e-01
      outer loop
         vertex 0.000000e+00 2.881318e+01 4.492404e+00
         vertex 1.499999e+00 2.881318e+01 4.492404e+00
         vertex 0.000000e+00 2.872899e+01 4.469846e+00
      endloop
   endfacet
   facet normal 0.000000e+00 2.588191e-01 -9.659258e-01
      outer loop
         vertex 0.000000e+00 2.872899e+01 4.469846e+00
         vertex 1.499999e+00 2.881318e+01 4.492404e+00
         vertex 1.499999e+00 2.872899e+01 4.469846e+00
      endloop
   endfacet
   facet normal 0.000000e+00 4.226171e-01 -9.063083e-01
      outer loop
         vertex 0.000000e+00 2.872899e+01 4.469846e+00
         vertex 1.499999e+00 2.872899e+01 4.469846e+00
         vertex 0.000000e+00 2.865000e+01 4.433013e+00
      endloop
   endfacet
   facet normal 0.000000e+00 4.226171e-01 -9.063083e-01
      outer loop
         vertex 0.000000e+00 2.865000e+01 4.433013e+00
         vertex 1.499999e+00 2.872899e+01 4.469846e+00
         vertex 1.499999e+00 2.865000e+01 4.433013e+00
      endloop
   endfacet
   facet normal 0.000000e+00 5.735765e-01 -8.191520e-01
      outer loop
         vertex 0.000000e+00 2.865000e+01 4.433013e+00
         vertex 1.499999e+00 2.865000e+01 4.433013e+00
         vertex 0.000000e+00 2.857861e+01 4.383022e+00
      endloop
   endfacet
   facet normal 0.000000e+00 5.735765e-01 -8.191520e-01
      outer loop
         vertex 0.000000e+00 2.857861e+01 4.383022e+00
         vertex 1.499999e+00 2.865000e+01 4.433013e+00
         vertex 1.499999e+00 2.857861e+01 4.383022e+00
      endloop
   endfacet
   facet normal 0.000000e+00 7.071068e-01 -7.071068e-01
      outer loop
         vertex 0.000000e+00 2.857861e+01 4.383022e+00
         vertex 1.499999e+00 2.857861e+01 4.383022e+00
         vertex 0.000000e+00 2.851698e+01 4.321394e+00
      endloop
   endfacet
   facet normal 0.000000e+00 7.071068e-01 -7.071068e-01
      outer loop
         vertex 0.000000e+00 2.851698e+01 4.321394e+00
         vertex 1.499999e+00 2.857861e+01 4.383022e+00
         vertex 1.499999e+00 2.851698e+01 4.321394e+00
      endloop
   endfacet
   facet normal 0.000000e+00 8.191538e-01 -5.735739e-01
      outer loop
         vertex 0.000000e+00 2.851698e+01 4.321394e+00
         vertex 1.499999e+00 2.851698e+01 4.321394e+00
         vertex 0.000000e+00 2.846699e+01 4.250000e+00
      endloop
   endfacet
   facet normal 0.000000e+00 8.191538e-01 -5.735739e-01
      outer loop
         vertex 0.000000e+00 2.846699e+01 4.250000e+00
         vertex 1.499999e+00 2.851698e+01 4.321394e+00
         vertex 1.499999e+00 2.846699e+01 4.250000e+00
      endloop
   endfacet
   facet normal 0.000000e+00 9.063071e-01 -4.226198e-01
      outer loop
         vertex 0.000000e+00 2.846699e+01 4.250000e+00
         vertex 1.499999e+00 2.846699e+01 4.250000e+00
         vertex 0.000000e+00 2.843015e+01 4.171010e+00
      endloop
   endfacet
   facet normal 0.000000e+00 9.063071e-01 -4.226198e-01
      outer loop
         vertex 0.000000e+00 2.843015e+01 4.171010e+00
         vertex 1.499999e+00 2.846699e+01 4.250000e+00
         vertex 1.499999e+00 2.843015e+01 4.171010e+00
      endloop
   endfacet
   facet normal 0.000000e+00 9.659258e-01 -2.588191e-01
      outer loop
         vertex 0.000000e+00 2.843015e+01 4.171010e+00
         vertex 1.499999e+00 2.843015e+01 4.171010e+00
         vertex 0.000000e+00 2.840760e+01 4.086824e+00
      endloop
   endfacet
   facet normal 0.000000e+00 9.659258e-01 -2.588191e-01
      outer loop
         vertex 0.000000e+00 2.840760e+01 4.086824e+00
         vertex 1.499999e+00 2.843015e+01 4.171010e+00
         vertex 1.499999e+00 2.840760e+01 4.086824e+00
      endloop
   endfacet
   facet normal 0.000000e+00 9.961945e-01 -8.715815e-02
      outer loop
         vertex 0.000000e+00 2.840760e+01 4.086824e+00
         vertex 1.499999e+00 2.840760e+01 4.086824e+00
         vertex 0.000000e+00 2.840000e+01 4.000000e+00
      endloop
   endfacet
   facet normal 0.000000e+00 9.961945e-01 -8.715815e-02
      outer loop
         vertex 0.000000e+00 2.840000e+01 4.000000e+00
         vertex 1.499999e+00 2.840760e+01 4.086824e+00
         vertex 1.499999e+00 2.840000e+01 4.000000e+00
      endloop
   endfacet
   facet normal 1.000000e+00 0.000000e+00 0.000000e+00
      outer loop
         vertex 1.499999e+00 2.700000e+01 0.000000e+00
         vertex 1.499999e+00 2.840000e+01 0.000000e+00
         vertex 1.499999e+00 2.700000e+01 4.500000e+00
      endloop
   endfacet
   facet normal 1.000000e+00 0.000000e+00 0.000000e+00
      outer loop
         vertex 1.499999e+00 2.700000e+01 4.500000e+00
         vertex 1.499999e+00 2.840000e+01 0.000000e+00
         vertex 1.499999e+00 2.840000e+01 4.000000e+00
      endloop
   endfacet
   facet normal 1.000000e+00 0.000000e+00 -0.000000e+00
      outer loop
         vertex 1.499999e+00 2.840000e+01 4.000000e+00
         vertex 1.499999e+00 2.840760e+01 4.086824e+00
         vertex 1.499999e+00 2.700000e+01 4.500000e+00
      endloop
   endfacet
   facet normal 1.000000e+00 0.000000e+00 0.000000e+00
      outer loop
         vertex 1.499999e+00 2.700000e+01 4.500000e+00
         vertex 1.499999e+00 2.840760e+01 4.086824e+00
         vertex 1.499999e+00 2.843015e+01 4.171010e+00
      endloop
   endfacet
   facet normal 1.000000e+00 0.000000e+00 0.000000e+00
      outer loop
         vertex 1.499999e+00 2.700000e+01 4.500000e+00
         vertex 1.499999e+00 2.843015e+01 4.171010e+00
         vertex 1.499999e+00 2.846699e+01 4.250000e+00
      endloop
   endfacet
   facet normal 1.000000e+00 0.000000e+00 -0.000000e+00
      outer loop
         vertex 1.499999e+00 2.846699e+01 4.250000e+00
         vertex 1.499999e+00 2.851698e+01 4.321394e+00
         vertex 1.499999e+00 2.700000e+01 4.500000e+00
      endloop
   endfacet
   facet normal 1.000000e+00 0.000000e+00 0.000000e+00
      outer loop
         vertex 1.499999e+00 2.700000e+01 4.500000e+00
         vertex 1.499999e+00 2.851698e+01 4.321394e+00
         vertex 1.499999e+00 2.857861e+01 4.383022e+00
      endloop
   endfacet
   facet normal 1.000000e+00 0.000000e+00 0.000000e+00
      outer loop
         vertex 1.499999e+00 2.700000e+01 4.500000e+00
         vertex 1.499999e+00 2.857861e+01 4.383022e+00
         vertex 1.499999e+00 2.865000e+01 4.433013e+00
      endloop
   endfacet
   facet normal 1.000000e+00 0.000000e+00 -0.000000e+00
      outer loop
         vertex 1.499999e+00 2.865000e+01 4.433013e+00
         vertex 1.499999e+00 2.872899e+01 4.469846e+00
         vertex 1.499999e+00 2.700000e+01 4.500000e+00
      endloop
   endfacet
   facet normal 1.000000e+00 0.000000e+00 0.000000e+00
      outer loop
         vertex 1.499999e+00 2.700000e+01 4.500000e+00
         vertex 1.499999e+00 2.872899e+01 4.469846e+00
         vertex 1.499999e+00 2.881318e+01 4.492404e+00
      endloop
   endfacet
   facet normal 1.000000e+00 -0.000000e+00 0.000000e+00
      outer loop
         vertex 1.499999e+00 2.700000e+01 4.500000e+00
         vertex 1.499999e+00 2.881318e+01 4.492404e+00
         vertex 1.499999e+00 2.890000e+01 4.500000e+00
      endloop
   endfacet
   facet normal 0.000000e+00 0.000000e+00 -1.000000e+00
      outer loop
         vertex 0.000000e+00 2.840000e+01 0.000000e+00
         vertex 1.499999e+00 2.840000e+01 0.000000e+00
         vertex 0.000000e+00 2.700000e+01 0.000000e+00
      endloop
   endfacet
   facet normal 0.000000e+00 0.000000e+00 -1.000000e+00
      outer loop
         vertex 0.000000e+00 2.700000e+01 0.000000e+00
         vertex 1.499999e+00 2.840000e+01 0.000000e+00
         vertex 1.499999e+00 2.700000e+01 0.000000e+00
      endloop
   endfacet
   facet normal -1.000000e+00 0.000000e+00 -0.000000e+00
      outer loop
         vertex 0.000000e+00 4.140000e+01 5.500000e+00
         vertex 0.000000e+00 4.140000e+01 0.000000e+00
         vertex 0.000000e+00 3.470000e+01 0.000000e+00
      endloop
   endfacet
   facet normal -1.000000e+00 0.000000e+00 0.000000e+00
      outer loop
         vertex 0.000000e+00 2.840000e+01 0.000000e+00
         vertex 0.000000e+00 2.700000e+01 0.000000e+00
         vertex 0.000000e+00 2.840000e+01 4.000000e+00
      endloop
   endfacet
   facet normal -1.000000e+00 -0.000000e+00 0.000000e+00
      outer loop
         vertex 0.000000e+00 2.840000e+01 4.000000e+00
         vertex 0.000000e+00 2.700000e+01 0.000000e+00
         vertex 0.000000e+00 2.700000e+01 5.500000e+00
      endloop
   endfacet
   facet normal -1.000000e+00 0.000000e+00 0.000000e+00
      outer loop
         vertex 0.000000e+00 3.458302e+01 4.321394e+00
         vertex 0.000000e+00 3.597500e+01 5.500000e+00
         vertex 0.000000e+00 3.463301e+01 4.250000e+00
      endloop
   endfacet
   facet normal -1.000000e+00 0.000000e+00 0.000000e+00
      outer loop
         vertex 0.000000e+00 3.463301e+01 4.250000e+00
         vertex 0.000000e+00 3.597500e+01 5.500000e+00
         vertex 0.000000e+00 3.777500e+01 5.500000e+00
      endloop
   endfacet
   facet normal -1.000000e+00 0.000000e+00 0.000000e+00
      outer loop
         vertex 0.000000e+00 3.470000e+01 0.000000e+00
         vertex 0.000000e+00 3.470000e+01 4.000000e+00
         vertex 0.000000e+00 4.140000e+01 5.500000e+00
      endloop
   endfacet
   facet normal -1.000000e+00 0.000000e+00 0.000000e+00
      outer loop
         vertex 0.000000e+00 4.140000e+01 5.500000e+00
         vertex 0.000000e+00 3.470000e+01 4.000000e+00
         vertex 0.000000e+00 3.469240e+01 4.086824e+00
      endloop
   endfacet
   facet normal -1.000000e+00 -0.000000e+00 0.000000e+00
      outer loop
         vertex 0.000000e+00 4.140000e+01 5.500000e+00
         vertex 0.000000e+00 3.469240e+01 4.086824e+00
         vertex 0.000000e+00 3.777500e+01 5.500000e+00
      endloop
   endfacet
   facet normal -1.000000e+00 0.000000e+00 0.000000e+00
      outer loop
         vertex 0.000000e+00 3.777500e+01 5.500000e+00
         vertex 0.000000e+00 3.469240e+01 4.086824e+00
         vertex 0.000000e+00 3.466985e+01 4.171010e+00
      endloop
   endfacet
   facet normal -1.000000e+00 0.000000e+00 0.000000e+00
      outer loop
         vertex 0.000000e+00 3.777500e+01 5.500000e+00
         vertex 0.000000e+00 3.466985e+01 4.171010e+00
         vertex 0.000000e+00 3.463301e+01 4.250000e+00
      endloop
   endfacet
   facet normal -1.000000e+00 -0.000000e+00 0.000000e+00
      outer loop
         vertex 0.000000e+00 2.872899e+01 4.469846e+00
         vertex 0.000000e+00 2.865000e+01 4.433013e+00
         vertex 0.000000e+00 2.700000e+01 5.500000e+00
      endloop
   endfacet
   facet normal -1.000000e+00 -0.000000e+00 0.000000e+00
      outer loop
         vertex 0.000000e+00 2.846699e+01 4.250000e+00
         vertex 0.000000e+00 2.843015e+01 4.171010e+00
         vertex 0.000000e+00 2.700000e+01 5.500000e+00
      endloop
   endfacet
   facet normal -1.000000e+00 0.000000e+00 0.000000e+00
      outer loop
         vertex 0.000000e+00 2.700000e+01 5.500000e+00
         vertex 0.000000e+00 2.843015e+01 4.171010e+00
         vertex 0.000000e+00 2.840760e+01 4.086824e+00
      endloop
   endfacet
   facet normal -1.000000e+00 0.000000e+00 0.000000e+00
      outer loop
         vertex 0.000000e+00 2.700000e+01 5.500000e+00
         vertex 0.000000e+00 2.840760e+01 4.086824e+00
         vertex 0.000000e+00 2.840000e+01 4.000000e+00
      endloop
   endfacet
   facet normal -1.000000e+00 0.000000e+00 0.000000e+00
      outer loop
         vertex 0.000000e+00 3.458302e+01 4.321394e+00
         vertex 0.000000e+00 3.452139e+01 4.383022e+00
         vertex 0.000000e+00 3.597500e+01 5.500000e+00
      endloop
   endfacet
   facet normal -1.000000e+00 0.000000e+00 0.000000e+00
      outer loop
         vertex 0.000000e+00 3.597500e+01 5.500000e+00
         vertex 0.000000e+00 3.452139e+01 4.383022e+00
         vertex 0.000000e+00 3.445000e+01 4.433013e+00
      endloop
   endfacet
   facet normal -1.000000e+00 0.000000e+00 0.000000e+00
      outer loop
         vertex 0.000000e+00 3.597500e+01 5.500000e+00
         vertex 0.000000e+00 3.445000e+01 4.433013e+00
         vertex 0.000000e+00 3.437101e+01 4.469846e+00
      endloop
   endfacet
   facet normal -1.000000e+00 0.000000e+00 0.000000e+00
      outer loop
         vertex 0.000000e+00 2.872899e+01 4.469846e+00
         vertex 0.000000e+00 2.700000e+01 5.500000e+00
         vertex 0.000000e+00 2.881318e+01 4.492404e+00
      endloop
   endfacet
   facet normal -1.000000e+00 -0.000000e+00 0.000000e+00
      outer loop
         vertex 0.000000e+00 2.865000e+01 4.433013e+00
         vertex 0.000000e+00 2.857861e+01 4.383022e+00
         vertex 0.000000e+00 2.700000e+01 5.500000e+00
      endloop
   endfacet
   facet normal -1.000000e+00 0.000000e+00 0.000000e+00
      outer loop
         vertex 0.000000e+00 2.700000e+01 5.500000e+00
         vertex 0.000000e+00 2.857861e+01 4.383022e+00
         vertex 0.000000e+00 2.851698e+01 4.321394e+00
      endloop
   endfacet
   facet normal -1.000000e+00 0.000000e+00 0.000000e+00
      outer loop
         vertex 0.000000e+00 2.700000e+01 5.500000e+00
         vertex 0.000000e+00 2.851698e+01 4.321394e+00
         vertex 0.000000e+00 2.846699e+01 4.250000e+00
      endloop
   endfacet
   facet normal -1.000000e+00 0.000000e+00 0.000000e+00
      outer loop
         vertex 0.000000e+00 3.437101e+01 4.469846e+00
         vertex 0.000000e+00 3.428682e+01 4.492404e+00
         vertex 0.000000e+00 3.597500e+01 5.500000e+00
      endloop
   endfacet
   facet normal -1.000000e+00 0.000000e+00 0.000000e+00
      outer loop
         vertex 0.000000e+00 3.597500e+01 5.500000e+00
         vertex 0.000000e+00 3.428682e+01 4.492404e+00
         vertex 0.000000e+00 3.420000e+01 4.500000e+00
      endloop
   endfacet
   facet normal -1.000000e+00 -0.000000e+00 0.000000e+00
      outer loop
         vertex 0.000000e+00 3.597500e+01 5.500000e+00
         vertex 0.000000e+00 3.420000e+01 4.500000e+00
         vertex 0.000000e+00 2.700000e+01 5.500000e+00
      endloop
   endfacet
   facet normal -1.000000e+00 0.000000e+00 0.000000e+00
      outer loop
         vertex 0.000000e+00 2.700000e+01 5.500000e+00
         vertex 0.000000e+00 3.420000e+01 4.500000e+00
         vertex 0.000000e+00 2.890000e+01 4.500000e+00
      endloop
   endfacet
   facet normal -1.000000e+00 0.000000e+00 0.000000e+00
      outer loop
         vertex 0.000000e+00 2.700000e+01 5.500000e+00
         vertex 0.000000e+00 2.890000e+01 4.500000e+00
         vertex 0.000000e+00 2.881318e+01 4.492404e+00
      endloop
   endfacet
   facet normal 0.000000e+00 -1.000000e+00 0.000000e+00
      outer loop
         vertex 1.045000e+01 2.700000e+01 4.500000e+00
         vertex 1.045000e+01 2.700000e+01 5.500000e+00
         vertex 1.499999e+00 2.700000e+01 4.500000e+00
      endloop
   endfacet
   facet normal 0.000000e+00 -1.000000e+00 0.000000e+00
      outer loop
         vertex 1.499999e+00 2.700000e+01 4.500000e+00
         vertex 1.045000e+01 2.700000e+01 5.500000e+00
         vertex 0.000000e+00 2.700000e+01 5.500000e+00
      endloop
   endfacet
   facet normal -0.000000e+00 -1.000000e+00 -0.000000e+00
      outer loop
         vertex 1.499999e+00 2.700000e+01 4.500000e+00
         vertex 0.000000e+00 2.700000e+01 5.500000e+00
         vertex 1.499999e+00 2.700000e+01 0.000000e+00
      endloop
   endfacet
   facet normal 0.000000e+00 -1.000000e+00 0.000000e+00
      outer loop
         vertex 1.499999e+00 2.700000e+01 0.000000e+00
         vertex 0.000000e+00 2.700000e+01 5.500000e+00
         vertex 0.000000e+00 2.700000e+01 0.000000e+00
      endloop
   endfacet
   facet normal -8.715343e-02 -9.961949e-01 -0.000000e+00
      outer loop
         vertex 1.045000e+01 2.700000e+01 5.500000e+00
         vertex 1.045000e+01 2.700000e+01 4.500000e+00
         vertex 1.053682e+01 2.699240e+01 5.500000e+00
      endloop
   endfacet
   facet normal -8.715343e-02 -9.961949e-01 -0.000000e+00
      outer loop
         vertex 1.053682e+01 2.699240e+01 5.500000e+00
         vertex 1.045000e+01 2.700000e+01 4.500000e+00
         vertex 1.053682e+01 2.699240e+01 4.500000e+00
      endloop
   endfacet
   facet normal -2.588191e-01 -9.659258e-01 -0.000000e+00
      outer loop
         vertex 1.053682e+01 2.699240e+01 5.500000e+00
         vertex 1.053682e+01 2.699240e+01 4.500000e+00
         vertex 1.062101e+01 2.696985e+01 5.500000e+00
      endloop
   endfacet
   facet normal -2.588191e-01 -9.659258e-01 -0.000000e+00
      outer loop
         vertex 1.062101e+01 2.696985e+01 5.500000e+00
         vertex 1.053682e+01 2.699240e+01 4.500000e+00
         vertex 1.062101e+01 2.696985e+01 4.500000e+00
      endloop
   endfacet
   facet normal -4.226152e-01 -9.063092e-01 -0.000000e+00
      outer loop
         vertex 1.062101e+01 2.696985e+01 5.500000e+00
         vertex 1.062101e+01 2.696985e+01 4.500000e+00
         vertex 1.070000e+01 2.693301e+01 5.500000e+00
      endloop
   endfacet
   facet normal -4.226152e-01 -9.063092e-01 -0.000000e+00
      outer loop
         vertex 1.070000e+01 2.693301e+01 5.500000e+00
         vertex 1.062101e+01 2.696985e+01 4.500000e+00
         vertex 1.070000e+01 2.693301e+01 4.500000e+00
      endloop
   endfacet
   facet normal -5.735800e-01 -8.191496e-01 -0.000000e+00
      outer loop
         vertex 1.070000e+01 2.693301e+01 5.500000e+00
         vertex 1.070000e+01 2.693301e+01 4.500000e+00
         vertex 1.077139e+01 2.688302e+01 5.500000e+00
      endloop
   endfacet
   facet normal -5.735800e-01 -8.191496e-01 -0.000000e+00
      outer loop
         vertex 1.077139e+01 2.688302e+01 5.500000e+00
         vertex 1.070000e+01 2.693301e+01 4.500000e+00
         vertex 1.077139e+01 2.688302e+01 4.500000e+00
      endloop
   endfacet
   facet normal -7.071121e-01 -7.071014e-01 -0.000000e+00
      outer loop
         vertex 1.077139e+01 2.688302e+01 5.500000e+00
         vertex 1.077139e+01 2.688302e+01 4.500000e+00
         vertex 1.083302e+01 2.682139e+01 5.500000e+00
      endloop
   endfacet
   facet normal -7.071121e-01 -7.071014e-01 -0.000000e+00
      outer loop
         vertex 1.083302e+01 2.682139e+01 5.500000e+00
         vertex 1.077139e+01 2.688302e+01 4.500000e+00
         vertex 1.083302e+01 2.682139e+01 4.500000e+00
      endloop
   endfacet
   facet normal -8.191463e-01 -5.735846e-01 -0.000000e+00
      outer loop
         vertex 1.083302e+01 2.682139e+01 5.500000e+00
         vertex 1.083302e+01 2.682139e+01 4.500000e+00
         vertex 1.088301e+01 2.675000e+01 5.500000e+00
      endloop
   endfacet
   facet normal -8.191463e-01 -5.735846e-01 -0.000000e+00
      outer loop
         vertex 1.088301e+01 2.675000e+01 5.500000e+00
         vertex 1.083302e+01 2.682139e+01 4.500000e+00
         vertex 1.088301e+01 2.675000e+01 4.500000e+00
      endloop
   endfacet
   facet normal -9.063064e-01 -4.226213e-01 -0.000000e+00
      outer loop
         vertex 1.088301e+01 2.675000e+01 5.500000e+00
         vertex 1.088301e+01 2.675000e+01 4.500000e+00
         vertex 1.091985e+01 2.667101e+01 5.500000e+00
      endloop
   endfacet
   facet normal -9.063064e-01 -4.226213e-01 -0.000000e+00
      outer loop
         vertex 1.091985e+01 2.667101e+01 5.500000e+00
         vertex 1.088301e+01 2.675000e+01 4.500000e+00
         vertex 1.091985e+01 2.667101e+01 4.500000e+00
      endloop
   endfacet
   facet normal -9.659285e-01 -2.588091e-01 -0.000000e+00
      outer loop
         vertex 1.091985e+01 2.667101e+01 5.500000e+00
         vertex 1.091985e+01 2.667101e+01 4.500000e+00
         vertex 1.094240e+01 2.658682e+01 5.500000e+00
      endloop
   endfacet
   facet normal -9.659285e-01 -2.588091e-01 -0.000000e+00
      outer loop
         vertex 1.094240e+01 2.658682e+01 5.500000e+00
         vertex 1.091985e+01 2.667101e+01 4.500000e+00
         vertex 1.094240e+01 2.658682e+01 4.500000e+00
      endloop
   endfacet
   facet normal -9.961949e-01 -8.715297e-02 -0.000000e+00
      outer loop
         vertex 1.094240e+01 2.658682e+01 5.500000e+00
         vertex 1.094240e+01 2.658682e+01 4.500000e+00
         vertex 1.095000e+01 2.650000e+01 5.500000e+00
      endloop
   endfacet
   facet normal -9.961949e-01 -8.715297e-02 -0.000000e+00
      outer loop
         vertex 1.095000e+01 2.650000e+01 5.500000e+00
         vertex 1.094240e+01 2.658682e+01 4.500000e+00
         vertex 1.095000e+01 2.650000e+01 4.500000e+00
      endloop
   endfacet
   facet normal -1.000000e+00 0.000000e+00 0.000000e+00
      outer loop
         vertex 1.095000e+01 1.700000e+01 4.500000e+00
         vertex 1.095000e+01 1.700000e+01 5.500000e+00
         vertex 1.095000e+01 1.885000e+01 4.500000e+00
      endloop
   endfacet
   facet normal -1.000000e+00 0.000000e+00 0.000000e+00
      outer loop
         vertex 1.095000e+01 1.885000e+01 4.500000e+00
         vertex 1.095000e+01 1.700000e+01 5.500000e+00
         vertex 1.095000e+01 1.885000e+01 5.500000e+00
      endloop
   endfacet
   facet normal -1.000000e+00 0.000000e+00 0.000000e+00
      outer loop
         vertex 1.095000e+01 1.885000e+01 4.500000e+00
         vertex 1.095000e+01 1.885000e+01 5.500000e+00
         vertex 1.095000e+01 2.545000e+01 4.500000e+00
      endloop
   endfacet
   facet normal -1.000000e+00 0.000000e+00 0.000000e+00
      outer loop
         vertex 1.095000e+01 2.545000e+01 4.500000e+00
         vertex 1.095000e+01 1.885000e+01 5.500000e+00
         vertex 1.095000e+01 2.545000e+01 5.500000e+00
      endloop
   endfacet
   facet normal -1.000000e+00 0.000000e+00 0.000000e+00
      outer loop
         vertex 1.095000e+01 2.545000e+01 4.500000e+00
         vertex 1.095000e+01 2.545000e+01 5.500000e+00
         vertex 1.095000e+01 2.650000e+01 4.500000e+00
      endloop
   endfacet
   facet normal -1.000000e+00 0.000000e+00 0.000000e+00
      outer loop
         vertex 1.095000e+01 2.650000e+01 4.500000e+00
         vertex 1.095000e+01 2.545000e+01 5.500000e+00
         vertex 1.095000e+01 2.650000e+01 5.500000e+00
      endloop
   endfacet
   facet normal -9.961949e-01 8.715297e-02 0.000000e+00
      outer loop
         vertex 1.095000e+01 1.700000e+01 5.500000e+00
         vertex 1.095000e+01 1.700000e+01 4.500000e+00
         vertex 1.094240e+01 1.691318e+01 5.500000e+00
      endloop
   endfacet
   facet normal -9.961949e-01 8.715297e-02 0.000000e+00
      outer loop
         vertex 1.094240e+01 1.691318e+01 5.500000e+00
         vertex 1.095000e+01 1.700000e+01 4.500000e+00
         vertex 1.094240e+01 1.691318e+01 4.500000e+00
      endloop
   endfacet
   facet normal -9.659285e-01 2.588091e-01 0.000000e+00
      outer loop
         vertex 1.094240e+01 1.691318e+01 5.500000e+00
         vertex 1.094240e+01 1.691318e+01 4.500000e+00
         vertex 1.091985e+01 1.682899e+01 5.500000e+00
      endloop
   endfacet
   facet normal -9.659285e-01 2.588091e-01 0.000000e+00
      outer loop
         vertex 1.091985e+01 1.682899e+01 5.500000e+00
         vertex 1.094240e+01 1.691318e+01 4.500000e+00
         vertex 1.091985e+01 1.682899e+01 4.500000e+00
      endloop
   endfacet
   facet normal -9.063073e-01 4.226193e-01 0.000000e+00
      outer loop
         vertex 1.091985e+01 1.682899e+01 5.500000e+00
         vertex 1.091985e+01 1.682899e+01 4.500000e+00
         vertex 1.088301e+01 1.675000e+01 5.500000e+00
      endloop
   endfacet
   facet normal -9.063073e-01 4.226193e-01 0.000000e+00
      outer loop
         vertex 1.088301e+01 1.675000e+01 5.500000e+00
         vertex 1.091985e+01 1.682899e+01 4.500000e+00
         vertex 1.088301e+01 1.675000e+01 4.500000e+00
      endloop
   endfacet
   facet normal -8.191463e-01 5.735846e-01 0.000000e+00
      outer loop
         vertex 1.088301e+01 1.675000e+01 5.500000e+00
         vertex 1.088301e+01 1.675000e+01 4.500000e+00
         vertex 1.083302e+01 1.667861e+01 5.500000e+00
      endloop
   endfacet
   facet normal -8.191463e-01 5.735846e-01 0.000000e+00
      outer loop
         vertex 1.083302e+01 1.667861e+01 5.500000e+00
         vertex 1.088301e+01 1.675000e+01 4.500000e+00
         vertex 1.083302e+01 1.667861e+01 4.500000e+00
      endloop
   endfacet
   facet normal -7.071121e-01 7.071014e-01 0.000000e+00
      outer loop
         vertex 1.083302e+01 1.667861e+01 5.500000e+00
         vertex 1.083302e+01 1.667861e+01 4.500000e+00
         vertex 1.077139e+01 1.661698e+01 5.500000e+00
      endloop
   endfacet
   facet normal -7.071121e-01 7.071014e-01 0.000000e+00
      outer loop
         vertex 1.077139e+01 1.661698e+01 5.500000e+00
         vertex 1.083302e+01 1.667861e+01 4.500000e+00
         vertex 1.077139e+01 1.661698e+01 4.500000e+00
      endloop
   endfacet
   facet normal -5.735800e-01 8.191496e-01 0.000000e+00
      outer loop
         vertex 1.077139e+01 1.661698e+01 5.500000e+00
         vertex 1.077139e+01 1.661698e+01 4.500000e+00
         vertex 1.070000e+01 1.656699e+01 5.500000e+00
      endloop
   endfacet
   facet normal -5.735800e-01 8.191496e-01 0.000000e+00
      outer loop
         vertex 1.070000e+01 1.656699e+01 5.500000e+00
         vertex 1.077139e+01 1.661698e+01 4.500000e+00
         vertex 1.070000e+01 1.656699e+01 4.500000e+00
      endloop
   endfacet
   facet normal -4.226108e-01 9.063113e-01 0.000000e+00
      outer loop
         vertex 1.070000e+01 1.656699e+01 5.500000e+00
         vertex 1.070000e+01 1.656699e+01 4.500000e+00
         vertex 1.062101e+01 1.653015e+01 5.500000e+00
      endloop
   endfacet
   facet normal -4.226108e-01 9.063113e-01 0.000000e+00
      outer loop
         vertex 1.062101e+01 1.653015e+01 5.500000e+00
         vertex 1.070000e+01 1.656699e+01 4.500000e+00
         vertex 1.062101e+01 1.653015e+01 4.500000e+00
      endloop
   endfacet
   facet normal -2.588191e-01 9.659258e-01 0.000000e+00
      outer loop
         vertex 1.062101e+01 1.653015e+01 5.500000e+00
         vertex 1.062101e+01 1.653015e+01 4.500000e+00
         vertex 1.053682e+01 1.650760e+01 5.500000e+00
      endloop
   endfacet
   facet normal -2.588191e-01 9.659258e-01 0.000000e+00
      outer loop
         vertex 1.053682e+01 1.650760e+01 5.500000e+00
         vertex 1.062101e+01 1.653015e+01 4.500000e+00
         vertex 1.053682e+01 1.650760e+01 4.500000e+00
      endloop
   endfacet
   facet normal -8.715873e-02 9.961944e-01 0.000000e+00
      outer loop
         vertex 1.053682e+01 1.650760e+01 5.500000e+00
         vertex 1.053682e+01 1.650760e+01 4.500000e+00
         vertex 1.045000e+01 1.650000e+01 5.500000e+00
      endloop
   endfacet
   facet normal -8.715873e-02 9.961944e-01 0.000000e+00
      outer loop
         vertex 1.045000e+01 1.650000e+01 5.500000e+00
         vertex 1.053682e+01 1.650760e+01 4.500000e+00
         vertex 1.045000e+01 1.650000e+01 4.500000e+00
      endloop
   endfacet
   facet normal 0.000000e+00 1.000000e+00 -0.000000e+00
      outer loop
         vertex 1.499999e+00 1.650000e+01 0.000000e+00
         vertex 0.000000e+00 1.650000e+01 0.000000e+00
         vertex 1.499999e+00 1.650000e+01 4.500000e+00
      endloop
   endfacet
   facet normal 0.000000e+00 1.000000e+00 0.000000e+00
      outer loop
         vertex 1.499999e+00 1.650000e+01 4.500000e+00
         vertex 0.000000e+00 1.650000e+01 0.000000e+00
         vertex 0.000000e+00 1.650000e+01 5.500000e+00
      endloop
   endfacet
   facet normal 0.000000e+00 1.000000e+00 -0.000000e+00
      outer loop
         vertex 1.499999e+00 1.650000e+01 4.500000e+00
         vertex 0.000000e+00 1.650000e+01 5.500000e+00
         vertex 1.045000e+01 1.650000e+01 4.500000e+00
      endloop
   endfacet
   facet normal 0.000000e+00 1.000000e+00 -0.000000e+00
      outer loop
         vertex 1.045000e+01 1.650000e+01 4.500000e+00
         vertex 0.000000e+00 1.650000e+01 5.500000e+00
         vertex 1.045000e+01 1.650000e+01 5.500000e+00
      endloop
   endfacet
   facet normal -0.000000e+00 -0.000000e+00 -1.000000e+00
      outer loop
         vertex 1.499999e+00 1.650000e+01 0.000000e+00
         vertex 1.499999e+00 1.510000e+01 0.000000e+00
         vertex 0.000000e+00 1.650000e+01 0.000000e+00
      endloop
   endfacet
   facet normal 0.000000e+00 0.000000e+00 -1.000000e+00
      outer loop
         vertex 0.000000e+00 1.650000e+01 0.000000e+00
         vertex 1.499999e+00 1.510000e+01 0.000000e+00
         vertex 0.000000e+00 1.510000e+01 0.000000e+00
      endloop
   endfacet
   facet normal 0.000000e+00 -1.000000e+00 0.000000e+00
      outer loop
         vertex 1.499999e+00 1.510000e+01 0.000000e+00
         vertex 1.499999e+00 1.510000e+01 4.000000e+00
         vertex 0.000000e+00 1.510000e+01 0.000000e+00
      endloop
   endfacet
   facet normal 0.000000e+00 -1.000000e+00 0.000000e+00
      outer loop
         vertex 0.000000e+00 1.510000e+01 0.000000e+00
         vertex 1.499999e+00 1.510000e+01 4.000000e+00
         vertex 0.000000e+00 1.510000e+01 4.000000e+00
      endloop
   endfacet
   facet normal 1.000000e+00 0.000000e+00 0.000000e+00
      outer loop
         vertex 1.499999e+00 1.510000e+01 0.000000e+00
         vertex 1.499999e+00 1.650000e+01 0.000000e+00
         vertex 1.499999e+00 1.510000e+01 4.000000e+00
      endloop
   endfacet
   facet normal 1.000000e+00 -0.000000e+00 0.000000e+00
      outer loop
         vertex 1.499999e+00 1.510000e+01 4.000000e+00
         vertex 1.499999e+00 1.650000e+01 0.000000e+00
         vertex 1.499999e+00 1.650000e+01 4.500000e+00
      endloop
   endfacet
   facet normal 1.000000e+00 0.000000e+00 -0.000000e+00
      outer loop
         vertex 1.499999e+00 1.510000e+01 4.000000e+00
         vertex 1.499999e+00 1.650000e+01 4.500000e+00
         vertex 1.499999e+00 1.509240e+01 4.086824e+00
      endloop
   endfacet
   facet normal 1.000000e+00 0.000000e+00 -0.000000e+00
      outer loop
         vertex 1.499999e+00 1.509240e+01 4.086824e+00
         vertex 1.499999e+00 1.650000e+01 4.500000e+00
         vertex 1.499999e+00 1.506985e+01 4.171010e+00
      endloop
   endfacet
   facet normal 1.000000e+00 0.000000e+00 0.000000e+00
      outer loop
         vertex 1.499999e+00 1.650000e+01 4.500000e+00
         vertex 1.499999e+00 1.485000e+01 4.433013e+00
         vertex 1.499999e+00 1.492139e+01 4.383022e+00
      endloop
   endfacet
   facet normal 1.000000e+00 -0.000000e+00 0.000000e+00
      outer loop
         vertex 1.499999e+00 1.460000e+01 4.500000e+00
         vertex 1.499999e+00 1.468682e+01 4.492404e+00
         vertex 1.499999e+00 1.650000e+01 4.500000e+00
      endloop
   endfacet
   facet normal 1.000000e+00 0.000000e+00 0.000000e+00
      outer loop
         vertex 1.499999e+00 1.650000e+01 4.500000e+00
         vertex 1.499999e+00 1.468682e+01 4.492404e+00
         vertex 1.499999e+00 1.477101e+01 4.469846e+00
      endloop
   endfacet
   facet normal 1.000000e+00 0.000000e+00 0.000000e+00
      outer loop
         vertex 1.499999e+00 1.650000e+01 4.500000e+00
         vertex 1.499999e+00 1.477101e+01 4.469846e+00
         vertex 1.499999e+00 1.485000e+01 4.433013e+00
      endloop
   endfacet
   facet normal 1.000000e+00 -0.000000e+00 0.000000e+00
      outer loop
         vertex 1.499999e+00 1.492139e+01 4.383022e+00
         vertex 1.499999e+00 1.498302e+01 4.321394e+00
         vertex 1.499999e+00 1.650000e+01 4.500000e+00
      endloop
   endfacet
   facet normal 1.000000e+00 0.000000e+00 0.000000e+00
      outer loop
         vertex 1.499999e+00 1.650000e+01 4.500000e+00
         vertex 1.499999e+00 1.498302e+01 4.321394e+00
         vertex 1.499999e+00 1.503301e+01 4.250000e+00
      endloop
   endfacet
   facet normal 1.000000e+00 0.000000e+00 0.000000e+00
      outer loop
         vertex 1.499999e+00 1.650000e+01 4.500000e+00
         vertex 1.499999e+00 1.503301e+01 4.250000e+00
         vertex 1.499999e+00 1.506985e+01 4.171010e+00
      endloop
   endfacet
   facet normal -0.000000e+00 -8.715562e-02 -9.961947e-01
      outer loop
         vertex 1.499999e+00 1.460000e+01 4.500000e+00
         vertex 0.000000e+00 1.460000e+01 4.500000e+00
         vertex 1.499999e+00 1.468682e+01 4.492404e+00
      endloop
   endfacet
   facet normal -0.000000e+00 -8.715562e-02 -9.961947e-01
      outer loop
         vertex 1.499999e+00 1.468682e+01 4.492404e+00
         vertex 0.000000e+00 1.460000e+01 4.500000e+00
         vertex 0.000000e+00 1.468682e+01 4.492404e+00
      endloop
   endfacet
   facet normal -0.000000e+00 -2.588191e-01 -9.659258e-01
      outer loop
         vertex 1.499999e+00 1.468682e+01 4.492404e+00
         vertex 0.000000e+00 1.468682e+01 4.492404e+00
         vertex 1.499999e+00 1.477101e+01 4.469846e+00
      endloop
   endfacet
   facet normal -0.000000e+00 -2.588191e-01 -9.659258e-01
      outer loop
         vertex 1.499999e+00 1.477101e+01 4.469846e+00
         vertex 0.000000e+00 1.468682e+01 4.492404e+00
         vertex 0.000000e+00 1.477101e+01 4.469846e+00
      endloop
   endfacet
   facet normal -0.000000e+00 -4.226171e-01 -9.063083e-01
      outer loop
         vertex 1.499999e+00 1.477101e+01 4.469846e+00
         vertex 0.000000e+00 1.477101e+01 4.469846e+00
         vertex 1.499999e+00 1.485000e+01 4.433013e+00
      endloop
   endfacet
   facet normal -0.000000e+00 -4.226171e-01 -9.063083e-01
      outer loop
         vertex 1.499999e+00 1.485000e+01 4.433013e+00
         vertex 0.000000e+00 1.477101e+01 4.469846e+00
         vertex 0.000000e+00 1.485000e+01 4.433013e+00
      endloop
   endfacet
   facet normal -0.000000e+00 -5.735765e-01 -8.191520e-01
      outer loop
         vertex 1.499999e+00 1.485000e+01 4.433013e+00
         vertex 0.000000e+00 1.485000e+01 4.433013e+00
         vertex 1.499999e+00 1.492139e+01 4.383022e+00
      endloop
   endfacet
   facet normal -0.000000e+00 -5.735765e-01 -8.191520e-01
      outer loop
         vertex 1.499999e+00 1.492139e+01 4.383022e+00
         vertex 0.000000e+00 1.485000e+01 4.433013e+00
         vertex 0.000000e+00 1.492139e+01 4.383022e+00
      endloop
   endfacet
   facet normal -0.000000e+00 -7.071068e-01 -7.071068e-01
      outer loop
         vertex 1.499999e+00 1.492139e+01 4.383022e+00
         vertex 0.000000e+00 1.492139e+01 4.383022e+00
         vertex 1.499999e+00 1.498302e+01 4.321394e+00
      endloop
   endfacet
   facet normal -0.000000e+00 -7.071068e-01 -7.071068e-01
      outer loop
         vertex 1.499999e+00 1.498302e+01 4.321394e+00
         vertex 0.000000e+00 1.492139e+01 4.383022e+00
         vertex 0.000000e+00 1.498302e+01 4.321394e+00
      endloop
   endfacet
   facet normal -0.000000e+00 -8.191513e-01 -5.735774e-01
      outer loop
         vertex 1.499999e+00 1.498302e+01 4.321394e+00
         vertex 0.000000e+00 1.498302e+01 4.321394e+00
         vertex 1.499999e+00 1.503301e+01 4.250000e+00
      endloop
   endfacet
   facet normal -0.000000e+00 -8.191513e-01 -5.735774e-01
      outer loop
         vertex 1.499999e+00 1.503301e+01 4.250000e+00
         vertex 0.000000e+00 1.498302e+01 4.321394e+00
         vertex 0.000000e+00 1.503301e+01 4.250000e+00
      endloop
   endfacet
   facet normal -0.000000e+00 -9.063091e-01 -4.226154e-01
      outer loop
         vertex 1.499999e+00 1.503301e+01 4.250000e+00
         vertex 0.000000e+00 1.503301e+01 4.250000e+00
         vertex 1.499999e+00 1.506985e+01 4.171010e+00
      endloop
   endfacet
   facet normal -0.000000e+00 -9.063091e-01 -4.226154e-01
      outer loop
         vertex 1.499999e+00 1.506985e+01 4.171010e+00
         vertex 0.000000e+00 1.503301e+01 4.250000e+00
         vertex 0.000000e+00 1.506985e+01 4.171010e+00
      endloop
   endfacet
   facet normal -0.000000e+00 -9.659258e-01 -2.588191e-01
      outer loop
         vertex 1.499999e+00 1.506985e+01 4.171010e+00
         vertex 0.000000e+00 1.506985e+01 4.171010e+00
         vertex 1.499999e+00 1.509240e+01 4.086824e+00
      endloop
   endfacet
   facet normal -0.000000e+00 -9.659258e-01 -2.588191e-01
      outer loop
         vertex 1.499999e+00 1.509240e+01 4.086824e+00
         vertex 0.000000e+00 1.506985e+01 4.171010e+00
         vertex 0.000000e+00 1.509240e+01 4.086824e+00
      endloop
   endfacet
   facet normal -0.000000e+00 -9.961945e-01 -8.715815e-02
      outer loop
         vertex 1.499999e+00 1.509240e+01 4.086824e+00
         vertex 0.000000e+00 1.509240e+01 4.086824e+00
         vertex 1.499999e+00 1.510000e+01 4.000000e+00
      endloop
   endfacet
   facet normal -0.000000e+00 -9.961945e-01 -8.715815e-02
      outer loop
         vertex 1.499999e+00 1.510000e+01 4.000000e+00
         vertex 0.000000e+00 1.509240e+01 4.086824e+00
         vertex 0.000000e+00 1.510000e+01 4.000000e+00
      endloop
   endfacet
   facet normal 0.000000e+00 1.000000e+00 0.000000e+00
      outer loop
         vertex 0.000000e+00 8.700000e+00 0.000000e+00
         vertex 0.000000e+00 8.700000e+00 4.000000e+00
         vertex 1.499999e+00 8.700000e+00 0.000000e+00
      endloop
   endfacet
   facet normal 0.000000e+00 1.000000e+00 -0.000000e+00
      outer loop
         vertex 1.499999e+00 8.700000e+00 0.000000e+00
         vertex 0.000000e+00 8.700000e+00 4.000000e+00
         vertex 1.499999e+00 8.700000e+00 4.000000e+00
      endloop
   endfacet
   facet normal -1.000000e+00 0.000000e+00 0.000000e+00
      outer loop
         vertex 0.000000e+00 1.650000e+01 5.500000e+00
         vertex 0.000000e+00 1.509240e+01 4.086824e+00
         vertex 0.000000e+00 1.506985e+01 4.171010e+00
      endloop
   endfacet
   facet normal -1.000000e+00 0.000000e+00 0.000000e+00
      outer loop
         vertex 0.000000e+00 1.650000e+01 0.000000e+00
         vertex 0.000000e+00 1.510000e+01 0.000000e+00
         vertex 0.000000e+00 1.650000e+01 5.500000e+00
      endloop
   endfacet
   facet normal -1.000000e+00 0.000000e+00 0.000000e+00
      outer loop
         vertex 0.000000e+00 1.650000e+01 5.500000e+00
         vertex 0.000000e+00 1.510000e+01 0.000000e+00
         vertex 0.000000e+00 1.510000e+01 4.000000e+00
      endloop
   endfacet
   facet normal -1.000000e+00 0.000000e+00 0.000000e+00
      outer loop
         vertex 0.000000e+00 1.650000e+01 5.500000e+00
         vertex 0.000000e+00 1.510000e+01 4.000000e+00
         vertex 0.000000e+00 1.509240e+01 4.086824e+00
      endloop
   endfacet
   facet normal -1.000000e+00 0.000000e+00 0.000000e+00
      outer loop
         vertex 0.000000e+00 1.506985e+01 4.171010e+00
         vertex 0.000000e+00 1.503301e+01 4.250000e+00
         vertex 0.000000e+00 1.650000e+01 5.500000e+00
      endloop
   endfacet
   facet normal -1.000000e+00 0.000000e+00 0.000000e+00
      outer loop
         vertex 0.000000e+00 1.650000e+01 5.500000e+00
         vertex 0.000000e+00 1.503301e+01 4.250000e+00
         vertex 0.000000e+00 1.498302e+01 4.321394e+00
      endloop
   endfacet
   facet normal -1.000000e+00 0.000000e+00 0.000000e+00
      outer loop
         vertex 0.000000e+00 1.650000e+01 5.500000e+00
         vertex 0.000000e+00 1.498302e+01 4.321394e+00
         vertex 0.000000e+00 1.492139e+01 4.383022e+00
      endloop
   endfacet
   facet normal -1.000000e+00 0.000000e+00 0.000000e+00
      outer loop
         vertex 0.000000e+00 1.492139e+01 4.383022e+00
         vertex 0.000000e+00 1.485000e+01 4.433013e+00
         vertex 0.000000e+00 1.650000e+01 5.500000e+00
      endloop
   endfacet
   facet normal -1.000000e+00 0.000000e+00 0.000000e+00
      outer loop
         vertex 0.000000e+00 1.650000e+01 5.500000e+00
         vertex 0.000000e+00 1.485000e+01 4.433013e+00
         vertex 0.000000e+00 1.477101e+01 4.469846e+00
      endloop
   endfacet
   facet normal -1.000000e+00 0.000000e+00 0.000000e+00
      outer loop
         vertex 0.000000e+00 1.650000e+01 5.500000e+00
         vertex 0.000000e+00 1.477101e+01 4.469846e+00
         vertex 0.000000e+00 1.468682e+01 4.492404e+00
      endloop
   endfacet
   facet normal -1.000000e+00 -0.000000e+00 0.000000e+00
      outer loop
         vertex 0.000000e+00 9.028991e+00 4.469846e+00
         vertex 0.000000e+00 8.950001e+00 4.433013e+00
         vertex 0.000000e+00 5.625000e+00 5.500000e+00
      endloop
   endfacet
   facet normal -1.000000e+00 0.000000e+00 0.000000e+00
      outer loop
         vertex 0.000000e+00 8.700000e+00 0.000000e+00
         vertex 0.000000e+00 2.000000e+00 0.000000e+00
         vertex 0.000000e+00 8.700000e+00 4.000000e+00
      endloop
   endfacet
   facet normal -1.000000e+00 -0.000000e+00 0.000000e+00
      outer loop
         vertex 0.000000e+00 8.700000e+00 4.000000e+00
         vertex 0.000000e+00 2.000000e+00 0.000000e+00
         vertex 0.000000e+00 2.000000e+00 5.500000e+00
      endloop
   endfacet
   facet normal -1.000000e+00 0.000000e+00 0.000000e+00
      outer loop
         vertex 0.000000e+00 8.700000e+00 4.000000e+00
         vertex 0.000000e+00 2.000000e+00 5.500000e+00
         vertex 0.000000e+00 8.707597e+00 4.086824e+00
      endloop
   endfacet
   facet normal -1.000000e+00 0.000000e+00 0.000000e+00
      outer loop
         vertex 0.000000e+00 8.707597e+00 4.086824e+00
         vertex 0.000000e+00 2.000000e+00 5.500000e+00
         vertex 0.000000e+00 2.050001e+00 5.500000e+00
      endloop
   endfacet
   facet normal -1.000000e+00 0.000000e+00 0.000000e+00
      outer loop
         vertex 0.000000e+00 8.707597e+00 4.086824e+00
         vertex 0.000000e+00 2.050001e+00 5.500000e+00
         vertex 0.000000e+00 8.730154e+00 4.171010e+00
      endloop
   endfacet
   facet normal -1.000000e+00 0.000000e+00 0.000000e+00
      outer loop
         vertex 0.000000e+00 8.730154e+00 4.171010e+00
         vertex 0.000000e+00 2.050001e+00 5.500000e+00
         vertex 0.000000e+00 5.625000e+00 5.500000e+00
      endloop
   endfacet
   facet normal -1.000000e+00 0.000000e+00 0.000000e+00
      outer loop
         vertex 0.000000e+00 8.730154e+00 4.171010e+00
         vertex 0.000000e+00 5.625000e+00 5.500000e+00
         vertex 0.000000e+00 8.766987e+00 4.250000e+00
      endloop
   endfacet
   facet normal -1.000000e+00 -0.000000e+00 0.000000e+00
      outer loop
         vertex 0.000000e+00 8.950001e+00 4.433013e+00
         vertex 0.000000e+00 8.878606e+00 4.383022e+00
         vertex 0.000000e+00 5.625000e+00 5.500000e+00
      endloop
   endfacet
   facet normal -1.000000e+00 0.000000e+00 0.000000e+00
      outer loop
         vertex 0.000000e+00 5.625000e+00 5.500000e+00
         vertex 0.000000e+00 8.878606e+00 4.383022e+00
         vertex 0.000000e+00 8.816978e+00 4.321394e+00
      endloop
   endfacet
   facet normal -1.000000e+00 0.000000e+00 0.000000e+00
      outer loop
         vertex 0.000000e+00 5.625000e+00 5.500000e+00
         vertex 0.000000e+00 8.816978e+00 4.321394e+00
         vertex 0.000000e+00 8.766987e+00 4.250000e+00
      endloop
   endfacet
   facet normal -1.000000e+00 0.000000e+00 0.000000e+00
      outer loop
         vertex 0.000000e+00 1.468682e+01 4.492404e+00
         vertex 0.000000e+00 1.460000e+01 4.500000e+00
         vertex 0.000000e+00 1.650000e+01 5.500000e+00
      endloop
   endfacet
   facet normal -1.000000e+00 0.000000e+00 0.000000e+00
      outer loop
         vertex 0.000000e+00 1.650000e+01 5.500000e+00
         vertex 0.000000e+00 1.460000e+01 4.500000e+00
         vertex 0.000000e+00 9.200000e+00 4.500000e+00
      endloop
   endfacet
   facet normal -1.000000e+00 -0.000000e+00 0.000000e+00
      outer loop
         vertex 0.000000e+00 1.650000e+01 5.500000e+00
         vertex 0.000000e+00 9.200000e+00 4.500000e+00
         vertex 0.000000e+00 5.625000e+00 5.500000e+00
      endloop
   endfacet
   facet normal -1.000000e+00 0.000000e+00 0.000000e+00
      outer loop
         vertex 0.000000e+00 5.625000e+00 5.500000e+00
         vertex 0.000000e+00 9.200000e+00 4.500000e+00
         vertex 0.000000e+00 9.113177e+00 4.492404e+00
      endloop
   endfacet
   facet normal -1.000000e+00 0.000000e+00 0.000000e+00
      outer loop
         vertex 0.000000e+00 5.625000e+00 5.500000e+00
         vertex 0.000000e+00 9.113177e+00 4.492404e+00
         vertex 0.000000e+00 9.028991e+00 4.469846e+00
      endloop
   endfacet
   facet normal 0.000000e+00 8.715608e-02 -9.961947e-01
      outer loop
         vertex 0.000000e+00 9.200000e+00 4.500000e+00
         vertex 1.499999e+00 9.200000e+00 4.500000e+00
         vertex 0.000000e+00 9.113177e+00 4.492404e+00
      endloop
   endfacet
   facet normal 0.000000e+00 8.715608e-02 -9.961947e-01
      outer loop
         vertex 0.000000e+00 9.113177e+00 4.492404e+00
         vertex 1.499999e+00 9.200000e+00 4.500000e+00
         vertex 1.499999e+00 9.113177e+00 4.492404e+00
      endloop
   endfacet
   facet normal 0.000000e+00 2.588191e-01 -9.659258e-01
      outer loop
         vertex 0.000000e+00 9.113177e+00 4.492404e+00
         vertex 1.499999e+00 9.113177e+00 4.492404e+00
         vertex 0.000000e+00 9.028991e+00 4.469846e+00
      endloop
   endfacet
   facet normal 0.000000e+00 2.588191e-01 -9.659258e-01
      outer loop
         vertex 0.000000e+00 9.028991e+00 4.469846e+00
         vertex 1.499999e+00 9.113177e+00 4.492404e+00
         vertex 1.499999e+00 9.028991e+00 4.469846e+00
      endloop
   endfacet
   facet normal 0.000000e+00 4.226171e-01 -9.063083e-01
      outer loop
         vertex 0.000000e+00 9.028991e+00 4.469846e+00
         vertex 1.499999e+00 9.028991e+00 4.469846e+00
         vertex 0.000000e+00 8.950001e+00 4.433013e+00
      endloop
   endfacet
   facet normal 0.000000e+00 4.226171e-01 -9.063083e-01
      outer loop
         vertex 0.000000e+00 8.950001e+00 4.433013e+00
         vertex 1.499999e+00 9.028991e+00 4.469846e+00
         vertex 1.499999e+00 8.950001e+00 4.433013e+00
      endloop
   endfacet
   facet normal 0.000000e+00 5.735740e-01 -8.191537e-01
      outer loop
         vertex 0.000000e+00 8.950001e+00 4.433013e+00
         vertex 1.499999e+00 8.950001e+00 4.433013e+00
         vertex 0.000000e+00 8.878606e+00 4.383022e+00
      endloop
   endfacet
   facet normal 0.000000e+00 5.735740e-01 -8.191537e-01
      outer loop
         vertex 0.000000e+00 8.878606e+00 4.383022e+00
         vertex 1.499999e+00 8.950001e+00 4.433013e+00
         vertex 1.499999e+00 8.878606e+00 4.383022e+00
      endloop
   endfacet
   facet normal 0.000000e+00 7.071068e-01 -7.071068e-01
      outer loop
         vertex 0.000000e+00 8.878606e+00 4.383022e+00
         vertex 1.499999e+00 8.878606e+00 4.383022e+00
         vertex 0.000000e+00 8.816978e+00 4.321394e+00
      endloop
   endfacet
   facet normal 0.000000e+00 7.071068e-01 -7.071068e-01
      outer loop
         vertex 0.000000e+00 8.816978e+00 4.321394e+00
         vertex 1.499999e+00 8.878606e+00 4.383022e+00
         vertex 1.499999e+00 8.816978e+00 4.321394e+00
      endloop
   endfacet
   facet normal 0.000000e+00 8.191513e-01 -5.735774e-01
      outer loop
         vertex 0.000000e+00 8.816978e+00 4.321394e+00
         vertex 1.499999e+00 8.816978e+00 4.321394e+00
         vertex 0.000000e+00 8.766987e+00 4.250000e+00
      endloop
   endfacet
   facet normal 0.000000e+00 8.191513e-01 -5.735774e-01
      outer loop
         vertex 0.000000e+00 8.766987e+00 4.250000e+00
         vertex 1.499999e+00 8.816978e+00 4.321394e+00
         vertex 1.499999e+00 8.766987e+00 4.250000e+00
      endloop
   endfacet
   facet normal 0.000000e+00 9.063112e-01 -4.226110e-01
      outer loop
         vertex 0.000000e+00 8.766987e+00 4.250000e+00
         vertex 1.499999e+00 8.766987e+00 4.250000e+00
         vertex 0.000000e+00 8.730154e+00 4.171010e+00
      endloop
   endfacet
   facet normal 0.000000e+00 9.063112e-01 -4.226110e-01
      outer loop
         vertex 0.000000e+00 8.730154e+00 4.171010e+00
         vertex 1.499999e+00 8.766987e+00 4.250000e+00
         vertex 1.499999e+00 8.730154e+00 4.171010e+00
      endloop
   endfacet
   facet normal 0.000000e+00 9.659258e-01 -2.588191e-01
      outer loop
         vertex 0.000000e+00 8.730154e+00 4.171010e+00
         vertex 1.499999e+00 8.730154e+00 4.171010e+00
         vertex 0.000000e+00 8.707597e+00 4.086824e+00
      endloop
   endfacet
   facet normal 0.000000e+00 9.659258e-01 -2.588191e-01
      outer loop
         vertex 0.000000e+00 8.707597e+00 4.086824e+00
         vertex 1.499999e+00 8.730154e+00 4.171010e+00
         vertex 1.499999e+00 8.707597e+00 4.086824e+00
      endloop
   endfacet
   facet normal 0.000000e+00 9.961940e-01 -8.716345e-02
      outer loop
         vertex 0.000000e+00 8.707597e+00 4.086824e+00
         vertex 1.499999e+00 8.707597e+00 4.086824e+00
         vertex 0.000000e+00 8.700000e+00 4.000000e+00
      endloop
   endfacet
   facet normal 0.000000e+00 9.961940e-01 -8.716345e-02
      outer loop
         vertex 0.000000e+00 8.700000e+00 4.000000e+00
         vertex 1.499999e+00 8.707597e+00 4.086824e+00
         vertex 1.499999e+00 8.700000e+00 4.000000e+00
      endloop
   endfacet
   facet normal 1.000000e+00 0.000000e+00 -0.000000e+00
      outer loop
         vertex 1.499999e+00 8.730154e+00 4.171010e+00
         vertex 1.499999e+00 8.766987e+00 4.250000e+00
         vertex 1.499999e+00 5.625000e+00 4.500000e+00
      endloop
   endfacet
   facet normal 1.000000e+00 0.000000e+00 0.000000e+00
      outer loop
         vertex 1.499999e+00 5.100001e+00 0.000000e+00
         vertex 1.499999e+00 8.700000e+00 0.000000e+00
         vertex 1.499999e+00 5.100001e+00 4.500000e+00
      endloop
   endfacet
   facet normal 1.000000e+00 0.000000e+00 0.000000e+00
      outer loop
         vertex 1.499999e+00 5.100001e+00 4.500000e+00
         vertex 1.499999e+00 8.700000e+00 0.000000e+00
         vertex 1.499999e+00 8.700000e+00 4.000000e+00
      endloop
   endfacet
   facet normal 1.000000e+00 -0.000000e+00 0.000000e+00
      outer loop
         vertex 1.499999e+00 5.100001e+00 4.500000e+00
         vertex 1.499999e+00 8.700000e+00 4.000000e+00
         vertex 1.499999e+00 5.625000e+00 4.500000e+00
      endloop
   endfacet
   facet normal 1.000000e+00 0.000000e+00 0.000000e+00
      outer loop
         vertex 1.499999e+00 5.625000e+00 4.500000e+00
         vertex 1.499999e+00 8.700000e+00 4.000000e+00
         vertex 1.499999e+00 8.707597e+00 4.086824e+00
      endloop
   endfacet
   facet normal 1.000000e+00 0.000000e+00 0.000000e+00
      outer loop
         vertex 1.499999e+00 5.625000e+00 4.500000e+00
         vertex 1.499999e+00 8.707597e+00 4.086824e+00
         vertex 1.499999e+00 8.730154e+00 4.171010e+00
      endloop
   endfacet
   facet normal 1.000000e+00 0.000000e+00 -0.000000e+00
      outer loop
         vertex 1.499999e+00 8.766987e+00 4.250000e+00
         vertex 1.499999e+00 8.816978e+00 4.321394e+00
         vertex 1.499999e+00 5.625000e+00 4.500000e+00
      endloop
   endfacet
   facet normal 1.000000e+00 0.000000e+00 0.000000e+00
      outer loop
         vertex 1.499999e+00 5.625000e+00 4.500000e+00
         vertex 1.499999e+00 8.816978e+00 4.321394e+00
         vertex 1.499999e+00 8.878606e+00 4.383022e+00
      endloop
   endfacet
   facet normal 1.000000e+00 0.000000e+00 0.000000e+00
      outer loop
         vertex 1.499999e+00 5.625000e+00 4.500000e+00
         vertex 1.499999e+00 8.878606e+00 4.383022e+00
         vertex 1.499999e+00 8.950001e+00 4.433013e+00
      endloop
   endfacet
   facet normal 1.000000e+00 0.000000e+00 -0.000000e+00
      outer loop
         vertex 1.499999e+00 8.950001e+00 4.433013e+00
         vertex 1.499999e+00 9.028991e+00 4.469846e+00
         vertex 1.499999e+00 5.625000e+00 4.500000e+00
      endloop
   endfacet
   facet normal 1.000000e+00 0.000000e+00 0.000000e+00
      outer loop
         vertex 1.499999e+00 5.625000e+00 4.500000e+00
         vertex 1.499999e+00 9.028991e+00 4.469846e+00
         vertex 1.499999e+00 9.113177e+00 4.492404e+00
      endloop
   endfacet
   facet normal 1.000000e+00 -0.000000e+00 0.000000e+00
      outer loop
         vertex 1.499999e+00 5.625000e+00 4.500000e+00
         vertex 1.499999e+00 9.113177e+00 4.492404e+00
         vertex 1.499999e+00 9.200000e+00 4.500000e+00
      endloop
   endfacet
   facet normal 0.000000e+00 -1.000000e+00 0.000000e+00
      outer loop
         vertex 1.250001e+00 5.100001e+00 0.000000e+00
         vertex 1.499999e+00 5.100001e+00 0.000000e+00
         vertex 1.499999e+00 5.100001e+00 4.500000e+00
      endloop
   endfacet
   facet normal 0.000000e+00 -1.000000e+00 0.000000e+00
      outer loop
         vertex 1.650000e+00 5.100001e+00 4.500000e+00
         vertex 1.650000e+00 5.100001e+00 5.500000e+00
         vertex 1.499999e+00 5.100001e+00 4.500000e+00
      endloop
   endfacet
   facet normal 0.000000e+00 -1.000000e+00 0.000000e+00
      outer loop
         vertex 1.499999e+00 5.100001e+00 4.500000e+00
         vertex 1.650000e+00 5.100001e+00 5.500000e+00
         vertex 1.250001e+00 5.100001e+00 5.500000e+00
      endloop
   endfacet
   facet normal -0.000000e+00 -1.000000e+00 0.000000e+00
      outer loop
         vertex 1.499999e+00 5.100001e+00 4.500000e+00
         vertex 1.250001e+00 5.100001e+00 5.500000e+00
         vertex 1.250001e+00 5.100001e+00 0.000000e+00
      endloop
   endfacet
   facet normal 1.000000e+00 0.000000e+00 0.000000e+00
      outer loop
         vertex 1.250001e+00 3.900001e+00 0.000000e+00
         vertex 1.250001e+00 5.100001e+00 0.000000e+00
         vertex 1.250001e+00 3.900001e+00 5.500000e+00
      endloop
   endfacet
   facet normal 1.000000e+00 -0.000000e+00 0.000000e+00
      outer loop
         vertex 1.250001e+00 3.900001e+00 5.500000e+00
         vertex 1.250001e+00 5.100001e+00 0.000000e+00
         vertex 1.250001e+00 5.100001e+00 5.500000e+00
      endloop
   endfacet
   facet normal 0.000000e+00 1.000000e+00 -0.000000e+00
      outer loop
         vertex 1.499999e+00 3.900001e+00 0.000000e+00
         vertex 1.250001e+00 3.900001e+00 0.000000e+00
         vertex 1.499999e+00 3.900001e+00 4.500000e+00
      endloop
   endfacet
   facet normal 0.000000e+00 1.000000e+00 0.000000e+00
      outer loop
         vertex 1.499999e+00 3.900001e+00 4.500000e+00
         vertex 1.250001e+00 3.900001e+00 0.000000e+00
         vertex 1.250001e+00 3.900001e+00 5.500000e+00
      endloop
   endfacet
   facet normal 0.000000e+00 1.000000e+00 -0.000000e+00
      outer loop
         vertex 1.499999e+00 3.900001e+00 4.500000e+00
         vertex 1.250001e+00 3.900001e+00 5.500000e+00
         vertex 1.650000e+00 3.900001e+00 4.500000e+00
      endloop
   endfacet
   facet normal 0.000000e+00 1.000000e+00 -0.000000e+00
      outer loop
         vertex 1.650000e+00 3.900001e+00 4.500000e+00
         vertex 1.250001e+00 3.900001e+00 5.500000e+00
         vertex 1.650000e+00 3.900001e+00 5.500000e+00
      endloop
   endfacet
   facet normal 1.000000e+00 0.000000e+00 0.000000e+00
      outer loop
         vertex 1.499999e+00 3.900001e+00 4.500000e+00
         vertex 1.499999e+00 2.499999e+00 4.500000e+00
         vertex 1.499999e+00 3.900001e+00 0.000000e+00
      endloop
   endfacet
   facet normal 1.000000e+00 0.000000e+00 0.000000e+00
      outer loop
         vertex 1.499999e+00 3.900001e+00 0.000000e+00
         vertex 1.499999e+00 2.499999e+00 4.500000e+00
         vertex 1.499999e+00 2.499999e+00 0.000000e+00
      endloop
   endfacet
   facet normal 8.715343e-02 9.961949e-01 0.000000e+00
      outer loop
         vertex 2.499999e+00 1.500001e+00 4.500000e+00
         vertex 2.499999e+00 1.500001e+00 0.000000e+00
         vertex 2.326353e+00 1.515193e+00 4.500000e+00
      endloop
   endfacet
   facet normal 8.715343e-02 9.961949e-01 0.000000e+00
      outer loop
         vertex 2.326353e+00 1.515193e+00 4.500000e+00
         vertex 2.499999e+00 1.500001e+00 0.000000e+00
         vertex 2.326353e+00 1.515193e+00 0.000000e+00
      endloop
   endfacet
   facet normal 2.588191e-01 9.659258e-01 0.000000e+00
      outer loop
         vertex 2.326353e+00 1.515193e+00 4.500000e+00
         vertex 2.326353e+00 1.515193e+00 0.000000e+00
         vertex 2.157981e+00 1.560308e+00 4.500000e+00
      endloop
   endfacet
   facet normal 2.588191e-01 9.659258e-01 0.000000e+00
      outer loop
         vertex 2.157981e+00 1.560308e+00 4.500000e+00
         vertex 2.326353e+00 1.515193e+00 0.000000e+00
         vertex 2.157981e+00 1.560308e+00 0.000000e+00
      endloop
   endfacet
   facet normal 4.226193e-01 9.063073e-01 0.000000e+00
      outer loop
         vertex 2.157981e+00 1.560308e+00 4.500000e+00
         vertex 2.157981e+00 1.560308e+00 0.000000e+00
         vertex 2.000000e+00 1.633976e+00 4.500000e+00
      endloop
   endfacet
   facet normal 4.226193e-01 9.063073e-01 0.000000e+00
      outer loop
         vertex 2.000000e+00 1.633976e+00 4.500000e+00
         vertex 2.157981e+00 1.560308e+00 0.000000e+00
         vertex 2.000000e+00 1.633976e+00 0.000000e+00
      endloop
   endfacet
   facet normal 5.735749e-01 8.191531e-01 0.000000e+00
      outer loop
         vertex 2.000000e+00 1.633976e+00 4.500000e+00
         vertex 2.000000e+00 1.633976e+00 0.000000e+00
         vertex 1.857212e+00 1.733957e+00 4.500000e+00
      endloop
   endfacet
   facet normal 5.735749e-01 8.191531e-01 0.000000e+00
      outer loop
         vertex 1.857212e+00 1.733957e+00 4.500000e+00
         vertex 2.000000e+00 1.633976e+00 0.000000e+00
         vertex 1.857212e+00 1.733957e+00 0.000000e+00
      endloop
   endfacet
   facet normal 7.071068e-01 7.071068e-01 0.000000e+00
      outer loop
         vertex 1.857212e+00 1.733957e+00 4.500000e+00
         vertex 1.857212e+00 1.733957e+00 0.000000e+00
         vertex 1.733955e+00 1.857214e+00 4.500000e+00
      endloop
   endfacet
   facet normal 7.071068e-01 7.071068e-01 0.000000e+00
      outer loop
         vertex 1.733955e+00 1.857214e+00 4.500000e+00
         vertex 1.857212e+00 1.733957e+00 0.000000e+00
         vertex 1.733955e+00 1.857214e+00 0.000000e+00
      endloop
   endfacet
   facet normal 8.191496e-01 5.735800e-01 0.000000e+00
      outer loop
         vertex 1.733955e+00 1.857214e+00 4.500000e+00
         vertex 1.733955e+00 1.857214e+00 0.000000e+00
         vertex 1.633974e+00 2.000000e+00 4.500000e+00
      endloop
   endfacet
   facet normal 8.191496e-01 5.735800e-01 0.000000e+00
      outer loop
         vertex 1.633974e+00 2.000000e+00 4.500000e+00
         vertex 1.733955e+00 1.857214e+00 0.000000e+00
         vertex 1.633974e+00 2.000000e+00 0.000000e+00
      endloop
   endfacet
   facet normal 9.063114e-01 4.226105e-01 0.000000e+00
      outer loop
         vertex 1.633974e+00 2.000000e+00 4.500000e+00
         vertex 1.633974e+00 2.000000e+00 0.000000e+00
         vertex 1.560308e+00 2.157981e+00 4.500000e+00
      endloop
   endfacet
   facet normal 9.063114e-01 4.226105e-01 0.000000e+00
      outer loop
         vertex 1.560308e+00 2.157981e+00 4.500000e+00
         vertex 1.633974e+00 2.000000e+00 0.000000e+00
         vertex 1.560308e+00 2.157981e+00 0.000000e+00
      endloop
   endfacet
   facet normal 9.659258e-01 2.588191e-01 0.000000e+00
      outer loop
         vertex 1.560308e+00 2.157981e+00 4.500000e+00
         vertex 1.560308e+00 2.157981e+00 0.000000e+00
         vertex 1.515193e+00 2.326353e+00 4.500000e+00
      endloop
   endfacet
   facet normal 9.659258e-01 2.588191e-01 0.000000e+00
      outer loop
         vertex 1.515193e+00 2.326353e+00 4.500000e+00
         vertex 1.560308e+00 2.157981e+00 0.000000e+00
         vertex 1.515193e+00 2.326353e+00 0.000000e+00
      endloop
   endfacet
   facet normal 9.961940e-01 8.716403e-02 0.000000e+00
      outer loop
         vertex 1.515193e+00 2.326353e+00 4.500000e+00
         vertex 1.515193e+00 2.326353e+00 0.000000e+00
         vertex 1.499999e+00 2.499999e+00 4.500000e+00
      endloop
   endfacet
   facet normal 9.961940e-01 8.716403e-02 0.000000e+00
      outer loop
         vertex 1.499999e+00 2.499999e+00 4.500000e+00
         vertex 1.515193e+00 2.326353e+00 0.000000e+00
         vertex 1.499999e+00 2.499999e+00 0.000000e+00
      endloop
   endfacet
   facet normal 0.000000e+00 1.000000e+00 0.000000e+00
      outer loop
         vertex 2.070000e+01 1.500001e+00 4.000000e+00
         vertex 2.070000e+01 1.500001e+00 0.000000e+00
         vertex 2.499999e+00 1.500001e+00 0.000000e+00
      endloop
   endfacet
   facet normal 0.000000e+00 1.000000e+00 0.000000e+00
      outer loop
         vertex 1.782500e+01 1.500001e+00 4.500000e+00
         vertex 2.095000e+01 1.500001e+00 4.433013e+00
         vertex 2.087861e+01 1.500001e+00 4.383022e+00
      endloop
   endfacet
   facet normal 0.000000e+00 1.000000e+00 0.000000e+00
      outer loop
         vertex 2.087861e+01 1.500001e+00 4.383022e+00
         vertex 2.081698e+01 1.500001e+00 4.321394e+00
         vertex 1.782500e+01 1.500001e+00 4.500000e+00
      endloop
   endfacet
   facet normal 0.000000e+00 1.000000e+00 0.000000e+00
      outer loop
         vertex 1.782500e+01 1.500001e+00 4.500000e+00
         vertex 2.081698e+01 1.500001e+00 4.321394e+00
         vertex 2.076699e+01 1.500001e+00 4.250000e+00
      endloop
   endfacet
   facet normal 0.000000e+00 1.000000e+00 0.000000e+00
      outer loop
         vertex 1.782500e+01 1.500001e+00 4.500000e+00
         vertex 2.076699e+01 1.500001e+00 4.250000e+00
         vertex 2.073015e+01 1.500001e+00 4.171010e+00
      endloop
   endfacet
   facet normal 0.000000e+00 1.000000e+00 0.000000e+00
      outer loop
         vertex 2.120000e+01 1.500001e+00 4.500000e+00
         vertex 2.111318e+01 1.500001e+00 4.492404e+00
         vertex 1.782500e+01 1.500001e+00 4.500000e+00
      endloop
   endfacet
   facet normal 0.000000e+00 1.000000e+00 0.000000e+00
      outer loop
         vertex 1.782500e+01 1.500001e+00 4.500000e+00
         vertex 2.111318e+01 1.500001e+00 4.492404e+00
         vertex 2.102899e+01 1.500001e+00 4.469846e+00
      endloop
   endfacet
   facet normal 0.000000e+00 1.000000e+00 0.000000e+00
      outer loop
         vertex 1.782500e+01 1.500001e+00 4.500000e+00
         vertex 2.102899e+01 1.500001e+00 4.469846e+00
         vertex 2.095000e+01 1.500001e+00 4.433013e+00
      endloop
   endfacet
   facet normal 0.000000e+00 1.000000e+00 0.000000e+00
      outer loop
         vertex 2.073015e+01 1.500001e+00 4.171010e+00
         vertex 2.070760e+01 1.500001e+00 4.086824e+00
         vertex 1.782500e+01 1.500001e+00 4.500000e+00
      endloop
   endfacet
   facet normal 0.000000e+00 1.000000e+00 0.000000e+00
      outer loop
         vertex 1.782500e+01 1.500001e+00 4.500000e+00
         vertex 2.070760e+01 1.500001e+00 4.086824e+00
         vertex 2.070000e+01 1.500001e+00 4.000000e+00
      endloop
   endfacet
   facet normal 0.000000e+00 1.000000e+00 0.000000e+00
      outer loop
         vertex 1.782500e+01 1.500001e+00 4.500000e+00
         vertex 2.070000e+01 1.500001e+00 4.000000e+00
         vertex 2.499999e+00 1.500001e+00 4.500000e+00
      endloop
   endfacet
   facet normal 0.000000e+00 1.000000e+00 0.000000e+00
      outer loop
         vertex 2.499999e+00 1.500001e+00 4.500000e+00
         vertex 2.070000e+01 1.500001e+00 4.000000e+00
         vertex 2.499999e+00 1.500001e+00 0.000000e+00
      endloop
   endfacet
   facet normal -0.000000e+00 -0.000000e+00 -1.000000e+00
      outer loop
         vertex 1.499999e+00 8.700000e+00 0.000000e+00
         vertex 1.499999e+00 5.100001e+00 0.000000e+00
         vertex 0.000000e+00 8.700000e+00 0.000000e+00
      endloop
   endfacet
   facet normal 0.000000e+00 0.000000e+00 -1.000000e+00
      outer loop
         vertex 0.000000e+00 8.700000e+00 0.000000e+00
         vertex 1.499999e+00 5.100001e+00 0.000000e+00
         vertex 1.250001e+00 5.100001e+00 0.000000e+00
      endloop
   endfacet
   facet normal 0.000000e+00 0.000000e+00 -1.000000e+00
      outer loop
         vertex 0.000000e+00 8.700000e+00 0.000000e+00
         vertex 1.250001e+00 5.100001e+00 0.000000e+00
         vertex 0.000000e+00 2.000000e+00 0.000000e+00
      endloop
   endfacet
   facet normal 0.000000e+00 0.000000e+00 -1.000000e+00
      outer loop
         vertex 0.000000e+00 2.000000e+00 0.000000e+00
         vertex 1.250001e+00 5.100001e+00 0.000000e+00
         vertex 1.250001e+00 3.900001e+00 0.000000e+00
      endloop
   endfacet
   facet normal 0.000000e+00 0.000000e+00 -1.000000e+00
      outer loop
         vertex 0.000000e+00 2.000000e+00 0.000000e+00
         vertex 1.250001e+00 3.900001e+00 0.000000e+00
         vertex 1.499999e+00 3.900001e+00 0.000000e+00
      endloop
   endfacet
   facet normal 0.000000e+00 -0.000000e+00 -1.000000e+00
      outer loop
         vertex 1.499999e+00 3.900001e+00 0.000000e+00
         vertex 1.499999e+00 2.499999e+00 0.000000e+00
         vertex 0.000000e+00 2.000000e+00 0.000000e+00
      endloop
   endfacet
   facet normal 0.000000e+00 0.000000e+00 -1.000000e+00
      outer loop
         vertex 0.000000e+00 2.000000e+00 0.000000e+00
         vertex 1.499999e+00 2.499999e+00 0.000000e+00
         vertex 1.515193e+00 2.326353e+00 0.000000e+00
      endloop
   endfacet
   facet normal 0.000000e+00 0.000000e+00 -1.000000e+00
      outer loop
         vertex 0.000000e+00 2.000000e+00 0.000000e+00
         vertex 1.515193e+00 2.326353e+00 0.000000e+00
         vertex 3.038347e-02 1.652705e+00 0.000000e+00
      endloop
   endfacet
   facet normal 0.000000e+00 0.000000e+00 -1.000000e+00
      outer loop
         vertex 3.038347e-02 1.652705e+00 0.000000e+00
         vertex 1.515193e+00 2.326353e+00 0.000000e+00
         vertex 1.560308e+00 2.157981e+00 0.000000e+00
      endloop
   endfacet
   facet normal 0.000000e+00 0.000000e+00 -1.000000e+00
      outer loop
         vertex 3.038347e-02 1.652705e+00 0.000000e+00
         vertex 1.560308e+00 2.157981e+00 0.000000e+00
         vertex 1.206137e-01 1.315961e+00 0.000000e+00
      endloop
   endfacet
   facet normal 0.000000e+00 0.000000e+00 -1.000000e+00
      outer loop
         vertex 1.206137e-01 1.315961e+00 0.000000e+00
         vertex 1.560308e+00 2.157981e+00 0.000000e+00
         vertex 1.633974e+00 2.000000e+00 0.000000e+00
      endloop
   endfacet
   facet normal 0.000000e+00 0.000000e+00 -1.000000e+00
      outer loop
         vertex 1.206137e-01 1.315961e+00 0.000000e+00
         vertex 1.633974e+00 2.000000e+00 0.000000e+00
         vertex 2.679490e-01 1.000000e+00 0.000000e+00
      endloop
   endfacet
   facet normal 0.000000e+00 0.000000e+00 -1.000000e+00
      outer loop
         vertex 2.679490e-01 1.000000e+00 0.000000e+00
         vertex 1.633974e+00 2.000000e+00 0.000000e+00
         vertex 1.733955e+00 1.857214e+00 0.000000e+00
      endloop
   endfacet
   facet normal -0.000000e+00 0.000000e+00 -1.000000e+00
      outer loop
         vertex 2.000000e+00 1.633976e+00 0.000000e+00
         vertex 1.000000e+00 2.679490e-01 0.000000e+00
         vertex 1.857212e+00 1.733957e+00 0.000000e+00
      endloop
   endfacet
   facet normal 0.000000e+00 0.000000e+00 -1.000000e+00
      outer loop
         vertex 1.857212e+00 1.733957e+00 0.000000e+00
         vertex 1.000000e+00 2.679490e-01 0.000000e+00
         vertex 7.144250e-01 4.679114e-01 0.000000e+00
      endloop
   endfacet
   facet normal -0.000000e+00 0.000000e+00 -1.000000e+00
      outer loop
         vertex 1.857212e+00 1.733957e+00 0.000000e+00
         vertex 7.144250e-01 4.679114e-01 0.000000e+00
         vertex 1.733955e+00 1.857214e+00 0.000000e+00
      endloop
   endfacet
   facet normal 0.000000e+00 0.000000e+00 -1.000000e+00
      outer loop
         vertex 1.733955e+00 1.857214e+00 0.000000e+00
         vertex 7.144250e-01 4.679114e-01 0.000000e+00
         vertex 4.679114e-01 7.144250e-01 0.000000e+00
      endloop
   endfacet
   facet normal 0.000000e+00 0.000000e+00 -1.000000e+00
      outer loop
         vertex 1.733955e+00 1.857214e+00 0.000000e+00
         vertex 4.679114e-01 7.144250e-01 0.000000e+00
         vertex 2.679490e-01 1.000000e+00 0.000000e+00
      endloop
   endfacet
   facet normal -0.000000e+00 -0.000000e+00 -1.000000e+00
      outer loop
         vertex 2.070000e+01 1.500001e+00 0.000000e+00
         vertex 2.070000e+01 0.000000e+00 0.000000e+00
         vertex 2.499999e+00 1.500001e+00 0.000000e+00
      endloop
   endfacet
   facet normal 0.000000e+00 -0.000000e+00 -1.000000e+00
      outer loop
         vertex 2.499999e+00 1.500001e+00 0.000000e+00
         vertex 2.070000e+01 0.000000e+00 0.000000e+00
         vertex 2.000000e+00 0.000000e+00 0.000000e+00
      endloop
   endfacet
   facet normal -0.000000e+00 0.000000e+00 -1.000000e+00
      outer loop
         vertex 2.499999e+00 1.500001e+00 0.000000e+00
         vertex 2.000000e+00 0.000000e+00 0.000000e+00
         vertex 2.326353e+00 1.515193e+00 0.000000e+00
      endloop
   endfacet
   facet normal -0.000000e+00 0.000000e+00 -1.000000e+00
      outer loop
         vertex 2.326353e+00 1.515193e+00 0.000000e+00
         vertex 2.000000e+00 0.000000e+00 0.000000e+00
         vertex 2.157981e+00 1.560308e+00 0.000000e+00
      endloop
   endfacet
   facet normal 0.000000e+00 0.000000e+00 -1.000000e+00
      outer loop
         vertex 2.157981e+00 1.560308e+00 0.000000e+00
         vertex 2.000000e+00 0.000000e+00 0.000000e+00
         vertex 1.652703e+00 3.038533e-02 0.000000e+00
      endloop
   endfacet
   facet normal -0.000000e+00 0.000000e+00 -1.000000e+00
      outer loop
         vertex 2.157981e+00 1.560308e+00 0.000000e+00
         vertex 1.652703e+00 3.038533e-02 0.000000e+00
         vertex 2.000000e+00 1.633976e+00 0.000000e+00
      endloop
   endfacet
   facet normal 0.000000e+00 0.000000e+00 -1.000000e+00
      outer loop
         vertex 2.000000e+00 1.633976e+00 0.000000e+00
         vertex 1.652703e+00 3.038533e-02 0.000000e+00
         vertex 1.315959e+00 1.206156e-01 0.000000e+00
      endloop
   endfacet
   facet normal 0.000000e+00 0.000000e+00 -1.000000e+00
      outer loop
         vertex 2.000000e+00 1.633976e+00 0.000000e+00
         vertex 1.315959e+00 1.206156e-01 0.000000e+00
         vertex 1.000000e+00 2.679490e-01 0.000000e+00
      endloop
   endfacet
   facet normal -8.715780e-02 -9.961945e-01 0.000000e+00
      outer loop
         vertex 2.000000e+00 0.000000e+00 0.000000e+00
         vertex 2.000000e+00 0.000000e+00 5.500000e+00
         vertex 1.652703e+00 3.038533e-02 5.500000e+00
      endloop
   endfacet
   facet normal -8.715780e-02 -9.961945e-01 0.000000e+00
      outer loop
         vertex 2.000000e+00 0.000000e+00 0.000000e+00
         vertex 1.652703e+00 3.038533e-02 5.500000e+00
         vertex 1.652703e+00 3.038533e-02 0.000000e+00
      endloop
   endfacet
   facet normal -2.588191e-01 -9.659258e-01 0.000000e+00
      outer loop
         vertex 1.652703e+00 3.038533e-02 0.000000e+00
         vertex 1.652703e+00 3.038533e-02 5.500000e+00
         vertex 1.315959e+00 1.206156e-01 5.500000e+00
      endloop
   endfacet
   facet normal -2.588191e-01 -9.659258e-01 0.000000e+00
      outer loop
         vertex 1.652703e+00 3.038533e-02 0.000000e+00
         vertex 1.315959e+00 1.206156e-01 5.500000e+00
         vertex 1.315959e+00 1.206156e-01 0.000000e+00
      endloop
   endfacet
   facet normal -4.226169e-01 -9.063084e-01 0.000000e+00
      outer loop
         vertex 1.315959e+00 1.206156e-01 0.000000e+00
         vertex 1.315959e+00 1.206156e-01 5.500000e+00
         vertex 1.000000e+00 2.679490e-01 5.500000e+00
      endloop
   endfacet
   facet normal -4.226169e-01 -9.063084e-01 0.000000e+00
      outer loop
         vertex 1.315959e+00 1.206156e-01 0.000000e+00
         vertex 1.000000e+00 2.679490e-01 5.500000e+00
         vertex 1.000000e+00 2.679490e-01 0.000000e+00
      endloop
   endfacet
   facet normal -5.735774e-01 -8.191513e-01 0.000000e+00
      outer loop
         vertex 1.000000e+00 2.679490e-01 0.000000e+00
         vertex 1.000000e+00 2.679490e-01 5.500000e+00
         vertex 7.144250e-01 4.679114e-01 5.500000e+00
      endloop
   endfacet
   facet normal -5.735774e-01 -8.191513e-01 0.000000e+00
      outer loop
         vertex 1.000000e+00 2.679490e-01 0.000000e+00
         vertex 7.144250e-01 4.679114e-01 5.500000e+00
         vertex 7.144250e-01 4.679114e-01 0.000000e+00
      endloop
   endfacet
   facet normal -7.071068e-01 -7.071068e-01 0.000000e+00
      outer loop
         vertex 7.144250e-01 4.679114e-01 0.000000e+00
         vertex 7.144250e-01 4.679114e-01 5.500000e+00
         vertex 4.679114e-01 7.144250e-01 5.500000e+00
      endloop
   endfacet
   facet normal -7.071068e-01 -7.071068e-01 0.000000e+00
      outer loop
         vertex 7.144250e-01 4.679114e-01 0.000000e+00
         vertex 4.679114e-01 7.144250e-01 5.500000e+00
         vertex 4.679114e-01 7.144250e-01 0.000000e+00
      endloop
   endfacet
   facet normal -8.191513e-01 -5.735774e-01 0.000000e+00
      outer loop
         vertex 4.679114e-01 7.144250e-01 0.000000e+00
         vertex 4.679114e-01 7.144250e-01 5.500000e+00
         vertex 2.679490e-01 1.000000e+00 5.500000e+00
      endloop
   endfacet
   facet normal -8.191513e-01 -5.735774e-01 0.000000e+00
      outer loop
         vertex 4.679114e-01 7.144250e-01 0.000000e+00
         vertex 2.679490e-01 1.000000e+00 5.500000e+00
         vertex 2.679490e-01 1.000000e+00 0.000000e+00
      endloop
   endfacet
   facet normal -9.063073e-01 -4.226193e-01 0.000000e+00
      outer loop
         vertex 2.679490e-01 1.000000e+00 0.000000e+00
         vertex 2.679490e-01 1.000000e+00 5.500000e+00
         vertex 1.206137e-01 1.315961e+00 5.500000e+00
      endloop
   endfacet
   facet normal -9.063073e-01 -4.226193e-01 0.000000e+00
      outer loop
         vertex 2.679490e-01 1.000000e+00 0.000000e+00
         vertex 1.206137e-01 1.315961e+00 5.500000e+00
         vertex 1.206137e-01 1.315961e+00 0.000000e+00
      endloop
   endfacet
   facet normal -9.659258e-01 -2.588191e-01 0.000000e+00
      outer loop
         vertex 1.206137e-01 1.315961e+00 0.000000e+00
         vertex 1.206137e-01 1.315961e+00 5.500000e+00
         vertex 3.038347e-02 1.652705e+00 5.500000e+00
      endloop
   endfacet
   facet normal -9.659258e-01 -2.588191e-01 0.000000e+00
      outer loop
         vertex 1.206137e-01 1.315961e+00 0.000000e+00
         vertex 3.038347e-02 1.652705e+00 5.500000e+00
         vertex 3.038347e-02 1.652705e+00 0.000000e+00
      endloop
   endfacet
   facet normal -9.961949e-01 -8.715297e-02 0.000000e+00
      outer loop
         vertex 3.038347e-02 1.652705e+00 0.000000e+00
         vertex 3.038347e-02 1.652705e+00 5.500000e+00
         vertex 0.000000e+00 2.000000e+00 5.500000e+00
      endloop
   endfacet
   facet normal -9.961949e-01 -8.715297e-02 0.000000e+00
      outer loop
         vertex 3.038347e-02 1.652705e+00 0.000000e+00
         vertex 0.000000e+00 2.000000e+00 5.500000e+00
         vertex 0.000000e+00 2.000000e+00 0.000000e+00
      endloop
   endfacet
   facet normal 0.000000e+00 -1.000000e+00 0.000000e+00
      outer loop
         vertex 2.908302e+01 0.000000e+00 4.321394e+00
         vertex 2.913301e+01 0.000000e+00 4.250000e+00
         vertex 5.200000e+01 0.000000e+00 5.500000e+00
      endloop
   endfacet
   facet normal 0.000000e+00 -1.000000e+00 0.000000e+00
      outer loop
         vertex 2.000000e+00 0.000000e+00 5.500000e+00
         vertex 2.000000e+00 0.000000e+00 0.000000e+00
         vertex 2.070000e+01 0.000000e+00 0.000000e+00
      endloop
   endfacet
   facet normal 0.000000e+00 -1.000000e+00 0.000000e+00
      outer loop
         vertex 2.920000e+01 0.000000e+00 4.000000e+00
         vertex 2.920000e+01 0.000000e+00 0.000000e+00
         vertex 3.520000e+01 0.000000e+00 0.000000e+00
      endloop
   endfacet
   facet normal 0.000000e+00 -1.000000e+00 0.000000e+00
      outer loop
         vertex 2.919240e+01 0.000000e+00 4.086824e+00
         vertex 3.526699e+01 0.000000e+00 4.250000e+00
         vertex 3.531698e+01 0.000000e+00 4.321394e+00
      endloop
   endfacet
   facet normal 0.000000e+00 -1.000000e+00 0.000000e+00
      outer loop
         vertex 2.070000e+01 0.000000e+00 0.000000e+00
         vertex 2.070000e+01 0.000000e+00 4.000000e+00
         vertex 2.000000e+00 0.000000e+00 5.500000e+00
      endloop
   endfacet
   facet normal 0.000000e+00 -1.000000e+00 0.000000e+00
      outer loop
         vertex 2.000000e+00 0.000000e+00 5.500000e+00
         vertex 2.070000e+01 0.000000e+00 4.000000e+00
         vertex 2.070760e+01 0.000000e+00 4.086824e+00
      endloop
   endfacet
   facet normal 0.000000e+00 -1.000000e+00 0.000000e+00
      outer loop
         vertex 2.000000e+00 0.000000e+00 5.500000e+00
         vertex 2.070760e+01 0.000000e+00 4.086824e+00
         vertex 1.737500e+01 0.000000e+00 5.500000e+00
      endloop
   endfacet
   facet normal 0.000000e+00 -1.000000e+00 0.000000e+00
      outer loop
         vertex 1.737500e+01 0.000000e+00 5.500000e+00
         vertex 2.070760e+01 0.000000e+00 4.086824e+00
         vertex 2.073015e+01 0.000000e+00 4.171010e+00
      endloop
   endfacet
   facet normal 0.000000e+00 -1.000000e+00 0.000000e+00
      outer loop
         vertex 1.737500e+01 0.000000e+00 5.500000e+00
         vertex 2.073015e+01 0.000000e+00 4.171010e+00
         vertex 1.782500e+01 0.000000e+00 5.500000e+00
      endloop
   endfacet
   facet normal 0.000000e+00 -1.000000e+00 0.000000e+00
      outer loop
         vertex 1.782500e+01 0.000000e+00 5.500000e+00
         vertex 2.073015e+01 0.000000e+00 4.171010e+00
         vertex 2.076699e+01 0.000000e+00 4.250000e+00
      endloop
   endfacet
   facet normal 0.000000e+00 -1.000000e+00 0.000000e+00
      outer loop
         vertex 1.782500e+01 0.000000e+00 5.500000e+00
         vertex 2.076699e+01 0.000000e+00 4.250000e+00
         vertex 2.081698e+01 0.000000e+00 4.321394e+00
      endloop
   endfacet
   facet normal 0.000000e+00 -1.000000e+00 0.000000e+00
      outer loop
         vertex 2.081698e+01 0.000000e+00 4.321394e+00
         vertex 2.087861e+01 0.000000e+00 4.383022e+00
         vertex 1.782500e+01 0.000000e+00 5.500000e+00
      endloop
   endfacet
   facet normal 0.000000e+00 -1.000000e+00 0.000000e+00
      outer loop
         vertex 1.782500e+01 0.000000e+00 5.500000e+00
         vertex 2.087861e+01 0.000000e+00 4.383022e+00
         vertex 2.095000e+01 0.000000e+00 4.433013e+00
      endloop
   endfacet
   facet normal 0.000000e+00 -1.000000e+00 0.000000e+00
      outer loop
         vertex 1.782500e+01 0.000000e+00 5.500000e+00
         vertex 2.095000e+01 0.000000e+00 4.433013e+00
         vertex 2.142500e+01 0.000000e+00 5.500000e+00
      endloop
   endfacet
   facet normal 0.000000e+00 -1.000000e+00 0.000000e+00
      outer loop
         vertex 2.142500e+01 0.000000e+00 5.500000e+00
         vertex 2.095000e+01 0.000000e+00 4.433013e+00
         vertex 2.102899e+01 0.000000e+00 4.469846e+00
      endloop
   endfacet
   facet normal 0.000000e+00 -1.000000e+00 0.000000e+00
      outer loop
         vertex 2.142500e+01 0.000000e+00 5.500000e+00
         vertex 2.102899e+01 0.000000e+00 4.469846e+00
         vertex 2.111318e+01 0.000000e+00 4.492404e+00
      endloop
   endfacet
   facet normal 0.000000e+00 -1.000000e+00 0.000000e+00
      outer loop
         vertex 2.485000e+01 0.000000e+00 5.500000e+00
         vertex 2.878682e+01 0.000000e+00 4.492404e+00
         vertex 5.200000e+01 0.000000e+00 5.500000e+00
      endloop
   endfacet
   facet normal 0.000000e+00 -1.000000e+00 0.000000e+00
      outer loop
         vertex 5.200000e+01 0.000000e+00 5.500000e+00
         vertex 2.878682e+01 0.000000e+00 4.492404e+00
         vertex 2.887101e+01 0.000000e+00 4.469846e+00
      endloop
   endfacet
   facet normal 0.000000e+00 -1.000000e+00 0.000000e+00
      outer loop
         vertex 5.308302e+01 0.000000e+00 4.321394e+00
         vertex 5.725000e+01 0.000000e+00 5.500000e+00
         vertex 5.302139e+01 0.000000e+00 4.383022e+00
      endloop
   endfacet
   facet normal 0.000000e+00 -1.000000e+00 0.000000e+00
      outer loop
         vertex 5.302139e+01 0.000000e+00 4.383022e+00
         vertex 5.725000e+01 0.000000e+00 5.500000e+00
         vertex 5.295000e+01 0.000000e+00 4.433013e+00
      endloop
   endfacet
   facet normal 0.000000e+00 -1.000000e+00 0.000000e+00
      outer loop
         vertex 5.308302e+01 0.000000e+00 4.321394e+00
         vertex 5.313301e+01 0.000000e+00 4.250000e+00
         vertex 5.725000e+01 0.000000e+00 5.500000e+00
      endloop
   endfacet
   facet normal 0.000000e+00 -1.000000e+00 0.000000e+00
      outer loop
         vertex 5.725000e+01 0.000000e+00 5.500000e+00
         vertex 5.313301e+01 0.000000e+00 4.250000e+00
         vertex 5.316985e+01 0.000000e+00 4.171010e+00
      endloop
   endfacet
   facet normal 0.000000e+00 -1.000000e+00 -0.000000e+00
      outer loop
         vertex 5.725000e+01 0.000000e+00 5.500000e+00
         vertex 5.316985e+01 0.000000e+00 4.171010e+00
         vertex 5.740000e+01 0.000000e+00 5.500000e+00
      endloop
   endfacet
   facet normal 0.000000e+00 -1.000000e+00 0.000000e+00
      outer loop
         vertex 3.520000e+01 0.000000e+00 0.000000e+00
         vertex 3.520000e+01 0.000000e+00 4.000000e+00
         vertex 2.920000e+01 0.000000e+00 4.000000e+00
      endloop
   endfacet
   facet normal 0.000000e+00 -1.000000e+00 0.000000e+00
      outer loop
         vertex 2.920000e+01 0.000000e+00 4.000000e+00
         vertex 3.520000e+01 0.000000e+00 4.000000e+00
         vertex 3.520760e+01 0.000000e+00 4.086824e+00
      endloop
   endfacet
   facet normal 0.000000e+00 -1.000000e+00 0.000000e+00
      outer loop
         vertex 2.920000e+01 0.000000e+00 4.000000e+00
         vertex 3.520760e+01 0.000000e+00 4.086824e+00
         vertex 2.919240e+01 0.000000e+00 4.086824e+00
      endloop
   endfacet
   facet normal 0.000000e+00 -1.000000e+00 0.000000e+00
      outer loop
         vertex 2.919240e+01 0.000000e+00 4.086824e+00
         vertex 3.520760e+01 0.000000e+00 4.086824e+00
         vertex 3.523015e+01 0.000000e+00 4.171010e+00
      endloop
   endfacet
   facet normal 0.000000e+00 -1.000000e+00 0.000000e+00
      outer loop
         vertex 2.919240e+01 0.000000e+00 4.086824e+00
         vertex 3.523015e+01 0.000000e+00 4.171010e+00
         vertex 3.526699e+01 0.000000e+00 4.250000e+00
      endloop
   endfacet
   facet normal -0.000000e+00 -1.000000e+00 0.000000e+00
      outer loop
         vertex 3.531698e+01 0.000000e+00 4.321394e+00
         vertex 3.537861e+01 0.000000e+00 4.383022e+00
         vertex 2.919240e+01 0.000000e+00 4.086824e+00
      endloop
   endfacet
   facet normal 0.000000e+00 -1.000000e+00 0.000000e+00
      outer loop
         vertex 2.919240e+01 0.000000e+00 4.086824e+00
         vertex 3.537861e+01 0.000000e+00 4.383022e+00
         vertex 3.545000e+01 0.000000e+00 4.433013e+00
      endloop
   endfacet
   facet normal 0.000000e+00 -1.000000e+00 0.000000e+00
      outer loop
         vertex 2.919240e+01 0.000000e+00 4.086824e+00
         vertex 3.545000e+01 0.000000e+00 4.433013e+00
         vertex 3.552899e+01 0.000000e+00 4.469846e+00
      endloop
   endfacet
   facet normal 0.000000e+00 -1.000000e+00 0.000000e+00
      outer loop
         vertex 2.887101e+01 0.000000e+00 4.469846e+00
         vertex 2.895000e+01 0.000000e+00 4.433013e+00
         vertex 5.200000e+01 0.000000e+00 5.500000e+00
      endloop
   endfacet
   facet normal 0.000000e+00 -1.000000e+00 0.000000e+00
      outer loop
         vertex 5.200000e+01 0.000000e+00 5.500000e+00
         vertex 2.895000e+01 0.000000e+00 4.433013e+00
         vertex 2.902139e+01 0.000000e+00 4.383022e+00
      endloop
   endfacet
   facet normal 0.000000e+00 -1.000000e+00 0.000000e+00
      outer loop
         vertex 5.200000e+01 0.000000e+00 5.500000e+00
         vertex 2.902139e+01 0.000000e+00 4.383022e+00
         vertex 2.908302e+01 0.000000e+00 4.321394e+00
      endloop
   endfacet
   facet normal 0.000000e+00 -1.000000e+00 0.000000e+00
      outer loop
         vertex 5.270000e+01 0.000000e+00 4.500000e+00
         vertex 5.278682e+01 0.000000e+00 4.492404e+00
         vertex 5.200000e+01 0.000000e+00 5.500000e+00
      endloop
   endfacet
   facet normal 0.000000e+00 -1.000000e+00 0.000000e+00
      outer loop
         vertex 5.200000e+01 0.000000e+00 5.500000e+00
         vertex 5.278682e+01 0.000000e+00 4.492404e+00
         vertex 5.725000e+01 0.000000e+00 5.500000e+00
      endloop
   endfacet
   facet normal 0.000000e+00 -1.000000e+00 0.000000e+00
      outer loop
         vertex 5.725000e+01 0.000000e+00 5.500000e+00
         vertex 5.278682e+01 0.000000e+00 4.492404e+00
         vertex 5.287101e+01 0.000000e+00 4.469846e+00
      endloop
   endfacet
   facet normal 0.000000e+00 -1.000000e+00 0.000000e+00
      outer loop
         vertex 5.725000e+01 0.000000e+00 5.500000e+00
         vertex 5.287101e+01 0.000000e+00 4.469846e+00
         vertex 5.295000e+01 0.000000e+00 4.433013e+00
      endloop
   endfacet
   facet normal 0.000000e+00 -1.000000e+00 0.000000e+00
      outer loop
         vertex 5.320000e+01 0.000000e+00 0.000000e+00
         vertex 5.740000e+01 0.000000e+00 0.000000e+00
         vertex 5.320000e+01 0.000000e+00 4.000000e+00
      endloop
   endfacet
   facet normal 0.000000e+00 -1.000000e+00 0.000000e+00
      outer loop
         vertex 5.320000e+01 0.000000e+00 4.000000e+00
         vertex 5.740000e+01 0.000000e+00 0.000000e+00
         vertex 5.740000e+01 0.000000e+00 5.500000e+00
      endloop
   endfacet
   facet normal 0.000000e+00 -1.000000e+00 0.000000e+00
      outer loop
         vertex 5.320000e+01 0.000000e+00 4.000000e+00
         vertex 5.740000e+01 0.000000e+00 5.500000e+00
         vertex 5.319240e+01 0.000000e+00 4.086824e+00
      endloop
   endfacet
   facet normal 0.000000e+00 -1.000000e+00 0.000000e+00
      outer loop
         vertex 5.319240e+01 0.000000e+00 4.086824e+00
         vertex 5.740000e+01 0.000000e+00 5.500000e+00
         vertex 5.316985e+01 0.000000e+00 4.171010e+00
      endloop
   endfacet
   facet normal 0.000000e+00 -1.000000e+00 0.000000e+00
      outer loop
         vertex 2.111318e+01 0.000000e+00 4.492404e+00
         vertex 2.120000e+01 0.000000e+00 4.500000e+00
         vertex 2.142500e+01 0.000000e+00 5.500000e+00
      endloop
   endfacet
   facet normal 0.000000e+00 -1.000000e+00 -0.000000e+00
      outer loop
         vertex 2.142500e+01 0.000000e+00 5.500000e+00
         vertex 2.120000e+01 0.000000e+00 4.500000e+00
         vertex 2.142500e+01 0.000000e+00 4.500000e+00
      endloop
   endfacet
   facet normal 0.000000e+00 -1.000000e+00 0.000000e+00
      outer loop
         vertex 2.142500e+01 0.000000e+00 5.500000e+00
         vertex 2.142500e+01 0.000000e+00 4.500000e+00
         vertex 2.485000e+01 0.000000e+00 5.500000e+00
      endloop
   endfacet
   facet normal 0.000000e+00 -1.000000e+00 -0.000000e+00
      outer loop
         vertex 2.485000e+01 0.000000e+00 5.500000e+00
         vertex 2.142500e+01 0.000000e+00 4.500000e+00
         vertex 2.870000e+01 0.000000e+00 4.500000e+00
      endloop
   endfacet
   facet normal 0.000000e+00 -1.000000e+00 0.000000e+00
      outer loop
         vertex 2.485000e+01 0.000000e+00 5.500000e+00
         vertex 2.870000e+01 0.000000e+00 4.500000e+00
         vertex 2.878682e+01 0.000000e+00 4.492404e+00
      endloop
   endfacet
   facet normal -0.000000e+00 -1.000000e+00 0.000000e+00
      outer loop
         vertex 3.552899e+01 0.000000e+00 4.469846e+00
         vertex 3.561318e+01 0.000000e+00 4.492404e+00
         vertex 2.919240e+01 0.000000e+00 4.086824e+00
      endloop
   endfacet
   facet normal 0.000000e+00 -1.000000e+00 0.000000e+00
      outer loop
         vertex 2.919240e+01 0.000000e+00 4.086824e+00
         vertex 3.561318e+01 0.000000e+00 4.492404e+00
         vertex 3.570000e+01 0.000000e+00 4.500000e+00
      endloop
   endfacet
   facet normal 0.000000e+00 -1.000000e+00 0.000000e+00
      outer loop
         vertex 2.919240e+01 0.000000e+00 4.086824e+00
         vertex 3.570000e+01 0.000000e+00 4.500000e+00
         vertex 2.916985e+01 0.000000e+00 4.171010e+00
      endloop
   endfacet
   facet normal 0.000000e+00 -1.000000e+00 0.000000e+00
      outer loop
         vertex 2.916985e+01 0.000000e+00 4.171010e+00
         vertex 3.570000e+01 0.000000e+00 4.500000e+00
         vertex 2.913301e+01 0.000000e+00 4.250000e+00
      endloop
   endfacet
   facet normal 0.000000e+00 -1.000000e+00 0.000000e+00
      outer loop
         vertex 2.913301e+01 0.000000e+00 4.250000e+00
         vertex 3.570000e+01 0.000000e+00 4.500000e+00
         vertex 5.200000e+01 0.000000e+00 5.500000e+00
      endloop
   endfacet
   facet normal 0.000000e+00 -1.000000e+00 0.000000e+00
      outer loop
         vertex 5.200000e+01 0.000000e+00 5.500000e+00
         vertex 3.570000e+01 0.000000e+00 4.500000e+00
         vertex 3.867500e+01 0.000000e+00 4.500000e+00
      endloop
   endfacet
   facet normal 0.000000e+00 -1.000000e+00 -0.000000e+00
      outer loop
         vertex 5.200000e+01 0.000000e+00 5.500000e+00
         vertex 3.867500e+01 0.000000e+00 4.500000e+00
         vertex 5.270000e+01 0.000000e+00 4.500000e+00
      endloop
   endfacet
   facet normal -8.715608e-02 0.000000e+00 -9.961947e-01
      outer loop
         vertex 5.270000e+01 1.225000e+00 4.500000e+00
         vertex 5.270000e+01 1.500001e+00 4.500000e+00
         vertex 5.278682e+01 1.500001e+00 4.492404e+00
      endloop
   endfacet
   facet normal -8.715608e-02 0.000000e+00 -9.961947e-01
      outer loop
         vertex 5.270000e+01 0.000000e+00 4.500000e+00
         vertex 5.270000e+01 1.225000e+00 4.500000e+00
         vertex 5.278682e+01 0.000000e+00 4.492404e+00
      endloop
   endfacet
   facet normal -8.715608e-02 0.000000e+00 -9.961947e-01
      outer loop
         vertex 5.278682e+01 0.000000e+00 4.492404e+00
         vertex 5.270000e+01 1.225000e+00 4.500000e+00
         vertex 5.278682e+01 1.500001e+00 4.492404e+00
      endloop
   endfacet
   facet normal -2.588191e-01 0.000000e+00 -9.659258e-01
      outer loop
         vertex 5.278682e+01 0.000000e+00 4.492404e+00
         vertex 5.278682e+01 1.500001e+00 4.492404e+00
         vertex 5.287101e+01 0.000000e+00 4.469846e+00
      endloop
   endfacet
   facet normal -2.588191e-01 0.000000e+00 -9.659258e-01
      outer loop
         vertex 5.287101e+01 0.000000e+00 4.469846e+00
         vertex 5.278682e+01 1.500001e+00 4.492404e+00
         vertex 5.287101e+01 1.500001e+00 4.469846e+00
      endloop
   endfacet
   facet normal -4.226130e-01 0.000000e+00 -9.063102e-01
      outer loop
         vertex 5.287101e+01 0.000000e+00 4.469846e+00
         vertex 5.287101e+01 1.500001e+00 4.469846e+00
         vertex 5.295000e+01 0.000000e+00 4.433013e+00
      endloop
   endfacet
   facet normal -4.226130e-01 0.000000e+00 -9.063102e-01
      outer loop
         vertex 5.295000e+01 0.000000e+00 4.433013e+00
         vertex 5.287101e+01 1.500001e+00 4.469846e+00
         vertex 5.295000e+01 1.500001e+00 4.433013e+00
      endloop
   endfacet
   facet normal -5.735791e-01 0.000000e+00 -8.191502e-01
      outer loop
         vertex 5.295000e+01 0.000000e+00 4.433013e+00
         vertex 5.295000e+01 1.500001e+00 4.433013e+00
         vertex 5.302139e+01 0.000000e+00 4.383022e+00
      endloop
   endfacet
   facet normal -5.735791e-01 0.000000e+00 -8.191502e-01
      outer loop
         vertex 5.302139e+01 0.000000e+00 4.383022e+00
         vertex 5.295000e+01 1.500001e+00 4.433013e+00
         vertex 5.302139e+01 1.500001e+00 4.383022e+00
      endloop
   endfacet
   facet normal -7.071121e-01 0.000000e+00 -7.071014e-01
      outer loop
         vertex 5.302139e+01 0.000000e+00 4.383022e+00
         vertex 5.302139e+01 1.500001e+00 4.383022e+00
         vertex 5.308302e+01 0.000000e+00 4.321394e+00
      endloop
   endfacet
   facet normal -7.071121e-01 0.000000e+00 -7.071014e-01
      outer loop
         vertex 5.308302e+01 0.000000e+00 4.321394e+00
         vertex 5.302139e+01 1.500001e+00 4.383022e+00
         vertex 5.308302e+01 1.500001e+00 4.321394e+00
      endloop
   endfacet
   facet normal -8.191463e-01 0.000000e+00 -5.735846e-01
      outer loop
         vertex 5.308302e+01 0.000000e+00 4.321394e+00
         vertex 5.308302e+01 1.500001e+00 4.321394e+00
         vertex 5.313301e+01 0.000000e+00 4.250000e+00
      endloop
   endfacet
   facet normal -8.191463e-01 0.000000e+00 -5.735846e-01
      outer loop
         vertex 5.313301e+01 0.000000e+00 4.250000e+00
         vertex 5.308302e+01 1.500001e+00 4.321394e+00
         vertex 5.313301e+01 1.500001e+00 4.250000e+00
      endloop
   endfacet
   facet normal -9.063071e-01 0.000000e+00 -4.226198e-01
      outer loop
         vertex 5.313301e+01 0.000000e+00 4.250000e+00
         vertex 5.313301e+01 1.500001e+00 4.250000e+00
         vertex 5.316985e+01 0.000000e+00 4.171010e+00
      endloop
   endfacet
   facet normal -9.063071e-01 0.000000e+00 -4.226198e-01
      outer loop
         vertex 5.316985e+01 0.000000e+00 4.171010e+00
         vertex 5.313301e+01 1.500001e+00 4.250000e+00
         vertex 5.316985e+01 1.500001e+00 4.171010e+00
      endloop
   endfacet
   facet normal -9.659285e-01 0.000000e+00 -2.588091e-01
      outer loop
         vertex 5.316985e+01 0.000000e+00 4.171010e+00
         vertex 5.316985e+01 1.500001e+00 4.171010e+00
         vertex 5.319240e+01 0.000000e+00 4.086824e+00
      endloop
   endfacet
   facet normal -9.659285e-01 0.000000e+00 -2.588091e-01
      outer loop
         vertex 5.319240e+01 0.000000e+00 4.086824e+00
         vertex 5.316985e+01 1.500001e+00 4.171010e+00
         vertex 5.319240e+01 1.500001e+00 4.086824e+00
      endloop
   endfacet
   facet normal -9.961950e-01 0.000000e+00 -8.715285e-02
      outer loop
         vertex 5.319240e+01 0.000000e+00 4.086824e+00
         vertex 5.319240e+01 1.500001e+00 4.086824e+00
         vertex 5.320000e+01 0.000000e+00 4.000000e+00
      endloop
   endfacet
   facet normal -9.961950e-01 0.000000e+00 -8.715285e-02
      outer loop
         vertex 5.320000e+01 0.000000e+00 4.000000e+00
         vertex 5.319240e+01 1.500001e+00 4.086824e+00
         vertex 5.320000e+01 1.500001e+00 4.000000e+00
      endloop
   endfacet
   facet normal 0.000000e+00 1.000000e+00 -0.000000e+00
      outer loop
         vertex 5.319240e+01 1.500001e+00 4.086824e+00
         vertex 5.316985e+01 1.500001e+00 4.171010e+00
         vertex 5.690000e+01 1.500001e+00 4.500000e+00
      endloop
   endfacet
   facet normal 0.000000e+00 1.000000e+00 0.000000e+00
      outer loop
         vertex 5.690000e+01 1.500001e+00 4.500000e+00
         vertex 5.316985e+01 1.500001e+00 4.171010e+00
         vertex 5.313301e+01 1.500001e+00 4.250000e+00
      endloop
   endfacet
   facet normal 0.000000e+00 1.000000e+00 -0.000000e+00
      outer loop
         vertex 5.313301e+01 1.500001e+00 4.250000e+00
         vertex 5.308302e+01 1.500001e+00 4.321394e+00
         vertex 5.690000e+01 1.500001e+00 4.500000e+00
      endloop
   endfacet
   facet normal 0.000000e+00 1.000000e+00 0.000000e+00
      outer loop
         vertex 5.690000e+01 1.500001e+00 4.500000e+00
         vertex 5.308302e+01 1.500001e+00 4.321394e+00
         vertex 5.302139e+01 1.500001e+00 4.383022e+00
      endloop
   endfacet
   facet normal 0.000000e+00 1.000000e+00 0.000000e+00
      outer loop
         vertex 5.690000e+01 1.500001e+00 4.500000e+00
         vertex 5.302139e+01 1.500001e+00 4.383022e+00
         vertex 5.295000e+01 1.500001e+00 4.433013e+00
      endloop
   endfacet
   facet normal 0.000000e+00 1.000000e+00 -0.000000e+00
      outer loop
         vertex 5.295000e+01 1.500001e+00 4.433013e+00
         vertex 5.287101e+01 1.500001e+00 4.469846e+00
         vertex 5.690000e+01 1.500001e+00 4.500000e+00
      endloop
   endfacet
   facet normal 0.000000e+00 1.000000e+00 0.000000e+00
      outer loop
         vertex 5.690000e+01 1.500001e+00 4.500000e+00
         vertex 5.287101e+01 1.500001e+00 4.469846e+00
         vertex 5.278682e+01 1.500001e+00 4.492404e+00
      endloop
   endfacet
   facet normal 0.000000e+00 1.000000e+00 0.000000e+00
      outer loop
         vertex 5.690000e+01 1.500001e+00 4.500000e+00
         vertex 5.278682e+01 1.500001e+00 4.492404e+00
         vertex 5.270000e+01 1.500001e+00 4.500000e+00
      endloop
   endfacet
   facet normal 0.000000e+00 1.000000e+00 -0.000000e+00
      outer loop
         vertex 5.690000e+01 1.500001e+00 0.000000e+00
         vertex 5.320000e+01 1.500001e+00 0.000000e+00
         vertex 5.690000e+01 1.500001e+00 4.500000e+00
      endloop
   endfacet
   facet normal 0.000000e+00 1.000000e+00 0.000000e+00
      outer loop
         vertex 5.690000e+01 1.500001e+00 4.500000e+00
         vertex 5.320000e+01 1.500001e+00 0.000000e+00
         vertex 5.320000e+01 1.500001e+00 4.000000e+00
      endloop
   endfacet
   facet normal 0.000000e+00 1.000000e+00 0.000000e+00
      outer loop
         vertex 5.690000e+01 1.500001e+00 4.500000e+00
         vertex 5.320000e+01 1.500001e+00 4.000000e+00
         vertex 5.319240e+01 1.500001e+00 4.086824e+00
      endloop
   endfacet
   facet normal 0.000000e+00 0.000000e+00 -1.000000e+00
      outer loop
         vertex 5.740000e+01 0.000000e+00 0.000000e+00
         vertex 5.320000e+01 0.000000e+00 0.000000e+00
         vertex 5.320000e+01 1.500001e+00 0.000000e+00
      endloop
   endfacet
   facet normal 0.000000e+00 0.000000e+00 -1.000000e+00
      outer loop
         vertex 5.320000e+01 1.500001e+00 0.000000e+00
         vertex 5.690000e+01 1.500001e+00 0.000000e+00
         vertex 5.740000e+01 0.000000e+00 0.000000e+00
      endloop
   endfacet
   facet normal 0.000000e+00 0.000000e+00 -1.000000e+00
      outer loop
         vertex 5.740000e+01 0.000000e+00 0.000000e+00
         vertex 5.690000e+01 1.500001e+00 0.000000e+00
         vertex 5.707365e+01 1.515193e+00 0.000000e+00
      endloop
   endfacet
   facet normal 0.000000e+00 0.000000e+00 -1.000000e+00
      outer loop
         vertex 5.740000e+01 0.000000e+00 0.000000e+00
         vertex 5.707365e+01 1.515193e+00 0.000000e+00
         vertex 5.774730e+01 3.038533e-02 0.000000e+00
      endloop
   endfacet
   facet normal 0.000000e+00 0.000000e+00 -1.000000e+00
      outer loop
         vertex 5.774730e+01 3.038533e-02 0.000000e+00
         vertex 5.707365e+01 1.515193e+00 0.000000e+00
         vertex 5.724202e+01 1.560308e+00 0.000000e+00
      endloop
   endfacet
   facet normal 0.000000e+00 0.000000e+00 -1.000000e+00
      outer loop
         vertex 5.774730e+01 3.038533e-02 0.000000e+00
         vertex 5.724202e+01 1.560308e+00 0.000000e+00
         vertex 5.808404e+01 1.206156e-01 0.000000e+00
      endloop
   endfacet
   facet normal 0.000000e+00 0.000000e+00 -1.000000e+00
      outer loop
         vertex 5.808404e+01 1.206156e-01 0.000000e+00
         vertex 5.724202e+01 1.560308e+00 0.000000e+00
         vertex 5.740000e+01 1.633976e+00 0.000000e+00
      endloop
   endfacet
   facet normal 0.000000e+00 0.000000e+00 -1.000000e+00
      outer loop
         vertex 5.808404e+01 1.206156e-01 0.000000e+00
         vertex 5.740000e+01 1.633976e+00 0.000000e+00
         vertex 5.840000e+01 2.679490e-01 0.000000e+00
      endloop
   endfacet
   facet normal 0.000000e+00 0.000000e+00 -1.000000e+00
      outer loop
         vertex 5.840000e+01 2.679490e-01 0.000000e+00
         vertex 5.740000e+01 1.633976e+00 0.000000e+00
         vertex 5.754279e+01 1.733957e+00 0.000000e+00
      endloop
   endfacet
   facet normal 0.000000e+00 -0.000000e+00 -1.000000e+00
      outer loop
         vertex 5.776603e+01 2.000000e+00 0.000000e+00
         vertex 5.913205e+01 1.000000e+00 0.000000e+00
         vertex 5.766604e+01 1.857214e+00 0.000000e+00
      endloop
   endfacet
   facet normal 0.000000e+00 0.000000e+00 -1.000000e+00
      outer loop
         vertex 5.766604e+01 1.857214e+00 0.000000e+00
         vertex 5.913205e+01 1.000000e+00 0.000000e+00
         vertex 5.893209e+01 7.144250e-01 0.000000e+00
      endloop
   endfacet
   facet normal 0.000000e+00 -0.000000e+00 -1.000000e+00
      outer loop
         vertex 5.766604e+01 1.857214e+00 0.000000e+00
         vertex 5.893209e+01 7.144250e-01 0.000000e+00
         vertex 5.754279e+01 1.733957e+00 0.000000e+00
      endloop
   endfacet
   facet normal 0.000000e+00 0.000000e+00 -1.000000e+00
      outer loop
         vertex 5.754279e+01 1.733957e+00 0.000000e+00
         vertex 5.893209e+01 7.144250e-01 0.000000e+00
         vertex 5.868557e+01 4.679114e-01 0.000000e+00
      endloop
   endfacet
   facet normal 0.000000e+00 0.000000e+00 -1.000000e+00
      outer loop
         vertex 5.754279e+01 1.733957e+00 0.000000e+00
         vertex 5.868557e+01 4.679114e-01 0.000000e+00
         vertex 5.840000e+01 2.679490e-01 0.000000e+00
      endloop
   endfacet
   facet normal 0.000000e+00 0.000000e+00 -1.000000e+00
      outer loop
         vertex 5.790000e+01 6.200001e+00 0.000000e+00
         vertex 5.940000e+01 6.200001e+00 0.000000e+00
         vertex 5.790000e+01 2.499999e+00 0.000000e+00
      endloop
   endfacet
   facet normal 0.000000e+00 0.000000e+00 -1.000000e+00
      outer loop
         vertex 5.790000e+01 2.499999e+00 0.000000e+00
         vertex 5.940000e+01 6.200001e+00 0.000000e+00
         vertex 5.940000e+01 2.000000e+00 0.000000e+00
      endloop
   endfacet
   facet normal 0.000000e+00 -0.000000e+00 -1.000000e+00
      outer loop
         vertex 5.790000e+01 2.499999e+00 0.000000e+00
         vertex 5.940000e+01 2.000000e+00 0.000000e+00
         vertex 5.788481e+01 2.326353e+00 0.000000e+00
      endloop
   endfacet
   facet normal 0.000000e+00 -0.000000e+00 -1.000000e+00
      outer loop
         vertex 5.788481e+01 2.326353e+00 0.000000e+00
         vertex 5.940000e+01 2.000000e+00 0.000000e+00
         vertex 5.783969e+01 2.157981e+00 0.000000e+00
      endloop
   endfacet
   facet normal 0.000000e+00 0.000000e+00 -1.000000e+00
      outer loop
         vertex 5.783969e+01 2.157981e+00 0.000000e+00
         vertex 5.940000e+01 2.000000e+00 0.000000e+00
         vertex 5.936962e+01 1.652705e+00 0.000000e+00
      endloop
   endfacet
   facet normal 0.000000e+00 -0.000000e+00 -1.000000e+00
      outer loop
         vertex 5.783969e+01 2.157981e+00 0.000000e+00
         vertex 5.936962e+01 1.652705e+00 0.000000e+00
         vertex 5.776603e+01 2.000000e+00 0.000000e+00
      endloop
   endfacet
   facet normal 0.000000e+00 0.000000e+00 -1.000000e+00
      outer loop
         vertex 5.776603e+01 2.000000e+00 0.000000e+00
         vertex 5.936962e+01 1.652705e+00 0.000000e+00
         vertex 5.927939e+01 1.315961e+00 0.000000e+00
      endloop
   endfacet
   facet normal 0.000000e+00 0.000000e+00 -1.000000e+00
      outer loop
         vertex 5.776603e+01 2.000000e+00 0.000000e+00
         vertex 5.927939e+01 1.315961e+00 0.000000e+00
         vertex 5.913205e+01 1.000000e+00 0.000000e+00
      endloop
   endfacet
   facet normal -1.000000e+00 0.000000e+00 0.000000e+00
      outer loop
         vertex 5.790000e+01 6.200001e+00 0.000000e+00
         vertex 5.790000e+01 2.499999e+00 0.000000e+00
         vertex 5.790000e+01 6.200001e+00 4.000000e+00
      endloop
   endfacet
   facet normal -1.000000e+00 -0.000000e+00 0.000000e+00
      outer loop
         vertex 5.790000e+01 6.200001e+00 4.000000e+00
         vertex 5.790000e+01 2.499999e+00 0.000000e+00
         vertex 5.790000e+01 2.499999e+00 4.500000e+00
      endloop
   endfacet
   facet normal -1.000000e+00 -0.000000e+00 0.000000e+00
      outer loop
         vertex 5.790000e+01 6.700001e+00 4.500000e+00
         vertex 5.790000e+01 6.613176e+00 4.492404e+00
         vertex 5.790000e+01 5.625000e+00 4.500000e+00
      endloop
   endfacet
   facet normal -1.000000e+00 0.000000e+00 0.000000e+00
      outer loop
         vertex 5.790000e+01 5.625000e+00 4.500000e+00
         vertex 5.790000e+01 6.613176e+00 4.492404e+00
         vertex 5.790000e+01 6.528990e+00 4.469846e+00
      endloop
   endfacet
   facet normal -1.000000e+00 -0.000000e+00 0.000000e+00
      outer loop
         vertex 5.790000e+01 6.528990e+00 4.469846e+00
         vertex 5.790000e+01 6.450000e+00 4.433013e+00
         vertex 5.790000e+01 5.625000e+00 4.500000e+00
      endloop
   endfacet
   facet normal -1.000000e+00 0.000000e+00 0.000000e+00
      outer loop
         vertex 5.790000e+01 5.625000e+00 4.500000e+00
         vertex 5.790000e+01 6.450000e+00 4.433013e+00
         vertex 5.790000e+01 6.378607e+00 4.383022e+00
      endloop
   endfacet
   facet normal -1.000000e+00 0.000000e+00 0.000000e+00
      outer loop
         vertex 5.790000e+01 5.625000e+00 4.500000e+00
         vertex 5.790000e+01 6.378607e+00 4.383022e+00
         vertex 5.790000e+01 6.316978e+00 4.321394e+00
      endloop
   endfacet
   facet normal -1.000000e+00 -0.000000e+00 0.000000e+00
      outer loop
         vertex 5.790000e+01 6.316978e+00 4.321394e+00
         vertex 5.790000e+01 6.266988e+00 4.250000e+00
         vertex 5.790000e+01 5.625000e+00 4.500000e+00
      endloop
   endfacet
   facet normal -1.000000e+00 0.000000e+00 0.000000e+00
      outer loop
         vertex 5.790000e+01 5.625000e+00 4.500000e+00
         vertex 5.790000e+01 6.266988e+00 4.250000e+00
         vertex 5.790000e+01 6.230154e+00 4.171010e+00
      endloop
   endfacet
   facet normal -1.000000e+00 -0.000000e+00 -0.000000e+00
      outer loop
         vertex 5.790000e+01 5.625000e+00 4.500000e+00
         vertex 5.790000e+01 6.230154e+00 4.171010e+00
         vertex 5.790000e+01 2.499999e+00 4.500000e+00
      endloop
   endfacet
   facet normal -1.000000e+00 0.000000e+00 0.000000e+00
      outer loop
         vertex 5.790000e+01 2.499999e+00 4.500000e+00
         vertex 5.790000e+01 6.230154e+00 4.171010e+00
         vertex 5.790000e+01 6.207597e+00 4.086824e+00
      endloop
   endfacet
   facet normal -1.000000e+00 0.000000e+00 0.000000e+00
      outer loop
         vertex 5.790000e+01 2.499999e+00 4.500000e+00
         vertex 5.790000e+01 6.207597e+00 4.086824e+00
         vertex 5.790000e+01 6.200001e+00 4.000000e+00
      endloop
   endfacet
   facet normal -9.961940e-01 8.716403e-02 0.000000e+00
      outer loop
         vertex 5.790000e+01 2.499999e+00 4.500000e+00
         vertex 5.790000e+01 2.499999e+00 0.000000e+00
         vertex 5.788481e+01 2.326353e+00 4.500000e+00
      endloop
   endfacet
   facet normal -9.961940e-01 8.716403e-02 0.000000e+00
      outer loop
         vertex 5.788481e+01 2.326353e+00 4.500000e+00
         vertex 5.790000e+01 2.499999e+00 0.000000e+00
         vertex 5.788481e+01 2.326353e+00 0.000000e+00
      endloop
   endfacet
   facet normal -9.659258e-01 2.588191e-01 0.000000e+00
      outer loop
         vertex 5.788481e+01 2.326353e+00 4.500000e+00
         vertex 5.788481e+01 2.326353e+00 0.000000e+00
         vertex 5.783969e+01 2.157981e+00 4.500000e+00
      endloop
   endfacet
   facet normal -9.659258e-01 2.588191e-01 0.000000e+00
      outer loop
         vertex 5.783969e+01 2.157981e+00 4.500000e+00
         vertex 5.788481e+01 2.326353e+00 0.000000e+00
         vertex 5.783969e+01 2.157981e+00 0.000000e+00
      endloop
   endfacet
   facet normal -9.063114e-01 4.226105e-01 0.000000e+00
      outer loop
         vertex 5.783969e+01 2.157981e+00 4.500000e+00
         vertex 5.783969e+01 2.157981e+00 0.000000e+00
         vertex 5.776603e+01 2.000000e+00 4.500000e+00
      endloop
   endfacet
   facet normal -9.063114e-01 4.226105e-01 0.000000e+00
      outer loop
         vertex 5.776603e+01 2.000000e+00 4.500000e+00
         vertex 5.783969e+01 2.157981e+00 0.000000e+00
         vertex 5.776603e+01 2.000000e+00 0.000000e+00
      endloop
   endfacet
   facet normal -8.191496e-01 5.735800e-01 0.000000e+00
      outer loop
         vertex 5.776603e+01 2.000000e+00 4.500000e+00
         vertex 5.776603e+01 2.000000e+00 0.000000e+00
         vertex 5.766604e+01 1.857214e+00 4.500000e+00
      endloop
   endfacet
   facet normal -8.191496e-01 5.735800e-01 0.000000e+00
      outer loop
         vertex 5.766604e+01 1.857214e+00 4.500000e+00
         vertex 5.776603e+01 2.000000e+00 0.000000e+00
         vertex 5.766604e+01 1.857214e+00 0.000000e+00
      endloop
   endfacet
   facet normal -7.071068e-01 7.071068e-01 0.000000e+00
      outer loop
         vertex 5.766604e+01 1.857214e+00 4.500000e+00
         vertex 5.766604e+01 1.857214e+00 0.000000e+00
         vertex 5.754279e+01 1.733957e+00 4.500000e+00
      endloop
   endfacet
   facet normal -7.071068e-01 7.071068e-01 0.000000e+00
      outer loop
         vertex 5.754279e+01 1.733957e+00 4.500000e+00
         vertex 5.766604e+01 1.857214e+00 0.000000e+00
         vertex 5.754279e+01 1.733957e+00 0.000000e+00
      endloop
   endfacet
   facet normal -5.735749e-01 8.191531e-01 0.000000e+00
      outer loop
         vertex 5.754279e+01 1.733957e+00 4.500000e+00
         vertex 5.754279e+01 1.733957e+00 0.000000e+00
         vertex 5.740000e+01 1.633976e+00 4.500000e+00
      endloop
   endfacet
   facet normal -5.735749e-01 8.191531e-01 0.000000e+00
      outer loop
         vertex 5.740000e+01 1.633976e+00 4.500000e+00
         vertex 5.754279e+01 1.733957e+00 0.000000e+00
         vertex 5.740000e+01 1.633976e+00 0.000000e+00
      endloop
   endfacet
   facet normal -4.226193e-01 9.063073e-01 0.000000e+00
      outer loop
         vertex 5.740000e+01 1.633976e+00 4.500000e+00
         vertex 5.740000e+01 1.633976e+00 0.000000e+00
         vertex 5.724202e+01 1.560308e+00 4.500000e+00
      endloop
   endfacet
   facet normal -4.226193e-01 9.063073e-01 0.000000e+00
      outer loop
         vertex 5.724202e+01 1.560308e+00 4.500000e+00
         vertex 5.740000e+01 1.633976e+00 0.000000e+00
         vertex 5.724202e+01 1.560308e+00 0.000000e+00
      endloop
   endfacet
   facet normal -2.588191e-01 9.659258e-01 0.000000e+00
      outer loop
         vertex 5.724202e+01 1.560308e+00 4.500000e+00
         vertex 5.724202e+01 1.560308e+00 0.000000e+00
         vertex 5.707365e+01 1.515193e+00 4.500000e+00
      endloop
   endfacet
   facet normal -2.588191e-01 9.659258e-01 0.000000e+00
      outer loop
         vertex 5.707365e+01 1.515193e+00 4.500000e+00
         vertex 5.724202e+01 1.560308e+00 0.000000e+00
         vertex 5.707365e+01 1.515193e+00 0.000000e+00
      endloop
   endfacet
   facet normal -8.715343e-02 9.961949e-01 0.000000e+00
      outer loop
         vertex 5.707365e+01 1.515193e+00 4.500000e+00
         vertex 5.707365e+01 1.515193e+00 0.000000e+00
         vertex 5.690000e+01 1.500001e+00 4.500000e+00
      endloop
   endfacet
   facet normal -8.715343e-02 9.961949e-01 0.000000e+00
      outer loop
         vertex 5.690000e+01 1.500001e+00 4.500000e+00
         vertex 5.707365e+01 1.515193e+00 0.000000e+00
         vertex 5.690000e+01 1.500001e+00 0.000000e+00
      endloop
   endfacet
   facet normal 0.000000e+00 0.000000e+00 -1.000000e+00
      outer loop
         vertex 2.870000e+01 0.000000e+00 4.500000e+00
         vertex 2.142500e+01 0.000000e+00 4.500000e+00
         vertex 2.142500e+01 1.225000e+00 4.500000e+00
      endloop
   endfacet
   facet normal -0.000000e+00 0.000000e+00 -1.000000e+00
      outer loop
         vertex 1.826899e+01 3.917061e+00 4.500000e+00
         vertex 1.825000e+01 3.700001e+00 4.500000e+00
         vertex 1.782500e+01 5.625000e+00 4.500000e+00
      endloop
   endfacet
   facet normal 0.000000e+00 0.000000e+00 -1.000000e+00
      outer loop
         vertex 1.499999e+00 3.777500e+01 4.500000e+00
         vertex 1.499999e+00 3.830000e+01 4.500000e+00
         vertex 1.650000e+00 3.830000e+01 4.500000e+00
      endloop
   endfacet
   facet normal 0.000000e+00 0.000000e+00 -1.000000e+00
      outer loop
         vertex 3.270000e+01 4.190000e+01 4.500000e+00
         vertex 3.270000e+01 4.340000e+01 4.500000e+00
         vertex 3.867500e+01 4.340000e+01 4.500000e+00
      endloop
   endfacet
   facet normal -0.000000e+00 0.000000e+00 -1.000000e+00
      outer loop
         vertex 5.007899e+01 3.586985e+01 4.500000e+00
         vertex 5.000000e+01 3.583301e+01 4.500000e+00
         vertex 3.867500e+01 3.777500e+01 4.500000e+00
      endloop
   endfacet
   facet normal 0.000000e+00 0.000000e+00 -1.000000e+00
      outer loop
         vertex 3.867500e+01 3.777500e+01 4.500000e+00
         vertex 5.000000e+01 3.583301e+01 4.500000e+00
         vertex 4.992861e+01 3.578302e+01 4.500000e+00
      endloop
   endfacet
   facet normal -0.000000e+00 0.000000e+00 -1.000000e+00
      outer loop
         vertex 4.992861e+01 3.578302e+01 4.500000e+00
         vertex 4.986698e+01 3.572139e+01 4.500000e+00
         vertex 3.867500e+01 3.777500e+01 4.500000e+00
      endloop
   endfacet
   facet normal 0.000000e+00 0.000000e+00 -1.000000e+00
      outer loop
         vertex 3.867500e+01 3.777500e+01 4.500000e+00
         vertex 4.986698e+01 3.572139e+01 4.500000e+00
         vertex 4.981699e+01 3.565000e+01 4.500000e+00
      endloop
   endfacet
   facet normal 0.000000e+00 0.000000e+00 -1.000000e+00
      outer loop
         vertex 3.867500e+01 3.777500e+01 4.500000e+00
         vertex 4.981699e+01 3.565000e+01 4.500000e+00
         vertex 4.978015e+01 3.557101e+01 4.500000e+00
      endloop
   endfacet
   facet normal 0.000000e+00 0.000000e+00 -1.000000e+00
      outer loop
         vertex 5.733682e+01 3.589240e+01 4.500000e+00
         vertex 5.725000e+01 3.590000e+01 4.500000e+00
         vertex 5.725000e+01 3.777500e+01 4.500000e+00
      endloop
   endfacet
   facet normal 0.000000e+00 -0.000000e+00 -1.000000e+00
      outer loop
         vertex 5.725000e+01 3.777500e+01 4.500000e+00
         vertex 5.725000e+01 3.590000e+01 4.500000e+00
         vertex 5.025000e+01 3.590000e+01 4.500000e+00
      endloop
   endfacet
   facet normal -0.000000e+00 0.000000e+00 -1.000000e+00
      outer loop
         vertex 5.725000e+01 3.777500e+01 4.500000e+00
         vertex 5.025000e+01 3.590000e+01 4.500000e+00
         vertex 3.867500e+01 3.777500e+01 4.500000e+00
      endloop
   endfacet
   facet normal 0.000000e+00 0.000000e+00 -1.000000e+00
      outer loop
         vertex 3.867500e+01 3.777500e+01 4.500000e+00
         vertex 5.025000e+01 3.590000e+01 4.500000e+00
         vertex 5.016318e+01 3.589240e+01 4.500000e+00
      endloop
   endfacet
   facet normal 0.000000e+00 0.000000e+00 -1.000000e+00
      outer loop
         vertex 3.867500e+01 3.777500e+01 4.500000e+00
         vertex 5.016318e+01 3.589240e+01 4.500000e+00
         vertex 5.007899e+01 3.586985e+01 4.500000e+00
      endloop
   endfacet
   facet normal 0.000000e+00 0.000000e+00 -1.000000e+00
      outer loop
         vertex 5.763302e+01 3.572139e+01 4.500000e+00
         vertex 5.790000e+01 3.777500e+01 4.500000e+00
         vertex 5.768301e+01 3.565000e+01 4.500000e+00
      endloop
   endfacet
   facet normal 0.000000e+00 0.000000e+00 -1.000000e+00
      outer loop
         vertex 5.768301e+01 3.565000e+01 4.500000e+00
         vertex 5.790000e+01 3.777500e+01 4.500000e+00
         vertex 5.771985e+01 3.557101e+01 4.500000e+00
      endloop
   endfacet
   facet normal 0.000000e+00 0.000000e+00 -1.000000e+00
      outer loop
         vertex 5.790000e+01 2.545000e+01 4.500000e+00
         vertex 5.775000e+01 3.540000e+01 4.500000e+00
         vertex 5.790000e+01 3.777500e+01 4.500000e+00
      endloop
   endfacet
   facet normal 0.000000e+00 0.000000e+00 -1.000000e+00
      outer loop
         vertex 5.790000e+01 3.777500e+01 4.500000e+00
         vertex 5.775000e+01 3.540000e+01 4.500000e+00
         vertex 5.774240e+01 3.548682e+01 4.500000e+00
      endloop
   endfacet
   facet normal 0.000000e+00 0.000000e+00 -1.000000e+00
      outer loop
         vertex 5.790000e+01 3.777500e+01 4.500000e+00
         vertex 5.774240e+01 3.548682e+01 4.500000e+00
         vertex 5.771985e+01 3.557101e+01 4.500000e+00
      endloop
   endfacet
   facet normal 0.000000e+00 0.000000e+00 -1.000000e+00
      outer loop
         vertex 5.763302e+01 3.572139e+01 4.500000e+00
         vertex 5.757139e+01 3.578302e+01 4.500000e+00
         vertex 5.790000e+01 3.777500e+01 4.500000e+00
      endloop
   endfacet
   facet normal 0.000000e+00 0.000000e+00 -1.000000e+00
      outer loop
         vertex 5.790000e+01 3.777500e+01 4.500000e+00
         vertex 5.757139e+01 3.578302e+01 4.500000e+00
         vertex 5.750000e+01 3.583301e+01 4.500000e+00
      endloop
   endfacet
   facet normal 0.000000e+00 0.000000e+00 -1.000000e+00
      outer loop
         vertex 5.790000e+01 3.777500e+01 4.500000e+00
         vertex 5.750000e+01 3.583301e+01 4.500000e+00
         vertex 5.742101e+01 3.586985e+01 4.500000e+00
      endloop
   endfacet
   facet normal -0.000000e+00 -0.000000e+00 -1.000000e+00
      outer loop
         vertex 5.940000e+01 2.220000e+01 4.500000e+00
         vertex 5.940000e+01 1.885000e+01 4.500000e+00
         vertex 5.790000e+01 2.220000e+01 4.500000e+00
      endloop
   endfacet
   facet normal 0.000000e+00 -0.000000e+00 -1.000000e+00
      outer loop
         vertex 5.790000e+01 2.220000e+01 4.500000e+00
         vertex 5.940000e+01 1.885000e+01 4.500000e+00
         vertex 5.725000e+01 1.885000e+01 4.500000e+00
      endloop
   endfacet
   facet normal 0.000000e+00 -0.000000e+00 -1.000000e+00
      outer loop
         vertex 5.733682e+01 2.260760e+01 4.500000e+00
         vertex 5.742101e+01 2.263015e+01 4.500000e+00
         vertex 5.725000e+01 1.885000e+01 4.500000e+00
      endloop
   endfacet
   facet normal 0.000000e+00 0.000000e+00 -1.000000e+00
      outer loop
         vertex 5.757139e+01 2.271698e+01 4.500000e+00
         vertex 5.763302e+01 2.277861e+01 4.500000e+00
         vertex 5.790000e+01 2.220000e+01 4.500000e+00
      endloop
   endfacet
   facet normal 0.000000e+00 0.000000e+00 -1.000000e+00
      outer loop
         vertex 5.790000e+01 2.220000e+01 4.500000e+00
         vertex 5.763302e+01 2.277861e+01 4.500000e+00
         vertex 5.768301e+01 2.285000e+01 4.500000e+00
      endloop
   endfacet
   facet normal 0.000000e+00 0.000000e+00 -1.000000e+00
      outer loop
         vertex 5.790000e+01 2.220000e+01 4.500000e+00
         vertex 5.768301e+01 2.285000e+01 4.500000e+00
         vertex 5.771985e+01 2.292899e+01 4.500000e+00
      endloop
   endfacet
   facet normal 0.000000e+00 0.000000e+00 -1.000000e+00
      outer loop
         vertex 5.725000e+01 1.885000e+01 4.500000e+00
         vertex 5.742101e+01 2.263015e+01 4.500000e+00
         vertex 5.790000e+01 2.220000e+01 4.500000e+00
      endloop
   endfacet
   facet normal 0.000000e+00 0.000000e+00 -1.000000e+00
      outer loop
         vertex 5.790000e+01 2.220000e+01 4.500000e+00
         vertex 5.742101e+01 2.263015e+01 4.500000e+00
         vertex 5.750000e+01 2.266699e+01 4.500000e+00
      endloop
   endfacet
   facet normal 0.000000e+00 0.000000e+00 -1.000000e+00
      outer loop
         vertex 5.790000e+01 2.220000e+01 4.500000e+00
         vertex 5.750000e+01 2.266699e+01 4.500000e+00
         vertex 5.757139e+01 2.271698e+01 4.500000e+00
      endloop
   endfacet
   facet normal 0.000000e+00 0.000000e+00 -1.000000e+00
      outer loop
         vertex 5.771985e+01 2.292899e+01 4.500000e+00
         vertex 5.774240e+01 2.301318e+01 4.500000e+00
         vertex 5.790000e+01 2.220000e+01 4.500000e+00
      endloop
   endfacet
   facet normal 0.000000e+00 0.000000e+00 -1.000000e+00
      outer loop
         vertex 5.790000e+01 2.220000e+01 4.500000e+00
         vertex 5.774240e+01 2.301318e+01 4.500000e+00
         vertex 5.775000e+01 2.310000e+01 4.500000e+00
      endloop
   endfacet
   facet normal 0.000000e+00 0.000000e+00 -1.000000e+00
      outer loop
         vertex 5.790000e+01 2.220000e+01 4.500000e+00
         vertex 5.775000e+01 2.310000e+01 4.500000e+00
         vertex 5.790000e+01 2.545000e+01 4.500000e+00
      endloop
   endfacet
   facet normal -0.000000e+00 0.000000e+00 -1.000000e+00
      outer loop
         vertex 5.790000e+01 2.545000e+01 4.500000e+00
         vertex 5.775000e+01 2.310000e+01 4.500000e+00
         vertex 5.775000e+01 2.545000e+01 4.500000e+00
      endloop
   endfacet
   facet normal 0.000000e+00 0.000000e+00 -1.000000e+00
      outer loop
         vertex 5.790000e+01 2.545000e+01 4.500000e+00
         vertex 5.775000e+01 2.545000e+01 4.500000e+00
         vertex 5.775000e+01 3.540000e+01 4.500000e+00
      endloop
   endfacet
   facet normal 0.000000e+00 -0.000000e+00 -1.000000e+00
      outer loop
         vertex 4.975000e+01 2.310000e+01 4.500000e+00
         vertex 4.975760e+01 2.301318e+01 4.500000e+00
         vertex 3.867500e+01 1.885000e+01 4.500000e+00
      endloop
   endfacet
   facet normal 0.000000e+00 -0.000000e+00 -1.000000e+00
      outer loop
         vertex 4.975760e+01 2.301318e+01 4.500000e+00
         vertex 4.978015e+01 2.292899e+01 4.500000e+00
         vertex 3.867500e+01 1.885000e+01 4.500000e+00
      endloop
   endfacet
   facet normal 0.000000e+00 0.000000e+00 -1.000000e+00
      outer loop
         vertex 3.867500e+01 1.885000e+01 4.500000e+00
         vertex 4.978015e+01 2.292899e+01 4.500000e+00
         vertex 4.981699e+01 2.285000e+01 4.500000e+00
      endloop
   endfacet
   facet normal 0.000000e+00 0.000000e+00 -1.000000e+00
      outer loop
         vertex 3.867500e+01 1.885000e+01 4.500000e+00
         vertex 4.981699e+01 2.285000e+01 4.500000e+00
         vertex 4.986698e+01 2.277861e+01 4.500000e+00
      endloop
   endfacet
   facet normal -0.000000e+00 0.000000e+00 -1.000000e+00
      outer loop
         vertex 4.978015e+01 3.557101e+01 4.500000e+00
         vertex 4.975760e+01 3.548682e+01 4.500000e+00
         vertex 3.867500e+01 3.777500e+01 4.500000e+00
      endloop
   endfacet
   facet normal 0.000000e+00 0.000000e+00 -1.000000e+00
      outer loop
         vertex 3.867500e+01 3.777500e+01 4.500000e+00
         vertex 4.975760e+01 3.548682e+01 4.500000e+00
         vertex 4.975000e+01 3.540000e+01 4.500000e+00
      endloop
   endfacet
   facet normal 0.000000e+00 0.000000e+00 -1.000000e+00
      outer loop
         vertex 3.867500e+01 3.777500e+01 4.500000e+00
         vertex 4.975000e+01 3.540000e+01 4.500000e+00
         vertex 3.867500e+01 2.545000e+01 4.500000e+00
      endloop
   endfacet
   facet normal 0.000000e+00 0.000000e+00 -1.000000e+00
      outer loop
         vertex 3.867500e+01 2.545000e+01 4.500000e+00
         vertex 4.975000e+01 3.540000e+01 4.500000e+00
         vertex 4.975000e+01 2.545000e+01 4.500000e+00
      endloop
   endfacet
   facet normal 0.000000e+00 0.000000e+00 -1.000000e+00
      outer loop
         vertex 3.867500e+01 2.545000e+01 4.500000e+00
         vertex 4.975000e+01 2.545000e+01 4.500000e+00
         vertex 4.975000e+01 2.310000e+01 4.500000e+00
      endloop
   endfacet
   facet normal 0.000000e+00 -0.000000e+00 -1.000000e+00
      outer loop
         vertex 4.986698e+01 2.277861e+01 4.500000e+00
         vertex 4.992861e+01 2.271698e+01 4.500000e+00
         vertex 3.867500e+01 1.885000e+01 4.500000e+00
      endloop
   endfacet
   facet normal 0.000000e+00 0.000000e+00 -1.000000e+00
      outer loop
         vertex 3.867500e+01 1.885000e+01 4.500000e+00
         vertex 4.992861e+01 2.271698e+01 4.500000e+00
         vertex 5.000000e+01 2.266699e+01 4.500000e+00
      endloop
   endfacet
   facet normal 0.000000e+00 0.000000e+00 -1.000000e+00
      outer loop
         vertex 3.867500e+01 1.885000e+01 4.500000e+00
         vertex 5.000000e+01 2.266699e+01 4.500000e+00
         vertex 5.007899e+01 2.263015e+01 4.500000e+00
      endloop
   endfacet
   facet normal 0.000000e+00 0.000000e+00 -1.000000e+00
      outer loop
         vertex 5.016318e+01 2.260760e+01 4.500000e+00
         vertex 5.025000e+01 2.260000e+01 4.500000e+00
         vertex 5.725000e+01 1.885000e+01 4.500000e+00
      endloop
   endfacet
   facet normal 0.000000e+00 0.000000e+00 -1.000000e+00
      outer loop
         vertex 5.725000e+01 1.885000e+01 4.500000e+00
         vertex 5.025000e+01 2.260000e+01 4.500000e+00
         vertex 5.725000e+01 2.260000e+01 4.500000e+00
      endloop
   endfacet
   facet normal 0.000000e+00 0.000000e+00 -1.000000e+00
      outer loop
         vertex 5.725000e+01 1.885000e+01 4.500000e+00
         vertex 5.725000e+01 2.260000e+01 4.500000e+00
         vertex 5.733682e+01 2.260760e+01 4.500000e+00
      endloop
   endfacet
   facet normal 0.000000e+00 0.000000e+00 -1.000000e+00
      outer loop
         vertex 0.000000e+00 9.200000e+00 4.500000e+00
         vertex 0.000000e+00 1.460000e+01 4.500000e+00
         vertex 1.499999e+00 9.200000e+00 4.500000e+00
      endloop
   endfacet
   facet normal 0.000000e+00 0.000000e+00 -1.000000e+00
      outer loop
         vertex 1.499999e+00 9.200000e+00 4.500000e+00
         vertex 0.000000e+00 1.460000e+01 4.500000e+00
         vertex 1.499999e+00 1.460000e+01 4.500000e+00
      endloop
   endfacet
   facet normal -0.000000e+00 -0.000000e+00 -1.000000e+00
      outer loop
         vertex 1.740000e+01 1.460000e+01 4.500000e+00
         vertex 1.740000e+01 6.800001e+00 4.500000e+00
         vertex 1.083302e+01 1.667861e+01 4.500000e+00
      endloop
   endfacet
   facet normal 0.000000e+00 0.000000e+00 -1.000000e+00
      outer loop
         vertex 1.782500e+01 1.885000e+01 4.500000e+00
         vertex 1.781318e+01 1.509240e+01 4.500000e+00
         vertex 1.772899e+01 1.506985e+01 4.500000e+00
      endloop
   endfacet
   facet normal -0.000000e+00 0.000000e+00 -1.000000e+00
      outer loop
         vertex 1.883956e+00 6.992788e+00 4.500000e+00
         vertex 1.783974e+00 6.850000e+00 4.500000e+00
         vertex 1.499999e+00 9.200000e+00 4.500000e+00
      endloop
   endfacet
   facet normal 0.000000e+00 0.000000e+00 -1.000000e+00
      outer loop
         vertex 1.499999e+00 9.200000e+00 4.500000e+00
         vertex 1.783974e+00 6.850000e+00 4.500000e+00
         vertex 1.710307e+00 6.692020e+00 4.500000e+00
      endloop
   endfacet
   facet normal 0.000000e+00 -0.000000e+00 -1.000000e+00
      outer loop
         vertex 1.083302e+01 1.667861e+01 4.500000e+00
         vertex 1.740000e+01 6.800001e+00 4.500000e+00
         vertex 1.077139e+01 1.661698e+01 4.500000e+00
      endloop
   endfacet
   facet normal -0.000000e+00 0.000000e+00 -1.000000e+00
      outer loop
         vertex 1.782500e+01 1.885000e+01 4.500000e+00
         vertex 1.772899e+01 1.506985e+01 4.500000e+00
         vertex 1.095000e+01 1.885000e+01 4.500000e+00
      endloop
   endfacet
   facet normal 0.000000e+00 0.000000e+00 -1.000000e+00
      outer loop
         vertex 1.095000e+01 1.885000e+01 4.500000e+00
         vertex 1.772899e+01 1.506985e+01 4.500000e+00
         vertex 1.765000e+01 1.503301e+01 4.500000e+00
      endloop
   endfacet
   facet normal 0.000000e+00 0.000000e+00 -1.000000e+00
      outer loop
         vertex 1.095000e+01 1.885000e+01 4.500000e+00
         vertex 1.765000e+01 1.503301e+01 4.500000e+00
         vertex 1.757861e+01 1.498302e+01 4.500000e+00
      endloop
   endfacet
   facet normal -0.000000e+00 -0.000000e+00 -1.000000e+00
      outer loop
         vertex 1.772899e+01 6.330154e+00 4.500000e+00
         vertex 1.782500e+01 5.625000e+00 4.500000e+00
         vertex 1.765000e+01 6.366988e+00 4.500000e+00
      endloop
   endfacet
   facet normal 0.000000e+00 -0.000000e+00 -1.000000e+00
      outer loop
         vertex 1.765000e+01 6.366988e+00 4.500000e+00
         vertex 1.782500e+01 5.625000e+00 4.500000e+00
         vertex 1.695000e+01 5.625000e+00 4.500000e+00
      endloop
   endfacet
   facet normal -0.000000e+00 0.000000e+00 -1.000000e+00
      outer loop
         vertex 1.765000e+01 6.366988e+00 4.500000e+00
         vertex 1.695000e+01 5.625000e+00 4.500000e+00
         vertex 1.757861e+01 6.416978e+00 4.500000e+00
      endloop
   endfacet
   facet normal -0.000000e+00 0.000000e+00 -1.000000e+00
      outer loop
         vertex 2.476351e+00 7.334808e+00 4.500000e+00
         vertex 2.307979e+00 7.289693e+00 4.500000e+00
         vertex 1.499999e+00 9.200000e+00 4.500000e+00
      endloop
   endfacet
   facet normal 0.000000e+00 0.000000e+00 -1.000000e+00
      outer loop
         vertex 2.476351e+00 7.334808e+00 4.500000e+00
         vertex 1.499999e+00 9.200000e+00 4.500000e+00
         vertex 2.650000e+00 7.350001e+00 4.500000e+00
      endloop
   endfacet
   facet normal -0.000000e+00 0.000000e+00 -1.000000e+00
      outer loop
         vertex 2.307979e+00 7.289693e+00 4.500000e+00
         vertex 2.149999e+00 7.216026e+00 4.500000e+00
         vertex 1.499999e+00 9.200000e+00 4.500000e+00
      endloop
   endfacet
   facet normal 0.000000e+00 0.000000e+00 -1.000000e+00
      outer loop
         vertex 1.499999e+00 9.200000e+00 4.500000e+00
         vertex 2.149999e+00 7.216026e+00 4.500000e+00
         vertex 2.007212e+00 7.116045e+00 4.500000e+00
      endloop
   endfacet
   facet normal 0.000000e+00 0.000000e+00 -1.000000e+00
      outer loop
         vertex 1.499999e+00 9.200000e+00 4.500000e+00
         vertex 2.007212e+00 7.116045e+00 4.500000e+00
         vertex 1.883956e+00 6.992788e+00 4.500000e+00
      endloop
   endfacet
   facet normal 0.000000e+00 0.000000e+00 -1.000000e+00
      outer loop
         vertex 1.499999e+00 1.460000e+01 4.500000e+00
         vertex 1.499999e+00 1.650000e+01 4.500000e+00
         vertex 1.645000e+01 7.216026e+00 4.500000e+00
      endloop
   endfacet
   facet normal 0.000000e+00 0.000000e+00 -1.000000e+00
      outer loop
         vertex 1.645000e+01 7.216026e+00 4.500000e+00
         vertex 1.499999e+00 1.650000e+01 4.500000e+00
         vertex 1.045000e+01 1.650000e+01 4.500000e+00
      endloop
   endfacet
   facet normal 0.000000e+00 0.000000e+00 -1.000000e+00
      outer loop
         vertex 1.645000e+01 7.216026e+00 4.500000e+00
         vertex 1.045000e+01 1.650000e+01 4.500000e+00
         vertex 1.659279e+01 7.116045e+00 4.500000e+00
      endloop
   endfacet
   facet normal 0.000000e+00 0.000000e+00 -1.000000e+00
      outer loop
         vertex 1.659279e+01 7.116045e+00 4.500000e+00
         vertex 1.045000e+01 1.650000e+01 4.500000e+00
         vertex 1.671604e+01 6.992788e+00 4.500000e+00
      endloop
   endfacet
   facet normal 0.000000e+00 0.000000e+00 -1.000000e+00
      outer loop
         vertex 1.671604e+01 6.992788e+00 4.500000e+00
         vertex 1.045000e+01 1.650000e+01 4.500000e+00
         vertex 1.053682e+01 1.650760e+01 4.500000e+00
      endloop
   endfacet
   facet normal 0.000000e+00 0.000000e+00 -1.000000e+00
      outer loop
         vertex 1.671604e+01 6.992788e+00 4.500000e+00
         vertex 1.053682e+01 1.650760e+01 4.500000e+00
         vertex 1.681603e+01 6.850000e+00 4.500000e+00
      endloop
   endfacet
   facet normal 0.000000e+00 0.000000e+00 -1.000000e+00
      outer loop
         vertex 1.681603e+01 6.850000e+00 4.500000e+00
         vertex 1.053682e+01 1.650760e+01 4.500000e+00
         vertex 1.062101e+01 1.653015e+01 4.500000e+00
      endloop
   endfacet
   facet normal 0.000000e+00 0.000000e+00 -1.000000e+00
      outer loop
         vertex 1.681603e+01 6.850000e+00 4.500000e+00
         vertex 1.062101e+01 1.653015e+01 4.500000e+00
         vertex 1.070000e+01 1.656699e+01 4.500000e+00
      endloop
   endfacet
   facet normal 0.000000e+00 0.000000e+00 -1.000000e+00
      outer loop
         vertex 1.083302e+01 1.667861e+01 4.500000e+00
         vertex 1.088301e+01 1.675000e+01 4.500000e+00
         vertex 1.740000e+01 1.460000e+01 4.500000e+00
      endloop
   endfacet
   facet normal 0.000000e+00 0.000000e+00 -1.000000e+00
      outer loop
         vertex 1.740000e+01 1.460000e+01 4.500000e+00
         vertex 1.088301e+01 1.675000e+01 4.500000e+00
         vertex 1.091985e+01 1.682899e+01 4.500000e+00
      endloop
   endfacet
   facet normal 0.000000e+00 0.000000e+00 -1.000000e+00
      outer loop
         vertex 1.740000e+01 1.460000e+01 4.500000e+00
         vertex 1.091985e+01 1.682899e+01 4.500000e+00
         vertex 1.740760e+01 1.468682e+01 4.500000e+00
      endloop
   endfacet
   facet normal 0.000000e+00 0.000000e+00 -1.000000e+00
      outer loop
         vertex 1.740760e+01 1.468682e+01 4.500000e+00
         vertex 1.091985e+01 1.682899e+01 4.500000e+00
         vertex 1.743015e+01 1.477101e+01 4.500000e+00
      endloop
   endfacet
   facet normal 0.000000e+00 0.000000e+00 -1.000000e+00
      outer loop
         vertex 1.645000e+01 7.216026e+00 4.500000e+00
         vertex 1.629202e+01 7.289693e+00 4.500000e+00
         vertex 1.499999e+00 1.460000e+01 4.500000e+00
      endloop
   endfacet
   facet normal 0.000000e+00 0.000000e+00 -1.000000e+00
      outer loop
         vertex 1.499999e+00 1.460000e+01 4.500000e+00
         vertex 1.629202e+01 7.289693e+00 4.500000e+00
         vertex 1.612365e+01 7.334808e+00 4.500000e+00
      endloop
   endfacet
   facet normal 0.000000e+00 0.000000e+00 -1.000000e+00
      outer loop
         vertex 1.499999e+00 1.460000e+01 4.500000e+00
         vertex 1.612365e+01 7.334808e+00 4.500000e+00
         vertex 1.499999e+00 9.200000e+00 4.500000e+00
      endloop
   endfacet
   facet normal 0.000000e+00 0.000000e+00 -1.000000e+00
      outer loop
         vertex 1.499999e+00 9.200000e+00 4.500000e+00
         vertex 1.612365e+01 7.334808e+00 4.500000e+00
         vertex 1.595000e+01 7.350001e+00 4.500000e+00
      endloop
   endfacet
   facet normal 0.000000e+00 0.000000e+00 -1.000000e+00
      outer loop
         vertex 1.499999e+00 9.200000e+00 4.500000e+00
         vertex 1.595000e+01 7.350001e+00 4.500000e+00
         vertex 2.650000e+00 7.350001e+00 4.500000e+00
      endloop
   endfacet
   facet normal 0.000000e+00 0.000000e+00 -1.000000e+00
      outer loop
         vertex 1.070000e+01 1.656699e+01 4.500000e+00
         vertex 1.077139e+01 1.661698e+01 4.500000e+00
         vertex 1.681603e+01 6.850000e+00 4.500000e+00
      endloop
   endfacet
   facet normal 0.000000e+00 0.000000e+00 -1.000000e+00
      outer loop
         vertex 1.681603e+01 6.850000e+00 4.500000e+00
         vertex 1.077139e+01 1.661698e+01 4.500000e+00
         vertex 1.740000e+01 6.800001e+00 4.500000e+00
      endloop
   endfacet
   facet normal 0.000000e+00 0.000000e+00 -1.000000e+00
      outer loop
         vertex 1.681603e+01 6.850000e+00 4.500000e+00
         vertex 1.740000e+01 6.800001e+00 4.500000e+00
         vertex 1.688969e+01 6.692020e+00 4.500000e+00
      endloop
   endfacet
   facet normal 0.000000e+00 0.000000e+00 -1.000000e+00
      outer loop
         vertex 1.688969e+01 6.692020e+00 4.500000e+00
         vertex 1.740000e+01 6.800001e+00 4.500000e+00
         vertex 1.740760e+01 6.713176e+00 4.500000e+00
      endloop
   endfacet
   facet normal 0.000000e+00 0.000000e+00 -1.000000e+00
      outer loop
         vertex 1.688969e+01 6.692020e+00 4.500000e+00
         vertex 1.740760e+01 6.713176e+00 4.500000e+00
         vertex 1.693481e+01 6.523648e+00 4.500000e+00
      endloop
   endfacet
   facet normal 0.000000e+00 0.000000e+00 -1.000000e+00
      outer loop
         vertex 1.693481e+01 6.523648e+00 4.500000e+00
         vertex 1.740760e+01 6.713176e+00 4.500000e+00
         vertex 1.743015e+01 6.628990e+00 4.500000e+00
      endloop
   endfacet
   facet normal 0.000000e+00 0.000000e+00 -1.000000e+00
      outer loop
         vertex 1.693481e+01 6.523648e+00 4.500000e+00
         vertex 1.743015e+01 6.628990e+00 4.500000e+00
         vertex 1.695000e+01 6.350000e+00 4.500000e+00
      endloop
   endfacet
   facet normal 0.000000e+00 0.000000e+00 -1.000000e+00
      outer loop
         vertex 1.695000e+01 6.350000e+00 4.500000e+00
         vertex 1.743015e+01 6.628990e+00 4.500000e+00
         vertex 1.746699e+01 6.550000e+00 4.500000e+00
      endloop
   endfacet
   facet normal 0.000000e+00 0.000000e+00 -1.000000e+00
      outer loop
         vertex 1.695000e+01 6.350000e+00 4.500000e+00
         vertex 1.746699e+01 6.550000e+00 4.500000e+00
         vertex 1.695000e+01 5.625000e+00 4.500000e+00
      endloop
   endfacet
   facet normal 0.000000e+00 0.000000e+00 -1.000000e+00
      outer loop
         vertex 1.695000e+01 5.625000e+00 4.500000e+00
         vertex 1.746699e+01 6.550000e+00 4.500000e+00
         vertex 1.751698e+01 6.478607e+00 4.500000e+00
      endloop
   endfacet
   facet normal 0.000000e+00 0.000000e+00 -1.000000e+00
      outer loop
         vertex 1.695000e+01 5.625000e+00 4.500000e+00
         vertex 1.751698e+01 6.478607e+00 4.500000e+00
         vertex 1.757861e+01 6.416978e+00 4.500000e+00
      endloop
   endfacet
   facet normal -0.000000e+00 0.000000e+00 -1.000000e+00
      outer loop
         vertex 1.757861e+01 1.498302e+01 4.500000e+00
         vertex 1.751698e+01 1.492139e+01 4.500000e+00
         vertex 1.095000e+01 1.885000e+01 4.500000e+00
      endloop
   endfacet
   facet normal 0.000000e+00 0.000000e+00 -1.000000e+00
      outer loop
         vertex 1.095000e+01 1.885000e+01 4.500000e+00
         vertex 1.751698e+01 1.492139e+01 4.500000e+00
         vertex 1.746699e+01 1.485000e+01 4.500000e+00
      endloop
   endfacet
   facet normal 0.000000e+00 0.000000e+00 -1.000000e+00
      outer loop
         vertex 1.095000e+01 1.885000e+01 4.500000e+00
         vertex 1.746699e+01 1.485000e+01 4.500000e+00
         vertex 1.095000e+01 1.700000e+01 4.500000e+00
      endloop
   endfacet
   facet normal 0.000000e+00 0.000000e+00 -1.000000e+00
      outer loop
         vertex 1.095000e+01 1.700000e+01 4.500000e+00
         vertex 1.746699e+01 1.485000e+01 4.500000e+00
         vertex 1.743015e+01 1.477101e+01 4.500000e+00
      endloop
   endfacet
   facet normal 0.000000e+00 -0.000000e+00 -1.000000e+00
      outer loop
         vertex 1.095000e+01 1.700000e+01 4.500000e+00
         vertex 1.743015e+01 1.477101e+01 4.500000e+00
         vertex 1.094240e+01 1.691318e+01 4.500000e+00
      endloop
   endfacet
   facet normal 0.000000e+00 -0.000000e+00 -1.000000e+00
      outer loop
         vertex 1.094240e+01 1.691318e+01 4.500000e+00
         vertex 1.743015e+01 1.477101e+01 4.500000e+00
         vertex 1.091985e+01 1.682899e+01 4.500000e+00
      endloop
   endfacet
   facet normal 0.000000e+00 0.000000e+00 -1.000000e+00
      outer loop
         vertex 2.727101e+01 1.506985e+01 4.500000e+00
         vertex 2.718682e+01 1.509240e+01 4.500000e+00
         vertex 3.867500e+01 1.885000e+01 4.500000e+00
      endloop
   endfacet
   facet normal -0.000000e+00 0.000000e+00 -1.000000e+00
      outer loop
         vertex 3.867500e+01 1.885000e+01 4.500000e+00
         vertex 2.718682e+01 1.509240e+01 4.500000e+00
         vertex 2.142500e+01 1.885000e+01 4.500000e+00
      endloop
   endfacet
   facet normal 0.000000e+00 0.000000e+00 -1.000000e+00
      outer loop
         vertex 2.718682e+01 1.509240e+01 4.500000e+00
         vertex 2.710000e+01 1.510000e+01 4.500000e+00
         vertex 2.142500e+01 1.885000e+01 4.500000e+00
      endloop
   endfacet
   facet normal 0.000000e+00 0.000000e+00 -1.000000e+00
      outer loop
         vertex 2.142500e+01 1.885000e+01 4.500000e+00
         vertex 2.710000e+01 1.510000e+01 4.500000e+00
         vertex 2.142500e+01 1.510000e+01 4.500000e+00
      endloop
   endfacet
   facet normal -0.000000e+00 -0.000000e+00 -1.000000e+00
      outer loop
         vertex 2.142500e+01 1.885000e+01 4.500000e+00
         vertex 2.142500e+01 1.510000e+01 4.500000e+00
         vertex 1.782500e+01 1.885000e+01 4.500000e+00
      endloop
   endfacet
   facet normal 0.000000e+00 0.000000e+00 -1.000000e+00
      outer loop
         vertex 1.782500e+01 1.885000e+01 4.500000e+00
         vertex 2.142500e+01 1.510000e+01 4.500000e+00
         vertex 1.790000e+01 1.510000e+01 4.500000e+00
      endloop
   endfacet
   facet normal 0.000000e+00 -0.000000e+00 -1.000000e+00
      outer loop
         vertex 1.782500e+01 1.885000e+01 4.500000e+00
         vertex 1.790000e+01 1.510000e+01 4.500000e+00
         vertex 1.781318e+01 1.509240e+01 4.500000e+00
      endloop
   endfacet
   facet normal 0.000000e+00 -0.000000e+00 -1.000000e+00
      outer loop
         vertex 2.718682e+01 6.307596e+00 4.500000e+00
         vertex 3.867500e+01 5.625000e+00 4.500000e+00
         vertex 2.710000e+01 6.300000e+00 4.500000e+00
      endloop
   endfacet
   facet normal 0.000000e+00 -0.000000e+00 -1.000000e+00
      outer loop
         vertex 2.710000e+01 6.300000e+00 4.500000e+00
         vertex 3.867500e+01 5.625000e+00 4.500000e+00
         vertex 2.142500e+01 5.625000e+00 4.500000e+00
      endloop
   endfacet
   facet normal 0.000000e+00 0.000000e+00 -1.000000e+00
      outer loop
         vertex 1.772899e+01 6.330154e+00 4.500000e+00
         vertex 1.781318e+01 6.307596e+00 4.500000e+00
         vertex 1.782500e+01 5.625000e+00 4.500000e+00
      endloop
   endfacet
   facet normal 0.000000e+00 0.000000e+00 -1.000000e+00
      outer loop
         vertex 1.782500e+01 5.625000e+00 4.500000e+00
         vertex 1.781318e+01 6.307596e+00 4.500000e+00
         vertex 1.790000e+01 6.300000e+00 4.500000e+00
      endloop
   endfacet
   facet normal 0.000000e+00 0.000000e+00 -1.000000e+00
      outer loop
         vertex 1.782500e+01 5.625000e+00 4.500000e+00
         vertex 1.790000e+01 6.300000e+00 4.500000e+00
         vertex 2.142500e+01 5.625000e+00 4.500000e+00
      endloop
   endfacet
   facet normal 0.000000e+00 0.000000e+00 -1.000000e+00
      outer loop
         vertex 2.142500e+01 5.625000e+00 4.500000e+00
         vertex 1.790000e+01 6.300000e+00 4.500000e+00
         vertex 2.142500e+01 6.300000e+00 4.500000e+00
      endloop
   endfacet
   facet normal 0.000000e+00 0.000000e+00 -1.000000e+00
      outer loop
         vertex 2.142500e+01 5.625000e+00 4.500000e+00
         vertex 2.142500e+01 6.300000e+00 4.500000e+00
         vertex 2.710000e+01 6.300000e+00 4.500000e+00
      endloop
   endfacet
   facet normal 0.000000e+00 0.000000e+00 -1.000000e+00
      outer loop
         vertex 2.718682e+01 6.307596e+00 4.500000e+00
         vertex 2.727101e+01 6.330154e+00 4.500000e+00
         vertex 3.867500e+01 5.625000e+00 4.500000e+00
      endloop
   endfacet
   facet normal 0.000000e+00 0.000000e+00 -1.000000e+00
      outer loop
         vertex 3.867500e+01 5.625000e+00 4.500000e+00
         vertex 2.727101e+01 6.330154e+00 4.500000e+00
         vertex 2.735000e+01 6.366988e+00 4.500000e+00
      endloop
   endfacet
   facet normal 0.000000e+00 0.000000e+00 -1.000000e+00
      outer loop
         vertex 3.867500e+01 5.625000e+00 4.500000e+00
         vertex 2.735000e+01 6.366988e+00 4.500000e+00
         vertex 2.742139e+01 6.416978e+00 4.500000e+00
      endloop
   endfacet
   facet normal 0.000000e+00 0.000000e+00 -1.000000e+00
      outer loop
         vertex 2.759240e+01 1.468682e+01 4.500000e+00
         vertex 2.756985e+01 1.477101e+01 4.500000e+00
         vertex 3.867500e+01 1.885000e+01 4.500000e+00
      endloop
   endfacet
   facet normal 0.000000e+00 0.000000e+00 -1.000000e+00
      outer loop
         vertex 3.867500e+01 1.885000e+01 4.500000e+00
         vertex 2.756985e+01 1.477101e+01 4.500000e+00
         vertex 2.753301e+01 1.485000e+01 4.500000e+00
      endloop
   endfacet
   facet normal 0.000000e+00 0.000000e+00 -1.000000e+00
      outer loop
         vertex 3.867500e+01 1.885000e+01 4.500000e+00
         vertex 2.753301e+01 1.485000e+01 4.500000e+00
         vertex 2.748302e+01 1.492139e+01 4.500000e+00
      endloop
   endfacet
   facet normal 0.000000e+00 0.000000e+00 -1.000000e+00
      outer loop
         vertex 2.742139e+01 6.416978e+00 4.500000e+00
         vertex 2.748302e+01 6.478607e+00 4.500000e+00
         vertex 3.867500e+01 5.625000e+00 4.500000e+00
      endloop
   endfacet
   facet normal 0.000000e+00 0.000000e+00 -1.000000e+00
      outer loop
         vertex 3.867500e+01 5.625000e+00 4.500000e+00
         vertex 2.748302e+01 6.478607e+00 4.500000e+00
         vertex 2.753301e+01 6.550000e+00 4.500000e+00
      endloop
   endfacet
   facet normal 0.000000e+00 0.000000e+00 -1.000000e+00
      outer loop
         vertex 3.867500e+01 5.625000e+00 4.500000e+00
         vertex 2.753301e+01 6.550000e+00 4.500000e+00
         vertex 2.756985e+01 6.628990e+00 4.500000e+00
      endloop
   endfacet
   facet normal 0.000000e+00 0.000000e+00 -1.000000e+00
      outer loop
         vertex 2.748302e+01 1.492139e+01 4.500000e+00
         vertex 2.742139e+01 1.498302e+01 4.500000e+00
         vertex 3.867500e+01 1.885000e+01 4.500000e+00
      endloop
   endfacet
   facet normal 0.000000e+00 0.000000e+00 -1.000000e+00
      outer loop
         vertex 3.867500e+01 1.885000e+01 4.500000e+00
         vertex 2.742139e+01 1.498302e+01 4.500000e+00
         vertex 2.735000e+01 1.503301e+01 4.500000e+00
      endloop
   endfacet
   facet normal 0.000000e+00 0.000000e+00 -1.000000e+00
      outer loop
         vertex 3.867500e+01 1.885000e+01 4.500000e+00
         vertex 2.735000e+01 1.503301e+01 4.500000e+00
         vertex 2.727101e+01 1.506985e+01 4.500000e+00
      endloop
   endfacet
   facet normal 0.000000e+00 0.000000e+00 -1.000000e+00
      outer loop
         vertex 2.756985e+01 6.628990e+00 4.500000e+00
         vertex 2.759240e+01 6.713176e+00 4.500000e+00
         vertex 3.867500e+01 5.625000e+00 4.500000e+00
      endloop
   endfacet
   facet normal 0.000000e+00 0.000000e+00 -1.000000e+00
      outer loop
         vertex 3.867500e+01 5.625000e+00 4.500000e+00
         vertex 2.759240e+01 6.713176e+00 4.500000e+00
         vertex 2.760000e+01 6.800001e+00 4.500000e+00
      endloop
   endfacet
   facet normal 0.000000e+00 0.000000e+00 -1.000000e+00
      outer loop
         vertex 3.867500e+01 5.625000e+00 4.500000e+00
         vertex 2.760000e+01 6.800001e+00 4.500000e+00
         vertex 3.867500e+01 1.885000e+01 4.500000e+00
      endloop
   endfacet
   facet normal 0.000000e+00 0.000000e+00 -1.000000e+00
      outer loop
         vertex 3.867500e+01 1.885000e+01 4.500000e+00
         vertex 2.760000e+01 6.800001e+00 4.500000e+00
         vertex 2.760000e+01 1.460000e+01 4.500000e+00
      endloop
   endfacet
   facet normal 0.000000e+00 0.000000e+00 -1.000000e+00
      outer loop
         vertex 3.867500e+01 1.885000e+01 4.500000e+00
         vertex 2.760000e+01 1.460000e+01 4.500000e+00
         vertex 2.759240e+01 1.468682e+01 4.500000e+00
      endloop
   endfacet
   facet normal 0.000000e+00 -0.000000e+00 -1.000000e+00
      outer loop
         vertex 1.743015e+01 2.862899e+01 4.500000e+00
         vertex 1.746699e+01 2.855000e+01 4.500000e+00
         vertex 1.095000e+01 2.545000e+01 4.500000e+00
      endloop
   endfacet
   facet normal 0.000000e+00 0.000000e+00 -1.000000e+00
      outer loop
         vertex 1.045000e+01 2.700000e+01 4.500000e+00
         vertex 1.499999e+00 2.700000e+01 4.500000e+00
         vertex 1.499999e+00 2.890000e+01 4.500000e+00
      endloop
   endfacet
   facet normal 0.000000e+00 0.000000e+00 -1.000000e+00
      outer loop
         vertex 1.077139e+01 2.688302e+01 4.500000e+00
         vertex 1.070000e+01 2.693301e+01 4.500000e+00
         vertex 1.499999e+00 3.420000e+01 4.500000e+00
      endloop
   endfacet
   facet normal 0.000000e+00 0.000000e+00 -1.000000e+00
      outer loop
         vertex 1.499999e+00 3.420000e+01 4.500000e+00
         vertex 1.070000e+01 2.693301e+01 4.500000e+00
         vertex 1.062101e+01 2.696985e+01 4.500000e+00
      endloop
   endfacet
   facet normal 0.000000e+00 0.000000e+00 -1.000000e+00
      outer loop
         vertex 1.499999e+00 3.420000e+01 4.500000e+00
         vertex 1.062101e+01 2.696985e+01 4.500000e+00
         vertex 1.053682e+01 2.699240e+01 4.500000e+00
      endloop
   endfacet
   facet normal 0.000000e+00 0.000000e+00 -1.000000e+00
      outer loop
         vertex 0.000000e+00 2.890000e+01 4.500000e+00
         vertex 0.000000e+00 3.420000e+01 4.500000e+00
         vertex 1.499999e+00 2.890000e+01 4.500000e+00
      endloop
   endfacet
   facet normal 0.000000e+00 0.000000e+00 -1.000000e+00
      outer loop
         vertex 1.499999e+00 2.890000e+01 4.500000e+00
         vertex 0.000000e+00 3.420000e+01 4.500000e+00
         vertex 1.499999e+00 3.420000e+01 4.500000e+00
      endloop
   endfacet
   facet normal 0.000000e+00 0.000000e+00 -1.000000e+00
      outer loop
         vertex 1.499999e+00 2.890000e+01 4.500000e+00
         vertex 1.499999e+00 3.420000e+01 4.500000e+00
         vertex 1.045000e+01 2.700000e+01 4.500000e+00
      endloop
   endfacet
   facet normal 0.000000e+00 0.000000e+00 -1.000000e+00
      outer loop
         vertex 1.045000e+01 2.700000e+01 4.500000e+00
         vertex 1.499999e+00 3.420000e+01 4.500000e+00
         vertex 1.053682e+01 2.699240e+01 4.500000e+00
      endloop
   endfacet
   facet normal 0.000000e+00 -0.000000e+00 -1.000000e+00
      outer loop
         vertex 1.746699e+01 2.855000e+01 4.500000e+00
         vertex 1.751698e+01 2.847861e+01 4.500000e+00
         vertex 1.095000e+01 2.545000e+01 4.500000e+00
      endloop
   endfacet
   facet normal 0.000000e+00 0.000000e+00 -1.000000e+00
      outer loop
         vertex 1.095000e+01 2.545000e+01 4.500000e+00
         vertex 1.751698e+01 2.847861e+01 4.500000e+00
         vertex 1.757861e+01 2.841698e+01 4.500000e+00
      endloop
   endfacet
   facet normal 0.000000e+00 0.000000e+00 -1.000000e+00
      outer loop
         vertex 1.095000e+01 2.545000e+01 4.500000e+00
         vertex 1.757861e+01 2.841698e+01 4.500000e+00
         vertex 1.782500e+01 2.545000e+01 4.500000e+00
      endloop
   endfacet
   facet normal 0.000000e+00 0.000000e+00 -1.000000e+00
      outer loop
         vertex 1.782500e+01 2.545000e+01 4.500000e+00
         vertex 1.757861e+01 2.841698e+01 4.500000e+00
         vertex 1.765000e+01 2.836699e+01 4.500000e+00
      endloop
   endfacet
   facet normal 0.000000e+00 0.000000e+00 -1.000000e+00
      outer loop
         vertex 1.782500e+01 2.545000e+01 4.500000e+00
         vertex 1.765000e+01 2.836699e+01 4.500000e+00
         vertex 1.772899e+01 2.833015e+01 4.500000e+00
      endloop
   endfacet
   facet normal 0.000000e+00 0.000000e+00 -1.000000e+00
      outer loop
         vertex 1.671604e+01 3.640721e+01 4.500000e+00
         vertex 1.681603e+01 3.655000e+01 4.500000e+00
         vertex 1.746699e+01 3.685000e+01 4.500000e+00
      endloop
   endfacet
   facet normal 0.000000e+00 -0.000000e+00 -1.000000e+00
      outer loop
         vertex 1.740000e+01 3.660000e+01 4.500000e+00
         vertex 1.740000e+01 2.880000e+01 4.500000e+00
         vertex 1.091985e+01 2.667101e+01 4.500000e+00
      endloop
   endfacet
   facet normal 0.000000e+00 0.000000e+00 -1.000000e+00
      outer loop
         vertex 1.091985e+01 2.667101e+01 4.500000e+00
         vertex 1.740000e+01 2.880000e+01 4.500000e+00
         vertex 1.740760e+01 2.871318e+01 4.500000e+00
      endloop
   endfacet
   facet normal 0.000000e+00 0.000000e+00 -1.000000e+00
      outer loop
         vertex 1.091985e+01 2.667101e+01 4.500000e+00
         vertex 1.740760e+01 2.871318e+01 4.500000e+00
         vertex 1.094240e+01 2.658682e+01 4.500000e+00
      endloop
   endfacet
   facet normal 0.000000e+00 0.000000e+00 -1.000000e+00
      outer loop
         vertex 1.094240e+01 2.658682e+01 4.500000e+00
         vertex 1.740760e+01 2.871318e+01 4.500000e+00
         vertex 1.743015e+01 2.862899e+01 4.500000e+00
      endloop
   endfacet
   facet normal 0.000000e+00 0.000000e+00 -1.000000e+00
      outer loop
         vertex 1.094240e+01 2.658682e+01 4.500000e+00
         vertex 1.743015e+01 2.862899e+01 4.500000e+00
         vertex 1.095000e+01 2.650000e+01 4.500000e+00
      endloop
   endfacet
   facet normal 0.000000e+00 0.000000e+00 -1.000000e+00
      outer loop
         vertex 1.095000e+01 2.650000e+01 4.500000e+00
         vertex 1.743015e+01 2.862899e+01 4.500000e+00
         vertex 1.095000e+01 2.545000e+01 4.500000e+00
      endloop
   endfacet
   facet normal 0.000000e+00 -0.000000e+00 -1.000000e+00
      outer loop
         vertex 1.710307e+00 3.670798e+01 4.500000e+00
         vertex 1.783974e+00 3.655000e+01 4.500000e+00
         vertex 1.499999e+00 3.420000e+01 4.500000e+00
      endloop
   endfacet
   facet normal 0.000000e+00 0.000000e+00 -1.000000e+00
      outer loop
         vertex 1.499999e+00 3.420000e+01 4.500000e+00
         vertex 1.783974e+00 3.655000e+01 4.500000e+00
         vertex 1.883956e+00 3.640721e+01 4.500000e+00
      endloop
   endfacet
   facet normal 0.000000e+00 -0.000000e+00 -1.000000e+00
      outer loop
         vertex 1.645000e+01 3.618397e+01 4.500000e+00
         vertex 1.659279e+01 3.628396e+01 4.500000e+00
         vertex 1.083302e+01 2.682139e+01 4.500000e+00
      endloop
   endfacet
   facet normal 0.000000e+00 -0.000000e+00 -1.000000e+00
      outer loop
         vertex 1.883956e+00 3.640721e+01 4.500000e+00
         vertex 2.007212e+00 3.628396e+01 4.500000e+00
         vertex 1.499999e+00 3.420000e+01 4.500000e+00
      endloop
   endfacet
   facet normal 0.000000e+00 0.000000e+00 -1.000000e+00
      outer loop
         vertex 1.499999e+00 3.420000e+01 4.500000e+00
         vertex 2.007212e+00 3.628396e+01 4.500000e+00
         vertex 2.149999e+00 3.618397e+01 4.500000e+00
      endloop
   endfacet
   facet normal 0.000000e+00 0.000000e+00 -1.000000e+00
      outer loop
         vertex 1.499999e+00 3.420000e+01 4.500000e+00
         vertex 2.149999e+00 3.618397e+01 4.500000e+00
         vertex 2.307979e+00 3.611031e+01 4.500000e+00
      endloop
   endfacet
   facet normal 0.000000e+00 0.000000e+00 -1.000000e+00
      outer loop
         vertex 1.782500e+01 3.777500e+01 4.500000e+00
         vertex 1.781318e+01 3.709240e+01 4.500000e+00
         vertex 1.772899e+01 3.706985e+01 4.500000e+00
      endloop
   endfacet
   facet normal 0.000000e+00 0.000000e+00 -1.000000e+00
      outer loop
         vertex 1.077139e+01 2.688302e+01 4.500000e+00
         vertex 1.612365e+01 3.606519e+01 4.500000e+00
         vertex 1.083302e+01 2.682139e+01 4.500000e+00
      endloop
   endfacet
   facet normal 0.000000e+00 0.000000e+00 -1.000000e+00
      outer loop
         vertex 1.083302e+01 2.682139e+01 4.500000e+00
         vertex 1.612365e+01 3.606519e+01 4.500000e+00
         vertex 1.629202e+01 3.611031e+01 4.500000e+00
      endloop
   endfacet
   facet normal 0.000000e+00 0.000000e+00 -1.000000e+00
      outer loop
         vertex 1.083302e+01 2.682139e+01 4.500000e+00
         vertex 1.629202e+01 3.611031e+01 4.500000e+00
         vertex 1.645000e+01 3.618397e+01 4.500000e+00
      endloop
   endfacet
   facet normal -0.000000e+00 0.000000e+00 -1.000000e+00
      outer loop
         vertex 1.740000e+01 3.660000e+01 4.500000e+00
         vertex 1.091985e+01 2.667101e+01 4.500000e+00
         vertex 1.740760e+01 3.668682e+01 4.500000e+00
      endloop
   endfacet
   facet normal 0.000000e+00 0.000000e+00 -1.000000e+00
      outer loop
         vertex 1.740760e+01 3.668682e+01 4.500000e+00
         vertex 1.091985e+01 2.667101e+01 4.500000e+00
         vertex 1.088301e+01 2.675000e+01 4.500000e+00
      endloop
   endfacet
   facet normal -0.000000e+00 0.000000e+00 -1.000000e+00
      outer loop
         vertex 1.740760e+01 3.668682e+01 4.500000e+00
         vertex 1.088301e+01 2.675000e+01 4.500000e+00
         vertex 1.743015e+01 3.677101e+01 4.500000e+00
      endloop
   endfacet
   facet normal 0.000000e+00 0.000000e+00 -1.000000e+00
      outer loop
         vertex 1.743015e+01 3.677101e+01 4.500000e+00
         vertex 1.088301e+01 2.675000e+01 4.500000e+00
         vertex 1.083302e+01 2.682139e+01 4.500000e+00
      endloop
   endfacet
   facet normal -0.000000e+00 0.000000e+00 -1.000000e+00
      outer loop
         vertex 1.743015e+01 3.677101e+01 4.500000e+00
         vertex 1.083302e+01 2.682139e+01 4.500000e+00
         vertex 1.746699e+01 3.685000e+01 4.500000e+00
      endloop
   endfacet
   facet normal 0.000000e+00 0.000000e+00 -1.000000e+00
      outer loop
         vertex 1.746699e+01 3.685000e+01 4.500000e+00
         vertex 1.083302e+01 2.682139e+01 4.500000e+00
         vertex 1.659279e+01 3.628396e+01 4.500000e+00
      endloop
   endfacet
   facet normal 0.000000e+00 0.000000e+00 -1.000000e+00
      outer loop
         vertex 1.746699e+01 3.685000e+01 4.500000e+00
         vertex 1.659279e+01 3.628396e+01 4.500000e+00
         vertex 1.671604e+01 3.640721e+01 4.500000e+00
      endloop
   endfacet
   facet normal -0.000000e+00 0.000000e+00 -1.000000e+00
      outer loop
         vertex 1.765000e+01 3.703301e+01 4.500000e+00
         vertex 1.757861e+01 3.698302e+01 4.500000e+00
         vertex 1.695000e+01 3.777500e+01 4.500000e+00
      endloop
   endfacet
   facet normal 0.000000e+00 0.000000e+00 -1.000000e+00
      outer loop
         vertex 1.695000e+01 3.777500e+01 4.500000e+00
         vertex 1.757861e+01 3.698302e+01 4.500000e+00
         vertex 1.751698e+01 3.692139e+01 4.500000e+00
      endloop
   endfacet
   facet normal 0.000000e+00 0.000000e+00 -1.000000e+00
      outer loop
         vertex 1.681603e+01 3.655000e+01 4.500000e+00
         vertex 1.688969e+01 3.670798e+01 4.500000e+00
         vertex 1.746699e+01 3.685000e+01 4.500000e+00
      endloop
   endfacet
   facet normal -0.000000e+00 0.000000e+00 -1.000000e+00
      outer loop
         vertex 1.746699e+01 3.685000e+01 4.500000e+00
         vertex 1.688969e+01 3.670798e+01 4.500000e+00
         vertex 1.693481e+01 3.687635e+01 4.500000e+00
      endloop
   endfacet
   facet normal 0.000000e+00 0.000000e+00 -1.000000e+00
      outer loop
         vertex 1.746699e+01 3.685000e+01 4.500000e+00
         vertex 1.693481e+01 3.687635e+01 4.500000e+00
         vertex 1.751698e+01 3.692139e+01 4.500000e+00
      endloop
   endfacet
   facet normal -0.000000e+00 0.000000e+00 -1.000000e+00
      outer loop
         vertex 1.751698e+01 3.692139e+01 4.500000e+00
         vertex 1.693481e+01 3.687635e+01 4.500000e+00
         vertex 1.695000e+01 3.705000e+01 4.500000e+00
      endloop
   endfacet
   facet normal 0.000000e+00 0.000000e+00 -1.000000e+00
      outer loop
         vertex 1.751698e+01 3.692139e+01 4.500000e+00
         vertex 1.695000e+01 3.705000e+01 4.500000e+00
         vertex 1.695000e+01 3.777500e+01 4.500000e+00
      endloop
   endfacet
   facet normal 0.000000e+00 -0.000000e+00 -1.000000e+00
      outer loop
         vertex 2.307979e+00 3.611031e+01 4.500000e+00
         vertex 2.476351e+00 3.606519e+01 4.500000e+00
         vertex 1.499999e+00 3.420000e+01 4.500000e+00
      endloop
   endfacet
   facet normal 0.000000e+00 0.000000e+00 -1.000000e+00
      outer loop
         vertex 1.499999e+00 3.420000e+01 4.500000e+00
         vertex 2.476351e+00 3.606519e+01 4.500000e+00
         vertex 2.650000e+00 3.605000e+01 4.500000e+00
      endloop
   endfacet
   facet normal 0.000000e+00 0.000000e+00 -1.000000e+00
      outer loop
         vertex 1.499999e+00 3.420000e+01 4.500000e+00
         vertex 2.650000e+00 3.605000e+01 4.500000e+00
         vertex 1.077139e+01 2.688302e+01 4.500000e+00
      endloop
   endfacet
   facet normal 0.000000e+00 0.000000e+00 -1.000000e+00
      outer loop
         vertex 1.077139e+01 2.688302e+01 4.500000e+00
         vertex 2.650000e+00 3.605000e+01 4.500000e+00
         vertex 1.595000e+01 3.605000e+01 4.500000e+00
      endloop
   endfacet
   facet normal 0.000000e+00 0.000000e+00 -1.000000e+00
      outer loop
         vertex 1.077139e+01 2.688302e+01 4.500000e+00
         vertex 1.595000e+01 3.605000e+01 4.500000e+00
         vertex 1.612365e+01 3.606519e+01 4.500000e+00
      endloop
   endfacet
   facet normal 0.000000e+00 0.000000e+00 -1.000000e+00
      outer loop
         vertex 2.206985e+01 3.677101e+01 4.500000e+00
         vertex 2.203301e+01 3.685000e+01 4.500000e+00
         vertex 3.867500e+01 3.777500e+01 4.500000e+00
      endloop
   endfacet
   facet normal 0.000000e+00 -0.000000e+00 -1.000000e+00
      outer loop
         vertex 2.160000e+01 2.830000e+01 4.500000e+00
         vertex 2.168682e+01 2.830760e+01 4.500000e+00
         vertex 2.142500e+01 2.545000e+01 4.500000e+00
      endloop
   endfacet
   facet normal 0.000000e+00 0.000000e+00 -1.000000e+00
      outer loop
         vertex 2.198302e+01 2.847861e+01 4.500000e+00
         vertex 2.203301e+01 2.855000e+01 4.500000e+00
         vertex 3.867500e+01 2.545000e+01 4.500000e+00
      endloop
   endfacet
   facet normal 0.000000e+00 0.000000e+00 -1.000000e+00
      outer loop
         vertex 3.867500e+01 2.545000e+01 4.500000e+00
         vertex 2.203301e+01 2.855000e+01 4.500000e+00
         vertex 2.206985e+01 2.862899e+01 4.500000e+00
      endloop
   endfacet
   facet normal 0.000000e+00 0.000000e+00 -1.000000e+00
      outer loop
         vertex 2.206985e+01 3.677101e+01 4.500000e+00
         vertex 3.867500e+01 3.777500e+01 4.500000e+00
         vertex 2.209240e+01 3.668682e+01 4.500000e+00
      endloop
   endfacet
   facet normal 0.000000e+00 0.000000e+00 -1.000000e+00
      outer loop
         vertex 1.772899e+01 2.833015e+01 4.500000e+00
         vertex 1.781318e+01 2.830760e+01 4.500000e+00
         vertex 1.782500e+01 2.545000e+01 4.500000e+00
      endloop
   endfacet
   facet normal 0.000000e+00 0.000000e+00 -1.000000e+00
      outer loop
         vertex 1.782500e+01 2.545000e+01 4.500000e+00
         vertex 1.781318e+01 2.830760e+01 4.500000e+00
         vertex 1.790000e+01 2.830000e+01 4.500000e+00
      endloop
   endfacet
   facet normal 0.000000e+00 0.000000e+00 -1.000000e+00
      outer loop
         vertex 1.782500e+01 2.545000e+01 4.500000e+00
         vertex 1.790000e+01 2.830000e+01 4.500000e+00
         vertex 2.142500e+01 2.545000e+01 4.500000e+00
      endloop
   endfacet
   facet normal 0.000000e+00 0.000000e+00 -1.000000e+00
      outer loop
         vertex 2.142500e+01 2.545000e+01 4.500000e+00
         vertex 1.790000e+01 2.830000e+01 4.500000e+00
         vertex 2.142500e+01 2.830000e+01 4.500000e+00
      endloop
   endfacet
   facet normal 0.000000e+00 0.000000e+00 -1.000000e+00
      outer loop
         vertex 2.142500e+01 2.545000e+01 4.500000e+00
         vertex 2.142500e+01 2.830000e+01 4.500000e+00
         vertex 2.160000e+01 2.830000e+01 4.500000e+00
      endloop
   endfacet
   facet normal 0.000000e+00 -0.000000e+00 -1.000000e+00
      outer loop
         vertex 2.168682e+01 2.830760e+01 4.500000e+00
         vertex 2.177101e+01 2.833015e+01 4.500000e+00
         vertex 2.142500e+01 2.545000e+01 4.500000e+00
      endloop
   endfacet
   facet normal 0.000000e+00 0.000000e+00 -1.000000e+00
      outer loop
         vertex 2.142500e+01 2.545000e+01 4.500000e+00
         vertex 2.177101e+01 2.833015e+01 4.500000e+00
         vertex 2.185000e+01 2.836699e+01 4.500000e+00
      endloop
   endfacet
   facet normal 0.000000e+00 0.000000e+00 -1.000000e+00
      outer loop
         vertex 2.142500e+01 2.545000e+01 4.500000e+00
         vertex 2.185000e+01 2.836699e+01 4.500000e+00
         vertex 3.867500e+01 2.545000e+01 4.500000e+00
      endloop
   endfacet
   facet normal 0.000000e+00 0.000000e+00 -1.000000e+00
      outer loop
         vertex 3.867500e+01 2.545000e+01 4.500000e+00
         vertex 2.185000e+01 2.836699e+01 4.500000e+00
         vertex 2.192139e+01 2.841698e+01 4.500000e+00
      endloop
   endfacet
   facet normal 0.000000e+00 0.000000e+00 -1.000000e+00
      outer loop
         vertex 3.867500e+01 2.545000e+01 4.500000e+00
         vertex 2.192139e+01 2.841698e+01 4.500000e+00
         vertex 2.198302e+01 2.847861e+01 4.500000e+00
      endloop
   endfacet
   facet normal 0.000000e+00 0.000000e+00 -1.000000e+00
      outer loop
         vertex 2.177101e+01 3.706985e+01 4.500000e+00
         vertex 2.168682e+01 3.709240e+01 4.500000e+00
         vertex 2.142500e+01 3.777500e+01 4.500000e+00
      endloop
   endfacet
   facet normal 0.000000e+00 0.000000e+00 -1.000000e+00
      outer loop
         vertex 2.168682e+01 3.709240e+01 4.500000e+00
         vertex 2.160000e+01 3.710000e+01 4.500000e+00
         vertex 2.142500e+01 3.777500e+01 4.500000e+00
      endloop
   endfacet
   facet normal 0.000000e+00 0.000000e+00 -1.000000e+00
      outer loop
         vertex 2.142500e+01 3.777500e+01 4.500000e+00
         vertex 2.160000e+01 3.710000e+01 4.500000e+00
         vertex 2.142500e+01 3.710000e+01 4.500000e+00
      endloop
   endfacet
   facet normal -0.000000e+00 -0.000000e+00 -1.000000e+00
      outer loop
         vertex 2.142500e+01 3.777500e+01 4.500000e+00
         vertex 2.142500e+01 3.710000e+01 4.500000e+00
         vertex 1.782500e+01 3.777500e+01 4.500000e+00
      endloop
   endfacet
   facet normal 0.000000e+00 0.000000e+00 -1.000000e+00
      outer loop
         vertex 1.782500e+01 3.777500e+01 4.500000e+00
         vertex 2.142500e+01 3.710000e+01 4.500000e+00
         vertex 1.790000e+01 3.710000e+01 4.500000e+00
      endloop
   endfacet
   facet normal 0.000000e+00 -0.000000e+00 -1.000000e+00
      outer loop
         vertex 1.782500e+01 3.777500e+01 4.500000e+00
         vertex 1.790000e+01 3.710000e+01 4.500000e+00
         vertex 1.781318e+01 3.709240e+01 4.500000e+00
      endloop
   endfacet
   facet normal 0.000000e+00 0.000000e+00 -1.000000e+00
      outer loop
         vertex 2.203301e+01 3.685000e+01 4.500000e+00
         vertex 2.198302e+01 3.692139e+01 4.500000e+00
         vertex 3.867500e+01 3.777500e+01 4.500000e+00
      endloop
   endfacet
   facet normal 0.000000e+00 0.000000e+00 -1.000000e+00
      outer loop
         vertex 3.867500e+01 3.777500e+01 4.500000e+00
         vertex 2.198302e+01 3.692139e+01 4.500000e+00
         vertex 2.192139e+01 3.698302e+01 4.500000e+00
      endloop
   endfacet
   facet normal -0.000000e+00 0.000000e+00 -1.000000e+00
      outer loop
         vertex 3.867500e+01 3.777500e+01 4.500000e+00
         vertex 2.192139e+01 3.698302e+01 4.500000e+00
         vertex 2.142500e+01 3.777500e+01 4.500000e+00
      endloop
   endfacet
   facet normal 0.000000e+00 0.000000e+00 -1.000000e+00
      outer loop
         vertex 2.142500e+01 3.777500e+01 4.500000e+00
         vertex 2.192139e+01 3.698302e+01 4.500000e+00
         vertex 2.185000e+01 3.703301e+01 4.500000e+00
      endloop
   endfacet
   facet normal 0.000000e+00 0.000000e+00 -1.000000e+00
      outer loop
         vertex 2.142500e+01 3.777500e+01 4.500000e+00
         vertex 2.185000e+01 3.703301e+01 4.500000e+00
         vertex 2.177101e+01 3.706985e+01 4.500000e+00
      endloop
   endfacet
   facet normal 0.000000e+00 0.000000e+00 -1.000000e+00
      outer loop
         vertex 2.206985e+01 2.862899e+01 4.500000e+00
         vertex 2.209240e+01 2.871318e+01 4.500000e+00
         vertex 3.867500e+01 2.545000e+01 4.500000e+00
      endloop
   endfacet
   facet normal 0.000000e+00 0.000000e+00 -1.000000e+00
      outer loop
         vertex 3.867500e+01 2.545000e+01 4.500000e+00
         vertex 2.209240e+01 2.871318e+01 4.500000e+00
         vertex 2.210000e+01 2.880000e+01 4.500000e+00
      endloop
   endfacet
   facet normal 0.000000e+00 0.000000e+00 -1.000000e+00
      outer loop
         vertex 3.867500e+01 2.545000e+01 4.500000e+00
         vertex 2.210000e+01 2.880000e+01 4.500000e+00
         vertex 3.867500e+01 3.777500e+01 4.500000e+00
      endloop
   endfacet
   facet normal 0.000000e+00 0.000000e+00 -1.000000e+00
      outer loop
         vertex 3.867500e+01 3.777500e+01 4.500000e+00
         vertex 2.210000e+01 2.880000e+01 4.500000e+00
         vertex 2.210000e+01 3.660000e+01 4.500000e+00
      endloop
   endfacet
   facet normal 0.000000e+00 0.000000e+00 -1.000000e+00
      outer loop
         vertex 3.867500e+01 3.777500e+01 4.500000e+00
         vertex 2.210000e+01 3.660000e+01 4.500000e+00
         vertex 2.209240e+01 3.668682e+01 4.500000e+00
      endloop
   endfacet
   facet normal 0.000000e+00 0.000000e+00 -1.000000e+00
      outer loop
         vertex 3.095000e+01 4.190000e+01 4.500000e+00
         vertex 3.270000e+01 4.190000e+01 4.500000e+00
         vertex 3.867500e+01 3.777500e+01 4.500000e+00
      endloop
   endfacet
   facet normal 0.000000e+00 0.000000e+00 -1.000000e+00
      outer loop
         vertex 2.270000e+01 4.340000e+01 4.500000e+00
         vertex 3.095000e+01 4.340000e+01 4.500000e+00
         vertex 2.270000e+01 4.190000e+01 4.500000e+00
      endloop
   endfacet
   facet normal 0.000000e+00 0.000000e+00 -1.000000e+00
      outer loop
         vertex 2.270000e+01 4.190000e+01 4.500000e+00
         vertex 3.095000e+01 4.340000e+01 4.500000e+00
         vertex 3.095000e+01 4.190000e+01 4.500000e+00
      endloop
   endfacet
   facet normal -0.000000e+00 0.000000e+00 -1.000000e+00
      outer loop
         vertex 1.928294e+01 4.093101e+01 4.500000e+00
         vertex 1.907247e+01 4.087462e+01 4.500000e+00
         vertex 1.782500e+01 4.190000e+01 4.500000e+00
      endloop
   endfacet
   facet normal 0.000000e+00 0.000000e+00 -1.000000e+00
      outer loop
         vertex 1.832538e+01 4.012753e+01 4.500000e+00
         vertex 1.782500e+01 4.190000e+01 4.500000e+00
         vertex 1.841747e+01 4.032500e+01 4.500000e+00
      endloop
   endfacet
   facet normal 0.000000e+00 0.000000e+00 -1.000000e+00
      outer loop
         vertex 1.841747e+01 4.032500e+01 4.500000e+00
         vertex 1.782500e+01 4.190000e+01 4.500000e+00
         vertex 1.854244e+01 4.050349e+01 4.500000e+00
      endloop
   endfacet
   facet normal -0.000000e+00 0.000000e+00 -1.000000e+00
      outer loop
         vertex 1.907247e+01 4.087462e+01 4.500000e+00
         vertex 1.887500e+01 4.078253e+01 4.500000e+00
         vertex 1.782500e+01 4.190000e+01 4.500000e+00
      endloop
   endfacet
   facet normal 0.000000e+00 0.000000e+00 -1.000000e+00
      outer loop
         vertex 1.782500e+01 4.190000e+01 4.500000e+00
         vertex 1.887500e+01 4.078253e+01 4.500000e+00
         vertex 1.869651e+01 4.065756e+01 4.500000e+00
      endloop
   endfacet
   facet normal 0.000000e+00 0.000000e+00 -1.000000e+00
      outer loop
         vertex 1.782500e+01 4.190000e+01 4.500000e+00
         vertex 1.869651e+01 4.065756e+01 4.500000e+00
         vertex 1.854244e+01 4.050349e+01 4.500000e+00
      endloop
   endfacet
   facet normal -0.000000e+00 0.000000e+00 -1.000000e+00
      outer loop
         vertex 1.832538e+01 4.012753e+01 4.500000e+00
         vertex 1.826899e+01 3.991706e+01 4.500000e+00
         vertex 1.782500e+01 4.190000e+01 4.500000e+00
      endloop
   endfacet
   facet normal 0.000000e+00 0.000000e+00 -1.000000e+00
      outer loop
         vertex 1.782500e+01 4.190000e+01 4.500000e+00
         vertex 1.826899e+01 3.991706e+01 4.500000e+00
         vertex 1.825000e+01 3.970000e+01 4.500000e+00
      endloop
   endfacet
   facet normal 0.000000e+00 0.000000e+00 -1.000000e+00
      outer loop
         vertex 1.782500e+01 4.190000e+01 4.500000e+00
         vertex 1.825000e+01 3.970000e+01 4.500000e+00
         vertex 1.782500e+01 3.777500e+01 4.500000e+00
      endloop
   endfacet
   facet normal 0.000000e+00 0.000000e+00 -1.000000e+00
      outer loop
         vertex 1.782500e+01 3.777500e+01 4.500000e+00
         vertex 1.825000e+01 3.970000e+01 4.500000e+00
         vertex 1.826899e+01 3.948294e+01 4.500000e+00
      endloop
   endfacet
   facet normal 0.000000e+00 0.000000e+00 -1.000000e+00
      outer loop
         vertex 1.782500e+01 3.777500e+01 4.500000e+00
         vertex 1.826899e+01 3.948294e+01 4.500000e+00
         vertex 1.832538e+01 3.927248e+01 4.500000e+00
      endloop
   endfacet
   facet normal 0.000000e+00 -0.000000e+00 -1.000000e+00
      outer loop
         vertex 1.869651e+01 3.874245e+01 4.500000e+00
         vertex 1.887500e+01 3.861747e+01 4.500000e+00
         vertex 1.782500e+01 3.777500e+01 4.500000e+00
      endloop
   endfacet
   facet normal 0.000000e+00 0.000000e+00 -1.000000e+00
      outer loop
         vertex 1.782500e+01 3.777500e+01 4.500000e+00
         vertex 1.887500e+01 3.861747e+01 4.500000e+00
         vertex 1.907247e+01 3.852538e+01 4.500000e+00
      endloop
   endfacet
   facet normal 0.000000e+00 -0.000000e+00 -1.000000e+00
      outer loop
         vertex 1.907247e+01 3.852538e+01 4.500000e+00
         vertex 1.928294e+01 3.846899e+01 4.500000e+00
         vertex 1.782500e+01 3.777500e+01 4.500000e+00
      endloop
   endfacet
   facet normal 0.000000e+00 0.000000e+00 -1.000000e+00
      outer loop
         vertex 1.782500e+01 3.777500e+01 4.500000e+00
         vertex 1.928294e+01 3.846899e+01 4.500000e+00
         vertex 1.950000e+01 3.845000e+01 4.500000e+00
      endloop
   endfacet
   facet normal 0.000000e+00 0.000000e+00 -1.000000e+00
      outer loop
         vertex 1.782500e+01 3.777500e+01 4.500000e+00
         vertex 1.950000e+01 3.845000e+01 4.500000e+00
         vertex 2.142500e+01 3.777500e+01 4.500000e+00
      endloop
   endfacet
   facet normal 0.000000e+00 0.000000e+00 -1.000000e+00
      outer loop
         vertex 2.142500e+01 3.777500e+01 4.500000e+00
         vertex 1.950000e+01 3.845000e+01 4.500000e+00
         vertex 1.971706e+01 3.846899e+01 4.500000e+00
      endloop
   endfacet
   facet normal 0.000000e+00 0.000000e+00 -1.000000e+00
      outer loop
         vertex 2.142500e+01 3.777500e+01 4.500000e+00
         vertex 1.971706e+01 3.846899e+01 4.500000e+00
         vertex 1.992752e+01 3.852538e+01 4.500000e+00
      endloop
   endfacet
   facet normal 0.000000e+00 0.000000e+00 -1.000000e+00
      outer loop
         vertex 2.142500e+01 3.777500e+01 4.500000e+00
         vertex 2.045756e+01 3.889652e+01 4.500000e+00
         vertex 2.058253e+01 3.907500e+01 4.500000e+00
      endloop
   endfacet
   facet normal 0.000000e+00 0.000000e+00 -1.000000e+00
      outer loop
         vertex 2.012500e+01 4.078253e+01 4.500000e+00
         vertex 2.142500e+01 4.190000e+01 4.500000e+00
         vertex 2.030348e+01 4.065756e+01 4.500000e+00
      endloop
   endfacet
   facet normal 0.000000e+00 0.000000e+00 -1.000000e+00
      outer loop
         vertex 2.030348e+01 4.065756e+01 4.500000e+00
         vertex 2.142500e+01 4.190000e+01 4.500000e+00
         vertex 2.045756e+01 4.050349e+01 4.500000e+00
      endloop
   endfacet
   facet normal 0.000000e+00 0.000000e+00 -1.000000e+00
      outer loop
         vertex 2.012500e+01 4.078253e+01 4.500000e+00
         vertex 1.992752e+01 4.087462e+01 4.500000e+00
         vertex 2.142500e+01 4.190000e+01 4.500000e+00
      endloop
   endfacet
   facet normal 0.000000e+00 0.000000e+00 -1.000000e+00
      outer loop
         vertex 2.142500e+01 4.190000e+01 4.500000e+00
         vertex 1.992752e+01 4.087462e+01 4.500000e+00
         vertex 1.971706e+01 4.093101e+01 4.500000e+00
      endloop
   endfacet
   facet normal -0.000000e+00 0.000000e+00 -1.000000e+00
      outer loop
         vertex 2.142500e+01 4.190000e+01 4.500000e+00
         vertex 1.971706e+01 4.093101e+01 4.500000e+00
         vertex 1.782500e+01 4.190000e+01 4.500000e+00
      endloop
   endfacet
   facet normal 0.000000e+00 0.000000e+00 -1.000000e+00
      outer loop
         vertex 1.782500e+01 4.190000e+01 4.500000e+00
         vertex 1.971706e+01 4.093101e+01 4.500000e+00
         vertex 1.950000e+01 4.095000e+01 4.500000e+00
      endloop
   endfacet
   facet normal 0.000000e+00 0.000000e+00 -1.000000e+00
      outer loop
         vertex 1.782500e+01 4.190000e+01 4.500000e+00
         vertex 1.950000e+01 4.095000e+01 4.500000e+00
         vertex 1.928294e+01 4.093101e+01 4.500000e+00
      endloop
   endfacet
   facet normal 0.000000e+00 -0.000000e+00 -1.000000e+00
      outer loop
         vertex 1.832538e+01 3.927248e+01 4.500000e+00
         vertex 1.841747e+01 3.907500e+01 4.500000e+00
         vertex 1.782500e+01 3.777500e+01 4.500000e+00
      endloop
   endfacet
   facet normal 0.000000e+00 0.000000e+00 -1.000000e+00
      outer loop
         vertex 1.782500e+01 3.777500e+01 4.500000e+00
         vertex 1.841747e+01 3.907500e+01 4.500000e+00
         vertex 1.854244e+01 3.889652e+01 4.500000e+00
      endloop
   endfacet
   facet normal 0.000000e+00 0.000000e+00 -1.000000e+00
      outer loop
         vertex 1.782500e+01 3.777500e+01 4.500000e+00
         vertex 1.854244e+01 3.889652e+01 4.500000e+00
         vertex 1.869651e+01 3.874245e+01 4.500000e+00
      endloop
   endfacet
   facet normal 0.000000e+00 0.000000e+00 -1.000000e+00
      outer loop
         vertex 1.992752e+01 3.852538e+01 4.500000e+00
         vertex 2.012500e+01 3.861747e+01 4.500000e+00
         vertex 2.142500e+01 3.777500e+01 4.500000e+00
      endloop
   endfacet
   facet normal 0.000000e+00 0.000000e+00 -1.000000e+00
      outer loop
         vertex 2.142500e+01 3.777500e+01 4.500000e+00
         vertex 2.012500e+01 3.861747e+01 4.500000e+00
         vertex 2.030348e+01 3.874245e+01 4.500000e+00
      endloop
   endfacet
   facet normal 0.000000e+00 0.000000e+00 -1.000000e+00
      outer loop
         vertex 2.142500e+01 3.777500e+01 4.500000e+00
         vertex 2.030348e+01 3.874245e+01 4.500000e+00
         vertex 2.045756e+01 3.889652e+01 4.500000e+00
      endloop
   endfacet
   facet normal 0.000000e+00 0.000000e+00 -1.000000e+00
      outer loop
         vertex 2.058253e+01 3.907500e+01 4.500000e+00
         vertex 2.067462e+01 3.927248e+01 4.500000e+00
         vertex 2.142500e+01 3.777500e+01 4.500000e+00
      endloop
   endfacet
   facet normal 0.000000e+00 0.000000e+00 -1.000000e+00
      outer loop
         vertex 2.142500e+01 3.777500e+01 4.500000e+00
         vertex 2.067462e+01 3.927248e+01 4.500000e+00
         vertex 2.073101e+01 3.948294e+01 4.500000e+00
      endloop
   endfacet
   facet normal 0.000000e+00 0.000000e+00 -1.000000e+00
      outer loop
         vertex 2.142500e+01 3.777500e+01 4.500000e+00
         vertex 2.073101e+01 3.948294e+01 4.500000e+00
         vertex 2.075000e+01 3.970000e+01 4.500000e+00
      endloop
   endfacet
   facet normal 0.000000e+00 0.000000e+00 -1.000000e+00
      outer loop
         vertex 2.073101e+01 3.991706e+01 4.500000e+00
         vertex 2.067462e+01 4.012753e+01 4.500000e+00
         vertex 2.142500e+01 4.190000e+01 4.500000e+00
      endloop
   endfacet
   facet normal 0.000000e+00 0.000000e+00 -1.000000e+00
      outer loop
         vertex 2.142500e+01 4.190000e+01 4.500000e+00
         vertex 2.067462e+01 4.012753e+01 4.500000e+00
         vertex 2.058253e+01 4.032500e+01 4.500000e+00
      endloop
   endfacet
   facet normal 0.000000e+00 0.000000e+00 -1.000000e+00
      outer loop
         vertex 2.142500e+01 4.190000e+01 4.500000e+00
         vertex 2.058253e+01 4.032500e+01 4.500000e+00
         vertex 2.045756e+01 4.050349e+01 4.500000e+00
      endloop
   endfacet
   facet normal -0.000000e+00 -0.000000e+00 -1.000000e+00
      outer loop
         vertex 3.095000e+01 4.190000e+01 4.500000e+00
         vertex 3.867500e+01 3.777500e+01 4.500000e+00
         vertex 2.270000e+01 4.190000e+01 4.500000e+00
      endloop
   endfacet
   facet normal 0.000000e+00 -0.000000e+00 -1.000000e+00
      outer loop
         vertex 2.270000e+01 4.190000e+01 4.500000e+00
         vertex 3.867500e+01 3.777500e+01 4.500000e+00
         vertex 2.142500e+01 3.777500e+01 4.500000e+00
      endloop
   endfacet
   facet normal -0.000000e+00 0.000000e+00 -1.000000e+00
      outer loop
         vertex 2.270000e+01 4.190000e+01 4.500000e+00
         vertex 2.142500e+01 3.777500e+01 4.500000e+00
         vertex 2.142500e+01 4.190000e+01 4.500000e+00
      endloop
   endfacet
   facet normal 0.000000e+00 -0.000000e+00 -1.000000e+00
      outer loop
         vertex 2.142500e+01 4.190000e+01 4.500000e+00
         vertex 2.142500e+01 3.777500e+01 4.500000e+00
         vertex 2.075000e+01 3.970000e+01 4.500000e+00
      endloop
   endfacet
   facet normal 0.000000e+00 0.000000e+00 -1.000000e+00
      outer loop
         vertex 2.142500e+01 4.190000e+01 4.500000e+00
         vertex 2.075000e+01 3.970000e+01 4.500000e+00
         vertex 2.073101e+01 3.991706e+01 4.500000e+00
      endloop
   endfacet
   facet normal 0.000000e+00 0.000000e+00 -1.000000e+00
      outer loop
         vertex 1.695000e+01 3.830000e+01 4.500000e+00
         vertex 1.782500e+01 3.777500e+01 4.500000e+00
         vertex 1.695000e+01 3.777500e+01 4.500000e+00
      endloop
   endfacet
   facet normal 0.000000e+00 0.000000e+00 -1.000000e+00
      outer loop
         vertex 1.695000e+01 3.777500e+01 4.500000e+00
         vertex 1.782500e+01 3.777500e+01 4.500000e+00
         vertex 1.772899e+01 3.706985e+01 4.500000e+00
      endloop
   endfacet
   facet normal 0.000000e+00 0.000000e+00 -1.000000e+00
      outer loop
         vertex 1.695000e+01 3.777500e+01 4.500000e+00
         vertex 1.772899e+01 3.706985e+01 4.500000e+00
         vertex 1.765000e+01 3.703301e+01 4.500000e+00
      endloop
   endfacet
   facet normal 0.000000e+00 0.000000e+00 -1.000000e+00
      outer loop
         vertex 1.695000e+01 4.075000e+01 4.500000e+00
         vertex 1.693481e+01 4.092365e+01 4.500000e+00
         vertex 1.782500e+01 4.190000e+01 4.500000e+00
      endloop
   endfacet
   facet normal 0.000000e+00 0.000000e+00 -1.000000e+00
      outer loop
         vertex 1.693481e+01 4.092365e+01 4.500000e+00
         vertex 1.688969e+01 4.109202e+01 4.500000e+00
         vertex 1.782500e+01 4.190000e+01 4.500000e+00
      endloop
   endfacet
   facet normal 0.000000e+00 0.000000e+00 -1.000000e+00
      outer loop
         vertex 1.782500e+01 4.190000e+01 4.500000e+00
         vertex 1.688969e+01 4.109202e+01 4.500000e+00
         vertex 1.681603e+01 4.125000e+01 4.500000e+00
      endloop
   endfacet
   facet normal 0.000000e+00 0.000000e+00 -1.000000e+00
      outer loop
         vertex 1.782500e+01 4.190000e+01 4.500000e+00
         vertex 1.681603e+01 4.125000e+01 4.500000e+00
         vertex 1.671604e+01 4.139279e+01 4.500000e+00
      endloop
   endfacet
   facet normal 0.000000e+00 0.000000e+00 -1.000000e+00
      outer loop
         vertex 1.695000e+01 3.830000e+01 4.500000e+00
         vertex 1.735000e+01 3.830000e+01 4.500000e+00
         vertex 1.782500e+01 3.777500e+01 4.500000e+00
      endloop
   endfacet
   facet normal 0.000000e+00 0.000000e+00 -1.000000e+00
      outer loop
         vertex 1.782500e+01 3.777500e+01 4.500000e+00
         vertex 1.735000e+01 3.830000e+01 4.500000e+00
         vertex 1.735000e+01 3.950000e+01 4.500000e+00
      endloop
   endfacet
   facet normal 0.000000e+00 0.000000e+00 -1.000000e+00
      outer loop
         vertex 1.782500e+01 3.777500e+01 4.500000e+00
         vertex 1.735000e+01 3.950000e+01 4.500000e+00
         vertex 1.782500e+01 4.190000e+01 4.500000e+00
      endloop
   endfacet
   facet normal 0.000000e+00 0.000000e+00 -1.000000e+00
      outer loop
         vertex 1.782500e+01 4.190000e+01 4.500000e+00
         vertex 1.735000e+01 3.950000e+01 4.500000e+00
         vertex 1.695000e+01 3.950000e+01 4.500000e+00
      endloop
   endfacet
   facet normal 0.000000e+00 0.000000e+00 -1.000000e+00
      outer loop
         vertex 1.782500e+01 4.190000e+01 4.500000e+00
         vertex 1.695000e+01 3.950000e+01 4.500000e+00
         vertex 1.695000e+01 4.075000e+01 4.500000e+00
      endloop
   endfacet
   facet normal 0.000000e+00 0.000000e+00 -1.000000e+00
      outer loop
         vertex 1.671604e+01 4.139279e+01 4.500000e+00
         vertex 1.659279e+01 4.151605e+01 4.500000e+00
         vertex 1.782500e+01 4.190000e+01 4.500000e+00
      endloop
   endfacet
   facet normal 0.000000e+00 0.000000e+00 -1.000000e+00
      outer loop
         vertex 1.782500e+01 4.190000e+01 4.500000e+00
         vertex 1.659279e+01 4.151605e+01 4.500000e+00
         vertex 1.645000e+01 4.161603e+01 4.500000e+00
      endloop
   endfacet
   facet normal 0.000000e+00 0.000000e+00 -1.000000e+00
      outer loop
         vertex 1.782500e+01 4.190000e+01 4.500000e+00
         vertex 1.645000e+01 4.161603e+01 4.500000e+00
         vertex 1.629202e+01 4.168969e+01 4.500000e+00
      endloop
   endfacet
   facet normal 0.000000e+00 0.000000e+00 -1.000000e+00
      outer loop
         vertex 1.629202e+01 4.168969e+01 4.500000e+00
         vertex 1.612365e+01 4.173481e+01 4.500000e+00
         vertex 1.782500e+01 4.190000e+01 4.500000e+00
      endloop
   endfacet
   facet normal 0.000000e+00 0.000000e+00 -1.000000e+00
      outer loop
         vertex 1.782500e+01 4.190000e+01 4.500000e+00
         vertex 1.612365e+01 4.173481e+01 4.500000e+00
         vertex 1.595000e+01 4.175000e+01 4.500000e+00
      endloop
   endfacet
   facet normal -0.000000e+00 0.000000e+00 -1.000000e+00
      outer loop
         vertex 1.782500e+01 4.190000e+01 4.500000e+00
         vertex 1.595000e+01 4.175000e+01 4.500000e+00
         vertex 2.499999e+00 4.190000e+01 4.500000e+00
      endloop
   endfacet
   facet normal 0.000000e+00 0.000000e+00 -1.000000e+00
      outer loop
         vertex 1.595000e+01 4.175000e+01 4.500000e+00
         vertex 2.650000e+00 4.175000e+01 4.500000e+00
         vertex 2.499999e+00 4.190000e+01 4.500000e+00
      endloop
   endfacet
   facet normal 0.000000e+00 -0.000000e+00 -1.000000e+00
      outer loop
         vertex 2.499999e+00 4.190000e+01 4.500000e+00
         vertex 2.650000e+00 4.175000e+01 4.500000e+00
         vertex 2.476351e+00 4.173481e+01 4.500000e+00
      endloop
   endfacet
   facet normal 0.000000e+00 0.000000e+00 -1.000000e+00
      outer loop
         vertex 2.499999e+00 4.190000e+01 4.500000e+00
         vertex 2.476351e+00 4.173481e+01 4.500000e+00
         vertex 2.326353e+00 4.188481e+01 4.500000e+00
      endloop
   endfacet
   facet normal 0.000000e+00 -0.000000e+00 -1.000000e+00
      outer loop
         vertex 2.326353e+00 4.188481e+01 4.500000e+00
         vertex 2.476351e+00 4.173481e+01 4.500000e+00
         vertex 2.307979e+00 4.168969e+01 4.500000e+00
      endloop
   endfacet
   facet normal 0.000000e+00 0.000000e+00 -1.000000e+00
      outer loop
         vertex 1.650000e+00 3.950000e+01 4.500000e+00
         vertex 1.499999e+00 3.950000e+01 4.500000e+00
         vertex 1.650000e+00 4.075000e+01 4.500000e+00
      endloop
   endfacet
   facet normal -0.000000e+00 0.000000e+00 -1.000000e+00
      outer loop
         vertex 1.650000e+00 4.075000e+01 4.500000e+00
         vertex 1.499999e+00 3.950000e+01 4.500000e+00
         vertex 1.499999e+00 4.090000e+01 4.500000e+00
      endloop
   endfacet
   facet normal 0.000000e+00 0.000000e+00 -1.000000e+00
      outer loop
         vertex 1.650000e+00 4.075000e+01 4.500000e+00
         vertex 1.499999e+00 4.090000e+01 4.500000e+00
         vertex 1.665192e+00 4.092365e+01 4.500000e+00
      endloop
   endfacet
   facet normal -0.000000e+00 0.000000e+00 -1.000000e+00
      outer loop
         vertex 1.665192e+00 4.092365e+01 4.500000e+00
         vertex 1.499999e+00 4.090000e+01 4.500000e+00
         vertex 1.515193e+00 4.107365e+01 4.500000e+00
      endloop
   endfacet
   facet normal 0.000000e+00 0.000000e+00 -1.000000e+00
      outer loop
         vertex 1.665192e+00 4.092365e+01 4.500000e+00
         vertex 1.515193e+00 4.107365e+01 4.500000e+00
         vertex 1.710307e+00 4.109202e+01 4.500000e+00
      endloop
   endfacet
   facet normal -0.000000e+00 0.000000e+00 -1.000000e+00
      outer loop
         vertex 1.710307e+00 4.109202e+01 4.500000e+00
         vertex 1.515193e+00 4.107365e+01 4.500000e+00
         vertex 1.560308e+00 4.124202e+01 4.500000e+00
      endloop
   endfacet
   facet normal 0.000000e+00 0.000000e+00 -1.000000e+00
      outer loop
         vertex 1.710307e+00 4.109202e+01 4.500000e+00
         vertex 1.560308e+00 4.124202e+01 4.500000e+00
         vertex 1.783974e+00 4.125000e+01 4.500000e+00
      endloop
   endfacet
   facet normal -0.000000e+00 0.000000e+00 -1.000000e+00
      outer loop
         vertex 1.783974e+00 4.125000e+01 4.500000e+00
         vertex 1.560308e+00 4.124202e+01 4.500000e+00
         vertex 1.633974e+00 4.140000e+01 4.500000e+00
      endloop
   endfacet
   facet normal 0.000000e+00 0.000000e+00 -1.000000e+00
      outer loop
         vertex 1.783974e+00 4.125000e+01 4.500000e+00
         vertex 1.633974e+00 4.140000e+01 4.500000e+00
         vertex 1.883956e+00 4.139279e+01 4.500000e+00
      endloop
   endfacet
   facet normal 0.000000e+00 0.000000e+00 -1.000000e+00
      outer loop
         vertex 1.883956e+00 4.139279e+01 4.500000e+00
         vertex 1.633974e+00 4.140000e+01 4.500000e+00
         vertex 1.733955e+00 4.154279e+01 4.500000e+00
      endloop
   endfacet
   facet normal 0.000000e+00 0.000000e+00 -1.000000e+00
      outer loop
         vertex 1.883956e+00 4.139279e+01 4.500000e+00
         vertex 1.733955e+00 4.154279e+01 4.500000e+00
         vertex 2.007212e+00 4.151605e+01 4.500000e+00
      endloop
   endfacet
   facet normal 0.000000e+00 0.000000e+00 -1.000000e+00
      outer loop
         vertex 2.007212e+00 4.151605e+01 4.500000e+00
         vertex 1.733955e+00 4.154279e+01 4.500000e+00
         vertex 1.857212e+00 4.166604e+01 4.500000e+00
      endloop
   endfacet
   facet normal 0.000000e+00 0.000000e+00 -1.000000e+00
      outer loop
         vertex 2.007212e+00 4.151605e+01 4.500000e+00
         vertex 1.857212e+00 4.166604e+01 4.500000e+00
         vertex 2.149999e+00 4.161603e+01 4.500000e+00
      endloop
   endfacet
   facet normal 0.000000e+00 0.000000e+00 -1.000000e+00
      outer loop
         vertex 2.149999e+00 4.161603e+01 4.500000e+00
         vertex 1.857212e+00 4.166604e+01 4.500000e+00
         vertex 2.000000e+00 4.176603e+01 4.500000e+00
      endloop
   endfacet
   facet normal 0.000000e+00 0.000000e+00 -1.000000e+00
      outer loop
         vertex 2.149999e+00 4.161603e+01 4.500000e+00
         vertex 2.000000e+00 4.176603e+01 4.500000e+00
         vertex 2.307979e+00 4.168969e+01 4.500000e+00
      endloop
   endfacet
   facet normal 0.000000e+00 0.000000e+00 -1.000000e+00
      outer loop
         vertex 2.307979e+00 4.168969e+01 4.500000e+00
         vertex 2.000000e+00 4.176603e+01 4.500000e+00
         vertex 2.157981e+00 4.183969e+01 4.500000e+00
      endloop
   endfacet
   facet normal 0.000000e+00 0.000000e+00 -1.000000e+00
      outer loop
         vertex 2.307979e+00 4.168969e+01 4.500000e+00
         vertex 2.157981e+00 4.183969e+01 4.500000e+00
         vertex 2.326353e+00 4.188481e+01 4.500000e+00
      endloop
   endfacet
   facet normal 0.000000e+00 -0.000000e+00 -1.000000e+00
      outer loop
         vertex 1.650000e+00 3.830000e+01 4.500000e+00
         vertex 1.650000e+00 3.777500e+01 4.500000e+00
         vertex 1.499999e+00 3.777500e+01 4.500000e+00
      endloop
   endfacet
   facet normal 0.000000e+00 0.000000e+00 -1.000000e+00
      outer loop
         vertex 1.499999e+00 3.777500e+01 4.500000e+00
         vertex 1.650000e+00 3.777500e+01 4.500000e+00
         vertex 1.650000e+00 3.705000e+01 4.500000e+00
      endloop
   endfacet
   facet normal 0.000000e+00 0.000000e+00 -1.000000e+00
      outer loop
         vertex 1.499999e+00 3.777500e+01 4.500000e+00
         vertex 1.650000e+00 3.705000e+01 4.500000e+00
         vertex 1.499999e+00 3.420000e+01 4.500000e+00
      endloop
   endfacet
   facet normal 0.000000e+00 0.000000e+00 -1.000000e+00
      outer loop
         vertex 1.499999e+00 3.420000e+01 4.500000e+00
         vertex 1.650000e+00 3.705000e+01 4.500000e+00
         vertex 1.665192e+00 3.687635e+01 4.500000e+00
      endloop
   endfacet
   facet normal 0.000000e+00 0.000000e+00 -1.000000e+00
      outer loop
         vertex 1.499999e+00 3.420000e+01 4.500000e+00
         vertex 1.665192e+00 3.687635e+01 4.500000e+00
         vertex 1.710307e+00 3.670798e+01 4.500000e+00
      endloop
   endfacet
   facet normal -0.000000e+00 0.000000e+00 -1.000000e+00
      outer loop
         vertex 1.710307e+00 6.692020e+00 4.500000e+00
         vertex 1.665192e+00 6.523648e+00 4.500000e+00
         vertex 1.499999e+00 9.200000e+00 4.500000e+00
      endloop
   endfacet
   facet normal 0.000000e+00 0.000000e+00 -1.000000e+00
      outer loop
         vertex 1.499999e+00 9.200000e+00 4.500000e+00
         vertex 1.665192e+00 6.523648e+00 4.500000e+00
         vertex 1.650000e+00 6.350000e+00 4.500000e+00
      endloop
   endfacet
   facet normal 0.000000e+00 0.000000e+00 -1.000000e+00
      outer loop
         vertex 1.499999e+00 9.200000e+00 4.500000e+00
         vertex 1.650000e+00 6.350000e+00 4.500000e+00
         vertex 1.499999e+00 5.625000e+00 4.500000e+00
      endloop
   endfacet
   facet normal 0.000000e+00 0.000000e+00 -1.000000e+00
      outer loop
         vertex 1.499999e+00 5.625000e+00 4.500000e+00
         vertex 1.650000e+00 6.350000e+00 4.500000e+00
         vertex 1.650000e+00 5.625000e+00 4.500000e+00
      endloop
   endfacet
   facet normal 0.000000e+00 0.000000e+00 -1.000000e+00
      outer loop
         vertex 1.499999e+00 5.625000e+00 4.500000e+00
         vertex 1.650000e+00 5.625000e+00 4.500000e+00
         vertex 1.499999e+00 5.100001e+00 4.500000e+00
      endloop
   endfacet
   facet normal 0.000000e+00 0.000000e+00 -1.000000e+00
      outer loop
         vertex 1.499999e+00 5.100001e+00 4.500000e+00
         vertex 1.650000e+00 5.625000e+00 4.500000e+00
         vertex 1.650000e+00 5.100001e+00 4.500000e+00
      endloop
   endfacet
   facet normal 0.000000e+00 0.000000e+00 -1.000000e+00
      outer loop
         vertex 1.695000e+01 2.650000e+00 4.500000e+00
         vertex 1.695000e+01 3.900001e+00 4.500000e+00
         vertex 1.735000e+01 3.900001e+00 4.500000e+00
      endloop
   endfacet
   facet normal 0.000000e+00 0.000000e+00 -1.000000e+00
      outer loop
         vertex 1.499999e+00 2.499999e+00 4.500000e+00
         vertex 1.499999e+00 3.900001e+00 4.500000e+00
         vertex 1.650000e+00 3.900001e+00 4.500000e+00
      endloop
   endfacet
   facet normal 0.000000e+00 -0.000000e+00 -1.000000e+00
      outer loop
         vertex 1.650000e+00 3.900001e+00 4.500000e+00
         vertex 1.650000e+00 2.650000e+00 4.500000e+00
         vertex 1.499999e+00 2.499999e+00 4.500000e+00
      endloop
   endfacet
   facet normal 0.000000e+00 0.000000e+00 -1.000000e+00
      outer loop
         vertex 1.499999e+00 2.499999e+00 4.500000e+00
         vertex 1.650000e+00 2.650000e+00 4.500000e+00
         vertex 1.665192e+00 2.476351e+00 4.500000e+00
      endloop
   endfacet
   facet normal 0.000000e+00 0.000000e+00 -1.000000e+00
      outer loop
         vertex 1.499999e+00 2.499999e+00 4.500000e+00
         vertex 1.665192e+00 2.476351e+00 4.500000e+00
         vertex 1.515193e+00 2.326353e+00 4.500000e+00
      endloop
   endfacet
   facet normal 0.000000e+00 0.000000e+00 -1.000000e+00
      outer loop
         vertex 1.515193e+00 2.326353e+00 4.500000e+00
         vertex 1.665192e+00 2.476351e+00 4.500000e+00
         vertex 1.710307e+00 2.307979e+00 4.500000e+00
      endloop
   endfacet
   facet normal 0.000000e+00 0.000000e+00 -1.000000e+00
      outer loop
         vertex 1.515193e+00 2.326353e+00 4.500000e+00
         vertex 1.710307e+00 2.307979e+00 4.500000e+00
         vertex 1.560308e+00 2.157981e+00 4.500000e+00
      endloop
   endfacet
   facet normal 0.000000e+00 0.000000e+00 -1.000000e+00
      outer loop
         vertex 1.782500e+01 1.500001e+00 4.500000e+00
         vertex 1.688969e+01 2.307979e+00 4.500000e+00
         vertex 1.693481e+01 2.476351e+00 4.500000e+00
      endloop
   endfacet
   facet normal 0.000000e+00 -0.000000e+00 -1.000000e+00
      outer loop
         vertex 1.612365e+01 1.665192e+00 4.500000e+00
         vertex 1.782500e+01 1.500001e+00 4.500000e+00
         vertex 1.595000e+01 1.650000e+00 4.500000e+00
      endloop
   endfacet
   facet normal 0.000000e+00 -0.000000e+00 -1.000000e+00
      outer loop
         vertex 1.595000e+01 1.650000e+00 4.500000e+00
         vertex 1.782500e+01 1.500001e+00 4.500000e+00
         vertex 2.499999e+00 1.500001e+00 4.500000e+00
      endloop
   endfacet
   facet normal 0.000000e+00 0.000000e+00 -1.000000e+00
      outer loop
         vertex 1.612365e+01 1.665192e+00 4.500000e+00
         vertex 1.629202e+01 1.710307e+00 4.500000e+00
         vertex 1.782500e+01 1.500001e+00 4.500000e+00
      endloop
   endfacet
   facet normal 0.000000e+00 0.000000e+00 -1.000000e+00
      outer loop
         vertex 1.782500e+01 1.500001e+00 4.500000e+00
         vertex 1.629202e+01 1.710307e+00 4.500000e+00
         vertex 1.645000e+01 1.783974e+00 4.500000e+00
      endloop
   endfacet
   facet normal 0.000000e+00 0.000000e+00 -1.000000e+00
      outer loop
         vertex 1.782500e+01 1.500001e+00 4.500000e+00
         vertex 1.645000e+01 1.783974e+00 4.500000e+00
         vertex 1.659279e+01 1.883956e+00 4.500000e+00
      endloop
   endfacet
   facet normal 0.000000e+00 0.000000e+00 -1.000000e+00
      outer loop
         vertex 1.659279e+01 1.883956e+00 4.500000e+00
         vertex 1.671604e+01 2.007212e+00 4.500000e+00
         vertex 1.782500e+01 1.500001e+00 4.500000e+00
      endloop
   endfacet
   facet normal 0.000000e+00 0.000000e+00 -1.000000e+00
      outer loop
         vertex 1.782500e+01 1.500001e+00 4.500000e+00
         vertex 1.671604e+01 2.007212e+00 4.500000e+00
         vertex 1.681603e+01 2.150001e+00 4.500000e+00
      endloop
   endfacet
   facet normal 0.000000e+00 0.000000e+00 -1.000000e+00
      outer loop
         vertex 1.782500e+01 1.500001e+00 4.500000e+00
         vertex 1.681603e+01 2.150001e+00 4.500000e+00
         vertex 1.688969e+01 2.307979e+00 4.500000e+00
      endloop
   endfacet
   facet normal 0.000000e+00 0.000000e+00 -1.000000e+00
      outer loop
         vertex 1.693481e+01 2.476351e+00 4.500000e+00
         vertex 1.695000e+01 2.650000e+00 4.500000e+00
         vertex 1.782500e+01 1.500001e+00 4.500000e+00
      endloop
   endfacet
   facet normal 0.000000e+00 0.000000e+00 -1.000000e+00
      outer loop
         vertex 1.782500e+01 1.500001e+00 4.500000e+00
         vertex 1.695000e+01 2.650000e+00 4.500000e+00
         vertex 1.735000e+01 3.900001e+00 4.500000e+00
      endloop
   endfacet
   facet normal 0.000000e+00 0.000000e+00 -1.000000e+00
      outer loop
         vertex 1.782500e+01 1.500001e+00 4.500000e+00
         vertex 1.735000e+01 3.900001e+00 4.500000e+00
         vertex 1.782500e+01 5.625000e+00 4.500000e+00
      endloop
   endfacet
   facet normal 0.000000e+00 0.000000e+00 -1.000000e+00
      outer loop
         vertex 1.782500e+01 5.625000e+00 4.500000e+00
         vertex 1.735000e+01 3.900001e+00 4.500000e+00
         vertex 1.735000e+01 5.100001e+00 4.500000e+00
      endloop
   endfacet
   facet normal -0.000000e+00 0.000000e+00 -1.000000e+00
      outer loop
         vertex 1.782500e+01 5.625000e+00 4.500000e+00
         vertex 1.735000e+01 5.100001e+00 4.500000e+00
         vertex 1.695000e+01 5.625000e+00 4.500000e+00
      endloop
   endfacet
   facet normal 0.000000e+00 0.000000e+00 -1.000000e+00
      outer loop
         vertex 1.695000e+01 5.625000e+00 4.500000e+00
         vertex 1.735000e+01 5.100001e+00 4.500000e+00
         vertex 1.695000e+01 5.100001e+00 4.500000e+00
      endloop
   endfacet
   facet normal 0.000000e+00 0.000000e+00 -1.000000e+00
      outer loop
         vertex 1.560308e+00 2.157981e+00 4.500000e+00
         vertex 1.710307e+00 2.307979e+00 4.500000e+00
         vertex 1.633974e+00 2.000000e+00 4.500000e+00
      endloop
   endfacet
   facet normal 0.000000e+00 0.000000e+00 -1.000000e+00
      outer loop
         vertex 1.633974e+00 2.000000e+00 4.500000e+00
         vertex 1.710307e+00 2.307979e+00 4.500000e+00
         vertex 1.783974e+00 2.150001e+00 4.500000e+00
      endloop
   endfacet
   facet normal 0.000000e+00 0.000000e+00 -1.000000e+00
      outer loop
         vertex 1.633974e+00 2.000000e+00 4.500000e+00
         vertex 1.783974e+00 2.150001e+00 4.500000e+00
         vertex 1.733955e+00 1.857214e+00 4.500000e+00
      endloop
   endfacet
   facet normal 0.000000e+00 0.000000e+00 -1.000000e+00
      outer loop
         vertex 1.733955e+00 1.857214e+00 4.500000e+00
         vertex 1.783974e+00 2.150001e+00 4.500000e+00
         vertex 1.883956e+00 2.007212e+00 4.500000e+00
      endloop
   endfacet
   facet normal 0.000000e+00 0.000000e+00 -1.000000e+00
      outer loop
         vertex 1.733955e+00 1.857214e+00 4.500000e+00
         vertex 1.883956e+00 2.007212e+00 4.500000e+00
         vertex 1.857212e+00 1.733957e+00 4.500000e+00
      endloop
   endfacet
   facet normal 0.000000e+00 0.000000e+00 -1.000000e+00
      outer loop
         vertex 1.857212e+00 1.733957e+00 4.500000e+00
         vertex 1.883956e+00 2.007212e+00 4.500000e+00
         vertex 2.007212e+00 1.883956e+00 4.500000e+00
      endloop
   endfacet
   facet normal 0.000000e+00 0.000000e+00 -1.000000e+00
      outer loop
         vertex 1.857212e+00 1.733957e+00 4.500000e+00
         vertex 2.007212e+00 1.883956e+00 4.500000e+00
         vertex 2.000000e+00 1.633976e+00 4.500000e+00
      endloop
   endfacet
   facet normal 0.000000e+00 0.000000e+00 -1.000000e+00
      outer loop
         vertex 2.000000e+00 1.633976e+00 4.500000e+00
         vertex 2.007212e+00 1.883956e+00 4.500000e+00
         vertex 2.149999e+00 1.783974e+00 4.500000e+00
      endloop
   endfacet
   facet normal 0.000000e+00 0.000000e+00 -1.000000e+00
      outer loop
         vertex 2.000000e+00 1.633976e+00 4.500000e+00
         vertex 2.149999e+00 1.783974e+00 4.500000e+00
         vertex 2.157981e+00 1.560308e+00 4.500000e+00
      endloop
   endfacet
   facet normal 0.000000e+00 0.000000e+00 -1.000000e+00
      outer loop
         vertex 2.157981e+00 1.560308e+00 4.500000e+00
         vertex 2.149999e+00 1.783974e+00 4.500000e+00
         vertex 2.307979e+00 1.710307e+00 4.500000e+00
      endloop
   endfacet
   facet normal 0.000000e+00 0.000000e+00 -1.000000e+00
      outer loop
         vertex 2.157981e+00 1.560308e+00 4.500000e+00
         vertex 2.307979e+00 1.710307e+00 4.500000e+00
         vertex 2.326353e+00 1.515193e+00 4.500000e+00
      endloop
   endfacet
   facet normal 0.000000e+00 0.000000e+00 -1.000000e+00
      outer loop
         vertex 2.326353e+00 1.515193e+00 4.500000e+00
         vertex 2.307979e+00 1.710307e+00 4.500000e+00
         vertex 2.476351e+00 1.665192e+00 4.500000e+00
      endloop
   endfacet
   facet normal 0.000000e+00 0.000000e+00 -1.000000e+00
      outer loop
         vertex 2.326353e+00 1.515193e+00 4.500000e+00
         vertex 2.476351e+00 1.665192e+00 4.500000e+00
         vertex 2.499999e+00 1.500001e+00 4.500000e+00
      endloop
   endfacet
   facet normal 0.000000e+00 0.000000e+00 -1.000000e+00
      outer loop
         vertex 2.499999e+00 1.500001e+00 4.500000e+00
         vertex 2.476351e+00 1.665192e+00 4.500000e+00
         vertex 2.650000e+00 1.650000e+00 4.500000e+00
      endloop
   endfacet
   facet normal 0.000000e+00 0.000000e+00 -1.000000e+00
      outer loop
         vertex 2.499999e+00 1.500001e+00 4.500000e+00
         vertex 2.650000e+00 1.650000e+00 4.500000e+00
         vertex 1.595000e+01 1.650000e+00 4.500000e+00
      endloop
   endfacet
   facet normal 0.000000e+00 0.000000e+00 -1.000000e+00
      outer loop
         vertex 2.120000e+01 1.500001e+00 4.500000e+00
         vertex 2.142500e+01 5.625000e+00 4.500000e+00
         vertex 2.142500e+01 1.225000e+00 4.500000e+00
      endloop
   endfacet
   facet normal 0.000000e+00 0.000000e+00 -1.000000e+00
      outer loop
         vertex 1.782500e+01 5.625000e+00 4.500000e+00
         vertex 1.825000e+01 3.700001e+00 4.500000e+00
         vertex 1.782500e+01 1.500001e+00 4.500000e+00
      endloop
   endfacet
   facet normal 0.000000e+00 0.000000e+00 -1.000000e+00
      outer loop
         vertex 1.782500e+01 1.500001e+00 4.500000e+00
         vertex 1.825000e+01 3.700001e+00 4.500000e+00
         vertex 1.826899e+01 3.482940e+00 4.500000e+00
      endloop
   endfacet
   facet normal 0.000000e+00 0.000000e+00 -1.000000e+00
      outer loop
         vertex 1.782500e+01 1.500001e+00 4.500000e+00
         vertex 1.826899e+01 3.482940e+00 4.500000e+00
         vertex 1.832538e+01 3.272476e+00 4.500000e+00
      endloop
   endfacet
   facet normal 0.000000e+00 -0.000000e+00 -1.000000e+00
      outer loop
         vertex 1.869651e+01 2.742445e+00 4.500000e+00
         vertex 1.887500e+01 2.617469e+00 4.500000e+00
         vertex 1.782500e+01 1.500001e+00 4.500000e+00
      endloop
   endfacet
   facet normal 0.000000e+00 0.000000e+00 -1.000000e+00
      outer loop
         vertex 1.782500e+01 1.500001e+00 4.500000e+00
         vertex 1.887500e+01 2.617469e+00 4.500000e+00
         vertex 1.907247e+01 2.525385e+00 4.500000e+00
      endloop
   endfacet
   facet normal 0.000000e+00 -0.000000e+00 -1.000000e+00
      outer loop
         vertex 1.907247e+01 2.525385e+00 4.500000e+00
         vertex 1.928294e+01 2.468990e+00 4.500000e+00
         vertex 1.782500e+01 1.500001e+00 4.500000e+00
      endloop
   endfacet
   facet normal 0.000000e+00 0.000000e+00 -1.000000e+00
      outer loop
         vertex 1.782500e+01 1.500001e+00 4.500000e+00
         vertex 1.928294e+01 2.468990e+00 4.500000e+00
         vertex 1.950000e+01 2.450000e+00 4.500000e+00
      endloop
   endfacet
   facet normal 0.000000e+00 0.000000e+00 -1.000000e+00
      outer loop
         vertex 1.782500e+01 1.500001e+00 4.500000e+00
         vertex 1.950000e+01 2.450000e+00 4.500000e+00
         vertex 2.120000e+01 1.500001e+00 4.500000e+00
      endloop
   endfacet
   facet normal 0.000000e+00 0.000000e+00 -1.000000e+00
      outer loop
         vertex 2.120000e+01 1.500001e+00 4.500000e+00
         vertex 1.950000e+01 2.450000e+00 4.500000e+00
         vertex 1.971706e+01 2.468990e+00 4.500000e+00
      endloop
   endfacet
   facet normal 0.000000e+00 0.000000e+00 -1.000000e+00
      outer loop
         vertex 2.120000e+01 1.500001e+00 4.500000e+00
         vertex 1.971706e+01 2.468990e+00 4.500000e+00
         vertex 1.992752e+01 2.525385e+00 4.500000e+00
      endloop
   endfacet
   facet normal -0.000000e+00 0.000000e+00 -1.000000e+00
      outer loop
         vertex 1.854244e+01 4.503485e+00 4.500000e+00
         vertex 1.841747e+01 4.325001e+00 4.500000e+00
         vertex 1.782500e+01 5.625000e+00 4.500000e+00
      endloop
   endfacet
   facet normal 0.000000e+00 0.000000e+00 -1.000000e+00
      outer loop
         vertex 1.782500e+01 5.625000e+00 4.500000e+00
         vertex 1.841747e+01 4.325001e+00 4.500000e+00
         vertex 1.832538e+01 4.127525e+00 4.500000e+00
      endloop
   endfacet
   facet normal 0.000000e+00 0.000000e+00 -1.000000e+00
      outer loop
         vertex 1.782500e+01 5.625000e+00 4.500000e+00
         vertex 1.832538e+01 4.127525e+00 4.500000e+00
         vertex 1.826899e+01 3.917061e+00 4.500000e+00
      endloop
   endfacet
   facet normal 0.000000e+00 -0.000000e+00 -1.000000e+00
      outer loop
         vertex 1.832538e+01 3.272476e+00 4.500000e+00
         vertex 1.841747e+01 3.075000e+00 4.500000e+00
         vertex 1.782500e+01 1.500001e+00 4.500000e+00
      endloop
   endfacet
   facet normal 0.000000e+00 0.000000e+00 -1.000000e+00
      outer loop
         vertex 1.782500e+01 1.500001e+00 4.500000e+00
         vertex 1.841747e+01 3.075000e+00 4.500000e+00
         vertex 1.854244e+01 2.896516e+00 4.500000e+00
      endloop
   endfacet
   facet normal 0.000000e+00 0.000000e+00 -1.000000e+00
      outer loop
         vertex 1.782500e+01 1.500001e+00 4.500000e+00
         vertex 1.854244e+01 2.896516e+00 4.500000e+00
         vertex 1.869651e+01 2.742445e+00 4.500000e+00
      endloop
   endfacet
   facet normal 0.000000e+00 -0.000000e+00 -1.000000e+00
      outer loop
         vertex 2.067462e+01 3.272476e+00 4.500000e+00
         vertex 2.120000e+01 1.500001e+00 4.500000e+00
         vertex 2.058253e+01 3.075000e+00 4.500000e+00
      endloop
   endfacet
   facet normal 0.000000e+00 -0.000000e+00 -1.000000e+00
      outer loop
         vertex 2.058253e+01 3.075000e+00 4.500000e+00
         vertex 2.120000e+01 1.500001e+00 4.500000e+00
         vertex 2.045756e+01 2.896516e+00 4.500000e+00
      endloop
   endfacet
   facet normal 0.000000e+00 0.000000e+00 -1.000000e+00
      outer loop
         vertex 2.030348e+01 4.657555e+00 4.500000e+00
         vertex 2.012500e+01 4.782531e+00 4.500000e+00
         vertex 2.142500e+01 5.625000e+00 4.500000e+00
      endloop
   endfacet
   facet normal 0.000000e+00 0.000000e+00 -1.000000e+00
      outer loop
         vertex 2.142500e+01 5.625000e+00 4.500000e+00
         vertex 2.012500e+01 4.782531e+00 4.500000e+00
         vertex 1.992752e+01 4.874617e+00 4.500000e+00
      endloop
   endfacet
   facet normal 0.000000e+00 0.000000e+00 -1.000000e+00
      outer loop
         vertex 1.992752e+01 4.874617e+00 4.500000e+00
         vertex 1.971706e+01 4.931010e+00 4.500000e+00
         vertex 2.142500e+01 5.625000e+00 4.500000e+00
      endloop
   endfacet
   facet normal 0.000000e+00 0.000000e+00 -1.000000e+00
      outer loop
         vertex 2.142500e+01 5.625000e+00 4.500000e+00
         vertex 1.971706e+01 4.931010e+00 4.500000e+00
         vertex 1.950000e+01 4.950000e+00 4.500000e+00
      endloop
   endfacet
   facet normal -0.000000e+00 0.000000e+00 -1.000000e+00
      outer loop
         vertex 2.142500e+01 5.625000e+00 4.500000e+00
         vertex 1.950000e+01 4.950000e+00 4.500000e+00
         vertex 1.782500e+01 5.625000e+00 4.500000e+00
      endloop
   endfacet
   facet normal 0.000000e+00 0.000000e+00 -1.000000e+00
      outer loop
         vertex 1.782500e+01 5.625000e+00 4.500000e+00
         vertex 1.950000e+01 4.950000e+00 4.500000e+00
         vertex 1.928294e+01 4.931010e+00 4.500000e+00
      endloop
   endfacet
   facet normal 0.000000e+00 0.000000e+00 -1.000000e+00
      outer loop
         vertex 1.782500e+01 5.625000e+00 4.500000e+00
         vertex 1.928294e+01 4.931010e+00 4.500000e+00
         vertex 1.907247e+01 4.874617e+00 4.500000e+00
      endloop
   endfacet
   facet normal -0.000000e+00 0.000000e+00 -1.000000e+00
      outer loop
         vertex 1.907247e+01 4.874617e+00 4.500000e+00
         vertex 1.887500e+01 4.782531e+00 4.500000e+00
         vertex 1.782500e+01 5.625000e+00 4.500000e+00
      endloop
   endfacet
   facet normal 0.000000e+00 0.000000e+00 -1.000000e+00
      outer loop
         vertex 1.782500e+01 5.625000e+00 4.500000e+00
         vertex 1.887500e+01 4.782531e+00 4.500000e+00
         vertex 1.869651e+01 4.657555e+00 4.500000e+00
      endloop
   endfacet
   facet normal 0.000000e+00 0.000000e+00 -1.000000e+00
      outer loop
         vertex 1.782500e+01 5.625000e+00 4.500000e+00
         vertex 1.869651e+01 4.657555e+00 4.500000e+00
         vertex 1.854244e+01 4.503485e+00 4.500000e+00
      endloop
   endfacet
   facet normal 0.000000e+00 0.000000e+00 -1.000000e+00
      outer loop
         vertex 1.992752e+01 2.525385e+00 4.500000e+00
         vertex 2.012500e+01 2.617469e+00 4.500000e+00
         vertex 2.120000e+01 1.500001e+00 4.500000e+00
      endloop
   endfacet
   facet normal 0.000000e+00 0.000000e+00 -1.000000e+00
      outer loop
         vertex 2.120000e+01 1.500001e+00 4.500000e+00
         vertex 2.012500e+01 2.617469e+00 4.500000e+00
         vertex 2.030348e+01 2.742445e+00 4.500000e+00
      endloop
   endfacet
   facet normal 0.000000e+00 0.000000e+00 -1.000000e+00
      outer loop
         vertex 2.120000e+01 1.500001e+00 4.500000e+00
         vertex 2.030348e+01 2.742445e+00 4.500000e+00
         vertex 2.045756e+01 2.896516e+00 4.500000e+00
      endloop
   endfacet
   facet normal 0.000000e+00 0.000000e+00 -1.000000e+00
      outer loop
         vertex 2.067462e+01 4.127525e+00 4.500000e+00
         vertex 2.058253e+01 4.325001e+00 4.500000e+00
         vertex 2.142500e+01 5.625000e+00 4.500000e+00
      endloop
   endfacet
   facet normal 0.000000e+00 0.000000e+00 -1.000000e+00
      outer loop
         vertex 2.142500e+01 5.625000e+00 4.500000e+00
         vertex 2.058253e+01 4.325001e+00 4.500000e+00
         vertex 2.045756e+01 4.503485e+00 4.500000e+00
      endloop
   endfacet
   facet normal 0.000000e+00 0.000000e+00 -1.000000e+00
      outer loop
         vertex 2.142500e+01 5.625000e+00 4.500000e+00
         vertex 2.045756e+01 4.503485e+00 4.500000e+00
         vertex 2.030348e+01 4.657555e+00 4.500000e+00
      endloop
   endfacet
   facet normal 0.000000e+00 0.000000e+00 -1.000000e+00
      outer loop
         vertex 2.067462e+01 3.272476e+00 4.500000e+00
         vertex 2.073101e+01 3.482940e+00 4.500000e+00
         vertex 2.120000e+01 1.500001e+00 4.500000e+00
      endloop
   endfacet
   facet normal 0.000000e+00 0.000000e+00 -1.000000e+00
      outer loop
         vertex 2.120000e+01 1.500001e+00 4.500000e+00
         vertex 2.073101e+01 3.482940e+00 4.500000e+00
         vertex 2.075000e+01 3.700001e+00 4.500000e+00
      endloop
   endfacet
   facet normal 0.000000e+00 0.000000e+00 -1.000000e+00
      outer loop
         vertex 2.120000e+01 1.500001e+00 4.500000e+00
         vertex 2.075000e+01 3.700001e+00 4.500000e+00
         vertex 2.142500e+01 5.625000e+00 4.500000e+00
      endloop
   endfacet
   facet normal 0.000000e+00 0.000000e+00 -1.000000e+00
      outer loop
         vertex 2.142500e+01 5.625000e+00 4.500000e+00
         vertex 2.075000e+01 3.700001e+00 4.500000e+00
         vertex 2.073101e+01 3.917061e+00 4.500000e+00
      endloop
   endfacet
   facet normal 0.000000e+00 0.000000e+00 -1.000000e+00
      outer loop
         vertex 2.142500e+01 5.625000e+00 4.500000e+00
         vertex 2.073101e+01 3.917061e+00 4.500000e+00
         vertex 2.067462e+01 4.127525e+00 4.500000e+00
      endloop
   endfacet
   facet normal 0.000000e+00 0.000000e+00 -1.000000e+00
      outer loop
         vertex 2.142500e+01 0.000000e+00 4.500000e+00
         vertex 2.120000e+01 0.000000e+00 4.500000e+00
         vertex 2.142500e+01 1.225000e+00 4.500000e+00
      endloop
   endfacet
   facet normal -0.000000e+00 0.000000e+00 -1.000000e+00
      outer loop
         vertex 2.142500e+01 1.225000e+00 4.500000e+00
         vertex 2.120000e+01 0.000000e+00 4.500000e+00
         vertex 2.120000e+01 1.225000e+00 4.500000e+00
      endloop
   endfacet
   facet normal 0.000000e+00 0.000000e+00 -1.000000e+00
      outer loop
         vertex 2.142500e+01 1.225000e+00 4.500000e+00
         vertex 2.120000e+01 1.225000e+00 4.500000e+00
         vertex 2.120000e+01 1.500001e+00 4.500000e+00
      endloop
   endfacet
   facet normal 0.000000e+00 0.000000e+00 -1.000000e+00
      outer loop
         vertex 3.867500e+01 0.000000e+00 4.500000e+00
         vertex 3.570000e+01 0.000000e+00 4.500000e+00
         vertex 3.570000e+01 1.500001e+00 4.500000e+00
      endloop
   endfacet
   facet normal 0.000000e+00 0.000000e+00 -1.000000e+00
      outer loop
         vertex 3.570000e+01 1.500001e+00 4.500000e+00
         vertex 3.867500e+01 1.225000e+00 4.500000e+00
         vertex 3.867500e+01 0.000000e+00 4.500000e+00
      endloop
   endfacet
   facet normal 0.000000e+00 0.000000e+00 -1.000000e+00
      outer loop
         vertex 3.867500e+01 0.000000e+00 4.500000e+00
         vertex 3.867500e+01 1.225000e+00 4.500000e+00
         vertex 5.270000e+01 1.225000e+00 4.500000e+00
      endloop
   endfacet
   facet normal 0.000000e+00 0.000000e+00 -1.000000e+00
      outer loop
         vertex 3.867500e+01 0.000000e+00 4.500000e+00
         vertex 5.270000e+01 1.225000e+00 4.500000e+00
         vertex 5.270000e+01 0.000000e+00 4.500000e+00
      endloop
   endfacet
   facet normal 0.000000e+00 0.000000e+00 -1.000000e+00
      outer loop
         vertex 2.870000e+01 0.000000e+00 4.500000e+00
         vertex 2.142500e+01 1.225000e+00 4.500000e+00
         vertex 2.870000e+01 1.500001e+00 4.500000e+00
      endloop
   endfacet
   facet normal -0.000000e+00 0.000000e+00 -1.000000e+00
      outer loop
         vertex 2.870000e+01 1.500001e+00 4.500000e+00
         vertex 2.142500e+01 1.225000e+00 4.500000e+00
         vertex 2.142500e+01 5.625000e+00 4.500000e+00
      endloop
   endfacet
   facet normal 0.000000e+00 0.000000e+00 -1.000000e+00
      outer loop
         vertex 2.870000e+01 1.500001e+00 4.500000e+00
         vertex 2.142500e+01 5.625000e+00 4.500000e+00
         vertex 3.570000e+01 1.500001e+00 4.500000e+00
      endloop
   endfacet
   facet normal 0.000000e+00 0.000000e+00 -1.000000e+00
      outer loop
         vertex 3.570000e+01 1.500001e+00 4.500000e+00
         vertex 2.142500e+01 5.625000e+00 4.500000e+00
         vertex 3.867500e+01 5.625000e+00 4.500000e+00
      endloop
   endfacet
   facet normal 0.000000e+00 0.000000e+00 -1.000000e+00
      outer loop
         vertex 3.570000e+01 1.500001e+00 4.500000e+00
         vertex 3.867500e+01 5.625000e+00 4.500000e+00
         vertex 3.867500e+01 1.225000e+00 4.500000e+00
      endloop
   endfacet
   facet normal 0.000000e+00 0.000000e+00 -1.000000e+00
      outer loop
         vertex 3.867500e+01 1.225000e+00 4.500000e+00
         vertex 3.867500e+01 5.625000e+00 4.500000e+00
         vertex 5.270000e+01 1.500001e+00 4.500000e+00
      endloop
   endfacet
   facet normal 0.000000e+00 0.000000e+00 -1.000000e+00
      outer loop
         vertex 3.867500e+01 1.225000e+00 4.500000e+00
         vertex 5.270000e+01 1.500001e+00 4.500000e+00
         vertex 5.270000e+01 1.225000e+00 4.500000e+00
      endloop
   endfacet
   facet normal -0.000000e+00 0.000000e+00 -1.000000e+00
      outer loop
         vertex 5.432538e+01 4.127525e+00 4.500000e+00
         vertex 5.426899e+01 3.917061e+00 4.500000e+00
         vertex 3.867500e+01 5.625000e+00 4.500000e+00
      endloop
   endfacet
   facet normal 0.000000e+00 0.000000e+00 -1.000000e+00
      outer loop
         vertex 5.725000e+01 5.625000e+00 4.500000e+00
         vertex 5.630348e+01 4.657555e+00 4.500000e+00
         vertex 5.612500e+01 4.782531e+00 4.500000e+00
      endloop
   endfacet
   facet normal -0.000000e+00 0.000000e+00 -1.000000e+00
      outer loop
         vertex 5.528294e+01 4.931010e+00 4.500000e+00
         vertex 5.507248e+01 4.874617e+00 4.500000e+00
         vertex 3.867500e+01 5.625000e+00 4.500000e+00
      endloop
   endfacet
   facet normal 0.000000e+00 0.000000e+00 -1.000000e+00
      outer loop
         vertex 3.867500e+01 5.625000e+00 4.500000e+00
         vertex 5.507248e+01 4.874617e+00 4.500000e+00
         vertex 5.487500e+01 4.782531e+00 4.500000e+00
      endloop
   endfacet
   facet normal 0.000000e+00 0.000000e+00 -1.000000e+00
      outer loop
         vertex 3.867500e+01 5.625000e+00 4.500000e+00
         vertex 5.487500e+01 4.782531e+00 4.500000e+00
         vertex 5.469652e+01 4.657555e+00 4.500000e+00
      endloop
   endfacet
   facet normal -0.000000e+00 0.000000e+00 -1.000000e+00
      outer loop
         vertex 5.469652e+01 4.657555e+00 4.500000e+00
         vertex 5.454244e+01 4.503485e+00 4.500000e+00
         vertex 3.867500e+01 5.625000e+00 4.500000e+00
      endloop
   endfacet
   facet normal 0.000000e+00 0.000000e+00 -1.000000e+00
      outer loop
         vertex 3.867500e+01 5.625000e+00 4.500000e+00
         vertex 5.454244e+01 4.503485e+00 4.500000e+00
         vertex 5.441747e+01 4.325001e+00 4.500000e+00
      endloop
   endfacet
   facet normal 0.000000e+00 0.000000e+00 -1.000000e+00
      outer loop
         vertex 3.867500e+01 5.625000e+00 4.500000e+00
         vertex 5.441747e+01 4.325001e+00 4.500000e+00
         vertex 5.432538e+01 4.127525e+00 4.500000e+00
      endloop
   endfacet
   facet normal 0.000000e+00 -0.000000e+00 -1.000000e+00
      outer loop
         vertex 5.441747e+01 3.075000e+00 4.500000e+00
         vertex 5.454244e+01 2.896516e+00 4.500000e+00
         vertex 5.270000e+01 1.500001e+00 4.500000e+00
      endloop
   endfacet
   facet normal 0.000000e+00 0.000000e+00 -1.000000e+00
      outer loop
         vertex 5.270000e+01 1.500001e+00 4.500000e+00
         vertex 5.454244e+01 2.896516e+00 4.500000e+00
         vertex 5.469652e+01 2.742445e+00 4.500000e+00
      endloop
   endfacet
   facet normal 0.000000e+00 0.000000e+00 -1.000000e+00
      outer loop
         vertex 5.270000e+01 1.500001e+00 4.500000e+00
         vertex 5.469652e+01 2.742445e+00 4.500000e+00
         vertex 5.487500e+01 2.617469e+00 4.500000e+00
      endloop
   endfacet
   facet normal 0.000000e+00 -0.000000e+00 -1.000000e+00
      outer loop
         vertex 5.487500e+01 2.617469e+00 4.500000e+00
         vertex 5.507248e+01 2.525385e+00 4.500000e+00
         vertex 5.270000e+01 1.500001e+00 4.500000e+00
      endloop
   endfacet
   facet normal 0.000000e+00 0.000000e+00 -1.000000e+00
      outer loop
         vertex 5.270000e+01 1.500001e+00 4.500000e+00
         vertex 5.507248e+01 2.525385e+00 4.500000e+00
         vertex 5.528294e+01 2.468990e+00 4.500000e+00
      endloop
   endfacet
   facet normal 0.000000e+00 0.000000e+00 -1.000000e+00
      outer loop
         vertex 5.270000e+01 1.500001e+00 4.500000e+00
         vertex 5.528294e+01 2.468990e+00 4.500000e+00
         vertex 5.690000e+01 1.500001e+00 4.500000e+00
      endloop
   endfacet
   facet normal 0.000000e+00 0.000000e+00 -1.000000e+00
      outer loop
         vertex 5.690000e+01 1.500001e+00 4.500000e+00
         vertex 5.528294e+01 2.468990e+00 4.500000e+00
         vertex 5.550000e+01 2.450000e+00 4.500000e+00
      endloop
   endfacet
   facet normal 0.000000e+00 0.000000e+00 -1.000000e+00
      outer loop
         vertex 5.690000e+01 1.500001e+00 4.500000e+00
         vertex 5.550000e+01 2.450000e+00 4.500000e+00
         vertex 5.571706e+01 2.468990e+00 4.500000e+00
      endloop
   endfacet
   facet normal 0.000000e+00 0.000000e+00 -1.000000e+00
      outer loop
         vertex 5.630348e+01 2.742445e+00 4.500000e+00
         vertex 5.645755e+01 2.896516e+00 4.500000e+00
         vertex 5.740000e+01 1.633976e+00 4.500000e+00
      endloop
   endfacet
   facet normal 0.000000e+00 0.000000e+00 -1.000000e+00
      outer loop
         vertex 5.740000e+01 1.633976e+00 4.500000e+00
         vertex 5.645755e+01 2.896516e+00 4.500000e+00
         vertex 5.658253e+01 3.075000e+00 4.500000e+00
      endloop
   endfacet
   facet normal 0.000000e+00 0.000000e+00 -1.000000e+00
      outer loop
         vertex 5.740000e+01 1.633976e+00 4.500000e+00
         vertex 5.658253e+01 3.075000e+00 4.500000e+00
         vertex 5.667462e+01 3.272476e+00 4.500000e+00
      endloop
   endfacet
   facet normal 0.000000e+00 0.000000e+00 -1.000000e+00
      outer loop
         vertex 5.667462e+01 4.127525e+00 4.500000e+00
         vertex 5.658253e+01 4.325001e+00 4.500000e+00
         vertex 5.725000e+01 5.625000e+00 4.500000e+00
      endloop
   endfacet
   facet normal 0.000000e+00 0.000000e+00 -1.000000e+00
      outer loop
         vertex 5.725000e+01 5.625000e+00 4.500000e+00
         vertex 5.658253e+01 4.325001e+00 4.500000e+00
         vertex 5.645755e+01 4.503485e+00 4.500000e+00
      endloop
   endfacet
   facet normal 0.000000e+00 0.000000e+00 -1.000000e+00
      outer loop
         vertex 5.725000e+01 5.625000e+00 4.500000e+00
         vertex 5.645755e+01 4.503485e+00 4.500000e+00
         vertex 5.630348e+01 4.657555e+00 4.500000e+00
      endloop
   endfacet
   facet normal 0.000000e+00 0.000000e+00 -1.000000e+00
      outer loop
         vertex 5.612500e+01 4.782531e+00 4.500000e+00
         vertex 5.592752e+01 4.874617e+00 4.500000e+00
         vertex 5.725000e+01 5.625000e+00 4.500000e+00
      endloop
   endfacet
   facet normal 0.000000e+00 0.000000e+00 -1.000000e+00
      outer loop
         vertex 5.725000e+01 5.625000e+00 4.500000e+00
         vertex 5.592752e+01 4.874617e+00 4.500000e+00
         vertex 5.571706e+01 4.931010e+00 4.500000e+00
      endloop
   endfacet
   facet normal 0.000000e+00 0.000000e+00 -1.000000e+00
      outer loop
         vertex 5.725000e+01 5.625000e+00 4.500000e+00
         vertex 5.571706e+01 4.931010e+00 4.500000e+00
         vertex 5.550000e+01 4.950000e+00 4.500000e+00
      endloop
   endfacet
   facet normal -0.000000e+00 0.000000e+00 -1.000000e+00
      outer loop
         vertex 5.426899e+01 3.917061e+00 4.500000e+00
         vertex 5.425000e+01 3.700001e+00 4.500000e+00
         vertex 3.867500e+01 5.625000e+00 4.500000e+00
      endloop
   endfacet
   facet normal 0.000000e+00 0.000000e+00 -1.000000e+00
      outer loop
         vertex 3.867500e+01 5.625000e+00 4.500000e+00
         vertex 5.425000e+01 3.700001e+00 4.500000e+00
         vertex 5.426899e+01 3.482940e+00 4.500000e+00
      endloop
   endfacet
   facet normal 0.000000e+00 0.000000e+00 -1.000000e+00
      outer loop
         vertex 3.867500e+01 5.625000e+00 4.500000e+00
         vertex 5.426899e+01 3.482940e+00 4.500000e+00
         vertex 5.270000e+01 1.500001e+00 4.500000e+00
      endloop
   endfacet
   facet normal 0.000000e+00 0.000000e+00 -1.000000e+00
      outer loop
         vertex 5.270000e+01 1.500001e+00 4.500000e+00
         vertex 5.426899e+01 3.482940e+00 4.500000e+00
         vertex 5.432538e+01 3.272476e+00 4.500000e+00
      endloop
   endfacet
   facet normal 0.000000e+00 0.000000e+00 -1.000000e+00
      outer loop
         vertex 5.270000e+01 1.500001e+00 4.500000e+00
         vertex 5.432538e+01 3.272476e+00 4.500000e+00
         vertex 5.441747e+01 3.075000e+00 4.500000e+00
      endloop
   endfacet
   facet normal 0.000000e+00 0.000000e+00 -1.000000e+00
      outer loop
         vertex 5.571706e+01 2.468990e+00 4.500000e+00
         vertex 5.592752e+01 2.525385e+00 4.500000e+00
         vertex 5.690000e+01 1.500001e+00 4.500000e+00
      endloop
   endfacet
   facet normal 0.000000e+00 0.000000e+00 -1.000000e+00
      outer loop
         vertex 5.690000e+01 1.500001e+00 4.500000e+00
         vertex 5.592752e+01 2.525385e+00 4.500000e+00
         vertex 5.612500e+01 2.617469e+00 4.500000e+00
      endloop
   endfacet
   facet normal 0.000000e+00 0.000000e+00 -1.000000e+00
      outer loop
         vertex 5.690000e+01 1.500001e+00 4.500000e+00
         vertex 5.612500e+01 2.617469e+00 4.500000e+00
         vertex 5.707365e+01 1.515193e+00 4.500000e+00
      endloop
   endfacet
   facet normal 0.000000e+00 0.000000e+00 -1.000000e+00
      outer loop
         vertex 5.707365e+01 1.515193e+00 4.500000e+00
         vertex 5.612500e+01 2.617469e+00 4.500000e+00
         vertex 5.630348e+01 2.742445e+00 4.500000e+00
      endloop
   endfacet
   facet normal 0.000000e+00 0.000000e+00 -1.000000e+00
      outer loop
         vertex 5.707365e+01 1.515193e+00 4.500000e+00
         vertex 5.630348e+01 2.742445e+00 4.500000e+00
         vertex 5.724202e+01 1.560308e+00 4.500000e+00
      endloop
   endfacet
   facet normal 0.000000e+00 0.000000e+00 -1.000000e+00
      outer loop
         vertex 5.724202e+01 1.560308e+00 4.500000e+00
         vertex 5.630348e+01 2.742445e+00 4.500000e+00
         vertex 5.740000e+01 1.633976e+00 4.500000e+00
      endloop
   endfacet
   facet normal 0.000000e+00 0.000000e+00 -1.000000e+00
      outer loop
         vertex 5.667462e+01 3.272476e+00 4.500000e+00
         vertex 5.673101e+01 3.482940e+00 4.500000e+00
         vertex 5.740000e+01 1.633976e+00 4.500000e+00
      endloop
   endfacet
   facet normal 0.000000e+00 0.000000e+00 -1.000000e+00
      outer loop
         vertex 5.740000e+01 1.633976e+00 4.500000e+00
         vertex 5.673101e+01 3.482940e+00 4.500000e+00
         vertex 5.675000e+01 3.700001e+00 4.500000e+00
      endloop
   endfacet
   facet normal 0.000000e+00 0.000000e+00 -1.000000e+00
      outer loop
         vertex 5.740000e+01 1.633976e+00 4.500000e+00
         vertex 5.675000e+01 3.700001e+00 4.500000e+00
         vertex 5.725000e+01 5.625000e+00 4.500000e+00
      endloop
   endfacet
   facet normal 0.000000e+00 0.000000e+00 -1.000000e+00
      outer loop
         vertex 5.725000e+01 5.625000e+00 4.500000e+00
         vertex 5.675000e+01 3.700001e+00 4.500000e+00
         vertex 5.673101e+01 3.917061e+00 4.500000e+00
      endloop
   endfacet
   facet normal 0.000000e+00 0.000000e+00 -1.000000e+00
      outer loop
         vertex 5.725000e+01 5.625000e+00 4.500000e+00
         vertex 5.673101e+01 3.917061e+00 4.500000e+00
         vertex 5.667462e+01 4.127525e+00 4.500000e+00
      endloop
   endfacet
   facet normal -0.000000e+00 0.000000e+00 -1.000000e+00
      outer loop
         vertex 5.766604e+01 1.857214e+00 4.500000e+00
         vertex 5.754279e+01 1.733957e+00 4.500000e+00
         vertex 5.776603e+01 2.000000e+00 4.500000e+00
      endloop
   endfacet
   facet normal -0.000000e+00 0.000000e+00 -1.000000e+00
      outer loop
         vertex 5.776603e+01 2.000000e+00 4.500000e+00
         vertex 5.754279e+01 1.733957e+00 4.500000e+00
         vertex 5.783969e+01 2.157981e+00 4.500000e+00
      endloop
   endfacet
   facet normal -0.000000e+00 -0.000000e+00 -1.000000e+00
      outer loop
         vertex 5.940000e+01 1.885000e+01 4.500000e+00
         vertex 5.940000e+01 6.700001e+00 4.500000e+00
         vertex 5.725000e+01 1.885000e+01 4.500000e+00
      endloop
   endfacet
   facet normal 0.000000e+00 0.000000e+00 -1.000000e+00
      outer loop
         vertex 5.725000e+01 1.885000e+01 4.500000e+00
         vertex 5.940000e+01 6.700001e+00 4.500000e+00
         vertex 5.790000e+01 6.700001e+00 4.500000e+00
      endloop
   endfacet
   facet normal 0.000000e+00 0.000000e+00 -1.000000e+00
      outer loop
         vertex 5.725000e+01 1.885000e+01 4.500000e+00
         vertex 5.790000e+01 6.700001e+00 4.500000e+00
         vertex 5.725000e+01 5.625000e+00 4.500000e+00
      endloop
   endfacet
   facet normal 0.000000e+00 0.000000e+00 -1.000000e+00
      outer loop
         vertex 5.725000e+01 5.625000e+00 4.500000e+00
         vertex 5.790000e+01 6.700001e+00 4.500000e+00
         vertex 5.790000e+01 5.625000e+00 4.500000e+00
      endloop
   endfacet
   facet normal 0.000000e+00 0.000000e+00 -1.000000e+00
      outer loop
         vertex 5.725000e+01 5.625000e+00 4.500000e+00
         vertex 5.790000e+01 5.625000e+00 4.500000e+00
         vertex 5.740000e+01 1.633976e+00 4.500000e+00
      endloop
   endfacet
   facet normal 0.000000e+00 0.000000e+00 -1.000000e+00
      outer loop
         vertex 5.740000e+01 1.633976e+00 4.500000e+00
         vertex 5.790000e+01 5.625000e+00 4.500000e+00
         vertex 5.790000e+01 2.499999e+00 4.500000e+00
      endloop
   endfacet
   facet normal 0.000000e+00 0.000000e+00 -1.000000e+00
      outer loop
         vertex 5.740000e+01 1.633976e+00 4.500000e+00
         vertex 5.790000e+01 2.499999e+00 4.500000e+00
         vertex 5.754279e+01 1.733957e+00 4.500000e+00
      endloop
   endfacet
   facet normal 0.000000e+00 0.000000e+00 -1.000000e+00
      outer loop
         vertex 5.754279e+01 1.733957e+00 4.500000e+00
         vertex 5.790000e+01 2.499999e+00 4.500000e+00
         vertex 5.788481e+01 2.326353e+00 4.500000e+00
      endloop
   endfacet
   facet normal 0.000000e+00 0.000000e+00 -1.000000e+00
      outer loop
         vertex 5.754279e+01 1.733957e+00 4.500000e+00
         vertex 5.788481e+01 2.326353e+00 4.500000e+00
         vertex 5.783969e+01 2.157981e+00 4.500000e+00
      endloop
   endfacet
   facet normal 0.000000e+00 0.000000e+00 -1.000000e+00
      outer loop
         vertex 5.766604e+01 4.154279e+01 4.500000e+00
         vertex 5.776603e+01 4.140000e+01 4.500000e+00
         vertex 5.783969e+01 4.124202e+01 4.500000e+00
      endloop
   endfacet
   facet normal 0.000000e+00 0.000000e+00 -1.000000e+00
      outer loop
         vertex 5.742101e+01 3.586985e+01 4.500000e+00
         vertex 5.733682e+01 3.589240e+01 4.500000e+00
         vertex 5.790000e+01 3.777500e+01 4.500000e+00
      endloop
   endfacet
   facet normal -0.000000e+00 0.000000e+00 -1.000000e+00
      outer loop
         vertex 5.790000e+01 3.777500e+01 4.500000e+00
         vertex 5.733682e+01 3.589240e+01 4.500000e+00
         vertex 5.725000e+01 3.777500e+01 4.500000e+00
      endloop
   endfacet
   facet normal 0.000000e+00 0.000000e+00 -1.000000e+00
      outer loop
         vertex 5.790000e+01 3.777500e+01 4.500000e+00
         vertex 5.725000e+01 3.777500e+01 4.500000e+00
         vertex 5.790000e+01 4.090000e+01 4.500000e+00
      endloop
   endfacet
   facet normal -0.000000e+00 0.000000e+00 -1.000000e+00
      outer loop
         vertex 5.790000e+01 4.090000e+01 4.500000e+00
         vertex 5.725000e+01 3.777500e+01 4.500000e+00
         vertex 5.740000e+01 4.176603e+01 4.500000e+00
      endloop
   endfacet
   facet normal 0.000000e+00 0.000000e+00 -1.000000e+00
      outer loop
         vertex 5.790000e+01 4.090000e+01 4.500000e+00
         vertex 5.740000e+01 4.176603e+01 4.500000e+00
         vertex 5.788481e+01 4.107365e+01 4.500000e+00
      endloop
   endfacet
   facet normal 0.000000e+00 0.000000e+00 -1.000000e+00
      outer loop
         vertex 5.788481e+01 4.107365e+01 4.500000e+00
         vertex 5.740000e+01 4.176603e+01 4.500000e+00
         vertex 5.783969e+01 4.124202e+01 4.500000e+00
      endloop
   endfacet
   facet normal 0.000000e+00 0.000000e+00 -1.000000e+00
      outer loop
         vertex 5.783969e+01 4.124202e+01 4.500000e+00
         vertex 5.740000e+01 4.176603e+01 4.500000e+00
         vertex 5.754279e+01 4.166604e+01 4.500000e+00
      endloop
   endfacet
   facet normal 0.000000e+00 0.000000e+00 -1.000000e+00
      outer loop
         vertex 5.783969e+01 4.124202e+01 4.500000e+00
         vertex 5.754279e+01 4.166604e+01 4.500000e+00
         vertex 5.766604e+01 4.154279e+01 4.500000e+00
      endloop
   endfacet
   facet normal 0.000000e+00 0.000000e+00 -1.000000e+00
      outer loop
         vertex 3.270000e+01 4.190000e+01 4.500000e+00
         vertex 3.867500e+01 4.340000e+01 4.500000e+00
         vertex 3.867500e+01 3.777500e+01 4.500000e+00
      endloop
   endfacet
   facet normal 0.000000e+00 0.000000e+00 -1.000000e+00
      outer loop
         vertex 3.867500e+01 3.777500e+01 4.500000e+00
         vertex 3.867500e+01 4.340000e+01 4.500000e+00
         vertex 5.270000e+01 4.340000e+01 4.500000e+00
      endloop
   endfacet
   facet normal 0.000000e+00 0.000000e+00 -1.000000e+00
      outer loop
         vertex 3.867500e+01 3.777500e+01 4.500000e+00
         vertex 5.270000e+01 4.340000e+01 4.500000e+00
         vertex 5.270000e+01 4.190000e+01 4.500000e+00
      endloop
   endfacet
   facet normal -0.000000e+00 0.000000e+00 -1.000000e+00
      outer loop
         vertex 5.432538e+01 3.927248e+01 4.500000e+00
         vertex 3.867500e+01 3.777500e+01 4.500000e+00
         vertex 5.426899e+01 3.948294e+01 4.500000e+00
      endloop
   endfacet
   facet normal -0.000000e+00 0.000000e+00 -1.000000e+00
      outer loop
         vertex 5.426899e+01 3.948294e+01 4.500000e+00
         vertex 3.867500e+01 3.777500e+01 4.500000e+00
         vertex 5.425000e+01 3.970000e+01 4.500000e+00
      endloop
   endfacet
   facet normal 0.000000e+00 0.000000e+00 -1.000000e+00
      outer loop
         vertex 5.507248e+01 4.087462e+01 4.500000e+00
         vertex 5.270000e+01 4.190000e+01 4.500000e+00
         vertex 5.528294e+01 4.093101e+01 4.500000e+00
      endloop
   endfacet
   facet normal 0.000000e+00 0.000000e+00 -1.000000e+00
      outer loop
         vertex 5.528294e+01 4.093101e+01 4.500000e+00
         vertex 5.270000e+01 4.190000e+01 4.500000e+00
         vertex 5.550000e+01 4.095000e+01 4.500000e+00
      endloop
   endfacet
   facet normal -0.000000e+00 0.000000e+00 -1.000000e+00
      outer loop
         vertex 5.507248e+01 4.087462e+01 4.500000e+00
         vertex 5.487500e+01 4.078253e+01 4.500000e+00
         vertex 5.270000e+01 4.190000e+01 4.500000e+00
      endloop
   endfacet
   facet normal 0.000000e+00 0.000000e+00 -1.000000e+00
      outer loop
         vertex 5.270000e+01 4.190000e+01 4.500000e+00
         vertex 5.487500e+01 4.078253e+01 4.500000e+00
         vertex 5.469652e+01 4.065756e+01 4.500000e+00
      endloop
   endfacet
   facet normal 0.000000e+00 0.000000e+00 -1.000000e+00
      outer loop
         vertex 5.270000e+01 4.190000e+01 4.500000e+00
         vertex 5.469652e+01 4.065756e+01 4.500000e+00
         vertex 5.454244e+01 4.050349e+01 4.500000e+00
      endloop
   endfacet
   facet normal -0.000000e+00 0.000000e+00 -1.000000e+00
      outer loop
         vertex 5.454244e+01 4.050349e+01 4.500000e+00
         vertex 5.441747e+01 4.032500e+01 4.500000e+00
         vertex 5.270000e+01 4.190000e+01 4.500000e+00
      endloop
   endfacet
   facet normal 0.000000e+00 0.000000e+00 -1.000000e+00
      outer loop
         vertex 5.270000e+01 4.190000e+01 4.500000e+00
         vertex 5.441747e+01 4.032500e+01 4.500000e+00
         vertex 5.432538e+01 4.012753e+01 4.500000e+00
      endloop
   endfacet
   facet normal 0.000000e+00 -0.000000e+00 -1.000000e+00
      outer loop
         vertex 5.270000e+01 4.190000e+01 4.500000e+00
         vertex 5.432538e+01 4.012753e+01 4.500000e+00
         vertex 3.867500e+01 3.777500e+01 4.500000e+00
      endloop
   endfacet
   facet normal 0.000000e+00 0.000000e+00 -1.000000e+00
      outer loop
         vertex 3.867500e+01 3.777500e+01 4.500000e+00
         vertex 5.432538e+01 4.012753e+01 4.500000e+00
         vertex 5.426899e+01 3.991706e+01 4.500000e+00
      endloop
   endfacet
   facet normal 0.000000e+00 0.000000e+00 -1.000000e+00
      outer loop
         vertex 3.867500e+01 3.777500e+01 4.500000e+00
         vertex 5.426899e+01 3.991706e+01 4.500000e+00
         vertex 5.425000e+01 3.970000e+01 4.500000e+00
      endloop
   endfacet
   facet normal 0.000000e+00 0.000000e+00 -1.000000e+00
      outer loop
         vertex 5.571706e+01 3.846899e+01 4.500000e+00
         vertex 5.592752e+01 3.852538e+01 4.500000e+00
         vertex 5.725000e+01 3.777500e+01 4.500000e+00
      endloop
   endfacet
   facet normal 0.000000e+00 0.000000e+00 -1.000000e+00
      outer loop
         vertex 5.725000e+01 3.777500e+01 4.500000e+00
         vertex 5.592752e+01 3.852538e+01 4.500000e+00
         vertex 5.612500e+01 3.861747e+01 4.500000e+00
      endloop
   endfacet
   facet normal 0.000000e+00 0.000000e+00 -1.000000e+00
      outer loop
         vertex 5.725000e+01 3.777500e+01 4.500000e+00
         vertex 5.612500e+01 3.861747e+01 4.500000e+00
         vertex 5.630348e+01 3.874245e+01 4.500000e+00
      endloop
   endfacet
   facet normal 0.000000e+00 0.000000e+00 -1.000000e+00
      outer loop
         vertex 3.867500e+01 3.777500e+01 4.500000e+00
         vertex 5.469652e+01 3.874245e+01 4.500000e+00
         vertex 5.487500e+01 3.861747e+01 4.500000e+00
      endloop
   endfacet
   facet normal 0.000000e+00 -0.000000e+00 -1.000000e+00
      outer loop
         vertex 5.487500e+01 3.861747e+01 4.500000e+00
         vertex 5.507248e+01 3.852538e+01 4.500000e+00
         vertex 3.867500e+01 3.777500e+01 4.500000e+00
      endloop
   endfacet
   facet normal 0.000000e+00 0.000000e+00 -1.000000e+00
      outer loop
         vertex 3.867500e+01 3.777500e+01 4.500000e+00
         vertex 5.507248e+01 3.852538e+01 4.500000e+00
         vertex 5.528294e+01 3.846899e+01 4.500000e+00
      endloop
   endfacet
   facet normal 0.000000e+00 0.000000e+00 -1.000000e+00
      outer loop
         vertex 3.867500e+01 3.777500e+01 4.500000e+00
         vertex 5.528294e+01 3.846899e+01 4.500000e+00
         vertex 5.725000e+01 3.777500e+01 4.500000e+00
      endloop
   endfacet
   facet normal 0.000000e+00 0.000000e+00 -1.000000e+00
      outer loop
         vertex 5.725000e+01 3.777500e+01 4.500000e+00
         vertex 5.528294e+01 3.846899e+01 4.500000e+00
         vertex 5.550000e+01 3.845000e+01 4.500000e+00
      endloop
   endfacet
   facet normal 0.000000e+00 0.000000e+00 -1.000000e+00
      outer loop
         vertex 5.725000e+01 3.777500e+01 4.500000e+00
         vertex 5.550000e+01 3.845000e+01 4.500000e+00
         vertex 5.571706e+01 3.846899e+01 4.500000e+00
      endloop
   endfacet
   facet normal 0.000000e+00 0.000000e+00 -1.000000e+00
      outer loop
         vertex 5.630348e+01 3.874245e+01 4.500000e+00
         vertex 5.645755e+01 3.889652e+01 4.500000e+00
         vertex 5.725000e+01 3.777500e+01 4.500000e+00
      endloop
   endfacet
   facet normal 0.000000e+00 0.000000e+00 -1.000000e+00
      outer loop
         vertex 5.725000e+01 3.777500e+01 4.500000e+00
         vertex 5.645755e+01 3.889652e+01 4.500000e+00
         vertex 5.658253e+01 3.907500e+01 4.500000e+00
      endloop
   endfacet
   facet normal 0.000000e+00 0.000000e+00 -1.000000e+00
      outer loop
         vertex 5.725000e+01 3.777500e+01 4.500000e+00
         vertex 5.658253e+01 3.907500e+01 4.500000e+00
         vertex 5.667462e+01 3.927248e+01 4.500000e+00
      endloop
   endfacet
   facet normal 0.000000e+00 0.000000e+00 -1.000000e+00
      outer loop
         vertex 5.667462e+01 4.012753e+01 4.500000e+00
         vertex 5.658253e+01 4.032500e+01 4.500000e+00
         vertex 5.740000e+01 4.176603e+01 4.500000e+00
      endloop
   endfacet
   facet normal 0.000000e+00 0.000000e+00 -1.000000e+00
      outer loop
         vertex 5.740000e+01 4.176603e+01 4.500000e+00
         vertex 5.658253e+01 4.032500e+01 4.500000e+00
         vertex 5.645755e+01 4.050349e+01 4.500000e+00
      endloop
   endfacet
   facet normal -0.000000e+00 0.000000e+00 -1.000000e+00
      outer loop
         vertex 5.740000e+01 4.176603e+01 4.500000e+00
         vertex 5.645755e+01 4.050349e+01 4.500000e+00
         vertex 5.724202e+01 4.183969e+01 4.500000e+00
      endloop
   endfacet
   facet normal 0.000000e+00 0.000000e+00 -1.000000e+00
      outer loop
         vertex 5.724202e+01 4.183969e+01 4.500000e+00
         vertex 5.645755e+01 4.050349e+01 4.500000e+00
         vertex 5.630348e+01 4.065756e+01 4.500000e+00
      endloop
   endfacet
   facet normal -0.000000e+00 0.000000e+00 -1.000000e+00
      outer loop
         vertex 5.724202e+01 4.183969e+01 4.500000e+00
         vertex 5.630348e+01 4.065756e+01 4.500000e+00
         vertex 5.707365e+01 4.188481e+01 4.500000e+00
      endloop
   endfacet
   facet normal 0.000000e+00 0.000000e+00 -1.000000e+00
      outer loop
         vertex 5.707365e+01 4.188481e+01 4.500000e+00
         vertex 5.630348e+01 4.065756e+01 4.500000e+00
         vertex 5.612500e+01 4.078253e+01 4.500000e+00
      endloop
   endfacet
   facet normal -0.000000e+00 0.000000e+00 -1.000000e+00
      outer loop
         vertex 5.707365e+01 4.188481e+01 4.500000e+00
         vertex 5.612500e+01 4.078253e+01 4.500000e+00
         vertex 5.690000e+01 4.190000e+01 4.500000e+00
      endloop
   endfacet
   facet normal 0.000000e+00 0.000000e+00 -1.000000e+00
      outer loop
         vertex 5.690000e+01 4.190000e+01 4.500000e+00
         vertex 5.612500e+01 4.078253e+01 4.500000e+00
         vertex 5.592752e+01 4.087462e+01 4.500000e+00
      endloop
   endfacet
   facet normal -0.000000e+00 0.000000e+00 -1.000000e+00
      outer loop
         vertex 5.690000e+01 4.190000e+01 4.500000e+00
         vertex 5.592752e+01 4.087462e+01 4.500000e+00
         vertex 5.270000e+01 4.190000e+01 4.500000e+00
      endloop
   endfacet
   facet normal 0.000000e+00 0.000000e+00 -1.000000e+00
      outer loop
         vertex 5.270000e+01 4.190000e+01 4.500000e+00
         vertex 5.592752e+01 4.087462e+01 4.500000e+00
         vertex 5.571706e+01 4.093101e+01 4.500000e+00
      endloop
   endfacet
   facet normal 0.000000e+00 0.000000e+00 -1.000000e+00
      outer loop
         vertex 5.270000e+01 4.190000e+01 4.500000e+00
         vertex 5.571706e+01 4.093101e+01 4.500000e+00
         vertex 5.550000e+01 4.095000e+01 4.500000e+00
      endloop
   endfacet
   facet normal 0.000000e+00 -0.000000e+00 -1.000000e+00
      outer loop
         vertex 5.432538e+01 3.927248e+01 4.500000e+00
         vertex 5.441747e+01 3.907500e+01 4.500000e+00
         vertex 3.867500e+01 3.777500e+01 4.500000e+00
      endloop
   endfacet
   facet normal 0.000000e+00 0.000000e+00 -1.000000e+00
      outer loop
         vertex 3.867500e+01 3.777500e+01 4.500000e+00
         vertex 5.441747e+01 3.907500e+01 4.500000e+00
         vertex 5.454244e+01 3.889652e+01 4.500000e+00
      endloop
   endfacet
   facet normal 0.000000e+00 0.000000e+00 -1.000000e+00
      outer loop
         vertex 3.867500e+01 3.777500e+01 4.500000e+00
         vertex 5.454244e+01 3.889652e+01 4.500000e+00
         vertex 5.469652e+01 3.874245e+01 4.500000e+00
      endloop
   endfacet
   facet normal 0.000000e+00 0.000000e+00 -1.000000e+00
      outer loop
         vertex 5.667462e+01 3.927248e+01 4.500000e+00
         vertex 5.673101e+01 3.948294e+01 4.500000e+00
         vertex 5.725000e+01 3.777500e+01 4.500000e+00
      endloop
   endfacet
   facet normal 0.000000e+00 0.000000e+00 -1.000000e+00
      outer loop
         vertex 5.725000e+01 3.777500e+01 4.500000e+00
         vertex 5.673101e+01 3.948294e+01 4.500000e+00
         vertex 5.675000e+01 3.970000e+01 4.500000e+00
      endloop
   endfacet
   facet normal 0.000000e+00 0.000000e+00 -1.000000e+00
      outer loop
         vertex 5.725000e+01 3.777500e+01 4.500000e+00
         vertex 5.675000e+01 3.970000e+01 4.500000e+00
         vertex 5.740000e+01 4.176603e+01 4.500000e+00
      endloop
   endfacet
   facet normal 0.000000e+00 0.000000e+00 -1.000000e+00
      outer loop
         vertex 5.740000e+01 4.176603e+01 4.500000e+00
         vertex 5.675000e+01 3.970000e+01 4.500000e+00
         vertex 5.673101e+01 3.991706e+01 4.500000e+00
      endloop
   endfacet
   facet normal 0.000000e+00 0.000000e+00 -1.000000e+00
      outer loop
         vertex 5.740000e+01 4.176603e+01 4.500000e+00
         vertex 5.673101e+01 3.991706e+01 4.500000e+00
         vertex 5.667462e+01 4.012753e+01 4.500000e+00
      endloop
   endfacet
   facet normal -0.000000e+00 0.000000e+00 -1.000000e+00
      outer loop
         vertex 4.975000e+01 2.310000e+01 4.500000e+00
         vertex 3.867500e+01 1.885000e+01 4.500000e+00
         vertex 3.867500e+01 2.545000e+01 4.500000e+00
      endloop
   endfacet
   facet normal 0.000000e+00 -0.000000e+00 -1.000000e+00
      outer loop
         vertex 3.867500e+01 2.545000e+01 4.500000e+00
         vertex 3.867500e+01 1.885000e+01 4.500000e+00
         vertex 2.142500e+01 1.885000e+01 4.500000e+00
      endloop
   endfacet
   facet normal -0.000000e+00 0.000000e+00 -1.000000e+00
      outer loop
         vertex 3.867500e+01 2.545000e+01 4.500000e+00
         vertex 2.142500e+01 1.885000e+01 4.500000e+00
         vertex 2.142500e+01 2.545000e+01 4.500000e+00
      endloop
   endfacet
   facet normal 0.000000e+00 -0.000000e+00 -1.000000e+00
      outer loop
         vertex 2.142500e+01 2.545000e+01 4.500000e+00
         vertex 2.142500e+01 1.885000e+01 4.500000e+00
         vertex 1.782500e+01 1.885000e+01 4.500000e+00
      endloop
   endfacet
   facet normal -0.000000e+00 0.000000e+00 -1.000000e+00
      outer loop
         vertex 2.142500e+01 2.545000e+01 4.500000e+00
         vertex 1.782500e+01 1.885000e+01 4.500000e+00
         vertex 1.782500e+01 2.545000e+01 4.500000e+00
      endloop
   endfacet
   facet normal 0.000000e+00 -0.000000e+00 -1.000000e+00
      outer loop
         vertex 1.782500e+01 2.545000e+01 4.500000e+00
         vertex 1.782500e+01 1.885000e+01 4.500000e+00
         vertex 1.095000e+01 1.885000e+01 4.500000e+00
      endloop
   endfacet
   facet normal -0.000000e+00 0.000000e+00 -1.000000e+00
      outer loop
         vertex 1.782500e+01 2.545000e+01 4.500000e+00
         vertex 1.095000e+01 1.885000e+01 4.500000e+00
         vertex 1.095000e+01 2.545000e+01 4.500000e+00
      endloop
   endfacet
   facet normal 0.000000e+00 -0.000000e+00 -1.000000e+00
      outer loop
         vertex 5.007899e+01 2.263015e+01 4.500000e+00
         vertex 5.016318e+01 2.260760e+01 4.500000e+00
         vertex 3.867500e+01 1.885000e+01 4.500000e+00
      endloop
   endfacet
   facet normal 0.000000e+00 0.000000e+00 -1.000000e+00
      outer loop
         vertex 3.867500e+01 1.885000e+01 4.500000e+00
         vertex 5.016318e+01 2.260760e+01 4.500000e+00
         vertex 5.725000e+01 1.885000e+01 4.500000e+00
      endloop
   endfacet
   facet normal 0.000000e+00 0.000000e+00 -1.000000e+00
      outer loop
         vertex 3.867500e+01 1.885000e+01 4.500000e+00
         vertex 5.725000e+01 1.885000e+01 4.500000e+00
         vertex 3.867500e+01 5.625000e+00 4.500000e+00
      endloop
   endfacet
   facet normal 0.000000e+00 0.000000e+00 -1.000000e+00
      outer loop
         vertex 3.867500e+01 5.625000e+00 4.500000e+00
         vertex 5.725000e+01 1.885000e+01 4.500000e+00
         vertex 5.725000e+01 5.625000e+00 4.500000e+00
      endloop
   endfacet
   facet normal 0.000000e+00 0.000000e+00 -1.000000e+00
      outer loop
         vertex 3.867500e+01 5.625000e+00 4.500000e+00
         vertex 5.725000e+01 5.625000e+00 4.500000e+00
         vertex 5.528294e+01 4.931010e+00 4.500000e+00
      endloop
   endfacet
   facet normal 0.000000e+00 0.000000e+00 -1.000000e+00
      outer loop
         vertex 5.528294e+01 4.931010e+00 4.500000e+00
         vertex 5.725000e+01 5.625000e+00 4.500000e+00
         vertex 5.550000e+01 4.950000e+00 4.500000e+00
      endloop
   endfacet
   facet normal 9.961940e-01 -8.716403e-02 0.000000e+00
      outer loop
         vertex 1.499999e+00 4.090000e+01 4.500000e+00
         vertex 1.499999e+00 4.090000e+01 0.000000e+00
         vertex 1.515193e+00 4.107365e+01 4.500000e+00
      endloop
   endfacet
   facet normal 9.961940e-01 -8.716403e-02 0.000000e+00
      outer loop
         vertex 1.515193e+00 4.107365e+01 4.500000e+00
         vertex 1.499999e+00 4.090000e+01 0.000000e+00
         vertex 1.515193e+00 4.107365e+01 0.000000e+00
      endloop
   endfacet
   facet normal 9.659258e-01 -2.588191e-01 0.000000e+00
      outer loop
         vertex 1.515193e+00 4.107365e+01 4.500000e+00
         vertex 1.515193e+00 4.107365e+01 0.000000e+00
         vertex 1.560308e+00 4.124202e+01 4.500000e+00
      endloop
   endfacet
   facet normal 9.659258e-01 -2.588191e-01 0.000000e+00
      outer loop
         vertex 1.560308e+00 4.124202e+01 4.500000e+00
         vertex 1.515193e+00 4.107365e+01 0.000000e+00
         vertex 1.560308e+00 4.124202e+01 0.000000e+00
      endloop
   endfacet
   facet normal 9.063114e-01 -4.226105e-01 0.000000e+00
      outer loop
         vertex 1.560308e+00 4.124202e+01 4.500000e+00
         vertex 1.560308e+00 4.124202e+01 0.000000e+00
         vertex 1.633974e+00 4.140000e+01 4.500000e+00
      endloop
   endfacet
   facet normal 9.063114e-01 -4.226105e-01 0.000000e+00
      outer loop
         vertex 1.633974e+00 4.140000e+01 4.500000e+00
         vertex 1.560308e+00 4.124202e+01 0.000000e+00
         vertex 1.633974e+00 4.140000e+01 0.000000e+00
      endloop
   endfacet
   facet normal 8.191496e-01 -5.735800e-01 0.000000e+00
      outer loop
         vertex 1.633974e+00 4.140000e+01 4.500000e+00
         vertex 1.633974e+00 4.140000e+01 0.000000e+00
         vertex 1.733955e+00 4.154279e+01 4.500000e+00
      endloop
   endfacet
   facet normal 8.191496e-01 -5.735800e-01 0.000000e+00
      outer loop
         vertex 1.733955e+00 4.154279e+01 4.500000e+00
         vertex 1.633974e+00 4.140000e+01 0.000000e+00
         vertex 1.733955e+00 4.154279e+01 0.000000e+00
      endloop
   endfacet
   facet normal 7.071068e-01 -7.071068e-01 0.000000e+00
      outer loop
         vertex 1.733955e+00 4.154279e+01 4.500000e+00
         vertex 1.733955e+00 4.154279e+01 0.000000e+00
         vertex 1.857212e+00 4.166604e+01 4.500000e+00
      endloop
   endfacet
   facet normal 7.071068e-01 -7.071068e-01 0.000000e+00
      outer loop
         vertex 1.857212e+00 4.166604e+01 4.500000e+00
         vertex 1.733955e+00 4.154279e+01 0.000000e+00
         vertex 1.857212e+00 4.166604e+01 0.000000e+00
      endloop
   endfacet
   facet normal 5.735749e-01 -8.191531e-01 0.000000e+00
      outer loop
         vertex 1.857212e+00 4.166604e+01 4.500000e+00
         vertex 1.857212e+00 4.166604e+01 0.000000e+00
         vertex 2.000000e+00 4.176603e+01 4.500000e+00
      endloop
   endfacet
   facet normal 5.735749e-01 -8.191531e-01 0.000000e+00
      outer loop
         vertex 2.000000e+00 4.176603e+01 4.500000e+00
         vertex 1.857212e+00 4.166604e+01 0.000000e+00
         vertex 2.000000e+00 4.176603e+01 0.000000e+00
      endloop
   endfacet
   facet normal 4.226193e-01 -9.063073e-01 0.000000e+00
      outer loop
         vertex 2.000000e+00 4.176603e+01 4.500000e+00
         vertex 2.000000e+00 4.176603e+01 0.000000e+00
         vertex 2.157981e+00 4.183969e+01 4.500000e+00
      endloop
   endfacet
   facet normal 4.226193e-01 -9.063073e-01 0.000000e+00
      outer loop
         vertex 2.157981e+00 4.183969e+01 4.500000e+00
         vertex 2.000000e+00 4.176603e+01 0.000000e+00
         vertex 2.157981e+00 4.183969e+01 0.000000e+00
      endloop
   endfacet
   facet normal 2.588191e-01 -9.659258e-01 0.000000e+00
      outer loop
         vertex 2.157981e+00 4.183969e+01 4.500000e+00
         vertex 2.157981e+00 4.183969e+01 0.000000e+00
         vertex 2.326353e+00 4.188481e+01 4.500000e+00
      endloop
   endfacet
   facet normal 2.588191e-01 -9.659258e-01 0.000000e+00
      outer loop
         vertex 2.326353e+00 4.188481e+01 4.500000e+00
         vertex 2.157981e+00 4.183969e+01 0.000000e+00
         vertex 2.326353e+00 4.188481e+01 0.000000e+00
      endloop
   endfacet
   facet normal 8.715343e-02 -9.961949e-01 0.000000e+00
      outer loop
         vertex 2.326353e+00 4.188481e+01 4.500000e+00
         vertex 2.326353e+00 4.188481e+01 0.000000e+00
         vertex 2.499999e+00 4.190000e+01 4.500000e+00
      endloop
   endfacet
   facet normal 8.715343e-02 -9.961949e-01 0.000000e+00
      outer loop
         vertex 2.499999e+00 4.190000e+01 4.500000e+00
         vertex 2.326353e+00 4.188481e+01 0.000000e+00
         vertex 2.499999e+00 4.190000e+01 0.000000e+00
      endloop
   endfacet
   facet normal 1.000000e+00 0.000000e+00 0.000000e+00
      outer loop
         vertex 1.499999e+00 3.950000e+01 0.000000e+00
         vertex 1.499999e+00 4.090000e+01 0.000000e+00
         vertex 1.499999e+00 3.950000e+01 4.500000e+00
      endloop
   endfacet
   facet normal 1.000000e+00 -0.000000e+00 0.000000e+00
      outer loop
         vertex 1.499999e+00 3.950000e+01 4.500000e+00
         vertex 1.499999e+00 4.090000e+01 0.000000e+00
         vertex 1.499999e+00 4.090000e+01 4.500000e+00
      endloop
   endfacet
   facet normal 0.000000e+00 -0.000000e+00 -1.000000e+00
      outer loop
         vertex 1.499999e+00 4.090000e+01 0.000000e+00
         vertex 1.499999e+00 3.950000e+01 0.000000e+00
         vertex 1.250001e+00 3.950000e+01 0.000000e+00
      endloop
   endfacet
   facet normal 0.000000e+00 0.000000e+00 -1.000000e+00
      outer loop
         vertex 2.000000e+00 4.340000e+01 0.000000e+00
         vertex 2.220000e+01 4.340000e+01 0.000000e+00
         vertex 2.220000e+01 4.190000e+01 0.000000e+00
      endloop
   endfacet
   facet normal -0.000000e+00 0.000000e+00 -1.000000e+00
      outer loop
         vertex 1.515193e+00 4.107365e+01 0.000000e+00
         vertex 1.499999e+00 4.090000e+01 0.000000e+00
         vertex 0.000000e+00 4.140000e+01 0.000000e+00
      endloop
   endfacet
   facet normal 0.000000e+00 0.000000e+00 -1.000000e+00
      outer loop
         vertex 0.000000e+00 4.140000e+01 0.000000e+00
         vertex 1.499999e+00 4.090000e+01 0.000000e+00
         vertex 1.250001e+00 3.950000e+01 0.000000e+00
      endloop
   endfacet
   facet normal 0.000000e+00 0.000000e+00 -1.000000e+00
      outer loop
         vertex 0.000000e+00 4.140000e+01 0.000000e+00
         vertex 1.250001e+00 3.950000e+01 0.000000e+00
         vertex 0.000000e+00 3.470000e+01 0.000000e+00
      endloop
   endfacet
   facet normal 0.000000e+00 0.000000e+00 -1.000000e+00
      outer loop
         vertex 0.000000e+00 3.470000e+01 0.000000e+00
         vertex 1.250001e+00 3.950000e+01 0.000000e+00
         vertex 1.250001e+00 3.830000e+01 0.000000e+00
      endloop
   endfacet
   facet normal 0.000000e+00 0.000000e+00 -1.000000e+00
      outer loop
         vertex 0.000000e+00 3.470000e+01 0.000000e+00
         vertex 1.250001e+00 3.830000e+01 0.000000e+00
         vertex 1.499999e+00 3.470000e+01 0.000000e+00
      endloop
   endfacet
   facet normal 0.000000e+00 0.000000e+00 -1.000000e+00
      outer loop
         vertex 1.499999e+00 3.470000e+01 0.000000e+00
         vertex 1.250001e+00 3.830000e+01 0.000000e+00
         vertex 1.499999e+00 3.830000e+01 0.000000e+00
      endloop
   endfacet
   facet normal 0.000000e+00 0.000000e+00 -1.000000e+00
      outer loop
         vertex 1.515193e+00 4.107365e+01 0.000000e+00
         vertex 0.000000e+00 4.140000e+01 0.000000e+00
         vertex 1.560308e+00 4.124202e+01 0.000000e+00
      endloop
   endfacet
   facet normal 0.000000e+00 0.000000e+00 -1.000000e+00
      outer loop
         vertex 1.560308e+00 4.124202e+01 0.000000e+00
         vertex 0.000000e+00 4.140000e+01 0.000000e+00
         vertex 3.038347e-02 4.174730e+01 0.000000e+00
      endloop
   endfacet
   facet normal 0.000000e+00 0.000000e+00 -1.000000e+00
      outer loop
         vertex 1.560308e+00 4.124202e+01 0.000000e+00
         vertex 3.038347e-02 4.174730e+01 0.000000e+00
         vertex 1.633974e+00 4.140000e+01 0.000000e+00
      endloop
   endfacet
   facet normal 0.000000e+00 0.000000e+00 -1.000000e+00
      outer loop
         vertex 2.220000e+01 4.190000e+01 0.000000e+00
         vertex 2.499999e+00 4.190000e+01 0.000000e+00
         vertex 2.000000e+00 4.340000e+01 0.000000e+00
      endloop
   endfacet
   facet normal 0.000000e+00 0.000000e+00 -1.000000e+00
      outer loop
         vertex 2.000000e+00 4.340000e+01 0.000000e+00
         vertex 2.499999e+00 4.190000e+01 0.000000e+00
         vertex 2.326353e+00 4.188481e+01 0.000000e+00
      endloop
   endfacet
   facet normal 0.000000e+00 -0.000000e+00 -1.000000e+00
      outer loop
         vertex 2.000000e+00 4.340000e+01 0.000000e+00
         vertex 2.326353e+00 4.188481e+01 0.000000e+00
         vertex 1.652703e+00 4.336962e+01 0.000000e+00
      endloop
   endfacet
   facet normal 0.000000e+00 0.000000e+00 -1.000000e+00
      outer loop
         vertex 1.652703e+00 4.336962e+01 0.000000e+00
         vertex 2.326353e+00 4.188481e+01 0.000000e+00
         vertex 2.157981e+00 4.183969e+01 0.000000e+00
      endloop
   endfacet
   facet normal 0.000000e+00 -0.000000e+00 -1.000000e+00
      outer loop
         vertex 1.652703e+00 4.336962e+01 0.000000e+00
         vertex 2.157981e+00 4.183969e+01 0.000000e+00
         vertex 1.315959e+00 4.327939e+01 0.000000e+00
      endloop
   endfacet
   facet normal 0.000000e+00 0.000000e+00 -1.000000e+00
      outer loop
         vertex 1.315959e+00 4.327939e+01 0.000000e+00
         vertex 2.157981e+00 4.183969e+01 0.000000e+00
         vertex 2.000000e+00 4.176603e+01 0.000000e+00
      endloop
   endfacet
   facet normal 0.000000e+00 -0.000000e+00 -1.000000e+00
      outer loop
         vertex 1.315959e+00 4.327939e+01 0.000000e+00
         vertex 2.000000e+00 4.176603e+01 0.000000e+00
         vertex 1.000000e+00 4.313205e+01 0.000000e+00
      endloop
   endfacet
   facet normal 0.000000e+00 0.000000e+00 -1.000000e+00
      outer loop
         vertex 1.000000e+00 4.313205e+01 0.000000e+00
         vertex 2.000000e+00 4.176603e+01 0.000000e+00
         vertex 1.857212e+00 4.166604e+01 0.000000e+00
      endloop
   endfacet
   facet normal 0.000000e+00 0.000000e+00 -1.000000e+00
      outer loop
         vertex 3.038347e-02 4.174730e+01 0.000000e+00
         vertex 1.206137e-01 4.208404e+01 0.000000e+00
         vertex 1.633974e+00 4.140000e+01 0.000000e+00
      endloop
   endfacet
   facet normal 0.000000e+00 0.000000e+00 -1.000000e+00
      outer loop
         vertex 1.633974e+00 4.140000e+01 0.000000e+00
         vertex 1.206137e-01 4.208404e+01 0.000000e+00
         vertex 2.679490e-01 4.240000e+01 0.000000e+00
      endloop
   endfacet
   facet normal 0.000000e+00 0.000000e+00 -1.000000e+00
      outer loop
         vertex 1.633974e+00 4.140000e+01 0.000000e+00
         vertex 2.679490e-01 4.240000e+01 0.000000e+00
         vertex 1.733955e+00 4.154279e+01 0.000000e+00
      endloop
   endfacet
   facet normal 0.000000e+00 0.000000e+00 -1.000000e+00
      outer loop
         vertex 1.733955e+00 4.154279e+01 0.000000e+00
         vertex 2.679490e-01 4.240000e+01 0.000000e+00
         vertex 4.679114e-01 4.268558e+01 0.000000e+00
      endloop
   endfacet
   facet normal 0.000000e+00 0.000000e+00 -1.000000e+00
      outer loop
         vertex 1.733955e+00 4.154279e+01 0.000000e+00
         vertex 4.679114e-01 4.268558e+01 0.000000e+00
         vertex 1.857212e+00 4.166604e+01 0.000000e+00
      endloop
   endfacet
   facet normal 0.000000e+00 0.000000e+00 -1.000000e+00
      outer loop
         vertex 1.857212e+00 4.166604e+01 0.000000e+00
         vertex 4.679114e-01 4.268558e+01 0.000000e+00
         vertex 7.144250e-01 4.293209e+01 0.000000e+00
      endloop
   endfacet
   facet normal 0.000000e+00 0.000000e+00 -1.000000e+00
      outer loop
         vertex 1.857212e+00 4.166604e+01 0.000000e+00
         vertex 7.144250e-01 4.293209e+01 0.000000e+00
         vertex 1.000000e+00 4.313205e+01 0.000000e+00
      endloop
   endfacet
   facet normal -8.715780e-02 9.961945e-01 0.000000e+00
      outer loop
         vertex 2.000000e+00 4.340000e+01 5.500000e+00
         vertex 2.000000e+00 4.340000e+01 0.000000e+00
         vertex 1.652703e+00 4.336962e+01 0.000000e+00
      endloop
   endfacet
   facet normal -8.715780e-02 9.961945e-01 0.000000e+00
      outer loop
         vertex 2.000000e+00 4.340000e+01 5.500000e+00
         vertex 1.652703e+00 4.336962e+01 0.000000e+00
         vertex 1.652703e+00 4.336962e+01 5.500000e+00
      endloop
   endfacet
   facet normal -2.588191e-01 9.659258e-01 0.000000e+00
      outer loop
         vertex 1.652703e+00 4.336962e+01 5.500000e+00
         vertex 1.652703e+00 4.336962e+01 0.000000e+00
         vertex 1.315959e+00 4.327939e+01 0.000000e+00
      endloop
   endfacet
   facet normal -2.588191e-01 9.659258e-01 0.000000e+00
      outer loop
         vertex 1.652703e+00 4.336962e+01 5.500000e+00
         vertex 1.315959e+00 4.327939e+01 0.000000e+00
         vertex 1.315959e+00 4.327939e+01 5.500000e+00
      endloop
   endfacet
   facet normal -4.226169e-01 9.063084e-01 0.000000e+00
      outer loop
         vertex 1.315959e+00 4.327939e+01 5.500000e+00
         vertex 1.315959e+00 4.327939e+01 0.000000e+00
         vertex 1.000000e+00 4.313205e+01 0.000000e+00
      endloop
   endfacet
   facet normal -4.226169e-01 9.063084e-01 0.000000e+00
      outer loop
         vertex 1.315959e+00 4.327939e+01 5.500000e+00
         vertex 1.000000e+00 4.313205e+01 0.000000e+00
         vertex 1.000000e+00 4.313205e+01 5.500000e+00
      endloop
   endfacet
   facet normal -5.735774e-01 8.191513e-01 0.000000e+00
      outer loop
         vertex 1.000000e+00 4.313205e+01 5.500000e+00
         vertex 1.000000e+00 4.313205e+01 0.000000e+00
         vertex 7.144250e-01 4.293209e+01 0.000000e+00
      endloop
   endfacet
   facet normal -5.735774e-01 8.191513e-01 0.000000e+00
      outer loop
         vertex 1.000000e+00 4.313205e+01 5.500000e+00
         vertex 7.144250e-01 4.293209e+01 0.000000e+00
         vertex 7.144250e-01 4.293209e+01 5.500000e+00
      endloop
   endfacet
   facet normal -7.071068e-01 7.071068e-01 0.000000e+00
      outer loop
         vertex 7.144250e-01 4.293209e+01 5.500000e+00
         vertex 7.144250e-01 4.293209e+01 0.000000e+00
         vertex 4.679114e-01 4.268558e+01 0.000000e+00
      endloop
   endfacet
   facet normal -7.071068e-01 7.071068e-01 0.000000e+00
      outer loop
         vertex 7.144250e-01 4.293209e+01 5.500000e+00
         vertex 4.679114e-01 4.268558e+01 0.000000e+00
         vertex 4.679114e-01 4.268558e+01 5.500000e+00
      endloop
   endfacet
   facet normal -8.191513e-01 5.735774e-01 0.000000e+00
      outer loop
         vertex 4.679114e-01 4.268558e+01 5.500000e+00
         vertex 4.679114e-01 4.268558e+01 0.000000e+00
         vertex 2.679490e-01 4.240000e+01 0.000000e+00
      endloop
   endfacet
   facet normal -8.191513e-01 5.735774e-01 0.000000e+00
      outer loop
         vertex 4.679114e-01 4.268558e+01 5.500000e+00
         vertex 2.679490e-01 4.240000e+01 0.000000e+00
         vertex 2.679490e-01 4.240000e+01 5.500000e+00
      endloop
   endfacet
   facet normal -9.063073e-01 4.226193e-01 0.000000e+00
      outer loop
         vertex 2.679490e-01 4.240000e+01 5.500000e+00
         vertex 2.679490e-01 4.240000e+01 0.000000e+00
         vertex 1.206137e-01 4.208404e+01 0.000000e+00
      endloop
   endfacet
   facet normal -9.063073e-01 4.226193e-01 0.000000e+00
      outer loop
         vertex 2.679490e-01 4.240000e+01 5.500000e+00
         vertex 1.206137e-01 4.208404e+01 0.000000e+00
         vertex 1.206137e-01 4.208404e+01 5.500000e+00
      endloop
   endfacet
   facet normal -9.659258e-01 2.588191e-01 0.000000e+00
      outer loop
         vertex 1.206137e-01 4.208404e+01 5.500000e+00
         vertex 1.206137e-01 4.208404e+01 0.000000e+00
         vertex 3.038347e-02 4.174730e+01 0.000000e+00
      endloop
   endfacet
   facet normal -9.659258e-01 2.588191e-01 0.000000e+00
      outer loop
         vertex 1.206137e-01 4.208404e+01 5.500000e+00
         vertex 3.038347e-02 4.174730e+01 0.000000e+00
         vertex 3.038347e-02 4.174730e+01 5.500000e+00
      endloop
   endfacet
   facet normal -9.961949e-01 8.715297e-02 0.000000e+00
      outer loop
         vertex 3.038347e-02 4.174730e+01 5.500000e+00
         vertex 3.038347e-02 4.174730e+01 0.000000e+00
         vertex 0.000000e+00 4.140000e+01 0.000000e+00
      endloop
   endfacet
   facet normal -9.961949e-01 8.715297e-02 0.000000e+00
      outer loop
         vertex 3.038347e-02 4.174730e+01 5.500000e+00
         vertex 0.000000e+00 4.140000e+01 0.000000e+00
         vertex 0.000000e+00 4.140000e+01 5.500000e+00
      endloop
   endfacet
   facet normal 0.000000e+00 0.000000e+00 1.000000e+00
      outer loop
         vertex 1.681603e+01 2.150001e+00 5.500000e+00
         vertex 1.671604e+01 2.007212e+00 5.500000e+00
         vertex 1.737500e+01 2.050001e+00 5.500000e+00
      endloop
   endfacet
   facet normal 0.000000e+00 0.000000e+00 1.000000e+00
      outer loop
         vertex 5.733682e+01 2.260760e+01 5.500000e+00
         vertex 5.725000e+01 2.260000e+01 5.500000e+00
         vertex 5.725000e+01 1.885000e+01 5.500000e+00
      endloop
   endfacet
   facet normal 0.000000e+00 -0.000000e+00 1.000000e+00
      outer loop
         vertex 4.975760e+01 3.548682e+01 5.500000e+00
         vertex 4.978015e+01 3.557101e+01 5.500000e+00
         vertex 2.485000e+01 3.597500e+01 5.500000e+00
      endloop
   endfacet
   facet normal 0.000000e+00 0.000000e+00 1.000000e+00
      outer loop
         vertex 2.485000e+01 3.597500e+01 5.500000e+00
         vertex 4.978015e+01 3.557101e+01 5.500000e+00
         vertex 4.981699e+01 3.565000e+01 5.500000e+00
      endloop
   endfacet
   facet normal 0.000000e+00 0.000000e+00 1.000000e+00
      outer loop
         vertex 2.485000e+01 3.597500e+01 5.500000e+00
         vertex 4.981699e+01 3.565000e+01 5.500000e+00
         vertex 4.986698e+01 3.572139e+01 5.500000e+00
      endloop
   endfacet
   facet normal 0.000000e+00 -0.000000e+00 1.000000e+00
      outer loop
         vertex 4.986698e+01 3.572139e+01 5.500000e+00
         vertex 4.992861e+01 3.578302e+01 5.500000e+00
         vertex 2.485000e+01 3.597500e+01 5.500000e+00
      endloop
   endfacet
   facet normal 0.000000e+00 0.000000e+00 1.000000e+00
      outer loop
         vertex 2.485000e+01 3.597500e+01 5.500000e+00
         vertex 4.992861e+01 3.578302e+01 5.500000e+00
         vertex 5.000000e+01 3.583301e+01 5.500000e+00
      endloop
   endfacet
   facet normal 0.000000e+00 0.000000e+00 1.000000e+00
      outer loop
         vertex 2.485000e+01 3.597500e+01 5.500000e+00
         vertex 5.000000e+01 3.583301e+01 5.500000e+00
         vertex 5.007899e+01 3.586985e+01 5.500000e+00
      endloop
   endfacet
   facet normal 0.000000e+00 -0.000000e+00 1.000000e+00
      outer loop
         vertex 5.007899e+01 3.586985e+01 5.500000e+00
         vertex 5.016318e+01 3.589240e+01 5.500000e+00
         vertex 2.485000e+01 3.597500e+01 5.500000e+00
      endloop
   endfacet
   facet normal 0.000000e+00 0.000000e+00 1.000000e+00
      outer loop
         vertex 2.485000e+01 3.597500e+01 5.500000e+00
         vertex 5.016318e+01 3.589240e+01 5.500000e+00
         vertex 5.025000e+01 3.590000e+01 5.500000e+00
      endloop
   endfacet
   facet normal -0.000000e+00 0.000000e+00 1.000000e+00
      outer loop
         vertex 2.485000e+01 3.597500e+01 5.500000e+00
         vertex 5.025000e+01 3.590000e+01 5.500000e+00
         vertex 5.200000e+01 3.597500e+01 5.500000e+00
      endloop
   endfacet
   facet normal 0.000000e+00 0.000000e+00 1.000000e+00
      outer loop
         vertex 5.200000e+01 3.597500e+01 5.500000e+00
         vertex 5.025000e+01 3.590000e+01 5.500000e+00
         vertex 5.200000e+01 3.590000e+01 5.500000e+00
      endloop
   endfacet
   facet normal 0.000000e+00 0.000000e+00 1.000000e+00
      outer loop
         vertex 5.016318e+01 2.260760e+01 5.500000e+00
         vertex 5.007899e+01 2.263015e+01 5.500000e+00
         vertex 5.200000e+01 1.885000e+01 5.500000e+00
      endloop
   endfacet
   facet normal 0.000000e+00 0.000000e+00 1.000000e+00
      outer loop
         vertex 4.992861e+01 2.271698e+01 5.500000e+00
         vertex 4.986698e+01 2.277861e+01 5.500000e+00
         vertex 2.485000e+01 1.885000e+01 5.500000e+00
      endloop
   endfacet
   facet normal 0.000000e+00 0.000000e+00 1.000000e+00
      outer loop
         vertex 2.485000e+01 1.885000e+01 5.500000e+00
         vertex 4.986698e+01 2.277861e+01 5.500000e+00
         vertex 4.981699e+01 2.285000e+01 5.500000e+00
      endloop
   endfacet
   facet normal 0.000000e+00 0.000000e+00 1.000000e+00
      outer loop
         vertex 5.200000e+01 1.885000e+01 5.500000e+00
         vertex 5.007899e+01 2.263015e+01 5.500000e+00
         vertex 2.485000e+01 1.885000e+01 5.500000e+00
      endloop
   endfacet
   facet normal 0.000000e+00 0.000000e+00 1.000000e+00
      outer loop
         vertex 2.485000e+01 1.885000e+01 5.500000e+00
         vertex 5.007899e+01 2.263015e+01 5.500000e+00
         vertex 5.000000e+01 2.266699e+01 5.500000e+00
      endloop
   endfacet
   facet normal 0.000000e+00 0.000000e+00 1.000000e+00
      outer loop
         vertex 2.485000e+01 1.885000e+01 5.500000e+00
         vertex 5.000000e+01 2.266699e+01 5.500000e+00
         vertex 4.992861e+01 2.271698e+01 5.500000e+00
      endloop
   endfacet
   facet normal 0.000000e+00 0.000000e+00 1.000000e+00
      outer loop
         vertex 4.978015e+01 2.292899e+01 5.500000e+00
         vertex 4.975760e+01 2.301318e+01 5.500000e+00
         vertex 2.485000e+01 2.545000e+01 5.500000e+00
      endloop
   endfacet
   facet normal 0.000000e+00 0.000000e+00 1.000000e+00
      outer loop
         vertex 4.975760e+01 2.301318e+01 5.500000e+00
         vertex 4.975000e+01 2.310000e+01 5.500000e+00
         vertex 2.485000e+01 2.545000e+01 5.500000e+00
      endloop
   endfacet
   facet normal -0.000000e+00 0.000000e+00 1.000000e+00
      outer loop
         vertex 2.485000e+01 2.545000e+01 5.500000e+00
         vertex 4.975000e+01 2.310000e+01 5.500000e+00
         vertex 4.975000e+01 2.545000e+01 5.500000e+00
      endloop
   endfacet
   facet normal 0.000000e+00 0.000000e+00 1.000000e+00
      outer loop
         vertex 2.485000e+01 2.545000e+01 5.500000e+00
         vertex 4.975000e+01 2.545000e+01 5.500000e+00
         vertex 2.485000e+01 3.597500e+01 5.500000e+00
      endloop
   endfacet
   facet normal 0.000000e+00 0.000000e+00 1.000000e+00
      outer loop
         vertex 2.485000e+01 3.597500e+01 5.500000e+00
         vertex 4.975000e+01 2.545000e+01 5.500000e+00
         vertex 4.975000e+01 3.540000e+01 5.500000e+00
      endloop
   endfacet
   facet normal 0.000000e+00 0.000000e+00 1.000000e+00
      outer loop
         vertex 2.485000e+01 3.597500e+01 5.500000e+00
         vertex 4.975000e+01 3.540000e+01 5.500000e+00
         vertex 4.975760e+01 3.548682e+01 5.500000e+00
      endloop
   endfacet
   facet normal 0.000000e+00 0.000000e+00 1.000000e+00
      outer loop
         vertex 5.725000e+01 2.260000e+01 5.500000e+00
         vertex 5.200000e+01 2.260000e+01 5.500000e+00
         vertex 5.200000e+01 1.885000e+01 5.500000e+00
      endloop
   endfacet
   facet normal 0.000000e+00 -0.000000e+00 1.000000e+00
      outer loop
         vertex 5.200000e+01 1.885000e+01 5.500000e+00
         vertex 5.200000e+01 2.260000e+01 5.500000e+00
         vertex 5.025000e+01 2.260000e+01 5.500000e+00
      endloop
   endfacet
   facet normal 0.000000e+00 0.000000e+00 1.000000e+00
      outer loop
         vertex 5.200000e+01 1.885000e+01 5.500000e+00
         vertex 5.025000e+01 2.260000e+01 5.500000e+00
         vertex 5.016318e+01 2.260760e+01 5.500000e+00
      endloop
   endfacet
   facet normal -0.000000e+00 0.000000e+00 1.000000e+00
      outer loop
         vertex 5.763302e+01 2.277861e+01 5.500000e+00
         vertex 5.940000e+01 1.885000e+01 5.500000e+00
         vertex 5.768301e+01 2.285000e+01 5.500000e+00
      endloop
   endfacet
   facet normal -0.000000e+00 0.000000e+00 1.000000e+00
      outer loop
         vertex 5.768301e+01 2.285000e+01 5.500000e+00
         vertex 5.940000e+01 1.885000e+01 5.500000e+00
         vertex 5.771985e+01 2.292899e+01 5.500000e+00
      endloop
   endfacet
   facet normal 0.000000e+00 0.000000e+00 1.000000e+00
      outer loop
         vertex 5.763302e+01 2.277861e+01 5.500000e+00
         vertex 5.757139e+01 2.271698e+01 5.500000e+00
         vertex 5.940000e+01 1.885000e+01 5.500000e+00
      endloop
   endfacet
   facet normal 0.000000e+00 0.000000e+00 1.000000e+00
      outer loop
         vertex 5.940000e+01 1.885000e+01 5.500000e+00
         vertex 5.757139e+01 2.271698e+01 5.500000e+00
         vertex 5.750000e+01 2.266699e+01 5.500000e+00
      endloop
   endfacet
   facet normal 0.000000e+00 0.000000e+00 1.000000e+00
      outer loop
         vertex 5.940000e+01 1.885000e+01 5.500000e+00
         vertex 5.750000e+01 2.266699e+01 5.500000e+00
         vertex 5.742101e+01 2.263015e+01 5.500000e+00
      endloop
   endfacet
   facet normal 0.000000e+00 0.000000e+00 1.000000e+00
      outer loop
         vertex 5.940000e+01 2.545000e+01 5.500000e+00
         vertex 5.775000e+01 2.310000e+01 5.500000e+00
         vertex 5.940000e+01 1.885000e+01 5.500000e+00
      endloop
   endfacet
   facet normal 0.000000e+00 0.000000e+00 1.000000e+00
      outer loop
         vertex 5.940000e+01 1.885000e+01 5.500000e+00
         vertex 5.775000e+01 2.310000e+01 5.500000e+00
         vertex 5.774240e+01 2.301318e+01 5.500000e+00
      endloop
   endfacet
   facet normal 0.000000e+00 0.000000e+00 1.000000e+00
      outer loop
         vertex 5.940000e+01 1.885000e+01 5.500000e+00
         vertex 5.774240e+01 2.301318e+01 5.500000e+00
         vertex 5.771985e+01 2.292899e+01 5.500000e+00
      endloop
   endfacet
   facet normal 0.000000e+00 0.000000e+00 1.000000e+00
      outer loop
         vertex 5.200000e+01 3.590000e+01 5.500000e+00
         vertex 5.725000e+01 3.590000e+01 5.500000e+00
         vertex 5.725000e+01 3.597500e+01 5.500000e+00
      endloop
   endfacet
   facet normal 0.000000e+00 0.000000e+00 1.000000e+00
      outer loop
         vertex 5.725000e+01 3.597500e+01 5.500000e+00
         vertex 5.725000e+01 3.590000e+01 5.500000e+00
         vertex 5.733682e+01 3.589240e+01 5.500000e+00
      endloop
   endfacet
   facet normal -0.000000e+00 0.000000e+00 1.000000e+00
      outer loop
         vertex 5.742101e+01 3.586985e+01 5.500000e+00
         vertex 5.750000e+01 3.583301e+01 5.500000e+00
         vertex 5.940000e+01 3.597500e+01 5.500000e+00
      endloop
   endfacet
   facet normal 0.000000e+00 0.000000e+00 1.000000e+00
      outer loop
         vertex 5.940000e+01 3.597500e+01 5.500000e+00
         vertex 5.750000e+01 3.583301e+01 5.500000e+00
         vertex 5.757139e+01 3.578302e+01 5.500000e+00
      endloop
   endfacet
   facet normal -0.000000e+00 0.000000e+00 1.000000e+00
      outer loop
         vertex 5.757139e+01 3.578302e+01 5.500000e+00
         vertex 5.763302e+01 3.572139e+01 5.500000e+00
         vertex 5.940000e+01 3.597500e+01 5.500000e+00
      endloop
   endfacet
   facet normal 0.000000e+00 0.000000e+00 1.000000e+00
      outer loop
         vertex 5.940000e+01 3.597500e+01 5.500000e+00
         vertex 5.763302e+01 3.572139e+01 5.500000e+00
         vertex 5.768301e+01 3.565000e+01 5.500000e+00
      endloop
   endfacet
   facet normal 0.000000e+00 0.000000e+00 1.000000e+00
      outer loop
         vertex 5.940000e+01 3.597500e+01 5.500000e+00
         vertex 5.768301e+01 3.565000e+01 5.500000e+00
         vertex 5.771985e+01 3.557101e+01 5.500000e+00
      endloop
   endfacet
   facet normal -0.000000e+00 0.000000e+00 1.000000e+00
      outer loop
         vertex 5.771985e+01 3.557101e+01 5.500000e+00
         vertex 5.774240e+01 3.548682e+01 5.500000e+00
         vertex 5.940000e+01 3.597500e+01 5.500000e+00
      endloop
   endfacet
   facet normal 0.000000e+00 0.000000e+00 1.000000e+00
      outer loop
         vertex 5.940000e+01 3.597500e+01 5.500000e+00
         vertex 5.774240e+01 3.548682e+01 5.500000e+00
         vertex 5.775000e+01 3.540000e+01 5.500000e+00
      endloop
   endfacet
   facet normal 0.000000e+00 0.000000e+00 1.000000e+00
      outer loop
         vertex 5.940000e+01 3.597500e+01 5.500000e+00
         vertex 5.775000e+01 3.540000e+01 5.500000e+00
         vertex 5.940000e+01 2.545000e+01 5.500000e+00
      endloop
   endfacet
   facet normal 0.000000e+00 0.000000e+00 1.000000e+00
      outer loop
         vertex 5.940000e+01 2.545000e+01 5.500000e+00
         vertex 5.775000e+01 3.540000e+01 5.500000e+00
         vertex 5.775000e+01 2.545000e+01 5.500000e+00
      endloop
   endfacet
   facet normal 0.000000e+00 0.000000e+00 1.000000e+00
      outer loop
         vertex 5.940000e+01 2.545000e+01 5.500000e+00
         vertex 5.775000e+01 2.545000e+01 5.500000e+00
         vertex 5.775000e+01 2.310000e+01 5.500000e+00
      endloop
   endfacet
   facet normal 0.000000e+00 0.000000e+00 1.000000e+00
      outer loop
         vertex 1.737500e+01 1.885000e+01 5.500000e+00
         vertex 1.095000e+01 1.885000e+01 5.500000e+00
         vertex 1.095000e+01 1.700000e+01 5.500000e+00
      endloop
   endfacet
   facet normal 0.000000e+00 -0.000000e+00 1.000000e+00
      outer loop
         vertex 1.645000e+01 7.216026e+00 5.500000e+00
         vertex 1.737500e+01 1.885000e+01 5.500000e+00
         vertex 1.629202e+01 7.289693e+00 5.500000e+00
      endloop
   endfacet
   facet normal 0.000000e+00 -0.000000e+00 1.000000e+00
      outer loop
         vertex 1.629202e+01 7.289693e+00 5.500000e+00
         vertex 1.737500e+01 1.885000e+01 5.500000e+00
         vertex 1.612365e+01 7.334808e+00 5.500000e+00
      endloop
   endfacet
   facet normal -0.000000e+00 0.000000e+00 1.000000e+00
      outer loop
         vertex 1.095000e+01 1.700000e+01 5.500000e+00
         vertex 1.094240e+01 1.691318e+01 5.500000e+00
         vertex 1.737500e+01 1.885000e+01 5.500000e+00
      endloop
   endfacet
   facet normal 0.000000e+00 0.000000e+00 1.000000e+00
      outer loop
         vertex 1.737500e+01 1.885000e+01 5.500000e+00
         vertex 1.094240e+01 1.691318e+01 5.500000e+00
         vertex 1.091985e+01 1.682899e+01 5.500000e+00
      endloop
   endfacet
   facet normal 0.000000e+00 0.000000e+00 1.000000e+00
      outer loop
         vertex 1.737500e+01 1.885000e+01 5.500000e+00
         vertex 1.091985e+01 1.682899e+01 5.500000e+00
         vertex 1.612365e+01 7.334808e+00 5.500000e+00
      endloop
   endfacet
   facet normal 0.000000e+00 0.000000e+00 1.000000e+00
      outer loop
         vertex 1.612365e+01 7.334808e+00 5.500000e+00
         vertex 1.091985e+01 1.682899e+01 5.500000e+00
         vertex 1.088301e+01 1.675000e+01 5.500000e+00
      endloop
   endfacet
   facet normal -0.000000e+00 0.000000e+00 1.000000e+00
      outer loop
         vertex 1.645000e+01 7.216026e+00 5.500000e+00
         vertex 1.659279e+01 7.116045e+00 5.500000e+00
         vertex 1.737500e+01 1.885000e+01 5.500000e+00
      endloop
   endfacet
   facet normal 0.000000e+00 0.000000e+00 1.000000e+00
      outer loop
         vertex 1.737500e+01 1.885000e+01 5.500000e+00
         vertex 1.659279e+01 7.116045e+00 5.500000e+00
         vertex 1.671604e+01 6.992788e+00 5.500000e+00
      endloop
   endfacet
   facet normal 0.000000e+00 0.000000e+00 1.000000e+00
      outer loop
         vertex 1.737500e+01 1.885000e+01 5.500000e+00
         vertex 1.671604e+01 6.992788e+00 5.500000e+00
         vertex 1.681603e+01 6.850000e+00 5.500000e+00
      endloop
   endfacet
   facet normal -0.000000e+00 0.000000e+00 1.000000e+00
      outer loop
         vertex 1.681603e+01 6.850000e+00 5.500000e+00
         vertex 1.688969e+01 6.692020e+00 5.500000e+00
         vertex 1.737500e+01 1.885000e+01 5.500000e+00
      endloop
   endfacet
   facet normal 0.000000e+00 0.000000e+00 1.000000e+00
      outer loop
         vertex 1.737500e+01 1.885000e+01 5.500000e+00
         vertex 1.688969e+01 6.692020e+00 5.500000e+00
         vertex 1.693481e+01 6.523648e+00 5.500000e+00
      endloop
   endfacet
   facet normal 0.000000e+00 0.000000e+00 1.000000e+00
      outer loop
         vertex 1.737500e+01 1.885000e+01 5.500000e+00
         vertex 1.693481e+01 6.523648e+00 5.500000e+00
         vertex 1.737500e+01 5.625000e+00 5.500000e+00
      endloop
   endfacet
   facet normal 0.000000e+00 0.000000e+00 1.000000e+00
      outer loop
         vertex 1.737500e+01 5.625000e+00 5.500000e+00
         vertex 1.693481e+01 6.523648e+00 5.500000e+00
         vertex 1.695000e+01 6.350000e+00 5.500000e+00
      endloop
   endfacet
   facet normal 0.000000e+00 0.000000e+00 1.000000e+00
      outer loop
         vertex 1.737500e+01 5.625000e+00 5.500000e+00
         vertex 1.695000e+01 6.350000e+00 5.500000e+00
         vertex 1.695000e+01 5.625000e+00 5.500000e+00
      endloop
   endfacet
   facet normal 0.000000e+00 0.000000e+00 1.000000e+00
      outer loop
         vertex 1.088301e+01 1.675000e+01 5.500000e+00
         vertex 1.083302e+01 1.667861e+01 5.500000e+00
         vertex 1.612365e+01 7.334808e+00 5.500000e+00
      endloop
   endfacet
   facet normal 0.000000e+00 0.000000e+00 1.000000e+00
      outer loop
         vertex 1.612365e+01 7.334808e+00 5.500000e+00
         vertex 1.083302e+01 1.667861e+01 5.500000e+00
         vertex 1.077139e+01 1.661698e+01 5.500000e+00
      endloop
   endfacet
   facet normal 0.000000e+00 0.000000e+00 1.000000e+00
      outer loop
         vertex 1.612365e+01 7.334808e+00 5.500000e+00
         vertex 1.077139e+01 1.661698e+01 5.500000e+00
         vertex 1.595000e+01 7.350001e+00 5.500000e+00
      endloop
   endfacet
   facet normal 0.000000e+00 0.000000e+00 1.000000e+00
      outer loop
         vertex 1.595000e+01 7.350001e+00 5.500000e+00
         vertex 1.077139e+01 1.661698e+01 5.500000e+00
         vertex 1.070000e+01 1.656699e+01 5.500000e+00
      endloop
   endfacet
   facet normal 0.000000e+00 0.000000e+00 1.000000e+00
      outer loop
         vertex 1.595000e+01 7.350001e+00 5.500000e+00
         vertex 1.070000e+01 1.656699e+01 5.500000e+00
         vertex 1.062101e+01 1.653015e+01 5.500000e+00
      endloop
   endfacet
   facet normal 0.000000e+00 0.000000e+00 1.000000e+00
      outer loop
         vertex 0.000000e+00 5.625000e+00 5.500000e+00
         vertex 1.650000e+00 5.625000e+00 5.500000e+00
         vertex 1.650000e+00 6.350000e+00 5.500000e+00
      endloop
   endfacet
   facet normal 0.000000e+00 -0.000000e+00 1.000000e+00
      outer loop
         vertex 1.650000e+00 6.350000e+00 5.500000e+00
         vertex 1.665192e+00 6.523648e+00 5.500000e+00
         vertex 0.000000e+00 5.625000e+00 5.500000e+00
      endloop
   endfacet
   facet normal 0.000000e+00 0.000000e+00 1.000000e+00
      outer loop
         vertex 0.000000e+00 5.625000e+00 5.500000e+00
         vertex 1.665192e+00 6.523648e+00 5.500000e+00
         vertex 1.710307e+00 6.692020e+00 5.500000e+00
      endloop
   endfacet
   facet normal 0.000000e+00 0.000000e+00 1.000000e+00
      outer loop
         vertex 0.000000e+00 5.625000e+00 5.500000e+00
         vertex 1.710307e+00 6.692020e+00 5.500000e+00
         vertex 0.000000e+00 1.650000e+01 5.500000e+00
      endloop
   endfacet
   facet normal 0.000000e+00 0.000000e+00 1.000000e+00
      outer loop
         vertex 0.000000e+00 1.650000e+01 5.500000e+00
         vertex 1.710307e+00 6.692020e+00 5.500000e+00
         vertex 1.783974e+00 6.850000e+00 5.500000e+00
      endloop
   endfacet
   facet normal 0.000000e+00 0.000000e+00 1.000000e+00
      outer loop
         vertex 0.000000e+00 1.650000e+01 5.500000e+00
         vertex 1.783974e+00 6.850000e+00 5.500000e+00
         vertex 1.883956e+00 6.992788e+00 5.500000e+00
      endloop
   endfacet
   facet normal 0.000000e+00 -0.000000e+00 1.000000e+00
      outer loop
         vertex 1.883956e+00 6.992788e+00 5.500000e+00
         vertex 2.007212e+00 7.116045e+00 5.500000e+00
         vertex 0.000000e+00 1.650000e+01 5.500000e+00
      endloop
   endfacet
   facet normal 0.000000e+00 0.000000e+00 1.000000e+00
      outer loop
         vertex 0.000000e+00 1.650000e+01 5.500000e+00
         vertex 2.007212e+00 7.116045e+00 5.500000e+00
         vertex 2.149999e+00 7.216026e+00 5.500000e+00
      endloop
   endfacet
   facet normal 0.000000e+00 0.000000e+00 1.000000e+00
      outer loop
         vertex 0.000000e+00 1.650000e+01 5.500000e+00
         vertex 2.149999e+00 7.216026e+00 5.500000e+00
         vertex 2.307979e+00 7.289693e+00 5.500000e+00
      endloop
   endfacet
   facet normal 0.000000e+00 -0.000000e+00 1.000000e+00
      outer loop
         vertex 2.307979e+00 7.289693e+00 5.500000e+00
         vertex 2.476351e+00 7.334808e+00 5.500000e+00
         vertex 0.000000e+00 1.650000e+01 5.500000e+00
      endloop
   endfacet
   facet normal 0.000000e+00 0.000000e+00 1.000000e+00
      outer loop
         vertex 0.000000e+00 1.650000e+01 5.500000e+00
         vertex 2.476351e+00 7.334808e+00 5.500000e+00
         vertex 2.650000e+00 7.350001e+00 5.500000e+00
      endloop
   endfacet
   facet normal -0.000000e+00 0.000000e+00 1.000000e+00
      outer loop
         vertex 0.000000e+00 1.650000e+01 5.500000e+00
         vertex 2.650000e+00 7.350001e+00 5.500000e+00
         vertex 1.045000e+01 1.650000e+01 5.500000e+00
      endloop
   endfacet
   facet normal 0.000000e+00 0.000000e+00 1.000000e+00
      outer loop
         vertex 1.045000e+01 1.650000e+01 5.500000e+00
         vertex 2.650000e+00 7.350001e+00 5.500000e+00
         vertex 1.595000e+01 7.350001e+00 5.500000e+00
      endloop
   endfacet
   facet normal -0.000000e+00 0.000000e+00 1.000000e+00
      outer loop
         vertex 1.045000e+01 1.650000e+01 5.500000e+00
         vertex 1.595000e+01 7.350001e+00 5.500000e+00
         vertex 1.053682e+01 1.650760e+01 5.500000e+00
      endloop
   endfacet
   facet normal -0.000000e+00 0.000000e+00 1.000000e+00
      outer loop
         vertex 1.053682e+01 1.650760e+01 5.500000e+00
         vertex 1.595000e+01 7.350001e+00 5.500000e+00
         vertex 1.062101e+01 1.653015e+01 5.500000e+00
      endloop
   endfacet
   facet normal 0.000000e+00 0.000000e+00 1.000000e+00
      outer loop
         vertex 1.095000e+01 2.545000e+01 5.500000e+00
         vertex 1.737500e+01 2.545000e+01 5.500000e+00
         vertex 1.095000e+01 2.650000e+01 5.500000e+00
      endloop
   endfacet
   facet normal -0.000000e+00 -0.000000e+00 1.000000e+00
      outer loop
         vertex 1.095000e+01 2.650000e+01 5.500000e+00
         vertex 1.737500e+01 2.545000e+01 5.500000e+00
         vertex 1.094240e+01 2.658682e+01 5.500000e+00
      endloop
   endfacet
   facet normal -0.000000e+00 0.000000e+00 1.000000e+00
      outer loop
         vertex 1.053682e+01 2.699240e+01 5.500000e+00
         vertex 1.062101e+01 2.696985e+01 5.500000e+00
         vertex 1.737500e+01 3.597500e+01 5.500000e+00
      endloop
   endfacet
   facet normal 0.000000e+00 0.000000e+00 1.000000e+00
      outer loop
         vertex 1.737500e+01 3.597500e+01 5.500000e+00
         vertex 1.062101e+01 2.696985e+01 5.500000e+00
         vertex 1.070000e+01 2.693301e+01 5.500000e+00
      endloop
   endfacet
   facet normal 0.000000e+00 0.000000e+00 1.000000e+00
      outer loop
         vertex 1.737500e+01 3.597500e+01 5.500000e+00
         vertex 1.070000e+01 2.693301e+01 5.500000e+00
         vertex 1.077139e+01 2.688302e+01 5.500000e+00
      endloop
   endfacet
   facet normal -0.000000e+00 0.000000e+00 1.000000e+00
      outer loop
         vertex 0.000000e+00 3.597500e+01 5.500000e+00
         vertex 0.000000e+00 2.700000e+01 5.500000e+00
         vertex 1.737500e+01 3.597500e+01 5.500000e+00
      endloop
   endfacet
   facet normal 0.000000e+00 0.000000e+00 1.000000e+00
      outer loop
         vertex 1.737500e+01 3.597500e+01 5.500000e+00
         vertex 0.000000e+00 2.700000e+01 5.500000e+00
         vertex 1.045000e+01 2.700000e+01 5.500000e+00
      endloop
   endfacet
   facet normal 0.000000e+00 0.000000e+00 1.000000e+00
      outer loop
         vertex 1.737500e+01 3.597500e+01 5.500000e+00
         vertex 1.045000e+01 2.700000e+01 5.500000e+00
         vertex 1.053682e+01 2.699240e+01 5.500000e+00
      endloop
   endfacet
   facet normal -0.000000e+00 0.000000e+00 1.000000e+00
      outer loop
         vertex 1.077139e+01 2.688302e+01 5.500000e+00
         vertex 1.083302e+01 2.682139e+01 5.500000e+00
         vertex 1.737500e+01 3.597500e+01 5.500000e+00
      endloop
   endfacet
   facet normal 0.000000e+00 0.000000e+00 1.000000e+00
      outer loop
         vertex 1.737500e+01 3.597500e+01 5.500000e+00
         vertex 1.083302e+01 2.682139e+01 5.500000e+00
         vertex 1.088301e+01 2.675000e+01 5.500000e+00
      endloop
   endfacet
   facet normal 0.000000e+00 0.000000e+00 1.000000e+00
      outer loop
         vertex 1.737500e+01 3.597500e+01 5.500000e+00
         vertex 1.088301e+01 2.675000e+01 5.500000e+00
         vertex 1.737500e+01 2.545000e+01 5.500000e+00
      endloop
   endfacet
   facet normal 0.000000e+00 0.000000e+00 1.000000e+00
      outer loop
         vertex 1.737500e+01 2.545000e+01 5.500000e+00
         vertex 1.088301e+01 2.675000e+01 5.500000e+00
         vertex 1.091985e+01 2.667101e+01 5.500000e+00
      endloop
   endfacet
   facet normal 0.000000e+00 0.000000e+00 1.000000e+00
      outer loop
         vertex 1.737500e+01 2.545000e+01 5.500000e+00
         vertex 1.091985e+01 2.667101e+01 5.500000e+00
         vertex 1.094240e+01 2.658682e+01 5.500000e+00
      endloop
   endfacet
   facet normal 0.000000e+00 0.000000e+00 1.000000e+00
      outer loop
         vertex 1.735000e+01 3.950000e+01 5.500000e+00
         vertex 1.735000e+01 3.830000e+01 5.500000e+00
         vertex 1.737500e+01 3.777500e+01 5.500000e+00
      endloop
   endfacet
   facet normal 0.000000e+00 -0.000000e+00 1.000000e+00
      outer loop
         vertex 1.650000e+00 3.777500e+01 5.500000e+00
         vertex 1.650000e+00 3.830000e+01 5.500000e+00
         vertex 0.000000e+00 3.777500e+01 5.500000e+00
      endloop
   endfacet
   facet normal 0.000000e+00 0.000000e+00 1.000000e+00
      outer loop
         vertex 0.000000e+00 3.777500e+01 5.500000e+00
         vertex 1.650000e+00 3.830000e+01 5.500000e+00
         vertex 1.250001e+00 3.830000e+01 5.500000e+00
      endloop
   endfacet
   facet normal 0.000000e+00 0.000000e+00 1.000000e+00
      outer loop
         vertex 0.000000e+00 3.777500e+01 5.500000e+00
         vertex 1.250001e+00 3.830000e+01 5.500000e+00
         vertex 0.000000e+00 4.140000e+01 5.500000e+00
      endloop
   endfacet
   facet normal 0.000000e+00 0.000000e+00 1.000000e+00
      outer loop
         vertex 0.000000e+00 4.140000e+01 5.500000e+00
         vertex 1.250001e+00 3.830000e+01 5.500000e+00
         vertex 1.250001e+00 3.950000e+01 5.500000e+00
      endloop
   endfacet
   facet normal 0.000000e+00 0.000000e+00 1.000000e+00
      outer loop
         vertex 0.000000e+00 4.140000e+01 5.500000e+00
         vertex 1.250001e+00 3.950000e+01 5.500000e+00
         vertex 1.650000e+00 3.950000e+01 5.500000e+00
      endloop
   endfacet
   facet normal 0.000000e+00 -0.000000e+00 1.000000e+00
      outer loop
         vertex 2.149999e+00 4.161603e+01 5.500000e+00
         vertex 2.307979e+00 4.168969e+01 5.500000e+00
         vertex 1.652703e+00 4.336962e+01 5.500000e+00
      endloop
   endfacet
   facet normal -0.000000e+00 0.000000e+00 1.000000e+00
      outer loop
         vertex 1.652703e+00 4.336962e+01 5.500000e+00
         vertex 2.307979e+00 4.168969e+01 5.500000e+00
         vertex 2.000000e+00 4.340000e+01 5.500000e+00
      endloop
   endfacet
   facet normal 0.000000e+00 -0.000000e+00 1.000000e+00
      outer loop
         vertex 1.645000e+01 4.161603e+01 5.500000e+00
         vertex 1.737500e+01 4.340000e+01 5.500000e+00
         vertex 1.629202e+01 4.168969e+01 5.500000e+00
      endloop
   endfacet
   facet normal 0.000000e+00 -0.000000e+00 1.000000e+00
      outer loop
         vertex 1.629202e+01 4.168969e+01 5.500000e+00
         vertex 1.737500e+01 4.340000e+01 5.500000e+00
         vertex 1.612365e+01 4.173481e+01 5.500000e+00
      endloop
   endfacet
   facet normal -0.000000e+00 0.000000e+00 1.000000e+00
      outer loop
         vertex 1.645000e+01 4.161603e+01 5.500000e+00
         vertex 1.659279e+01 4.151605e+01 5.500000e+00
         vertex 1.737500e+01 4.340000e+01 5.500000e+00
      endloop
   endfacet
   facet normal 0.000000e+00 0.000000e+00 1.000000e+00
      outer loop
         vertex 1.737500e+01 4.340000e+01 5.500000e+00
         vertex 1.659279e+01 4.151605e+01 5.500000e+00
         vertex 1.671604e+01 4.139279e+01 5.500000e+00
      endloop
   endfacet
   facet normal 0.000000e+00 0.000000e+00 1.000000e+00
      outer loop
         vertex 1.737500e+01 4.340000e+01 5.500000e+00
         vertex 1.671604e+01 4.139279e+01 5.500000e+00
         vertex 1.681603e+01 4.125000e+01 5.500000e+00
      endloop
   endfacet
   facet normal 0.000000e+00 -0.000000e+00 1.000000e+00
      outer loop
         vertex 1.650000e+00 3.950000e+01 5.500000e+00
         vertex 1.650000e+00 4.075000e+01 5.500000e+00
         vertex 0.000000e+00 4.140000e+01 5.500000e+00
      endloop
   endfacet
   facet normal 0.000000e+00 0.000000e+00 1.000000e+00
      outer loop
         vertex 0.000000e+00 4.140000e+01 5.500000e+00
         vertex 1.650000e+00 4.075000e+01 5.500000e+00
         vertex 1.665192e+00 4.092365e+01 5.500000e+00
      endloop
   endfacet
   facet normal -0.000000e+00 0.000000e+00 1.000000e+00
      outer loop
         vertex 0.000000e+00 4.140000e+01 5.500000e+00
         vertex 1.665192e+00 4.092365e+01 5.500000e+00
         vertex 3.038347e-02 4.174730e+01 5.500000e+00
      endloop
   endfacet
   facet normal 0.000000e+00 0.000000e+00 1.000000e+00
      outer loop
         vertex 3.038347e-02 4.174730e+01 5.500000e+00
         vertex 1.665192e+00 4.092365e+01 5.500000e+00
         vertex 1.710307e+00 4.109202e+01 5.500000e+00
      endloop
   endfacet
   facet normal -0.000000e+00 0.000000e+00 1.000000e+00
      outer loop
         vertex 3.038347e-02 4.174730e+01 5.500000e+00
         vertex 1.710307e+00 4.109202e+01 5.500000e+00
         vertex 1.206137e-01 4.208404e+01 5.500000e+00
      endloop
   endfacet
   facet normal 0.000000e+00 0.000000e+00 1.000000e+00
      outer loop
         vertex 1.206137e-01 4.208404e+01 5.500000e+00
         vertex 1.710307e+00 4.109202e+01 5.500000e+00
         vertex 1.783974e+00 4.125000e+01 5.500000e+00
      endloop
   endfacet
   facet normal -0.000000e+00 0.000000e+00 1.000000e+00
      outer loop
         vertex 1.206137e-01 4.208404e+01 5.500000e+00
         vertex 1.783974e+00 4.125000e+01 5.500000e+00
         vertex 2.679490e-01 4.240000e+01 5.500000e+00
      endloop
   endfacet
   facet normal 0.000000e+00 0.000000e+00 1.000000e+00
      outer loop
         vertex 2.679490e-01 4.240000e+01 5.500000e+00
         vertex 1.783974e+00 4.125000e+01 5.500000e+00
         vertex 1.883956e+00 4.139279e+01 5.500000e+00
      endloop
   endfacet
   facet normal 0.000000e+00 0.000000e+00 1.000000e+00
      outer loop
         vertex 1.652703e+00 4.336962e+01 5.500000e+00
         vertex 1.315959e+00 4.327939e+01 5.500000e+00
         vertex 2.149999e+00 4.161603e+01 5.500000e+00
      endloop
   endfacet
   facet normal 0.000000e+00 0.000000e+00 1.000000e+00
      outer loop
         vertex 2.149999e+00 4.161603e+01 5.500000e+00
         vertex 1.315959e+00 4.327939e+01 5.500000e+00
         vertex 1.000000e+00 4.313205e+01 5.500000e+00
      endloop
   endfacet
   facet normal 0.000000e+00 0.000000e+00 1.000000e+00
      outer loop
         vertex 2.149999e+00 4.161603e+01 5.500000e+00
         vertex 1.000000e+00 4.313205e+01 5.500000e+00
         vertex 2.007212e+00 4.151605e+01 5.500000e+00
      endloop
   endfacet
   facet normal 0.000000e+00 0.000000e+00 1.000000e+00
      outer loop
         vertex 2.007212e+00 4.151605e+01 5.500000e+00
         vertex 1.000000e+00 4.313205e+01 5.500000e+00
         vertex 7.144250e-01 4.293209e+01 5.500000e+00
      endloop
   endfacet
   facet normal 0.000000e+00 0.000000e+00 1.000000e+00
      outer loop
         vertex 2.007212e+00 4.151605e+01 5.500000e+00
         vertex 7.144250e-01 4.293209e+01 5.500000e+00
         vertex 1.883956e+00 4.139279e+01 5.500000e+00
      endloop
   endfacet
   facet normal 0.000000e+00 0.000000e+00 1.000000e+00
      outer loop
         vertex 1.883956e+00 4.139279e+01 5.500000e+00
         vertex 7.144250e-01 4.293209e+01 5.500000e+00
         vertex 4.679114e-01 4.268558e+01 5.500000e+00
      endloop
   endfacet
   facet normal 0.000000e+00 0.000000e+00 1.000000e+00
      outer loop
         vertex 1.883956e+00 4.139279e+01 5.500000e+00
         vertex 4.679114e-01 4.268558e+01 5.500000e+00
         vertex 2.679490e-01 4.240000e+01 5.500000e+00
      endloop
   endfacet
   facet normal 0.000000e+00 -0.000000e+00 1.000000e+00
      outer loop
         vertex 2.307979e+00 4.168969e+01 5.500000e+00
         vertex 2.476351e+00 4.173481e+01 5.500000e+00
         vertex 2.000000e+00 4.340000e+01 5.500000e+00
      endloop
   endfacet
   facet normal 0.000000e+00 0.000000e+00 1.000000e+00
      outer loop
         vertex 2.000000e+00 4.340000e+01 5.500000e+00
         vertex 2.476351e+00 4.173481e+01 5.500000e+00
         vertex 2.650000e+00 4.175000e+01 5.500000e+00
      endloop
   endfacet
   facet normal -0.000000e+00 0.000000e+00 1.000000e+00
      outer loop
         vertex 2.000000e+00 4.340000e+01 5.500000e+00
         vertex 2.650000e+00 4.175000e+01 5.500000e+00
         vertex 1.737500e+01 4.340000e+01 5.500000e+00
      endloop
   endfacet
   facet normal 0.000000e+00 0.000000e+00 1.000000e+00
      outer loop
         vertex 1.737500e+01 4.340000e+01 5.500000e+00
         vertex 2.650000e+00 4.175000e+01 5.500000e+00
         vertex 1.595000e+01 4.175000e+01 5.500000e+00
      endloop
   endfacet
   facet normal 0.000000e+00 0.000000e+00 1.000000e+00
      outer loop
         vertex 1.737500e+01 4.340000e+01 5.500000e+00
         vertex 1.595000e+01 4.175000e+01 5.500000e+00
         vertex 1.612365e+01 4.173481e+01 5.500000e+00
      endloop
   endfacet
   facet normal -0.000000e+00 0.000000e+00 1.000000e+00
      outer loop
         vertex 1.681603e+01 4.125000e+01 5.500000e+00
         vertex 1.688969e+01 4.109202e+01 5.500000e+00
         vertex 1.737500e+01 4.340000e+01 5.500000e+00
      endloop
   endfacet
   facet normal 0.000000e+00 0.000000e+00 1.000000e+00
      outer loop
         vertex 1.737500e+01 4.340000e+01 5.500000e+00
         vertex 1.688969e+01 4.109202e+01 5.500000e+00
         vertex 1.693481e+01 4.092365e+01 5.500000e+00
      endloop
   endfacet
   facet normal 0.000000e+00 0.000000e+00 1.000000e+00
      outer loop
         vertex 1.737500e+01 4.340000e+01 5.500000e+00
         vertex 1.693481e+01 4.092365e+01 5.500000e+00
         vertex 1.695000e+01 4.075000e+01 5.500000e+00
      endloop
   endfacet
   facet normal 0.000000e+00 -0.000000e+00 1.000000e+00
      outer loop
         vertex 5.940000e+01 3.777500e+01 5.500000e+00
         vertex 5.940000e+01 4.140000e+01 5.500000e+00
         vertex 5.725000e+01 4.340000e+01 5.500000e+00
      endloop
   endfacet
   facet normal 0.000000e+00 0.000000e+00 1.000000e+00
      outer loop
         vertex 5.808404e+01 4.327939e+01 5.500000e+00
         vertex 5.774730e+01 4.336962e+01 5.500000e+00
         vertex 5.940000e+01 4.140000e+01 5.500000e+00
      endloop
   endfacet
   facet normal 0.000000e+00 0.000000e+00 1.000000e+00
      outer loop
         vertex 5.940000e+01 4.140000e+01 5.500000e+00
         vertex 5.774730e+01 4.336962e+01 5.500000e+00
         vertex 5.740000e+01 4.340000e+01 5.500000e+00
      endloop
   endfacet
   facet normal 0.000000e+00 0.000000e+00 1.000000e+00
      outer loop
         vertex 5.940000e+01 4.140000e+01 5.500000e+00
         vertex 5.740000e+01 4.340000e+01 5.500000e+00
         vertex 5.725000e+01 4.340000e+01 5.500000e+00
      endloop
   endfacet
   facet normal 0.000000e+00 0.000000e+00 1.000000e+00
      outer loop
         vertex 5.940000e+01 4.140000e+01 5.500000e+00
         vertex 5.936962e+01 4.174730e+01 5.500000e+00
         vertex 5.808404e+01 4.327939e+01 5.500000e+00
      endloop
   endfacet
   facet normal 0.000000e+00 0.000000e+00 1.000000e+00
      outer loop
         vertex 5.808404e+01 4.327939e+01 5.500000e+00
         vertex 5.936962e+01 4.174730e+01 5.500000e+00
         vertex 5.927939e+01 4.208404e+01 5.500000e+00
      endloop
   endfacet
   facet normal 0.000000e+00 0.000000e+00 1.000000e+00
      outer loop
         vertex 5.808404e+01 4.327939e+01 5.500000e+00
         vertex 5.927939e+01 4.208404e+01 5.500000e+00
         vertex 5.913205e+01 4.240000e+01 5.500000e+00
      endloop
   endfacet
   facet normal 0.000000e+00 0.000000e+00 1.000000e+00
      outer loop
         vertex 5.913205e+01 4.240000e+01 5.500000e+00
         vertex 5.893209e+01 4.268558e+01 5.500000e+00
         vertex 5.808404e+01 4.327939e+01 5.500000e+00
      endloop
   endfacet
   facet normal 0.000000e+00 0.000000e+00 1.000000e+00
      outer loop
         vertex 5.808404e+01 4.327939e+01 5.500000e+00
         vertex 5.893209e+01 4.268558e+01 5.500000e+00
         vertex 5.868557e+01 4.293209e+01 5.500000e+00
      endloop
   endfacet
   facet normal 0.000000e+00 0.000000e+00 1.000000e+00
      outer loop
         vertex 5.808404e+01 4.327939e+01 5.500000e+00
         vertex 5.868557e+01 4.293209e+01 5.500000e+00
         vertex 5.840000e+01 4.313205e+01 5.500000e+00
      endloop
   endfacet
   facet normal 0.000000e+00 0.000000e+00 1.000000e+00
      outer loop
         vertex 5.725000e+01 2.050001e+00 5.500000e+00
         vertex 5.725000e+01 0.000000e+00 5.500000e+00
         vertex 5.740000e+01 0.000000e+00 5.500000e+00
      endloop
   endfacet
   facet normal 0.000000e+00 -0.000000e+00 1.000000e+00
      outer loop
         vertex 5.740000e+01 0.000000e+00 5.500000e+00
         vertex 5.774730e+01 3.038533e-02 5.500000e+00
         vertex 5.725000e+01 2.050001e+00 5.500000e+00
      endloop
   endfacet
   facet normal 0.000000e+00 0.000000e+00 1.000000e+00
      outer loop
         vertex 5.725000e+01 2.050001e+00 5.500000e+00
         vertex 5.774730e+01 3.038533e-02 5.500000e+00
         vertex 5.808404e+01 1.206156e-01 5.500000e+00
      endloop
   endfacet
   facet normal 0.000000e+00 0.000000e+00 1.000000e+00
      outer loop
         vertex 5.725000e+01 2.050001e+00 5.500000e+00
         vertex 5.808404e+01 1.206156e-01 5.500000e+00
         vertex 5.840000e+01 2.679490e-01 5.500000e+00
      endloop
   endfacet
   facet normal 0.000000e+00 -0.000000e+00 1.000000e+00
      outer loop
         vertex 5.840000e+01 2.679490e-01 5.500000e+00
         vertex 5.868557e+01 4.679114e-01 5.500000e+00
         vertex 5.725000e+01 2.050001e+00 5.500000e+00
      endloop
   endfacet
   facet normal 0.000000e+00 0.000000e+00 1.000000e+00
      outer loop
         vertex 5.725000e+01 2.050001e+00 5.500000e+00
         vertex 5.868557e+01 4.679114e-01 5.500000e+00
         vertex 5.893209e+01 7.144250e-01 5.500000e+00
      endloop
   endfacet
   facet normal 0.000000e+00 0.000000e+00 1.000000e+00
      outer loop
         vertex 5.725000e+01 2.050001e+00 5.500000e+00
         vertex 5.893209e+01 7.144250e-01 5.500000e+00
         vertex 5.913205e+01 1.000000e+00 5.500000e+00
      endloop
   endfacet
   facet normal 0.000000e+00 -0.000000e+00 1.000000e+00
      outer loop
         vertex 5.913205e+01 1.000000e+00 5.500000e+00
         vertex 5.927939e+01 1.315961e+00 5.500000e+00
         vertex 5.725000e+01 2.050001e+00 5.500000e+00
      endloop
   endfacet
   facet normal 0.000000e+00 0.000000e+00 1.000000e+00
      outer loop
         vertex 5.725000e+01 2.050001e+00 5.500000e+00
         vertex 5.927939e+01 1.315961e+00 5.500000e+00
         vertex 5.936962e+01 1.652705e+00 5.500000e+00
      endloop
   endfacet
   facet normal 0.000000e+00 0.000000e+00 1.000000e+00
      outer loop
         vertex 5.725000e+01 2.050001e+00 5.500000e+00
         vertex 5.936962e+01 1.652705e+00 5.500000e+00
         vertex 5.940000e+01 2.000000e+00 5.500000e+00
      endloop
   endfacet
   facet normal 0.000000e+00 -0.000000e+00 1.000000e+00
      outer loop
         vertex 1.206137e-01 1.315961e+00 5.500000e+00
         vertex 1.883956e+00 2.007212e+00 5.500000e+00
         vertex 3.038347e-02 1.652705e+00 5.500000e+00
      endloop
   endfacet
   facet normal 0.000000e+00 -0.000000e+00 1.000000e+00
      outer loop
         vertex 3.038347e-02 1.652705e+00 5.500000e+00
         vertex 1.883956e+00 2.007212e+00 5.500000e+00
         vertex 0.000000e+00 2.000000e+00 5.500000e+00
      endloop
   endfacet
   facet normal 0.000000e+00 0.000000e+00 1.000000e+00
      outer loop
         vertex 1.671604e+01 2.007212e+00 5.500000e+00
         vertex 1.659279e+01 1.883956e+00 5.500000e+00
         vertex 1.737500e+01 0.000000e+00 5.500000e+00
      endloop
   endfacet
   facet normal 0.000000e+00 0.000000e+00 1.000000e+00
      outer loop
         vertex 1.737500e+01 0.000000e+00 5.500000e+00
         vertex 1.659279e+01 1.883956e+00 5.500000e+00
         vertex 1.645000e+01 1.783974e+00 5.500000e+00
      endloop
   endfacet
   facet normal 0.000000e+00 0.000000e+00 1.000000e+00
      outer loop
         vertex 1.737500e+01 0.000000e+00 5.500000e+00
         vertex 1.645000e+01 1.783974e+00 5.500000e+00
         vertex 1.629202e+01 1.710307e+00 5.500000e+00
      endloop
   endfacet
   facet normal -0.000000e+00 0.000000e+00 1.000000e+00
      outer loop
         vertex 1.206137e-01 1.315961e+00 5.500000e+00
         vertex 2.679490e-01 1.000000e+00 5.500000e+00
         vertex 1.883956e+00 2.007212e+00 5.500000e+00
      endloop
   endfacet
   facet normal 0.000000e+00 0.000000e+00 1.000000e+00
      outer loop
         vertex 1.883956e+00 2.007212e+00 5.500000e+00
         vertex 2.679490e-01 1.000000e+00 5.500000e+00
         vertex 4.679114e-01 7.144250e-01 5.500000e+00
      endloop
   endfacet
   facet normal 0.000000e+00 0.000000e+00 1.000000e+00
      outer loop
         vertex 1.883956e+00 2.007212e+00 5.500000e+00
         vertex 4.679114e-01 7.144250e-01 5.500000e+00
         vertex 2.007212e+00 1.883956e+00 5.500000e+00
      endloop
   endfacet
   facet normal 0.000000e+00 0.000000e+00 1.000000e+00
      outer loop
         vertex 1.629202e+01 1.710307e+00 5.500000e+00
         vertex 1.612365e+01 1.665192e+00 5.500000e+00
         vertex 1.737500e+01 0.000000e+00 5.500000e+00
      endloop
   endfacet
   facet normal 0.000000e+00 0.000000e+00 1.000000e+00
      outer loop
         vertex 1.737500e+01 0.000000e+00 5.500000e+00
         vertex 1.612365e+01 1.665192e+00 5.500000e+00
         vertex 1.595000e+01 1.650000e+00 5.500000e+00
      endloop
   endfacet
   facet normal 0.000000e+00 0.000000e+00 1.000000e+00
      outer loop
         vertex 1.737500e+01 0.000000e+00 5.500000e+00
         vertex 1.595000e+01 1.650000e+00 5.500000e+00
         vertex 2.000000e+00 0.000000e+00 5.500000e+00
      endloop
   endfacet
   facet normal -0.000000e+00 0.000000e+00 1.000000e+00
      outer loop
         vertex 4.679114e-01 7.144250e-01 5.500000e+00
         vertex 7.144250e-01 4.679114e-01 5.500000e+00
         vertex 2.007212e+00 1.883956e+00 5.500000e+00
      endloop
   endfacet
   facet normal 0.000000e+00 0.000000e+00 1.000000e+00
      outer loop
         vertex 2.007212e+00 1.883956e+00 5.500000e+00
         vertex 7.144250e-01 4.679114e-01 5.500000e+00
         vertex 1.000000e+00 2.679490e-01 5.500000e+00
      endloop
   endfacet
   facet normal 0.000000e+00 0.000000e+00 1.000000e+00
      outer loop
         vertex 2.007212e+00 1.883956e+00 5.500000e+00
         vertex 1.000000e+00 2.679490e-01 5.500000e+00
         vertex 2.149999e+00 1.783974e+00 5.500000e+00
      endloop
   endfacet
   facet normal 0.000000e+00 0.000000e+00 1.000000e+00
      outer loop
         vertex 2.149999e+00 1.783974e+00 5.500000e+00
         vertex 1.000000e+00 2.679490e-01 5.500000e+00
         vertex 1.315959e+00 1.206156e-01 5.500000e+00
      endloop
   endfacet
   facet normal 0.000000e+00 0.000000e+00 1.000000e+00
      outer loop
         vertex 2.149999e+00 1.783974e+00 5.500000e+00
         vertex 1.315959e+00 1.206156e-01 5.500000e+00
         vertex 2.307979e+00 1.710307e+00 5.500000e+00
      endloop
   endfacet
   facet normal 0.000000e+00 0.000000e+00 1.000000e+00
      outer loop
         vertex 2.307979e+00 1.710307e+00 5.500000e+00
         vertex 1.315959e+00 1.206156e-01 5.500000e+00
         vertex 1.652703e+00 3.038533e-02 5.500000e+00
      endloop
   endfacet
   facet normal 0.000000e+00 0.000000e+00 1.000000e+00
      outer loop
         vertex 2.307979e+00 1.710307e+00 5.500000e+00
         vertex 1.652703e+00 3.038533e-02 5.500000e+00
         vertex 2.476351e+00 1.665192e+00 5.500000e+00
      endloop
   endfacet
   facet normal 0.000000e+00 0.000000e+00 1.000000e+00
      outer loop
         vertex 2.476351e+00 1.665192e+00 5.500000e+00
         vertex 1.652703e+00 3.038533e-02 5.500000e+00
         vertex 2.000000e+00 0.000000e+00 5.500000e+00
      endloop
   endfacet
   facet normal 0.000000e+00 0.000000e+00 1.000000e+00
      outer loop
         vertex 2.476351e+00 1.665192e+00 5.500000e+00
         vertex 2.000000e+00 0.000000e+00 5.500000e+00
         vertex 2.650000e+00 1.650000e+00 5.500000e+00
      endloop
   endfacet
   facet normal -0.000000e+00 0.000000e+00 1.000000e+00
      outer loop
         vertex 2.650000e+00 1.650000e+00 5.500000e+00
         vertex 2.000000e+00 0.000000e+00 5.500000e+00
         vertex 1.595000e+01 1.650000e+00 5.500000e+00
      endloop
   endfacet
   facet normal 0.000000e+00 0.000000e+00 1.000000e+00
      outer loop
         vertex 1.737500e+01 5.625000e+00 5.500000e+00
         vertex 1.757861e+01 6.416978e+00 5.500000e+00
         vertex 1.751698e+01 6.478607e+00 5.500000e+00
      endloop
   endfacet
   facet normal 0.000000e+00 0.000000e+00 1.000000e+00
      outer loop
         vertex 1.751698e+01 6.478607e+00 5.500000e+00
         vertex 1.746699e+01 6.550000e+00 5.500000e+00
         vertex 1.737500e+01 5.625000e+00 5.500000e+00
      endloop
   endfacet
   facet normal 0.000000e+00 0.000000e+00 1.000000e+00
      outer loop
         vertex 1.737500e+01 5.625000e+00 5.500000e+00
         vertex 1.746699e+01 6.550000e+00 5.500000e+00
         vertex 1.743015e+01 6.628990e+00 5.500000e+00
      endloop
   endfacet
   facet normal 0.000000e+00 0.000000e+00 1.000000e+00
      outer loop
         vertex 1.737500e+01 5.625000e+00 5.500000e+00
         vertex 1.743015e+01 6.628990e+00 5.500000e+00
         vertex 1.740760e+01 6.713176e+00 5.500000e+00
      endloop
   endfacet
   facet normal 0.000000e+00 -0.000000e+00 1.000000e+00
      outer loop
         vertex 1.757861e+01 1.498302e+01 5.500000e+00
         vertex 1.765000e+01 1.503301e+01 5.500000e+00
         vertex 1.737500e+01 1.885000e+01 5.500000e+00
      endloop
   endfacet
   facet normal 0.000000e+00 0.000000e+00 1.000000e+00
      outer loop
         vertex 1.737500e+01 1.885000e+01 5.500000e+00
         vertex 1.765000e+01 1.503301e+01 5.500000e+00
         vertex 1.772899e+01 1.506985e+01 5.500000e+00
      endloop
   endfacet
   facet normal -0.000000e+00 0.000000e+00 1.000000e+00
      outer loop
         vertex 1.737500e+01 1.885000e+01 5.500000e+00
         vertex 1.772899e+01 1.506985e+01 5.500000e+00
         vertex 1.782500e+01 1.885000e+01 5.500000e+00
      endloop
   endfacet
   facet normal 0.000000e+00 0.000000e+00 1.000000e+00
      outer loop
         vertex 1.781318e+01 6.307596e+00 5.500000e+00
         vertex 1.772899e+01 6.330154e+00 5.500000e+00
         vertex 1.737500e+01 5.625000e+00 5.500000e+00
      endloop
   endfacet
   facet normal 0.000000e+00 0.000000e+00 1.000000e+00
      outer loop
         vertex 1.737500e+01 5.625000e+00 5.500000e+00
         vertex 1.772899e+01 6.330154e+00 5.500000e+00
         vertex 1.765000e+01 6.366988e+00 5.500000e+00
      endloop
   endfacet
   facet normal 0.000000e+00 0.000000e+00 1.000000e+00
      outer loop
         vertex 1.737500e+01 5.625000e+00 5.500000e+00
         vertex 1.765000e+01 6.366988e+00 5.500000e+00
         vertex 1.757861e+01 6.416978e+00 5.500000e+00
      endloop
   endfacet
   facet normal 0.000000e+00 -0.000000e+00 1.000000e+00
      outer loop
         vertex 1.743015e+01 1.477101e+01 5.500000e+00
         vertex 1.746699e+01 1.485000e+01 5.500000e+00
         vertex 1.737500e+01 1.885000e+01 5.500000e+00
      endloop
   endfacet
   facet normal 0.000000e+00 0.000000e+00 1.000000e+00
      outer loop
         vertex 1.737500e+01 1.885000e+01 5.500000e+00
         vertex 1.746699e+01 1.485000e+01 5.500000e+00
         vertex 1.751698e+01 1.492139e+01 5.500000e+00
      endloop
   endfacet
   facet normal 0.000000e+00 0.000000e+00 1.000000e+00
      outer loop
         vertex 1.737500e+01 1.885000e+01 5.500000e+00
         vertex 1.751698e+01 1.492139e+01 5.500000e+00
         vertex 1.757861e+01 1.498302e+01 5.500000e+00
      endloop
   endfacet
   facet normal 0.000000e+00 0.000000e+00 1.000000e+00
      outer loop
         vertex 1.740760e+01 6.713176e+00 5.500000e+00
         vertex 1.740000e+01 6.800001e+00 5.500000e+00
         vertex 1.737500e+01 5.625000e+00 5.500000e+00
      endloop
   endfacet
   facet normal 0.000000e+00 0.000000e+00 1.000000e+00
      outer loop
         vertex 1.737500e+01 5.625000e+00 5.500000e+00
         vertex 1.740000e+01 6.800001e+00 5.500000e+00
         vertex 1.740000e+01 1.460000e+01 5.500000e+00
      endloop
   endfacet
   facet normal 0.000000e+00 0.000000e+00 1.000000e+00
      outer loop
         vertex 1.737500e+01 5.625000e+00 5.500000e+00
         vertex 1.740000e+01 1.460000e+01 5.500000e+00
         vertex 1.737500e+01 1.885000e+01 5.500000e+00
      endloop
   endfacet
   facet normal 0.000000e+00 0.000000e+00 1.000000e+00
      outer loop
         vertex 1.737500e+01 1.885000e+01 5.500000e+00
         vertex 1.740000e+01 1.460000e+01 5.500000e+00
         vertex 1.740760e+01 1.468682e+01 5.500000e+00
      endloop
   endfacet
   facet normal 0.000000e+00 0.000000e+00 1.000000e+00
      outer loop
         vertex 1.737500e+01 1.885000e+01 5.500000e+00
         vertex 1.740760e+01 1.468682e+01 5.500000e+00
         vertex 1.743015e+01 1.477101e+01 5.500000e+00
      endloop
   endfacet
   facet normal 0.000000e+00 -0.000000e+00 1.000000e+00
      outer loop
         vertex 2.485000e+01 5.625000e+00 5.500000e+00
         vertex 2.485000e+01 6.300000e+00 5.500000e+00
         vertex 2.142500e+01 5.625000e+00 5.500000e+00
      endloop
   endfacet
   facet normal 0.000000e+00 0.000000e+00 1.000000e+00
      outer loop
         vertex 2.142500e+01 5.625000e+00 5.500000e+00
         vertex 2.485000e+01 6.300000e+00 5.500000e+00
         vertex 2.142500e+01 6.300000e+00 5.500000e+00
      endloop
   endfacet
   facet normal 0.000000e+00 -0.000000e+00 1.000000e+00
      outer loop
         vertex 2.142500e+01 5.625000e+00 5.500000e+00
         vertex 2.142500e+01 6.300000e+00 5.500000e+00
         vertex 1.782500e+01 5.625000e+00 5.500000e+00
      endloop
   endfacet
   facet normal 0.000000e+00 0.000000e+00 1.000000e+00
      outer loop
         vertex 1.782500e+01 5.625000e+00 5.500000e+00
         vertex 2.142500e+01 6.300000e+00 5.500000e+00
         vertex 1.790000e+01 6.300000e+00 5.500000e+00
      endloop
   endfacet
   facet normal 0.000000e+00 0.000000e+00 1.000000e+00
      outer loop
         vertex 2.742139e+01 6.416978e+00 5.500000e+00
         vertex 2.735000e+01 6.366988e+00 5.500000e+00
         vertex 5.200000e+01 5.625000e+00 5.500000e+00
      endloop
   endfacet
   facet normal 0.000000e+00 0.000000e+00 1.000000e+00
      outer loop
         vertex 2.735000e+01 6.366988e+00 5.500000e+00
         vertex 2.727101e+01 6.330154e+00 5.500000e+00
         vertex 5.200000e+01 5.625000e+00 5.500000e+00
      endloop
   endfacet
   facet normal 0.000000e+00 0.000000e+00 1.000000e+00
      outer loop
         vertex 5.200000e+01 5.625000e+00 5.500000e+00
         vertex 2.727101e+01 6.330154e+00 5.500000e+00
         vertex 2.718682e+01 6.307596e+00 5.500000e+00
      endloop
   endfacet
   facet normal 0.000000e+00 0.000000e+00 1.000000e+00
      outer loop
         vertex 5.200000e+01 5.625000e+00 5.500000e+00
         vertex 2.718682e+01 6.307596e+00 5.500000e+00
         vertex 2.485000e+01 5.625000e+00 5.500000e+00
      endloop
   endfacet
   facet normal 0.000000e+00 0.000000e+00 1.000000e+00
      outer loop
         vertex 2.485000e+01 5.625000e+00 5.500000e+00
         vertex 2.718682e+01 6.307596e+00 5.500000e+00
         vertex 2.710000e+01 6.300000e+00 5.500000e+00
      endloop
   endfacet
   facet normal 0.000000e+00 0.000000e+00 1.000000e+00
      outer loop
         vertex 2.485000e+01 5.625000e+00 5.500000e+00
         vertex 2.710000e+01 6.300000e+00 5.500000e+00
         vertex 2.485000e+01 6.300000e+00 5.500000e+00
      endloop
   endfacet
   facet normal -0.000000e+00 0.000000e+00 1.000000e+00
      outer loop
         vertex 2.742139e+01 1.498302e+01 5.500000e+00
         vertex 2.748302e+01 1.492139e+01 5.500000e+00
         vertex 5.200000e+01 1.885000e+01 5.500000e+00
      endloop
   endfacet
   facet normal -0.000000e+00 -0.000000e+00 1.000000e+00
      outer loop
         vertex 2.710000e+01 1.510000e+01 5.500000e+00
         vertex 2.718682e+01 1.509240e+01 5.500000e+00
         vertex 2.485000e+01 1.885000e+01 5.500000e+00
      endloop
   endfacet
   facet normal 0.000000e+00 0.000000e+00 1.000000e+00
      outer loop
         vertex 2.485000e+01 1.885000e+01 5.500000e+00
         vertex 2.718682e+01 1.509240e+01 5.500000e+00
         vertex 2.727101e+01 1.506985e+01 5.500000e+00
      endloop
   endfacet
   facet normal -0.000000e+00 0.000000e+00 1.000000e+00
      outer loop
         vertex 2.485000e+01 1.885000e+01 5.500000e+00
         vertex 2.727101e+01 1.506985e+01 5.500000e+00
         vertex 5.200000e+01 1.885000e+01 5.500000e+00
      endloop
   endfacet
   facet normal 0.000000e+00 0.000000e+00 1.000000e+00
      outer loop
         vertex 5.200000e+01 1.885000e+01 5.500000e+00
         vertex 2.727101e+01 1.506985e+01 5.500000e+00
         vertex 2.735000e+01 1.503301e+01 5.500000e+00
      endloop
   endfacet
   facet normal 0.000000e+00 0.000000e+00 1.000000e+00
      outer loop
         vertex 5.200000e+01 1.885000e+01 5.500000e+00
         vertex 2.735000e+01 1.503301e+01 5.500000e+00
         vertex 2.742139e+01 1.498302e+01 5.500000e+00
      endloop
   endfacet
   facet normal 0.000000e+00 0.000000e+00 1.000000e+00
      outer loop
         vertex 2.756985e+01 6.628990e+00 5.500000e+00
         vertex 2.753301e+01 6.550000e+00 5.500000e+00
         vertex 5.200000e+01 5.625000e+00 5.500000e+00
      endloop
   endfacet
   facet normal 0.000000e+00 0.000000e+00 1.000000e+00
      outer loop
         vertex 5.200000e+01 5.625000e+00 5.500000e+00
         vertex 2.753301e+01 6.550000e+00 5.500000e+00
         vertex 2.748302e+01 6.478607e+00 5.500000e+00
      endloop
   endfacet
   facet normal 0.000000e+00 0.000000e+00 1.000000e+00
      outer loop
         vertex 5.200000e+01 5.625000e+00 5.500000e+00
         vertex 2.748302e+01 6.478607e+00 5.500000e+00
         vertex 2.742139e+01 6.416978e+00 5.500000e+00
      endloop
   endfacet
   facet normal 0.000000e+00 0.000000e+00 1.000000e+00
      outer loop
         vertex 2.760000e+01 1.460000e+01 5.500000e+00
         vertex 2.760000e+01 6.800001e+00 5.500000e+00
         vertex 5.200000e+01 5.625000e+00 5.500000e+00
      endloop
   endfacet
   facet normal 0.000000e+00 0.000000e+00 1.000000e+00
      outer loop
         vertex 5.200000e+01 5.625000e+00 5.500000e+00
         vertex 2.760000e+01 6.800001e+00 5.500000e+00
         vertex 2.759240e+01 6.713176e+00 5.500000e+00
      endloop
   endfacet
   facet normal 0.000000e+00 0.000000e+00 1.000000e+00
      outer loop
         vertex 5.200000e+01 5.625000e+00 5.500000e+00
         vertex 2.759240e+01 6.713176e+00 5.500000e+00
         vertex 2.756985e+01 6.628990e+00 5.500000e+00
      endloop
   endfacet
   facet normal -0.000000e+00 0.000000e+00 1.000000e+00
      outer loop
         vertex 2.748302e+01 1.492139e+01 5.500000e+00
         vertex 2.753301e+01 1.485000e+01 5.500000e+00
         vertex 5.200000e+01 1.885000e+01 5.500000e+00
      endloop
   endfacet
   facet normal 0.000000e+00 0.000000e+00 1.000000e+00
      outer loop
         vertex 5.200000e+01 1.885000e+01 5.500000e+00
         vertex 2.753301e+01 1.485000e+01 5.500000e+00
         vertex 2.756985e+01 1.477101e+01 5.500000e+00
      endloop
   endfacet
   facet normal 0.000000e+00 0.000000e+00 1.000000e+00
      outer loop
         vertex 5.200000e+01 1.885000e+01 5.500000e+00
         vertex 2.756985e+01 1.477101e+01 5.500000e+00
         vertex 5.200000e+01 5.625000e+00 5.500000e+00
      endloop
   endfacet
   facet normal 0.000000e+00 0.000000e+00 1.000000e+00
      outer loop
         vertex 5.200000e+01 5.625000e+00 5.500000e+00
         vertex 2.756985e+01 1.477101e+01 5.500000e+00
         vertex 2.759240e+01 1.468682e+01 5.500000e+00
      endloop
   endfacet
   facet normal 0.000000e+00 0.000000e+00 1.000000e+00
      outer loop
         vertex 5.200000e+01 5.625000e+00 5.500000e+00
         vertex 2.759240e+01 1.468682e+01 5.500000e+00
         vertex 2.760000e+01 1.460000e+01 5.500000e+00
      endloop
   endfacet
   facet normal 0.000000e+00 0.000000e+00 1.000000e+00
      outer loop
         vertex 1.772899e+01 1.506985e+01 5.500000e+00
         vertex 1.781318e+01 1.509240e+01 5.500000e+00
         vertex 1.782500e+01 1.885000e+01 5.500000e+00
      endloop
   endfacet
   facet normal 0.000000e+00 0.000000e+00 1.000000e+00
      outer loop
         vertex 1.782500e+01 1.885000e+01 5.500000e+00
         vertex 1.781318e+01 1.509240e+01 5.500000e+00
         vertex 1.790000e+01 1.510000e+01 5.500000e+00
      endloop
   endfacet
   facet normal -0.000000e+00 0.000000e+00 1.000000e+00
      outer loop
         vertex 1.782500e+01 1.885000e+01 5.500000e+00
         vertex 1.790000e+01 1.510000e+01 5.500000e+00
         vertex 2.142500e+01 1.885000e+01 5.500000e+00
      endloop
   endfacet
   facet normal 0.000000e+00 0.000000e+00 1.000000e+00
      outer loop
         vertex 2.142500e+01 1.885000e+01 5.500000e+00
         vertex 1.790000e+01 1.510000e+01 5.500000e+00
         vertex 2.142500e+01 1.510000e+01 5.500000e+00
      endloop
   endfacet
   facet normal -0.000000e+00 0.000000e+00 1.000000e+00
      outer loop
         vertex 2.142500e+01 1.885000e+01 5.500000e+00
         vertex 2.142500e+01 1.510000e+01 5.500000e+00
         vertex 2.485000e+01 1.885000e+01 5.500000e+00
      endloop
   endfacet
   facet normal 0.000000e+00 0.000000e+00 1.000000e+00
      outer loop
         vertex 2.485000e+01 1.885000e+01 5.500000e+00
         vertex 2.142500e+01 1.510000e+01 5.500000e+00
         vertex 2.485000e+01 1.510000e+01 5.500000e+00
      endloop
   endfacet
   facet normal 0.000000e+00 0.000000e+00 1.000000e+00
      outer loop
         vertex 2.485000e+01 1.885000e+01 5.500000e+00
         vertex 2.485000e+01 1.510000e+01 5.500000e+00
         vertex 2.710000e+01 1.510000e+01 5.500000e+00
      endloop
   endfacet
   facet normal -0.000000e+00 0.000000e+00 1.000000e+00
      outer loop
         vertex 1.695000e+01 5.625000e+00 5.500000e+00
         vertex 1.695000e+01 5.100001e+00 5.500000e+00
         vertex 1.737500e+01 5.625000e+00 5.500000e+00
      endloop
   endfacet
   facet normal 0.000000e+00 0.000000e+00 1.000000e+00
      outer loop
         vertex 1.737500e+01 5.625000e+00 5.500000e+00
         vertex 1.695000e+01 5.100001e+00 5.500000e+00
         vertex 1.735000e+01 5.100001e+00 5.500000e+00
      endloop
   endfacet
   facet normal 0.000000e+00 0.000000e+00 1.000000e+00
      outer loop
         vertex 1.737500e+01 5.625000e+00 5.500000e+00
         vertex 1.735000e+01 5.100001e+00 5.500000e+00
         vertex 1.735000e+01 3.900001e+00 5.500000e+00
      endloop
   endfacet
   facet normal -0.000000e+00 0.000000e+00 1.000000e+00
      outer loop
         vertex 1.681603e+01 2.150001e+00 5.500000e+00
         vertex 1.737500e+01 2.050001e+00 5.500000e+00
         vertex 1.688969e+01 2.307979e+00 5.500000e+00
      endloop
   endfacet
   facet normal 0.000000e+00 0.000000e+00 1.000000e+00
      outer loop
         vertex 1.695000e+01 3.900001e+00 5.500000e+00
         vertex 1.695000e+01 2.650000e+00 5.500000e+00
         vertex 1.737500e+01 2.050001e+00 5.500000e+00
      endloop
   endfacet
   facet normal 0.000000e+00 0.000000e+00 1.000000e+00
      outer loop
         vertex 1.737500e+01 2.050001e+00 5.500000e+00
         vertex 1.695000e+01 2.650000e+00 5.500000e+00
         vertex 1.693481e+01 2.476351e+00 5.500000e+00
      endloop
   endfacet
   facet normal 0.000000e+00 0.000000e+00 1.000000e+00
      outer loop
         vertex 1.737500e+01 2.050001e+00 5.500000e+00
         vertex 1.693481e+01 2.476351e+00 5.500000e+00
         vertex 1.688969e+01 2.307979e+00 5.500000e+00
      endloop
   endfacet
   facet normal 0.000000e+00 -0.000000e+00 1.000000e+00
      outer loop
         vertex 1.650000e+00 2.650000e+00 5.500000e+00
         vertex 1.650000e+00 3.900001e+00 5.500000e+00
         vertex 1.250001e+00 3.900001e+00 5.500000e+00
      endloop
   endfacet
   facet normal 0.000000e+00 0.000000e+00 1.000000e+00
      outer loop
         vertex 1.710307e+00 2.307979e+00 5.500000e+00
         vertex 1.665192e+00 2.476351e+00 5.500000e+00
         vertex 0.000000e+00 2.050001e+00 5.500000e+00
      endloop
   endfacet
   facet normal 0.000000e+00 0.000000e+00 1.000000e+00
      outer loop
         vertex 0.000000e+00 2.000000e+00 5.500000e+00
         vertex 1.883956e+00 2.007212e+00 5.500000e+00
         vertex 0.000000e+00 2.050001e+00 5.500000e+00
      endloop
   endfacet
   facet normal -0.000000e+00 0.000000e+00 1.000000e+00
      outer loop
         vertex 0.000000e+00 2.050001e+00 5.500000e+00
         vertex 1.883956e+00 2.007212e+00 5.500000e+00
         vertex 1.783974e+00 2.150001e+00 5.500000e+00
      endloop
   endfacet
   facet normal 0.000000e+00 0.000000e+00 1.000000e+00
      outer loop
         vertex 0.000000e+00 2.050001e+00 5.500000e+00
         vertex 1.783974e+00 2.150001e+00 5.500000e+00
         vertex 1.710307e+00 2.307979e+00 5.500000e+00
      endloop
   endfacet
   facet normal 0.000000e+00 0.000000e+00 1.000000e+00
      outer loop
         vertex 1.665192e+00 2.476351e+00 5.500000e+00
         vertex 1.650000e+00 2.650000e+00 5.500000e+00
         vertex 0.000000e+00 2.050001e+00 5.500000e+00
      endloop
   endfacet
   facet normal 0.000000e+00 0.000000e+00 1.000000e+00
      outer loop
         vertex 0.000000e+00 2.050001e+00 5.500000e+00
         vertex 1.650000e+00 2.650000e+00 5.500000e+00
         vertex 1.250001e+00 3.900001e+00 5.500000e+00
      endloop
   endfacet
   facet normal 0.000000e+00 0.000000e+00 1.000000e+00
      outer loop
         vertex 0.000000e+00 2.050001e+00 5.500000e+00
         vertex 1.250001e+00 3.900001e+00 5.500000e+00
         vertex 0.000000e+00 5.625000e+00 5.500000e+00
      endloop
   endfacet
   facet normal 0.000000e+00 0.000000e+00 1.000000e+00
      outer loop
         vertex 0.000000e+00 5.625000e+00 5.500000e+00
         vertex 1.250001e+00 3.900001e+00 5.500000e+00
         vertex 1.250001e+00 5.100001e+00 5.500000e+00
      endloop
   endfacet
   facet normal -0.000000e+00 0.000000e+00 1.000000e+00
      outer loop
         vertex 0.000000e+00 5.625000e+00 5.500000e+00
         vertex 1.250001e+00 5.100001e+00 5.500000e+00
         vertex 1.650000e+00 5.625000e+00 5.500000e+00
      endloop
   endfacet
   facet normal 0.000000e+00 0.000000e+00 1.000000e+00
      outer loop
         vertex 1.650000e+00 5.625000e+00 5.500000e+00
         vertex 1.250001e+00 5.100001e+00 5.500000e+00
         vertex 1.650000e+00 5.100001e+00 5.500000e+00
      endloop
   endfacet
   facet normal 0.000000e+00 0.000000e+00 1.000000e+00
      outer loop
         vertex 1.743015e+01 2.862899e+01 5.500000e+00
         vertex 1.740760e+01 2.871318e+01 5.500000e+00
         vertex 1.737500e+01 2.545000e+01 5.500000e+00
      endloop
   endfacet
   facet normal 0.000000e+00 0.000000e+00 1.000000e+00
      outer loop
         vertex 1.737500e+01 2.545000e+01 5.500000e+00
         vertex 1.765000e+01 2.836699e+01 5.500000e+00
         vertex 1.757861e+01 2.841698e+01 5.500000e+00
      endloop
   endfacet
   facet normal 0.000000e+00 0.000000e+00 1.000000e+00
      outer loop
         vertex 1.782500e+01 2.545000e+01 5.500000e+00
         vertex 1.781318e+01 2.830760e+01 5.500000e+00
         vertex 1.737500e+01 2.545000e+01 5.500000e+00
      endloop
   endfacet
   facet normal 0.000000e+00 0.000000e+00 1.000000e+00
      outer loop
         vertex 1.737500e+01 2.545000e+01 5.500000e+00
         vertex 1.781318e+01 2.830760e+01 5.500000e+00
         vertex 1.772899e+01 2.833015e+01 5.500000e+00
      endloop
   endfacet
   facet normal 0.000000e+00 0.000000e+00 1.000000e+00
      outer loop
         vertex 1.737500e+01 2.545000e+01 5.500000e+00
         vertex 1.772899e+01 2.833015e+01 5.500000e+00
         vertex 1.765000e+01 2.836699e+01 5.500000e+00
      endloop
   endfacet
   facet normal 0.000000e+00 0.000000e+00 1.000000e+00
      outer loop
         vertex 1.757861e+01 2.841698e+01 5.500000e+00
         vertex 1.751698e+01 2.847861e+01 5.500000e+00
         vertex 1.737500e+01 2.545000e+01 5.500000e+00
      endloop
   endfacet
   facet normal 0.000000e+00 0.000000e+00 1.000000e+00
      outer loop
         vertex 1.737500e+01 2.545000e+01 5.500000e+00
         vertex 1.751698e+01 2.847861e+01 5.500000e+00
         vertex 1.746699e+01 2.855000e+01 5.500000e+00
      endloop
   endfacet
   facet normal 0.000000e+00 0.000000e+00 1.000000e+00
      outer loop
         vertex 1.737500e+01 2.545000e+01 5.500000e+00
         vertex 1.746699e+01 2.855000e+01 5.500000e+00
         vertex 1.743015e+01 2.862899e+01 5.500000e+00
      endloop
   endfacet
   facet normal 0.000000e+00 0.000000e+00 1.000000e+00
      outer loop
         vertex 2.209240e+01 2.871318e+01 5.500000e+00
         vertex 2.206985e+01 2.862899e+01 5.500000e+00
         vertex 2.485000e+01 2.545000e+01 5.500000e+00
      endloop
   endfacet
   facet normal 0.000000e+00 0.000000e+00 1.000000e+00
      outer loop
         vertex 2.485000e+01 2.545000e+01 5.500000e+00
         vertex 2.206985e+01 2.862899e+01 5.500000e+00
         vertex 2.203301e+01 2.855000e+01 5.500000e+00
      endloop
   endfacet
   facet normal 0.000000e+00 0.000000e+00 1.000000e+00
      outer loop
         vertex 2.485000e+01 2.545000e+01 5.500000e+00
         vertex 2.203301e+01 2.855000e+01 5.500000e+00
         vertex 2.198302e+01 2.847861e+01 5.500000e+00
      endloop
   endfacet
   facet normal 0.000000e+00 0.000000e+00 1.000000e+00
      outer loop
         vertex 2.198302e+01 2.847861e+01 5.500000e+00
         vertex 2.192139e+01 2.841698e+01 5.500000e+00
         vertex 2.485000e+01 2.545000e+01 5.500000e+00
      endloop
   endfacet
   facet normal 0.000000e+00 0.000000e+00 1.000000e+00
      outer loop
         vertex 2.485000e+01 2.545000e+01 5.500000e+00
         vertex 2.192139e+01 2.841698e+01 5.500000e+00
         vertex 2.185000e+01 2.836699e+01 5.500000e+00
      endloop
   endfacet
   facet normal 0.000000e+00 0.000000e+00 1.000000e+00
      outer loop
         vertex 2.485000e+01 2.545000e+01 5.500000e+00
         vertex 2.185000e+01 2.836699e+01 5.500000e+00
         vertex 2.142500e+01 2.545000e+01 5.500000e+00
      endloop
   endfacet
   facet normal 0.000000e+00 0.000000e+00 1.000000e+00
      outer loop
         vertex 2.142500e+01 2.545000e+01 5.500000e+00
         vertex 2.185000e+01 2.836699e+01 5.500000e+00
         vertex 2.177101e+01 2.833015e+01 5.500000e+00
      endloop
   endfacet
   facet normal 0.000000e+00 0.000000e+00 1.000000e+00
      outer loop
         vertex 2.142500e+01 2.545000e+01 5.500000e+00
         vertex 2.177101e+01 2.833015e+01 5.500000e+00
         vertex 2.168682e+01 2.830760e+01 5.500000e+00
      endloop
   endfacet
   facet normal 0.000000e+00 0.000000e+00 1.000000e+00
      outer loop
         vertex 2.168682e+01 2.830760e+01 5.500000e+00
         vertex 2.160000e+01 2.830000e+01 5.500000e+00
         vertex 2.142500e+01 2.545000e+01 5.500000e+00
      endloop
   endfacet
   facet normal 0.000000e+00 0.000000e+00 1.000000e+00
      outer loop
         vertex 2.142500e+01 2.545000e+01 5.500000e+00
         vertex 2.160000e+01 2.830000e+01 5.500000e+00
         vertex 2.142500e+01 2.830000e+01 5.500000e+00
      endloop
   endfacet
   facet normal 0.000000e+00 -0.000000e+00 1.000000e+00
      outer loop
         vertex 2.142500e+01 2.545000e+01 5.500000e+00
         vertex 2.142500e+01 2.830000e+01 5.500000e+00
         vertex 1.782500e+01 2.545000e+01 5.500000e+00
      endloop
   endfacet
   facet normal 0.000000e+00 0.000000e+00 1.000000e+00
      outer loop
         vertex 1.782500e+01 2.545000e+01 5.500000e+00
         vertex 2.142500e+01 2.830000e+01 5.500000e+00
         vertex 1.790000e+01 2.830000e+01 5.500000e+00
      endloop
   endfacet
   facet normal 0.000000e+00 -0.000000e+00 1.000000e+00
      outer loop
         vertex 1.782500e+01 2.545000e+01 5.500000e+00
         vertex 1.790000e+01 2.830000e+01 5.500000e+00
         vertex 1.781318e+01 2.830760e+01 5.500000e+00
      endloop
   endfacet
   facet normal -0.000000e+00 0.000000e+00 1.000000e+00
      outer loop
         vertex 2.192139e+01 3.698302e+01 5.500000e+00
         vertex 2.198302e+01 3.692139e+01 5.500000e+00
         vertex 2.485000e+01 3.777500e+01 5.500000e+00
      endloop
   endfacet
   facet normal 0.000000e+00 0.000000e+00 1.000000e+00
      outer loop
         vertex 2.485000e+01 3.777500e+01 5.500000e+00
         vertex 2.198302e+01 3.692139e+01 5.500000e+00
         vertex 2.203301e+01 3.685000e+01 5.500000e+00
      endloop
   endfacet
   facet normal 0.000000e+00 0.000000e+00 1.000000e+00
      outer loop
         vertex 2.485000e+01 3.777500e+01 5.500000e+00
         vertex 2.203301e+01 3.685000e+01 5.500000e+00
         vertex 2.206985e+01 3.677101e+01 5.500000e+00
      endloop
   endfacet
   facet normal 0.000000e+00 0.000000e+00 1.000000e+00
      outer loop
         vertex 2.209240e+01 3.668682e+01 5.500000e+00
         vertex 2.210000e+01 3.660000e+01 5.500000e+00
         vertex 2.485000e+01 3.597500e+01 5.500000e+00
      endloop
   endfacet
   facet normal 0.000000e+00 0.000000e+00 1.000000e+00
      outer loop
         vertex 2.485000e+01 3.597500e+01 5.500000e+00
         vertex 2.210000e+01 3.660000e+01 5.500000e+00
         vertex 2.210000e+01 3.597500e+01 5.500000e+00
      endloop
   endfacet
   facet normal 0.000000e+00 0.000000e+00 1.000000e+00
      outer loop
         vertex 2.485000e+01 3.597500e+01 5.500000e+00
         vertex 2.210000e+01 3.597500e+01 5.500000e+00
         vertex 2.485000e+01 2.545000e+01 5.500000e+00
      endloop
   endfacet
   facet normal 0.000000e+00 0.000000e+00 1.000000e+00
      outer loop
         vertex 2.485000e+01 2.545000e+01 5.500000e+00
         vertex 2.210000e+01 3.597500e+01 5.500000e+00
         vertex 2.210000e+01 2.880000e+01 5.500000e+00
      endloop
   endfacet
   facet normal 0.000000e+00 0.000000e+00 1.000000e+00
      outer loop
         vertex 2.485000e+01 2.545000e+01 5.500000e+00
         vertex 2.210000e+01 2.880000e+01 5.500000e+00
         vertex 2.209240e+01 2.871318e+01 5.500000e+00
      endloop
   endfacet
   facet normal -0.000000e+00 -0.000000e+00 1.000000e+00
      outer loop
         vertex 2.160000e+01 3.710000e+01 5.500000e+00
         vertex 2.168682e+01 3.709240e+01 5.500000e+00
         vertex 2.142500e+01 3.777500e+01 5.500000e+00
      endloop
   endfacet
   facet normal 0.000000e+00 0.000000e+00 1.000000e+00
      outer loop
         vertex 2.142500e+01 3.777500e+01 5.500000e+00
         vertex 2.168682e+01 3.709240e+01 5.500000e+00
         vertex 2.177101e+01 3.706985e+01 5.500000e+00
      endloop
   endfacet
   facet normal -0.000000e+00 0.000000e+00 1.000000e+00
      outer loop
         vertex 2.142500e+01 3.777500e+01 5.500000e+00
         vertex 2.177101e+01 3.706985e+01 5.500000e+00
         vertex 2.485000e+01 3.777500e+01 5.500000e+00
      endloop
   endfacet
   facet normal 0.000000e+00 0.000000e+00 1.000000e+00
      outer loop
         vertex 2.485000e+01 3.777500e+01 5.500000e+00
         vertex 2.177101e+01 3.706985e+01 5.500000e+00
         vertex 2.185000e+01 3.703301e+01 5.500000e+00
      endloop
   endfacet
   facet normal 0.000000e+00 0.000000e+00 1.000000e+00
      outer loop
         vertex 2.485000e+01 3.777500e+01 5.500000e+00
         vertex 2.185000e+01 3.703301e+01 5.500000e+00
         vertex 2.192139e+01 3.698302e+01 5.500000e+00
      endloop
   endfacet
   facet normal -0.000000e+00 0.000000e+00 1.000000e+00
      outer loop
         vertex 1.782500e+01 3.777500e+01 5.500000e+00
         vertex 1.790000e+01 3.710000e+01 5.500000e+00
         vertex 2.142500e+01 3.777500e+01 5.500000e+00
      endloop
   endfacet
   facet normal 0.000000e+00 0.000000e+00 1.000000e+00
      outer loop
         vertex 2.142500e+01 3.777500e+01 5.500000e+00
         vertex 1.790000e+01 3.710000e+01 5.500000e+00
         vertex 2.142500e+01 3.710000e+01 5.500000e+00
      endloop
   endfacet
   facet normal 0.000000e+00 0.000000e+00 1.000000e+00
      outer loop
         vertex 2.142500e+01 3.777500e+01 5.500000e+00
         vertex 2.142500e+01 3.710000e+01 5.500000e+00
         vertex 2.160000e+01 3.710000e+01 5.500000e+00
      endloop
   endfacet
   facet normal 0.000000e+00 0.000000e+00 1.000000e+00
      outer loop
         vertex 1.740760e+01 2.871318e+01 5.500000e+00
         vertex 1.740000e+01 2.880000e+01 5.500000e+00
         vertex 1.737500e+01 2.545000e+01 5.500000e+00
      endloop
   endfacet
   facet normal 0.000000e+00 0.000000e+00 1.000000e+00
      outer loop
         vertex 1.737500e+01 2.545000e+01 5.500000e+00
         vertex 1.740000e+01 2.880000e+01 5.500000e+00
         vertex 1.740000e+01 3.597500e+01 5.500000e+00
      endloop
   endfacet
   facet normal 0.000000e+00 0.000000e+00 1.000000e+00
      outer loop
         vertex 1.737500e+01 2.545000e+01 5.500000e+00
         vertex 1.740000e+01 3.597500e+01 5.500000e+00
         vertex 1.737500e+01 3.597500e+01 5.500000e+00
      endloop
   endfacet
   facet normal 0.000000e+00 0.000000e+00 1.000000e+00
      outer loop
         vertex 1.737500e+01 3.597500e+01 5.500000e+00
         vertex 1.740000e+01 3.597500e+01 5.500000e+00
         vertex 1.740000e+01 3.660000e+01 5.500000e+00
      endloop
   endfacet
   facet normal 0.000000e+00 0.000000e+00 1.000000e+00
      outer loop
         vertex 1.737500e+01 3.597500e+01 5.500000e+00
         vertex 1.740000e+01 3.660000e+01 5.500000e+00
         vertex 1.737500e+01 3.777500e+01 5.500000e+00
      endloop
   endfacet
   facet normal 0.000000e+00 0.000000e+00 1.000000e+00
      outer loop
         vertex 1.737500e+01 3.777500e+01 5.500000e+00
         vertex 1.740000e+01 3.660000e+01 5.500000e+00
         vertex 1.740760e+01 3.668682e+01 5.500000e+00
      endloop
   endfacet
   facet normal 0.000000e+00 0.000000e+00 1.000000e+00
      outer loop
         vertex 1.737500e+01 3.777500e+01 5.500000e+00
         vertex 1.740760e+01 3.668682e+01 5.500000e+00
         vertex 1.743015e+01 3.677101e+01 5.500000e+00
      endloop
   endfacet
   facet normal 0.000000e+00 -0.000000e+00 1.000000e+00
      outer loop
         vertex 1.743015e+01 3.677101e+01 5.500000e+00
         vertex 1.746699e+01 3.685000e+01 5.500000e+00
         vertex 1.737500e+01 3.777500e+01 5.500000e+00
      endloop
   endfacet
   facet normal 0.000000e+00 0.000000e+00 1.000000e+00
      outer loop
         vertex 1.737500e+01 3.777500e+01 5.500000e+00
         vertex 1.746699e+01 3.685000e+01 5.500000e+00
         vertex 1.751698e+01 3.692139e+01 5.500000e+00
      endloop
   endfacet
   facet normal 0.000000e+00 0.000000e+00 1.000000e+00
      outer loop
         vertex 1.737500e+01 3.777500e+01 5.500000e+00
         vertex 1.751698e+01 3.692139e+01 5.500000e+00
         vertex 1.757861e+01 3.698302e+01 5.500000e+00
      endloop
   endfacet
   facet normal 0.000000e+00 -0.000000e+00 1.000000e+00
      outer loop
         vertex 1.757861e+01 3.698302e+01 5.500000e+00
         vertex 1.765000e+01 3.703301e+01 5.500000e+00
         vertex 1.737500e+01 3.777500e+01 5.500000e+00
      endloop
   endfacet
   facet normal 0.000000e+00 0.000000e+00 1.000000e+00
      outer loop
         vertex 1.737500e+01 3.777500e+01 5.500000e+00
         vertex 1.765000e+01 3.703301e+01 5.500000e+00
         vertex 1.772899e+01 3.706985e+01 5.500000e+00
      endloop
   endfacet
   facet normal -0.000000e+00 0.000000e+00 1.000000e+00
      outer loop
         vertex 1.737500e+01 3.777500e+01 5.500000e+00
         vertex 1.772899e+01 3.706985e+01 5.500000e+00
         vertex 1.782500e+01 3.777500e+01 5.500000e+00
      endloop
   endfacet
   facet normal 0.000000e+00 0.000000e+00 1.000000e+00
      outer loop
         vertex 1.782500e+01 3.777500e+01 5.500000e+00
         vertex 1.772899e+01 3.706985e+01 5.500000e+00
         vertex 1.781318e+01 3.709240e+01 5.500000e+00
      endloop
   endfacet
   facet normal 0.000000e+00 0.000000e+00 1.000000e+00
      outer loop
         vertex 1.782500e+01 3.777500e+01 5.500000e+00
         vertex 1.781318e+01 3.709240e+01 5.500000e+00
         vertex 1.790000e+01 3.710000e+01 5.500000e+00
      endloop
   endfacet
   facet normal 0.000000e+00 0.000000e+00 1.000000e+00
      outer loop
         vertex 1.710307e+00 3.670798e+01 5.500000e+00
         vertex 1.665192e+00 3.687635e+01 5.500000e+00
         vertex 0.000000e+00 3.597500e+01 5.500000e+00
      endloop
   endfacet
   facet normal 0.000000e+00 0.000000e+00 1.000000e+00
      outer loop
         vertex 0.000000e+00 3.597500e+01 5.500000e+00
         vertex 1.665192e+00 3.687635e+01 5.500000e+00
         vertex 0.000000e+00 3.777500e+01 5.500000e+00
      endloop
   endfacet
   facet normal 0.000000e+00 0.000000e+00 1.000000e+00
      outer loop
         vertex 0.000000e+00 3.777500e+01 5.500000e+00
         vertex 1.665192e+00 3.687635e+01 5.500000e+00
         vertex 1.650000e+00 3.705000e+01 5.500000e+00
      endloop
   endfacet
   facet normal -0.000000e+00 0.000000e+00 1.000000e+00
      outer loop
         vertex 0.000000e+00 3.777500e+01 5.500000e+00
         vertex 1.650000e+00 3.705000e+01 5.500000e+00
         vertex 1.650000e+00 3.777500e+01 5.500000e+00
      endloop
   endfacet
   facet normal 0.000000e+00 0.000000e+00 1.000000e+00
      outer loop
         vertex 1.737500e+01 3.597500e+01 5.500000e+00
         vertex 1.693481e+01 3.687635e+01 5.500000e+00
         vertex 1.688969e+01 3.670798e+01 5.500000e+00
      endloop
   endfacet
   facet normal 0.000000e+00 0.000000e+00 1.000000e+00
      outer loop
         vertex 2.307979e+00 3.611031e+01 5.500000e+00
         vertex 2.149999e+00 3.618397e+01 5.500000e+00
         vertex 0.000000e+00 3.597500e+01 5.500000e+00
      endloop
   endfacet
   facet normal 0.000000e+00 0.000000e+00 1.000000e+00
      outer loop
         vertex 0.000000e+00 3.597500e+01 5.500000e+00
         vertex 2.149999e+00 3.618397e+01 5.500000e+00
         vertex 2.007212e+00 3.628396e+01 5.500000e+00
      endloop
   endfacet
   facet normal -0.000000e+00 0.000000e+00 1.000000e+00
      outer loop
         vertex 1.693481e+01 3.687635e+01 5.500000e+00
         vertex 1.737500e+01 3.597500e+01 5.500000e+00
         vertex 1.695000e+01 3.705000e+01 5.500000e+00
      endloop
   endfacet
   facet normal -0.000000e+00 0.000000e+00 1.000000e+00
      outer loop
         vertex 1.695000e+01 3.705000e+01 5.500000e+00
         vertex 1.737500e+01 3.597500e+01 5.500000e+00
         vertex 1.737500e+01 3.777500e+01 5.500000e+00
      endloop
   endfacet
   facet normal 0.000000e+00 0.000000e+00 1.000000e+00
      outer loop
         vertex 1.695000e+01 3.705000e+01 5.500000e+00
         vertex 1.737500e+01 3.777500e+01 5.500000e+00
         vertex 1.695000e+01 3.777500e+01 5.500000e+00
      endloop
   endfacet
   facet normal 0.000000e+00 0.000000e+00 1.000000e+00
      outer loop
         vertex 1.695000e+01 3.777500e+01 5.500000e+00
         vertex 1.737500e+01 3.777500e+01 5.500000e+00
         vertex 1.735000e+01 3.830000e+01 5.500000e+00
      endloop
   endfacet
   facet normal 0.000000e+00 0.000000e+00 1.000000e+00
      outer loop
         vertex 1.695000e+01 3.777500e+01 5.500000e+00
         vertex 1.735000e+01 3.830000e+01 5.500000e+00
         vertex 1.695000e+01 3.830000e+01 5.500000e+00
      endloop
   endfacet
   facet normal 0.000000e+00 0.000000e+00 1.000000e+00
      outer loop
         vertex 2.007212e+00 3.628396e+01 5.500000e+00
         vertex 1.883956e+00 3.640721e+01 5.500000e+00
         vertex 0.000000e+00 3.597500e+01 5.500000e+00
      endloop
   endfacet
   facet normal 0.000000e+00 0.000000e+00 1.000000e+00
      outer loop
         vertex 0.000000e+00 3.597500e+01 5.500000e+00
         vertex 1.883956e+00 3.640721e+01 5.500000e+00
         vertex 1.783974e+00 3.655000e+01 5.500000e+00
      endloop
   endfacet
   facet normal 0.000000e+00 0.000000e+00 1.000000e+00
      outer loop
         vertex 0.000000e+00 3.597500e+01 5.500000e+00
         vertex 1.783974e+00 3.655000e+01 5.500000e+00
         vertex 1.710307e+00 3.670798e+01 5.500000e+00
      endloop
   endfacet
   facet normal 0.000000e+00 0.000000e+00 1.000000e+00
      outer loop
         vertex 1.688969e+01 3.670798e+01 5.500000e+00
         vertex 1.681603e+01 3.655000e+01 5.500000e+00
         vertex 1.737500e+01 3.597500e+01 5.500000e+00
      endloop
   endfacet
   facet normal 0.000000e+00 0.000000e+00 1.000000e+00
      outer loop
         vertex 1.737500e+01 3.597500e+01 5.500000e+00
         vertex 1.681603e+01 3.655000e+01 5.500000e+00
         vertex 1.671604e+01 3.640721e+01 5.500000e+00
      endloop
   endfacet
   facet normal 0.000000e+00 0.000000e+00 1.000000e+00
      outer loop
         vertex 1.737500e+01 3.597500e+01 5.500000e+00
         vertex 1.671604e+01 3.640721e+01 5.500000e+00
         vertex 1.659279e+01 3.628396e+01 5.500000e+00
      endloop
   endfacet
   facet normal 0.000000e+00 0.000000e+00 1.000000e+00
      outer loop
         vertex 1.659279e+01 3.628396e+01 5.500000e+00
         vertex 1.645000e+01 3.618397e+01 5.500000e+00
         vertex 1.737500e+01 3.597500e+01 5.500000e+00
      endloop
   endfacet
   facet normal 0.000000e+00 0.000000e+00 1.000000e+00
      outer loop
         vertex 1.737500e+01 3.597500e+01 5.500000e+00
         vertex 1.645000e+01 3.618397e+01 5.500000e+00
         vertex 1.629202e+01 3.611031e+01 5.500000e+00
      endloop
   endfacet
   facet normal 0.000000e+00 0.000000e+00 1.000000e+00
      outer loop
         vertex 1.737500e+01 3.597500e+01 5.500000e+00
         vertex 1.629202e+01 3.611031e+01 5.500000e+00
         vertex 1.612365e+01 3.606519e+01 5.500000e+00
      endloop
   endfacet
   facet normal 0.000000e+00 0.000000e+00 1.000000e+00
      outer loop
         vertex 1.612365e+01 3.606519e+01 5.500000e+00
         vertex 1.595000e+01 3.605000e+01 5.500000e+00
         vertex 1.737500e+01 3.597500e+01 5.500000e+00
      endloop
   endfacet
   facet normal 0.000000e+00 0.000000e+00 1.000000e+00
      outer loop
         vertex 1.737500e+01 3.597500e+01 5.500000e+00
         vertex 1.595000e+01 3.605000e+01 5.500000e+00
         vertex 2.650000e+00 3.605000e+01 5.500000e+00
      endloop
   endfacet
   facet normal 0.000000e+00 0.000000e+00 1.000000e+00
      outer loop
         vertex 1.737500e+01 3.597500e+01 5.500000e+00
         vertex 2.650000e+00 3.605000e+01 5.500000e+00
         vertex 0.000000e+00 3.597500e+01 5.500000e+00
      endloop
   endfacet
   facet normal 0.000000e+00 0.000000e+00 1.000000e+00
      outer loop
         vertex 0.000000e+00 3.597500e+01 5.500000e+00
         vertex 2.650000e+00 3.605000e+01 5.500000e+00
         vertex 2.476351e+00 3.606519e+01 5.500000e+00
      endloop
   endfacet
   facet normal 0.000000e+00 0.000000e+00 1.000000e+00
      outer loop
         vertex 0.000000e+00 3.597500e+01 5.500000e+00
         vertex 2.476351e+00 3.606519e+01 5.500000e+00
         vertex 2.307979e+00 3.611031e+01 5.500000e+00
      endloop
   endfacet
   facet normal 0.000000e+00 -0.000000e+00 1.000000e+00
      outer loop
         vertex 5.725000e+01 0.000000e+00 5.500000e+00
         vertex 5.725000e+01 2.050001e+00 5.500000e+00
         vertex 5.200000e+01 0.000000e+00 5.500000e+00
      endloop
   endfacet
   facet normal 0.000000e+00 0.000000e+00 1.000000e+00
      outer loop
         vertex 5.200000e+01 0.000000e+00 5.500000e+00
         vertex 5.725000e+01 2.050001e+00 5.500000e+00
         vertex 5.200000e+01 2.050001e+00 5.500000e+00
      endloop
   endfacet
   facet normal 0.000000e+00 -0.000000e+00 1.000000e+00
      outer loop
         vertex 5.200000e+01 0.000000e+00 5.500000e+00
         vertex 5.200000e+01 2.050001e+00 5.500000e+00
         vertex 2.485000e+01 0.000000e+00 5.500000e+00
      endloop
   endfacet
   facet normal 0.000000e+00 0.000000e+00 1.000000e+00
      outer loop
         vertex 2.485000e+01 0.000000e+00 5.500000e+00
         vertex 5.200000e+01 2.050001e+00 5.500000e+00
         vertex 2.485000e+01 2.050001e+00 5.500000e+00
      endloop
   endfacet
   facet normal 0.000000e+00 -0.000000e+00 1.000000e+00
      outer loop
         vertex 2.485000e+01 0.000000e+00 5.500000e+00
         vertex 2.485000e+01 2.050001e+00 5.500000e+00
         vertex 2.142500e+01 0.000000e+00 5.500000e+00
      endloop
   endfacet
   facet normal 0.000000e+00 0.000000e+00 1.000000e+00
      outer loop
         vertex 2.142500e+01 0.000000e+00 5.500000e+00
         vertex 2.485000e+01 2.050001e+00 5.500000e+00
         vertex 2.142500e+01 2.050001e+00 5.500000e+00
      endloop
   endfacet
   facet normal 0.000000e+00 -0.000000e+00 1.000000e+00
      outer loop
         vertex 2.142500e+01 0.000000e+00 5.500000e+00
         vertex 2.142500e+01 2.050001e+00 5.500000e+00
         vertex 1.782500e+01 0.000000e+00 5.500000e+00
      endloop
   endfacet
   facet normal 0.000000e+00 0.000000e+00 1.000000e+00
      outer loop
         vertex 1.782500e+01 0.000000e+00 5.500000e+00
         vertex 2.142500e+01 2.050001e+00 5.500000e+00
         vertex 1.782500e+01 2.050001e+00 5.500000e+00
      endloop
   endfacet
   facet normal 0.000000e+00 -0.000000e+00 1.000000e+00
      outer loop
         vertex 1.782500e+01 0.000000e+00 5.500000e+00
         vertex 1.782500e+01 2.050001e+00 5.500000e+00
         vertex 1.737500e+01 0.000000e+00 5.500000e+00
      endloop
   endfacet
   facet normal 0.000000e+00 0.000000e+00 1.000000e+00
      outer loop
         vertex 1.790000e+01 6.300000e+00 5.500000e+00
         vertex 1.781318e+01 6.307596e+00 5.500000e+00
         vertex 1.782500e+01 5.625000e+00 5.500000e+00
      endloop
   endfacet
   facet normal 0.000000e+00 0.000000e+00 1.000000e+00
      outer loop
         vertex 1.782500e+01 5.625000e+00 5.500000e+00
         vertex 1.781318e+01 6.307596e+00 5.500000e+00
         vertex 1.737500e+01 5.625000e+00 5.500000e+00
      endloop
   endfacet
   facet normal 0.000000e+00 0.000000e+00 1.000000e+00
      outer loop
         vertex 1.782500e+01 5.625000e+00 5.500000e+00
         vertex 1.737500e+01 5.625000e+00 5.500000e+00
         vertex 1.737500e+01 2.050001e+00 5.500000e+00
      endloop
   endfacet
   facet normal 0.000000e+00 -0.000000e+00 1.000000e+00
      outer loop
         vertex 1.737500e+01 2.050001e+00 5.500000e+00
         vertex 1.737500e+01 5.625000e+00 5.500000e+00
         vertex 1.735000e+01 3.900001e+00 5.500000e+00
      endloop
   endfacet
   facet normal 0.000000e+00 0.000000e+00 1.000000e+00
      outer loop
         vertex 1.737500e+01 2.050001e+00 5.500000e+00
         vertex 1.735000e+01 3.900001e+00 5.500000e+00
         vertex 1.695000e+01 3.900001e+00 5.500000e+00
      endloop
   endfacet
   facet normal 0.000000e+00 -0.000000e+00 1.000000e+00
      outer loop
         vertex 1.928294e+01 4.931010e+00 5.500000e+00
         vertex 1.950000e+01 4.950000e+00 5.500000e+00
         vertex 1.782500e+01 5.625000e+00 5.500000e+00
      endloop
   endfacet
   facet normal 0.000000e+00 0.000000e+00 1.000000e+00
      outer loop
         vertex 2.142500e+01 2.050001e+00 5.500000e+00
         vertex 2.075000e+01 3.700001e+00 5.500000e+00
         vertex 2.073101e+01 3.482940e+00 5.500000e+00
      endloop
   endfacet
   facet normal 0.000000e+00 -0.000000e+00 1.000000e+00
      outer loop
         vertex 1.826899e+01 3.917061e+00 5.500000e+00
         vertex 1.832538e+01 4.127525e+00 5.500000e+00
         vertex 1.782500e+01 5.625000e+00 5.500000e+00
      endloop
   endfacet
   facet normal -0.000000e+00 0.000000e+00 1.000000e+00
      outer loop
         vertex 1.992752e+01 4.874617e+00 5.500000e+00
         vertex 2.012500e+01 4.782531e+00 5.500000e+00
         vertex 2.142500e+01 5.625000e+00 5.500000e+00
      endloop
   endfacet
   facet normal 0.000000e+00 0.000000e+00 1.000000e+00
      outer loop
         vertex 2.142500e+01 5.625000e+00 5.500000e+00
         vertex 2.012500e+01 4.782531e+00 5.500000e+00
         vertex 2.030348e+01 4.657555e+00 5.500000e+00
      endloop
   endfacet
   facet normal 0.000000e+00 0.000000e+00 1.000000e+00
      outer loop
         vertex 2.142500e+01 5.625000e+00 5.500000e+00
         vertex 2.030348e+01 4.657555e+00 5.500000e+00
         vertex 2.045756e+01 4.503485e+00 5.500000e+00
      endloop
   endfacet
   facet normal 0.000000e+00 0.000000e+00 1.000000e+00
      outer loop
         vertex 2.073101e+01 3.482940e+00 5.500000e+00
         vertex 2.067462e+01 3.272476e+00 5.500000e+00
         vertex 2.142500e+01 2.050001e+00 5.500000e+00
      endloop
   endfacet
   facet normal 0.000000e+00 0.000000e+00 1.000000e+00
      outer loop
         vertex 2.142500e+01 2.050001e+00 5.500000e+00
         vertex 2.067462e+01 3.272476e+00 5.500000e+00
         vertex 2.058253e+01 3.075000e+00 5.500000e+00
      endloop
   endfacet
   facet normal 0.000000e+00 0.000000e+00 1.000000e+00
      outer loop
         vertex 2.142500e+01 2.050001e+00 5.500000e+00
         vertex 2.058253e+01 3.075000e+00 5.500000e+00
         vertex 2.045756e+01 2.896516e+00 5.500000e+00
      endloop
   endfacet
   facet normal -0.000000e+00 0.000000e+00 1.000000e+00
      outer loop
         vertex 1.782500e+01 5.625000e+00 5.500000e+00
         vertex 1.950000e+01 4.950000e+00 5.500000e+00
         vertex 2.142500e+01 5.625000e+00 5.500000e+00
      endloop
   endfacet
   facet normal 0.000000e+00 0.000000e+00 1.000000e+00
      outer loop
         vertex 2.142500e+01 5.625000e+00 5.500000e+00
         vertex 1.950000e+01 4.950000e+00 5.500000e+00
         vertex 1.971706e+01 4.931010e+00 5.500000e+00
      endloop
   endfacet
   facet normal 0.000000e+00 0.000000e+00 1.000000e+00
      outer loop
         vertex 2.142500e+01 5.625000e+00 5.500000e+00
         vertex 1.971706e+01 4.931010e+00 5.500000e+00
         vertex 1.992752e+01 4.874617e+00 5.500000e+00
      endloop
   endfacet
   facet normal 0.000000e+00 0.000000e+00 1.000000e+00
      outer loop
         vertex 2.045756e+01 2.896516e+00 5.500000e+00
         vertex 2.030348e+01 2.742445e+00 5.500000e+00
         vertex 2.142500e+01 2.050001e+00 5.500000e+00
      endloop
   endfacet
   facet normal 0.000000e+00 0.000000e+00 1.000000e+00
      outer loop
         vertex 2.142500e+01 2.050001e+00 5.500000e+00
         vertex 2.030348e+01 2.742445e+00 5.500000e+00
         vertex 2.012500e+01 2.617469e+00 5.500000e+00
      endloop
   endfacet
   facet normal 0.000000e+00 0.000000e+00 1.000000e+00
      outer loop
         vertex 2.142500e+01 2.050001e+00 5.500000e+00
         vertex 2.012500e+01 2.617469e+00 5.500000e+00
         vertex 1.992752e+01 2.525385e+00 5.500000e+00
      endloop
   endfacet
   facet normal 0.000000e+00 0.000000e+00 1.000000e+00
      outer loop
         vertex 1.992752e+01 2.525385e+00 5.500000e+00
         vertex 1.971706e+01 2.468990e+00 5.500000e+00
         vertex 2.142500e+01 2.050001e+00 5.500000e+00
      endloop
   endfacet
   facet normal 0.000000e+00 0.000000e+00 1.000000e+00
      outer loop
         vertex 2.142500e+01 2.050001e+00 5.500000e+00
         vertex 1.971706e+01 2.468990e+00 5.500000e+00
         vertex 1.950000e+01 2.450000e+00 5.500000e+00
      endloop
   endfacet
   facet normal 0.000000e+00 0.000000e+00 1.000000e+00
      outer loop
         vertex 2.142500e+01 2.050001e+00 5.500000e+00
         vertex 1.950000e+01 2.450000e+00 5.500000e+00
         vertex 1.782500e+01 2.050001e+00 5.500000e+00
      endloop
   endfacet
   facet normal 0.000000e+00 0.000000e+00 1.000000e+00
      outer loop
         vertex 1.782500e+01 2.050001e+00 5.500000e+00
         vertex 1.950000e+01 2.450000e+00 5.500000e+00
         vertex 1.928294e+01 2.468990e+00 5.500000e+00
      endloop
   endfacet
   facet normal 0.000000e+00 0.000000e+00 1.000000e+00
      outer loop
         vertex 1.782500e+01 2.050001e+00 5.500000e+00
         vertex 1.928294e+01 2.468990e+00 5.500000e+00
         vertex 1.907247e+01 2.525385e+00 5.500000e+00
      endloop
   endfacet
   facet normal 0.000000e+00 -0.000000e+00 1.000000e+00
      outer loop
         vertex 1.832538e+01 4.127525e+00 5.500000e+00
         vertex 1.841747e+01 4.325001e+00 5.500000e+00
         vertex 1.782500e+01 5.625000e+00 5.500000e+00
      endloop
   endfacet
   facet normal 0.000000e+00 0.000000e+00 1.000000e+00
      outer loop
         vertex 1.782500e+01 5.625000e+00 5.500000e+00
         vertex 1.841747e+01 4.325001e+00 5.500000e+00
         vertex 1.854244e+01 4.503485e+00 5.500000e+00
      endloop
   endfacet
   facet normal 0.000000e+00 0.000000e+00 1.000000e+00
      outer loop
         vertex 1.782500e+01 5.625000e+00 5.500000e+00
         vertex 1.854244e+01 4.503485e+00 5.500000e+00
         vertex 1.869651e+01 4.657555e+00 5.500000e+00
      endloop
   endfacet
   facet normal -0.000000e+00 0.000000e+00 1.000000e+00
      outer loop
         vertex 2.045756e+01 4.503485e+00 5.500000e+00
         vertex 2.058253e+01 4.325001e+00 5.500000e+00
         vertex 2.142500e+01 5.625000e+00 5.500000e+00
      endloop
   endfacet
   facet normal 0.000000e+00 0.000000e+00 1.000000e+00
      outer loop
         vertex 2.142500e+01 5.625000e+00 5.500000e+00
         vertex 2.058253e+01 4.325001e+00 5.500000e+00
         vertex 2.067462e+01 4.127525e+00 5.500000e+00
      endloop
   endfacet
   facet normal 0.000000e+00 0.000000e+00 1.000000e+00
      outer loop
         vertex 2.142500e+01 5.625000e+00 5.500000e+00
         vertex 2.067462e+01 4.127525e+00 5.500000e+00
         vertex 2.073101e+01 3.917061e+00 5.500000e+00
      endloop
   endfacet
   facet normal 0.000000e+00 0.000000e+00 1.000000e+00
      outer loop
         vertex 1.907247e+01 2.525385e+00 5.500000e+00
         vertex 1.887500e+01 2.617469e+00 5.500000e+00
         vertex 1.782500e+01 2.050001e+00 5.500000e+00
      endloop
   endfacet
   facet normal 0.000000e+00 0.000000e+00 1.000000e+00
      outer loop
         vertex 1.782500e+01 2.050001e+00 5.500000e+00
         vertex 1.887500e+01 2.617469e+00 5.500000e+00
         vertex 1.869651e+01 2.742445e+00 5.500000e+00
      endloop
   endfacet
   facet normal 0.000000e+00 0.000000e+00 1.000000e+00
      outer loop
         vertex 1.782500e+01 2.050001e+00 5.500000e+00
         vertex 1.869651e+01 2.742445e+00 5.500000e+00
         vertex 1.854244e+01 2.896516e+00 5.500000e+00
      endloop
   endfacet
   facet normal 0.000000e+00 0.000000e+00 1.000000e+00
      outer loop
         vertex 1.782500e+01 2.050001e+00 5.500000e+00
         vertex 1.826899e+01 3.482940e+00 5.500000e+00
         vertex 1.825000e+01 3.700001e+00 5.500000e+00
      endloop
   endfacet
   facet normal 0.000000e+00 -0.000000e+00 1.000000e+00
      outer loop
         vertex 1.869651e+01 4.657555e+00 5.500000e+00
         vertex 1.887500e+01 4.782531e+00 5.500000e+00
         vertex 1.782500e+01 5.625000e+00 5.500000e+00
      endloop
   endfacet
   facet normal 0.000000e+00 0.000000e+00 1.000000e+00
      outer loop
         vertex 1.782500e+01 5.625000e+00 5.500000e+00
         vertex 1.887500e+01 4.782531e+00 5.500000e+00
         vertex 1.907247e+01 4.874617e+00 5.500000e+00
      endloop
   endfacet
   facet normal 0.000000e+00 0.000000e+00 1.000000e+00
      outer loop
         vertex 1.782500e+01 5.625000e+00 5.500000e+00
         vertex 1.907247e+01 4.874617e+00 5.500000e+00
         vertex 1.928294e+01 4.931010e+00 5.500000e+00
      endloop
   endfacet
   facet normal 0.000000e+00 0.000000e+00 1.000000e+00
      outer loop
         vertex 1.854244e+01 2.896516e+00 5.500000e+00
         vertex 1.841747e+01 3.075000e+00 5.500000e+00
         vertex 1.782500e+01 2.050001e+00 5.500000e+00
      endloop
   endfacet
   facet normal 0.000000e+00 0.000000e+00 1.000000e+00
      outer loop
         vertex 1.782500e+01 2.050001e+00 5.500000e+00
         vertex 1.841747e+01 3.075000e+00 5.500000e+00
         vertex 1.832538e+01 3.272476e+00 5.500000e+00
      endloop
   endfacet
   facet normal 0.000000e+00 0.000000e+00 1.000000e+00
      outer loop
         vertex 1.782500e+01 2.050001e+00 5.500000e+00
         vertex 1.832538e+01 3.272476e+00 5.500000e+00
         vertex 1.826899e+01 3.482940e+00 5.500000e+00
      endloop
   endfacet
   facet normal -0.000000e+00 0.000000e+00 1.000000e+00
      outer loop
         vertex 1.671604e+01 2.007212e+00 5.500000e+00
         vertex 1.737500e+01 0.000000e+00 5.500000e+00
         vertex 1.737500e+01 2.050001e+00 5.500000e+00
      endloop
   endfacet
   facet normal -0.000000e+00 0.000000e+00 1.000000e+00
      outer loop
         vertex 1.737500e+01 2.050001e+00 5.500000e+00
         vertex 1.737500e+01 0.000000e+00 5.500000e+00
         vertex 1.782500e+01 2.050001e+00 5.500000e+00
      endloop
   endfacet
   facet normal 0.000000e+00 0.000000e+00 1.000000e+00
      outer loop
         vertex 1.737500e+01 2.050001e+00 5.500000e+00
         vertex 1.782500e+01 2.050001e+00 5.500000e+00
         vertex 1.782500e+01 5.625000e+00 5.500000e+00
      endloop
   endfacet
   facet normal 0.000000e+00 0.000000e+00 1.000000e+00
      outer loop
         vertex 1.782500e+01 5.625000e+00 5.500000e+00
         vertex 1.782500e+01 2.050001e+00 5.500000e+00
         vertex 1.825000e+01 3.700001e+00 5.500000e+00
      endloop
   endfacet
   facet normal 0.000000e+00 0.000000e+00 1.000000e+00
      outer loop
         vertex 1.782500e+01 5.625000e+00 5.500000e+00
         vertex 1.825000e+01 3.700001e+00 5.500000e+00
         vertex 1.826899e+01 3.917061e+00 5.500000e+00
      endloop
   endfacet
   facet normal 0.000000e+00 -0.000000e+00 1.000000e+00
      outer loop
         vertex 5.200000e+01 2.050001e+00 5.500000e+00
         vertex 5.200000e+01 5.625000e+00 5.500000e+00
         vertex 2.485000e+01 2.050001e+00 5.500000e+00
      endloop
   endfacet
   facet normal 0.000000e+00 0.000000e+00 1.000000e+00
      outer loop
         vertex 2.485000e+01 2.050001e+00 5.500000e+00
         vertex 5.200000e+01 5.625000e+00 5.500000e+00
         vertex 2.485000e+01 5.625000e+00 5.500000e+00
      endloop
   endfacet
   facet normal 0.000000e+00 -0.000000e+00 1.000000e+00
      outer loop
         vertex 2.485000e+01 2.050001e+00 5.500000e+00
         vertex 2.485000e+01 5.625000e+00 5.500000e+00
         vertex 2.142500e+01 2.050001e+00 5.500000e+00
      endloop
   endfacet
   facet normal 0.000000e+00 0.000000e+00 1.000000e+00
      outer loop
         vertex 2.142500e+01 2.050001e+00 5.500000e+00
         vertex 2.485000e+01 5.625000e+00 5.500000e+00
         vertex 2.142500e+01 5.625000e+00 5.500000e+00
      endloop
   endfacet
   facet normal 0.000000e+00 -0.000000e+00 1.000000e+00
      outer loop
         vertex 2.142500e+01 2.050001e+00 5.500000e+00
         vertex 2.142500e+01 5.625000e+00 5.500000e+00
         vertex 2.075000e+01 3.700001e+00 5.500000e+00
      endloop
   endfacet
   facet normal 0.000000e+00 -0.000000e+00 1.000000e+00
      outer loop
         vertex 2.075000e+01 3.700001e+00 5.500000e+00
         vertex 2.142500e+01 5.625000e+00 5.500000e+00
         vertex 2.073101e+01 3.917061e+00 5.500000e+00
      endloop
   endfacet
   facet normal 0.000000e+00 -0.000000e+00 1.000000e+00
      outer loop
         vertex 5.432538e+01 4.127525e+00 5.500000e+00
         vertex 5.441747e+01 4.325001e+00 5.500000e+00
         vertex 5.200000e+01 5.625000e+00 5.500000e+00
      endloop
   endfacet
   facet normal 0.000000e+00 -0.000000e+00 1.000000e+00
      outer loop
         vertex 5.667462e+01 4.127525e+00 5.500000e+00
         vertex 5.725000e+01 5.625000e+00 5.500000e+00
         vertex 5.658253e+01 4.325001e+00 5.500000e+00
      endloop
   endfacet
   facet normal 0.000000e+00 -0.000000e+00 1.000000e+00
      outer loop
         vertex 5.658253e+01 4.325001e+00 5.500000e+00
         vertex 5.725000e+01 5.625000e+00 5.500000e+00
         vertex 5.645755e+01 4.503485e+00 5.500000e+00
      endloop
   endfacet
   facet normal -0.000000e+00 0.000000e+00 1.000000e+00
      outer loop
         vertex 5.667462e+01 4.127525e+00 5.500000e+00
         vertex 5.673101e+01 3.917061e+00 5.500000e+00
         vertex 5.725000e+01 5.625000e+00 5.500000e+00
      endloop
   endfacet
   facet normal 0.000000e+00 0.000000e+00 1.000000e+00
      outer loop
         vertex 5.725000e+01 5.625000e+00 5.500000e+00
         vertex 5.673101e+01 3.917061e+00 5.500000e+00
         vertex 5.675000e+01 3.700001e+00 5.500000e+00
      endloop
   endfacet
   facet normal 0.000000e+00 0.000000e+00 1.000000e+00
      outer loop
         vertex 5.725000e+01 5.625000e+00 5.500000e+00
         vertex 5.675000e+01 3.700001e+00 5.500000e+00
         vertex 5.725000e+01 2.050001e+00 5.500000e+00
      endloop
   endfacet
   facet normal 0.000000e+00 0.000000e+00 1.000000e+00
      outer loop
         vertex 5.725000e+01 2.050001e+00 5.500000e+00
         vertex 5.675000e+01 3.700001e+00 5.500000e+00
         vertex 5.673101e+01 3.482940e+00 5.500000e+00
      endloop
   endfacet
   facet normal 0.000000e+00 0.000000e+00 1.000000e+00
      outer loop
         vertex 5.673101e+01 3.482940e+00 5.500000e+00
         vertex 5.667462e+01 3.272476e+00 5.500000e+00
         vertex 5.725000e+01 2.050001e+00 5.500000e+00
      endloop
   endfacet
   facet normal 0.000000e+00 0.000000e+00 1.000000e+00
      outer loop
         vertex 5.725000e+01 2.050001e+00 5.500000e+00
         vertex 5.667462e+01 3.272476e+00 5.500000e+00
         vertex 5.658253e+01 3.075000e+00 5.500000e+00
      endloop
   endfacet
   facet normal 0.000000e+00 0.000000e+00 1.000000e+00
      outer loop
         vertex 5.725000e+01 2.050001e+00 5.500000e+00
         vertex 5.658253e+01 3.075000e+00 5.500000e+00
         vertex 5.645755e+01 2.896516e+00 5.500000e+00
      endloop
   endfacet
   facet normal 0.000000e+00 0.000000e+00 1.000000e+00
      outer loop
         vertex 5.645755e+01 2.896516e+00 5.500000e+00
         vertex 5.630348e+01 2.742445e+00 5.500000e+00
         vertex 5.725000e+01 2.050001e+00 5.500000e+00
      endloop
   endfacet
   facet normal 0.000000e+00 0.000000e+00 1.000000e+00
      outer loop
         vertex 5.725000e+01 2.050001e+00 5.500000e+00
         vertex 5.630348e+01 2.742445e+00 5.500000e+00
         vertex 5.612500e+01 2.617469e+00 5.500000e+00
      endloop
   endfacet
   facet normal 0.000000e+00 0.000000e+00 1.000000e+00
      outer loop
         vertex 5.725000e+01 2.050001e+00 5.500000e+00
         vertex 5.612500e+01 2.617469e+00 5.500000e+00
         vertex 5.592752e+01 2.525385e+00 5.500000e+00
      endloop
   endfacet
   facet normal 0.000000e+00 0.000000e+00 1.000000e+00
      outer loop
         vertex 5.426899e+01 3.482940e+00 5.500000e+00
         vertex 5.425000e+01 3.700001e+00 5.500000e+00
         vertex 5.200000e+01 2.050001e+00 5.500000e+00
      endloop
   endfacet
   facet normal -0.000000e+00 0.000000e+00 1.000000e+00
      outer loop
         vertex 5.571706e+01 4.931010e+00 5.500000e+00
         vertex 5.592752e+01 4.874617e+00 5.500000e+00
         vertex 5.725000e+01 5.625000e+00 5.500000e+00
      endloop
   endfacet
   facet normal 0.000000e+00 0.000000e+00 1.000000e+00
      outer loop
         vertex 5.592752e+01 2.525385e+00 5.500000e+00
         vertex 5.571706e+01 2.468990e+00 5.500000e+00
         vertex 5.725000e+01 2.050001e+00 5.500000e+00
      endloop
   endfacet
   facet normal 0.000000e+00 0.000000e+00 1.000000e+00
      outer loop
         vertex 5.725000e+01 2.050001e+00 5.500000e+00
         vertex 5.571706e+01 2.468990e+00 5.500000e+00
         vertex 5.550000e+01 2.450000e+00 5.500000e+00
      endloop
   endfacet
   facet normal 0.000000e+00 0.000000e+00 1.000000e+00
      outer loop
         vertex 5.725000e+01 2.050001e+00 5.500000e+00
         vertex 5.550000e+01 2.450000e+00 5.500000e+00
         vertex 5.200000e+01 2.050001e+00 5.500000e+00
      endloop
   endfacet
   facet normal 0.000000e+00 0.000000e+00 1.000000e+00
      outer loop
         vertex 5.200000e+01 2.050001e+00 5.500000e+00
         vertex 5.550000e+01 2.450000e+00 5.500000e+00
         vertex 5.528294e+01 2.468990e+00 5.500000e+00
      endloop
   endfacet
   facet normal 0.000000e+00 0.000000e+00 1.000000e+00
      outer loop
         vertex 5.200000e+01 2.050001e+00 5.500000e+00
         vertex 5.528294e+01 2.468990e+00 5.500000e+00
         vertex 5.507248e+01 2.525385e+00 5.500000e+00
      endloop
   endfacet
   facet normal 0.000000e+00 0.000000e+00 1.000000e+00
      outer loop
         vertex 5.507248e+01 2.525385e+00 5.500000e+00
         vertex 5.487500e+01 2.617469e+00 5.500000e+00
         vertex 5.200000e+01 2.050001e+00 5.500000e+00
      endloop
   endfacet
   facet normal 0.000000e+00 0.000000e+00 1.000000e+00
      outer loop
         vertex 5.200000e+01 2.050001e+00 5.500000e+00
         vertex 5.487500e+01 2.617469e+00 5.500000e+00
         vertex 5.469652e+01 2.742445e+00 5.500000e+00
      endloop
   endfacet
   facet normal 0.000000e+00 0.000000e+00 1.000000e+00
      outer loop
         vertex 5.200000e+01 2.050001e+00 5.500000e+00
         vertex 5.469652e+01 2.742445e+00 5.500000e+00
         vertex 5.454244e+01 2.896516e+00 5.500000e+00
      endloop
   endfacet
   facet normal 0.000000e+00 0.000000e+00 1.000000e+00
      outer loop
         vertex 5.200000e+01 2.050001e+00 5.500000e+00
         vertex 5.425000e+01 3.700001e+00 5.500000e+00
         vertex 5.200000e+01 5.625000e+00 5.500000e+00
      endloop
   endfacet
   facet normal 0.000000e+00 0.000000e+00 1.000000e+00
      outer loop
         vertex 5.200000e+01 5.625000e+00 5.500000e+00
         vertex 5.425000e+01 3.700001e+00 5.500000e+00
         vertex 5.426899e+01 3.917061e+00 5.500000e+00
      endloop
   endfacet
   facet normal 0.000000e+00 0.000000e+00 1.000000e+00
      outer loop
         vertex 5.200000e+01 5.625000e+00 5.500000e+00
         vertex 5.426899e+01 3.917061e+00 5.500000e+00
         vertex 5.432538e+01 4.127525e+00 5.500000e+00
      endloop
   endfacet
   facet normal 0.000000e+00 -0.000000e+00 1.000000e+00
      outer loop
         vertex 5.441747e+01 4.325001e+00 5.500000e+00
         vertex 5.454244e+01 4.503485e+00 5.500000e+00
         vertex 5.200000e+01 5.625000e+00 5.500000e+00
      endloop
   endfacet
   facet normal 0.000000e+00 0.000000e+00 1.000000e+00
      outer loop
         vertex 5.200000e+01 5.625000e+00 5.500000e+00
         vertex 5.454244e+01 4.503485e+00 5.500000e+00
         vertex 5.469652e+01 4.657555e+00 5.500000e+00
      endloop
   endfacet
   facet normal 0.000000e+00 0.000000e+00 1.000000e+00
      outer loop
         vertex 5.200000e+01 5.625000e+00 5.500000e+00
         vertex 5.469652e+01 4.657555e+00 5.500000e+00
         vertex 5.487500e+01 4.782531e+00 5.500000e+00
      endloop
   endfacet
   facet normal -0.000000e+00 0.000000e+00 1.000000e+00
      outer loop
         vertex 5.592752e+01 4.874617e+00 5.500000e+00
         vertex 5.612500e+01 4.782531e+00 5.500000e+00
         vertex 5.725000e+01 5.625000e+00 5.500000e+00
      endloop
   endfacet
   facet normal 0.000000e+00 0.000000e+00 1.000000e+00
      outer loop
         vertex 5.725000e+01 5.625000e+00 5.500000e+00
         vertex 5.612500e+01 4.782531e+00 5.500000e+00
         vertex 5.630348e+01 4.657555e+00 5.500000e+00
      endloop
   endfacet
   facet normal 0.000000e+00 0.000000e+00 1.000000e+00
      outer loop
         vertex 5.725000e+01 5.625000e+00 5.500000e+00
         vertex 5.630348e+01 4.657555e+00 5.500000e+00
         vertex 5.645755e+01 4.503485e+00 5.500000e+00
      endloop
   endfacet
   facet normal 0.000000e+00 0.000000e+00 1.000000e+00
      outer loop
         vertex 5.454244e+01 2.896516e+00 5.500000e+00
         vertex 5.441747e+01 3.075000e+00 5.500000e+00
         vertex 5.200000e+01 2.050001e+00 5.500000e+00
      endloop
   endfacet
   facet normal 0.000000e+00 0.000000e+00 1.000000e+00
      outer loop
         vertex 5.200000e+01 2.050001e+00 5.500000e+00
         vertex 5.441747e+01 3.075000e+00 5.500000e+00
         vertex 5.432538e+01 3.272476e+00 5.500000e+00
      endloop
   endfacet
   facet normal 0.000000e+00 0.000000e+00 1.000000e+00
      outer loop
         vertex 5.200000e+01 2.050001e+00 5.500000e+00
         vertex 5.432538e+01 3.272476e+00 5.500000e+00
         vertex 5.426899e+01 3.482940e+00 5.500000e+00
      endloop
   endfacet
   facet normal 0.000000e+00 -0.000000e+00 1.000000e+00
      outer loop
         vertex 5.487500e+01 4.782531e+00 5.500000e+00
         vertex 5.507248e+01 4.874617e+00 5.500000e+00
         vertex 5.200000e+01 5.625000e+00 5.500000e+00
      endloop
   endfacet
   facet normal 0.000000e+00 0.000000e+00 1.000000e+00
      outer loop
         vertex 5.200000e+01 5.625000e+00 5.500000e+00
         vertex 5.507248e+01 4.874617e+00 5.500000e+00
         vertex 5.528294e+01 4.931010e+00 5.500000e+00
      endloop
   endfacet
   facet normal 0.000000e+00 0.000000e+00 1.000000e+00
      outer loop
         vertex 5.200000e+01 5.625000e+00 5.500000e+00
         vertex 5.528294e+01 4.931010e+00 5.500000e+00
         vertex 5.550000e+01 4.950000e+00 5.500000e+00
      endloop
   endfacet
   facet normal 0.000000e+00 0.000000e+00 1.000000e+00
      outer loop
         vertex 5.725000e+01 2.260000e+01 5.500000e+00
         vertex 5.200000e+01 1.885000e+01 5.500000e+00
         vertex 5.725000e+01 1.885000e+01 5.500000e+00
      endloop
   endfacet
   facet normal 0.000000e+00 0.000000e+00 1.000000e+00
      outer loop
         vertex 5.725000e+01 1.885000e+01 5.500000e+00
         vertex 5.200000e+01 1.885000e+01 5.500000e+00
         vertex 5.200000e+01 5.625000e+00 5.500000e+00
      endloop
   endfacet
   facet normal 0.000000e+00 0.000000e+00 1.000000e+00
      outer loop
         vertex 5.725000e+01 1.885000e+01 5.500000e+00
         vertex 5.200000e+01 5.625000e+00 5.500000e+00
         vertex 5.725000e+01 5.625000e+00 5.500000e+00
      endloop
   endfacet
   facet normal 0.000000e+00 0.000000e+00 1.000000e+00
      outer loop
         vertex 5.725000e+01 5.625000e+00 5.500000e+00
         vertex 5.200000e+01 5.625000e+00 5.500000e+00
         vertex 5.550000e+01 4.950000e+00 5.500000e+00
      endloop
   endfacet
   facet normal 0.000000e+00 0.000000e+00 1.000000e+00
      outer loop
         vertex 5.725000e+01 5.625000e+00 5.500000e+00
         vertex 5.550000e+01 4.950000e+00 5.500000e+00
         vertex 5.571706e+01 4.931010e+00 5.500000e+00
      endloop
   endfacet
   facet normal 0.000000e+00 -0.000000e+00 1.000000e+00
      outer loop
         vertex 5.940000e+01 2.000000e+00 5.500000e+00
         vertex 5.940000e+01 2.050001e+00 5.500000e+00
         vertex 5.725000e+01 2.050001e+00 5.500000e+00
      endloop
   endfacet
   facet normal 0.000000e+00 0.000000e+00 1.000000e+00
      outer loop
         vertex 5.725000e+01 2.050001e+00 5.500000e+00
         vertex 5.940000e+01 2.050001e+00 5.500000e+00
         vertex 5.940000e+01 5.625000e+00 5.500000e+00
      endloop
   endfacet
   facet normal 0.000000e+00 0.000000e+00 1.000000e+00
      outer loop
         vertex 5.725000e+01 2.050001e+00 5.500000e+00
         vertex 5.940000e+01 5.625000e+00 5.500000e+00
         vertex 5.725000e+01 5.625000e+00 5.500000e+00
      endloop
   endfacet
   facet normal 0.000000e+00 0.000000e+00 1.000000e+00
      outer loop
         vertex 5.725000e+01 5.625000e+00 5.500000e+00
         vertex 5.940000e+01 5.625000e+00 5.500000e+00
         vertex 5.940000e+01 1.885000e+01 5.500000e+00
      endloop
   endfacet
   facet normal 0.000000e+00 0.000000e+00 1.000000e+00
      outer loop
         vertex 5.725000e+01 5.625000e+00 5.500000e+00
         vertex 5.940000e+01 1.885000e+01 5.500000e+00
         vertex 5.725000e+01 1.885000e+01 5.500000e+00
      endloop
   endfacet
   facet normal 0.000000e+00 0.000000e+00 1.000000e+00
      outer loop
         vertex 5.725000e+01 1.885000e+01 5.500000e+00
         vertex 5.940000e+01 1.885000e+01 5.500000e+00
         vertex 5.742101e+01 2.263015e+01 5.500000e+00
      endloop
   endfacet
   facet normal 0.000000e+00 0.000000e+00 1.000000e+00
      outer loop
         vertex 5.725000e+01 1.885000e+01 5.500000e+00
         vertex 5.742101e+01 2.263015e+01 5.500000e+00
         vertex 5.733682e+01 2.260760e+01 5.500000e+00
      endloop
   endfacet
   facet normal 0.000000e+00 0.000000e+00 1.000000e+00
      outer loop
         vertex 4.981699e+01 2.285000e+01 5.500000e+00
         vertex 4.978015e+01 2.292899e+01 5.500000e+00
         vertex 2.485000e+01 1.885000e+01 5.500000e+00
      endloop
   endfacet
   facet normal 0.000000e+00 0.000000e+00 1.000000e+00
      outer loop
         vertex 2.485000e+01 1.885000e+01 5.500000e+00
         vertex 4.978015e+01 2.292899e+01 5.500000e+00
         vertex 2.485000e+01 2.545000e+01 5.500000e+00
      endloop
   endfacet
   facet normal 0.000000e+00 -0.000000e+00 1.000000e+00
      outer loop
         vertex 2.485000e+01 1.885000e+01 5.500000e+00
         vertex 2.485000e+01 2.545000e+01 5.500000e+00
         vertex 2.142500e+01 1.885000e+01 5.500000e+00
      endloop
   endfacet
   facet normal 0.000000e+00 0.000000e+00 1.000000e+00
      outer loop
         vertex 2.142500e+01 1.885000e+01 5.500000e+00
         vertex 2.485000e+01 2.545000e+01 5.500000e+00
         vertex 2.142500e+01 2.545000e+01 5.500000e+00
      endloop
   endfacet
   facet normal 0.000000e+00 -0.000000e+00 1.000000e+00
      outer loop
         vertex 2.142500e+01 1.885000e+01 5.500000e+00
         vertex 2.142500e+01 2.545000e+01 5.500000e+00
         vertex 1.782500e+01 1.885000e+01 5.500000e+00
      endloop
   endfacet
   facet normal 0.000000e+00 0.000000e+00 1.000000e+00
      outer loop
         vertex 1.782500e+01 1.885000e+01 5.500000e+00
         vertex 2.142500e+01 2.545000e+01 5.500000e+00
         vertex 1.782500e+01 2.545000e+01 5.500000e+00
      endloop
   endfacet
   facet normal 0.000000e+00 -0.000000e+00 1.000000e+00
      outer loop
         vertex 1.782500e+01 1.885000e+01 5.500000e+00
         vertex 1.782500e+01 2.545000e+01 5.500000e+00
         vertex 1.737500e+01 1.885000e+01 5.500000e+00
      endloop
   endfacet
   facet normal 0.000000e+00 0.000000e+00 1.000000e+00
      outer loop
         vertex 1.737500e+01 1.885000e+01 5.500000e+00
         vertex 1.782500e+01 2.545000e+01 5.500000e+00
         vertex 1.737500e+01 2.545000e+01 5.500000e+00
      endloop
   endfacet
   facet normal 0.000000e+00 -0.000000e+00 1.000000e+00
      outer loop
         vertex 1.737500e+01 1.885000e+01 5.500000e+00
         vertex 1.737500e+01 2.545000e+01 5.500000e+00
         vertex 1.095000e+01 1.885000e+01 5.500000e+00
      endloop
   endfacet
   facet normal 0.000000e+00 0.000000e+00 1.000000e+00
      outer loop
         vertex 1.095000e+01 1.885000e+01 5.500000e+00
         vertex 1.737500e+01 2.545000e+01 5.500000e+00
         vertex 1.095000e+01 2.545000e+01 5.500000e+00
      endloop
   endfacet
   facet normal 0.000000e+00 -0.000000e+00 1.000000e+00
      outer loop
         vertex 5.200000e+01 3.597500e+01 5.500000e+00
         vertex 5.200000e+01 3.777500e+01 5.500000e+00
         vertex 2.485000e+01 3.597500e+01 5.500000e+00
      endloop
   endfacet
   facet normal 0.000000e+00 0.000000e+00 1.000000e+00
      outer loop
         vertex 2.485000e+01 3.597500e+01 5.500000e+00
         vertex 5.200000e+01 3.777500e+01 5.500000e+00
         vertex 2.485000e+01 3.777500e+01 5.500000e+00
      endloop
   endfacet
   facet normal 0.000000e+00 -0.000000e+00 1.000000e+00
      outer loop
         vertex 2.485000e+01 3.597500e+01 5.500000e+00
         vertex 2.485000e+01 3.777500e+01 5.500000e+00
         vertex 2.209240e+01 3.668682e+01 5.500000e+00
      endloop
   endfacet
   facet normal 0.000000e+00 -0.000000e+00 1.000000e+00
      outer loop
         vertex 2.209240e+01 3.668682e+01 5.500000e+00
         vertex 2.485000e+01 3.777500e+01 5.500000e+00
         vertex 2.206985e+01 3.677101e+01 5.500000e+00
      endloop
   endfacet
   facet normal 0.000000e+00 0.000000e+00 1.000000e+00
      outer loop
         vertex 5.725000e+01 4.340000e+01 5.500000e+00
         vertex 5.725000e+01 3.777500e+01 5.500000e+00
         vertex 5.940000e+01 3.777500e+01 5.500000e+00
      endloop
   endfacet
   facet normal 0.000000e+00 0.000000e+00 1.000000e+00
      outer loop
         vertex 5.940000e+01 3.777500e+01 5.500000e+00
         vertex 5.725000e+01 3.777500e+01 5.500000e+00
         vertex 5.725000e+01 3.597500e+01 5.500000e+00
      endloop
   endfacet
   facet normal 0.000000e+00 0.000000e+00 1.000000e+00
      outer loop
         vertex 5.940000e+01 3.777500e+01 5.500000e+00
         vertex 5.725000e+01 3.597500e+01 5.500000e+00
         vertex 5.940000e+01 3.597500e+01 5.500000e+00
      endloop
   endfacet
   facet normal 0.000000e+00 0.000000e+00 1.000000e+00
      outer loop
         vertex 5.940000e+01 3.597500e+01 5.500000e+00
         vertex 5.725000e+01 3.597500e+01 5.500000e+00
         vertex 5.733682e+01 3.589240e+01 5.500000e+00
      endloop
   endfacet
   facet normal 0.000000e+00 0.000000e+00 1.000000e+00
      outer loop
         vertex 5.940000e+01 3.597500e+01 5.500000e+00
         vertex 5.733682e+01 3.589240e+01 5.500000e+00
         vertex 5.742101e+01 3.586985e+01 5.500000e+00
      endloop
   endfacet
   facet normal 0.000000e+00 -0.000000e+00 1.000000e+00
      outer loop
         vertex 1.928294e+01 4.093101e+01 5.500000e+00
         vertex 1.950000e+01 4.095000e+01 5.500000e+00
         vertex 1.782500e+01 4.340000e+01 5.500000e+00
      endloop
   endfacet
   facet normal 0.000000e+00 0.000000e+00 1.000000e+00
      outer loop
         vertex 2.142500e+01 3.777500e+01 5.500000e+00
         vertex 2.075000e+01 3.970000e+01 5.500000e+00
         vertex 2.073101e+01 3.948294e+01 5.500000e+00
      endloop
   endfacet
   facet normal 0.000000e+00 -0.000000e+00 1.000000e+00
      outer loop
         vertex 1.826899e+01 3.991706e+01 5.500000e+00
         vertex 1.832538e+01 4.012753e+01 5.500000e+00
         vertex 1.782500e+01 4.340000e+01 5.500000e+00
      endloop
   endfacet
   facet normal -0.000000e+00 0.000000e+00 1.000000e+00
      outer loop
         vertex 1.992752e+01 4.087462e+01 5.500000e+00
         vertex 2.012500e+01 4.078253e+01 5.500000e+00
         vertex 2.142500e+01 4.340000e+01 5.500000e+00
      endloop
   endfacet
   facet normal 0.000000e+00 0.000000e+00 1.000000e+00
      outer loop
         vertex 2.142500e+01 4.340000e+01 5.500000e+00
         vertex 2.012500e+01 4.078253e+01 5.500000e+00
         vertex 2.030348e+01 4.065756e+01 5.500000e+00
      endloop
   endfacet
   facet normal 0.000000e+00 0.000000e+00 1.000000e+00
      outer loop
         vertex 2.142500e+01 4.340000e+01 5.500000e+00
         vertex 2.030348e+01 4.065756e+01 5.500000e+00
         vertex 2.045756e+01 4.050349e+01 5.500000e+00
      endloop
   endfacet
   facet normal 0.000000e+00 0.000000e+00 1.000000e+00
      outer loop
         vertex 2.073101e+01 3.948294e+01 5.500000e+00
         vertex 2.067462e+01 3.927248e+01 5.500000e+00
         vertex 2.142500e+01 3.777500e+01 5.500000e+00
      endloop
   endfacet
   facet normal 0.000000e+00 0.000000e+00 1.000000e+00
      outer loop
         vertex 2.142500e+01 3.777500e+01 5.500000e+00
         vertex 2.067462e+01 3.927248e+01 5.500000e+00
         vertex 2.058253e+01 3.907500e+01 5.500000e+00
      endloop
   endfacet
   facet normal 0.000000e+00 0.000000e+00 1.000000e+00
      outer loop
         vertex 2.142500e+01 3.777500e+01 5.500000e+00
         vertex 2.058253e+01 3.907500e+01 5.500000e+00
         vertex 2.045756e+01 3.889652e+01 5.500000e+00
      endloop
   endfacet
   facet normal -0.000000e+00 0.000000e+00 1.000000e+00
      outer loop
         vertex 1.782500e+01 4.340000e+01 5.500000e+00
         vertex 1.950000e+01 4.095000e+01 5.500000e+00
         vertex 2.142500e+01 4.340000e+01 5.500000e+00
      endloop
   endfacet
   facet normal 0.000000e+00 0.000000e+00 1.000000e+00
      outer loop
         vertex 2.142500e+01 4.340000e+01 5.500000e+00
         vertex 1.950000e+01 4.095000e+01 5.500000e+00
         vertex 1.971706e+01 4.093101e+01 5.500000e+00
      endloop
   endfacet
   facet normal 0.000000e+00 0.000000e+00 1.000000e+00
      outer loop
         vertex 2.142500e+01 4.340000e+01 5.500000e+00
         vertex 1.971706e+01 4.093101e+01 5.500000e+00
         vertex 1.992752e+01 4.087462e+01 5.500000e+00
      endloop
   endfacet
   facet normal 0.000000e+00 0.000000e+00 1.000000e+00
      outer loop
         vertex 2.045756e+01 3.889652e+01 5.500000e+00
         vertex 2.030348e+01 3.874245e+01 5.500000e+00
         vertex 2.142500e+01 3.777500e+01 5.500000e+00
      endloop
   endfacet
   facet normal 0.000000e+00 0.000000e+00 1.000000e+00
      outer loop
         vertex 2.142500e+01 3.777500e+01 5.500000e+00
         vertex 2.030348e+01 3.874245e+01 5.500000e+00
         vertex 2.012500e+01 3.861747e+01 5.500000e+00
      endloop
   endfacet
   facet normal 0.000000e+00 0.000000e+00 1.000000e+00
      outer loop
         vertex 2.142500e+01 3.777500e+01 5.500000e+00
         vertex 2.012500e+01 3.861747e+01 5.500000e+00
         vertex 1.992752e+01 3.852538e+01 5.500000e+00
      endloop
   endfacet
   facet normal 0.000000e+00 0.000000e+00 1.000000e+00
      outer loop
         vertex 1.992752e+01 3.852538e+01 5.500000e+00
         vertex 1.971706e+01 3.846899e+01 5.500000e+00
         vertex 2.142500e+01 3.777500e+01 5.500000e+00
      endloop
   endfacet
   facet normal 0.000000e+00 0.000000e+00 1.000000e+00
      outer loop
         vertex 2.142500e+01 3.777500e+01 5.500000e+00
         vertex 1.971706e+01 3.846899e+01 5.500000e+00
         vertex 1.950000e+01 3.845000e+01 5.500000e+00
      endloop
   endfacet
   facet normal 0.000000e+00 0.000000e+00 1.000000e+00
      outer loop
         vertex 2.142500e+01 3.777500e+01 5.500000e+00
         vertex 1.950000e+01 3.845000e+01 5.500000e+00
         vertex 1.782500e+01 3.777500e+01 5.500000e+00
      endloop
   endfacet
   facet normal 0.000000e+00 0.000000e+00 1.000000e+00
      outer loop
         vertex 1.782500e+01 3.777500e+01 5.500000e+00
         vertex 1.950000e+01 3.845000e+01 5.500000e+00
         vertex 1.928294e+01 3.846899e+01 5.500000e+00
      endloop
   endfacet
   facet normal 0.000000e+00 0.000000e+00 1.000000e+00
      outer loop
         vertex 1.782500e+01 3.777500e+01 5.500000e+00
         vertex 1.928294e+01 3.846899e+01 5.500000e+00
         vertex 1.907247e+01 3.852538e+01 5.500000e+00
      endloop
   endfacet
   facet normal 0.000000e+00 0.000000e+00 1.000000e+00
      outer loop
         vertex 1.826899e+01 3.991706e+01 5.500000e+00
         vertex 1.782500e+01 4.340000e+01 5.500000e+00
         vertex 1.825000e+01 3.970000e+01 5.500000e+00
      endloop
   endfacet
   facet normal 0.000000e+00 -0.000000e+00 1.000000e+00
      outer loop
         vertex 1.832538e+01 4.012753e+01 5.500000e+00
         vertex 1.841747e+01 4.032500e+01 5.500000e+00
         vertex 1.782500e+01 4.340000e+01 5.500000e+00
      endloop
   endfacet
   facet normal 0.000000e+00 0.000000e+00 1.000000e+00
      outer loop
         vertex 1.782500e+01 4.340000e+01 5.500000e+00
         vertex 1.841747e+01 4.032500e+01 5.500000e+00
         vertex 1.854244e+01 4.050349e+01 5.500000e+00
      endloop
   endfacet
   facet normal 0.000000e+00 0.000000e+00 1.000000e+00
      outer loop
         vertex 1.782500e+01 4.340000e+01 5.500000e+00
         vertex 1.854244e+01 4.050349e+01 5.500000e+00
         vertex 1.869651e+01 4.065756e+01 5.500000e+00
      endloop
   endfacet
   facet normal -0.000000e+00 0.000000e+00 1.000000e+00
      outer loop
         vertex 2.045756e+01 4.050349e+01 5.500000e+00
         vertex 2.058253e+01 4.032500e+01 5.500000e+00
         vertex 2.142500e+01 4.340000e+01 5.500000e+00
      endloop
   endfacet
   facet normal 0.000000e+00 0.000000e+00 1.000000e+00
      outer loop
         vertex 2.142500e+01 4.340000e+01 5.500000e+00
         vertex 2.058253e+01 4.032500e+01 5.500000e+00
         vertex 2.067462e+01 4.012753e+01 5.500000e+00
      endloop
   endfacet
   facet normal 0.000000e+00 0.000000e+00 1.000000e+00
      outer loop
         vertex 2.142500e+01 4.340000e+01 5.500000e+00
         vertex 2.067462e+01 4.012753e+01 5.500000e+00
         vertex 2.073101e+01 3.991706e+01 5.500000e+00
      endloop
   endfacet
   facet normal 0.000000e+00 0.000000e+00 1.000000e+00
      outer loop
         vertex 1.907247e+01 3.852538e+01 5.500000e+00
         vertex 1.887500e+01 3.861747e+01 5.500000e+00
         vertex 1.782500e+01 3.777500e+01 5.500000e+00
      endloop
   endfacet
   facet normal 0.000000e+00 0.000000e+00 1.000000e+00
      outer loop
         vertex 1.782500e+01 3.777500e+01 5.500000e+00
         vertex 1.887500e+01 3.861747e+01 5.500000e+00
         vertex 1.869651e+01 3.874245e+01 5.500000e+00
      endloop
   endfacet
   facet normal 0.000000e+00 0.000000e+00 1.000000e+00
      outer loop
         vertex 1.782500e+01 3.777500e+01 5.500000e+00
         vertex 1.869651e+01 3.874245e+01 5.500000e+00
         vertex 1.854244e+01 3.889652e+01 5.500000e+00
      endloop
   endfacet
   facet normal 0.000000e+00 -0.000000e+00 1.000000e+00
      outer loop
         vertex 1.869651e+01 4.065756e+01 5.500000e+00
         vertex 1.887500e+01 4.078253e+01 5.500000e+00
         vertex 1.782500e+01 4.340000e+01 5.500000e+00
      endloop
   endfacet
   facet normal 0.000000e+00 0.000000e+00 1.000000e+00
      outer loop
         vertex 1.782500e+01 4.340000e+01 5.500000e+00
         vertex 1.887500e+01 4.078253e+01 5.500000e+00
         vertex 1.907247e+01 4.087462e+01 5.500000e+00
      endloop
   endfacet
   facet normal 0.000000e+00 0.000000e+00 1.000000e+00
      outer loop
         vertex 1.782500e+01 4.340000e+01 5.500000e+00
         vertex 1.907247e+01 4.087462e+01 5.500000e+00
         vertex 1.928294e+01 4.093101e+01 5.500000e+00
      endloop
   endfacet
   facet normal 0.000000e+00 0.000000e+00 1.000000e+00
      outer loop
         vertex 1.854244e+01 3.889652e+01 5.500000e+00
         vertex 1.841747e+01 3.907500e+01 5.500000e+00
         vertex 1.782500e+01 3.777500e+01 5.500000e+00
      endloop
   endfacet
   facet normal 0.000000e+00 0.000000e+00 1.000000e+00
      outer loop
         vertex 1.782500e+01 3.777500e+01 5.500000e+00
         vertex 1.841747e+01 3.907500e+01 5.500000e+00
         vertex 1.832538e+01 3.927248e+01 5.500000e+00
      endloop
   endfacet
   facet normal 0.000000e+00 0.000000e+00 1.000000e+00
      outer loop
         vertex 1.782500e+01 3.777500e+01 5.500000e+00
         vertex 1.832538e+01 3.927248e+01 5.500000e+00
         vertex 1.826899e+01 3.948294e+01 5.500000e+00
      endloop
   endfacet
   facet normal 0.000000e+00 0.000000e+00 1.000000e+00
      outer loop
         vertex 1.826899e+01 3.948294e+01 5.500000e+00
         vertex 1.825000e+01 3.970000e+01 5.500000e+00
         vertex 1.782500e+01 3.777500e+01 5.500000e+00
      endloop
   endfacet
   facet normal 0.000000e+00 0.000000e+00 1.000000e+00
      outer loop
         vertex 1.782500e+01 3.777500e+01 5.500000e+00
         vertex 1.825000e+01 3.970000e+01 5.500000e+00
         vertex 1.782500e+01 4.340000e+01 5.500000e+00
      endloop
   endfacet
   facet normal 0.000000e+00 -0.000000e+00 1.000000e+00
      outer loop
         vertex 1.782500e+01 3.777500e+01 5.500000e+00
         vertex 1.782500e+01 4.340000e+01 5.500000e+00
         vertex 1.737500e+01 3.777500e+01 5.500000e+00
      endloop
   endfacet
   facet normal 0.000000e+00 0.000000e+00 1.000000e+00
      outer loop
         vertex 1.737500e+01 3.777500e+01 5.500000e+00
         vertex 1.782500e+01 4.340000e+01 5.500000e+00
         vertex 1.737500e+01 4.340000e+01 5.500000e+00
      endloop
   endfacet
   facet normal 0.000000e+00 -0.000000e+00 1.000000e+00
      outer loop
         vertex 1.737500e+01 3.777500e+01 5.500000e+00
         vertex 1.737500e+01 4.340000e+01 5.500000e+00
         vertex 1.735000e+01 3.950000e+01 5.500000e+00
      endloop
   endfacet
   facet normal 0.000000e+00 -0.000000e+00 1.000000e+00
      outer loop
         vertex 1.735000e+01 3.950000e+01 5.500000e+00
         vertex 1.737500e+01 4.340000e+01 5.500000e+00
         vertex 1.695000e+01 4.075000e+01 5.500000e+00
      endloop
   endfacet
   facet normal 0.000000e+00 0.000000e+00 1.000000e+00
      outer loop
         vertex 1.735000e+01 3.950000e+01 5.500000e+00
         vertex 1.695000e+01 4.075000e+01 5.500000e+00
         vertex 1.695000e+01 3.950000e+01 5.500000e+00
      endloop
   endfacet
   facet normal 0.000000e+00 -0.000000e+00 1.000000e+00
      outer loop
         vertex 5.200000e+01 3.777500e+01 5.500000e+00
         vertex 5.200000e+01 4.340000e+01 5.500000e+00
         vertex 2.485000e+01 3.777500e+01 5.500000e+00
      endloop
   endfacet
   facet normal 0.000000e+00 0.000000e+00 1.000000e+00
      outer loop
         vertex 2.485000e+01 3.777500e+01 5.500000e+00
         vertex 5.200000e+01 4.340000e+01 5.500000e+00
         vertex 2.485000e+01 4.340000e+01 5.500000e+00
      endloop
   endfacet
   facet normal 0.000000e+00 -0.000000e+00 1.000000e+00
      outer loop
         vertex 2.485000e+01 3.777500e+01 5.500000e+00
         vertex 2.485000e+01 4.340000e+01 5.500000e+00
         vertex 2.142500e+01 3.777500e+01 5.500000e+00
      endloop
   endfacet
   facet normal 0.000000e+00 0.000000e+00 1.000000e+00
      outer loop
         vertex 2.142500e+01 3.777500e+01 5.500000e+00
         vertex 2.485000e+01 4.340000e+01 5.500000e+00
         vertex 2.142500e+01 4.340000e+01 5.500000e+00
      endloop
   endfacet
   facet normal 0.000000e+00 -0.000000e+00 1.000000e+00
      outer loop
         vertex 2.142500e+01 3.777500e+01 5.500000e+00
         vertex 2.142500e+01 4.340000e+01 5.500000e+00
         vertex 2.075000e+01 3.970000e+01 5.500000e+00
      endloop
   endfacet
   facet normal 0.000000e+00 -0.000000e+00 1.000000e+00
      outer loop
         vertex 2.075000e+01 3.970000e+01 5.500000e+00
         vertex 2.142500e+01 4.340000e+01 5.500000e+00
         vertex 2.073101e+01 3.991706e+01 5.500000e+00
      endloop
   endfacet
   facet normal 0.000000e+00 0.000000e+00 1.000000e+00
      outer loop
         vertex 5.667462e+01 3.927248e+01 5.500000e+00
         vertex 5.658253e+01 3.907500e+01 5.500000e+00
         vertex 5.725000e+01 3.777500e+01 5.500000e+00
      endloop
   endfacet
   facet normal 0.000000e+00 -0.000000e+00 1.000000e+00
      outer loop
         vertex 5.432538e+01 4.012753e+01 5.500000e+00
         vertex 5.441747e+01 4.032500e+01 5.500000e+00
         vertex 5.200000e+01 4.340000e+01 5.500000e+00
      endloop
   endfacet
   facet normal 0.000000e+00 -0.000000e+00 1.000000e+00
      outer loop
         vertex 5.667462e+01 4.012753e+01 5.500000e+00
         vertex 5.725000e+01 4.340000e+01 5.500000e+00
         vertex 5.658253e+01 4.032500e+01 5.500000e+00
      endloop
   endfacet
   facet normal 0.000000e+00 -0.000000e+00 1.000000e+00
      outer loop
         vertex 5.658253e+01 4.032500e+01 5.500000e+00
         vertex 5.725000e+01 4.340000e+01 5.500000e+00
         vertex 5.645755e+01 4.050349e+01 5.500000e+00
      endloop
   endfacet
   facet normal -0.000000e+00 0.000000e+00 1.000000e+00
      outer loop
         vertex 5.667462e+01 4.012753e+01 5.500000e+00
         vertex 5.673101e+01 3.991706e+01 5.500000e+00
         vertex 5.725000e+01 4.340000e+01 5.500000e+00
      endloop
   endfacet
   facet normal 0.000000e+00 0.000000e+00 1.000000e+00
      outer loop
         vertex 5.725000e+01 4.340000e+01 5.500000e+00
         vertex 5.673101e+01 3.991706e+01 5.500000e+00
         vertex 5.675000e+01 3.970000e+01 5.500000e+00
      endloop
   endfacet
   facet normal 0.000000e+00 0.000000e+00 1.000000e+00
      outer loop
         vertex 5.725000e+01 4.340000e+01 5.500000e+00
         vertex 5.675000e+01 3.970000e+01 5.500000e+00
         vertex 5.725000e+01 3.777500e+01 5.500000e+00
      endloop
   endfacet
   facet normal 0.000000e+00 0.000000e+00 1.000000e+00
      outer loop
         vertex 5.725000e+01 3.777500e+01 5.500000e+00
         vertex 5.675000e+01 3.970000e+01 5.500000e+00
         vertex 5.673101e+01 3.948294e+01 5.500000e+00
      endloop
   endfacet
   facet normal 0.000000e+00 0.000000e+00 1.000000e+00
      outer loop
         vertex 5.725000e+01 3.777500e+01 5.500000e+00
         vertex 5.673101e+01 3.948294e+01 5.500000e+00
         vertex 5.667462e+01 3.927248e+01 5.500000e+00
      endloop
   endfacet
   facet normal 0.000000e+00 0.000000e+00 1.000000e+00
      outer loop
         vertex 5.658253e+01 3.907500e+01 5.500000e+00
         vertex 5.645755e+01 3.889652e+01 5.500000e+00
         vertex 5.725000e+01 3.777500e+01 5.500000e+00
      endloop
   endfacet
   facet normal 0.000000e+00 0.000000e+00 1.000000e+00
      outer loop
         vertex 5.725000e+01 3.777500e+01 5.500000e+00
         vertex 5.645755e+01 3.889652e+01 5.500000e+00
         vertex 5.630348e+01 3.874245e+01 5.500000e+00
      endloop
   endfacet
   facet normal 0.000000e+00 0.000000e+00 1.000000e+00
      outer loop
         vertex 5.725000e+01 3.777500e+01 5.500000e+00
         vertex 5.630348e+01 3.874245e+01 5.500000e+00
         vertex 5.612500e+01 3.861747e+01 5.500000e+00
      endloop
   endfacet
   facet normal 0.000000e+00 0.000000e+00 1.000000e+00
      outer loop
         vertex 5.612500e+01 3.861747e+01 5.500000e+00
         vertex 5.592752e+01 3.852538e+01 5.500000e+00
         vertex 5.725000e+01 3.777500e+01 5.500000e+00
      endloop
   endfacet
   facet normal 0.000000e+00 0.000000e+00 1.000000e+00
      outer loop
         vertex 5.725000e+01 3.777500e+01 5.500000e+00
         vertex 5.592752e+01 3.852538e+01 5.500000e+00
         vertex 5.571706e+01 3.846899e+01 5.500000e+00
      endloop
   endfacet
   facet normal 0.000000e+00 0.000000e+00 1.000000e+00
      outer loop
         vertex 5.725000e+01 3.777500e+01 5.500000e+00
         vertex 5.571706e+01 3.846899e+01 5.500000e+00
         vertex 5.550000e+01 3.845000e+01 5.500000e+00
      endloop
   endfacet
   facet normal 0.000000e+00 0.000000e+00 1.000000e+00
      outer loop
         vertex 5.528294e+01 3.846899e+01 5.500000e+00
         vertex 5.507248e+01 3.852538e+01 5.500000e+00
         vertex 5.200000e+01 3.777500e+01 5.500000e+00
      endloop
   endfacet
   facet normal 0.000000e+00 0.000000e+00 1.000000e+00
      outer loop
         vertex 5.426899e+01 3.948294e+01 5.500000e+00
         vertex 5.425000e+01 3.970000e+01 5.500000e+00
         vertex 5.200000e+01 3.777500e+01 5.500000e+00
      endloop
   endfacet
   facet normal -0.000000e+00 0.000000e+00 1.000000e+00
      outer loop
         vertex 5.571706e+01 4.093101e+01 5.500000e+00
         vertex 5.592752e+01 4.087462e+01 5.500000e+00
         vertex 5.725000e+01 4.340000e+01 5.500000e+00
      endloop
   endfacet
   facet normal 0.000000e+00 0.000000e+00 1.000000e+00
      outer loop
         vertex 5.200000e+01 3.590000e+01 5.500000e+00
         vertex 5.725000e+01 3.597500e+01 5.500000e+00
         vertex 5.200000e+01 3.597500e+01 5.500000e+00
      endloop
   endfacet
   facet normal 0.000000e+00 0.000000e+00 1.000000e+00
      outer loop
         vertex 5.200000e+01 3.597500e+01 5.500000e+00
         vertex 5.725000e+01 3.597500e+01 5.500000e+00
         vertex 5.725000e+01 3.777500e+01 5.500000e+00
      endloop
   endfacet
   facet normal 0.000000e+00 0.000000e+00 1.000000e+00
      outer loop
         vertex 5.200000e+01 3.597500e+01 5.500000e+00
         vertex 5.725000e+01 3.777500e+01 5.500000e+00
         vertex 5.200000e+01 3.777500e+01 5.500000e+00
      endloop
   endfacet
   facet normal 0.000000e+00 0.000000e+00 1.000000e+00
      outer loop
         vertex 5.200000e+01 3.777500e+01 5.500000e+00
         vertex 5.725000e+01 3.777500e+01 5.500000e+00
         vertex 5.550000e+01 3.845000e+01 5.500000e+00
      endloop
   endfacet
   facet normal 0.000000e+00 0.000000e+00 1.000000e+00
      outer loop
         vertex 5.200000e+01 3.777500e+01 5.500000e+00
         vertex 5.550000e+01 3.845000e+01 5.500000e+00
         vertex 5.528294e+01 3.846899e+01 5.500000e+00
      endloop
   endfacet
   facet normal 0.000000e+00 0.000000e+00 1.000000e+00
      outer loop
         vertex 5.507248e+01 3.852538e+01 5.500000e+00
         vertex 5.487500e+01 3.861747e+01 5.500000e+00
         vertex 5.200000e+01 3.777500e+01 5.500000e+00
      endloop
   endfacet
   facet normal 0.000000e+00 0.000000e+00 1.000000e+00
      outer loop
         vertex 5.200000e+01 3.777500e+01 5.500000e+00
         vertex 5.487500e+01 3.861747e+01 5.500000e+00
         vertex 5.469652e+01 3.874245e+01 5.500000e+00
      endloop
   endfacet
   facet normal 0.000000e+00 0.000000e+00 1.000000e+00
      outer loop
         vertex 5.200000e+01 3.777500e+01 5.500000e+00
         vertex 5.469652e+01 3.874245e+01 5.500000e+00
         vertex 5.454244e+01 3.889652e+01 5.500000e+00
      endloop
   endfacet
   facet normal 0.000000e+00 0.000000e+00 1.000000e+00
      outer loop
         vertex 5.200000e+01 3.777500e+01 5.500000e+00
         vertex 5.425000e+01 3.970000e+01 5.500000e+00
         vertex 5.200000e+01 4.340000e+01 5.500000e+00
      endloop
   endfacet
   facet normal 0.000000e+00 0.000000e+00 1.000000e+00
      outer loop
         vertex 5.200000e+01 4.340000e+01 5.500000e+00
         vertex 5.425000e+01 3.970000e+01 5.500000e+00
         vertex 5.426899e+01 3.991706e+01 5.500000e+00
      endloop
   endfacet
   facet normal 0.000000e+00 0.000000e+00 1.000000e+00
      outer loop
         vertex 5.200000e+01 4.340000e+01 5.500000e+00
         vertex 5.426899e+01 3.991706e+01 5.500000e+00
         vertex 5.432538e+01 4.012753e+01 5.500000e+00
      endloop
   endfacet
   facet normal 0.000000e+00 -0.000000e+00 1.000000e+00
      outer loop
         vertex 5.441747e+01 4.032500e+01 5.500000e+00
         vertex 5.454244e+01 4.050349e+01 5.500000e+00
         vertex 5.200000e+01 4.340000e+01 5.500000e+00
      endloop
   endfacet
   facet normal 0.000000e+00 0.000000e+00 1.000000e+00
      outer loop
         vertex 5.200000e+01 4.340000e+01 5.500000e+00
         vertex 5.454244e+01 4.050349e+01 5.500000e+00
         vertex 5.469652e+01 4.065756e+01 5.500000e+00
      endloop
   endfacet
   facet normal 0.000000e+00 0.000000e+00 1.000000e+00
      outer loop
         vertex 5.200000e+01 4.340000e+01 5.500000e+00
         vertex 5.469652e+01 4.065756e+01 5.500000e+00
         vertex 5.487500e+01 4.078253e+01 5.500000e+00
      endloop
   endfacet
   facet normal -0.000000e+00 0.000000e+00 1.000000e+00
      outer loop
         vertex 5.592752e+01 4.087462e+01 5.500000e+00
         vertex 5.612500e+01 4.078253e+01 5.500000e+00
         vertex 5.725000e+01 4.340000e+01 5.500000e+00
      endloop
   endfacet
   facet normal 0.000000e+00 0.000000e+00 1.000000e+00
      outer loop
         vertex 5.725000e+01 4.340000e+01 5.500000e+00
         vertex 5.612500e+01 4.078253e+01 5.500000e+00
         vertex 5.630348e+01 4.065756e+01 5.500000e+00
      endloop
   endfacet
   facet normal 0.000000e+00 0.000000e+00 1.000000e+00
      outer loop
         vertex 5.725000e+01 4.340000e+01 5.500000e+00
         vertex 5.630348e+01 4.065756e+01 5.500000e+00
         vertex 5.645755e+01 4.050349e+01 5.500000e+00
      endloop
   endfacet
   facet normal 0.000000e+00 0.000000e+00 1.000000e+00
      outer loop
         vertex 5.454244e+01 3.889652e+01 5.500000e+00
         vertex 5.441747e+01 3.907500e+01 5.500000e+00
         vertex 5.200000e+01 3.777500e+01 5.500000e+00
      endloop
   endfacet
   facet normal 0.000000e+00 0.000000e+00 1.000000e+00
      outer loop
         vertex 5.200000e+01 3.777500e+01 5.500000e+00
         vertex 5.441747e+01 3.907500e+01 5.500000e+00
         vertex 5.432538e+01 3.927248e+01 5.500000e+00
      endloop
   endfacet
   facet normal 0.000000e+00 0.000000e+00 1.000000e+00
      outer loop
         vertex 5.200000e+01 3.777500e+01 5.500000e+00
         vertex 5.432538e+01 3.927248e+01 5.500000e+00
         vertex 5.426899e+01 3.948294e+01 5.500000e+00
      endloop
   endfacet
   facet normal 0.000000e+00 -0.000000e+00 1.000000e+00
      outer loop
         vertex 5.487500e+01 4.078253e+01 5.500000e+00
         vertex 5.507248e+01 4.087462e+01 5.500000e+00
         vertex 5.200000e+01 4.340000e+01 5.500000e+00
      endloop
   endfacet
   facet normal 0.000000e+00 0.000000e+00 1.000000e+00
      outer loop
         vertex 5.200000e+01 4.340000e+01 5.500000e+00
         vertex 5.507248e+01 4.087462e+01 5.500000e+00
         vertex 5.528294e+01 4.093101e+01 5.500000e+00
      endloop
   endfacet
   facet normal -0.000000e+00 0.000000e+00 1.000000e+00
      outer loop
         vertex 5.200000e+01 4.340000e+01 5.500000e+00
         vertex 5.528294e+01 4.093101e+01 5.500000e+00
         vertex 5.725000e+01 4.340000e+01 5.500000e+00
      endloop
   endfacet
   facet normal 0.000000e+00 0.000000e+00 1.000000e+00
      outer loop
         vertex 5.725000e+01 4.340000e+01 5.500000e+00
         vertex 5.528294e+01 4.093101e+01 5.500000e+00
         vertex 5.550000e+01 4.095000e+01 5.500000e+00
      endloop
   endfacet
   facet normal 0.000000e+00 0.000000e+00 1.000000e+00
      outer loop
         vertex 5.725000e+01 4.340000e+01 5.500000e+00
         vertex 5.550000e+01 4.095000e+01 5.500000e+00
         vertex 5.571706e+01 4.093101e+01 5.500000e+00
      endloop
   endfacet
endsolid stm32Ç°¿Ç