solid 电机连接打印件-2
   facet normal -5.735769e-01 0.000000e+00 -8.191517e-01
      outer loop
         vertex 6.658658e+00 4.000025e+00 2.563564e+01
         vertex 6.658658e+00 8.000025e+00 2.563564e+01
         vertex 6.887118e+00 8.000025e+00 2.547567e+01
      endloop
   endfacet
   facet normal -4.226165e-01 -0.000000e+00 -9.063086e-01
      outer loop
         vertex 6.658658e+00 4.000025e+00 2.563564e+01
         vertex 6.658658e+00 2.491288e-05 2.563564e+01
         vertex 6.405890e+00 2.491288e-05 2.575351e+01
      endloop
   endfacet
   facet normal -4.226165e-01 -0.000000e+00 -9.063086e-01
      outer loop
         vertex 6.658658e+00 8.000025e+00 2.563564e+01
         vertex 6.658658e+00 4.000025e+00 2.563564e+01
         vertex 6.405890e+00 8.000025e+00 2.575351e+01
      endloop
   endfacet
   facet normal -4.226165e-01 -0.000000e+00 -9.063086e-01
      outer loop
         vertex 6.405890e+00 8.000025e+00 2.575351e+01
         vertex 6.658658e+00 4.000025e+00 2.563564e+01
         vertex 6.405890e+00 2.491288e-05 2.575351e+01
      endloop
   endfacet
   facet normal -2.588183e-01 -0.000000e+00 -9.659260e-01
      outer loop
         vertex 6.405890e+00 8.000025e+00 2.575351e+01
         vertex 6.405890e+00 2.491288e-05 2.575351e+01
         vertex 6.136495e+00 8.000025e+00 2.582569e+01
      endloop
   endfacet
   facet normal -2.588183e-01 -0.000000e+00 -9.659260e-01
      outer loop
         vertex 6.136495e+00 8.000025e+00 2.582569e+01
         vertex 6.405890e+00 2.491288e-05 2.575351e+01
         vertex 6.136495e+00 2.491288e-05 2.582569e+01
      endloop
   endfacet
   facet normal -8.715556e-02 -0.000000e+00 -9.961947e-01
      outer loop
         vertex 6.136495e+00 8.000025e+00 2.582569e+01
         vertex 6.136495e+00 2.491288e-05 2.582569e+01
         vertex 5.858658e+00 8.000025e+00 2.585000e+01
      endloop
   endfacet
   facet normal -8.715556e-02 -0.000000e+00 -9.961947e-01
      outer loop
         vertex 5.858658e+00 8.000025e+00 2.585000e+01
         vertex 6.136495e+00 2.491288e-05 2.582569e+01
         vertex 5.858658e+00 2.491288e-05 2.585000e+01
      endloop
   endfacet
   facet normal 8.715556e-02 0.000000e+00 -9.961947e-01
      outer loop
         vertex 5.858658e+00 8.000025e+00 2.585000e+01
         vertex 5.858658e+00 2.491288e-05 2.585000e+01
         vertex 5.580821e+00 8.000025e+00 2.582569e+01
      endloop
   endfacet
   facet normal 8.715556e-02 0.000000e+00 -9.961947e-01
      outer loop
         vertex 5.580821e+00 8.000025e+00 2.582569e+01
         vertex 5.858658e+00 2.491288e-05 2.585000e+01
         vertex 5.580821e+00 2.491288e-05 2.582569e+01
      endloop
   endfacet
   facet normal 2.588183e-01 0.000000e+00 -9.659260e-01
      outer loop
         vertex 5.580821e+00 8.000025e+00 2.582569e+01
         vertex 5.580821e+00 2.491288e-05 2.582569e+01
         vertex 5.311426e+00 8.000025e+00 2.575351e+01
      endloop
   endfacet
   facet normal 2.588183e-01 0.000000e+00 -9.659260e-01
      outer loop
         vertex 5.311426e+00 8.000025e+00 2.575351e+01
         vertex 5.580821e+00 2.491288e-05 2.582569e+01
         vertex 5.311426e+00 2.491288e-05 2.575351e+01
      endloop
   endfacet
   facet normal 4.226178e-01 0.000000e+00 -9.063080e-01
      outer loop
         vertex 5.311426e+00 8.000025e+00 2.575351e+01
         vertex 5.311426e+00 2.491288e-05 2.575351e+01
         vertex 5.058658e+00 8.000025e+00 2.563564e+01
      endloop
   endfacet
   facet normal 4.226178e-01 0.000000e+00 -9.063080e-01
      outer loop
         vertex 5.058658e+00 8.000025e+00 2.563564e+01
         vertex 5.311426e+00 2.491288e-05 2.575351e+01
         vertex 5.058658e+00 2.491288e-05 2.563564e+01
      endloop
   endfacet
   facet normal 5.735753e-01 0.000000e+00 -8.191528e-01
      outer loop
         vertex 5.058658e+00 8.000025e+00 2.563564e+01
         vertex 5.058658e+00 2.491288e-05 2.563564e+01
         vertex 4.830197e+00 8.000025e+00 2.547567e+01
      endloop
   endfacet
   facet normal 5.735753e-01 0.000000e+00 -8.191528e-01
      outer loop
         vertex 4.830197e+00 8.000025e+00 2.547567e+01
         vertex 5.058658e+00 2.491288e-05 2.563564e+01
         vertex 4.830197e+00 2.491288e-05 2.547567e+01
      endloop
   endfacet
   facet normal 7.071085e-01 0.000000e+00 -7.071051e-01
      outer loop
         vertex 4.830197e+00 8.000025e+00 2.547567e+01
         vertex 4.830197e+00 2.491288e-05 2.547567e+01
         vertex 4.632987e+00 8.000025e+00 2.527846e+01
      endloop
   endfacet
   facet normal 7.071085e-01 0.000000e+00 -7.071051e-01
      outer loop
         vertex 4.632987e+00 8.000025e+00 2.527846e+01
         vertex 4.830197e+00 2.491288e-05 2.547567e+01
         vertex 4.632987e+00 2.491288e-05 2.527846e+01
      endloop
   endfacet
   facet normal 8.191517e-01 0.000000e+00 -5.735769e-01
      outer loop
         vertex 4.632987e+00 8.000025e+00 2.527846e+01
         vertex 4.632987e+00 2.491288e-05 2.527846e+01
         vertex 4.473018e+00 8.000025e+00 2.505000e+01
      endloop
   endfacet
   facet normal 8.191517e-01 0.000000e+00 -5.735769e-01
      outer loop
         vertex 4.473018e+00 8.000025e+00 2.505000e+01
         vertex 4.632987e+00 2.491288e-05 2.527846e+01
         vertex 4.473018e+00 2.491288e-05 2.505000e+01
      endloop
   endfacet
   facet normal 9.063070e-01 0.000000e+00 -4.226199e-01
      outer loop
         vertex 4.473018e+00 8.000025e+00 2.505000e+01
         vertex 4.473018e+00 2.491288e-05 2.505000e+01
         vertex 4.355149e+00 8.000025e+00 2.479723e+01
      endloop
   endfacet
   facet normal 9.063070e-01 0.000000e+00 -4.226199e-01
      outer loop
         vertex 4.355149e+00 8.000025e+00 2.479723e+01
         vertex 4.473018e+00 2.491288e-05 2.505000e+01
         vertex 4.355149e+00 2.491288e-05 2.479723e+01
      endloop
   endfacet
   facet normal 9.659260e-01 0.000000e+00 -2.588183e-01
      outer loop
         vertex 4.355149e+00 8.000025e+00 2.479723e+01
         vertex 4.355149e+00 2.491288e-05 2.479723e+01
         vertex 4.282965e+00 8.000025e+00 2.452784e+01
      endloop
   endfacet
   facet normal 9.659260e-01 0.000000e+00 -2.588183e-01
      outer loop
         vertex 4.282965e+00 8.000025e+00 2.452784e+01
         vertex 4.355149e+00 2.491288e-05 2.479723e+01
         vertex 4.282965e+00 2.491288e-05 2.452784e+01
      endloop
   endfacet
   facet normal 9.961947e-01 0.000000e+00 -8.715556e-02
      outer loop
         vertex 4.282965e+00 8.000025e+00 2.452784e+01
         vertex 4.282965e+00 2.491288e-05 2.452784e+01
         vertex 4.258658e+00 8.000025e+00 2.425000e+01
      endloop
   endfacet
   facet normal 9.961947e-01 0.000000e+00 -8.715556e-02
      outer loop
         vertex 4.258658e+00 8.000025e+00 2.425000e+01
         vertex 4.282965e+00 2.491288e-05 2.452784e+01
         vertex 4.258658e+00 2.491288e-05 2.425000e+01
      endloop
   endfacet
   facet normal 9.961947e-01 0.000000e+00 8.715541e-02
      outer loop
         vertex 4.258658e+00 8.000025e+00 2.425000e+01
         vertex 4.258658e+00 2.491288e-05 2.425000e+01
         vertex 4.282965e+00 8.000025e+00 2.397216e+01
      endloop
   endfacet
   facet normal 9.961947e-01 0.000000e+00 8.715541e-02
      outer loop
         vertex 4.282965e+00 8.000025e+00 2.397216e+01
         vertex 4.258658e+00 2.491288e-05 2.425000e+01
         vertex 4.282965e+00 2.491288e-05 2.397216e+01
      endloop
   endfacet
   facet normal 9.659260e-01 0.000000e+00 2.588183e-01
      outer loop
         vertex 4.282965e+00 8.000025e+00 2.397216e+01
         vertex 4.282965e+00 2.491288e-05 2.397216e+01
         vertex 4.355149e+00 8.000025e+00 2.370277e+01
      endloop
   endfacet
   facet normal 9.659260e-01 0.000000e+00 2.588183e-01
      outer loop
         vertex 4.355149e+00 8.000025e+00 2.370277e+01
         vertex 4.282965e+00 2.491288e-05 2.397216e+01
         vertex 4.355149e+00 2.491288e-05 2.370277e+01
      endloop
   endfacet
   facet normal 9.063067e-01 0.000000e+00 4.226206e-01
      outer loop
         vertex 4.355149e+00 8.000025e+00 2.370277e+01
         vertex 4.355149e+00 2.491288e-05 2.370277e+01
         vertex 4.473018e+00 8.000025e+00 2.345000e+01
      endloop
   endfacet
   facet normal 9.063067e-01 0.000000e+00 4.226206e-01
      outer loop
         vertex 4.473018e+00 8.000025e+00 2.345000e+01
         vertex 4.355149e+00 2.491288e-05 2.370277e+01
         vertex 4.473018e+00 2.491288e-05 2.345000e+01
      endloop
   endfacet
   facet normal 8.191523e-01 0.000000e+00 5.735761e-01
      outer loop
         vertex 4.473018e+00 8.000025e+00 2.345000e+01
         vertex 4.473018e+00 2.491288e-05 2.345000e+01
         vertex 4.632987e+00 8.000025e+00 2.322154e+01
      endloop
   endfacet
   facet normal 8.191523e-01 0.000000e+00 5.735761e-01
      outer loop
         vertex 4.632987e+00 8.000025e+00 2.322154e+01
         vertex 4.473018e+00 2.491288e-05 2.345000e+01
         vertex 4.632987e+00 2.491288e-05 2.322154e+01
      endloop
   endfacet
   facet normal 7.071076e-01 0.000000e+00 7.071059e-01
      outer loop
         vertex 4.632987e+00 8.000025e+00 2.322154e+01
         vertex 4.632987e+00 2.491288e-05 2.322154e+01
         vertex 4.830197e+00 8.000025e+00 2.302433e+01
      endloop
   endfacet
   facet normal 7.071076e-01 0.000000e+00 7.071059e-01
      outer loop
         vertex 4.830197e+00 8.000025e+00 2.302433e+01
         vertex 4.632987e+00 2.491288e-05 2.322154e+01
         vertex 4.830197e+00 2.491288e-05 2.302433e+01
      endloop
   endfacet
   facet normal 5.735753e-01 0.000000e+00 8.191528e-01
      outer loop
         vertex 4.830197e+00 8.000025e+00 2.302433e+01
         vertex 4.830197e+00 2.491288e-05 2.302433e+01
         vertex 5.058658e+00 4.000025e+00 2.286436e+01
      endloop
   endfacet
   facet normal 5.735753e-01 0.000000e+00 8.191528e-01
      outer loop
         vertex 5.058658e+00 4.000025e+00 2.286436e+01
         vertex 4.830197e+00 2.491288e-05 2.302433e+01
         vertex 5.058658e+00 2.491288e-05 2.286436e+01
      endloop
   endfacet
   facet normal 4.226192e-01 0.000000e+00 9.063074e-01
      outer loop
         vertex 5.058658e+00 4.000025e+00 2.286436e+01
         vertex 5.058658e+00 2.491288e-05 2.286436e+01
         vertex 5.311426e+00 2.491288e-05 2.274649e+01
      endloop
   endfacet
   facet normal -5.735769e-01 0.000000e+00 -8.191517e-01
      outer loop
         vertex 6.658658e+00 2.491288e-05 2.563564e+01
         vertex 6.658658e+00 4.000025e+00 2.563564e+01
         vertex 6.887118e+00 2.491288e-05 2.547567e+01
      endloop
   endfacet
   facet normal -5.735769e-01 0.000000e+00 -8.191517e-01
      outer loop
         vertex 6.887118e+00 2.491288e-05 2.547567e+01
         vertex 6.658658e+00 4.000025e+00 2.563564e+01
         vertex 6.887118e+00 8.000025e+00 2.547567e+01
      endloop
   endfacet
   facet normal -7.071085e-01 0.000000e+00 -7.071051e-01
      outer loop
         vertex 6.887118e+00 2.491288e-05 2.547567e+01
         vertex 6.887118e+00 8.000025e+00 2.547567e+01
         vertex 7.084329e+00 2.491288e-05 2.527846e+01
      endloop
   endfacet
   facet normal -7.071085e-01 0.000000e+00 -7.071051e-01
      outer loop
         vertex 7.084329e+00 2.491288e-05 2.527846e+01
         vertex 6.887118e+00 8.000025e+00 2.547567e+01
         vertex 7.084329e+00 8.000025e+00 2.527846e+01
      endloop
   endfacet
   facet normal -8.191517e-01 0.000000e+00 -5.735769e-01
      outer loop
         vertex 7.084329e+00 2.491288e-05 2.527846e+01
         vertex 7.084329e+00 8.000025e+00 2.527846e+01
         vertex 7.244298e+00 2.491288e-05 2.505000e+01
      endloop
   endfacet
   facet normal -8.191517e-01 0.000000e+00 -5.735769e-01
      outer loop
         vertex 7.244298e+00 2.491288e-05 2.505000e+01
         vertex 7.084329e+00 8.000025e+00 2.527846e+01
         vertex 7.244298e+00 8.000025e+00 2.505000e+01
      endloop
   endfacet
   facet normal -9.063070e-01 0.000000e+00 -4.226199e-01
      outer loop
         vertex 7.244298e+00 2.491288e-05 2.505000e+01
         vertex 7.244298e+00 8.000025e+00 2.505000e+01
         vertex 7.362166e+00 2.491288e-05 2.479723e+01
      endloop
   endfacet
   facet normal -9.063070e-01 0.000000e+00 -4.226199e-01
      outer loop
         vertex 7.362166e+00 2.491288e-05 2.479723e+01
         vertex 7.244298e+00 8.000025e+00 2.505000e+01
         vertex 7.362166e+00 8.000025e+00 2.479723e+01
      endloop
   endfacet
   facet normal -9.659260e-01 0.000000e+00 -2.588183e-01
      outer loop
         vertex 7.362166e+00 2.491288e-05 2.479723e+01
         vertex 7.362166e+00 8.000025e+00 2.479723e+01
         vertex 7.434350e+00 2.491288e-05 2.452784e+01
      endloop
   endfacet
   facet normal -9.659260e-01 0.000000e+00 -2.588183e-01
      outer loop
         vertex 7.434350e+00 2.491288e-05 2.452784e+01
         vertex 7.362166e+00 8.000025e+00 2.479723e+01
         vertex 7.434350e+00 8.000025e+00 2.452784e+01
      endloop
   endfacet
   facet normal -9.961947e-01 0.000000e+00 -8.715556e-02
      outer loop
         vertex 7.434350e+00 2.491288e-05 2.452784e+01
         vertex 7.434350e+00 8.000025e+00 2.452784e+01
         vertex 7.458658e+00 2.491288e-05 2.425000e+01
      endloop
   endfacet
   facet normal -9.961947e-01 0.000000e+00 -8.715556e-02
      outer loop
         vertex 7.458658e+00 2.491288e-05 2.425000e+01
         vertex 7.434350e+00 8.000025e+00 2.452784e+01
         vertex 7.458658e+00 8.000025e+00 2.425000e+01
      endloop
   endfacet
   facet normal -9.961947e-01 0.000000e+00 8.715541e-02
      outer loop
         vertex 7.458658e+00 2.491288e-05 2.425000e+01
         vertex 7.458658e+00 8.000025e+00 2.425000e+01
         vertex 7.434350e+00 2.491288e-05 2.397216e+01
      endloop
   endfacet
   facet normal -9.961947e-01 0.000000e+00 8.715541e-02
      outer loop
         vertex 7.434350e+00 2.491288e-05 2.397216e+01
         vertex 7.458658e+00 8.000025e+00 2.425000e+01
         vertex 7.434350e+00 8.000025e+00 2.397216e+01
      endloop
   endfacet
   facet normal -9.659260e-01 0.000000e+00 2.588183e-01
      outer loop
         vertex 7.434350e+00 2.491288e-05 2.397216e+01
         vertex 7.434350e+00 8.000025e+00 2.397216e+01
         vertex 7.362166e+00 2.491288e-05 2.370277e+01
      endloop
   endfacet
   facet normal -9.659260e-01 0.000000e+00 2.588183e-01
      outer loop
         vertex 7.362166e+00 2.491288e-05 2.370277e+01
         vertex 7.434350e+00 8.000025e+00 2.397216e+01
         vertex 7.362166e+00 8.000025e+00 2.370277e+01
      endloop
   endfacet
   facet normal -9.063067e-01 0.000000e+00 4.226206e-01
      outer loop
         vertex 7.362166e+00 2.491288e-05 2.370277e+01
         vertex 7.362166e+00 8.000025e+00 2.370277e+01
         vertex 7.244298e+00 2.491288e-05 2.345000e+01
      endloop
   endfacet
   facet normal -9.063067e-01 0.000000e+00 4.226206e-01
      outer loop
         vertex 7.244298e+00 2.491288e-05 2.345000e+01
         vertex 7.362166e+00 8.000025e+00 2.370277e+01
         vertex 7.244298e+00 8.000025e+00 2.345000e+01
      endloop
   endfacet
   facet normal -8.191523e-01 0.000000e+00 5.735761e-01
      outer loop
         vertex 7.244298e+00 2.491288e-05 2.345000e+01
         vertex 7.244298e+00 8.000025e+00 2.345000e+01
         vertex 7.084329e+00 2.491288e-05 2.322154e+01
      endloop
   endfacet
   facet normal -8.191523e-01 0.000000e+00 5.735761e-01
      outer loop
         vertex 7.084329e+00 2.491288e-05 2.322154e+01
         vertex 7.244298e+00 8.000025e+00 2.345000e+01
         vertex 7.084329e+00 8.000025e+00 2.322154e+01
      endloop
   endfacet
   facet normal -7.071076e-01 0.000000e+00 7.071059e-01
      outer loop
         vertex 7.084329e+00 2.491288e-05 2.322154e+01
         vertex 7.084329e+00 8.000025e+00 2.322154e+01
         vertex 6.887118e+00 2.491288e-05 2.302433e+01
      endloop
   endfacet
   facet normal -7.071076e-01 0.000000e+00 7.071059e-01
      outer loop
         vertex 6.887118e+00 2.491288e-05 2.302433e+01
         vertex 7.084329e+00 8.000025e+00 2.322154e+01
         vertex 6.887118e+00 8.000025e+00 2.302433e+01
      endloop
   endfacet
   facet normal -5.735769e-01 0.000000e+00 8.191517e-01
      outer loop
         vertex 6.887118e+00 2.491288e-05 2.302433e+01
         vertex 6.887118e+00 8.000025e+00 2.302433e+01
         vertex 6.658658e+00 2.491288e-05 2.286436e+01
      endloop
   endfacet
   facet normal -5.735769e-01 0.000000e+00 8.191517e-01
      outer loop
         vertex 6.658658e+00 2.491288e-05 2.286436e+01
         vertex 6.887118e+00 8.000025e+00 2.302433e+01
         vertex 6.658658e+00 8.000025e+00 2.286436e+01
      endloop
   endfacet
   facet normal -4.226179e-01 0.000000e+00 9.063080e-01
      outer loop
         vertex 6.658658e+00 2.491288e-05 2.286436e+01
         vertex 6.658658e+00 8.000025e+00 2.286436e+01
         vertex 6.405890e+00 2.491288e-05 2.274649e+01
      endloop
   endfacet
   facet normal -4.226179e-01 0.000000e+00 9.063080e-01
      outer loop
         vertex 6.405890e+00 2.491288e-05 2.274649e+01
         vertex 6.658658e+00 8.000025e+00 2.286436e+01
         vertex 6.405890e+00 8.000025e+00 2.274649e+01
      endloop
   endfacet
   facet normal -2.588183e-01 0.000000e+00 9.659260e-01
      outer loop
         vertex 6.405890e+00 2.491288e-05 2.274649e+01
         vertex 6.405890e+00 8.000025e+00 2.274649e+01
         vertex 6.136495e+00 2.491288e-05 2.267431e+01
      endloop
   endfacet
   facet normal -2.588183e-01 0.000000e+00 9.659260e-01
      outer loop
         vertex 6.136495e+00 2.491288e-05 2.267431e+01
         vertex 6.405890e+00 8.000025e+00 2.274649e+01
         vertex 6.136495e+00 8.000025e+00 2.267431e+01
      endloop
   endfacet
   facet normal -8.715556e-02 0.000000e+00 9.961947e-01
      outer loop
         vertex 6.136495e+00 2.491288e-05 2.267431e+01
         vertex 6.136495e+00 8.000025e+00 2.267431e+01
         vertex 5.858658e+00 2.491288e-05 2.265000e+01
      endloop
   endfacet
   facet normal -8.715556e-02 0.000000e+00 9.961947e-01
      outer loop
         vertex 5.858658e+00 2.491288e-05 2.265000e+01
         vertex 6.136495e+00 8.000025e+00 2.267431e+01
         vertex 5.858658e+00 8.000025e+00 2.265000e+01
      endloop
   endfacet
   facet normal 8.715556e-02 -0.000000e+00 9.961947e-01
      outer loop
         vertex 5.858658e+00 2.491288e-05 2.265000e+01
         vertex 5.858658e+00 8.000025e+00 2.265000e+01
         vertex 5.580821e+00 2.491288e-05 2.267431e+01
      endloop
   endfacet
   facet normal 8.715556e-02 -0.000000e+00 9.961947e-01
      outer loop
         vertex 5.580821e+00 2.491288e-05 2.267431e+01
         vertex 5.858658e+00 8.000025e+00 2.265000e+01
         vertex 5.580821e+00 8.000025e+00 2.267431e+01
      endloop
   endfacet
   facet normal 2.588183e-01 -0.000000e+00 9.659260e-01
      outer loop
         vertex 5.580821e+00 2.491288e-05 2.267431e+01
         vertex 5.580821e+00 8.000025e+00 2.267431e+01
         vertex 5.311426e+00 2.491288e-05 2.274649e+01
      endloop
   endfacet
   facet normal 2.588183e-01 -0.000000e+00 9.659260e-01
      outer loop
         vertex 5.311426e+00 2.491288e-05 2.274649e+01
         vertex 5.580821e+00 8.000025e+00 2.267431e+01
         vertex 5.311426e+00 8.000025e+00 2.274649e+01
      endloop
   endfacet
   facet normal 4.226192e-01 -0.000000e+00 9.063074e-01
      outer loop
         vertex 5.311426e+00 2.491288e-05 2.274649e+01
         vertex 5.311426e+00 8.000025e+00 2.274649e+01
         vertex 5.058658e+00 4.000025e+00 2.286436e+01
      endloop
   endfacet
   facet normal 4.226192e-01 -0.000000e+00 9.063074e-01
      outer loop
         vertex 5.058658e+00 4.000025e+00 2.286436e+01
         vertex 5.311426e+00 8.000025e+00 2.274649e+01
         vertex 5.058658e+00 8.000025e+00 2.286436e+01
      endloop
   endfacet
   facet normal 5.735753e-01 -0.000000e+00 8.191528e-01
      outer loop
         vertex 5.058658e+00 4.000025e+00 2.286436e+01
         vertex 5.058658e+00 8.000025e+00 2.286436e+01
         vertex 4.830197e+00 8.000025e+00 2.302433e+01
      endloop
   endfacet
   facet normal 4.226192e-01 0.000000e+00 -9.063074e-01
      outer loop
         vertex 5.058658e+00 4.000025e+00 1.213564e+01
         vertex 5.058658e+00 8.000025e+00 1.213564e+01
         vertex 5.311426e+00 8.000025e+00 1.225351e+01
      endloop
   endfacet
   facet normal 5.735753e-01 0.000000e+00 -8.191528e-01
      outer loop
         vertex 5.058658e+00 4.000025e+00 1.213564e+01
         vertex 5.058658e+00 2.491288e-05 1.213564e+01
         vertex 4.830197e+00 2.491288e-05 1.197567e+01
      endloop
   endfacet
   facet normal 5.735753e-01 0.000000e+00 -8.191528e-01
      outer loop
         vertex 5.058658e+00 8.000025e+00 1.213564e+01
         vertex 5.058658e+00 4.000025e+00 1.213564e+01
         vertex 4.830197e+00 8.000025e+00 1.197567e+01
      endloop
   endfacet
   facet normal 5.735753e-01 0.000000e+00 -8.191528e-01
      outer loop
         vertex 4.830197e+00 8.000025e+00 1.197567e+01
         vertex 5.058658e+00 4.000025e+00 1.213564e+01
         vertex 4.830197e+00 2.491288e-05 1.197567e+01
      endloop
   endfacet
   facet normal 7.071076e-01 0.000000e+00 -7.071059e-01
      outer loop
         vertex 4.830197e+00 8.000025e+00 1.197567e+01
         vertex 4.830197e+00 2.491288e-05 1.197567e+01
         vertex 4.632987e+00 8.000025e+00 1.177846e+01
      endloop
   endfacet
   facet normal 7.071076e-01 0.000000e+00 -7.071059e-01
      outer loop
         vertex 4.632987e+00 8.000025e+00 1.177846e+01
         vertex 4.830197e+00 2.491288e-05 1.197567e+01
         vertex 4.632987e+00 2.491288e-05 1.177846e+01
      endloop
   endfacet
   facet normal 8.191523e-01 0.000000e+00 -5.735761e-01
      outer loop
         vertex 4.632987e+00 8.000025e+00 1.177846e+01
         vertex 4.632987e+00 2.491288e-05 1.177846e+01
         vertex 4.473018e+00 8.000025e+00 1.155000e+01
      endloop
   endfacet
   facet normal 8.191523e-01 0.000000e+00 -5.735761e-01
      outer loop
         vertex 4.473018e+00 8.000025e+00 1.155000e+01
         vertex 4.632987e+00 2.491288e-05 1.177846e+01
         vertex 4.473018e+00 2.491288e-05 1.155000e+01
      endloop
   endfacet
   facet normal 9.063067e-01 0.000000e+00 -4.226206e-01
      outer loop
         vertex 4.473018e+00 8.000025e+00 1.155000e+01
         vertex 4.473018e+00 2.491288e-05 1.155000e+01
         vertex 4.355149e+00 8.000025e+00 1.129723e+01
      endloop
   endfacet
   facet normal 9.063067e-01 0.000000e+00 -4.226206e-01
      outer loop
         vertex 4.355149e+00 8.000025e+00 1.129723e+01
         vertex 4.473018e+00 2.491288e-05 1.155000e+01
         vertex 4.355149e+00 2.491288e-05 1.129723e+01
      endloop
   endfacet
   facet normal 9.659260e-01 0.000000e+00 -2.588183e-01
      outer loop
         vertex 4.355149e+00 8.000025e+00 1.129723e+01
         vertex 4.355149e+00 2.491288e-05 1.129723e+01
         vertex 4.282965e+00 8.000025e+00 1.102784e+01
      endloop
   endfacet
   facet normal 9.659260e-01 0.000000e+00 -2.588183e-01
      outer loop
         vertex 4.282965e+00 8.000025e+00 1.102784e+01
         vertex 4.355149e+00 2.491288e-05 1.129723e+01
         vertex 4.282965e+00 2.491288e-05 1.102784e+01
      endloop
   endfacet
   facet normal 9.961947e-01 0.000000e+00 -8.715541e-02
      outer loop
         vertex 4.282965e+00 8.000025e+00 1.102784e+01
         vertex 4.282965e+00 2.491288e-05 1.102784e+01
         vertex 4.258658e+00 8.000025e+00 1.075000e+01
      endloop
   endfacet
   facet normal 9.961947e-01 0.000000e+00 -8.715541e-02
      outer loop
         vertex 4.258658e+00 8.000025e+00 1.075000e+01
         vertex 4.282965e+00 2.491288e-05 1.102784e+01
         vertex 4.258658e+00 2.491288e-05 1.075000e+01
      endloop
   endfacet
   facet normal 9.961947e-01 0.000000e+00 8.715556e-02
      outer loop
         vertex 4.258658e+00 8.000025e+00 1.075000e+01
         vertex 4.258658e+00 2.491288e-05 1.075000e+01
         vertex 4.282965e+00 8.000025e+00 1.047216e+01
      endloop
   endfacet
   facet normal 9.961947e-01 0.000000e+00 8.715556e-02
      outer loop
         vertex 4.282965e+00 8.000025e+00 1.047216e+01
         vertex 4.258658e+00 2.491288e-05 1.075000e+01
         vertex 4.282965e+00 2.491288e-05 1.047216e+01
      endloop
   endfacet
   facet normal 9.659260e-01 0.000000e+00 2.588183e-01
      outer loop
         vertex 4.282965e+00 8.000025e+00 1.047216e+01
         vertex 4.282965e+00 2.491288e-05 1.047216e+01
         vertex 4.355149e+00 8.000025e+00 1.020277e+01
      endloop
   endfacet
   facet normal 9.659260e-01 0.000000e+00 2.588183e-01
      outer loop
         vertex 4.355149e+00 8.000025e+00 1.020277e+01
         vertex 4.282965e+00 2.491288e-05 1.047216e+01
         vertex 4.355149e+00 2.491288e-05 1.020277e+01
      endloop
   endfacet
   facet normal 9.063070e-01 0.000000e+00 4.226199e-01
      outer loop
         vertex 4.355149e+00 8.000025e+00 1.020277e+01
         vertex 4.355149e+00 2.491288e-05 1.020277e+01
         vertex 4.473018e+00 8.000025e+00 9.950000e+00
      endloop
   endfacet
   facet normal 9.063070e-01 0.000000e+00 4.226199e-01
      outer loop
         vertex 4.473018e+00 8.000025e+00 9.950000e+00
         vertex 4.355149e+00 2.491288e-05 1.020277e+01
         vertex 4.473018e+00 2.491288e-05 9.950000e+00
      endloop
   endfacet
   facet normal 8.191517e-01 0.000000e+00 5.735769e-01
      outer loop
         vertex 4.473018e+00 8.000025e+00 9.950000e+00
         vertex 4.473018e+00 2.491288e-05 9.950000e+00
         vertex 4.632987e+00 8.000025e+00 9.721540e+00
      endloop
   endfacet
   facet normal 8.191517e-01 0.000000e+00 5.735769e-01
      outer loop
         vertex 4.632987e+00 8.000025e+00 9.721540e+00
         vertex 4.473018e+00 2.491288e-05 9.950000e+00
         vertex 4.632987e+00 2.491288e-05 9.721540e+00
      endloop
   endfacet
   facet normal 7.071085e-01 0.000000e+00 7.071051e-01
      outer loop
         vertex 4.632987e+00 8.000025e+00 9.721540e+00
         vertex 4.632987e+00 2.491288e-05 9.721540e+00
         vertex 4.830197e+00 8.000025e+00 9.524329e+00
      endloop
   endfacet
   facet normal 7.071085e-01 0.000000e+00 7.071051e-01
      outer loop
         vertex 4.830197e+00 8.000025e+00 9.524329e+00
         vertex 4.632987e+00 2.491288e-05 9.721540e+00
         vertex 4.830197e+00 2.491288e-05 9.524329e+00
      endloop
   endfacet
   facet normal 5.735753e-01 0.000000e+00 8.191528e-01
      outer loop
         vertex 4.830197e+00 8.000025e+00 9.524329e+00
         vertex 4.830197e+00 2.491288e-05 9.524329e+00
         vertex 5.058658e+00 8.000025e+00 9.364359e+00
      endloop
   endfacet
   facet normal 5.735753e-01 0.000000e+00 8.191528e-01
      outer loop
         vertex 5.058658e+00 8.000025e+00 9.364359e+00
         vertex 4.830197e+00 2.491288e-05 9.524329e+00
         vertex 5.058658e+00 2.491288e-05 9.364359e+00
      endloop
   endfacet
   facet normal 4.226178e-01 0.000000e+00 9.063080e-01
      outer loop
         vertex 5.058658e+00 8.000025e+00 9.364359e+00
         vertex 5.058658e+00 2.491288e-05 9.364359e+00
         vertex 5.311426e+00 8.000025e+00 9.246492e+00
      endloop
   endfacet
   facet normal 4.226178e-01 0.000000e+00 9.063080e-01
      outer loop
         vertex 5.311426e+00 8.000025e+00 9.246492e+00
         vertex 5.058658e+00 2.491288e-05 9.364359e+00
         vertex 5.311426e+00 2.491288e-05 9.246492e+00
      endloop
   endfacet
   facet normal 2.588183e-01 0.000000e+00 9.659260e-01
      outer loop
         vertex 5.311426e+00 8.000025e+00 9.246492e+00
         vertex 5.311426e+00 2.491288e-05 9.246492e+00
         vertex 5.580821e+00 8.000025e+00 9.174308e+00
      endloop
   endfacet
   facet normal 2.588183e-01 0.000000e+00 9.659260e-01
      outer loop
         vertex 5.580821e+00 8.000025e+00 9.174308e+00
         vertex 5.311426e+00 2.491288e-05 9.246492e+00
         vertex 5.580821e+00 2.491288e-05 9.174308e+00
      endloop
   endfacet
   facet normal 8.715556e-02 0.000000e+00 9.961947e-01
      outer loop
         vertex 5.580821e+00 8.000025e+00 9.174308e+00
         vertex 5.580821e+00 2.491288e-05 9.174308e+00
         vertex 5.858658e+00 8.000025e+00 9.150000e+00
      endloop
   endfacet
   facet normal 8.715556e-02 0.000000e+00 9.961947e-01
      outer loop
         vertex 5.858658e+00 8.000025e+00 9.150000e+00
         vertex 5.580821e+00 2.491288e-05 9.174308e+00
         vertex 5.858658e+00 2.491288e-05 9.150000e+00
      endloop
   endfacet
   facet normal -8.715556e-02 0.000000e+00 9.961947e-01
      outer loop
         vertex 5.858658e+00 8.000025e+00 9.150000e+00
         vertex 5.858658e+00 2.491288e-05 9.150000e+00
         vertex 6.136495e+00 8.000025e+00 9.174308e+00
      endloop
   endfacet
   facet normal -8.715556e-02 0.000000e+00 9.961947e-01
      outer loop
         vertex 6.136495e+00 8.000025e+00 9.174308e+00
         vertex 5.858658e+00 2.491288e-05 9.150000e+00
         vertex 6.136495e+00 2.491288e-05 9.174308e+00
      endloop
   endfacet
   facet normal -2.588183e-01 0.000000e+00 9.659260e-01
      outer loop
         vertex 6.136495e+00 8.000025e+00 9.174308e+00
         vertex 6.136495e+00 2.491288e-05 9.174308e+00
         vertex 6.405890e+00 8.000025e+00 9.246492e+00
      endloop
   endfacet
   facet normal -2.588183e-01 0.000000e+00 9.659260e-01
      outer loop
         vertex 6.405890e+00 8.000025e+00 9.246492e+00
         vertex 6.136495e+00 2.491288e-05 9.174308e+00
         vertex 6.405890e+00 2.491288e-05 9.246492e+00
      endloop
   endfacet
   facet normal -4.226165e-01 0.000000e+00 9.063086e-01
      outer loop
         vertex 6.405890e+00 8.000025e+00 9.246492e+00
         vertex 6.405890e+00 2.491288e-05 9.246492e+00
         vertex 6.658658e+00 4.000025e+00 9.364359e+00
      endloop
   endfacet
   facet normal -4.226165e-01 0.000000e+00 9.063086e-01
      outer loop
         vertex 6.658658e+00 4.000025e+00 9.364359e+00
         vertex 6.405890e+00 2.491288e-05 9.246492e+00
         vertex 6.658658e+00 2.491288e-05 9.364359e+00
      endloop
   endfacet
   facet normal -5.735769e-01 0.000000e+00 8.191517e-01
      outer loop
         vertex 6.658658e+00 4.000025e+00 9.364359e+00
         vertex 6.658658e+00 2.491288e-05 9.364359e+00
         vertex 6.887118e+00 2.491288e-05 9.524329e+00
      endloop
   endfacet
   facet normal 4.226192e-01 0.000000e+00 -9.063074e-01
      outer loop
         vertex 5.058658e+00 2.491288e-05 1.213564e+01
         vertex 5.058658e+00 4.000025e+00 1.213564e+01
         vertex 5.311426e+00 2.491288e-05 1.225351e+01
      endloop
   endfacet
   facet normal 4.226192e-01 0.000000e+00 -9.063074e-01
      outer loop
         vertex 5.311426e+00 2.491288e-05 1.225351e+01
         vertex 5.058658e+00 4.000025e+00 1.213564e+01
         vertex 5.311426e+00 8.000025e+00 1.225351e+01
      endloop
   endfacet
   facet normal 2.588183e-01 0.000000e+00 -9.659260e-01
      outer loop
         vertex 5.311426e+00 2.491288e-05 1.225351e+01
         vertex 5.311426e+00 8.000025e+00 1.225351e+01
         vertex 5.580821e+00 2.491288e-05 1.232569e+01
      endloop
   endfacet
   facet normal 2.588183e-01 0.000000e+00 -9.659260e-01
      outer loop
         vertex 5.580821e+00 2.491288e-05 1.232569e+01
         vertex 5.311426e+00 8.000025e+00 1.225351e+01
         vertex 5.580821e+00 8.000025e+00 1.232569e+01
      endloop
   endfacet
   facet normal 8.715556e-02 0.000000e+00 -9.961947e-01
      outer loop
         vertex 5.580821e+00 2.491288e-05 1.232569e+01
         vertex 5.580821e+00 8.000025e+00 1.232569e+01
         vertex 5.858658e+00 2.491288e-05 1.235000e+01
      endloop
   endfacet
   facet normal 8.715556e-02 0.000000e+00 -9.961947e-01
      outer loop
         vertex 5.858658e+00 2.491288e-05 1.235000e+01
         vertex 5.580821e+00 8.000025e+00 1.232569e+01
         vertex 5.858658e+00 8.000025e+00 1.235000e+01
      endloop
   endfacet
   facet normal -8.715556e-02 0.000000e+00 -9.961947e-01
      outer loop
         vertex 5.858658e+00 2.491288e-05 1.235000e+01
         vertex 5.858658e+00 8.000025e+00 1.235000e+01
         vertex 6.136495e+00 2.491288e-05 1.232569e+01
      endloop
   endfacet
   facet normal -8.715556e-02 0.000000e+00 -9.961947e-01
      outer loop
         vertex 6.136495e+00 2.491288e-05 1.232569e+01
         vertex 5.858658e+00 8.000025e+00 1.235000e+01
         vertex 6.136495e+00 8.000025e+00 1.232569e+01
      endloop
   endfacet
   facet normal -2.588183e-01 0.000000e+00 -9.659260e-01
      outer loop
         vertex 6.136495e+00 2.491288e-05 1.232569e+01
         vertex 6.136495e+00 8.000025e+00 1.232569e+01
         vertex 6.405890e+00 2.491288e-05 1.225351e+01
      endloop
   endfacet
   facet normal -2.588183e-01 0.000000e+00 -9.659260e-01
      outer loop
         vertex 6.405890e+00 2.491288e-05 1.225351e+01
         vertex 6.136495e+00 8.000025e+00 1.232569e+01
         vertex 6.405890e+00 8.000025e+00 1.225351e+01
      endloop
   endfacet
   facet normal -4.226179e-01 0.000000e+00 -9.063080e-01
      outer loop
         vertex 6.405890e+00 2.491288e-05 1.225351e+01
         vertex 6.405890e+00 8.000025e+00 1.225351e+01
         vertex 6.658658e+00 2.491288e-05 1.213564e+01
      endloop
   endfacet
   facet normal -4.226179e-01 0.000000e+00 -9.063080e-01
      outer loop
         vertex 6.658658e+00 2.491288e-05 1.213564e+01
         vertex 6.405890e+00 8.000025e+00 1.225351e+01
         vertex 6.658658e+00 8.000025e+00 1.213564e+01
      endloop
   endfacet
   facet normal -5.735769e-01 0.000000e+00 -8.191517e-01
      outer loop
         vertex 6.658658e+00 2.491288e-05 1.213564e+01
         vertex 6.658658e+00 8.000025e+00 1.213564e+01
         vertex 6.887118e+00 2.491288e-05 1.197567e+01
      endloop
   endfacet
   facet normal -5.735769e-01 0.000000e+00 -8.191517e-01
      outer loop
         vertex 6.887118e+00 2.491288e-05 1.197567e+01
         vertex 6.658658e+00 8.000025e+00 1.213564e+01
         vertex 6.887118e+00 8.000025e+00 1.197567e+01
      endloop
   endfacet
   facet normal -7.071076e-01 0.000000e+00 -7.071059e-01
      outer loop
         vertex 6.887118e+00 2.491288e-05 1.197567e+01
         vertex 6.887118e+00 8.000025e+00 1.197567e+01
         vertex 7.084329e+00 2.491288e-05 1.177846e+01
      endloop
   endfacet
   facet normal -7.071076e-01 0.000000e+00 -7.071059e-01
      outer loop
         vertex 7.084329e+00 2.491288e-05 1.177846e+01
         vertex 6.887118e+00 8.000025e+00 1.197567e+01
         vertex 7.084329e+00 8.000025e+00 1.177846e+01
      endloop
   endfacet
   facet normal -8.191523e-01 0.000000e+00 -5.735761e-01
      outer loop
         vertex 7.084329e+00 2.491288e-05 1.177846e+01
         vertex 7.084329e+00 8.000025e+00 1.177846e+01
         vertex 7.244298e+00 2.491288e-05 1.155000e+01
      endloop
   endfacet
   facet normal -8.191523e-01 0.000000e+00 -5.735761e-01
      outer loop
         vertex 7.244298e+00 2.491288e-05 1.155000e+01
         vertex 7.084329e+00 8.000025e+00 1.177846e+01
         vertex 7.244298e+00 8.000025e+00 1.155000e+01
      endloop
   endfacet
   facet normal -9.063067e-01 0.000000e+00 -4.226206e-01
      outer loop
         vertex 7.244298e+00 2.491288e-05 1.155000e+01
         vertex 7.244298e+00 8.000025e+00 1.155000e+01
         vertex 7.362166e+00 2.491288e-05 1.129723e+01
      endloop
   endfacet
   facet normal -9.063067e-01 0.000000e+00 -4.226206e-01
      outer loop
         vertex 7.362166e+00 2.491288e-05 1.129723e+01
         vertex 7.244298e+00 8.000025e+00 1.155000e+01
         vertex 7.362166e+00 8.000025e+00 1.129723e+01
      endloop
   endfacet
   facet normal -9.659260e-01 0.000000e+00 -2.588183e-01
      outer loop
         vertex 7.362166e+00 2.491288e-05 1.129723e+01
         vertex 7.362166e+00 8.000025e+00 1.129723e+01
         vertex 7.434350e+00 2.491288e-05 1.102784e+01
      endloop
   endfacet
   facet normal -9.659260e-01 0.000000e+00 -2.588183e-01
      outer loop
         vertex 7.434350e+00 2.491288e-05 1.102784e+01
         vertex 7.362166e+00 8.000025e+00 1.129723e+01
         vertex 7.434350e+00 8.000025e+00 1.102784e+01
      endloop
   endfacet
   facet normal -9.961947e-01 0.000000e+00 -8.715541e-02
      outer loop
         vertex 7.434350e+00 2.491288e-05 1.102784e+01
         vertex 7.434350e+00 8.000025e+00 1.102784e+01
         vertex 7.458658e+00 2.491288e-05 1.075000e+01
      endloop
   endfacet
   facet normal -9.961947e-01 0.000000e+00 -8.715541e-02
      outer loop
         vertex 7.458658e+00 2.491288e-05 1.075000e+01
         vertex 7.434350e+00 8.000025e+00 1.102784e+01
         vertex 7.458658e+00 8.000025e+00 1.075000e+01
      endloop
   endfacet
   facet normal -9.961947e-01 0.000000e+00 8.715556e-02
      outer loop
         vertex 7.458658e+00 2.491288e-05 1.075000e+01
         vertex 7.458658e+00 8.000025e+00 1.075000e+01
         vertex 7.434350e+00 2.491288e-05 1.047216e+01
      endloop
   endfacet
   facet normal -9.961947e-01 0.000000e+00 8.715556e-02
      outer loop
         vertex 7.434350e+00 2.491288e-05 1.047216e+01
         vertex 7.458658e+00 8.000025e+00 1.075000e+01
         vertex 7.434350e+00 8.000025e+00 1.047216e+01
      endloop
   endfacet
   facet normal -9.659260e-01 0.000000e+00 2.588183e-01
      outer loop
         vertex 7.434350e+00 2.491288e-05 1.047216e+01
         vertex 7.434350e+00 8.000025e+00 1.047216e+01
         vertex 7.362166e+00 2.491288e-05 1.020277e+01
      endloop
   endfacet
   facet normal -9.659260e-01 0.000000e+00 2.588183e-01
      outer loop
         vertex 7.362166e+00 2.491288e-05 1.020277e+01
         vertex 7.434350e+00 8.000025e+00 1.047216e+01
         vertex 7.362166e+00 8.000025e+00 1.020277e+01
      endloop
   endfacet
   facet normal -9.063070e-01 0.000000e+00 4.226199e-01
      outer loop
         vertex 7.362166e+00 2.491288e-05 1.020277e+01
         vertex 7.362166e+00 8.000025e+00 1.020277e+01
         vertex 7.244298e+00 2.491288e-05 9.950000e+00
      endloop
   endfacet
   facet normal -9.063070e-01 0.000000e+00 4.226199e-01
      outer loop
         vertex 7.244298e+00 2.491288e-05 9.950000e+00
         vertex 7.362166e+00 8.000025e+00 1.020277e+01
         vertex 7.244298e+00 8.000025e+00 9.950000e+00
      endloop
   endfacet
   facet normal -8.191517e-01 0.000000e+00 5.735769e-01
      outer loop
         vertex 7.244298e+00 2.491288e-05 9.950000e+00
         vertex 7.244298e+00 8.000025e+00 9.950000e+00
         vertex 7.084329e+00 2.491288e-05 9.721540e+00
      endloop
   endfacet
   facet normal -8.191517e-01 0.000000e+00 5.735769e-01
      outer loop
         vertex 7.084329e+00 2.491288e-05 9.721540e+00
         vertex 7.244298e+00 8.000025e+00 9.950000e+00
         vertex 7.084329e+00 8.000025e+00 9.721540e+00
      endloop
   endfacet
   facet normal -7.071085e-01 0.000000e+00 7.071051e-01
      outer loop
         vertex 7.084329e+00 2.491288e-05 9.721540e+00
         vertex 7.084329e+00 8.000025e+00 9.721540e+00
         vertex 6.887118e+00 2.491288e-05 9.524329e+00
      endloop
   endfacet
   facet normal -7.071085e-01 0.000000e+00 7.071051e-01
      outer loop
         vertex 6.887118e+00 2.491288e-05 9.524329e+00
         vertex 7.084329e+00 8.000025e+00 9.721540e+00
         vertex 6.887118e+00 8.000025e+00 9.524329e+00
      endloop
   endfacet
   facet normal -5.735769e-01 0.000000e+00 8.191517e-01
      outer loop
         vertex 6.887118e+00 2.491288e-05 9.524329e+00
         vertex 6.887118e+00 8.000025e+00 9.524329e+00
         vertex 6.658658e+00 4.000025e+00 9.364359e+00
      endloop
   endfacet
   facet normal -5.735769e-01 0.000000e+00 8.191517e-01
      outer loop
         vertex 6.658658e+00 4.000025e+00 9.364359e+00
         vertex 6.887118e+00 8.000025e+00 9.524329e+00
         vertex 6.658658e+00 8.000025e+00 9.364359e+00
      endloop
   endfacet
   facet normal -4.226165e-01 0.000000e+00 9.063086e-01
      outer loop
         vertex 6.658658e+00 4.000025e+00 9.364359e+00
         vertex 6.658658e+00 8.000025e+00 9.364359e+00
         vertex 6.405890e+00 8.000025e+00 9.246492e+00
      endloop
   endfacet
   facet normal 9.961947e-01 0.000000e+00 -8.715527e-02
      outer loop
         vertex 1.595000e+01 4.000025e+00 4.000000e+00
         vertex 1.595000e+01 8.000025e+00 4.000000e+00
         vertex 1.597431e+01 8.000025e+00 4.277837e+00
      endloop
   endfacet
   facet normal -9.961947e-01 0.000000e+00 8.715556e-02
      outer loop
         vertex 1.915000e+01 4.000025e+00 4.000000e+00
         vertex 1.915000e+01 8.000025e+00 4.000000e+00
         vertex 1.912569e+01 8.000025e+00 3.722163e+00
      endloop
   endfacet
   facet normal 9.961947e-01 0.000000e+00 8.715556e-02
      outer loop
         vertex 1.595000e+01 8.000025e+00 4.000000e+00
         vertex 1.595000e+01 4.000025e+00 4.000000e+00
         vertex 1.597431e+01 8.000025e+00 3.722163e+00
      endloop
   endfacet
   facet normal 9.961947e-01 0.000000e+00 8.715556e-02
      outer loop
         vertex 1.597431e+01 8.000025e+00 3.722163e+00
         vertex 1.595000e+01 4.000025e+00 4.000000e+00
         vertex 1.597431e+01 2.491288e-05 3.722163e+00
      endloop
   endfacet
   facet normal 9.659258e-01 0.000000e+00 2.588190e-01
      outer loop
         vertex 1.597431e+01 8.000025e+00 3.722163e+00
         vertex 1.597431e+01 2.491288e-05 3.722163e+00
         vertex 1.604649e+01 8.000025e+00 3.452768e+00
      endloop
   endfacet
   facet normal 9.659258e-01 0.000000e+00 2.588190e-01
      outer loop
         vertex 1.604649e+01 8.000025e+00 3.452768e+00
         vertex 1.597431e+01 2.491288e-05 3.722163e+00
         vertex 1.604649e+01 2.491288e-05 3.452768e+00
      endloop
   endfacet
   facet normal 9.063077e-01 0.000000e+00 4.226185e-01
      outer loop
         vertex 1.604649e+01 8.000025e+00 3.452768e+00
         vertex 1.604649e+01 2.491288e-05 3.452768e+00
         vertex 1.616436e+01 8.000025e+00 3.200000e+00
      endloop
   endfacet
   facet normal 9.063077e-01 0.000000e+00 4.226185e-01
      outer loop
         vertex 1.616436e+01 8.000025e+00 3.200000e+00
         vertex 1.604649e+01 2.491288e-05 3.452768e+00
         vertex 1.616436e+01 2.491288e-05 3.200000e+00
      endloop
   endfacet
   facet normal 8.191517e-01 0.000000e+00 5.735769e-01
      outer loop
         vertex 1.616436e+01 8.000025e+00 3.200000e+00
         vertex 1.616436e+01 2.491288e-05 3.200000e+00
         vertex 1.632433e+01 8.000025e+00 2.971540e+00
      endloop
   endfacet
   facet normal 8.191517e-01 0.000000e+00 5.735769e-01
      outer loop
         vertex 1.632433e+01 8.000025e+00 2.971540e+00
         vertex 1.616436e+01 2.491288e-05 3.200000e+00
         vertex 1.632433e+01 2.491288e-05 2.971540e+00
      endloop
   endfacet
   facet normal 7.071074e-01 0.000000e+00 7.071062e-01
      outer loop
         vertex 1.632433e+01 8.000025e+00 2.971540e+00
         vertex 1.632433e+01 2.491288e-05 2.971540e+00
         vertex 1.652154e+01 8.000025e+00 2.774329e+00
      endloop
   endfacet
   facet normal 7.071074e-01 0.000000e+00 7.071062e-01
      outer loop
         vertex 1.652154e+01 8.000025e+00 2.774329e+00
         vertex 1.632433e+01 2.491288e-05 2.971540e+00
         vertex 1.652154e+01 2.491288e-05 2.774329e+00
      endloop
   endfacet
   facet normal 5.735764e-01 0.000000e+00 8.191521e-01
      outer loop
         vertex 1.652154e+01 8.000025e+00 2.774329e+00
         vertex 1.652154e+01 2.491288e-05 2.774329e+00
         vertex 1.675000e+01 8.000025e+00 2.614359e+00
      endloop
   endfacet
   facet normal 5.735764e-01 0.000000e+00 8.191521e-01
      outer loop
         vertex 1.675000e+01 8.000025e+00 2.614359e+00
         vertex 1.652154e+01 2.491288e-05 2.774329e+00
         vertex 1.675000e+01 2.491288e-05 2.614359e+00
      endloop
   endfacet
   facet normal 4.226174e-01 0.000000e+00 9.063082e-01
      outer loop
         vertex 1.675000e+01 8.000025e+00 2.614359e+00
         vertex 1.675000e+01 2.491288e-05 2.614359e+00
         vertex 1.700277e+01 8.000025e+00 2.496492e+00
      endloop
   endfacet
   facet normal 4.226174e-01 0.000000e+00 9.063082e-01
      outer loop
         vertex 1.700277e+01 8.000025e+00 2.496492e+00
         vertex 1.675000e+01 2.491288e-05 2.614359e+00
         vertex 1.700277e+01 2.491288e-05 2.496492e+00
      endloop
   endfacet
   facet normal 2.588184e-01 0.000000e+00 9.659260e-01
      outer loop
         vertex 1.700277e+01 8.000025e+00 2.496492e+00
         vertex 1.700277e+01 2.491288e-05 2.496492e+00
         vertex 1.727216e+01 8.000025e+00 2.424308e+00
      endloop
   endfacet
   facet normal 2.588184e-01 0.000000e+00 9.659260e-01
      outer loop
         vertex 1.727216e+01 8.000025e+00 2.424308e+00
         vertex 1.700277e+01 2.491288e-05 2.496492e+00
         vertex 1.727216e+01 2.491288e-05 2.424308e+00
      endloop
   endfacet
   facet normal 8.715878e-02 0.000000e+00 9.961944e-01
      outer loop
         vertex 1.727216e+01 8.000025e+00 2.424308e+00
         vertex 1.727216e+01 2.491288e-05 2.424308e+00
         vertex 1.755000e+01 8.000025e+00 2.400000e+00
      endloop
   endfacet
   facet normal 8.715878e-02 0.000000e+00 9.961944e-01
      outer loop
         vertex 1.755000e+01 8.000025e+00 2.400000e+00
         vertex 1.727216e+01 2.491288e-05 2.424308e+00
         vertex 1.755000e+01 2.491288e-05 2.400000e+00
      endloop
   endfacet
   facet normal -8.715878e-02 0.000000e+00 9.961944e-01
      outer loop
         vertex 1.755000e+01 8.000025e+00 2.400000e+00
         vertex 1.755000e+01 2.491288e-05 2.400000e+00
         vertex 1.782784e+01 8.000025e+00 2.424308e+00
      endloop
   endfacet
   facet normal -8.715878e-02 0.000000e+00 9.961944e-01
      outer loop
         vertex 1.782784e+01 8.000025e+00 2.424308e+00
         vertex 1.755000e+01 2.491288e-05 2.400000e+00
         vertex 1.782784e+01 2.491288e-05 2.424308e+00
      endloop
   endfacet
   facet normal -2.588184e-01 0.000000e+00 9.659260e-01
      outer loop
         vertex 1.782784e+01 8.000025e+00 2.424308e+00
         vertex 1.782784e+01 2.491288e-05 2.424308e+00
         vertex 1.809723e+01 8.000025e+00 2.496492e+00
      endloop
   endfacet
   facet normal -2.588184e-01 0.000000e+00 9.659260e-01
      outer loop
         vertex 1.809723e+01 8.000025e+00 2.496492e+00
         vertex 1.782784e+01 2.491288e-05 2.424308e+00
         vertex 1.809723e+01 2.491288e-05 2.496492e+00
      endloop
   endfacet
   facet normal -4.226174e-01 0.000000e+00 9.063082e-01
      outer loop
         vertex 1.809723e+01 8.000025e+00 2.496492e+00
         vertex 1.809723e+01 2.491288e-05 2.496492e+00
         vertex 1.835000e+01 8.000025e+00 2.614359e+00
      endloop
   endfacet
   facet normal -4.226174e-01 0.000000e+00 9.063082e-01
      outer loop
         vertex 1.835000e+01 8.000025e+00 2.614359e+00
         vertex 1.809723e+01 2.491288e-05 2.496492e+00
         vertex 1.835000e+01 2.491288e-05 2.614359e+00
      endloop
   endfacet
   facet normal -5.735764e-01 0.000000e+00 8.191521e-01
      outer loop
         vertex 1.835000e+01 8.000025e+00 2.614359e+00
         vertex 1.835000e+01 2.491288e-05 2.614359e+00
         vertex 1.857846e+01 8.000025e+00 2.774329e+00
      endloop
   endfacet
   facet normal -5.735764e-01 0.000000e+00 8.191521e-01
      outer loop
         vertex 1.857846e+01 8.000025e+00 2.774329e+00
         vertex 1.835000e+01 2.491288e-05 2.614359e+00
         vertex 1.857846e+01 2.491288e-05 2.774329e+00
      endloop
   endfacet
   facet normal -7.071074e-01 0.000000e+00 7.071062e-01
      outer loop
         vertex 1.857846e+01 8.000025e+00 2.774329e+00
         vertex 1.857846e+01 2.491288e-05 2.774329e+00
         vertex 1.877567e+01 8.000025e+00 2.971540e+00
      endloop
   endfacet
   facet normal -7.071074e-01 0.000000e+00 7.071062e-01
      outer loop
         vertex 1.877567e+01 8.000025e+00 2.971540e+00
         vertex 1.857846e+01 2.491288e-05 2.774329e+00
         vertex 1.877567e+01 2.491288e-05 2.971540e+00
      endloop
   endfacet
   facet normal -8.191517e-01 0.000000e+00 5.735769e-01
      outer loop
         vertex 1.877567e+01 8.000025e+00 2.971540e+00
         vertex 1.877567e+01 2.491288e-05 2.971540e+00
         vertex 1.893564e+01 8.000025e+00 3.200000e+00
      endloop
   endfacet
   facet normal -8.191517e-01 0.000000e+00 5.735769e-01
      outer loop
         vertex 1.893564e+01 8.000025e+00 3.200000e+00
         vertex 1.877567e+01 2.491288e-05 2.971540e+00
         vertex 1.893564e+01 2.491288e-05 3.200000e+00
      endloop
   endfacet
   facet normal -9.063077e-01 0.000000e+00 4.226185e-01
      outer loop
         vertex 1.893564e+01 8.000025e+00 3.200000e+00
         vertex 1.893564e+01 2.491288e-05 3.200000e+00
         vertex 1.905351e+01 8.000025e+00 3.452768e+00
      endloop
   endfacet
   facet normal -9.063077e-01 0.000000e+00 4.226185e-01
      outer loop
         vertex 1.905351e+01 8.000025e+00 3.452768e+00
         vertex 1.893564e+01 2.491288e-05 3.200000e+00
         vertex 1.905351e+01 2.491288e-05 3.452768e+00
      endloop
   endfacet
   facet normal -9.659258e-01 0.000000e+00 2.588190e-01
      outer loop
         vertex 1.905351e+01 8.000025e+00 3.452768e+00
         vertex 1.905351e+01 2.491288e-05 3.452768e+00
         vertex 1.912569e+01 8.000025e+00 3.722163e+00
      endloop
   endfacet
   facet normal -9.659258e-01 0.000000e+00 2.588190e-01
      outer loop
         vertex 1.912569e+01 8.000025e+00 3.722163e+00
         vertex 1.905351e+01 2.491288e-05 3.452768e+00
         vertex 1.912569e+01 2.491288e-05 3.722163e+00
      endloop
   endfacet
   facet normal -9.961947e-01 0.000000e+00 8.715556e-02
      outer loop
         vertex 1.912569e+01 8.000025e+00 3.722163e+00
         vertex 1.912569e+01 2.491288e-05 3.722163e+00
         vertex 1.915000e+01 4.000025e+00 4.000000e+00
      endloop
   endfacet
   facet normal -9.961947e-01 0.000000e+00 8.715556e-02
      outer loop
         vertex 1.915000e+01 4.000025e+00 4.000000e+00
         vertex 1.912569e+01 2.491288e-05 3.722163e+00
         vertex 1.915000e+01 2.491288e-05 4.000000e+00
      endloop
   endfacet
   facet normal -9.961947e-01 -0.000000e+00 -8.715527e-02
      outer loop
         vertex 1.915000e+01 4.000025e+00 4.000000e+00
         vertex 1.915000e+01 2.491288e-05 4.000000e+00
         vertex 1.912569e+01 2.491288e-05 4.277837e+00
      endloop
   endfacet
   facet normal -9.961947e-01 -0.000000e+00 -8.715527e-02
      outer loop
         vertex 1.915000e+01 8.000025e+00 4.000000e+00
         vertex 1.915000e+01 4.000025e+00 4.000000e+00
         vertex 1.912569e+01 8.000025e+00 4.277837e+00
      endloop
   endfacet
   facet normal -9.961947e-01 -0.000000e+00 -8.715527e-02
      outer loop
         vertex 1.912569e+01 8.000025e+00 4.277837e+00
         vertex 1.915000e+01 4.000025e+00 4.000000e+00
         vertex 1.912569e+01 2.491288e-05 4.277837e+00
      endloop
   endfacet
   facet normal -9.659258e-01 -0.000000e+00 -2.588190e-01
      outer loop
         vertex 1.912569e+01 8.000025e+00 4.277837e+00
         vertex 1.912569e+01 2.491288e-05 4.277837e+00
         vertex 1.905351e+01 8.000025e+00 4.547233e+00
      endloop
   endfacet
   facet normal -9.659258e-01 -0.000000e+00 -2.588190e-01
      outer loop
         vertex 1.905351e+01 8.000025e+00 4.547233e+00
         vertex 1.912569e+01 2.491288e-05 4.277837e+00
         vertex 1.905351e+01 2.491288e-05 4.547233e+00
      endloop
   endfacet
   facet normal -9.063077e-01 -0.000000e+00 -4.226185e-01
      outer loop
         vertex 1.905351e+01 8.000025e+00 4.547233e+00
         vertex 1.905351e+01 2.491288e-05 4.547233e+00
         vertex 1.893564e+01 8.000025e+00 4.800000e+00
      endloop
   endfacet
   facet normal -9.063077e-01 -0.000000e+00 -4.226185e-01
      outer loop
         vertex 1.893564e+01 8.000025e+00 4.800000e+00
         vertex 1.905351e+01 2.491288e-05 4.547233e+00
         vertex 1.893564e+01 2.491288e-05 4.800000e+00
      endloop
   endfacet
   facet normal -8.191517e-01 -0.000000e+00 -5.735769e-01
      outer loop
         vertex 1.893564e+01 8.000025e+00 4.800000e+00
         vertex 1.893564e+01 2.491288e-05 4.800000e+00
         vertex 1.877567e+01 8.000025e+00 5.028460e+00
      endloop
   endfacet
   facet normal -8.191517e-01 -0.000000e+00 -5.735769e-01
      outer loop
         vertex 1.877567e+01 8.000025e+00 5.028460e+00
         vertex 1.893564e+01 2.491288e-05 4.800000e+00
         vertex 1.877567e+01 2.491288e-05 5.028460e+00
      endloop
   endfacet
   facet normal -7.071074e-01 -0.000000e+00 -7.071062e-01
      outer loop
         vertex 1.877567e+01 8.000025e+00 5.028460e+00
         vertex 1.877567e+01 2.491288e-05 5.028460e+00
         vertex 1.857846e+01 8.000025e+00 5.225671e+00
      endloop
   endfacet
   facet normal -7.071074e-01 -0.000000e+00 -7.071062e-01
      outer loop
         vertex 1.857846e+01 8.000025e+00 5.225671e+00
         vertex 1.877567e+01 2.491288e-05 5.028460e+00
         vertex 1.857846e+01 2.491288e-05 5.225671e+00
      endloop
   endfacet
   facet normal -5.735764e-01 -0.000000e+00 -8.191521e-01
      outer loop
         vertex 1.857846e+01 8.000025e+00 5.225671e+00
         vertex 1.857846e+01 2.491288e-05 5.225671e+00
         vertex 1.835000e+01 8.000025e+00 5.385641e+00
      endloop
   endfacet
   facet normal -5.735764e-01 -0.000000e+00 -8.191521e-01
      outer loop
         vertex 1.835000e+01 8.000025e+00 5.385641e+00
         vertex 1.857846e+01 2.491288e-05 5.225671e+00
         vertex 1.835000e+01 2.491288e-05 5.385641e+00
      endloop
   endfacet
   facet normal -4.226174e-01 -0.000000e+00 -9.063082e-01
      outer loop
         vertex 1.835000e+01 8.000025e+00 5.385641e+00
         vertex 1.835000e+01 2.491288e-05 5.385641e+00
         vertex 1.809723e+01 8.000025e+00 5.503508e+00
      endloop
   endfacet
   facet normal -4.226174e-01 -0.000000e+00 -9.063082e-01
      outer loop
         vertex 1.809723e+01 8.000025e+00 5.503508e+00
         vertex 1.835000e+01 2.491288e-05 5.385641e+00
         vertex 1.809723e+01 2.491288e-05 5.503508e+00
      endloop
   endfacet
   facet normal -2.588184e-01 -0.000000e+00 -9.659260e-01
      outer loop
         vertex 1.809723e+01 8.000025e+00 5.503508e+00
         vertex 1.809723e+01 2.491288e-05 5.503508e+00
         vertex 1.782784e+01 8.000025e+00 5.575692e+00
      endloop
   endfacet
   facet normal -2.588184e-01 -0.000000e+00 -9.659260e-01
      outer loop
         vertex 1.782784e+01 8.000025e+00 5.575692e+00
         vertex 1.809723e+01 2.491288e-05 5.503508e+00
         vertex 1.782784e+01 2.491288e-05 5.575692e+00
      endloop
   endfacet
   facet normal -8.715547e-02 -0.000000e+00 -9.961947e-01
      outer loop
         vertex 1.782784e+01 8.000025e+00 5.575692e+00
         vertex 1.782784e+01 2.491288e-05 5.575692e+00
         vertex 1.755000e+01 8.000025e+00 5.600000e+00
      endloop
   endfacet
   facet normal -8.715547e-02 -4.269387e-18 -9.961947e-01
      outer loop
         vertex 1.755000e+01 8.000025e+00 5.600000e+00
         vertex 1.782784e+01 2.491288e-05 5.575692e+00
         vertex 1.755000e+01 2.491288e-05 5.600000e+00
      endloop
   endfacet
   facet normal 8.715547e-02 4.269387e-18 -9.961947e-01
      outer loop
         vertex 1.755000e+01 8.000025e+00 5.600000e+00
         vertex 1.755000e+01 2.491288e-05 5.600000e+00
         vertex 1.727216e+01 8.000025e+00 5.575692e+00
      endloop
   endfacet
   facet normal 8.715547e-02 0.000000e+00 -9.961947e-01
      outer loop
         vertex 1.727216e+01 8.000025e+00 5.575692e+00
         vertex 1.755000e+01 2.491288e-05 5.600000e+00
         vertex 1.727216e+01 2.491288e-05 5.575692e+00
      endloop
   endfacet
   facet normal 2.588184e-01 0.000000e+00 -9.659260e-01
      outer loop
         vertex 1.727216e+01 8.000025e+00 5.575692e+00
         vertex 1.727216e+01 2.491288e-05 5.575692e+00
         vertex 1.700277e+01 8.000025e+00 5.503508e+00
      endloop
   endfacet
   facet normal 2.588184e-01 0.000000e+00 -9.659260e-01
      outer loop
         vertex 1.700277e+01 8.000025e+00 5.503508e+00
         vertex 1.727216e+01 2.491288e-05 5.575692e+00
         vertex 1.700277e+01 2.491288e-05 5.503508e+00
      endloop
   endfacet
   facet normal 4.226174e-01 0.000000e+00 -9.063082e-01
      outer loop
         vertex 1.700277e+01 8.000025e+00 5.503508e+00
         vertex 1.700277e+01 2.491288e-05 5.503508e+00
         vertex 1.675000e+01 8.000025e+00 5.385641e+00
      endloop
   endfacet
   facet normal 4.226174e-01 0.000000e+00 -9.063082e-01
      outer loop
         vertex 1.675000e+01 8.000025e+00 5.385641e+00
         vertex 1.700277e+01 2.491288e-05 5.503508e+00
         vertex 1.675000e+01 2.491288e-05 5.385641e+00
      endloop
   endfacet
   facet normal 5.735764e-01 0.000000e+00 -8.191521e-01
      outer loop
         vertex 1.675000e+01 8.000025e+00 5.385641e+00
         vertex 1.675000e+01 2.491288e-05 5.385641e+00
         vertex 1.652154e+01 8.000025e+00 5.225671e+00
      endloop
   endfacet
   facet normal 5.735764e-01 0.000000e+00 -8.191521e-01
      outer loop
         vertex 1.652154e+01 8.000025e+00 5.225671e+00
         vertex 1.675000e+01 2.491288e-05 5.385641e+00
         vertex 1.652154e+01 2.491288e-05 5.225671e+00
      endloop
   endfacet
   facet normal 7.071074e-01 0.000000e+00 -7.071062e-01
      outer loop
         vertex 1.652154e+01 8.000025e+00 5.225671e+00
         vertex 1.652154e+01 2.491288e-05 5.225671e+00
         vertex 1.632433e+01 8.000025e+00 5.028460e+00
      endloop
   endfacet
   facet normal 7.071074e-01 0.000000e+00 -7.071062e-01
      outer loop
         vertex 1.632433e+01 8.000025e+00 5.028460e+00
         vertex 1.652154e+01 2.491288e-05 5.225671e+00
         vertex 1.632433e+01 2.491288e-05 5.028460e+00
      endloop
   endfacet
   facet normal 8.191517e-01 0.000000e+00 -5.735769e-01
      outer loop
         vertex 1.632433e+01 8.000025e+00 5.028460e+00
         vertex 1.632433e+01 2.491288e-05 5.028460e+00
         vertex 1.616436e+01 8.000025e+00 4.800000e+00
      endloop
   endfacet
   facet normal 8.191517e-01 0.000000e+00 -5.735769e-01
      outer loop
         vertex 1.616436e+01 8.000025e+00 4.800000e+00
         vertex 1.632433e+01 2.491288e-05 5.028460e+00
         vertex 1.616436e+01 2.491288e-05 4.800000e+00
      endloop
   endfacet
   facet normal 9.063077e-01 0.000000e+00 -4.226185e-01
      outer loop
         vertex 1.616436e+01 8.000025e+00 4.800000e+00
         vertex 1.616436e+01 2.491288e-05 4.800000e+00
         vertex 1.604649e+01 8.000025e+00 4.547233e+00
      endloop
   endfacet
   facet normal 9.063077e-01 0.000000e+00 -4.226185e-01
      outer loop
         vertex 1.604649e+01 8.000025e+00 4.547233e+00
         vertex 1.616436e+01 2.491288e-05 4.800000e+00
         vertex 1.604649e+01 2.491288e-05 4.547233e+00
      endloop
   endfacet
   facet normal 9.659258e-01 0.000000e+00 -2.588190e-01
      outer loop
         vertex 1.604649e+01 8.000025e+00 4.547233e+00
         vertex 1.604649e+01 2.491288e-05 4.547233e+00
         vertex 1.597431e+01 8.000025e+00 4.277837e+00
      endloop
   endfacet
   facet normal 9.659258e-01 0.000000e+00 -2.588190e-01
      outer loop
         vertex 1.597431e+01 8.000025e+00 4.277837e+00
         vertex 1.604649e+01 2.491288e-05 4.547233e+00
         vertex 1.597431e+01 2.491288e-05 4.277837e+00
      endloop
   endfacet
   facet normal 9.961947e-01 0.000000e+00 -8.715527e-02
      outer loop
         vertex 1.597431e+01 8.000025e+00 4.277837e+00
         vertex 1.597431e+01 2.491288e-05 4.277837e+00
         vertex 1.595000e+01 4.000025e+00 4.000000e+00
      endloop
   endfacet
   facet normal 9.961947e-01 0.000000e+00 -8.715527e-02
      outer loop
         vertex 1.595000e+01 4.000025e+00 4.000000e+00
         vertex 1.597431e+01 2.491288e-05 4.277837e+00
         vertex 1.595000e+01 2.491288e-05 4.000000e+00
      endloop
   endfacet
   facet normal 9.961947e-01 0.000000e+00 8.715556e-02
      outer loop
         vertex 1.595000e+01 4.000025e+00 4.000000e+00
         vertex 1.595000e+01 2.491288e-05 4.000000e+00
         vertex 1.597431e+01 2.491288e-05 3.722163e+00
      endloop
   endfacet
   facet normal 5.735769e-01 -0.000000e+00 8.191517e-01
      outer loop
         vertex 2.844134e+01 4.000025e+00 9.364359e+00
         vertex 2.844134e+01 8.000025e+00 9.364359e+00
         vertex 2.821288e+01 8.000025e+00 9.524329e+00
      endloop
   endfacet
   facet normal 4.226165e-01 0.000000e+00 9.063086e-01
      outer loop
         vertex 2.844134e+01 4.000025e+00 9.364359e+00
         vertex 2.844134e+01 2.491288e-05 9.364359e+00
         vertex 2.869411e+01 2.491288e-05 9.246492e+00
      endloop
   endfacet
   facet normal 4.226165e-01 0.000000e+00 9.063086e-01
      outer loop
         vertex 2.844134e+01 8.000025e+00 9.364359e+00
         vertex 2.844134e+01 4.000025e+00 9.364359e+00
         vertex 2.869411e+01 8.000025e+00 9.246492e+00
      endloop
   endfacet
   facet normal 4.226165e-01 0.000000e+00 9.063086e-01
      outer loop
         vertex 2.869411e+01 8.000025e+00 9.246492e+00
         vertex 2.844134e+01 4.000025e+00 9.364359e+00
         vertex 2.869411e+01 2.491288e-05 9.246492e+00
      endloop
   endfacet
   facet normal 2.588183e-01 0.000000e+00 9.659260e-01
      outer loop
         vertex 2.869411e+01 8.000025e+00 9.246492e+00
         vertex 2.869411e+01 2.491288e-05 9.246492e+00
         vertex 2.896351e+01 8.000025e+00 9.174308e+00
      endloop
   endfacet
   facet normal 2.588183e-01 0.000000e+00 9.659260e-01
      outer loop
         vertex 2.896351e+01 8.000025e+00 9.174308e+00
         vertex 2.869411e+01 2.491288e-05 9.246492e+00
         vertex 2.896351e+01 2.491288e-05 9.174308e+00
      endloop
   endfacet
   facet normal 8.715556e-02 0.000000e+00 9.961947e-01
      outer loop
         vertex 2.896351e+01 8.000025e+00 9.174308e+00
         vertex 2.896351e+01 2.491288e-05 9.174308e+00
         vertex 2.924134e+01 8.000025e+00 9.150000e+00
      endloop
   endfacet
   facet normal 8.715556e-02 0.000000e+00 9.961947e-01
      outer loop
         vertex 2.924134e+01 8.000025e+00 9.150000e+00
         vertex 2.896351e+01 2.491288e-05 9.174308e+00
         vertex 2.924134e+01 2.491288e-05 9.150000e+00
      endloop
   endfacet
   facet normal -8.715556e-02 0.000000e+00 9.961947e-01
      outer loop
         vertex 2.924134e+01 8.000025e+00 9.150000e+00
         vertex 2.924134e+01 2.491288e-05 9.150000e+00
         vertex 2.951918e+01 8.000025e+00 9.174308e+00
      endloop
   endfacet
   facet normal -8.715556e-02 0.000000e+00 9.961947e-01
      outer loop
         vertex 2.951918e+01 8.000025e+00 9.174308e+00
         vertex 2.924134e+01 2.491288e-05 9.150000e+00
         vertex 2.951918e+01 2.491288e-05 9.174308e+00
      endloop
   endfacet
   facet normal -2.588183e-01 0.000000e+00 9.659260e-01
      outer loop
         vertex 2.951918e+01 8.000025e+00 9.174308e+00
         vertex 2.951918e+01 2.491288e-05 9.174308e+00
         vertex 2.978858e+01 8.000025e+00 9.246492e+00
      endloop
   endfacet
   facet normal -2.588183e-01 0.000000e+00 9.659260e-01
      outer loop
         vertex 2.978858e+01 8.000025e+00 9.246492e+00
         vertex 2.951918e+01 2.491288e-05 9.174308e+00
         vertex 2.978858e+01 2.491288e-05 9.246492e+00
      endloop
   endfacet
   facet normal -4.226178e-01 0.000000e+00 9.063080e-01
      outer loop
         vertex 2.978858e+01 8.000025e+00 9.246492e+00
         vertex 2.978858e+01 2.491288e-05 9.246492e+00
         vertex 3.004134e+01 8.000025e+00 9.364359e+00
      endloop
   endfacet
   facet normal -4.226178e-01 0.000000e+00 9.063080e-01
      outer loop
         vertex 3.004134e+01 8.000025e+00 9.364359e+00
         vertex 2.978858e+01 2.491288e-05 9.246492e+00
         vertex 3.004134e+01 2.491288e-05 9.364359e+00
      endloop
   endfacet
   facet normal -5.735753e-01 0.000000e+00 8.191528e-01
      outer loop
         vertex 3.004134e+01 8.000025e+00 9.364359e+00
         vertex 3.004134e+01 2.491288e-05 9.364359e+00
         vertex 3.026980e+01 8.000025e+00 9.524329e+00
      endloop
   endfacet
   facet normal -5.735753e-01 0.000000e+00 8.191528e-01
      outer loop
         vertex 3.026980e+01 8.000025e+00 9.524329e+00
         vertex 3.004134e+01 2.491288e-05 9.364359e+00
         vertex 3.026980e+01 2.491288e-05 9.524329e+00
      endloop
   endfacet
   facet normal -7.071085e-01 0.000000e+00 7.071051e-01
      outer loop
         vertex 3.026980e+01 8.000025e+00 9.524329e+00
         vertex 3.026980e+01 2.491288e-05 9.524329e+00
         vertex 3.046701e+01 8.000025e+00 9.721540e+00
      endloop
   endfacet
   facet normal -7.071085e-01 0.000000e+00 7.071051e-01
      outer loop
         vertex 3.046701e+01 8.000025e+00 9.721540e+00
         vertex 3.026980e+01 2.491288e-05 9.524329e+00
         vertex 3.046701e+01 2.491288e-05 9.721540e+00
      endloop
   endfacet
   facet normal -8.191517e-01 0.000000e+00 5.735769e-01
      outer loop
         vertex 3.046701e+01 8.000025e+00 9.721540e+00
         vertex 3.046701e+01 2.491288e-05 9.721540e+00
         vertex 3.062698e+01 8.000025e+00 9.950000e+00
      endloop
   endfacet
   facet normal -8.191517e-01 0.000000e+00 5.735769e-01
      outer loop
         vertex 3.062698e+01 8.000025e+00 9.950000e+00
         vertex 3.046701e+01 2.491288e-05 9.721540e+00
         vertex 3.062698e+01 2.491288e-05 9.950000e+00
      endloop
   endfacet
   facet normal -9.063070e-01 0.000000e+00 4.226199e-01
      outer loop
         vertex 3.062698e+01 8.000025e+00 9.950000e+00
         vertex 3.062698e+01 2.491288e-05 9.950000e+00
         vertex 3.074485e+01 8.000025e+00 1.020277e+01
      endloop
   endfacet
   facet normal -9.063070e-01 0.000000e+00 4.226199e-01
      outer loop
         vertex 3.074485e+01 8.000025e+00 1.020277e+01
         vertex 3.062698e+01 2.491288e-05 9.950000e+00
         vertex 3.074485e+01 2.491288e-05 1.020277e+01
      endloop
   endfacet
   facet normal -9.659260e-01 0.000000e+00 2.588183e-01
      outer loop
         vertex 3.074485e+01 8.000025e+00 1.020277e+01
         vertex 3.074485e+01 2.491288e-05 1.020277e+01
         vertex 3.081704e+01 8.000025e+00 1.047216e+01
      endloop
   endfacet
   facet normal -9.659260e-01 0.000000e+00 2.588183e-01
      outer loop
         vertex 3.081704e+01 8.000025e+00 1.047216e+01
         vertex 3.074485e+01 2.491288e-05 1.020277e+01
         vertex 3.081704e+01 2.491288e-05 1.047216e+01
      endloop
   endfacet
   facet normal -9.961947e-01 0.000000e+00 8.715556e-02
      outer loop
         vertex 3.081704e+01 8.000025e+00 1.047216e+01
         vertex 3.081704e+01 2.491288e-05 1.047216e+01
         vertex 3.084134e+01 8.000025e+00 1.075000e+01
      endloop
   endfacet
   facet normal -9.961947e-01 0.000000e+00 8.715556e-02
      outer loop
         vertex 3.084134e+01 8.000025e+00 1.075000e+01
         vertex 3.081704e+01 2.491288e-05 1.047216e+01
         vertex 3.084134e+01 2.491288e-05 1.075000e+01
      endloop
   endfacet
   facet normal -9.961947e-01 -0.000000e+00 -8.715541e-02
      outer loop
         vertex 3.084134e+01 8.000025e+00 1.075000e+01
         vertex 3.084134e+01 2.491288e-05 1.075000e+01
         vertex 3.081704e+01 8.000025e+00 1.102784e+01
      endloop
   endfacet
   facet normal -9.961947e-01 -0.000000e+00 -8.715541e-02
      outer loop
         vertex 3.081704e+01 8.000025e+00 1.102784e+01
         vertex 3.084134e+01 2.491288e-05 1.075000e+01
         vertex 3.081704e+01 2.491288e-05 1.102784e+01
      endloop
   endfacet
   facet normal -9.659260e-01 -0.000000e+00 -2.588183e-01
      outer loop
         vertex 3.081704e+01 8.000025e+00 1.102784e+01
         vertex 3.081704e+01 2.491288e-05 1.102784e+01
         vertex 3.074485e+01 8.000025e+00 1.129723e+01
      endloop
   endfacet
   facet normal -9.659260e-01 -0.000000e+00 -2.588183e-01
      outer loop
         vertex 3.074485e+01 8.000025e+00 1.129723e+01
         vertex 3.081704e+01 2.491288e-05 1.102784e+01
         vertex 3.074485e+01 2.491288e-05 1.129723e+01
      endloop
   endfacet
   facet normal -9.063067e-01 -0.000000e+00 -4.226206e-01
      outer loop
         vertex 3.074485e+01 8.000025e+00 1.129723e+01
         vertex 3.074485e+01 2.491288e-05 1.129723e+01
         vertex 3.062698e+01 8.000025e+00 1.155000e+01
      endloop
   endfacet
   facet normal -9.063067e-01 -0.000000e+00 -4.226206e-01
      outer loop
         vertex 3.062698e+01 8.000025e+00 1.155000e+01
         vertex 3.074485e+01 2.491288e-05 1.129723e+01
         vertex 3.062698e+01 2.491288e-05 1.155000e+01
      endloop
   endfacet
   facet normal -8.191523e-01 -0.000000e+00 -5.735761e-01
      outer loop
         vertex 3.062698e+01 8.000025e+00 1.155000e+01
         vertex 3.062698e+01 2.491288e-05 1.155000e+01
         vertex 3.046701e+01 8.000025e+00 1.177846e+01
      endloop
   endfacet
   facet normal -8.191523e-01 -0.000000e+00 -5.735761e-01
      outer loop
         vertex 3.046701e+01 8.000025e+00 1.177846e+01
         vertex 3.062698e+01 2.491288e-05 1.155000e+01
         vertex 3.046701e+01 2.491288e-05 1.177846e+01
      endloop
   endfacet
   facet normal -7.071076e-01 -0.000000e+00 -7.071059e-01
      outer loop
         vertex 3.046701e+01 8.000025e+00 1.177846e+01
         vertex 3.046701e+01 2.491288e-05 1.177846e+01
         vertex 3.026980e+01 8.000025e+00 1.197567e+01
      endloop
   endfacet
   facet normal -7.071076e-01 -0.000000e+00 -7.071059e-01
      outer loop
         vertex 3.026980e+01 8.000025e+00 1.197567e+01
         vertex 3.046701e+01 2.491288e-05 1.177846e+01
         vertex 3.026980e+01 2.491288e-05 1.197567e+01
      endloop
   endfacet
   facet normal -5.735753e-01 -0.000000e+00 -8.191528e-01
      outer loop
         vertex 3.026980e+01 8.000025e+00 1.197567e+01
         vertex 3.026980e+01 2.491288e-05 1.197567e+01
         vertex 3.004134e+01 4.000025e+00 1.213564e+01
      endloop
   endfacet
   facet normal -5.735753e-01 -0.000000e+00 -8.191528e-01
      outer loop
         vertex 3.004134e+01 4.000025e+00 1.213564e+01
         vertex 3.026980e+01 2.491288e-05 1.197567e+01
         vertex 3.004134e+01 2.491288e-05 1.213564e+01
      endloop
   endfacet
   facet normal -4.226192e-01 -0.000000e+00 -9.063074e-01
      outer loop
         vertex 3.004134e+01 4.000025e+00 1.213564e+01
         vertex 3.004134e+01 2.491288e-05 1.213564e+01
         vertex 2.978858e+01 2.491288e-05 1.225351e+01
      endloop
   endfacet
   facet normal 5.735769e-01 -0.000000e+00 8.191517e-01
      outer loop
         vertex 2.844134e+01 2.491288e-05 9.364359e+00
         vertex 2.844134e+01 4.000025e+00 9.364359e+00
         vertex 2.821288e+01 2.491288e-05 9.524329e+00
      endloop
   endfacet
   facet normal 5.735769e-01 -0.000000e+00 8.191517e-01
      outer loop
         vertex 2.821288e+01 2.491288e-05 9.524329e+00
         vertex 2.844134e+01 4.000025e+00 9.364359e+00
         vertex 2.821288e+01 8.000025e+00 9.524329e+00
      endloop
   endfacet
   facet normal 7.071085e-01 -0.000000e+00 7.071051e-01
      outer loop
         vertex 2.821288e+01 2.491288e-05 9.524329e+00
         vertex 2.821288e+01 8.000025e+00 9.524329e+00
         vertex 2.801567e+01 2.491288e-05 9.721540e+00
      endloop
   endfacet
   facet normal 7.071085e-01 -0.000000e+00 7.071051e-01
      outer loop
         vertex 2.801567e+01 2.491288e-05 9.721540e+00
         vertex 2.821288e+01 8.000025e+00 9.524329e+00
         vertex 2.801567e+01 8.000025e+00 9.721540e+00
      endloop
   endfacet
   facet normal 8.191517e-01 -0.000000e+00 5.735769e-01
      outer loop
         vertex 2.801567e+01 2.491288e-05 9.721540e+00
         vertex 2.801567e+01 8.000025e+00 9.721540e+00
         vertex 2.785570e+01 2.491288e-05 9.950000e+00
      endloop
   endfacet
   facet normal 8.191517e-01 -0.000000e+00 5.735769e-01
      outer loop
         vertex 2.785570e+01 2.491288e-05 9.950000e+00
         vertex 2.801567e+01 8.000025e+00 9.721540e+00
         vertex 2.785570e+01 8.000025e+00 9.950000e+00
      endloop
   endfacet
   facet normal 9.063070e-01 -0.000000e+00 4.226199e-01
      outer loop
         vertex 2.785570e+01 2.491288e-05 9.950000e+00
         vertex 2.785570e+01 8.000025e+00 9.950000e+00
         vertex 2.773784e+01 2.491288e-05 1.020277e+01
      endloop
   endfacet
   facet normal 9.063070e-01 -0.000000e+00 4.226199e-01
      outer loop
         vertex 2.773784e+01 2.491288e-05 1.020277e+01
         vertex 2.785570e+01 8.000025e+00 9.950000e+00
         vertex 2.773784e+01 8.000025e+00 1.020277e+01
      endloop
   endfacet
   facet normal 9.659260e-01 -0.000000e+00 2.588183e-01
      outer loop
         vertex 2.773784e+01 2.491288e-05 1.020277e+01
         vertex 2.773784e+01 8.000025e+00 1.020277e+01
         vertex 2.766565e+01 2.491288e-05 1.047216e+01
      endloop
   endfacet
   facet normal 9.659260e-01 -0.000000e+00 2.588183e-01
      outer loop
         vertex 2.766565e+01 2.491288e-05 1.047216e+01
         vertex 2.773784e+01 8.000025e+00 1.020277e+01
         vertex 2.766565e+01 8.000025e+00 1.047216e+01
      endloop
   endfacet
   facet normal 9.961947e-01 -0.000000e+00 8.715556e-02
      outer loop
         vertex 2.766565e+01 2.491288e-05 1.047216e+01
         vertex 2.766565e+01 8.000025e+00 1.047216e+01
         vertex 2.764134e+01 2.491288e-05 1.075000e+01
      endloop
   endfacet
   facet normal 9.961947e-01 -0.000000e+00 8.715556e-02
      outer loop
         vertex 2.764134e+01 2.491288e-05 1.075000e+01
         vertex 2.766565e+01 8.000025e+00 1.047216e+01
         vertex 2.764134e+01 8.000025e+00 1.075000e+01
      endloop
   endfacet
   facet normal 9.961947e-01 0.000000e+00 -8.715541e-02
      outer loop
         vertex 2.764134e+01 2.491288e-05 1.075000e+01
         vertex 2.764134e+01 8.000025e+00 1.075000e+01
         vertex 2.766565e+01 2.491288e-05 1.102784e+01
      endloop
   endfacet
   facet normal 9.961947e-01 0.000000e+00 -8.715541e-02
      outer loop
         vertex 2.766565e+01 2.491288e-05 1.102784e+01
         vertex 2.764134e+01 8.000025e+00 1.075000e+01
         vertex 2.766565e+01 8.000025e+00 1.102784e+01
      endloop
   endfacet
   facet normal 9.659260e-01 0.000000e+00 -2.588183e-01
      outer loop
         vertex 2.766565e+01 2.491288e-05 1.102784e+01
         vertex 2.766565e+01 8.000025e+00 1.102784e+01
         vertex 2.773784e+01 2.491288e-05 1.129723e+01
      endloop
   endfacet
   facet normal 9.659260e-01 0.000000e+00 -2.588183e-01
      outer loop
         vertex 2.773784e+01 2.491288e-05 1.129723e+01
         vertex 2.766565e+01 8.000025e+00 1.102784e+01
         vertex 2.773784e+01 8.000025e+00 1.129723e+01
      endloop
   endfacet
   facet normal 9.063067e-01 0.000000e+00 -4.226206e-01
      outer loop
         vertex 2.773784e+01 2.491288e-05 1.129723e+01
         vertex 2.773784e+01 8.000025e+00 1.129723e+01
         vertex 2.785570e+01 2.491288e-05 1.155000e+01
      endloop
   endfacet
   facet normal 9.063067e-01 0.000000e+00 -4.226206e-01
      outer loop
         vertex 2.785570e+01 2.491288e-05 1.155000e+01
         vertex 2.773784e+01 8.000025e+00 1.129723e+01
         vertex 2.785570e+01 8.000025e+00 1.155000e+01
      endloop
   endfacet
   facet normal 8.191523e-01 0.000000e+00 -5.735761e-01
      outer loop
         vertex 2.785570e+01 2.491288e-05 1.155000e+01
         vertex 2.785570e+01 8.000025e+00 1.155000e+01
         vertex 2.801567e+01 2.491288e-05 1.177846e+01
      endloop
   endfacet
   facet normal 8.191523e-01 0.000000e+00 -5.735761e-01
      outer loop
         vertex 2.801567e+01 2.491288e-05 1.177846e+01
         vertex 2.785570e+01 8.000025e+00 1.155000e+01
         vertex 2.801567e+01 8.000025e+00 1.177846e+01
      endloop
   endfacet
   facet normal 7.071076e-01 0.000000e+00 -7.071059e-01
      outer loop
         vertex 2.801567e+01 2.491288e-05 1.177846e+01
         vertex 2.801567e+01 8.000025e+00 1.177846e+01
         vertex 2.821288e+01 2.491288e-05 1.197567e+01
      endloop
   endfacet
   facet normal 7.071076e-01 0.000000e+00 -7.071059e-01
      outer loop
         vertex 2.821288e+01 2.491288e-05 1.197567e+01
         vertex 2.801567e+01 8.000025e+00 1.177846e+01
         vertex 2.821288e+01 8.000025e+00 1.197567e+01
      endloop
   endfacet
   facet normal 5.735769e-01 0.000000e+00 -8.191517e-01
      outer loop
         vertex 2.821288e+01 2.491288e-05 1.197567e+01
         vertex 2.821288e+01 8.000025e+00 1.197567e+01
         vertex 2.844134e+01 2.491288e-05 1.213564e+01
      endloop
   endfacet
   facet normal 5.735769e-01 0.000000e+00 -8.191517e-01
      outer loop
         vertex 2.844134e+01 2.491288e-05 1.213564e+01
         vertex 2.821288e+01 8.000025e+00 1.197567e+01
         vertex 2.844134e+01 8.000025e+00 1.213564e+01
      endloop
   endfacet
   facet normal 4.226179e-01 0.000000e+00 -9.063080e-01
      outer loop
         vertex 2.844134e+01 2.491288e-05 1.213564e+01
         vertex 2.844134e+01 8.000025e+00 1.213564e+01
         vertex 2.869411e+01 2.491288e-05 1.225351e+01
      endloop
   endfacet
   facet normal 4.226179e-01 0.000000e+00 -9.063080e-01
      outer loop
         vertex 2.869411e+01 2.491288e-05 1.225351e+01
         vertex 2.844134e+01 8.000025e+00 1.213564e+01
         vertex 2.869411e+01 8.000025e+00 1.225351e+01
      endloop
   endfacet
   facet normal 2.588183e-01 0.000000e+00 -9.659260e-01
      outer loop
         vertex 2.869411e+01 2.491288e-05 1.225351e+01
         vertex 2.869411e+01 8.000025e+00 1.225351e+01
         vertex 2.896351e+01 2.491288e-05 1.232569e+01
      endloop
   endfacet
   facet normal 2.588183e-01 0.000000e+00 -9.659260e-01
      outer loop
         vertex 2.896351e+01 2.491288e-05 1.232569e+01
         vertex 2.869411e+01 8.000025e+00 1.225351e+01
         vertex 2.896351e+01 8.000025e+00 1.232569e+01
      endloop
   endfacet
   facet normal 8.715556e-02 0.000000e+00 -9.961947e-01
      outer loop
         vertex 2.896351e+01 2.491288e-05 1.232569e+01
         vertex 2.896351e+01 8.000025e+00 1.232569e+01
         vertex 2.924134e+01 2.491288e-05 1.235000e+01
      endloop
   endfacet
   facet normal 8.715556e-02 0.000000e+00 -9.961947e-01
      outer loop
         vertex 2.924134e+01 2.491288e-05 1.235000e+01
         vertex 2.896351e+01 8.000025e+00 1.232569e+01
         vertex 2.924134e+01 8.000025e+00 1.235000e+01
      endloop
   endfacet
   facet normal -8.715556e-02 0.000000e+00 -9.961947e-01
      outer loop
         vertex 2.924134e+01 2.491288e-05 1.235000e+01
         vertex 2.924134e+01 8.000025e+00 1.235000e+01
         vertex 2.951918e+01 2.491288e-05 1.232569e+01
      endloop
   endfacet
   facet normal -8.715556e-02 0.000000e+00 -9.961947e-01
      outer loop
         vertex 2.951918e+01 2.491288e-05 1.232569e+01
         vertex 2.924134e+01 8.000025e+00 1.235000e+01
         vertex 2.951918e+01 8.000025e+00 1.232569e+01
      endloop
   endfacet
   facet normal -2.588183e-01 0.000000e+00 -9.659260e-01
      outer loop
         vertex 2.951918e+01 2.491288e-05 1.232569e+01
         vertex 2.951918e+01 8.000025e+00 1.232569e+01
         vertex 2.978858e+01 2.491288e-05 1.225351e+01
      endloop
   endfacet
   facet normal -2.588183e-01 0.000000e+00 -9.659260e-01
      outer loop
         vertex 2.978858e+01 2.491288e-05 1.225351e+01
         vertex 2.951918e+01 8.000025e+00 1.232569e+01
         vertex 2.978858e+01 8.000025e+00 1.225351e+01
      endloop
   endfacet
   facet normal -4.226192e-01 0.000000e+00 -9.063074e-01
      outer loop
         vertex 2.978858e+01 2.491288e-05 1.225351e+01
         vertex 2.978858e+01 8.000025e+00 1.225351e+01
         vertex 3.004134e+01 4.000025e+00 1.213564e+01
      endloop
   endfacet
   facet normal -4.226192e-01 0.000000e+00 -9.063074e-01
      outer loop
         vertex 3.004134e+01 4.000025e+00 1.213564e+01
         vertex 2.978858e+01 8.000025e+00 1.225351e+01
         vertex 3.004134e+01 8.000025e+00 1.213564e+01
      endloop
   endfacet
   facet normal -5.735753e-01 0.000000e+00 -8.191528e-01
      outer loop
         vertex 3.004134e+01 4.000025e+00 1.213564e+01
         vertex 3.004134e+01 8.000025e+00 1.213564e+01
         vertex 3.026980e+01 8.000025e+00 1.197567e+01
      endloop
   endfacet
   facet normal -4.226192e-01 0.000000e+00 9.063074e-01
      outer loop
         vertex 3.004134e+01 4.000025e+00 2.286436e+01
         vertex 3.004134e+01 8.000025e+00 2.286436e+01
         vertex 2.978858e+01 8.000025e+00 2.274649e+01
      endloop
   endfacet
   facet normal -5.735753e-01 0.000000e+00 8.191528e-01
      outer loop
         vertex 3.004134e+01 4.000025e+00 2.286436e+01
         vertex 3.004134e+01 2.491288e-05 2.286436e+01
         vertex 3.026980e+01 2.491288e-05 2.302433e+01
      endloop
   endfacet
   facet normal -5.735753e-01 0.000000e+00 8.191528e-01
      outer loop
         vertex 3.004134e+01 8.000025e+00 2.286436e+01
         vertex 3.004134e+01 4.000025e+00 2.286436e+01
         vertex 3.026980e+01 8.000025e+00 2.302433e+01
      endloop
   endfacet
   facet normal -5.735753e-01 0.000000e+00 8.191528e-01
      outer loop
         vertex 3.026980e+01 8.000025e+00 2.302433e+01
         vertex 3.004134e+01 4.000025e+00 2.286436e+01
         vertex 3.026980e+01 2.491288e-05 2.302433e+01
      endloop
   endfacet
   facet normal -7.071076e-01 0.000000e+00 7.071059e-01
      outer loop
         vertex 3.026980e+01 8.000025e+00 2.302433e+01
         vertex 3.026980e+01 2.491288e-05 2.302433e+01
         vertex 3.046701e+01 8.000025e+00 2.322154e+01
      endloop
   endfacet
   facet normal -7.071076e-01 0.000000e+00 7.071059e-01
      outer loop
         vertex 3.046701e+01 8.000025e+00 2.322154e+01
         vertex 3.026980e+01 2.491288e-05 2.302433e+01
         vertex 3.046701e+01 2.491288e-05 2.322154e+01
      endloop
   endfacet
   facet normal -8.191523e-01 0.000000e+00 5.735761e-01
      outer loop
         vertex 3.046701e+01 8.000025e+00 2.322154e+01
         vertex 3.046701e+01 2.491288e-05 2.322154e+01
         vertex 3.062698e+01 8.000025e+00 2.345000e+01
      endloop
   endfacet
   facet normal -8.191523e-01 0.000000e+00 5.735761e-01
      outer loop
         vertex 3.062698e+01 8.000025e+00 2.345000e+01
         vertex 3.046701e+01 2.491288e-05 2.322154e+01
         vertex 3.062698e+01 2.491288e-05 2.345000e+01
      endloop
   endfacet
   facet normal -9.063067e-01 0.000000e+00 4.226206e-01
      outer loop
         vertex 3.062698e+01 8.000025e+00 2.345000e+01
         vertex 3.062698e+01 2.491288e-05 2.345000e+01
         vertex 3.074485e+01 8.000025e+00 2.370277e+01
      endloop
   endfacet
   facet normal -9.063067e-01 0.000000e+00 4.226206e-01
      outer loop
         vertex 3.074485e+01 8.000025e+00 2.370277e+01
         vertex 3.062698e+01 2.491288e-05 2.345000e+01
         vertex 3.074485e+01 2.491288e-05 2.370277e+01
      endloop
   endfacet
   facet normal -9.659260e-01 0.000000e+00 2.588183e-01
      outer loop
         vertex 3.074485e+01 8.000025e+00 2.370277e+01
         vertex 3.074485e+01 2.491288e-05 2.370277e+01
         vertex 3.081704e+01 8.000025e+00 2.397216e+01
      endloop
   endfacet
   facet normal -9.659260e-01 0.000000e+00 2.588183e-01
      outer loop
         vertex 3.081704e+01 8.000025e+00 2.397216e+01
         vertex 3.074485e+01 2.491288e-05 2.370277e+01
         vertex 3.081704e+01 2.491288e-05 2.397216e+01
      endloop
   endfacet
   facet normal -9.961947e-01 0.000000e+00 8.715541e-02
      outer loop
         vertex 3.081704e+01 8.000025e+00 2.397216e+01
         vertex 3.081704e+01 2.491288e-05 2.397216e+01
         vertex 3.084134e+01 8.000025e+00 2.425000e+01
      endloop
   endfacet
   facet normal -9.961947e-01 0.000000e+00 8.715541e-02
      outer loop
         vertex 3.084134e+01 8.000025e+00 2.425000e+01
         vertex 3.081704e+01 2.491288e-05 2.397216e+01
         vertex 3.084134e+01 2.491288e-05 2.425000e+01
      endloop
   endfacet
   facet normal -9.961947e-01 -0.000000e+00 -8.715556e-02
      outer loop
         vertex 3.084134e+01 8.000025e+00 2.425000e+01
         vertex 3.084134e+01 2.491288e-05 2.425000e+01
         vertex 3.081704e+01 8.000025e+00 2.452784e+01
      endloop
   endfacet
   facet normal -9.961947e-01 -0.000000e+00 -8.715556e-02
      outer loop
         vertex 3.081704e+01 8.000025e+00 2.452784e+01
         vertex 3.084134e+01 2.491288e-05 2.425000e+01
         vertex 3.081704e+01 2.491288e-05 2.452784e+01
      endloop
   endfacet
   facet normal -9.659260e-01 -0.000000e+00 -2.588183e-01
      outer loop
         vertex 3.081704e+01 8.000025e+00 2.452784e+01
         vertex 3.081704e+01 2.491288e-05 2.452784e+01
         vertex 3.074485e+01 8.000025e+00 2.479723e+01
      endloop
   endfacet
   facet normal -9.659260e-01 -0.000000e+00 -2.588183e-01
      outer loop
         vertex 3.074485e+01 8.000025e+00 2.479723e+01
         vertex 3.081704e+01 2.491288e-05 2.452784e+01
         vertex 3.074485e+01 2.491288e-05 2.479723e+01
      endloop
   endfacet
   facet normal -9.063070e-01 -0.000000e+00 -4.226199e-01
      outer loop
         vertex 3.074485e+01 8.000025e+00 2.479723e+01
         vertex 3.074485e+01 2.491288e-05 2.479723e+01
         vertex 3.062698e+01 8.000025e+00 2.505000e+01
      endloop
   endfacet
   facet normal -9.063070e-01 -0.000000e+00 -4.226199e-01
      outer loop
         vertex 3.062698e+01 8.000025e+00 2.505000e+01
         vertex 3.074485e+01 2.491288e-05 2.479723e+01
         vertex 3.062698e+01 2.491288e-05 2.505000e+01
      endloop
   endfacet
   facet normal -8.191517e-01 -0.000000e+00 -5.735769e-01
      outer loop
         vertex 3.062698e+01 8.000025e+00 2.505000e+01
         vertex 3.062698e+01 2.491288e-05 2.505000e+01
         vertex 3.046701e+01 8.000025e+00 2.527846e+01
      endloop
   endfacet
   facet normal -8.191517e-01 -0.000000e+00 -5.735769e-01
      outer loop
         vertex 3.046701e+01 8.000025e+00 2.527846e+01
         vertex 3.062698e+01 2.491288e-05 2.505000e+01
         vertex 3.046701e+01 2.491288e-05 2.527846e+01
      endloop
   endfacet
   facet normal -7.071085e-01 -0.000000e+00 -7.071051e-01
      outer loop
         vertex 3.046701e+01 8.000025e+00 2.527846e+01
         vertex 3.046701e+01 2.491288e-05 2.527846e+01
         vertex 3.026980e+01 8.000025e+00 2.547567e+01
      endloop
   endfacet
   facet normal -7.071085e-01 -0.000000e+00 -7.071051e-01
      outer loop
         vertex 3.026980e+01 8.000025e+00 2.547567e+01
         vertex 3.046701e+01 2.491288e-05 2.527846e+01
         vertex 3.026980e+01 2.491288e-05 2.547567e+01
      endloop
   endfacet
   facet normal -5.735753e-01 -0.000000e+00 -8.191528e-01
      outer loop
         vertex 3.026980e+01 8.000025e+00 2.547567e+01
         vertex 3.026980e+01 2.491288e-05 2.547567e+01
         vertex 3.004134e+01 8.000025e+00 2.563564e+01
      endloop
   endfacet
   facet normal -5.735753e-01 -0.000000e+00 -8.191528e-01
      outer loop
         vertex 3.004134e+01 8.000025e+00 2.563564e+01
         vertex 3.026980e+01 2.491288e-05 2.547567e+01
         vertex 3.004134e+01 2.491288e-05 2.563564e+01
      endloop
   endfacet
   facet normal -4.226178e-01 -0.000000e+00 -9.063080e-01
      outer loop
         vertex 3.004134e+01 8.000025e+00 2.563564e+01
         vertex 3.004134e+01 2.491288e-05 2.563564e+01
         vertex 2.978858e+01 8.000025e+00 2.575351e+01
      endloop
   endfacet
   facet normal -4.226178e-01 -0.000000e+00 -9.063080e-01
      outer loop
         vertex 2.978858e+01 8.000025e+00 2.575351e+01
         vertex 3.004134e+01 2.491288e-05 2.563564e+01
         vertex 2.978858e+01 2.491288e-05 2.575351e+01
      endloop
   endfacet
   facet normal -2.588183e-01 -0.000000e+00 -9.659260e-01
      outer loop
         vertex 2.978858e+01 8.000025e+00 2.575351e+01
         vertex 2.978858e+01 2.491288e-05 2.575351e+01
         vertex 2.951918e+01 8.000025e+00 2.582569e+01
      endloop
   endfacet
   facet normal -2.588183e-01 -0.000000e+00 -9.659260e-01
      outer loop
         vertex 2.951918e+01 8.000025e+00 2.582569e+01
         vertex 2.978858e+01 2.491288e-05 2.575351e+01
         vertex 2.951918e+01 2.491288e-05 2.582569e+01
      endloop
   endfacet
   facet normal -8.715556e-02 -0.000000e+00 -9.961947e-01
      outer loop
         vertex 2.951918e+01 8.000025e+00 2.582569e+01
         vertex 2.951918e+01 2.491288e-05 2.582569e+01
         vertex 2.924134e+01 8.000025e+00 2.585000e+01
      endloop
   endfacet
   facet normal -8.715556e-02 -0.000000e+00 -9.961947e-01
      outer loop
         vertex 2.924134e+01 8.000025e+00 2.585000e+01
         vertex 2.951918e+01 2.491288e-05 2.582569e+01
         vertex 2.924134e+01 2.491288e-05 2.585000e+01
      endloop
   endfacet
   facet normal 8.715556e-02 0.000000e+00 -9.961947e-01
      outer loop
         vertex 2.924134e+01 8.000025e+00 2.585000e+01
         vertex 2.924134e+01 2.491288e-05 2.585000e+01
         vertex 2.896351e+01 8.000025e+00 2.582569e+01
      endloop
   endfacet
   facet normal 8.715556e-02 0.000000e+00 -9.961947e-01
      outer loop
         vertex 2.896351e+01 8.000025e+00 2.582569e+01
         vertex 2.924134e+01 2.491288e-05 2.585000e+01
         vertex 2.896351e+01 2.491288e-05 2.582569e+01
      endloop
   endfacet
   facet normal 2.588183e-01 0.000000e+00 -9.659260e-01
      outer loop
         vertex 2.896351e+01 8.000025e+00 2.582569e+01
         vertex 2.896351e+01 2.491288e-05 2.582569e+01
         vertex 2.869411e+01 8.000025e+00 2.575351e+01
      endloop
   endfacet
   facet normal 2.588183e-01 0.000000e+00 -9.659260e-01
      outer loop
         vertex 2.869411e+01 8.000025e+00 2.575351e+01
         vertex 2.896351e+01 2.491288e-05 2.582569e+01
         vertex 2.869411e+01 2.491288e-05 2.575351e+01
      endloop
   endfacet
   facet normal 4.226165e-01 0.000000e+00 -9.063086e-01
      outer loop
         vertex 2.869411e+01 8.000025e+00 2.575351e+01
         vertex 2.869411e+01 2.491288e-05 2.575351e+01
         vertex 2.844134e+01 4.000025e+00 2.563564e+01
      endloop
   endfacet
   facet normal 4.226165e-01 0.000000e+00 -9.063086e-01
      outer loop
         vertex 2.844134e+01 4.000025e+00 2.563564e+01
         vertex 2.869411e+01 2.491288e-05 2.575351e+01
         vertex 2.844134e+01 2.491288e-05 2.563564e+01
      endloop
   endfacet
   facet normal 5.735769e-01 0.000000e+00 -8.191517e-01
      outer loop
         vertex 2.844134e+01 4.000025e+00 2.563564e+01
         vertex 2.844134e+01 2.491288e-05 2.563564e+01
         vertex 2.821288e+01 2.491288e-05 2.547567e+01
      endloop
   endfacet
   facet normal -4.226192e-01 0.000000e+00 9.063074e-01
      outer loop
         vertex 3.004134e+01 2.491288e-05 2.286436e+01
         vertex 3.004134e+01 4.000025e+00 2.286436e+01
         vertex 2.978858e+01 2.491288e-05 2.274649e+01
      endloop
   endfacet
   facet normal -4.226192e-01 0.000000e+00 9.063074e-01
      outer loop
         vertex 2.978858e+01 2.491288e-05 2.274649e+01
         vertex 3.004134e+01 4.000025e+00 2.286436e+01
         vertex 2.978858e+01 8.000025e+00 2.274649e+01
      endloop
   endfacet
   facet normal -2.588183e-01 0.000000e+00 9.659260e-01
      outer loop
         vertex 2.978858e+01 2.491288e-05 2.274649e+01
         vertex 2.978858e+01 8.000025e+00 2.274649e+01
         vertex 2.951918e+01 2.491288e-05 2.267431e+01
      endloop
   endfacet
   facet normal -2.588183e-01 0.000000e+00 9.659260e-01
      outer loop
         vertex 2.951918e+01 2.491288e-05 2.267431e+01
         vertex 2.978858e+01 8.000025e+00 2.274649e+01
         vertex 2.951918e+01 8.000025e+00 2.267431e+01
      endloop
   endfacet
   facet normal -8.715556e-02 0.000000e+00 9.961947e-01
      outer loop
         vertex 2.951918e+01 2.491288e-05 2.267431e+01
         vertex 2.951918e+01 8.000025e+00 2.267431e+01
         vertex 2.924134e+01 2.491288e-05 2.265000e+01
      endloop
   endfacet
   facet normal -8.715556e-02 0.000000e+00 9.961947e-01
      outer loop
         vertex 2.924134e+01 2.491288e-05 2.265000e+01
         vertex 2.951918e+01 8.000025e+00 2.267431e+01
         vertex 2.924134e+01 8.000025e+00 2.265000e+01
      endloop
   endfacet
   facet normal 8.715556e-02 -0.000000e+00 9.961947e-01
      outer loop
         vertex 2.924134e+01 2.491288e-05 2.265000e+01
         vertex 2.924134e+01 8.000025e+00 2.265000e+01
         vertex 2.896351e+01 2.491288e-05 2.267431e+01
      endloop
   endfacet
   facet normal 8.715556e-02 -0.000000e+00 9.961947e-01
      outer loop
         vertex 2.896351e+01 2.491288e-05 2.267431e+01
         vertex 2.924134e+01 8.000025e+00 2.265000e+01
         vertex 2.896351e+01 8.000025e+00 2.267431e+01
      endloop
   endfacet
   facet normal 2.588183e-01 -0.000000e+00 9.659260e-01
      outer loop
         vertex 2.896351e+01 2.491288e-05 2.267431e+01
         vertex 2.896351e+01 8.000025e+00 2.267431e+01
         vertex 2.869411e+01 2.491288e-05 2.274649e+01
      endloop
   endfacet
   facet normal 2.588183e-01 -0.000000e+00 9.659260e-01
      outer loop
         vertex 2.869411e+01 2.491288e-05 2.274649e+01
         vertex 2.896351e+01 8.000025e+00 2.267431e+01
         vertex 2.869411e+01 8.000025e+00 2.274649e+01
      endloop
   endfacet
   facet normal 4.226179e-01 -0.000000e+00 9.063080e-01
      outer loop
         vertex 2.869411e+01 2.491288e-05 2.274649e+01
         vertex 2.869411e+01 8.000025e+00 2.274649e+01
         vertex 2.844134e+01 2.491288e-05 2.286436e+01
      endloop
   endfacet
   facet normal 4.226179e-01 -0.000000e+00 9.063080e-01
      outer loop
         vertex 2.844134e+01 2.491288e-05 2.286436e+01
         vertex 2.869411e+01 8.000025e+00 2.274649e+01
         vertex 2.844134e+01 8.000025e+00 2.286436e+01
      endloop
   endfacet
   facet normal 5.735769e-01 -0.000000e+00 8.191517e-01
      outer loop
         vertex 2.844134e+01 2.491288e-05 2.286436e+01
         vertex 2.844134e+01 8.000025e+00 2.286436e+01
         vertex 2.821288e+01 2.491288e-05 2.302433e+01
      endloop
   endfacet
   facet normal 5.735769e-01 -0.000000e+00 8.191517e-01
      outer loop
         vertex 2.821288e+01 2.491288e-05 2.302433e+01
         vertex 2.844134e+01 8.000025e+00 2.286436e+01
         vertex 2.821288e+01 8.000025e+00 2.302433e+01
      endloop
   endfacet
   facet normal 7.071076e-01 -0.000000e+00 7.071059e-01
      outer loop
         vertex 2.821288e+01 2.491288e-05 2.302433e+01
         vertex 2.821288e+01 8.000025e+00 2.302433e+01
         vertex 2.801567e+01 2.491288e-05 2.322154e+01
      endloop
   endfacet
   facet normal 7.071076e-01 -0.000000e+00 7.071059e-01
      outer loop
         vertex 2.801567e+01 2.491288e-05 2.322154e+01
         vertex 2.821288e+01 8.000025e+00 2.302433e+01
         vertex 2.801567e+01 8.000025e+00 2.322154e+01
      endloop
   endfacet
   facet normal 8.191523e-01 -0.000000e+00 5.735761e-01
      outer loop
         vertex 2.801567e+01 2.491288e-05 2.322154e+01
         vertex 2.801567e+01 8.000025e+00 2.322154e+01
         vertex 2.785570e+01 2.491288e-05 2.345000e+01
      endloop
   endfacet
   facet normal 8.191523e-01 -0.000000e+00 5.735761e-01
      outer loop
         vertex 2.785570e+01 2.491288e-05 2.345000e+01
         vertex 2.801567e+01 8.000025e+00 2.322154e+01
         vertex 2.785570e+01 8.000025e+00 2.345000e+01
      endloop
   endfacet
   facet normal 9.063067e-01 -0.000000e+00 4.226206e-01
      outer loop
         vertex 2.785570e+01 2.491288e-05 2.345000e+01
         vertex 2.785570e+01 8.000025e+00 2.345000e+01
         vertex 2.773784e+01 2.491288e-05 2.370277e+01
      endloop
   endfacet
   facet normal 9.063067e-01 -0.000000e+00 4.226206e-01
      outer loop
         vertex 2.773784e+01 2.491288e-05 2.370277e+01
         vertex 2.785570e+01 8.000025e+00 2.345000e+01
         vertex 2.773784e+01 8.000025e+00 2.370277e+01
      endloop
   endfacet
   facet normal 9.659260e-01 -0.000000e+00 2.588183e-01
      outer loop
         vertex 2.773784e+01 2.491288e-05 2.370277e+01
         vertex 2.773784e+01 8.000025e+00 2.370277e+01
         vertex 2.766565e+01 2.491288e-05 2.397216e+01
      endloop
   endfacet
   facet normal 9.659260e-01 -0.000000e+00 2.588183e-01
      outer loop
         vertex 2.766565e+01 2.491288e-05 2.397216e+01
         vertex 2.773784e+01 8.000025e+00 2.370277e+01
         vertex 2.766565e+01 8.000025e+00 2.397216e+01
      endloop
   endfacet
   facet normal 9.961947e-01 -0.000000e+00 8.715541e-02
      outer loop
         vertex 2.766565e+01 2.491288e-05 2.397216e+01
         vertex 2.766565e+01 8.000025e+00 2.397216e+01
         vertex 2.764134e+01 2.491288e-05 2.425000e+01
      endloop
   endfacet
   facet normal 9.961947e-01 -0.000000e+00 8.715541e-02
      outer loop
         vertex 2.764134e+01 2.491288e-05 2.425000e+01
         vertex 2.766565e+01 8.000025e+00 2.397216e+01
         vertex 2.764134e+01 8.000025e+00 2.425000e+01
      endloop
   endfacet
   facet normal 9.961947e-01 0.000000e+00 -8.715556e-02
      outer loop
         vertex 2.764134e+01 2.491288e-05 2.425000e+01
         vertex 2.764134e+01 8.000025e+00 2.425000e+01
         vertex 2.766565e+01 2.491288e-05 2.452784e+01
      endloop
   endfacet
   facet normal 9.961947e-01 0.000000e+00 -8.715556e-02
      outer loop
         vertex 2.766565e+01 2.491288e-05 2.452784e+01
         vertex 2.764134e+01 8.000025e+00 2.425000e+01
         vertex 2.766565e+01 8.000025e+00 2.452784e+01
      endloop
   endfacet
   facet normal 9.659260e-01 0.000000e+00 -2.588183e-01
      outer loop
         vertex 2.766565e+01 2.491288e-05 2.452784e+01
         vertex 2.766565e+01 8.000025e+00 2.452784e+01
         vertex 2.773784e+01 2.491288e-05 2.479723e+01
      endloop
   endfacet
   facet normal 9.659260e-01 0.000000e+00 -2.588183e-01
      outer loop
         vertex 2.773784e+01 2.491288e-05 2.479723e+01
         vertex 2.766565e+01 8.000025e+00 2.452784e+01
         vertex 2.773784e+01 8.000025e+00 2.479723e+01
      endloop
   endfacet
   facet normal 9.063070e-01 0.000000e+00 -4.226199e-01
      outer loop
         vertex 2.773784e+01 2.491288e-05 2.479723e+01
         vertex 2.773784e+01 8.000025e+00 2.479723e+01
         vertex 2.785570e+01 2.491288e-05 2.505000e+01
      endloop
   endfacet
   facet normal 9.063070e-01 0.000000e+00 -4.226199e-01
      outer loop
         vertex 2.785570e+01 2.491288e-05 2.505000e+01
         vertex 2.773784e+01 8.000025e+00 2.479723e+01
         vertex 2.785570e+01 8.000025e+00 2.505000e+01
      endloop
   endfacet
   facet normal 8.191517e-01 0.000000e+00 -5.735769e-01
      outer loop
         vertex 2.785570e+01 2.491288e-05 2.505000e+01
         vertex 2.785570e+01 8.000025e+00 2.505000e+01
         vertex 2.801567e+01 2.491288e-05 2.527846e+01
      endloop
   endfacet
   facet normal 8.191517e-01 0.000000e+00 -5.735769e-01
      outer loop
         vertex 2.801567e+01 2.491288e-05 2.527846e+01
         vertex 2.785570e+01 8.000025e+00 2.505000e+01
         vertex 2.801567e+01 8.000025e+00 2.527846e+01
      endloop
   endfacet
   facet normal 7.071085e-01 0.000000e+00 -7.071051e-01
      outer loop
         vertex 2.801567e+01 2.491288e-05 2.527846e+01
         vertex 2.801567e+01 8.000025e+00 2.527846e+01
         vertex 2.821288e+01 2.491288e-05 2.547567e+01
      endloop
   endfacet
   facet normal 7.071085e-01 0.000000e+00 -7.071051e-01
      outer loop
         vertex 2.821288e+01 2.491288e-05 2.547567e+01
         vertex 2.801567e+01 8.000025e+00 2.527846e+01
         vertex 2.821288e+01 8.000025e+00 2.547567e+01
      endloop
   endfacet
   facet normal 5.735769e-01 0.000000e+00 -8.191517e-01
      outer loop
         vertex 2.821288e+01 2.491288e-05 2.547567e+01
         vertex 2.821288e+01 8.000025e+00 2.547567e+01
         vertex 2.844134e+01 4.000025e+00 2.563564e+01
      endloop
   endfacet
   facet normal 5.735769e-01 0.000000e+00 -8.191517e-01
      outer loop
         vertex 2.844134e+01 4.000025e+00 2.563564e+01
         vertex 2.821288e+01 8.000025e+00 2.547567e+01
         vertex 2.844134e+01 8.000025e+00 2.563564e+01
      endloop
   endfacet
   facet normal 4.226165e-01 0.000000e+00 -9.063086e-01
      outer loop
         vertex 2.844134e+01 4.000025e+00 2.563564e+01
         vertex 2.844134e+01 8.000025e+00 2.563564e+01
         vertex 2.869411e+01 8.000025e+00 2.575351e+01
      endloop
   endfacet
   facet normal -9.961947e-01 0.000000e+00 8.715527e-02
      outer loop
         vertex 1.915000e+01 4.000025e+00 3.100000e+01
         vertex 1.915000e+01 8.000025e+00 3.100000e+01
         vertex 1.912569e+01 8.000025e+00 3.072216e+01
      endloop
   endfacet
   facet normal 9.961947e-01 0.000000e+00 -8.715556e-02
      outer loop
         vertex 1.595000e+01 4.000025e+00 3.100000e+01
         vertex 1.595000e+01 8.000025e+00 3.100000e+01
         vertex 1.597431e+01 8.000025e+00 3.127784e+01
      endloop
   endfacet
   facet normal -9.961947e-01 -0.000000e+00 -8.715556e-02
      outer loop
         vertex 1.915000e+01 8.000025e+00 3.100000e+01
         vertex 1.915000e+01 4.000025e+00 3.100000e+01
         vertex 1.912569e+01 8.000025e+00 3.127784e+01
      endloop
   endfacet
   facet normal -9.961947e-01 -0.000000e+00 -8.715556e-02
      outer loop
         vertex 1.912569e+01 8.000025e+00 3.127784e+01
         vertex 1.915000e+01 4.000025e+00 3.100000e+01
         vertex 1.912569e+01 2.491288e-05 3.127784e+01
      endloop
   endfacet
   facet normal -9.659258e-01 -0.000000e+00 -2.588190e-01
      outer loop
         vertex 1.912569e+01 8.000025e+00 3.127784e+01
         vertex 1.912569e+01 2.491288e-05 3.127784e+01
         vertex 1.905351e+01 8.000025e+00 3.154723e+01
      endloop
   endfacet
   facet normal -9.659258e-01 -0.000000e+00 -2.588190e-01
      outer loop
         vertex 1.905351e+01 8.000025e+00 3.154723e+01
         vertex 1.912569e+01 2.491288e-05 3.127784e+01
         vertex 1.905351e+01 2.491288e-05 3.154723e+01
      endloop
   endfacet
   facet normal -9.063077e-01 -0.000000e+00 -4.226185e-01
      outer loop
         vertex 1.905351e+01 8.000025e+00 3.154723e+01
         vertex 1.905351e+01 2.491288e-05 3.154723e+01
         vertex 1.893564e+01 8.000025e+00 3.180000e+01
      endloop
   endfacet
   facet normal -9.063077e-01 -0.000000e+00 -4.226185e-01
      outer loop
         vertex 1.893564e+01 8.000025e+00 3.180000e+01
         vertex 1.905351e+01 2.491288e-05 3.154723e+01
         vertex 1.893564e+01 2.491288e-05 3.180000e+01
      endloop
   endfacet
   facet normal -8.191517e-01 -0.000000e+00 -5.735769e-01
      outer loop
         vertex 1.893564e+01 8.000025e+00 3.180000e+01
         vertex 1.893564e+01 2.491288e-05 3.180000e+01
         vertex 1.877567e+01 8.000025e+00 3.202846e+01
      endloop
   endfacet
   facet normal -8.191517e-01 -0.000000e+00 -5.735769e-01
      outer loop
         vertex 1.877567e+01 8.000025e+00 3.202846e+01
         vertex 1.893564e+01 2.491288e-05 3.180000e+01
         vertex 1.877567e+01 2.491288e-05 3.202846e+01
      endloop
   endfacet
   facet normal -7.071074e-01 -0.000000e+00 -7.071062e-01
      outer loop
         vertex 1.877567e+01 8.000025e+00 3.202846e+01
         vertex 1.877567e+01 2.491288e-05 3.202846e+01
         vertex 1.857846e+01 8.000025e+00 3.222567e+01
      endloop
   endfacet
   facet normal -7.071074e-01 -0.000000e+00 -7.071062e-01
      outer loop
         vertex 1.857846e+01 8.000025e+00 3.222567e+01
         vertex 1.877567e+01 2.491288e-05 3.202846e+01
         vertex 1.857846e+01 2.491288e-05 3.222567e+01
      endloop
   endfacet
   facet normal -5.735764e-01 -0.000000e+00 -8.191521e-01
      outer loop
         vertex 1.857846e+01 8.000025e+00 3.222567e+01
         vertex 1.857846e+01 2.491288e-05 3.222567e+01
         vertex 1.835000e+01 8.000025e+00 3.238564e+01
      endloop
   endfacet
   facet normal -5.735764e-01 -0.000000e+00 -8.191521e-01
      outer loop
         vertex 1.835000e+01 8.000025e+00 3.238564e+01
         vertex 1.857846e+01 2.491288e-05 3.222567e+01
         vertex 1.835000e+01 2.491288e-05 3.238564e+01
      endloop
   endfacet
   facet normal -4.226174e-01 -0.000000e+00 -9.063082e-01
      outer loop
         vertex 1.835000e+01 8.000025e+00 3.238564e+01
         vertex 1.835000e+01 2.491288e-05 3.238564e+01
         vertex 1.809723e+01 8.000025e+00 3.250351e+01
      endloop
   endfacet
   facet normal -4.226174e-01 -0.000000e+00 -9.063082e-01
      outer loop
         vertex 1.809723e+01 8.000025e+00 3.250351e+01
         vertex 1.835000e+01 2.491288e-05 3.238564e+01
         vertex 1.809723e+01 2.491288e-05 3.250351e+01
      endloop
   endfacet
   facet normal -2.588184e-01 -0.000000e+00 -9.659260e-01
      outer loop
         vertex 1.809723e+01 8.000025e+00 3.250351e+01
         vertex 1.809723e+01 2.491288e-05 3.250351e+01
         vertex 1.782784e+01 8.000025e+00 3.257569e+01
      endloop
   endfacet
   facet normal -2.588184e-01 -0.000000e+00 -9.659260e-01
      outer loop
         vertex 1.782784e+01 8.000025e+00 3.257569e+01
         vertex 1.809723e+01 2.491288e-05 3.250351e+01
         vertex 1.782784e+01 2.491288e-05 3.257569e+01
      endloop
   endfacet
   facet normal -8.715878e-02 -0.000000e+00 -9.961944e-01
      outer loop
         vertex 1.782784e+01 8.000025e+00 3.257569e+01
         vertex 1.782784e+01 2.491288e-05 3.257569e+01
         vertex 1.755000e+01 8.000025e+00 3.260000e+01
      endloop
   endfacet
   facet normal -8.715878e-02 -1.356308e-14 -9.961944e-01
      outer loop
         vertex 1.755000e+01 8.000025e+00 3.260000e+01
         vertex 1.782784e+01 2.491288e-05 3.257569e+01
         vertex 1.755000e+01 2.491288e-05 3.260000e+01
      endloop
   endfacet
   facet normal 8.715878e-02 1.356308e-14 -9.961944e-01
      outer loop
         vertex 1.755000e+01 8.000025e+00 3.260000e+01
         vertex 1.755000e+01 2.491288e-05 3.260000e+01
         vertex 1.727216e+01 8.000025e+00 3.257569e+01
      endloop
   endfacet
   facet normal 8.715878e-02 0.000000e+00 -9.961944e-01
      outer loop
         vertex 1.727216e+01 8.000025e+00 3.257569e+01
         vertex 1.755000e+01 2.491288e-05 3.260000e+01
         vertex 1.727216e+01 2.491288e-05 3.257569e+01
      endloop
   endfacet
   facet normal 2.588184e-01 0.000000e+00 -9.659260e-01
      outer loop
         vertex 1.727216e+01 8.000025e+00 3.257569e+01
         vertex 1.727216e+01 2.491288e-05 3.257569e+01
         vertex 1.700277e+01 8.000025e+00 3.250351e+01
      endloop
   endfacet
   facet normal 2.588184e-01 0.000000e+00 -9.659260e-01
      outer loop
         vertex 1.700277e+01 8.000025e+00 3.250351e+01
         vertex 1.727216e+01 2.491288e-05 3.257569e+01
         vertex 1.700277e+01 2.491288e-05 3.250351e+01
      endloop
   endfacet
   facet normal 4.226174e-01 0.000000e+00 -9.063082e-01
      outer loop
         vertex 1.700277e+01 8.000025e+00 3.250351e+01
         vertex 1.700277e+01 2.491288e-05 3.250351e+01
         vertex 1.675000e+01 8.000025e+00 3.238564e+01
      endloop
   endfacet
   facet normal 4.226174e-01 0.000000e+00 -9.063082e-01
      outer loop
         vertex 1.675000e+01 8.000025e+00 3.238564e+01
         vertex 1.700277e+01 2.491288e-05 3.250351e+01
         vertex 1.675000e+01 2.491288e-05 3.238564e+01
      endloop
   endfacet
   facet normal 5.735764e-01 0.000000e+00 -8.191521e-01
      outer loop
         vertex 1.675000e+01 8.000025e+00 3.238564e+01
         vertex 1.675000e+01 2.491288e-05 3.238564e+01
         vertex 1.652154e+01 8.000025e+00 3.222567e+01
      endloop
   endfacet
   facet normal 5.735764e-01 0.000000e+00 -8.191521e-01
      outer loop
         vertex 1.652154e+01 8.000025e+00 3.222567e+01
         vertex 1.675000e+01 2.491288e-05 3.238564e+01
         vertex 1.652154e+01 2.491288e-05 3.222567e+01
      endloop
   endfacet
   facet normal 7.071074e-01 0.000000e+00 -7.071062e-01
      outer loop
         vertex 1.652154e+01 8.000025e+00 3.222567e+01
         vertex 1.652154e+01 2.491288e-05 3.222567e+01
         vertex 1.632433e+01 8.000025e+00 3.202846e+01
      endloop
   endfacet
   facet normal 7.071074e-01 0.000000e+00 -7.071062e-01
      outer loop
         vertex 1.632433e+01 8.000025e+00 3.202846e+01
         vertex 1.652154e+01 2.491288e-05 3.222567e+01
         vertex 1.632433e+01 2.491288e-05 3.202846e+01
      endloop
   endfacet
   facet normal 8.191517e-01 0.000000e+00 -5.735769e-01
      outer loop
         vertex 1.632433e+01 8.000025e+00 3.202846e+01
         vertex 1.632433e+01 2.491288e-05 3.202846e+01
         vertex 1.616436e+01 8.000025e+00 3.180000e+01
      endloop
   endfacet
   facet normal 8.191517e-01 0.000000e+00 -5.735769e-01
      outer loop
         vertex 1.616436e+01 8.000025e+00 3.180000e+01
         vertex 1.632433e+01 2.491288e-05 3.202846e+01
         vertex 1.616436e+01 2.491288e-05 3.180000e+01
      endloop
   endfacet
   facet normal 9.063077e-01 0.000000e+00 -4.226185e-01
      outer loop
         vertex 1.616436e+01 8.000025e+00 3.180000e+01
         vertex 1.616436e+01 2.491288e-05 3.180000e+01
         vertex 1.604649e+01 8.000025e+00 3.154723e+01
      endloop
   endfacet
   facet normal 9.063077e-01 0.000000e+00 -4.226185e-01
      outer loop
         vertex 1.604649e+01 8.000025e+00 3.154723e+01
         vertex 1.616436e+01 2.491288e-05 3.180000e+01
         vertex 1.604649e+01 2.491288e-05 3.154723e+01
      endloop
   endfacet
   facet normal 9.659258e-01 0.000000e+00 -2.588190e-01
      outer loop
         vertex 1.604649e+01 8.000025e+00 3.154723e+01
         vertex 1.604649e+01 2.491288e-05 3.154723e+01
         vertex 1.597431e+01 8.000025e+00 3.127784e+01
      endloop
   endfacet
   facet normal 9.659258e-01 0.000000e+00 -2.588190e-01
      outer loop
         vertex 1.597431e+01 8.000025e+00 3.127784e+01
         vertex 1.604649e+01 2.491288e-05 3.154723e+01
         vertex 1.597431e+01 2.491288e-05 3.127784e+01
      endloop
   endfacet
   facet normal 9.961947e-01 0.000000e+00 -8.715556e-02
      outer loop
         vertex 1.597431e+01 8.000025e+00 3.127784e+01
         vertex 1.597431e+01 2.491288e-05 3.127784e+01
         vertex 1.595000e+01 4.000025e+00 3.100000e+01
      endloop
   endfacet
   facet normal 9.961947e-01 0.000000e+00 -8.715556e-02
      outer loop
         vertex 1.595000e+01 4.000025e+00 3.100000e+01
         vertex 1.597431e+01 2.491288e-05 3.127784e+01
         vertex 1.595000e+01 2.491288e-05 3.100000e+01
      endloop
   endfacet
   facet normal 9.961947e-01 0.000000e+00 8.715527e-02
      outer loop
         vertex 1.595000e+01 4.000025e+00 3.100000e+01
         vertex 1.595000e+01 2.491288e-05 3.100000e+01
         vertex 1.597431e+01 2.491288e-05 3.072216e+01
      endloop
   endfacet
   facet normal 9.961947e-01 0.000000e+00 8.715527e-02
      outer loop
         vertex 1.595000e+01 8.000025e+00 3.100000e+01
         vertex 1.595000e+01 4.000025e+00 3.100000e+01
         vertex 1.597431e+01 8.000025e+00 3.072216e+01
      endloop
   endfacet
   facet normal 9.961947e-01 0.000000e+00 8.715527e-02
      outer loop
         vertex 1.597431e+01 8.000025e+00 3.072216e+01
         vertex 1.595000e+01 4.000025e+00 3.100000e+01
         vertex 1.597431e+01 2.491288e-05 3.072216e+01
      endloop
   endfacet
   facet normal 9.659258e-01 0.000000e+00 2.588190e-01
      outer loop
         vertex 1.597431e+01 8.000025e+00 3.072216e+01
         vertex 1.597431e+01 2.491288e-05 3.072216e+01
         vertex 1.604649e+01 8.000025e+00 3.045277e+01
      endloop
   endfacet
   facet normal 9.659258e-01 0.000000e+00 2.588190e-01
      outer loop
         vertex 1.604649e+01 8.000025e+00 3.045277e+01
         vertex 1.597431e+01 2.491288e-05 3.072216e+01
         vertex 1.604649e+01 2.491288e-05 3.045277e+01
      endloop
   endfacet
   facet normal 9.063077e-01 0.000000e+00 4.226185e-01
      outer loop
         vertex 1.604649e+01 8.000025e+00 3.045277e+01
         vertex 1.604649e+01 2.491288e-05 3.045277e+01
         vertex 1.616436e+01 8.000025e+00 3.020000e+01
      endloop
   endfacet
   facet normal 9.063077e-01 0.000000e+00 4.226185e-01
      outer loop
         vertex 1.616436e+01 8.000025e+00 3.020000e+01
         vertex 1.604649e+01 2.491288e-05 3.045277e+01
         vertex 1.616436e+01 2.491288e-05 3.020000e+01
      endloop
   endfacet
   facet normal 8.191517e-01 0.000000e+00 5.735769e-01
      outer loop
         vertex 1.616436e+01 8.000025e+00 3.020000e+01
         vertex 1.616436e+01 2.491288e-05 3.020000e+01
         vertex 1.632433e+01 8.000025e+00 2.997154e+01
      endloop
   endfacet
   facet normal 8.191517e-01 0.000000e+00 5.735769e-01
      outer loop
         vertex 1.632433e+01 8.000025e+00 2.997154e+01
         vertex 1.616436e+01 2.491288e-05 3.020000e+01
         vertex 1.632433e+01 2.491288e-05 2.997154e+01
      endloop
   endfacet
   facet normal 7.071074e-01 0.000000e+00 7.071062e-01
      outer loop
         vertex 1.632433e+01 8.000025e+00 2.997154e+01
         vertex 1.632433e+01 2.491288e-05 2.997154e+01
         vertex 1.652154e+01 8.000025e+00 2.977433e+01
      endloop
   endfacet
   facet normal 7.071074e-01 0.000000e+00 7.071062e-01
      outer loop
         vertex 1.652154e+01 8.000025e+00 2.977433e+01
         vertex 1.632433e+01 2.491288e-05 2.997154e+01
         vertex 1.652154e+01 2.491288e-05 2.977433e+01
      endloop
   endfacet
   facet normal 5.735764e-01 0.000000e+00 8.191521e-01
      outer loop
         vertex 1.652154e+01 8.000025e+00 2.977433e+01
         vertex 1.652154e+01 2.491288e-05 2.977433e+01
         vertex 1.675000e+01 8.000025e+00 2.961436e+01
      endloop
   endfacet
   facet normal 5.735764e-01 0.000000e+00 8.191521e-01
      outer loop
         vertex 1.675000e+01 8.000025e+00 2.961436e+01
         vertex 1.652154e+01 2.491288e-05 2.977433e+01
         vertex 1.675000e+01 2.491288e-05 2.961436e+01
      endloop
   endfacet
   facet normal 4.226174e-01 0.000000e+00 9.063082e-01
      outer loop
         vertex 1.675000e+01 8.000025e+00 2.961436e+01
         vertex 1.675000e+01 2.491288e-05 2.961436e+01
         vertex 1.700277e+01 8.000025e+00 2.949649e+01
      endloop
   endfacet
   facet normal 4.226174e-01 0.000000e+00 9.063082e-01
      outer loop
         vertex 1.700277e+01 8.000025e+00 2.949649e+01
         vertex 1.675000e+01 2.491288e-05 2.961436e+01
         vertex 1.700277e+01 2.491288e-05 2.949649e+01
      endloop
   endfacet
   facet normal 2.588184e-01 0.000000e+00 9.659260e-01
      outer loop
         vertex 1.700277e+01 8.000025e+00 2.949649e+01
         vertex 1.700277e+01 2.491288e-05 2.949649e+01
         vertex 1.727216e+01 8.000025e+00 2.942431e+01
      endloop
   endfacet
   facet normal 2.588184e-01 0.000000e+00 9.659260e-01
      outer loop
         vertex 1.727216e+01 8.000025e+00 2.942431e+01
         vertex 1.700277e+01 2.491288e-05 2.949649e+01
         vertex 1.727216e+01 2.491288e-05 2.942431e+01
      endloop
   endfacet
   facet normal 8.715547e-02 0.000000e+00 9.961947e-01
      outer loop
         vertex 1.727216e+01 8.000025e+00 2.942431e+01
         vertex 1.727216e+01 2.491288e-05 2.942431e+01
         vertex 1.755000e+01 8.000025e+00 2.940000e+01
      endloop
   endfacet
   facet normal 8.715547e-02 0.000000e+00 9.961947e-01
      outer loop
         vertex 1.755000e+01 8.000025e+00 2.940000e+01
         vertex 1.727216e+01 2.491288e-05 2.942431e+01
         vertex 1.755000e+01 2.491288e-05 2.940000e+01
      endloop
   endfacet
   facet normal -8.715547e-02 0.000000e+00 9.961947e-01
      outer loop
         vertex 1.755000e+01 8.000025e+00 2.940000e+01
         vertex 1.755000e+01 2.491288e-05 2.940000e+01
         vertex 1.782784e+01 8.000025e+00 2.942431e+01
      endloop
   endfacet
   facet normal -8.715547e-02 0.000000e+00 9.961947e-01
      outer loop
         vertex 1.782784e+01 8.000025e+00 2.942431e+01
         vertex 1.755000e+01 2.491288e-05 2.940000e+01
         vertex 1.782784e+01 2.491288e-05 2.942431e+01
      endloop
   endfacet
   facet normal -2.588184e-01 0.000000e+00 9.659260e-01
      outer loop
         vertex 1.782784e+01 8.000025e+00 2.942431e+01
         vertex 1.782784e+01 2.491288e-05 2.942431e+01
         vertex 1.809723e+01 8.000025e+00 2.949649e+01
      endloop
   endfacet
   facet normal -2.588184e-01 0.000000e+00 9.659260e-01
      outer loop
         vertex 1.809723e+01 8.000025e+00 2.949649e+01
         vertex 1.782784e+01 2.491288e-05 2.942431e+01
         vertex 1.809723e+01 2.491288e-05 2.949649e+01
      endloop
   endfacet
   facet normal -4.226174e-01 0.000000e+00 9.063082e-01
      outer loop
         vertex 1.809723e+01 8.000025e+00 2.949649e+01
         vertex 1.809723e+01 2.491288e-05 2.949649e+01
         vertex 1.835000e+01 8.000025e+00 2.961436e+01
      endloop
   endfacet
   facet normal -4.226174e-01 0.000000e+00 9.063082e-01
      outer loop
         vertex 1.835000e+01 8.000025e+00 2.961436e+01
         vertex 1.809723e+01 2.491288e-05 2.949649e+01
         vertex 1.835000e+01 2.491288e-05 2.961436e+01
      endloop
   endfacet
   facet normal -5.735764e-01 0.000000e+00 8.191521e-01
      outer loop
         vertex 1.835000e+01 8.000025e+00 2.961436e+01
         vertex 1.835000e+01 2.491288e-05 2.961436e+01
         vertex 1.857846e+01 8.000025e+00 2.977433e+01
      endloop
   endfacet
   facet normal -5.735764e-01 0.000000e+00 8.191521e-01
      outer loop
         vertex 1.857846e+01 8.000025e+00 2.977433e+01
         vertex 1.835000e+01 2.491288e-05 2.961436e+01
         vertex 1.857846e+01 2.491288e-05 2.977433e+01
      endloop
   endfacet
   facet normal -7.071074e-01 0.000000e+00 7.071062e-01
      outer loop
         vertex 1.857846e+01 8.000025e+00 2.977433e+01
         vertex 1.857846e+01 2.491288e-05 2.977433e+01
         vertex 1.877567e+01 8.000025e+00 2.997154e+01
      endloop
   endfacet
   facet normal -7.071074e-01 0.000000e+00 7.071062e-01
      outer loop
         vertex 1.877567e+01 8.000025e+00 2.997154e+01
         vertex 1.857846e+01 2.491288e-05 2.977433e+01
         vertex 1.877567e+01 2.491288e-05 2.997154e+01
      endloop
   endfacet
   facet normal -8.191517e-01 0.000000e+00 5.735769e-01
      outer loop
         vertex 1.877567e+01 8.000025e+00 2.997154e+01
         vertex 1.877567e+01 2.491288e-05 2.997154e+01
         vertex 1.893564e+01 8.000025e+00 3.020000e+01
      endloop
   endfacet
   facet normal -8.191517e-01 0.000000e+00 5.735769e-01
      outer loop
         vertex 1.893564e+01 8.000025e+00 3.020000e+01
         vertex 1.877567e+01 2.491288e-05 2.997154e+01
         vertex 1.893564e+01 2.491288e-05 3.020000e+01
      endloop
   endfacet
   facet normal -9.063077e-01 0.000000e+00 4.226185e-01
      outer loop
         vertex 1.893564e+01 8.000025e+00 3.020000e+01
         vertex 1.893564e+01 2.491288e-05 3.020000e+01
         vertex 1.905351e+01 8.000025e+00 3.045277e+01
      endloop
   endfacet
   facet normal -9.063077e-01 0.000000e+00 4.226185e-01
      outer loop
         vertex 1.905351e+01 8.000025e+00 3.045277e+01
         vertex 1.893564e+01 2.491288e-05 3.020000e+01
         vertex 1.905351e+01 2.491288e-05 3.045277e+01
      endloop
   endfacet
   facet normal -9.659258e-01 0.000000e+00 2.588190e-01
      outer loop
         vertex 1.905351e+01 8.000025e+00 3.045277e+01
         vertex 1.905351e+01 2.491288e-05 3.045277e+01
         vertex 1.912569e+01 8.000025e+00 3.072216e+01
      endloop
   endfacet
   facet normal -9.659258e-01 0.000000e+00 2.588190e-01
      outer loop
         vertex 1.912569e+01 8.000025e+00 3.072216e+01
         vertex 1.905351e+01 2.491288e-05 3.045277e+01
         vertex 1.912569e+01 2.491288e-05 3.072216e+01
      endloop
   endfacet
   facet normal -9.961947e-01 0.000000e+00 8.715527e-02
      outer loop
         vertex 1.912569e+01 8.000025e+00 3.072216e+01
         vertex 1.912569e+01 2.491288e-05 3.072216e+01
         vertex 1.915000e+01 4.000025e+00 3.100000e+01
      endloop
   endfacet
   facet normal -9.961947e-01 0.000000e+00 8.715527e-02
      outer loop
         vertex 1.915000e+01 4.000025e+00 3.100000e+01
         vertex 1.912569e+01 2.491288e-05 3.072216e+01
         vertex 1.915000e+01 2.491288e-05 3.100000e+01
      endloop
   endfacet
   facet normal -9.961947e-01 -0.000000e+00 -8.715556e-02
      outer loop
         vertex 1.915000e+01 4.000025e+00 3.100000e+01
         vertex 1.915000e+01 2.491288e-05 3.100000e+01
         vertex 1.912569e+01 2.491288e-05 3.127784e+01
      endloop
   endfacet
   facet normal -9.961947e-01 0.000000e+00 8.715613e-02
      outer loop
         vertex 2.555000e+01 4.000025e+00 1.750000e+01
         vertex 2.555000e+01 8.000025e+00 1.750000e+01
         vertex 2.542846e+01 8.000025e+00 1.611081e+01
      endloop
   endfacet
   facet normal 9.961947e-01 -4.269419e-17 -8.715613e-02
      outer loop
         vertex 9.550001e+00 4.000025e+00 1.750000e+01
         vertex 9.550001e+00 8.000025e+00 1.750000e+01
         vertex 9.671539e+00 8.000025e+00 1.888919e+01
      endloop
   endfacet
   facet normal 9.659258e-01 0.000000e+00 -2.588190e-01
      outer loop
         vertex 9.671539e+00 8.000025e+00 1.888919e+01
         vertex 1.003246e+01 8.000025e+00 2.023616e+01
         vertex 1.003246e+01 2.491288e-05 2.023616e+01
      endloop
   endfacet
   facet normal 9.063078e-01 0.000000e+00 -4.226182e-01
      outer loop
         vertex 1.003246e+01 2.491288e-05 2.023616e+01
         vertex 1.003246e+01 8.000025e+00 2.023616e+01
         vertex 1.062180e+01 2.491288e-05 2.150000e+01
      endloop
   endfacet
   facet normal 9.063078e-01 0.000000e+00 -4.226182e-01
      outer loop
         vertex 1.062180e+01 2.491288e-05 2.150000e+01
         vertex 1.003246e+01 8.000025e+00 2.023616e+01
         vertex 1.062180e+01 8.000025e+00 2.150000e+01
      endloop
   endfacet
   facet normal 8.191520e-01 0.000000e+00 -5.735765e-01
      outer loop
         vertex 1.062180e+01 2.491288e-05 2.150000e+01
         vertex 1.062180e+01 8.000025e+00 2.150000e+01
         vertex 1.142165e+01 2.491288e-05 2.264230e+01
      endloop
   endfacet
   facet normal 8.191520e-01 0.000000e+00 -5.735765e-01
      outer loop
         vertex 1.142165e+01 2.491288e-05 2.264230e+01
         vertex 1.062180e+01 8.000025e+00 2.150000e+01
         vertex 1.142165e+01 8.000025e+00 2.264230e+01
      endloop
   endfacet
   facet normal 7.071068e-01 0.000000e+00 -7.071068e-01
      outer loop
         vertex 1.142165e+01 2.491288e-05 2.264230e+01
         vertex 1.142165e+01 8.000025e+00 2.264230e+01
         vertex 1.240770e+01 2.491288e-05 2.362836e+01
      endloop
   endfacet
   facet normal 7.071068e-01 0.000000e+00 -7.071068e-01
      outer loop
         vertex 1.240770e+01 2.491288e-05 2.362836e+01
         vertex 1.142165e+01 8.000025e+00 2.264230e+01
         vertex 1.240770e+01 8.000025e+00 2.362836e+01
      endloop
   endfacet
   facet normal 5.735765e-01 0.000000e+00 -8.191520e-01
      outer loop
         vertex 1.240770e+01 2.491288e-05 2.362836e+01
         vertex 1.240770e+01 8.000025e+00 2.362836e+01
         vertex 1.355000e+01 2.491288e-05 2.442820e+01
      endloop
   endfacet
   facet normal 5.735765e-01 0.000000e+00 -8.191520e-01
      outer loop
         vertex 1.355000e+01 2.491288e-05 2.442820e+01
         vertex 1.240770e+01 8.000025e+00 2.362836e+01
         vertex 1.355000e+01 8.000025e+00 2.442820e+01
      endloop
   endfacet
   facet normal 4.226182e-01 0.000000e+00 -9.063078e-01
      outer loop
         vertex 1.355000e+01 2.491288e-05 2.442820e+01
         vertex 1.355000e+01 8.000025e+00 2.442820e+01
         vertex 1.481384e+01 2.491288e-05 2.501754e+01
      endloop
   endfacet
   facet normal 4.226182e-01 0.000000e+00 -9.063078e-01
      outer loop
         vertex 1.481384e+01 2.491288e-05 2.501754e+01
         vertex 1.355000e+01 8.000025e+00 2.442820e+01
         vertex 1.481384e+01 8.000025e+00 2.501754e+01
      endloop
   endfacet
   facet normal 2.588190e-01 0.000000e+00 -9.659258e-01
      outer loop
         vertex 1.481384e+01 2.491288e-05 2.501754e+01
         vertex 1.481384e+01 8.000025e+00 2.501754e+01
         vertex 1.616082e+01 2.491288e-05 2.537846e+01
      endloop
   endfacet
   facet normal 2.588190e-01 0.000000e+00 -9.659258e-01
      outer loop
         vertex 1.616082e+01 2.491288e-05 2.537846e+01
         vertex 1.481384e+01 8.000025e+00 2.501754e+01
         vertex 1.616082e+01 8.000025e+00 2.537846e+01
      endloop
   endfacet
   facet normal 8.715613e-02 0.000000e+00 -9.961947e-01
      outer loop
         vertex 1.616082e+01 2.491288e-05 2.537846e+01
         vertex 1.616082e+01 8.000025e+00 2.537846e+01
         vertex 1.755000e+01 2.491288e-05 2.550000e+01
      endloop
   endfacet
   facet normal 8.715613e-02 1.994547e-18 -9.961947e-01
      outer loop
         vertex 1.755000e+01 2.491288e-05 2.550000e+01
         vertex 1.616082e+01 8.000025e+00 2.537846e+01
         vertex 1.755000e+01 8.000025e+00 2.550000e+01
      endloop
   endfacet
   facet normal -8.715613e-02 -1.994547e-18 -9.961947e-01
      outer loop
         vertex 1.755000e+01 2.491288e-05 2.550000e+01
         vertex 1.755000e+01 8.000025e+00 2.550000e+01
         vertex 1.893919e+01 2.491288e-05 2.537846e+01
      endloop
   endfacet
   facet normal -8.715613e-02 0.000000e+00 -9.961947e-01
      outer loop
         vertex 1.893919e+01 2.491288e-05 2.537846e+01
         vertex 1.755000e+01 8.000025e+00 2.550000e+01
         vertex 1.893919e+01 8.000025e+00 2.537846e+01
      endloop
   endfacet
   facet normal -2.588190e-01 0.000000e+00 -9.659258e-01
      outer loop
         vertex 1.893919e+01 2.491288e-05 2.537846e+01
         vertex 1.893919e+01 8.000025e+00 2.537846e+01
         vertex 2.028616e+01 2.491288e-05 2.501754e+01
      endloop
   endfacet
   facet normal -2.588190e-01 0.000000e+00 -9.659258e-01
      outer loop
         vertex 2.028616e+01 2.491288e-05 2.501754e+01
         vertex 1.893919e+01 8.000025e+00 2.537846e+01
         vertex 2.028616e+01 8.000025e+00 2.501754e+01
      endloop
   endfacet
   facet normal -4.226182e-01 0.000000e+00 -9.063078e-01
      outer loop
         vertex 2.028616e+01 2.491288e-05 2.501754e+01
         vertex 2.028616e+01 8.000025e+00 2.501754e+01
         vertex 2.155000e+01 2.491288e-05 2.442820e+01
      endloop
   endfacet
   facet normal -4.226182e-01 0.000000e+00 -9.063078e-01
      outer loop
         vertex 2.155000e+01 2.491288e-05 2.442820e+01
         vertex 2.028616e+01 8.000025e+00 2.501754e+01
         vertex 2.155000e+01 8.000025e+00 2.442820e+01
      endloop
   endfacet
   facet normal -5.735765e-01 0.000000e+00 -8.191520e-01
      outer loop
         vertex 2.155000e+01 2.491288e-05 2.442820e+01
         vertex 2.155000e+01 8.000025e+00 2.442820e+01
         vertex 2.269230e+01 2.491288e-05 2.362836e+01
      endloop
   endfacet
   facet normal -5.735765e-01 0.000000e+00 -8.191520e-01
      outer loop
         vertex 2.269230e+01 2.491288e-05 2.362836e+01
         vertex 2.155000e+01 8.000025e+00 2.442820e+01
         vertex 2.269230e+01 8.000025e+00 2.362836e+01
      endloop
   endfacet
   facet normal -7.071068e-01 0.000000e+00 -7.071068e-01
      outer loop
         vertex 2.269230e+01 2.491288e-05 2.362836e+01
         vertex 2.269230e+01 8.000025e+00 2.362836e+01
         vertex 2.367836e+01 2.491288e-05 2.264230e+01
      endloop
   endfacet
   facet normal -7.071068e-01 0.000000e+00 -7.071068e-01
      outer loop
         vertex 2.367836e+01 2.491288e-05 2.264230e+01
         vertex 2.269230e+01 8.000025e+00 2.362836e+01
         vertex 2.367836e+01 8.000025e+00 2.264230e+01
      endloop
   endfacet
   facet normal -8.191520e-01 0.000000e+00 -5.735765e-01
      outer loop
         vertex 2.367836e+01 2.491288e-05 2.264230e+01
         vertex 2.367836e+01 8.000025e+00 2.264230e+01
         vertex 2.447820e+01 2.491288e-05 2.150000e+01
      endloop
   endfacet
   facet normal -8.191520e-01 0.000000e+00 -5.735765e-01
      outer loop
         vertex 2.447820e+01 2.491288e-05 2.150000e+01
         vertex 2.367836e+01 8.000025e+00 2.264230e+01
         vertex 2.447820e+01 8.000025e+00 2.150000e+01
      endloop
   endfacet
   facet normal -9.063078e-01 0.000000e+00 -4.226182e-01
      outer loop
         vertex 2.447820e+01 2.491288e-05 2.150000e+01
         vertex 2.447820e+01 8.000025e+00 2.150000e+01
         vertex 2.506754e+01 2.491288e-05 2.023616e+01
      endloop
   endfacet
   facet normal -9.063078e-01 0.000000e+00 -4.226182e-01
      outer loop
         vertex 2.506754e+01 2.491288e-05 2.023616e+01
         vertex 2.447820e+01 8.000025e+00 2.150000e+01
         vertex 2.506754e+01 8.000025e+00 2.023616e+01
      endloop
   endfacet
   facet normal -9.659258e-01 0.000000e+00 -2.588190e-01
      outer loop
         vertex 2.506754e+01 2.491288e-05 2.023616e+01
         vertex 2.506754e+01 8.000025e+00 2.023616e+01
         vertex 2.542846e+01 2.491288e-05 1.888919e+01
      endloop
   endfacet
   facet normal -9.961947e-01 -0.000000e+00 -8.715613e-02
      outer loop
         vertex 2.555000e+01 8.000025e+00 1.750000e+01
         vertex 2.555000e+01 4.000025e+00 1.750000e+01
         vertex 2.542846e+01 8.000025e+00 1.888919e+01
      endloop
   endfacet
   facet normal -9.659258e-01 0.000000e+00 -2.588190e-01
      outer loop
         vertex 2.506754e+01 8.000025e+00 2.023616e+01
         vertex 2.542846e+01 8.000025e+00 1.888919e+01
         vertex 2.542846e+01 2.491288e-05 1.888919e+01
      endloop
   endfacet
   facet normal -9.961947e-01 0.000000e+00 -8.715613e-02
      outer loop
         vertex 2.542846e+01 2.491288e-05 1.888919e+01
         vertex 2.542846e+01 8.000025e+00 1.888919e+01
         vertex 2.555000e+01 4.000025e+00 1.750000e+01
      endloop
   endfacet
   facet normal -9.961947e-01 2.372708e-17 -8.715613e-02
      outer loop
         vertex 2.542846e+01 2.491288e-05 1.888919e+01
         vertex 2.555000e+01 4.000025e+00 1.750000e+01
         vertex 2.555000e+01 2.491288e-05 1.750000e+01
      endloop
   endfacet
   facet normal -9.961947e-01 -2.134710e-17 8.715613e-02
      outer loop
         vertex 2.555000e+01 2.491288e-05 1.750000e+01
         vertex 2.555000e+01 4.000025e+00 1.750000e+01
         vertex 2.542846e+01 8.000025e+00 1.611081e+01
      endloop
   endfacet
   facet normal 9.659258e-01 0.000000e+00 2.588190e-01
      outer loop
         vertex 9.671539e+00 8.000025e+00 1.611081e+01
         vertex 9.671539e+00 2.491288e-05 1.611081e+01
         vertex 1.003246e+01 8.000025e+00 1.476384e+01
      endloop
   endfacet
   facet normal 9.659258e-01 0.000000e+00 2.588190e-01
      outer loop
         vertex 1.003246e+01 8.000025e+00 1.476384e+01
         vertex 9.671539e+00 2.491288e-05 1.611081e+01
         vertex 1.003246e+01 2.491288e-05 1.476384e+01
      endloop
   endfacet
   facet normal 9.063078e-01 0.000000e+00 4.226182e-01
      outer loop
         vertex 1.003246e+01 8.000025e+00 1.476384e+01
         vertex 1.003246e+01 2.491288e-05 1.476384e+01
         vertex 1.062180e+01 8.000025e+00 1.350000e+01
      endloop
   endfacet
   facet normal 9.063078e-01 0.000000e+00 4.226182e-01
      outer loop
         vertex 1.062180e+01 8.000025e+00 1.350000e+01
         vertex 1.003246e+01 2.491288e-05 1.476384e+01
         vertex 1.062180e+01 2.491288e-05 1.350000e+01
      endloop
   endfacet
   facet normal 8.191520e-01 0.000000e+00 5.735765e-01
      outer loop
         vertex 1.062180e+01 8.000025e+00 1.350000e+01
         vertex 1.062180e+01 2.491288e-05 1.350000e+01
         vertex 1.142165e+01 8.000025e+00 1.235770e+01
      endloop
   endfacet
   facet normal 8.191520e-01 0.000000e+00 5.735765e-01
      outer loop
         vertex 1.142165e+01 8.000025e+00 1.235770e+01
         vertex 1.062180e+01 2.491288e-05 1.350000e+01
         vertex 1.142165e+01 2.491288e-05 1.235770e+01
      endloop
   endfacet
   facet normal 7.071068e-01 0.000000e+00 7.071068e-01
      outer loop
         vertex 1.142165e+01 8.000025e+00 1.235770e+01
         vertex 1.142165e+01 2.491288e-05 1.235770e+01
         vertex 1.240770e+01 8.000025e+00 1.137164e+01
      endloop
   endfacet
   facet normal 7.071068e-01 0.000000e+00 7.071068e-01
      outer loop
         vertex 1.240770e+01 8.000025e+00 1.137164e+01
         vertex 1.142165e+01 2.491288e-05 1.235770e+01
         vertex 1.240770e+01 2.491288e-05 1.137164e+01
      endloop
   endfacet
   facet normal 5.735765e-01 0.000000e+00 8.191520e-01
      outer loop
         vertex 1.240770e+01 8.000025e+00 1.137164e+01
         vertex 1.240770e+01 2.491288e-05 1.137164e+01
         vertex 1.355000e+01 8.000025e+00 1.057180e+01
      endloop
   endfacet
   facet normal 5.735765e-01 0.000000e+00 8.191520e-01
      outer loop
         vertex 1.355000e+01 8.000025e+00 1.057180e+01
         vertex 1.240770e+01 2.491288e-05 1.137164e+01
         vertex 1.355000e+01 2.491288e-05 1.057180e+01
      endloop
   endfacet
   facet normal 4.226182e-01 0.000000e+00 9.063078e-01
      outer loop
         vertex 1.355000e+01 8.000025e+00 1.057180e+01
         vertex 1.355000e+01 2.491288e-05 1.057180e+01
         vertex 1.481384e+01 8.000025e+00 9.982459e+00
      endloop
   endfacet
   facet normal 4.226182e-01 0.000000e+00 9.063078e-01
      outer loop
         vertex 1.481384e+01 8.000025e+00 9.982459e+00
         vertex 1.355000e+01 2.491288e-05 1.057180e+01
         vertex 1.481384e+01 2.491288e-05 9.982459e+00
      endloop
   endfacet
   facet normal 2.588190e-01 0.000000e+00 9.659258e-01
      outer loop
         vertex 1.481384e+01 8.000025e+00 9.982459e+00
         vertex 1.481384e+01 2.491288e-05 9.982459e+00
         vertex 1.616082e+01 8.000025e+00 9.621538e+00
      endloop
   endfacet
   facet normal 2.588190e-01 0.000000e+00 9.659258e-01
      outer loop
         vertex 1.616082e+01 8.000025e+00 9.621538e+00
         vertex 1.481384e+01 2.491288e-05 9.982459e+00
         vertex 1.616082e+01 2.491288e-05 9.621538e+00
      endloop
   endfacet
   facet normal 8.715613e-02 0.000000e+00 9.961947e-01
      outer loop
         vertex 1.616082e+01 8.000025e+00 9.621538e+00
         vertex 1.616082e+01 2.491288e-05 9.621538e+00
         vertex 1.755000e+01 8.000025e+00 9.500000e+00
      endloop
   endfacet
   facet normal 8.715613e-02 0.000000e+00 9.961947e-01
      outer loop
         vertex 1.755000e+01 8.000025e+00 9.500000e+00
         vertex 1.616082e+01 2.491288e-05 9.621538e+00
         vertex 1.755000e+01 2.491288e-05 9.500000e+00
      endloop
   endfacet
   facet normal -8.715613e-02 0.000000e+00 9.961947e-01
      outer loop
         vertex 1.755000e+01 8.000025e+00 9.500000e+00
         vertex 1.755000e+01 2.491288e-05 9.500000e+00
         vertex 1.893919e+01 8.000025e+00 9.621538e+00
      endloop
   endfacet
   facet normal -8.715613e-02 0.000000e+00 9.961947e-01
      outer loop
         vertex 1.893919e+01 8.000025e+00 9.621538e+00
         vertex 1.755000e+01 2.491288e-05 9.500000e+00
         vertex 1.893919e+01 2.491288e-05 9.621538e+00
      endloop
   endfacet
   facet normal -2.588190e-01 0.000000e+00 9.659258e-01
      outer loop
         vertex 1.893919e+01 8.000025e+00 9.621538e+00
         vertex 1.893919e+01 2.491288e-05 9.621538e+00
         vertex 2.028616e+01 8.000025e+00 9.982459e+00
      endloop
   endfacet
   facet normal -2.588190e-01 0.000000e+00 9.659258e-01
      outer loop
         vertex 2.028616e+01 8.000025e+00 9.982459e+00
         vertex 1.893919e+01 2.491288e-05 9.621538e+00
         vertex 2.028616e+01 2.491288e-05 9.982459e+00
      endloop
   endfacet
   facet normal -4.226182e-01 0.000000e+00 9.063078e-01
      outer loop
         vertex 2.028616e+01 8.000025e+00 9.982459e+00
         vertex 2.028616e+01 2.491288e-05 9.982459e+00
         vertex 2.155000e+01 8.000025e+00 1.057180e+01
      endloop
   endfacet
   facet normal -4.226182e-01 0.000000e+00 9.063078e-01
      outer loop
         vertex 2.155000e+01 8.000025e+00 1.057180e+01
         vertex 2.028616e+01 2.491288e-05 9.982459e+00
         vertex 2.155000e+01 2.491288e-05 1.057180e+01
      endloop
   endfacet
   facet normal -5.735765e-01 0.000000e+00 8.191520e-01
      outer loop
         vertex 2.155000e+01 8.000025e+00 1.057180e+01
         vertex 2.155000e+01 2.491288e-05 1.057180e+01
         vertex 2.269230e+01 8.000025e+00 1.137164e+01
      endloop
   endfacet
   facet normal -5.735765e-01 0.000000e+00 8.191520e-01
      outer loop
         vertex 2.269230e+01 8.000025e+00 1.137164e+01
         vertex 2.155000e+01 2.491288e-05 1.057180e+01
         vertex 2.269230e+01 2.491288e-05 1.137164e+01
      endloop
   endfacet
   facet normal -7.071068e-01 0.000000e+00 7.071068e-01
      outer loop
         vertex 2.269230e+01 8.000025e+00 1.137164e+01
         vertex 2.269230e+01 2.491288e-05 1.137164e+01
         vertex 2.367836e+01 8.000025e+00 1.235770e+01
      endloop
   endfacet
   facet normal -7.071068e-01 0.000000e+00 7.071068e-01
      outer loop
         vertex 2.367836e+01 8.000025e+00 1.235770e+01
         vertex 2.269230e+01 2.491288e-05 1.137164e+01
         vertex 2.367836e+01 2.491288e-05 1.235770e+01
      endloop
   endfacet
   facet normal -8.191520e-01 0.000000e+00 5.735765e-01
      outer loop
         vertex 2.367836e+01 8.000025e+00 1.235770e+01
         vertex 2.367836e+01 2.491288e-05 1.235770e+01
         vertex 2.447820e+01 8.000025e+00 1.350000e+01
      endloop
   endfacet
   facet normal -8.191520e-01 0.000000e+00 5.735765e-01
      outer loop
         vertex 2.447820e+01 8.000025e+00 1.350000e+01
         vertex 2.367836e+01 2.491288e-05 1.235770e+01
         vertex 2.447820e+01 2.491288e-05 1.350000e+01
      endloop
   endfacet
   facet normal -9.063078e-01 0.000000e+00 4.226182e-01
      outer loop
         vertex 2.447820e+01 8.000025e+00 1.350000e+01
         vertex 2.447820e+01 2.491288e-05 1.350000e+01
         vertex 2.506754e+01 8.000025e+00 1.476384e+01
      endloop
   endfacet
   facet normal -9.063078e-01 0.000000e+00 4.226182e-01
      outer loop
         vertex 2.506754e+01 8.000025e+00 1.476384e+01
         vertex 2.447820e+01 2.491288e-05 1.350000e+01
         vertex 2.506754e+01 2.491288e-05 1.476384e+01
      endloop
   endfacet
   facet normal -9.659258e-01 0.000000e+00 2.588190e-01
      outer loop
         vertex 2.506754e+01 8.000025e+00 1.476384e+01
         vertex 2.506754e+01 2.491288e-05 1.476384e+01
         vertex 2.542846e+01 8.000025e+00 1.611081e+01
      endloop
   endfacet
   facet normal -9.659258e-01 0.000000e+00 2.588190e-01
      outer loop
         vertex 2.542846e+01 8.000025e+00 1.611081e+01
         vertex 2.506754e+01 2.491288e-05 1.476384e+01
         vertex 2.542846e+01 2.491288e-05 1.611081e+01
      endloop
   endfacet
   facet normal -9.961947e-01 0.000000e+00 8.715613e-02
      outer loop
         vertex 2.542846e+01 8.000025e+00 1.611081e+01
         vertex 2.542846e+01 2.491288e-05 1.611081e+01
         vertex 2.555000e+01 2.491288e-05 1.750000e+01
      endloop
   endfacet
   facet normal 9.961947e-01 0.000000e+00 8.715613e-02
      outer loop
         vertex 9.671539e+00 8.000025e+00 1.611081e+01
         vertex 9.550001e+00 8.000025e+00 1.750000e+01
         vertex 9.671539e+00 2.491288e-05 1.611081e+01
      endloop
   endfacet
   facet normal 9.961947e-01 4.270875e-17 8.715613e-02
      outer loop
         vertex 9.671539e+00 2.491288e-05 1.611081e+01
         vertex 9.550001e+00 8.000025e+00 1.750000e+01
         vertex 9.550001e+00 4.000025e+00 1.750000e+01
      endloop
   endfacet
   facet normal 9.961947e-01 0.000000e+00 8.715613e-02
      outer loop
         vertex 9.671539e+00 2.491288e-05 1.611081e+01
         vertex 9.550001e+00 4.000025e+00 1.750000e+01
         vertex 9.550001e+00 2.491288e-05 1.750000e+01
      endloop
   endfacet
   facet normal 9.961947e-01 0.000000e+00 -8.715613e-02
      outer loop
         vertex 9.550001e+00 2.491288e-05 1.750000e+01
         vertex 9.550001e+00 4.000025e+00 1.750000e+01
         vertex 9.671539e+00 8.000025e+00 1.888919e+01
      endloop
   endfacet
   facet normal 9.961947e-01 0.000000e+00 -8.715613e-02
      outer loop
         vertex 9.550001e+00 2.491288e-05 1.750000e+01
         vertex 9.671539e+00 8.000025e+00 1.888919e+01
         vertex 9.671539e+00 2.491288e-05 1.888919e+01
      endloop
   endfacet
   facet normal 9.659258e-01 0.000000e+00 -2.588190e-01
      outer loop
         vertex 9.671539e+00 2.491288e-05 1.888919e+01
         vertex 9.671539e+00 8.000025e+00 1.888919e+01
         vertex 1.003246e+01 2.491288e-05 2.023616e+01
      endloop
   endfacet
   facet normal 9.972038e-01 0.000000e+00 -7.473004e-02
      outer loop
         vertex 3.485454e+01 8.000025e+00 1.489176e+01
         vertex 3.505000e+01 8.000025e+00 1.750000e+01
         vertex 3.505000e+01 4.000025e+00 1.750000e+01
      endloop
   endfacet
   facet normal 9.972038e-01 -0.000000e+00 7.473004e-02
      outer loop
         vertex 3.505000e+01 4.000025e+00 1.750000e+01
         vertex 3.505000e+01 8.000025e+00 1.750000e+01
         vertex 3.485454e+01 8.000025e+00 2.010824e+01
      endloop
   endfacet
   facet normal 9.972038e-01 0.000000e+00 7.473004e-02
      outer loop
         vertex 3.505000e+01 4.000025e+00 1.750000e+01
         vertex 3.485454e+01 8.000025e+00 2.010824e+01
         vertex 3.485454e+01 2.491288e-05 2.010824e+01
      endloop
   endfacet
   facet normal 9.749279e-01 -0.000000e+00 2.225208e-01
      outer loop
         vertex 3.485454e+01 2.491288e-05 2.010824e+01
         vertex 3.485454e+01 8.000025e+00 2.010824e+01
         vertex 3.427253e+01 8.000025e+00 2.265822e+01
      endloop
   endfacet
   facet normal 9.749279e-01 0.000000e+00 2.225208e-01
      outer loop
         vertex 3.485454e+01 2.491288e-05 2.010824e+01
         vertex 3.427253e+01 8.000025e+00 2.265822e+01
         vertex 3.427253e+01 2.491288e-05 2.265822e+01
      endloop
   endfacet
   facet normal 9.308738e-01 -0.000000e+00 3.653410e-01
      outer loop
         vertex 3.427253e+01 2.491288e-05 2.265822e+01
         vertex 3.427253e+01 8.000025e+00 2.265822e+01
         vertex 3.331696e+01 8.000025e+00 2.509297e+01
      endloop
   endfacet
   facet normal 9.308738e-01 0.000000e+00 3.653410e-01
      outer loop
         vertex 3.427253e+01 2.491288e-05 2.265822e+01
         vertex 3.331696e+01 8.000025e+00 2.509297e+01
         vertex 3.331696e+01 2.491288e-05 2.509297e+01
      endloop
   endfacet
   facet normal 8.660253e-01 -0.000000e+00 5.000002e-01
      outer loop
         vertex 3.331696e+01 2.491288e-05 2.509297e+01
         vertex 3.331696e+01 8.000025e+00 2.509297e+01
         vertex 3.200918e+01 8.000025e+00 2.735810e+01
      endloop
   endfacet
   facet normal 8.660253e-01 0.000000e+00 5.000002e-01
      outer loop
         vertex 3.331696e+01 2.491288e-05 2.509297e+01
         vertex 3.200918e+01 8.000025e+00 2.735810e+01
         vertex 3.200918e+01 2.491288e-05 2.735810e+01
      endloop
   endfacet
   facet normal 7.818316e-01 -0.000000e+00 6.234897e-01
      outer loop
         vertex 3.200918e+01 2.491288e-05 2.735810e+01
         vertex 3.200918e+01 8.000025e+00 2.735810e+01
         vertex 3.037841e+01 8.000025e+00 2.940302e+01
      endloop
   endfacet
   facet normal 7.818316e-01 0.000000e+00 6.234897e-01
      outer loop
         vertex 3.200918e+01 2.491288e-05 2.735810e+01
         vertex 3.037841e+01 8.000025e+00 2.940302e+01
         vertex 3.037841e+01 2.491288e-05 2.940302e+01
      endloop
   endfacet
   facet normal 6.801726e-01 -0.000000e+00 7.330520e-01
      outer loop
         vertex 3.037841e+01 2.491288e-05 2.940302e+01
         vertex 3.037841e+01 8.000025e+00 2.940302e+01
         vertex 2.846107e+01 8.000025e+00 3.118205e+01
      endloop
   endfacet
   facet normal 6.801726e-01 0.000000e+00 7.330520e-01
      outer loop
         vertex 3.037841e+01 2.491288e-05 2.940302e+01
         vertex 2.846107e+01 8.000025e+00 3.118205e+01
         vertex 2.846107e+01 2.491288e-05 3.118205e+01
      endloop
   endfacet
   facet normal 5.633202e-01 -0.000000e+00 8.262387e-01
      outer loop
         vertex 2.846107e+01 2.491288e-05 3.118205e+01
         vertex 2.846107e+01 8.000025e+00 3.118205e+01
         vertex 2.630000e+01 8.000025e+00 3.265544e+01
      endloop
   endfacet
   facet normal 5.633202e-01 0.000000e+00 8.262387e-01
      outer loop
         vertex 2.846107e+01 2.491288e-05 3.118205e+01
         vertex 2.630000e+01 8.000025e+00 3.265544e+01
         vertex 2.630000e+01 2.491288e-05 3.265544e+01
      endloop
   endfacet
   facet normal 4.338836e-01 -0.000000e+00 9.009690e-01
      outer loop
         vertex 2.630000e+01 2.491288e-05 3.265544e+01
         vertex 2.630000e+01 8.000025e+00 3.265544e+01
         vertex 2.394347e+01 8.000025e+00 3.379029e+01
      endloop
   endfacet
   facet normal 4.338836e-01 0.000000e+00 9.009690e-01
      outer loop
         vertex 2.630000e+01 2.491288e-05 3.265544e+01
         vertex 2.394347e+01 8.000025e+00 3.379029e+01
         vertex 2.394347e+01 2.491288e-05 3.379029e+01
      endloop
   endfacet
   facet normal 2.947555e-01 -0.000000e+00 9.555727e-01
      outer loop
         vertex 2.394347e+01 2.491288e-05 3.379029e+01
         vertex 2.394347e+01 8.000025e+00 3.379029e+01
         vertex 2.144412e+01 8.000025e+00 3.456124e+01
      endloop
   endfacet
   facet normal 2.947555e-01 0.000000e+00 9.555727e-01
      outer loop
         vertex 2.394347e+01 2.491288e-05 3.379029e+01
         vertex 2.144412e+01 8.000025e+00 3.456124e+01
         vertex 2.144412e+01 2.491288e-05 3.456124e+01
      endloop
   endfacet
   facet normal 1.490421e-01 -0.000000e+00 9.888309e-01
      outer loop
         vertex 2.144412e+01 2.491288e-05 3.456124e+01
         vertex 2.144412e+01 8.000025e+00 3.456124e+01
         vertex 1.885778e+01 8.000025e+00 3.495107e+01
      endloop
   endfacet
   facet normal 1.490421e-01 0.000000e+00 9.888309e-01
      outer loop
         vertex 2.144412e+01 2.491288e-05 3.456124e+01
         vertex 1.885778e+01 8.000025e+00 3.495107e+01
         vertex 1.885778e+01 2.491288e-05 3.495107e+01
      endloop
   endfacet
   facet normal 3.739119e-02 -0.000000e+00 9.993007e-01
      outer loop
         vertex 1.885778e+01 2.491288e-05 3.495107e+01
         vertex 1.885778e+01 8.000025e+00 3.495107e+01
         vertex 1.755000e+01 8.000025e+00 3.500000e+01
      endloop
   endfacet
   facet normal 0.000000e+00 -6.116579e-03 9.999813e-01
      outer loop
         vertex 1.885778e+01 2.491288e-05 3.495107e+01
         vertex 1.755000e+01 8.000025e+00 3.500000e+01
         vertex 1.624222e+01 2.491288e-05 3.495107e+01
      endloop
   endfacet
   facet normal 9.972038e-01 -4.048058e-17 7.473004e-02
      outer loop
         vertex 3.485454e+01 2.491288e-05 2.010824e+01
         vertex 3.505000e+01 2.491288e-05 1.750000e+01
         vertex 3.505000e+01 4.000025e+00 1.750000e+01
      endloop
   endfacet
   facet normal 9.972038e-01 4.003908e-17 -7.473004e-02
      outer loop
         vertex 3.505000e+01 4.000025e+00 1.750000e+01
         vertex 3.505000e+01 2.491288e-05 1.750000e+01
         vertex 3.485454e+01 2.491288e-05 1.489176e+01
      endloop
   endfacet
   facet normal 9.972038e-01 0.000000e+00 -7.473004e-02
      outer loop
         vertex 3.505000e+01 4.000025e+00 1.750000e+01
         vertex 3.485454e+01 2.491288e-05 1.489176e+01
         vertex 3.485454e+01 8.000025e+00 1.489176e+01
      endloop
   endfacet
   facet normal 9.749279e-01 0.000000e+00 -2.225208e-01
      outer loop
         vertex 3.485454e+01 8.000025e+00 1.489176e+01
         vertex 3.485454e+01 2.491288e-05 1.489176e+01
         vertex 3.427253e+01 2.491288e-05 1.234178e+01
      endloop
   endfacet
   facet normal 9.749279e-01 0.000000e+00 -2.225208e-01
      outer loop
         vertex 3.485454e+01 8.000025e+00 1.489176e+01
         vertex 3.427253e+01 2.491288e-05 1.234178e+01
         vertex 3.427253e+01 8.000025e+00 1.234178e+01
      endloop
   endfacet
   facet normal 9.308738e-01 0.000000e+00 -3.653410e-01
      outer loop
         vertex 3.427253e+01 8.000025e+00 1.234178e+01
         vertex 3.427253e+01 2.491288e-05 1.234178e+01
         vertex 3.331696e+01 2.491288e-05 9.907035e+00
      endloop
   endfacet
   facet normal 9.308738e-01 0.000000e+00 -3.653410e-01
      outer loop
         vertex 3.427253e+01 8.000025e+00 1.234178e+01
         vertex 3.331696e+01 2.491288e-05 9.907035e+00
         vertex 3.331696e+01 8.000025e+00 9.907035e+00
      endloop
   endfacet
   facet normal 8.660253e-01 0.000000e+00 -5.000002e-01
      outer loop
         vertex 3.331696e+01 8.000025e+00 9.907035e+00
         vertex 3.331696e+01 2.491288e-05 9.907035e+00
         vertex 3.200918e+01 2.491288e-05 7.641899e+00
      endloop
   endfacet
   facet normal 8.660253e-01 0.000000e+00 -5.000002e-01
      outer loop
         vertex 3.331696e+01 8.000025e+00 9.907035e+00
         vertex 3.200918e+01 2.491288e-05 7.641899e+00
         vertex 3.200918e+01 8.000025e+00 7.641899e+00
      endloop
   endfacet
   facet normal 7.818316e-01 0.000000e+00 -6.234897e-01
      outer loop
         vertex 3.200918e+01 8.000025e+00 7.641899e+00
         vertex 3.200918e+01 2.491288e-05 7.641899e+00
         vertex 3.037841e+01 2.491288e-05 5.596977e+00
      endloop
   endfacet
   facet normal 7.818316e-01 0.000000e+00 -6.234897e-01
      outer loop
         vertex 3.200918e+01 8.000025e+00 7.641899e+00
         vertex 3.037841e+01 2.491288e-05 5.596977e+00
         vertex 3.037841e+01 8.000025e+00 5.596977e+00
      endloop
   endfacet
   facet normal 6.801726e-01 0.000000e+00 -7.330520e-01
      outer loop
         vertex 3.037841e+01 8.000025e+00 5.596977e+00
         vertex 3.037841e+01 2.491288e-05 5.596977e+00
         vertex 2.846107e+01 2.491288e-05 3.817949e+00
      endloop
   endfacet
   facet normal 6.801726e-01 0.000000e+00 -7.330520e-01
      outer loop
         vertex 3.037841e+01 8.000025e+00 5.596977e+00
         vertex 2.846107e+01 2.491288e-05 3.817949e+00
         vertex 2.846107e+01 8.000025e+00 3.817949e+00
      endloop
   endfacet
   facet normal 5.633202e-01 0.000000e+00 -8.262387e-01
      outer loop
         vertex 2.846107e+01 8.000025e+00 3.817949e+00
         vertex 2.846107e+01 2.491288e-05 3.817949e+00
         vertex 2.630000e+01 2.491288e-05 2.344555e+00
      endloop
   endfacet
   facet normal 5.633202e-01 0.000000e+00 -8.262387e-01
      outer loop
         vertex 2.846107e+01 8.000025e+00 3.817949e+00
         vertex 2.630000e+01 2.491288e-05 2.344555e+00
         vertex 2.630000e+01 8.000025e+00 2.344555e+00
      endloop
   endfacet
   facet normal 4.338836e-01 0.000000e+00 -9.009690e-01
      outer loop
         vertex 2.630000e+01 8.000025e+00 2.344555e+00
         vertex 2.630000e+01 2.491288e-05 2.344555e+00
         vertex 2.394347e+01 2.491288e-05 1.209710e+00
      endloop
   endfacet
   facet normal 4.338836e-01 0.000000e+00 -9.009690e-01
      outer loop
         vertex 2.630000e+01 8.000025e+00 2.344555e+00
         vertex 2.394347e+01 2.491288e-05 1.209710e+00
         vertex 2.394347e+01 8.000025e+00 1.209710e+00
      endloop
   endfacet
   facet normal 2.947555e-01 0.000000e+00 -9.555727e-01
      outer loop
         vertex 2.394347e+01 8.000025e+00 1.209710e+00
         vertex 2.394347e+01 2.491288e-05 1.209710e+00
         vertex 2.144412e+01 2.491288e-05 4.387610e-01
      endloop
   endfacet
   facet normal 2.947555e-01 0.000000e+00 -9.555727e-01
      outer loop
         vertex 2.394347e+01 8.000025e+00 1.209710e+00
         vertex 2.144412e+01 2.491288e-05 4.387610e-01
         vertex 2.144412e+01 8.000025e+00 4.387610e-01
      endloop
   endfacet
   facet normal 1.490421e-01 0.000000e+00 -9.888309e-01
      outer loop
         vertex 2.144412e+01 8.000025e+00 4.387610e-01
         vertex 2.144412e+01 2.491288e-05 4.387610e-01
         vertex 1.885778e+01 2.491288e-05 4.893355e-02
      endloop
   endfacet
   facet normal 1.490421e-01 0.000000e+00 -9.888309e-01
      outer loop
         vertex 2.144412e+01 8.000025e+00 4.387610e-01
         vertex 1.885778e+01 2.491288e-05 4.893355e-02
         vertex 1.885778e+01 8.000025e+00 4.893355e-02
      endloop
   endfacet
   facet normal 0.000000e+00 -0.000000e+00 -1.000000e+00
      outer loop
         vertex 1.885778e+01 8.000025e+00 4.893355e-02
         vertex 1.885778e+01 2.491288e-05 4.893355e-02
         vertex 1.624222e+01 2.491288e-05 4.893355e-02
      endloop
   endfacet
   facet normal -0.000000e+00 0.000000e+00 -1.000000e+00
      outer loop
         vertex 1.885778e+01 8.000025e+00 4.893355e-02
         vertex 1.624222e+01 2.491288e-05 4.893355e-02
         vertex 1.624222e+01 8.000025e+00 4.893355e-02
      endloop
   endfacet
   facet normal -1.490421e-01 -0.000000e+00 -9.888309e-01
      outer loop
         vertex 1.624222e+01 8.000025e+00 4.893355e-02
         vertex 1.624222e+01 2.491288e-05 4.893355e-02
         vertex 1.365588e+01 2.491288e-05 4.387610e-01
      endloop
   endfacet
   facet normal -1.490421e-01 0.000000e+00 -9.888309e-01
      outer loop
         vertex 1.624222e+01 8.000025e+00 4.893355e-02
         vertex 1.365588e+01 2.491288e-05 4.387610e-01
         vertex 1.365588e+01 8.000025e+00 4.387610e-01
      endloop
   endfacet
   facet normal -2.947555e-01 -0.000000e+00 -9.555727e-01
      outer loop
         vertex 1.365588e+01 8.000025e+00 4.387610e-01
         vertex 1.365588e+01 2.491288e-05 4.387610e-01
         vertex 1.115653e+01 2.491288e-05 1.209710e+00
      endloop
   endfacet
   facet normal -2.947555e-01 0.000000e+00 -9.555727e-01
      outer loop
         vertex 1.365588e+01 8.000025e+00 4.387610e-01
         vertex 1.115653e+01 2.491288e-05 1.209710e+00
         vertex 1.115653e+01 8.000025e+00 1.209710e+00
      endloop
   endfacet
   facet normal -4.338836e-01 -0.000000e+00 -9.009690e-01
      outer loop
         vertex 1.115653e+01 8.000025e+00 1.209710e+00
         vertex 1.115653e+01 2.491288e-05 1.209710e+00
         vertex 8.800001e+00 2.491288e-05 2.344555e+00
      endloop
   endfacet
   facet normal -4.338836e-01 0.000000e+00 -9.009690e-01
      outer loop
         vertex 1.115653e+01 8.000025e+00 1.209710e+00
         vertex 8.800001e+00 2.491288e-05 2.344555e+00
         vertex 8.800001e+00 8.000025e+00 2.344555e+00
      endloop
   endfacet
   facet normal -5.633202e-01 -0.000000e+00 -8.262387e-01
      outer loop
         vertex 8.800001e+00 8.000025e+00 2.344555e+00
         vertex 8.800001e+00 2.491288e-05 2.344555e+00
         vertex 6.638929e+00 2.491288e-05 3.817949e+00
      endloop
   endfacet
   facet normal -5.633202e-01 0.000000e+00 -8.262387e-01
      outer loop
         vertex 8.800001e+00 8.000025e+00 2.344555e+00
         vertex 6.638929e+00 2.491288e-05 3.817949e+00
         vertex 6.638929e+00 8.000025e+00 3.817949e+00
      endloop
   endfacet
   facet normal -6.801726e-01 -0.000000e+00 -7.330520e-01
      outer loop
         vertex 6.638929e+00 8.000025e+00 3.817949e+00
         vertex 6.638929e+00 2.491288e-05 3.817949e+00
         vertex 4.721593e+00 2.491288e-05 5.596977e+00
      endloop
   endfacet
   facet normal -6.801726e-01 0.000000e+00 -7.330520e-01
      outer loop
         vertex 6.638929e+00 8.000025e+00 3.817949e+00
         vertex 4.721593e+00 2.491288e-05 5.596977e+00
         vertex 4.721593e+00 8.000025e+00 5.596977e+00
      endloop
   endfacet
   facet normal -7.818316e-01 -0.000000e+00 -6.234897e-01
      outer loop
         vertex 4.721593e+00 8.000025e+00 5.596977e+00
         vertex 4.721593e+00 2.491288e-05 5.596977e+00
         vertex 3.090822e+00 2.491288e-05 7.641899e+00
      endloop
   endfacet
   facet normal -7.818316e-01 0.000000e+00 -6.234897e-01
      outer loop
         vertex 4.721593e+00 8.000025e+00 5.596977e+00
         vertex 3.090822e+00 2.491288e-05 7.641899e+00
         vertex 3.090822e+00 8.000025e+00 7.641899e+00
      endloop
   endfacet
   facet normal -8.660253e-01 -0.000000e+00 -5.000002e-01
      outer loop
         vertex 3.090822e+00 8.000025e+00 7.641899e+00
         vertex 3.090822e+00 2.491288e-05 7.641899e+00
         vertex 1.783045e+00 2.491288e-05 9.907035e+00
      endloop
   endfacet
   facet normal -8.660253e-01 0.000000e+00 -5.000002e-01
      outer loop
         vertex 3.090822e+00 8.000025e+00 7.641899e+00
         vertex 1.783045e+00 2.491288e-05 9.907035e+00
         vertex 1.783045e+00 8.000025e+00 9.907035e+00
      endloop
   endfacet
   facet normal -9.308738e-01 -0.000000e+00 -3.653410e-01
      outer loop
         vertex 1.783045e+00 8.000025e+00 9.907035e+00
         vertex 1.783045e+00 2.491288e-05 9.907035e+00
         vertex 8.274764e-01 2.491288e-05 1.234178e+01
      endloop
   endfacet
   facet normal -9.308738e-01 0.000000e+00 -3.653410e-01
      outer loop
         vertex 1.783045e+00 8.000025e+00 9.907035e+00
         vertex 8.274764e-01 2.491288e-05 1.234178e+01
         vertex 8.274764e-01 8.000025e+00 1.234178e+01
      endloop
   endfacet
   facet normal -9.749279e-01 -0.000000e+00 -2.225208e-01
      outer loop
         vertex 8.274764e-01 8.000025e+00 1.234178e+01
         vertex 8.274764e-01 2.491288e-05 1.234178e+01
         vertex 2.454612e-01 2.491288e-05 1.489176e+01
      endloop
   endfacet
   facet normal -9.749279e-01 0.000000e+00 -2.225208e-01
      outer loop
         vertex 8.274764e-01 8.000025e+00 1.234178e+01
         vertex 2.454612e-01 2.491288e-05 1.489176e+01
         vertex 2.454612e-01 8.000025e+00 1.489176e+01
      endloop
   endfacet
   facet normal -9.972038e-01 -0.000000e+00 -7.473004e-02
      outer loop
         vertex 2.454612e-01 8.000025e+00 1.489176e+01
         vertex 2.454612e-01 2.491288e-05 1.489176e+01
         vertex 5.000085e-02 4.000025e+00 1.750000e+01
      endloop
   endfacet
   facet normal -9.972038e-01 0.000000e+00 -7.473004e-02
      outer loop
         vertex 2.454612e-01 8.000025e+00 1.489176e+01
         vertex 5.000085e-02 4.000025e+00 1.750000e+01
         vertex 5.000085e-02 8.000025e+00 1.750000e+01
      endloop
   endfacet
   facet normal -9.972038e-01 0.000000e+00 7.473004e-02
      outer loop
         vertex 5.000085e-02 8.000025e+00 1.750000e+01
         vertex 5.000085e-02 4.000025e+00 1.750000e+01
         vertex 2.454612e-01 8.000025e+00 2.010824e+01
      endloop
   endfacet
   facet normal -3.739119e-02 0.000000e+00 9.993007e-01
      outer loop
         vertex 1.755000e+01 8.000025e+00 3.500000e+01
         vertex 1.624222e+01 8.000025e+00 3.495107e+01
         vertex 1.624222e+01 2.491288e-05 3.495107e+01
      endloop
   endfacet
   facet normal -1.490421e-01 0.000000e+00 9.888309e-01
      outer loop
         vertex 1.624222e+01 2.491288e-05 3.495107e+01
         vertex 1.624222e+01 8.000025e+00 3.495107e+01
         vertex 1.365588e+01 8.000025e+00 3.456124e+01
      endloop
   endfacet
   facet normal -1.490421e-01 0.000000e+00 9.888309e-01
      outer loop
         vertex 1.624222e+01 2.491288e-05 3.495107e+01
         vertex 1.365588e+01 8.000025e+00 3.456124e+01
         vertex 1.365588e+01 2.491288e-05 3.456124e+01
      endloop
   endfacet
   facet normal -2.947555e-01 0.000000e+00 9.555727e-01
      outer loop
         vertex 1.365588e+01 2.491288e-05 3.456124e+01
         vertex 1.365588e+01 8.000025e+00 3.456124e+01
         vertex 1.115653e+01 8.000025e+00 3.379029e+01
      endloop
   endfacet
   facet normal -2.947555e-01 0.000000e+00 9.555727e-01
      outer loop
         vertex 1.365588e+01 2.491288e-05 3.456124e+01
         vertex 1.115653e+01 8.000025e+00 3.379029e+01
         vertex 1.115653e+01 2.491288e-05 3.379029e+01
      endloop
   endfacet
   facet normal -4.338836e-01 0.000000e+00 9.009690e-01
      outer loop
         vertex 1.115653e+01 2.491288e-05 3.379029e+01
         vertex 1.115653e+01 8.000025e+00 3.379029e+01
         vertex 8.800001e+00 8.000025e+00 3.265544e+01
      endloop
   endfacet
   facet normal -4.338836e-01 0.000000e+00 9.009690e-01
      outer loop
         vertex 1.115653e+01 2.491288e-05 3.379029e+01
         vertex 8.800001e+00 8.000025e+00 3.265544e+01
         vertex 8.800001e+00 2.491288e-05 3.265544e+01
      endloop
   endfacet
   facet normal -5.633202e-01 0.000000e+00 8.262387e-01
      outer loop
         vertex 8.800001e+00 2.491288e-05 3.265544e+01
         vertex 8.800001e+00 8.000025e+00 3.265544e+01
         vertex 6.638929e+00 8.000025e+00 3.118205e+01
      endloop
   endfacet
   facet normal -5.633202e-01 0.000000e+00 8.262387e-01
      outer loop
         vertex 8.800001e+00 2.491288e-05 3.265544e+01
         vertex 6.638929e+00 8.000025e+00 3.118205e+01
         vertex 6.638929e+00 2.491288e-05 3.118205e+01
      endloop
   endfacet
   facet normal -6.801726e-01 0.000000e+00 7.330520e-01
      outer loop
         vertex 6.638929e+00 2.491288e-05 3.118205e+01
         vertex 6.638929e+00 8.000025e+00 3.118205e+01
         vertex 4.721593e+00 8.000025e+00 2.940302e+01
      endloop
   endfacet
   facet normal -6.801726e-01 0.000000e+00 7.330520e-01
      outer loop
         vertex 6.638929e+00 2.491288e-05 3.118205e+01
         vertex 4.721593e+00 8.000025e+00 2.940302e+01
         vertex 4.721593e+00 2.491288e-05 2.940302e+01
      endloop
   endfacet
   facet normal -7.818316e-01 0.000000e+00 6.234897e-01
      outer loop
         vertex 4.721593e+00 2.491288e-05 2.940302e+01
         vertex 4.721593e+00 8.000025e+00 2.940302e+01
         vertex 3.090822e+00 8.000025e+00 2.735810e+01
      endloop
   endfacet
   facet normal -7.818316e-01 0.000000e+00 6.234897e-01
      outer loop
         vertex 4.721593e+00 2.491288e-05 2.940302e+01
         vertex 3.090822e+00 8.000025e+00 2.735810e+01
         vertex 3.090822e+00 2.491288e-05 2.735810e+01
      endloop
   endfacet
   facet normal -8.660253e-01 0.000000e+00 5.000002e-01
      outer loop
         vertex 3.090822e+00 2.491288e-05 2.735810e+01
         vertex 3.090822e+00 8.000025e+00 2.735810e+01
         vertex 1.783045e+00 8.000025e+00 2.509297e+01
      endloop
   endfacet
   facet normal -8.660253e-01 0.000000e+00 5.000002e-01
      outer loop
         vertex 3.090822e+00 2.491288e-05 2.735810e+01
         vertex 1.783045e+00 8.000025e+00 2.509297e+01
         vertex 1.783045e+00 2.491288e-05 2.509297e+01
      endloop
   endfacet
   facet normal -9.308738e-01 0.000000e+00 3.653410e-01
      outer loop
         vertex 1.783045e+00 2.491288e-05 2.509297e+01
         vertex 1.783045e+00 8.000025e+00 2.509297e+01
         vertex 8.274764e-01 8.000025e+00 2.265822e+01
      endloop
   endfacet
   facet normal -9.308738e-01 0.000000e+00 3.653410e-01
      outer loop
         vertex 1.783045e+00 2.491288e-05 2.509297e+01
         vertex 8.274764e-01 8.000025e+00 2.265822e+01
         vertex 8.274764e-01 2.491288e-05 2.265822e+01
      endloop
   endfacet
   facet normal -9.749279e-01 0.000000e+00 2.225208e-01
      outer loop
         vertex 8.274764e-01 2.491288e-05 2.265822e+01
         vertex 8.274764e-01 8.000025e+00 2.265822e+01
         vertex 2.454612e-01 8.000025e+00 2.010824e+01
      endloop
   endfacet
   facet normal -9.749279e-01 0.000000e+00 2.225208e-01
      outer loop
         vertex 8.274764e-01 2.491288e-05 2.265822e+01
         vertex 2.454612e-01 8.000025e+00 2.010824e+01
         vertex 2.454612e-01 2.491288e-05 2.010824e+01
      endloop
   endfacet
   facet normal -9.972038e-01 0.000000e+00 7.473004e-02
      outer loop
         vertex 2.454612e-01 2.491288e-05 2.010824e+01
         vertex 2.454612e-01 8.000025e+00 2.010824e+01
         vertex 5.000085e-02 4.000025e+00 1.750000e+01
      endloop
   endfacet
   facet normal -9.972038e-01 0.000000e+00 7.473004e-02
      outer loop
         vertex 2.454612e-01 2.491288e-05 2.010824e+01
         vertex 5.000085e-02 4.000025e+00 1.750000e+01
         vertex 5.000085e-02 2.491288e-05 1.750000e+01
      endloop
   endfacet
   facet normal -9.972038e-01 0.000000e+00 -7.473004e-02
      outer loop
         vertex 5.000085e-02 2.491288e-05 1.750000e+01
         vertex 5.000085e-02 4.000025e+00 1.750000e+01
         vertex 2.454612e-01 2.491288e-05 1.489176e+01
      endloop
   endfacet
   facet normal 0.000000e+00 -1.000000e+00 0.000000e+00
      outer loop
         vertex 1.115653e+01 2.491288e-05 1.209710e+00
         vertex 1.275000e+01 2.491288e-05 7.375000e+00
         vertex 8.504329e+00 2.491288e-05 7.375000e+00
      endloop
   endfacet
   facet normal 0.000000e+00 -1.000000e+00 -0.000000e+00
      outer loop
         vertex 2.394347e+01 2.491288e-05 3.379029e+01
         vertex 2.235000e+01 2.491288e-05 2.762500e+01
         vertex 2.659567e+01 2.491288e-05 2.762500e+01
      endloop
   endfacet
   facet normal 0.000000e+00 -1.000000e+00 -0.000000e+00
      outer loop
         vertex 1.782784e+01 2.491288e-05 2.942431e+01
         vertex 1.755000e+01 2.491288e-05 2.940000e+01
         vertex 2.235000e+01 2.491288e-05 2.762500e+01
      endloop
   endfacet
   facet normal 0.000000e+00 -1.000000e+00 0.000000e+00
      outer loop
         vertex 6.405890e+00 2.491288e-05 2.575351e+01
         vertex 6.658658e+00 2.491288e-05 2.563564e+01
         vertex 8.504329e+00 2.491288e-05 2.567500e+01
      endloop
   endfacet
   facet normal 0.000000e+00 -1.000000e+00 0.000000e+00
      outer loop
         vertex 8.504329e+00 2.491288e-05 2.567500e+01
         vertex 6.658658e+00 2.491288e-05 2.563564e+01
         vertex 6.887118e+00 2.491288e-05 2.547567e+01
      endloop
   endfacet
   facet normal 0.000000e+00 -1.000000e+00 0.000000e+00
      outer loop
         vertex 8.504329e+00 2.491288e-05 2.567500e+01
         vertex 6.887118e+00 2.491288e-05 2.547567e+01
         vertex 7.084329e+00 2.491288e-05 2.527846e+01
      endloop
   endfacet
   facet normal 0.000000e+00 -1.000000e+00 -0.000000e+00
      outer loop
         vertex 7.244298e+00 2.491288e-05 2.345000e+01
         vertex 7.084329e+00 2.491288e-05 2.322154e+01
         vertex 8.504329e+00 2.491288e-05 1.750000e+01
      endloop
   endfacet
   facet normal 0.000000e+00 -1.000000e+00 0.000000e+00
      outer loop
         vertex 7.084329e+00 2.491288e-05 2.527846e+01
         vertex 7.244298e+00 2.491288e-05 2.505000e+01
         vertex 8.504329e+00 2.491288e-05 2.567500e+01
      endloop
   endfacet
   facet normal 0.000000e+00 -1.000000e+00 0.000000e+00
      outer loop
         vertex 8.504329e+00 2.491288e-05 2.567500e+01
         vertex 7.244298e+00 2.491288e-05 2.505000e+01
         vertex 7.362166e+00 2.491288e-05 2.479723e+01
      endloop
   endfacet
   facet normal 0.000000e+00 -1.000000e+00 0.000000e+00
      outer loop
         vertex 8.504329e+00 2.491288e-05 2.567500e+01
         vertex 7.362166e+00 2.491288e-05 2.479723e+01
         vertex 7.434350e+00 2.491288e-05 2.452784e+01
      endloop
   endfacet
   facet normal -0.000000e+00 -1.000000e+00 0.000000e+00
      outer loop
         vertex 5.311426e+00 2.491288e-05 2.274649e+01
         vertex 5.058658e+00 2.491288e-05 2.286436e+01
         vertex 5.000085e-02 2.491288e-05 1.750000e+01
      endloop
   endfacet
   facet normal 0.000000e+00 -1.000000e+00 0.000000e+00
      outer loop
         vertex 5.000085e-02 2.491288e-05 1.750000e+01
         vertex 5.058658e+00 2.491288e-05 2.286436e+01
         vertex 4.830197e+00 2.491288e-05 2.302433e+01
      endloop
   endfacet
   facet normal 0.000000e+00 -1.000000e+00 0.000000e+00
      outer loop
         vertex 5.000085e-02 2.491288e-05 1.750000e+01
         vertex 4.830197e+00 2.491288e-05 2.302433e+01
         vertex 2.454612e-01 2.491288e-05 2.010824e+01
      endloop
   endfacet
   facet normal 0.000000e+00 -1.000000e+00 -0.000000e+00
      outer loop
         vertex 7.084329e+00 2.491288e-05 2.322154e+01
         vertex 6.887118e+00 2.491288e-05 2.302433e+01
         vertex 8.504329e+00 2.491288e-05 1.750000e+01
      endloop
   endfacet
   facet normal 0.000000e+00 -1.000000e+00 0.000000e+00
      outer loop
         vertex 8.504329e+00 2.491288e-05 1.750000e+01
         vertex 6.887118e+00 2.491288e-05 2.302433e+01
         vertex 6.658658e+00 2.491288e-05 2.286436e+01
      endloop
   endfacet
   facet normal 0.000000e+00 -1.000000e+00 0.000000e+00
      outer loop
         vertex 8.504329e+00 2.491288e-05 1.750000e+01
         vertex 6.658658e+00 2.491288e-05 2.286436e+01
         vertex 6.405890e+00 2.491288e-05 2.274649e+01
      endloop
   endfacet
   facet normal -0.000000e+00 -1.000000e+00 0.000000e+00
      outer loop
         vertex 4.830197e+00 2.491288e-05 2.302433e+01
         vertex 4.632987e+00 2.491288e-05 2.322154e+01
         vertex 2.454612e-01 2.491288e-05 2.010824e+01
      endloop
   endfacet
   facet normal 0.000000e+00 -1.000000e+00 0.000000e+00
      outer loop
         vertex 2.454612e-01 2.491288e-05 2.010824e+01
         vertex 4.632987e+00 2.491288e-05 2.322154e+01
         vertex 4.473018e+00 2.491288e-05 2.345000e+01
      endloop
   endfacet
   facet normal 0.000000e+00 -1.000000e+00 0.000000e+00
      outer loop
         vertex 2.454612e-01 2.491288e-05 2.010824e+01
         vertex 4.473018e+00 2.491288e-05 2.345000e+01
         vertex 8.274764e-01 2.491288e-05 2.265822e+01
      endloop
   endfacet
   facet normal 0.000000e+00 -1.000000e+00 -0.000000e+00
      outer loop
         vertex 6.405890e+00 2.491288e-05 2.274649e+01
         vertex 6.136495e+00 2.491288e-05 2.267431e+01
         vertex 8.504329e+00 2.491288e-05 1.750000e+01
      endloop
   endfacet
   facet normal 0.000000e+00 -1.000000e+00 0.000000e+00
      outer loop
         vertex 8.504329e+00 2.491288e-05 1.750000e+01
         vertex 6.136495e+00 2.491288e-05 2.267431e+01
         vertex 5.858658e+00 2.491288e-05 2.265000e+01
      endloop
   endfacet
   facet normal 0.000000e+00 -1.000000e+00 0.000000e+00
      outer loop
         vertex 8.504329e+00 2.491288e-05 1.750000e+01
         vertex 5.858658e+00 2.491288e-05 2.265000e+01
         vertex 5.000085e-02 2.491288e-05 1.750000e+01
      endloop
   endfacet
   facet normal 0.000000e+00 -1.000000e+00 0.000000e+00
      outer loop
         vertex 5.000085e-02 2.491288e-05 1.750000e+01
         vertex 5.858658e+00 2.491288e-05 2.265000e+01
         vertex 5.580821e+00 2.491288e-05 2.267431e+01
      endloop
   endfacet
   facet normal 0.000000e+00 -1.000000e+00 0.000000e+00
      outer loop
         vertex 5.000085e-02 2.491288e-05 1.750000e+01
         vertex 5.580821e+00 2.491288e-05 2.267431e+01
         vertex 5.311426e+00 2.491288e-05 2.274649e+01
      endloop
   endfacet
   facet normal 0.000000e+00 -1.000000e+00 0.000000e+00
      outer loop
         vertex 7.434350e+00 2.491288e-05 2.452784e+01
         vertex 7.458658e+00 2.491288e-05 2.425000e+01
         vertex 8.504329e+00 2.491288e-05 2.567500e+01
      endloop
   endfacet
   facet normal 0.000000e+00 -1.000000e+00 0.000000e+00
      outer loop
         vertex 8.504329e+00 2.491288e-05 2.567500e+01
         vertex 7.458658e+00 2.491288e-05 2.425000e+01
         vertex 7.434350e+00 2.491288e-05 2.397216e+01
      endloop
   endfacet
   facet normal 0.000000e+00 -1.000000e+00 -0.000000e+00
      outer loop
         vertex 8.504329e+00 2.491288e-05 2.567500e+01
         vertex 7.434350e+00 2.491288e-05 2.397216e+01
         vertex 8.504329e+00 2.491288e-05 1.750000e+01
      endloop
   endfacet
   facet normal 0.000000e+00 -1.000000e+00 0.000000e+00
      outer loop
         vertex 8.504329e+00 2.491288e-05 1.750000e+01
         vertex 7.434350e+00 2.491288e-05 2.397216e+01
         vertex 7.362166e+00 2.491288e-05 2.370277e+01
      endloop
   endfacet
   facet normal 0.000000e+00 -1.000000e+00 0.000000e+00
      outer loop
         vertex 8.504329e+00 2.491288e-05 1.750000e+01
         vertex 7.362166e+00 2.491288e-05 2.370277e+01
         vertex 7.244298e+00 2.491288e-05 2.345000e+01
      endloop
   endfacet
   facet normal -0.000000e+00 -1.000000e+00 0.000000e+00
      outer loop
         vertex 4.473018e+00 2.491288e-05 2.345000e+01
         vertex 4.355149e+00 2.491288e-05 2.370277e+01
         vertex 8.274764e-01 2.491288e-05 2.265822e+01
      endloop
   endfacet
   facet normal 0.000000e+00 -1.000000e+00 0.000000e+00
      outer loop
         vertex 8.274764e-01 2.491288e-05 2.265822e+01
         vertex 4.355149e+00 2.491288e-05 2.370277e+01
         vertex 4.282965e+00 2.491288e-05 2.397216e+01
      endloop
   endfacet
   facet normal 0.000000e+00 -1.000000e+00 0.000000e+00
      outer loop
         vertex 8.274764e-01 2.491288e-05 2.265822e+01
         vertex 4.282965e+00 2.491288e-05 2.397216e+01
         vertex 1.783045e+00 2.491288e-05 2.509297e+01
      endloop
   endfacet
   facet normal 0.000000e+00 -1.000000e+00 0.000000e+00
      outer loop
         vertex 1.783045e+00 2.491288e-05 2.509297e+01
         vertex 4.282965e+00 2.491288e-05 2.397216e+01
         vertex 4.258658e+00 2.491288e-05 2.425000e+01
      endloop
   endfacet
   facet normal 0.000000e+00 -1.000000e+00 0.000000e+00
      outer loop
         vertex 4.258658e+00 2.491288e-05 2.425000e+01
         vertex 4.282965e+00 2.491288e-05 2.452784e+01
         vertex 1.783045e+00 2.491288e-05 2.509297e+01
      endloop
   endfacet
   facet normal 0.000000e+00 -1.000000e+00 0.000000e+00
      outer loop
         vertex 1.783045e+00 2.491288e-05 2.509297e+01
         vertex 4.282965e+00 2.491288e-05 2.452784e+01
         vertex 4.355149e+00 2.491288e-05 2.479723e+01
      endloop
   endfacet
   facet normal 0.000000e+00 -1.000000e+00 0.000000e+00
      outer loop
         vertex 1.783045e+00 2.491288e-05 2.509297e+01
         vertex 4.355149e+00 2.491288e-05 2.479723e+01
         vertex 3.090822e+00 2.491288e-05 2.735810e+01
      endloop
   endfacet
   facet normal 0.000000e+00 -1.000000e+00 0.000000e+00
      outer loop
         vertex 3.090822e+00 2.491288e-05 2.735810e+01
         vertex 4.355149e+00 2.491288e-05 2.479723e+01
         vertex 4.473018e+00 2.491288e-05 2.505000e+01
      endloop
   endfacet
   facet normal 0.000000e+00 -1.000000e+00 0.000000e+00
      outer loop
         vertex 3.090822e+00 2.491288e-05 2.735810e+01
         vertex 4.473018e+00 2.491288e-05 2.505000e+01
         vertex 4.632987e+00 2.491288e-05 2.527846e+01
      endloop
   endfacet
   facet normal 0.000000e+00 -1.000000e+00 0.000000e+00
      outer loop
         vertex 4.632987e+00 2.491288e-05 2.527846e+01
         vertex 4.830197e+00 2.491288e-05 2.547567e+01
         vertex 3.090822e+00 2.491288e-05 2.735810e+01
      endloop
   endfacet
   facet normal 0.000000e+00 -1.000000e+00 0.000000e+00
      outer loop
         vertex 3.090822e+00 2.491288e-05 2.735810e+01
         vertex 4.830197e+00 2.491288e-05 2.547567e+01
         vertex 5.058658e+00 2.491288e-05 2.563564e+01
      endloop
   endfacet
   facet normal 0.000000e+00 -1.000000e+00 0.000000e+00
      outer loop
         vertex 3.090822e+00 2.491288e-05 2.735810e+01
         vertex 5.058658e+00 2.491288e-05 2.563564e+01
         vertex 5.311426e+00 2.491288e-05 2.575351e+01
      endloop
   endfacet
   facet normal 0.000000e+00 -1.000000e+00 0.000000e+00
      outer loop
         vertex 5.580821e+00 2.491288e-05 2.582569e+01
         vertex 5.858658e+00 2.491288e-05 2.585000e+01
         vertex 8.504329e+00 2.491288e-05 2.762500e+01
      endloop
   endfacet
   facet normal 0.000000e+00 -1.000000e+00 0.000000e+00
      outer loop
         vertex 8.504329e+00 2.491288e-05 2.762500e+01
         vertex 5.858658e+00 2.491288e-05 2.585000e+01
         vertex 6.136495e+00 2.491288e-05 2.582569e+01
      endloop
   endfacet
   facet normal 0.000000e+00 -1.000000e+00 0.000000e+00
      outer loop
         vertex 5.311426e+00 2.491288e-05 2.575351e+01
         vertex 5.580821e+00 2.491288e-05 2.582569e+01
         vertex 3.090822e+00 2.491288e-05 2.735810e+01
      endloop
   endfacet
   facet normal 0.000000e+00 -1.000000e+00 0.000000e+00
      outer loop
         vertex 3.090822e+00 2.491288e-05 2.735810e+01
         vertex 5.580821e+00 2.491288e-05 2.582569e+01
         vertex 8.504329e+00 2.491288e-05 2.762500e+01
      endloop
   endfacet
   facet normal 0.000000e+00 -1.000000e+00 0.000000e+00
      outer loop
         vertex 3.090822e+00 2.491288e-05 2.735810e+01
         vertex 8.504329e+00 2.491288e-05 2.762500e+01
         vertex 4.721593e+00 2.491288e-05 2.940302e+01
      endloop
   endfacet
   facet normal 0.000000e+00 -1.000000e+00 0.000000e+00
      outer loop
         vertex 4.721593e+00 2.491288e-05 2.940302e+01
         vertex 8.504329e+00 2.491288e-05 2.762500e+01
         vertex 6.638929e+00 2.491288e-05 3.118205e+01
      endloop
   endfacet
   facet normal 0.000000e+00 -1.000000e+00 0.000000e+00
      outer loop
         vertex 1.624222e+01 2.491288e-05 3.495107e+01
         vertex 1.700277e+01 2.491288e-05 3.250351e+01
         vertex 1.727216e+01 2.491288e-05 3.257569e+01
      endloop
   endfacet
   facet normal 0.000000e+00 -1.000000e+00 0.000000e+00
      outer loop
         vertex 2.235000e+01 2.491288e-05 2.762500e+01
         vertex 1.755000e+01 2.491288e-05 2.940000e+01
         vertex 1.275000e+01 2.491288e-05 2.762500e+01
      endloop
   endfacet
   facet normal 0.000000e+00 -1.000000e+00 0.000000e+00
      outer loop
         vertex 1.275000e+01 2.491288e-05 2.762500e+01
         vertex 1.755000e+01 2.491288e-05 2.940000e+01
         vertex 1.727216e+01 2.491288e-05 2.942431e+01
      endloop
   endfacet
   facet normal 0.000000e+00 -1.000000e+00 0.000000e+00
      outer loop
         vertex 1.275000e+01 2.491288e-05 2.762500e+01
         vertex 1.727216e+01 2.491288e-05 2.942431e+01
         vertex 1.700277e+01 2.491288e-05 2.949649e+01
      endloop
   endfacet
   facet normal 0.000000e+00 -1.000000e+00 0.000000e+00
      outer loop
         vertex 1.624222e+01 2.491288e-05 3.495107e+01
         vertex 1.727216e+01 2.491288e-05 3.257569e+01
         vertex 1.885778e+01 2.491288e-05 3.495107e+01
      endloop
   endfacet
   facet normal 0.000000e+00 -1.000000e+00 0.000000e+00
      outer loop
         vertex 1.885778e+01 2.491288e-05 3.495107e+01
         vertex 1.727216e+01 2.491288e-05 3.257569e+01
         vertex 1.755000e+01 2.491288e-05 3.260000e+01
      endloop
   endfacet
   facet normal 0.000000e+00 -1.000000e+00 0.000000e+00
      outer loop
         vertex 1.885778e+01 2.491288e-05 3.495107e+01
         vertex 1.755000e+01 2.491288e-05 3.260000e+01
         vertex 1.782784e+01 2.491288e-05 3.257569e+01
      endloop
   endfacet
   facet normal -0.000000e+00 -1.000000e+00 0.000000e+00
      outer loop
         vertex 1.700277e+01 2.491288e-05 2.949649e+01
         vertex 1.675000e+01 2.491288e-05 2.961436e+01
         vertex 1.275000e+01 2.491288e-05 2.762500e+01
      endloop
   endfacet
   facet normal 0.000000e+00 -1.000000e+00 0.000000e+00
      outer loop
         vertex 1.275000e+01 2.491288e-05 2.762500e+01
         vertex 1.675000e+01 2.491288e-05 2.961436e+01
         vertex 1.652154e+01 2.491288e-05 2.977433e+01
      endloop
   endfacet
   facet normal 0.000000e+00 -1.000000e+00 0.000000e+00
      outer loop
         vertex 1.275000e+01 2.491288e-05 2.762500e+01
         vertex 1.652154e+01 2.491288e-05 2.977433e+01
         vertex 1.632433e+01 2.491288e-05 2.997154e+01
      endloop
   endfacet
   facet normal 0.000000e+00 -1.000000e+00 0.000000e+00
      outer loop
         vertex 1.365588e+01 2.491288e-05 3.456124e+01
         vertex 1.652154e+01 2.491288e-05 3.222567e+01
         vertex 1.624222e+01 2.491288e-05 3.495107e+01
      endloop
   endfacet
   facet normal 0.000000e+00 -1.000000e+00 0.000000e+00
      outer loop
         vertex 1.624222e+01 2.491288e-05 3.495107e+01
         vertex 1.652154e+01 2.491288e-05 3.222567e+01
         vertex 1.675000e+01 2.491288e-05 3.238564e+01
      endloop
   endfacet
   facet normal 0.000000e+00 -1.000000e+00 0.000000e+00
      outer loop
         vertex 1.624222e+01 2.491288e-05 3.495107e+01
         vertex 1.675000e+01 2.491288e-05 3.238564e+01
         vertex 1.700277e+01 2.491288e-05 3.250351e+01
      endloop
   endfacet
   facet normal 0.000000e+00 -1.000000e+00 0.000000e+00
      outer loop
         vertex 1.115653e+01 2.491288e-05 3.379029e+01
         vertex 1.595000e+01 2.491288e-05 3.100000e+01
         vertex 1.597431e+01 2.491288e-05 3.127784e+01
      endloop
   endfacet
   facet normal 0.000000e+00 -1.000000e+00 -0.000000e+00
      outer loop
         vertex 1.857846e+01 2.491288e-05 2.977433e+01
         vertex 1.835000e+01 2.491288e-05 2.961436e+01
         vertex 2.235000e+01 2.491288e-05 2.762500e+01
      endloop
   endfacet
   facet normal 0.000000e+00 -1.000000e+00 0.000000e+00
      outer loop
         vertex 2.235000e+01 2.491288e-05 2.762500e+01
         vertex 1.835000e+01 2.491288e-05 2.961436e+01
         vertex 1.809723e+01 2.491288e-05 2.949649e+01
      endloop
   endfacet
   facet normal 0.000000e+00 -1.000000e+00 0.000000e+00
      outer loop
         vertex 2.235000e+01 2.491288e-05 2.762500e+01
         vertex 1.809723e+01 2.491288e-05 2.949649e+01
         vertex 1.782784e+01 2.491288e-05 2.942431e+01
      endloop
   endfacet
   facet normal -0.000000e+00 -1.000000e+00 0.000000e+00
      outer loop
         vertex 1.632433e+01 2.491288e-05 2.997154e+01
         vertex 1.616436e+01 2.491288e-05 3.020000e+01
         vertex 1.275000e+01 2.491288e-05 2.762500e+01
      endloop
   endfacet
   facet normal 0.000000e+00 -1.000000e+00 0.000000e+00
      outer loop
         vertex 1.275000e+01 2.491288e-05 2.762500e+01
         vertex 1.616436e+01 2.491288e-05 3.020000e+01
         vertex 1.604649e+01 2.491288e-05 3.045277e+01
      endloop
   endfacet
   facet normal 0.000000e+00 -1.000000e+00 0.000000e+00
      outer loop
         vertex 1.275000e+01 2.491288e-05 2.762500e+01
         vertex 1.604649e+01 2.491288e-05 3.045277e+01
         vertex 1.597431e+01 2.491288e-05 3.072216e+01
      endloop
   endfacet
   facet normal 0.000000e+00 -1.000000e+00 0.000000e+00
      outer loop
         vertex 6.638929e+00 2.491288e-05 3.118205e+01
         vertex 8.504329e+00 2.491288e-05 2.762500e+01
         vertex 8.800001e+00 2.491288e-05 3.265544e+01
      endloop
   endfacet
   facet normal 0.000000e+00 -1.000000e+00 -0.000000e+00
      outer loop
         vertex 8.800001e+00 2.491288e-05 3.265544e+01
         vertex 8.504329e+00 2.491288e-05 2.762500e+01
         vertex 1.275000e+01 2.491288e-05 2.762500e+01
      endloop
   endfacet
   facet normal 0.000000e+00 -1.000000e+00 0.000000e+00
      outer loop
         vertex 8.800001e+00 2.491288e-05 3.265544e+01
         vertex 1.275000e+01 2.491288e-05 2.762500e+01
         vertex 1.115653e+01 2.491288e-05 3.379029e+01
      endloop
   endfacet
   facet normal 0.000000e+00 -1.000000e+00 0.000000e+00
      outer loop
         vertex 1.115653e+01 2.491288e-05 3.379029e+01
         vertex 1.275000e+01 2.491288e-05 2.762500e+01
         vertex 1.597431e+01 2.491288e-05 3.072216e+01
      endloop
   endfacet
   facet normal 0.000000e+00 -1.000000e+00 0.000000e+00
      outer loop
         vertex 1.115653e+01 2.491288e-05 3.379029e+01
         vertex 1.597431e+01 2.491288e-05 3.072216e+01
         vertex 1.595000e+01 2.491288e-05 3.100000e+01
      endloop
   endfacet
   facet normal 0.000000e+00 -1.000000e+00 0.000000e+00
      outer loop
         vertex 1.597431e+01 2.491288e-05 3.127784e+01
         vertex 1.604649e+01 2.491288e-05 3.154723e+01
         vertex 1.115653e+01 2.491288e-05 3.379029e+01
      endloop
   endfacet
   facet normal 0.000000e+00 -1.000000e+00 0.000000e+00
      outer loop
         vertex 1.115653e+01 2.491288e-05 3.379029e+01
         vertex 1.604649e+01 2.491288e-05 3.154723e+01
         vertex 1.616436e+01 2.491288e-05 3.180000e+01
      endloop
   endfacet
   facet normal 0.000000e+00 -1.000000e+00 0.000000e+00
      outer loop
         vertex 1.115653e+01 2.491288e-05 3.379029e+01
         vertex 1.616436e+01 2.491288e-05 3.180000e+01
         vertex 1.365588e+01 2.491288e-05 3.456124e+01
      endloop
   endfacet
   facet normal 0.000000e+00 -1.000000e+00 0.000000e+00
      outer loop
         vertex 1.365588e+01 2.491288e-05 3.456124e+01
         vertex 1.616436e+01 2.491288e-05 3.180000e+01
         vertex 1.632433e+01 2.491288e-05 3.202846e+01
      endloop
   endfacet
   facet normal 0.000000e+00 -1.000000e+00 0.000000e+00
      outer loop
         vertex 1.365588e+01 2.491288e-05 3.456124e+01
         vertex 1.632433e+01 2.491288e-05 3.202846e+01
         vertex 1.652154e+01 2.491288e-05 3.222567e+01
      endloop
   endfacet
   facet normal 0.000000e+00 -1.000000e+00 -0.000000e+00
      outer loop
         vertex 2.144412e+01 2.491288e-05 3.456124e+01
         vertex 1.877567e+01 2.491288e-05 3.202846e+01
         vertex 2.394347e+01 2.491288e-05 3.379029e+01
      endloop
   endfacet
   facet normal 0.000000e+00 -1.000000e+00 0.000000e+00
      outer loop
         vertex 2.394347e+01 2.491288e-05 3.379029e+01
         vertex 1.877567e+01 2.491288e-05 3.202846e+01
         vertex 1.893564e+01 2.491288e-05 3.180000e+01
      endloop
   endfacet
   facet normal 0.000000e+00 -1.000000e+00 0.000000e+00
      outer loop
         vertex 2.394347e+01 2.491288e-05 3.379029e+01
         vertex 1.893564e+01 2.491288e-05 3.180000e+01
         vertex 1.905351e+01 2.491288e-05 3.154723e+01
      endloop
   endfacet
   facet normal 0.000000e+00 -1.000000e+00 0.000000e+00
      outer loop
         vertex 1.782784e+01 2.491288e-05 3.257569e+01
         vertex 1.809723e+01 2.491288e-05 3.250351e+01
         vertex 1.885778e+01 2.491288e-05 3.495107e+01
      endloop
   endfacet
   facet normal 0.000000e+00 -1.000000e+00 0.000000e+00
      outer loop
         vertex 1.885778e+01 2.491288e-05 3.495107e+01
         vertex 1.809723e+01 2.491288e-05 3.250351e+01
         vertex 1.835000e+01 2.491288e-05 3.238564e+01
      endloop
   endfacet
   facet normal 0.000000e+00 -1.000000e+00 -0.000000e+00
      outer loop
         vertex 1.885778e+01 2.491288e-05 3.495107e+01
         vertex 1.835000e+01 2.491288e-05 3.238564e+01
         vertex 2.144412e+01 2.491288e-05 3.456124e+01
      endloop
   endfacet
   facet normal 0.000000e+00 -1.000000e+00 0.000000e+00
      outer loop
         vertex 2.144412e+01 2.491288e-05 3.456124e+01
         vertex 1.835000e+01 2.491288e-05 3.238564e+01
         vertex 1.857846e+01 2.491288e-05 3.222567e+01
      endloop
   endfacet
   facet normal 0.000000e+00 -1.000000e+00 0.000000e+00
      outer loop
         vertex 2.144412e+01 2.491288e-05 3.456124e+01
         vertex 1.857846e+01 2.491288e-05 3.222567e+01
         vertex 1.877567e+01 2.491288e-05 3.202846e+01
      endloop
   endfacet
   facet normal 0.000000e+00 -1.000000e+00 -0.000000e+00
      outer loop
         vertex 1.905351e+01 2.491288e-05 3.045277e+01
         vertex 1.893564e+01 2.491288e-05 3.020000e+01
         vertex 2.235000e+01 2.491288e-05 2.762500e+01
      endloop
   endfacet
   facet normal 0.000000e+00 -1.000000e+00 0.000000e+00
      outer loop
         vertex 2.235000e+01 2.491288e-05 2.762500e+01
         vertex 1.893564e+01 2.491288e-05 3.020000e+01
         vertex 1.877567e+01 2.491288e-05 2.997154e+01
      endloop
   endfacet
   facet normal 0.000000e+00 -1.000000e+00 0.000000e+00
      outer loop
         vertex 2.235000e+01 2.491288e-05 2.762500e+01
         vertex 1.877567e+01 2.491288e-05 2.997154e+01
         vertex 1.857846e+01 2.491288e-05 2.977433e+01
      endloop
   endfacet
   facet normal 0.000000e+00 -1.000000e+00 0.000000e+00
      outer loop
         vertex 1.905351e+01 2.491288e-05 3.154723e+01
         vertex 1.912569e+01 2.491288e-05 3.127784e+01
         vertex 2.394347e+01 2.491288e-05 3.379029e+01
      endloop
   endfacet
   facet normal 0.000000e+00 -1.000000e+00 0.000000e+00
      outer loop
         vertex 2.394347e+01 2.491288e-05 3.379029e+01
         vertex 1.912569e+01 2.491288e-05 3.127784e+01
         vertex 1.915000e+01 2.491288e-05 3.100000e+01
      endloop
   endfacet
   facet normal 0.000000e+00 -1.000000e+00 0.000000e+00
      outer loop
         vertex 2.394347e+01 2.491288e-05 3.379029e+01
         vertex 1.915000e+01 2.491288e-05 3.100000e+01
         vertex 2.235000e+01 2.491288e-05 2.762500e+01
      endloop
   endfacet
   facet normal 0.000000e+00 -1.000000e+00 0.000000e+00
      outer loop
         vertex 2.235000e+01 2.491288e-05 2.762500e+01
         vertex 1.915000e+01 2.491288e-05 3.100000e+01
         vertex 1.912569e+01 2.491288e-05 3.072216e+01
      endloop
   endfacet
   facet normal 0.000000e+00 -1.000000e+00 0.000000e+00
      outer loop
         vertex 2.235000e+01 2.491288e-05 2.762500e+01
         vertex 1.912569e+01 2.491288e-05 3.072216e+01
         vertex 1.905351e+01 2.491288e-05 3.045277e+01
      endloop
   endfacet
   facet normal 0.000000e+00 -1.000000e+00 0.000000e+00
      outer loop
         vertex 2.659567e+01 2.491288e-05 2.762500e+01
         vertex 3.200918e+01 2.491288e-05 2.735810e+01
         vertex 3.037841e+01 2.491288e-05 2.940302e+01
      endloop
   endfacet
   facet normal -0.000000e+00 -1.000000e+00 0.000000e+00
      outer loop
         vertex 3.037841e+01 2.491288e-05 2.940302e+01
         vertex 2.846107e+01 2.491288e-05 3.118205e+01
         vertex 2.659567e+01 2.491288e-05 2.762500e+01
      endloop
   endfacet
   facet normal 0.000000e+00 -1.000000e+00 0.000000e+00
      outer loop
         vertex 2.659567e+01 2.491288e-05 2.762500e+01
         vertex 2.846107e+01 2.491288e-05 3.118205e+01
         vertex 2.630000e+01 2.491288e-05 3.265544e+01
      endloop
   endfacet
   facet normal 0.000000e+00 -1.000000e+00 0.000000e+00
      outer loop
         vertex 2.659567e+01 2.491288e-05 2.762500e+01
         vertex 2.630000e+01 2.491288e-05 3.265544e+01
         vertex 2.394347e+01 2.491288e-05 3.379029e+01
      endloop
   endfacet
   facet normal 0.000000e+00 -1.000000e+00 0.000000e+00
      outer loop
         vertex 2.844134e+01 2.491288e-05 2.563564e+01
         vertex 2.869411e+01 2.491288e-05 2.575351e+01
         vertex 2.659567e+01 2.491288e-05 2.762500e+01
      endloop
   endfacet
   facet normal 0.000000e+00 -1.000000e+00 0.000000e+00
      outer loop
         vertex 2.869411e+01 2.491288e-05 2.575351e+01
         vertex 2.896351e+01 2.491288e-05 2.582569e+01
         vertex 2.659567e+01 2.491288e-05 2.762500e+01
      endloop
   endfacet
   facet normal 0.000000e+00 -1.000000e+00 0.000000e+00
      outer loop
         vertex 2.659567e+01 2.491288e-05 2.762500e+01
         vertex 2.896351e+01 2.491288e-05 2.582569e+01
         vertex 2.924134e+01 2.491288e-05 2.585000e+01
      endloop
   endfacet
   facet normal 0.000000e+00 -1.000000e+00 0.000000e+00
      outer loop
         vertex 2.659567e+01 2.491288e-05 2.762500e+01
         vertex 2.924134e+01 2.491288e-05 2.585000e+01
         vertex 3.200918e+01 2.491288e-05 2.735810e+01
      endloop
   endfacet
   facet normal -0.000000e+00 -1.000000e+00 0.000000e+00
      outer loop
         vertex 3.485454e+01 2.491288e-05 2.010824e+01
         vertex 3.427253e+01 2.491288e-05 2.265822e+01
         vertex 3.294567e+01 2.491288e-05 1.750000e+01
      endloop
   endfacet
   facet normal 0.000000e+00 -1.000000e+00 0.000000e+00
      outer loop
         vertex 3.294567e+01 2.491288e-05 1.750000e+01
         vertex 3.427253e+01 2.491288e-05 2.265822e+01
         vertex 3.331696e+01 2.491288e-05 2.509297e+01
      endloop
   endfacet
   facet normal 0.000000e+00 -1.000000e+00 0.000000e+00
      outer loop
         vertex 3.294567e+01 2.491288e-05 1.750000e+01
         vertex 3.331696e+01 2.491288e-05 2.509297e+01
         vertex 3.294567e+01 2.491288e-05 2.567500e+01
      endloop
   endfacet
   facet normal 0.000000e+00 -1.000000e+00 0.000000e+00
      outer loop
         vertex 3.294567e+01 2.491288e-05 2.567500e+01
         vertex 3.331696e+01 2.491288e-05 2.509297e+01
         vertex 3.200918e+01 2.491288e-05 2.735810e+01
      endloop
   endfacet
   facet normal 0.000000e+00 -1.000000e+00 0.000000e+00
      outer loop
         vertex 3.427253e+01 2.491288e-05 1.234178e+01
         vertex 3.485454e+01 2.491288e-05 1.489176e+01
         vertex 3.294567e+01 2.491288e-05 1.750000e+01
      endloop
   endfacet
   facet normal 0.000000e+00 -1.000000e+00 0.000000e+00
      outer loop
         vertex 3.294567e+01 2.491288e-05 1.750000e+01
         vertex 3.485454e+01 2.491288e-05 1.489176e+01
         vertex 3.505000e+01 2.491288e-05 1.750000e+01
      endloop
   endfacet
   facet normal 0.000000e+00 -1.000000e+00 0.000000e+00
      outer loop
         vertex 3.294567e+01 2.491288e-05 1.750000e+01
         vertex 3.505000e+01 2.491288e-05 1.750000e+01
         vertex 3.485454e+01 2.491288e-05 2.010824e+01
      endloop
   endfacet
   facet normal -0.000000e+00 -1.000000e+00 0.000000e+00
      outer loop
         vertex 3.427253e+01 2.491288e-05 1.234178e+01
         vertex 3.294567e+01 2.491288e-05 1.750000e+01
         vertex 3.331696e+01 2.491288e-05 9.907035e+00
      endloop
   endfacet
   facet normal -0.000000e+00 -1.000000e+00 0.000000e+00
      outer loop
         vertex 3.331696e+01 2.491288e-05 9.907035e+00
         vertex 3.294567e+01 2.491288e-05 1.750000e+01
         vertex 3.294567e+01 2.491288e-05 9.325000e+00
      endloop
   endfacet
   facet normal 0.000000e+00 -1.000000e+00 0.000000e+00
      outer loop
         vertex 3.331696e+01 2.491288e-05 9.907035e+00
         vertex 3.294567e+01 2.491288e-05 9.325000e+00
         vertex 3.200918e+01 2.491288e-05 7.641899e+00
      endloop
   endfacet
   facet normal 0.000000e+00 -1.000000e+00 0.000000e+00
      outer loop
         vertex 3.200918e+01 2.491288e-05 7.641899e+00
         vertex 3.294567e+01 2.491288e-05 9.325000e+00
         vertex 3.004134e+01 2.491288e-05 9.364359e+00
      endloop
   endfacet
   facet normal 0.000000e+00 -1.000000e+00 0.000000e+00
      outer loop
         vertex 3.200918e+01 2.491288e-05 7.641899e+00
         vertex 3.004134e+01 2.491288e-05 9.364359e+00
         vertex 2.978858e+01 2.491288e-05 9.246492e+00
      endloop
   endfacet
   facet normal -0.000000e+00 -1.000000e+00 0.000000e+00
      outer loop
         vertex 2.924134e+01 2.491288e-05 9.150000e+00
         vertex 2.896351e+01 2.491288e-05 9.174308e+00
         vertex 2.659567e+01 2.491288e-05 7.375000e+00
      endloop
   endfacet
   facet normal 0.000000e+00 -1.000000e+00 -0.000000e+00
      outer loop
         vertex 2.924134e+01 2.491288e-05 9.150000e+00
         vertex 2.659567e+01 2.491288e-05 7.375000e+00
         vertex 2.951918e+01 2.491288e-05 9.174308e+00
      endloop
   endfacet
   facet normal 0.000000e+00 -1.000000e+00 -0.000000e+00
      outer loop
         vertex 2.978858e+01 2.491288e-05 9.246492e+00
         vertex 2.951918e+01 2.491288e-05 9.174308e+00
         vertex 3.200918e+01 2.491288e-05 7.641899e+00
      endloop
   endfacet
   facet normal -0.000000e+00 -1.000000e+00 0.000000e+00
      outer loop
         vertex 3.200918e+01 2.491288e-05 7.641899e+00
         vertex 2.951918e+01 2.491288e-05 9.174308e+00
         vertex 2.659567e+01 2.491288e-05 7.375000e+00
      endloop
   endfacet
   facet normal 0.000000e+00 -1.000000e+00 0.000000e+00
      outer loop
         vertex 3.200918e+01 2.491288e-05 7.641899e+00
         vertex 2.659567e+01 2.491288e-05 7.375000e+00
         vertex 3.037841e+01 2.491288e-05 5.596977e+00
      endloop
   endfacet
   facet normal -0.000000e+00 -1.000000e+00 0.000000e+00
      outer loop
         vertex 3.037841e+01 2.491288e-05 5.596977e+00
         vertex 2.659567e+01 2.491288e-05 7.375000e+00
         vertex 2.846107e+01 2.491288e-05 3.817949e+00
      endloop
   endfacet
   facet normal -0.000000e+00 -1.000000e+00 0.000000e+00
      outer loop
         vertex 2.846107e+01 2.491288e-05 3.817949e+00
         vertex 2.659567e+01 2.491288e-05 7.375000e+00
         vertex 2.630000e+01 2.491288e-05 2.344555e+00
      endloop
   endfacet
   facet normal 0.000000e+00 -1.000000e+00 0.000000e+00
      outer loop
         vertex 2.630000e+01 2.491288e-05 2.344555e+00
         vertex 2.659567e+01 2.491288e-05 7.375000e+00
         vertex 2.235000e+01 2.491288e-05 7.375000e+00
      endloop
   endfacet
   facet normal -0.000000e+00 -1.000000e+00 0.000000e+00
      outer loop
         vertex 2.630000e+01 2.491288e-05 2.344555e+00
         vertex 2.235000e+01 2.491288e-05 7.375000e+00
         vertex 2.394347e+01 2.491288e-05 1.209710e+00
      endloop
   endfacet
   facet normal 0.000000e+00 -1.000000e+00 0.000000e+00
      outer loop
         vertex 1.624222e+01 2.491288e-05 4.893355e-02
         vertex 1.755000e+01 2.491288e-05 2.400000e+00
         vertex 1.727216e+01 2.491288e-05 2.424308e+00
      endloop
   endfacet
   facet normal 0.000000e+00 -1.000000e+00 -0.000000e+00
      outer loop
         vertex 1.755000e+01 2.491288e-05 2.400000e+00
         vertex 1.624222e+01 2.491288e-05 4.893355e-02
         vertex 1.782784e+01 2.491288e-05 2.424308e+00
      endloop
   endfacet
   facet normal 0.000000e+00 -1.000000e+00 -0.000000e+00
      outer loop
         vertex 1.782784e+01 2.491288e-05 2.424308e+00
         vertex 1.624222e+01 2.491288e-05 4.893355e-02
         vertex 1.885778e+01 2.491288e-05 4.893355e-02
      endloop
   endfacet
   facet normal 0.000000e+00 -1.000000e+00 0.000000e+00
      outer loop
         vertex 1.782784e+01 2.491288e-05 2.424308e+00
         vertex 1.885778e+01 2.491288e-05 4.893355e-02
         vertex 1.809723e+01 2.491288e-05 2.496492e+00
      endloop
   endfacet
   facet normal 0.000000e+00 -1.000000e+00 0.000000e+00
      outer loop
         vertex 1.604649e+01 2.491288e-05 4.547233e+00
         vertex 1.616436e+01 2.491288e-05 4.800000e+00
         vertex 1.275000e+01 2.491288e-05 7.375000e+00
      endloop
   endfacet
   facet normal 0.000000e+00 -1.000000e+00 0.000000e+00
      outer loop
         vertex 1.275000e+01 2.491288e-05 7.375000e+00
         vertex 1.616436e+01 2.491288e-05 4.800000e+00
         vertex 1.632433e+01 2.491288e-05 5.028460e+00
      endloop
   endfacet
   facet normal 0.000000e+00 -1.000000e+00 0.000000e+00
      outer loop
         vertex 1.275000e+01 2.491288e-05 7.375000e+00
         vertex 1.632433e+01 2.491288e-05 5.028460e+00
         vertex 1.652154e+01 2.491288e-05 5.225671e+00
      endloop
   endfacet
   facet normal -0.000000e+00 -1.000000e+00 0.000000e+00
      outer loop
         vertex 2.235000e+01 2.491288e-05 7.375000e+00
         vertex 1.275000e+01 2.491288e-05 7.375000e+00
         vertex 1.755000e+01 2.491288e-05 5.600000e+00
      endloop
   endfacet
   facet normal -0.000000e+00 -1.000000e+00 0.000000e+00
      outer loop
         vertex 1.755000e+01 2.491288e-05 5.600000e+00
         vertex 1.275000e+01 2.491288e-05 7.375000e+00
         vertex 1.727216e+01 2.491288e-05 5.575692e+00
      endloop
   endfacet
   facet normal -0.000000e+00 -1.000000e+00 0.000000e+00
      outer loop
         vertex 1.727216e+01 2.491288e-05 2.424308e+00
         vertex 1.700277e+01 2.491288e-05 2.496492e+00
         vertex 1.624222e+01 2.491288e-05 4.893355e-02
      endloop
   endfacet
   facet normal 0.000000e+00 -1.000000e+00 0.000000e+00
      outer loop
         vertex 1.624222e+01 2.491288e-05 4.893355e-02
         vertex 1.700277e+01 2.491288e-05 2.496492e+00
         vertex 1.675000e+01 2.491288e-05 2.614359e+00
      endloop
   endfacet
   facet normal 0.000000e+00 -1.000000e+00 0.000000e+00
      outer loop
         vertex 1.624222e+01 2.491288e-05 4.893355e-02
         vertex 1.675000e+01 2.491288e-05 2.614359e+00
         vertex 1.365588e+01 2.491288e-05 4.387610e-01
      endloop
   endfacet
   facet normal 0.000000e+00 -1.000000e+00 0.000000e+00
      outer loop
         vertex 1.652154e+01 2.491288e-05 5.225671e+00
         vertex 1.675000e+01 2.491288e-05 5.385641e+00
         vertex 1.275000e+01 2.491288e-05 7.375000e+00
      endloop
   endfacet
   facet normal 0.000000e+00 -1.000000e+00 0.000000e+00
      outer loop
         vertex 1.275000e+01 2.491288e-05 7.375000e+00
         vertex 1.675000e+01 2.491288e-05 5.385641e+00
         vertex 1.700277e+01 2.491288e-05 5.503508e+00
      endloop
   endfacet
   facet normal 0.000000e+00 -1.000000e+00 0.000000e+00
      outer loop
         vertex 1.275000e+01 2.491288e-05 7.375000e+00
         vertex 1.700277e+01 2.491288e-05 5.503508e+00
         vertex 1.727216e+01 2.491288e-05 5.575692e+00
      endloop
   endfacet
   facet normal -0.000000e+00 -1.000000e+00 0.000000e+00
      outer loop
         vertex 1.675000e+01 2.491288e-05 2.614359e+00
         vertex 1.652154e+01 2.491288e-05 2.774329e+00
         vertex 1.365588e+01 2.491288e-05 4.387610e-01
      endloop
   endfacet
   facet normal 0.000000e+00 -1.000000e+00 0.000000e+00
      outer loop
         vertex 1.365588e+01 2.491288e-05 4.387610e-01
         vertex 1.652154e+01 2.491288e-05 2.774329e+00
         vertex 1.632433e+01 2.491288e-05 2.971540e+00
      endloop
   endfacet
   facet normal 0.000000e+00 -1.000000e+00 0.000000e+00
      outer loop
         vertex 1.365588e+01 2.491288e-05 4.387610e-01
         vertex 1.632433e+01 2.491288e-05 2.971540e+00
         vertex 1.115653e+01 2.491288e-05 1.209710e+00
      endloop
   endfacet
   facet normal 0.000000e+00 -1.000000e+00 0.000000e+00
      outer loop
         vertex 1.115653e+01 2.491288e-05 1.209710e+00
         vertex 1.632433e+01 2.491288e-05 2.971540e+00
         vertex 1.616436e+01 2.491288e-05 3.200000e+00
      endloop
   endfacet
   facet normal 0.000000e+00 -1.000000e+00 0.000000e+00
      outer loop
         vertex 1.115653e+01 2.491288e-05 1.209710e+00
         vertex 1.616436e+01 2.491288e-05 3.200000e+00
         vertex 1.604649e+01 2.491288e-05 3.452768e+00
      endloop
   endfacet
   facet normal 0.000000e+00 -1.000000e+00 0.000000e+00
      outer loop
         vertex 1.755000e+01 2.491288e-05 5.600000e+00
         vertex 1.782784e+01 2.491288e-05 5.575692e+00
         vertex 2.235000e+01 2.491288e-05 7.375000e+00
      endloop
   endfacet
   facet normal 0.000000e+00 -1.000000e+00 0.000000e+00
      outer loop
         vertex 2.235000e+01 2.491288e-05 7.375000e+00
         vertex 1.782784e+01 2.491288e-05 5.575692e+00
         vertex 1.809723e+01 2.491288e-05 5.503508e+00
      endloop
   endfacet
   facet normal 0.000000e+00 -1.000000e+00 0.000000e+00
      outer loop
         vertex 2.235000e+01 2.491288e-05 7.375000e+00
         vertex 1.809723e+01 2.491288e-05 5.503508e+00
         vertex 1.835000e+01 2.491288e-05 5.385641e+00
      endloop
   endfacet
   facet normal 0.000000e+00 -1.000000e+00 0.000000e+00
      outer loop
         vertex 1.835000e+01 2.491288e-05 5.385641e+00
         vertex 1.857846e+01 2.491288e-05 5.225671e+00
         vertex 2.235000e+01 2.491288e-05 7.375000e+00
      endloop
   endfacet
   facet normal 0.000000e+00 -1.000000e+00 0.000000e+00
      outer loop
         vertex 2.235000e+01 2.491288e-05 7.375000e+00
         vertex 1.857846e+01 2.491288e-05 5.225671e+00
         vertex 1.877567e+01 2.491288e-05 5.028460e+00
      endloop
   endfacet
   facet normal 0.000000e+00 -1.000000e+00 0.000000e+00
      outer loop
         vertex 2.235000e+01 2.491288e-05 7.375000e+00
         vertex 1.877567e+01 2.491288e-05 5.028460e+00
         vertex 1.893564e+01 2.491288e-05 4.800000e+00
      endloop
   endfacet
   facet normal -0.000000e+00 -1.000000e+00 0.000000e+00
      outer loop
         vertex 1.604649e+01 2.491288e-05 3.452768e+00
         vertex 1.597431e+01 2.491288e-05 3.722163e+00
         vertex 1.115653e+01 2.491288e-05 1.209710e+00
      endloop
   endfacet
   facet normal 0.000000e+00 -1.000000e+00 0.000000e+00
      outer loop
         vertex 1.115653e+01 2.491288e-05 1.209710e+00
         vertex 1.597431e+01 2.491288e-05 3.722163e+00
         vertex 1.595000e+01 2.491288e-05 4.000000e+00
      endloop
   endfacet
   facet normal 0.000000e+00 -1.000000e+00 0.000000e+00
      outer loop
         vertex 1.115653e+01 2.491288e-05 1.209710e+00
         vertex 1.595000e+01 2.491288e-05 4.000000e+00
         vertex 1.275000e+01 2.491288e-05 7.375000e+00
      endloop
   endfacet
   facet normal 0.000000e+00 -1.000000e+00 0.000000e+00
      outer loop
         vertex 1.275000e+01 2.491288e-05 7.375000e+00
         vertex 1.595000e+01 2.491288e-05 4.000000e+00
         vertex 1.597431e+01 2.491288e-05 4.277837e+00
      endloop
   endfacet
   facet normal 0.000000e+00 -1.000000e+00 0.000000e+00
      outer loop
         vertex 1.275000e+01 2.491288e-05 7.375000e+00
         vertex 1.597431e+01 2.491288e-05 4.277837e+00
         vertex 1.604649e+01 2.491288e-05 4.547233e+00
      endloop
   endfacet
   facet normal 0.000000e+00 -1.000000e+00 0.000000e+00
      outer loop
         vertex 1.893564e+01 2.491288e-05 4.800000e+00
         vertex 1.905351e+01 2.491288e-05 4.547233e+00
         vertex 2.235000e+01 2.491288e-05 7.375000e+00
      endloop
   endfacet
   facet normal 0.000000e+00 -1.000000e+00 0.000000e+00
      outer loop
         vertex 2.235000e+01 2.491288e-05 7.375000e+00
         vertex 1.905351e+01 2.491288e-05 4.547233e+00
         vertex 1.912569e+01 2.491288e-05 4.277837e+00
      endloop
   endfacet
   facet normal 0.000000e+00 -1.000000e+00 -0.000000e+00
      outer loop
         vertex 2.235000e+01 2.491288e-05 7.375000e+00
         vertex 1.912569e+01 2.491288e-05 4.277837e+00
         vertex 2.394347e+01 2.491288e-05 1.209710e+00
      endloop
   endfacet
   facet normal 0.000000e+00 -1.000000e+00 0.000000e+00
      outer loop
         vertex 2.394347e+01 2.491288e-05 1.209710e+00
         vertex 1.912569e+01 2.491288e-05 4.277837e+00
         vertex 1.915000e+01 2.491288e-05 4.000000e+00
      endloop
   endfacet
   facet normal 0.000000e+00 -1.000000e+00 0.000000e+00
      outer loop
         vertex 2.394347e+01 2.491288e-05 1.209710e+00
         vertex 1.915000e+01 2.491288e-05 4.000000e+00
         vertex 1.912569e+01 2.491288e-05 3.722163e+00
      endloop
   endfacet
   facet normal 0.000000e+00 -1.000000e+00 -0.000000e+00
      outer loop
         vertex 1.912569e+01 2.491288e-05 3.722163e+00
         vertex 1.905351e+01 2.491288e-05 3.452768e+00
         vertex 2.394347e+01 2.491288e-05 1.209710e+00
      endloop
   endfacet
   facet normal 0.000000e+00 -1.000000e+00 0.000000e+00
      outer loop
         vertex 2.394347e+01 2.491288e-05 1.209710e+00
         vertex 1.905351e+01 2.491288e-05 3.452768e+00
         vertex 1.893564e+01 2.491288e-05 3.200000e+00
      endloop
   endfacet
   facet normal -0.000000e+00 -1.000000e+00 0.000000e+00
      outer loop
         vertex 2.394347e+01 2.491288e-05 1.209710e+00
         vertex 1.893564e+01 2.491288e-05 3.200000e+00
         vertex 2.144412e+01 2.491288e-05 4.387610e-01
      endloop
   endfacet
   facet normal 0.000000e+00 -1.000000e+00 -0.000000e+00
      outer loop
         vertex 1.893564e+01 2.491288e-05 3.200000e+00
         vertex 1.877567e+01 2.491288e-05 2.971540e+00
         vertex 2.144412e+01 2.491288e-05 4.387610e-01
      endloop
   endfacet
   facet normal 0.000000e+00 -1.000000e+00 0.000000e+00
      outer loop
         vertex 2.144412e+01 2.491288e-05 4.387610e-01
         vertex 1.877567e+01 2.491288e-05 2.971540e+00
         vertex 1.857846e+01 2.491288e-05 2.774329e+00
      endloop
   endfacet
   facet normal -0.000000e+00 -1.000000e+00 0.000000e+00
      outer loop
         vertex 2.144412e+01 2.491288e-05 4.387610e-01
         vertex 1.857846e+01 2.491288e-05 2.774329e+00
         vertex 1.885778e+01 2.491288e-05 4.893355e-02
      endloop
   endfacet
   facet normal 0.000000e+00 -1.000000e+00 0.000000e+00
      outer loop
         vertex 1.885778e+01 2.491288e-05 4.893355e-02
         vertex 1.857846e+01 2.491288e-05 2.774329e+00
         vertex 1.835000e+01 2.491288e-05 2.614359e+00
      endloop
   endfacet
   facet normal 0.000000e+00 -1.000000e+00 0.000000e+00
      outer loop
         vertex 1.885778e+01 2.491288e-05 4.893355e-02
         vertex 1.835000e+01 2.491288e-05 2.614359e+00
         vertex 1.809723e+01 2.491288e-05 2.496492e+00
      endloop
   endfacet
   facet normal -0.000000e+00 -1.000000e+00 0.000000e+00
      outer loop
         vertex 8.504329e+00 2.491288e-05 7.375000e+00
         vertex 3.090822e+00 2.491288e-05 7.641899e+00
         vertex 4.721593e+00 2.491288e-05 5.596977e+00
      endloop
   endfacet
   facet normal 0.000000e+00 -1.000000e+00 0.000000e+00
      outer loop
         vertex 4.721593e+00 2.491288e-05 5.596977e+00
         vertex 6.638929e+00 2.491288e-05 3.817949e+00
         vertex 8.504329e+00 2.491288e-05 7.375000e+00
      endloop
   endfacet
   facet normal 0.000000e+00 -1.000000e+00 -0.000000e+00
      outer loop
         vertex 8.504329e+00 2.491288e-05 7.375000e+00
         vertex 6.638929e+00 2.491288e-05 3.817949e+00
         vertex 8.800001e+00 2.491288e-05 2.344555e+00
      endloop
   endfacet
   facet normal 0.000000e+00 -1.000000e+00 0.000000e+00
      outer loop
         vertex 8.504329e+00 2.491288e-05 7.375000e+00
         vertex 8.800001e+00 2.491288e-05 2.344555e+00
         vertex 1.115653e+01 2.491288e-05 1.209710e+00
      endloop
   endfacet
   facet normal 0.000000e+00 -1.000000e+00 -0.000000e+00
      outer loop
         vertex 6.658658e+00 2.491288e-05 9.364359e+00
         vertex 6.405890e+00 2.491288e-05 9.246492e+00
         vertex 8.504329e+00 2.491288e-05 7.375000e+00
      endloop
   endfacet
   facet normal 0.000000e+00 -1.000000e+00 -0.000000e+00
      outer loop
         vertex 6.405890e+00 2.491288e-05 9.246492e+00
         vertex 6.136495e+00 2.491288e-05 9.174308e+00
         vertex 8.504329e+00 2.491288e-05 7.375000e+00
      endloop
   endfacet
   facet normal 0.000000e+00 -1.000000e+00 0.000000e+00
      outer loop
         vertex 8.504329e+00 2.491288e-05 7.375000e+00
         vertex 6.136495e+00 2.491288e-05 9.174308e+00
         vertex 5.858658e+00 2.491288e-05 9.150000e+00
      endloop
   endfacet
   facet normal 0.000000e+00 -1.000000e+00 0.000000e+00
      outer loop
         vertex 8.504329e+00 2.491288e-05 7.375000e+00
         vertex 5.858658e+00 2.491288e-05 9.150000e+00
         vertex 3.090822e+00 2.491288e-05 7.641899e+00
      endloop
   endfacet
   facet normal 0.000000e+00 -1.000000e+00 0.000000e+00
      outer loop
         vertex 3.090822e+00 2.491288e-05 7.641899e+00
         vertex 5.858658e+00 2.491288e-05 9.150000e+00
         vertex 5.580821e+00 2.491288e-05 9.174308e+00
      endloop
   endfacet
   facet normal -0.000000e+00 -1.000000e+00 0.000000e+00
      outer loop
         vertex 5.580821e+00 2.491288e-05 9.174308e+00
         vertex 5.311426e+00 2.491288e-05 9.246492e+00
         vertex 3.090822e+00 2.491288e-05 7.641899e+00
      endloop
   endfacet
   facet normal 0.000000e+00 -1.000000e+00 0.000000e+00
      outer loop
         vertex 3.090822e+00 2.491288e-05 7.641899e+00
         vertex 5.311426e+00 2.491288e-05 9.246492e+00
         vertex 5.058658e+00 2.491288e-05 9.364359e+00
      endloop
   endfacet
   facet normal 0.000000e+00 -1.000000e+00 0.000000e+00
      outer loop
         vertex 3.090822e+00 2.491288e-05 7.641899e+00
         vertex 5.058658e+00 2.491288e-05 9.364359e+00
         vertex 4.830197e+00 2.491288e-05 9.524329e+00
      endloop
   endfacet
   facet normal 0.000000e+00 -1.000000e+00 0.000000e+00
      outer loop
         vertex 6.136495e+00 2.491288e-05 1.232569e+01
         vertex 6.405890e+00 2.491288e-05 1.225351e+01
         vertex 8.504329e+00 2.491288e-05 1.750000e+01
      endloop
   endfacet
   facet normal 0.000000e+00 -1.000000e+00 0.000000e+00
      outer loop
         vertex 1.783045e+00 2.491288e-05 9.907035e+00
         vertex 4.282965e+00 2.491288e-05 1.047216e+01
         vertex 4.258658e+00 2.491288e-05 1.075000e+01
      endloop
   endfacet
   facet normal 0.000000e+00 -1.000000e+00 0.000000e+00
      outer loop
         vertex 1.783045e+00 2.491288e-05 9.907035e+00
         vertex 4.258658e+00 2.491288e-05 1.075000e+01
         vertex 8.274764e-01 2.491288e-05 1.234178e+01
      endloop
   endfacet
   facet normal 0.000000e+00 -1.000000e+00 0.000000e+00
      outer loop
         vertex 4.258658e+00 2.491288e-05 1.075000e+01
         vertex 4.282965e+00 2.491288e-05 1.102784e+01
         vertex 8.274764e-01 2.491288e-05 1.234178e+01
      endloop
   endfacet
   facet normal 0.000000e+00 -1.000000e+00 0.000000e+00
      outer loop
         vertex 8.274764e-01 2.491288e-05 1.234178e+01
         vertex 4.282965e+00 2.491288e-05 1.102784e+01
         vertex 4.355149e+00 2.491288e-05 1.129723e+01
      endloop
   endfacet
   facet normal 0.000000e+00 -1.000000e+00 0.000000e+00
      outer loop
         vertex 8.274764e-01 2.491288e-05 1.234178e+01
         vertex 4.355149e+00 2.491288e-05 1.129723e+01
         vertex 2.454612e-01 2.491288e-05 1.489176e+01
      endloop
   endfacet
   facet normal 0.000000e+00 -1.000000e+00 -0.000000e+00
      outer loop
         vertex 7.244298e+00 2.491288e-05 9.950000e+00
         vertex 7.084329e+00 2.491288e-05 9.721540e+00
         vertex 8.504329e+00 2.491288e-05 9.325000e+00
      endloop
   endfacet
   facet normal 0.000000e+00 -1.000000e+00 0.000000e+00
      outer loop
         vertex 8.504329e+00 2.491288e-05 9.325000e+00
         vertex 7.084329e+00 2.491288e-05 9.721540e+00
         vertex 6.887118e+00 2.491288e-05 9.524329e+00
      endloop
   endfacet
   facet normal -0.000000e+00 -1.000000e+00 0.000000e+00
      outer loop
         vertex 4.830197e+00 2.491288e-05 9.524329e+00
         vertex 4.632987e+00 2.491288e-05 9.721540e+00
         vertex 3.090822e+00 2.491288e-05 7.641899e+00
      endloop
   endfacet
   facet normal 0.000000e+00 -1.000000e+00 0.000000e+00
      outer loop
         vertex 3.090822e+00 2.491288e-05 7.641899e+00
         vertex 4.632987e+00 2.491288e-05 9.721540e+00
         vertex 4.473018e+00 2.491288e-05 9.950000e+00
      endloop
   endfacet
   facet normal 0.000000e+00 -1.000000e+00 0.000000e+00
      outer loop
         vertex 3.090822e+00 2.491288e-05 7.641899e+00
         vertex 4.473018e+00 2.491288e-05 9.950000e+00
         vertex 1.783045e+00 2.491288e-05 9.907035e+00
      endloop
   endfacet
   facet normal 0.000000e+00 -1.000000e+00 0.000000e+00
      outer loop
         vertex 1.783045e+00 2.491288e-05 9.907035e+00
         vertex 4.473018e+00 2.491288e-05 9.950000e+00
         vertex 4.355149e+00 2.491288e-05 1.020277e+01
      endloop
   endfacet
   facet normal 0.000000e+00 -1.000000e+00 0.000000e+00
      outer loop
         vertex 1.783045e+00 2.491288e-05 9.907035e+00
         vertex 4.355149e+00 2.491288e-05 1.020277e+01
         vertex 4.282965e+00 2.491288e-05 1.047216e+01
      endloop
   endfacet
   facet normal 0.000000e+00 -1.000000e+00 0.000000e+00
      outer loop
         vertex 4.355149e+00 2.491288e-05 1.129723e+01
         vertex 4.473018e+00 2.491288e-05 1.155000e+01
         vertex 2.454612e-01 2.491288e-05 1.489176e+01
      endloop
   endfacet
   facet normal 0.000000e+00 -1.000000e+00 0.000000e+00
      outer loop
         vertex 2.454612e-01 2.491288e-05 1.489176e+01
         vertex 4.473018e+00 2.491288e-05 1.155000e+01
         vertex 4.632987e+00 2.491288e-05 1.177846e+01
      endloop
   endfacet
   facet normal 0.000000e+00 -1.000000e+00 0.000000e+00
      outer loop
         vertex 2.454612e-01 2.491288e-05 1.489176e+01
         vertex 4.632987e+00 2.491288e-05 1.177846e+01
         vertex 5.000085e-02 2.491288e-05 1.750000e+01
      endloop
   endfacet
   facet normal 0.000000e+00 -1.000000e+00 0.000000e+00
      outer loop
         vertex 5.000085e-02 2.491288e-05 1.750000e+01
         vertex 4.632987e+00 2.491288e-05 1.177846e+01
         vertex 4.830197e+00 2.491288e-05 1.197567e+01
      endloop
   endfacet
   facet normal 0.000000e+00 -1.000000e+00 0.000000e+00
      outer loop
         vertex 5.000085e-02 2.491288e-05 1.750000e+01
         vertex 4.830197e+00 2.491288e-05 1.197567e+01
         vertex 5.058658e+00 2.491288e-05 1.213564e+01
      endloop
   endfacet
   facet normal 0.000000e+00 -1.000000e+00 0.000000e+00
      outer loop
         vertex 6.405890e+00 2.491288e-05 1.225351e+01
         vertex 6.658658e+00 2.491288e-05 1.213564e+01
         vertex 8.504329e+00 2.491288e-05 1.750000e+01
      endloop
   endfacet
   facet normal 0.000000e+00 -1.000000e+00 0.000000e+00
      outer loop
         vertex 8.504329e+00 2.491288e-05 1.750000e+01
         vertex 6.658658e+00 2.491288e-05 1.213564e+01
         vertex 6.887118e+00 2.491288e-05 1.197567e+01
      endloop
   endfacet
   facet normal 0.000000e+00 -1.000000e+00 0.000000e+00
      outer loop
         vertex 8.504329e+00 2.491288e-05 1.750000e+01
         vertex 6.887118e+00 2.491288e-05 1.197567e+01
         vertex 7.084329e+00 2.491288e-05 1.177846e+01
      endloop
   endfacet
   facet normal 0.000000e+00 -1.000000e+00 0.000000e+00
      outer loop
         vertex 8.504329e+00 2.491288e-05 9.325000e+00
         vertex 7.434350e+00 2.491288e-05 1.102784e+01
         vertex 7.458658e+00 2.491288e-05 1.075000e+01
      endloop
   endfacet
   facet normal 0.000000e+00 -1.000000e+00 0.000000e+00
      outer loop
         vertex 5.058658e+00 2.491288e-05 1.213564e+01
         vertex 5.311426e+00 2.491288e-05 1.225351e+01
         vertex 5.000085e-02 2.491288e-05 1.750000e+01
      endloop
   endfacet
   facet normal 0.000000e+00 -1.000000e+00 0.000000e+00
      outer loop
         vertex 5.000085e-02 2.491288e-05 1.750000e+01
         vertex 5.311426e+00 2.491288e-05 1.225351e+01
         vertex 5.580821e+00 2.491288e-05 1.232569e+01
      endloop
   endfacet
   facet normal 0.000000e+00 -1.000000e+00 0.000000e+00
      outer loop
         vertex 5.000085e-02 2.491288e-05 1.750000e+01
         vertex 5.580821e+00 2.491288e-05 1.232569e+01
         vertex 8.504329e+00 2.491288e-05 1.750000e+01
      endloop
   endfacet
   facet normal 0.000000e+00 -1.000000e+00 0.000000e+00
      outer loop
         vertex 8.504329e+00 2.491288e-05 1.750000e+01
         vertex 5.580821e+00 2.491288e-05 1.232569e+01
         vertex 5.858658e+00 2.491288e-05 1.235000e+01
      endloop
   endfacet
   facet normal 0.000000e+00 -1.000000e+00 0.000000e+00
      outer loop
         vertex 8.504329e+00 2.491288e-05 1.750000e+01
         vertex 5.858658e+00 2.491288e-05 1.235000e+01
         vertex 6.136495e+00 2.491288e-05 1.232569e+01
      endloop
   endfacet
   facet normal 0.000000e+00 -1.000000e+00 -0.000000e+00
      outer loop
         vertex 7.458658e+00 2.491288e-05 1.075000e+01
         vertex 7.434350e+00 2.491288e-05 1.047216e+01
         vertex 8.504329e+00 2.491288e-05 9.325000e+00
      endloop
   endfacet
   facet normal 0.000000e+00 -1.000000e+00 0.000000e+00
      outer loop
         vertex 8.504329e+00 2.491288e-05 9.325000e+00
         vertex 7.434350e+00 2.491288e-05 1.047216e+01
         vertex 7.362166e+00 2.491288e-05 1.020277e+01
      endloop
   endfacet
   facet normal 0.000000e+00 -1.000000e+00 0.000000e+00
      outer loop
         vertex 8.504329e+00 2.491288e-05 9.325000e+00
         vertex 7.362166e+00 2.491288e-05 1.020277e+01
         vertex 7.244298e+00 2.491288e-05 9.950000e+00
      endloop
   endfacet
   facet normal 0.000000e+00 -1.000000e+00 0.000000e+00
      outer loop
         vertex 7.084329e+00 2.491288e-05 1.177846e+01
         vertex 7.244298e+00 2.491288e-05 1.155000e+01
         vertex 8.504329e+00 2.491288e-05 1.750000e+01
      endloop
   endfacet
   facet normal 0.000000e+00 -1.000000e+00 0.000000e+00
      outer loop
         vertex 8.504329e+00 2.491288e-05 1.750000e+01
         vertex 7.244298e+00 2.491288e-05 1.155000e+01
         vertex 7.362166e+00 2.491288e-05 1.129723e+01
      endloop
   endfacet
   facet normal 0.000000e+00 -1.000000e+00 0.000000e+00
      outer loop
         vertex 8.504329e+00 2.491288e-05 1.750000e+01
         vertex 7.362166e+00 2.491288e-05 1.129723e+01
         vertex 7.434350e+00 2.491288e-05 1.102784e+01
      endloop
   endfacet
   facet normal 0.000000e+00 -1.000000e+00 0.000000e+00
      outer loop
         vertex 8.504329e+00 2.491288e-05 9.325000e+00
         vertex 1.062180e+01 2.491288e-05 1.350000e+01
         vertex 1.003246e+01 2.491288e-05 1.476384e+01
      endloop
   endfacet
   facet normal 0.000000e+00 -1.000000e+00 0.000000e+00
      outer loop
         vertex 7.434350e+00 2.491288e-05 1.102784e+01
         vertex 8.504329e+00 2.491288e-05 9.325000e+00
         vertex 8.504329e+00 2.491288e-05 1.750000e+01
      endloop
   endfacet
   facet normal 0.000000e+00 -1.000000e+00 0.000000e+00
      outer loop
         vertex 8.504329e+00 2.491288e-05 1.750000e+01
         vertex 8.504329e+00 2.491288e-05 9.325000e+00
         vertex 1.003246e+01 2.491288e-05 1.476384e+01
      endloop
   endfacet
   facet normal 0.000000e+00 -1.000000e+00 0.000000e+00
      outer loop
         vertex 8.504329e+00 2.491288e-05 1.750000e+01
         vertex 1.003246e+01 2.491288e-05 1.476384e+01
         vertex 9.671539e+00 2.491288e-05 1.611081e+01
      endloop
   endfacet
   facet normal 0.000000e+00 -1.000000e+00 0.000000e+00
      outer loop
         vertex 2.235000e+01 2.491288e-05 9.325000e+00
         vertex 2.155000e+01 2.491288e-05 1.057180e+01
         vertex 2.028616e+01 2.491288e-05 9.982459e+00
      endloop
   endfacet
   facet normal -0.000000e+00 -1.000000e+00 0.000000e+00
      outer loop
         vertex 1.481384e+01 2.491288e-05 9.982459e+00
         vertex 1.355000e+01 2.491288e-05 1.057180e+01
         vertex 1.275000e+01 2.491288e-05 9.325000e+00
      endloop
   endfacet
   facet normal 0.000000e+00 -1.000000e+00 0.000000e+00
      outer loop
         vertex 1.275000e+01 2.491288e-05 9.325000e+00
         vertex 1.355000e+01 2.491288e-05 1.057180e+01
         vertex 1.240770e+01 2.491288e-05 1.137164e+01
      endloop
   endfacet
   facet normal 0.000000e+00 -1.000000e+00 0.000000e+00
      outer loop
         vertex 1.275000e+01 2.491288e-05 9.325000e+00
         vertex 1.240770e+01 2.491288e-05 1.137164e+01
         vertex 8.504329e+00 2.491288e-05 9.325000e+00
      endloop
   endfacet
   facet normal 0.000000e+00 -1.000000e+00 0.000000e+00
      outer loop
         vertex 8.504329e+00 2.491288e-05 9.325000e+00
         vertex 1.240770e+01 2.491288e-05 1.137164e+01
         vertex 1.142165e+01 2.491288e-05 1.235770e+01
      endloop
   endfacet
   facet normal 0.000000e+00 -1.000000e+00 0.000000e+00
      outer loop
         vertex 8.504329e+00 2.491288e-05 9.325000e+00
         vertex 1.142165e+01 2.491288e-05 1.235770e+01
         vertex 1.062180e+01 2.491288e-05 1.350000e+01
      endloop
   endfacet
   facet normal 0.000000e+00 -1.000000e+00 -0.000000e+00
      outer loop
         vertex 2.028616e+01 2.491288e-05 9.982459e+00
         vertex 1.893919e+01 2.491288e-05 9.621538e+00
         vertex 2.235000e+01 2.491288e-05 9.325000e+00
      endloop
   endfacet
   facet normal 0.000000e+00 -1.000000e+00 0.000000e+00
      outer loop
         vertex 2.235000e+01 2.491288e-05 9.325000e+00
         vertex 1.893919e+01 2.491288e-05 9.621538e+00
         vertex 1.755000e+01 2.491288e-05 9.500000e+00
      endloop
   endfacet
   facet normal 0.000000e+00 -1.000000e+00 0.000000e+00
      outer loop
         vertex 2.235000e+01 2.491288e-05 9.325000e+00
         vertex 1.755000e+01 2.491288e-05 9.500000e+00
         vertex 1.275000e+01 2.491288e-05 9.325000e+00
      endloop
   endfacet
   facet normal 0.000000e+00 -1.000000e+00 0.000000e+00
      outer loop
         vertex 1.275000e+01 2.491288e-05 9.325000e+00
         vertex 1.755000e+01 2.491288e-05 9.500000e+00
         vertex 1.616082e+01 2.491288e-05 9.621538e+00
      endloop
   endfacet
   facet normal 0.000000e+00 -1.000000e+00 0.000000e+00
      outer loop
         vertex 1.275000e+01 2.491288e-05 9.325000e+00
         vertex 1.616082e+01 2.491288e-05 9.621538e+00
         vertex 1.481384e+01 2.491288e-05 9.982459e+00
      endloop
   endfacet
   facet normal 0.000000e+00 -1.000000e+00 0.000000e+00
      outer loop
         vertex 2.506754e+01 2.491288e-05 1.476384e+01
         vertex 2.659567e+01 2.491288e-05 9.325000e+00
         vertex 2.542846e+01 2.491288e-05 1.611081e+01
      endloop
   endfacet
   facet normal 0.000000e+00 -1.000000e+00 0.000000e+00
      outer loop
         vertex 2.542846e+01 2.491288e-05 1.611081e+01
         vertex 2.659567e+01 2.491288e-05 9.325000e+00
         vertex 2.659567e+01 2.491288e-05 1.750000e+01
      endloop
   endfacet
   facet normal 0.000000e+00 -1.000000e+00 0.000000e+00
      outer loop
         vertex 2.542846e+01 2.491288e-05 1.611081e+01
         vertex 2.659567e+01 2.491288e-05 1.750000e+01
         vertex 2.555000e+01 2.491288e-05 1.750000e+01
      endloop
   endfacet
   facet normal 0.000000e+00 -1.000000e+00 -0.000000e+00
      outer loop
         vertex 2.506754e+01 2.491288e-05 1.476384e+01
         vertex 2.447820e+01 2.491288e-05 1.350000e+01
         vertex 2.659567e+01 2.491288e-05 9.325000e+00
      endloop
   endfacet
   facet normal 0.000000e+00 -1.000000e+00 0.000000e+00
      outer loop
         vertex 2.659567e+01 2.491288e-05 9.325000e+00
         vertex 2.447820e+01 2.491288e-05 1.350000e+01
         vertex 2.367836e+01 2.491288e-05 1.235770e+01
      endloop
   endfacet
   facet normal 0.000000e+00 -1.000000e+00 0.000000e+00
      outer loop
         vertex 2.659567e+01 2.491288e-05 9.325000e+00
         vertex 2.367836e+01 2.491288e-05 1.235770e+01
         vertex 2.235000e+01 2.491288e-05 9.325000e+00
      endloop
   endfacet
   facet normal 0.000000e+00 -1.000000e+00 0.000000e+00
      outer loop
         vertex 2.235000e+01 2.491288e-05 9.325000e+00
         vertex 2.367836e+01 2.491288e-05 1.235770e+01
         vertex 2.269230e+01 2.491288e-05 1.137164e+01
      endloop
   endfacet
   facet normal 0.000000e+00 -1.000000e+00 0.000000e+00
      outer loop
         vertex 2.235000e+01 2.491288e-05 9.325000e+00
         vertex 2.269230e+01 2.491288e-05 1.137164e+01
         vertex 2.155000e+01 2.491288e-05 1.057180e+01
      endloop
   endfacet
   facet normal 0.000000e+00 -1.000000e+00 0.000000e+00
      outer loop
         vertex 2.659567e+01 2.491288e-05 2.567500e+01
         vertex 2.447820e+01 2.491288e-05 2.150000e+01
         vertex 2.506754e+01 2.491288e-05 2.023616e+01
      endloop
   endfacet
   facet normal 0.000000e+00 -1.000000e+00 -0.000000e+00
      outer loop
         vertex 2.659567e+01 2.491288e-05 2.567500e+01
         vertex 2.506754e+01 2.491288e-05 2.023616e+01
         vertex 2.659567e+01 2.491288e-05 1.750000e+01
      endloop
   endfacet
   facet normal 0.000000e+00 -1.000000e+00 0.000000e+00
      outer loop
         vertex 2.659567e+01 2.491288e-05 1.750000e+01
         vertex 2.506754e+01 2.491288e-05 2.023616e+01
         vertex 2.542846e+01 2.491288e-05 1.888919e+01
      endloop
   endfacet
   facet normal 0.000000e+00 -1.000000e+00 0.000000e+00
      outer loop
         vertex 2.659567e+01 2.491288e-05 1.750000e+01
         vertex 2.542846e+01 2.491288e-05 1.888919e+01
         vertex 2.555000e+01 2.491288e-05 1.750000e+01
      endloop
   endfacet
   facet normal -0.000000e+00 -1.000000e+00 0.000000e+00
      outer loop
         vertex 1.481384e+01 2.491288e-05 2.501754e+01
         vertex 1.275000e+01 2.491288e-05 2.567500e+01
         vertex 1.355000e+01 2.491288e-05 2.442820e+01
      endloop
   endfacet
   facet normal -0.000000e+00 -1.000000e+00 0.000000e+00
      outer loop
         vertex 1.355000e+01 2.491288e-05 2.442820e+01
         vertex 1.275000e+01 2.491288e-05 2.567500e+01
         vertex 1.240770e+01 2.491288e-05 2.362836e+01
      endloop
   endfacet
   facet normal 0.000000e+00 -1.000000e+00 0.000000e+00
      outer loop
         vertex 2.028616e+01 2.491288e-05 2.501754e+01
         vertex 2.155000e+01 2.491288e-05 2.442820e+01
         vertex 2.235000e+01 2.491288e-05 2.567500e+01
      endloop
   endfacet
   facet normal 0.000000e+00 -1.000000e+00 -0.000000e+00
      outer loop
         vertex 2.235000e+01 2.491288e-05 2.567500e+01
         vertex 2.155000e+01 2.491288e-05 2.442820e+01
         vertex 2.269230e+01 2.491288e-05 2.362836e+01
      endloop
   endfacet
   facet normal 0.000000e+00 -1.000000e+00 0.000000e+00
      outer loop
         vertex 2.235000e+01 2.491288e-05 2.567500e+01
         vertex 2.269230e+01 2.491288e-05 2.362836e+01
         vertex 2.659567e+01 2.491288e-05 2.567500e+01
      endloop
   endfacet
   facet normal 0.000000e+00 -1.000000e+00 0.000000e+00
      outer loop
         vertex 2.659567e+01 2.491288e-05 2.567500e+01
         vertex 2.269230e+01 2.491288e-05 2.362836e+01
         vertex 2.367836e+01 2.491288e-05 2.264230e+01
      endloop
   endfacet
   facet normal 0.000000e+00 -1.000000e+00 0.000000e+00
      outer loop
         vertex 2.659567e+01 2.491288e-05 2.567500e+01
         vertex 2.367836e+01 2.491288e-05 2.264230e+01
         vertex 2.447820e+01 2.491288e-05 2.150000e+01
      endloop
   endfacet
   facet normal 0.000000e+00 -1.000000e+00 0.000000e+00
      outer loop
         vertex 1.481384e+01 2.491288e-05 2.501754e+01
         vertex 1.616082e+01 2.491288e-05 2.537846e+01
         vertex 1.275000e+01 2.491288e-05 2.567500e+01
      endloop
   endfacet
   facet normal 0.000000e+00 -1.000000e+00 0.000000e+00
      outer loop
         vertex 1.275000e+01 2.491288e-05 2.567500e+01
         vertex 1.616082e+01 2.491288e-05 2.537846e+01
         vertex 1.755000e+01 2.491288e-05 2.550000e+01
      endloop
   endfacet
   facet normal 0.000000e+00 -1.000000e+00 0.000000e+00
      outer loop
         vertex 1.275000e+01 2.491288e-05 2.567500e+01
         vertex 1.755000e+01 2.491288e-05 2.550000e+01
         vertex 2.235000e+01 2.491288e-05 2.567500e+01
      endloop
   endfacet
   facet normal 0.000000e+00 -1.000000e+00 0.000000e+00
      outer loop
         vertex 2.235000e+01 2.491288e-05 2.567500e+01
         vertex 1.755000e+01 2.491288e-05 2.550000e+01
         vertex 1.893919e+01 2.491288e-05 2.537846e+01
      endloop
   endfacet
   facet normal 0.000000e+00 -1.000000e+00 0.000000e+00
      outer loop
         vertex 2.235000e+01 2.491288e-05 2.567500e+01
         vertex 1.893919e+01 2.491288e-05 2.537846e+01
         vertex 2.028616e+01 2.491288e-05 2.501754e+01
      endloop
   endfacet
   facet normal -0.000000e+00 -1.000000e+00 0.000000e+00
      outer loop
         vertex 1.240770e+01 2.491288e-05 2.362836e+01
         vertex 1.275000e+01 2.491288e-05 2.567500e+01
         vertex 1.142165e+01 2.491288e-05 2.264230e+01
      endloop
   endfacet
   facet normal 0.000000e+00 -1.000000e+00 0.000000e+00
      outer loop
         vertex 1.142165e+01 2.491288e-05 2.264230e+01
         vertex 1.275000e+01 2.491288e-05 2.567500e+01
         vertex 8.504329e+00 2.491288e-05 2.567500e+01
      endloop
   endfacet
   facet normal -0.000000e+00 -1.000000e+00 0.000000e+00
      outer loop
         vertex 1.142165e+01 2.491288e-05 2.264230e+01
         vertex 8.504329e+00 2.491288e-05 2.567500e+01
         vertex 1.062180e+01 2.491288e-05 2.150000e+01
      endloop
   endfacet
   facet normal 0.000000e+00 -1.000000e+00 0.000000e+00
      outer loop
         vertex 9.671539e+00 2.491288e-05 1.611081e+01
         vertex 9.550001e+00 2.491288e-05 1.750000e+01
         vertex 8.504329e+00 2.491288e-05 1.750000e+01
      endloop
   endfacet
   facet normal 0.000000e+00 -1.000000e+00 0.000000e+00
      outer loop
         vertex 8.504329e+00 2.491288e-05 1.750000e+01
         vertex 9.550001e+00 2.491288e-05 1.750000e+01
         vertex 9.671539e+00 2.491288e-05 1.888919e+01
      endloop
   endfacet
   facet normal 0.000000e+00 -1.000000e+00 0.000000e+00
      outer loop
         vertex 8.504329e+00 2.491288e-05 1.750000e+01
         vertex 9.671539e+00 2.491288e-05 1.888919e+01
         vertex 8.504329e+00 2.491288e-05 2.567500e+01
      endloop
   endfacet
   facet normal 0.000000e+00 -1.000000e+00 0.000000e+00
      outer loop
         vertex 8.504329e+00 2.491288e-05 2.567500e+01
         vertex 9.671539e+00 2.491288e-05 1.888919e+01
         vertex 1.003246e+01 2.491288e-05 2.023616e+01
      endloop
   endfacet
   facet normal 0.000000e+00 -1.000000e+00 0.000000e+00
      outer loop
         vertex 8.504329e+00 2.491288e-05 2.567500e+01
         vertex 1.003246e+01 2.491288e-05 2.023616e+01
         vertex 1.062180e+01 2.491288e-05 2.150000e+01
      endloop
   endfacet
   facet normal 0.000000e+00 -1.000000e+00 0.000000e+00
      outer loop
         vertex 3.026980e+01 2.491288e-05 2.547567e+01
         vertex 3.046701e+01 2.491288e-05 2.527846e+01
         vertex 3.294567e+01 2.491288e-05 2.567500e+01
      endloop
   endfacet
   facet normal 0.000000e+00 -1.000000e+00 0.000000e+00
      outer loop
         vertex 2.924134e+01 2.491288e-05 2.585000e+01
         vertex 2.951918e+01 2.491288e-05 2.582569e+01
         vertex 3.200918e+01 2.491288e-05 2.735810e+01
      endloop
   endfacet
   facet normal 0.000000e+00 -1.000000e+00 0.000000e+00
      outer loop
         vertex 3.200918e+01 2.491288e-05 2.735810e+01
         vertex 2.951918e+01 2.491288e-05 2.582569e+01
         vertex 2.978858e+01 2.491288e-05 2.575351e+01
      endloop
   endfacet
   facet normal 0.000000e+00 -1.000000e+00 -0.000000e+00
      outer loop
         vertex 3.200918e+01 2.491288e-05 2.735810e+01
         vertex 2.978858e+01 2.491288e-05 2.575351e+01
         vertex 3.294567e+01 2.491288e-05 2.567500e+01
      endloop
   endfacet
   facet normal -0.000000e+00 -1.000000e+00 0.000000e+00
      outer loop
         vertex 3.294567e+01 2.491288e-05 2.567500e+01
         vertex 2.978858e+01 2.491288e-05 2.575351e+01
         vertex 3.004134e+01 2.491288e-05 2.563564e+01
      endloop
   endfacet
   facet normal 0.000000e+00 -1.000000e+00 0.000000e+00
      outer loop
         vertex 3.294567e+01 2.491288e-05 2.567500e+01
         vertex 3.004134e+01 2.491288e-05 2.563564e+01
         vertex 3.026980e+01 2.491288e-05 2.547567e+01
      endloop
   endfacet
   facet normal 0.000000e+00 -1.000000e+00 0.000000e+00
      outer loop
         vertex 2.659567e+01 2.491288e-05 2.567500e+01
         vertex 2.766565e+01 2.491288e-05 2.452784e+01
         vertex 2.773784e+01 2.491288e-05 2.479723e+01
      endloop
   endfacet
   facet normal 0.000000e+00 -1.000000e+00 0.000000e+00
      outer loop
         vertex 2.773784e+01 2.491288e-05 2.479723e+01
         vertex 2.785570e+01 2.491288e-05 2.505000e+01
         vertex 2.659567e+01 2.491288e-05 2.567500e+01
      endloop
   endfacet
   facet normal 0.000000e+00 -1.000000e+00 0.000000e+00
      outer loop
         vertex 2.659567e+01 2.491288e-05 2.567500e+01
         vertex 2.785570e+01 2.491288e-05 2.505000e+01
         vertex 2.801567e+01 2.491288e-05 2.527846e+01
      endloop
   endfacet
   facet normal 0.000000e+00 -1.000000e+00 0.000000e+00
      outer loop
         vertex 2.659567e+01 2.491288e-05 2.567500e+01
         vertex 2.801567e+01 2.491288e-05 2.527846e+01
         vertex 2.821288e+01 2.491288e-05 2.547567e+01
      endloop
   endfacet
   facet normal 0.000000e+00 -1.000000e+00 0.000000e+00
      outer loop
         vertex 3.046701e+01 2.491288e-05 2.527846e+01
         vertex 3.062698e+01 2.491288e-05 2.505000e+01
         vertex 3.294567e+01 2.491288e-05 2.567500e+01
      endloop
   endfacet
   facet normal 0.000000e+00 -1.000000e+00 0.000000e+00
      outer loop
         vertex 3.294567e+01 2.491288e-05 2.567500e+01
         vertex 3.062698e+01 2.491288e-05 2.505000e+01
         vertex 3.074485e+01 2.491288e-05 2.479723e+01
      endloop
   endfacet
   facet normal 0.000000e+00 -1.000000e+00 0.000000e+00
      outer loop
         vertex 3.294567e+01 2.491288e-05 2.567500e+01
         vertex 3.074485e+01 2.491288e-05 2.479723e+01
         vertex 3.081704e+01 2.491288e-05 2.452784e+01
      endloop
   endfacet
   facet normal 0.000000e+00 -1.000000e+00 -0.000000e+00
      outer loop
         vertex 3.062698e+01 2.491288e-05 2.345000e+01
         vertex 3.046701e+01 2.491288e-05 2.322154e+01
         vertex 3.294567e+01 2.491288e-05 1.750000e+01
      endloop
   endfacet
   facet normal 0.000000e+00 -1.000000e+00 0.000000e+00
      outer loop
         vertex 3.294567e+01 2.491288e-05 1.750000e+01
         vertex 3.046701e+01 2.491288e-05 2.322154e+01
         vertex 3.026980e+01 2.491288e-05 2.302433e+01
      endloop
   endfacet
   facet normal 0.000000e+00 -1.000000e+00 0.000000e+00
      outer loop
         vertex 3.294567e+01 2.491288e-05 1.750000e+01
         vertex 3.026980e+01 2.491288e-05 2.302433e+01
         vertex 3.004134e+01 2.491288e-05 2.286436e+01
      endloop
   endfacet
   facet normal -0.000000e+00 -1.000000e+00 0.000000e+00
      outer loop
         vertex 2.896351e+01 2.491288e-05 2.267431e+01
         vertex 2.869411e+01 2.491288e-05 2.274649e+01
         vertex 2.659567e+01 2.491288e-05 1.750000e+01
      endloop
   endfacet
   facet normal 0.000000e+00 -1.000000e+00 0.000000e+00
      outer loop
         vertex 2.659567e+01 2.491288e-05 1.750000e+01
         vertex 2.869411e+01 2.491288e-05 2.274649e+01
         vertex 2.844134e+01 2.491288e-05 2.286436e+01
      endloop
   endfacet
   facet normal 0.000000e+00 -1.000000e+00 0.000000e+00
      outer loop
         vertex 3.081704e+01 2.491288e-05 2.452784e+01
         vertex 3.084134e+01 2.491288e-05 2.425000e+01
         vertex 3.294567e+01 2.491288e-05 2.567500e+01
      endloop
   endfacet
   facet normal 0.000000e+00 -1.000000e+00 0.000000e+00
      outer loop
         vertex 3.294567e+01 2.491288e-05 2.567500e+01
         vertex 3.084134e+01 2.491288e-05 2.425000e+01
         vertex 3.081704e+01 2.491288e-05 2.397216e+01
      endloop
   endfacet
   facet normal 0.000000e+00 -1.000000e+00 -0.000000e+00
      outer loop
         vertex 3.294567e+01 2.491288e-05 2.567500e+01
         vertex 3.081704e+01 2.491288e-05 2.397216e+01
         vertex 3.294567e+01 2.491288e-05 1.750000e+01
      endloop
   endfacet
   facet normal 0.000000e+00 -1.000000e+00 0.000000e+00
      outer loop
         vertex 3.294567e+01 2.491288e-05 1.750000e+01
         vertex 3.081704e+01 2.491288e-05 2.397216e+01
         vertex 3.074485e+01 2.491288e-05 2.370277e+01
      endloop
   endfacet
   facet normal 0.000000e+00 -1.000000e+00 0.000000e+00
      outer loop
         vertex 3.294567e+01 2.491288e-05 1.750000e+01
         vertex 3.074485e+01 2.491288e-05 2.370277e+01
         vertex 3.062698e+01 2.491288e-05 2.345000e+01
      endloop
   endfacet
   facet normal 0.000000e+00 -1.000000e+00 -0.000000e+00
      outer loop
         vertex 3.004134e+01 2.491288e-05 2.286436e+01
         vertex 2.978858e+01 2.491288e-05 2.274649e+01
         vertex 3.294567e+01 2.491288e-05 1.750000e+01
      endloop
   endfacet
   facet normal 0.000000e+00 -1.000000e+00 0.000000e+00
      outer loop
         vertex 3.294567e+01 2.491288e-05 1.750000e+01
         vertex 2.978858e+01 2.491288e-05 2.274649e+01
         vertex 2.951918e+01 2.491288e-05 2.267431e+01
      endloop
   endfacet
   facet normal 0.000000e+00 -1.000000e+00 0.000000e+00
      outer loop
         vertex 3.294567e+01 2.491288e-05 1.750000e+01
         vertex 2.951918e+01 2.491288e-05 2.267431e+01
         vertex 2.659567e+01 2.491288e-05 1.750000e+01
      endloop
   endfacet
   facet normal 0.000000e+00 -1.000000e+00 0.000000e+00
      outer loop
         vertex 2.659567e+01 2.491288e-05 1.750000e+01
         vertex 2.951918e+01 2.491288e-05 2.267431e+01
         vertex 2.924134e+01 2.491288e-05 2.265000e+01
      endloop
   endfacet
   facet normal 0.000000e+00 -1.000000e+00 0.000000e+00
      outer loop
         vertex 2.659567e+01 2.491288e-05 1.750000e+01
         vertex 2.924134e+01 2.491288e-05 2.265000e+01
         vertex 2.896351e+01 2.491288e-05 2.267431e+01
      endloop
   endfacet
   facet normal -0.000000e+00 -1.000000e+00 0.000000e+00
      outer loop
         vertex 2.844134e+01 2.491288e-05 2.286436e+01
         vertex 2.821288e+01 2.491288e-05 2.302433e+01
         vertex 2.659567e+01 2.491288e-05 1.750000e+01
      endloop
   endfacet
   facet normal 0.000000e+00 -1.000000e+00 0.000000e+00
      outer loop
         vertex 2.659567e+01 2.491288e-05 1.750000e+01
         vertex 2.821288e+01 2.491288e-05 2.302433e+01
         vertex 2.801567e+01 2.491288e-05 2.322154e+01
      endloop
   endfacet
   facet normal 0.000000e+00 -1.000000e+00 0.000000e+00
      outer loop
         vertex 2.659567e+01 2.491288e-05 1.750000e+01
         vertex 2.801567e+01 2.491288e-05 2.322154e+01
         vertex 2.785570e+01 2.491288e-05 2.345000e+01
      endloop
   endfacet
   facet normal -0.000000e+00 -1.000000e+00 0.000000e+00
      outer loop
         vertex 2.785570e+01 2.491288e-05 2.345000e+01
         vertex 2.773784e+01 2.491288e-05 2.370277e+01
         vertex 2.659567e+01 2.491288e-05 1.750000e+01
      endloop
   endfacet
   facet normal 0.000000e+00 -1.000000e+00 0.000000e+00
      outer loop
         vertex 2.659567e+01 2.491288e-05 1.750000e+01
         vertex 2.773784e+01 2.491288e-05 2.370277e+01
         vertex 2.766565e+01 2.491288e-05 2.397216e+01
      endloop
   endfacet
   facet normal 0.000000e+00 -1.000000e+00 0.000000e+00
      outer loop
         vertex 2.659567e+01 2.491288e-05 1.750000e+01
         vertex 2.766565e+01 2.491288e-05 2.397216e+01
         vertex 2.659567e+01 2.491288e-05 2.567500e+01
      endloop
   endfacet
   facet normal 0.000000e+00 -1.000000e+00 0.000000e+00
      outer loop
         vertex 2.659567e+01 2.491288e-05 2.567500e+01
         vertex 2.766565e+01 2.491288e-05 2.397216e+01
         vertex 2.764134e+01 2.491288e-05 2.425000e+01
      endloop
   endfacet
   facet normal 0.000000e+00 -1.000000e+00 0.000000e+00
      outer loop
         vertex 2.659567e+01 2.491288e-05 2.567500e+01
         vertex 2.764134e+01 2.491288e-05 2.425000e+01
         vertex 2.766565e+01 2.491288e-05 2.452784e+01
      endloop
   endfacet
   facet normal 0.000000e+00 -1.000000e+00 0.000000e+00
      outer loop
         vertex 2.785570e+01 2.491288e-05 1.155000e+01
         vertex 2.801567e+01 2.491288e-05 1.177846e+01
         vertex 2.659567e+01 2.491288e-05 1.750000e+01
      endloop
   endfacet
   facet normal 0.000000e+00 -1.000000e+00 0.000000e+00
      outer loop
         vertex 2.869411e+01 2.491288e-05 9.246492e+00
         vertex 2.844134e+01 2.491288e-05 9.364359e+00
         vertex 2.659567e+01 2.491288e-05 9.325000e+00
      endloop
   endfacet
   facet normal 0.000000e+00 -1.000000e+00 0.000000e+00
      outer loop
         vertex 2.659567e+01 2.491288e-05 9.325000e+00
         vertex 2.844134e+01 2.491288e-05 9.364359e+00
         vertex 2.821288e+01 2.491288e-05 9.524329e+00
      endloop
   endfacet
   facet normal 0.000000e+00 -1.000000e+00 0.000000e+00
      outer loop
         vertex 2.659567e+01 2.491288e-05 9.325000e+00
         vertex 2.821288e+01 2.491288e-05 9.524329e+00
         vertex 2.801567e+01 2.491288e-05 9.721540e+00
      endloop
   endfacet
   facet normal -0.000000e+00 -1.000000e+00 0.000000e+00
      outer loop
         vertex 2.801567e+01 2.491288e-05 9.721540e+00
         vertex 2.785570e+01 2.491288e-05 9.950000e+00
         vertex 2.659567e+01 2.491288e-05 9.325000e+00
      endloop
   endfacet
   facet normal 0.000000e+00 -1.000000e+00 0.000000e+00
      outer loop
         vertex 2.659567e+01 2.491288e-05 9.325000e+00
         vertex 2.785570e+01 2.491288e-05 9.950000e+00
         vertex 2.773784e+01 2.491288e-05 1.020277e+01
      endloop
   endfacet
   facet normal 0.000000e+00 -1.000000e+00 0.000000e+00
      outer loop
         vertex 2.659567e+01 2.491288e-05 9.325000e+00
         vertex 2.773784e+01 2.491288e-05 1.020277e+01
         vertex 2.766565e+01 2.491288e-05 1.047216e+01
      endloop
   endfacet
   facet normal 0.000000e+00 -1.000000e+00 0.000000e+00
      outer loop
         vertex 2.801567e+01 2.491288e-05 1.177846e+01
         vertex 2.821288e+01 2.491288e-05 1.197567e+01
         vertex 2.659567e+01 2.491288e-05 1.750000e+01
      endloop
   endfacet
   facet normal 0.000000e+00 -1.000000e+00 0.000000e+00
      outer loop
         vertex 2.659567e+01 2.491288e-05 1.750000e+01
         vertex 2.821288e+01 2.491288e-05 1.197567e+01
         vertex 2.844134e+01 2.491288e-05 1.213564e+01
      endloop
   endfacet
   facet normal 0.000000e+00 -1.000000e+00 0.000000e+00
      outer loop
         vertex 2.659567e+01 2.491288e-05 1.750000e+01
         vertex 2.844134e+01 2.491288e-05 1.213564e+01
         vertex 2.869411e+01 2.491288e-05 1.225351e+01
      endloop
   endfacet
   facet normal 0.000000e+00 -1.000000e+00 0.000000e+00
      outer loop
         vertex 2.869411e+01 2.491288e-05 1.225351e+01
         vertex 2.896351e+01 2.491288e-05 1.232569e+01
         vertex 2.659567e+01 2.491288e-05 1.750000e+01
      endloop
   endfacet
   facet normal 0.000000e+00 -1.000000e+00 0.000000e+00
      outer loop
         vertex 2.659567e+01 2.491288e-05 1.750000e+01
         vertex 2.896351e+01 2.491288e-05 1.232569e+01
         vertex 2.924134e+01 2.491288e-05 1.235000e+01
      endloop
   endfacet
   facet normal 0.000000e+00 -1.000000e+00 0.000000e+00
      outer loop
         vertex 2.659567e+01 2.491288e-05 1.750000e+01
         vertex 2.924134e+01 2.491288e-05 1.235000e+01
         vertex 3.294567e+01 2.491288e-05 1.750000e+01
      endloop
   endfacet
   facet normal 0.000000e+00 -1.000000e+00 0.000000e+00
      outer loop
         vertex 3.294567e+01 2.491288e-05 1.750000e+01
         vertex 2.924134e+01 2.491288e-05 1.235000e+01
         vertex 2.951918e+01 2.491288e-05 1.232569e+01
      endloop
   endfacet
   facet normal 0.000000e+00 -1.000000e+00 0.000000e+00
      outer loop
         vertex 3.294567e+01 2.491288e-05 1.750000e+01
         vertex 2.951918e+01 2.491288e-05 1.232569e+01
         vertex 2.978858e+01 2.491288e-05 1.225351e+01
      endloop
   endfacet
   facet normal 0.000000e+00 -1.000000e+00 0.000000e+00
      outer loop
         vertex 2.978858e+01 2.491288e-05 1.225351e+01
         vertex 3.004134e+01 2.491288e-05 1.213564e+01
         vertex 3.294567e+01 2.491288e-05 1.750000e+01
      endloop
   endfacet
   facet normal 0.000000e+00 -1.000000e+00 0.000000e+00
      outer loop
         vertex 3.294567e+01 2.491288e-05 1.750000e+01
         vertex 3.004134e+01 2.491288e-05 1.213564e+01
         vertex 3.026980e+01 2.491288e-05 1.197567e+01
      endloop
   endfacet
   facet normal 0.000000e+00 -1.000000e+00 0.000000e+00
      outer loop
         vertex 3.294567e+01 2.491288e-05 1.750000e+01
         vertex 3.026980e+01 2.491288e-05 1.197567e+01
         vertex 3.046701e+01 2.491288e-05 1.177846e+01
      endloop
   endfacet
   facet normal -0.000000e+00 -1.000000e+00 0.000000e+00
      outer loop
         vertex 2.766565e+01 2.491288e-05 1.047216e+01
         vertex 2.764134e+01 2.491288e-05 1.075000e+01
         vertex 2.659567e+01 2.491288e-05 9.325000e+00
      endloop
   endfacet
   facet normal 0.000000e+00 -1.000000e+00 0.000000e+00
      outer loop
         vertex 2.659567e+01 2.491288e-05 9.325000e+00
         vertex 2.764134e+01 2.491288e-05 1.075000e+01
         vertex 2.766565e+01 2.491288e-05 1.102784e+01
      endloop
   endfacet
   facet normal 0.000000e+00 -1.000000e+00 0.000000e+00
      outer loop
         vertex 2.659567e+01 2.491288e-05 9.325000e+00
         vertex 2.766565e+01 2.491288e-05 1.102784e+01
         vertex 2.659567e+01 2.491288e-05 1.750000e+01
      endloop
   endfacet
   facet normal 0.000000e+00 -1.000000e+00 0.000000e+00
      outer loop
         vertex 2.659567e+01 2.491288e-05 1.750000e+01
         vertex 2.766565e+01 2.491288e-05 1.102784e+01
         vertex 2.773784e+01 2.491288e-05 1.129723e+01
      endloop
   endfacet
   facet normal 0.000000e+00 -1.000000e+00 0.000000e+00
      outer loop
         vertex 2.659567e+01 2.491288e-05 1.750000e+01
         vertex 2.773784e+01 2.491288e-05 1.129723e+01
         vertex 2.785570e+01 2.491288e-05 1.155000e+01
      endloop
   endfacet
   facet normal 0.000000e+00 -1.000000e+00 0.000000e+00
      outer loop
         vertex 3.046701e+01 2.491288e-05 1.177846e+01
         vertex 3.062698e+01 2.491288e-05 1.155000e+01
         vertex 3.294567e+01 2.491288e-05 1.750000e+01
      endloop
   endfacet
   facet normal 0.000000e+00 -1.000000e+00 0.000000e+00
      outer loop
         vertex 3.294567e+01 2.491288e-05 1.750000e+01
         vertex 3.062698e+01 2.491288e-05 1.155000e+01
         vertex 3.074485e+01 2.491288e-05 1.129723e+01
      endloop
   endfacet
   facet normal 0.000000e+00 -1.000000e+00 -0.000000e+00
      outer loop
         vertex 3.294567e+01 2.491288e-05 1.750000e+01
         vertex 3.074485e+01 2.491288e-05 1.129723e+01
         vertex 3.294567e+01 2.491288e-05 9.325000e+00
      endloop
   endfacet
   facet normal 0.000000e+00 -1.000000e+00 0.000000e+00
      outer loop
         vertex 3.294567e+01 2.491288e-05 9.325000e+00
         vertex 3.074485e+01 2.491288e-05 1.129723e+01
         vertex 3.081704e+01 2.491288e-05 1.102784e+01
      endloop
   endfacet
   facet normal 0.000000e+00 -1.000000e+00 0.000000e+00
      outer loop
         vertex 3.294567e+01 2.491288e-05 9.325000e+00
         vertex 3.081704e+01 2.491288e-05 1.102784e+01
         vertex 3.084134e+01 2.491288e-05 1.075000e+01
      endloop
   endfacet
   facet normal 0.000000e+00 -1.000000e+00 -0.000000e+00
      outer loop
         vertex 3.084134e+01 2.491288e-05 1.075000e+01
         vertex 3.081704e+01 2.491288e-05 1.047216e+01
         vertex 3.294567e+01 2.491288e-05 9.325000e+00
      endloop
   endfacet
   facet normal 0.000000e+00 -1.000000e+00 0.000000e+00
      outer loop
         vertex 3.294567e+01 2.491288e-05 9.325000e+00
         vertex 3.081704e+01 2.491288e-05 1.047216e+01
         vertex 3.074485e+01 2.491288e-05 1.020277e+01
      endloop
   endfacet
   facet normal 0.000000e+00 -1.000000e+00 0.000000e+00
      outer loop
         vertex 3.294567e+01 2.491288e-05 9.325000e+00
         vertex 3.074485e+01 2.491288e-05 1.020277e+01
         vertex 3.062698e+01 2.491288e-05 9.950000e+00
      endloop
   endfacet
   facet normal 0.000000e+00 -1.000000e+00 -0.000000e+00
      outer loop
         vertex 3.062698e+01 2.491288e-05 9.950000e+00
         vertex 3.046701e+01 2.491288e-05 9.721540e+00
         vertex 3.294567e+01 2.491288e-05 9.325000e+00
      endloop
   endfacet
   facet normal 0.000000e+00 -1.000000e+00 0.000000e+00
      outer loop
         vertex 3.294567e+01 2.491288e-05 9.325000e+00
         vertex 3.046701e+01 2.491288e-05 9.721540e+00
         vertex 3.026980e+01 2.491288e-05 9.524329e+00
      endloop
   endfacet
   facet normal 0.000000e+00 -1.000000e+00 0.000000e+00
      outer loop
         vertex 3.294567e+01 2.491288e-05 9.325000e+00
         vertex 3.026980e+01 2.491288e-05 9.524329e+00
         vertex 3.004134e+01 2.491288e-05 9.364359e+00
      endloop
   endfacet
   facet normal -0.000000e+00 -1.000000e+00 0.000000e+00
      outer loop
         vertex 2.896351e+01 2.491288e-05 9.174308e+00
         vertex 2.869411e+01 2.491288e-05 9.246492e+00
         vertex 2.659567e+01 2.491288e-05 7.375000e+00
      endloop
   endfacet
   facet normal 0.000000e+00 -1.000000e+00 0.000000e+00
      outer loop
         vertex 2.659567e+01 2.491288e-05 7.375000e+00
         vertex 2.869411e+01 2.491288e-05 9.246492e+00
         vertex 2.659567e+01 2.491288e-05 9.325000e+00
      endloop
   endfacet
   facet normal 0.000000e+00 -1.000000e+00 0.000000e+00
      outer loop
         vertex 2.659567e+01 2.491288e-05 7.375000e+00
         vertex 2.659567e+01 2.491288e-05 9.325000e+00
         vertex 2.235000e+01 2.491288e-05 7.375000e+00
      endloop
   endfacet
   facet normal 0.000000e+00 -1.000000e+00 0.000000e+00
      outer loop
         vertex 2.235000e+01 2.491288e-05 7.375000e+00
         vertex 2.659567e+01 2.491288e-05 9.325000e+00
         vertex 2.235000e+01 2.491288e-05 9.325000e+00
      endloop
   endfacet
   facet normal 0.000000e+00 -1.000000e+00 0.000000e+00
      outer loop
         vertex 2.235000e+01 2.491288e-05 7.375000e+00
         vertex 2.235000e+01 2.491288e-05 9.325000e+00
         vertex 1.275000e+01 2.491288e-05 7.375000e+00
      endloop
   endfacet
   facet normal 0.000000e+00 -1.000000e+00 0.000000e+00
      outer loop
         vertex 1.275000e+01 2.491288e-05 7.375000e+00
         vertex 2.235000e+01 2.491288e-05 9.325000e+00
         vertex 1.275000e+01 2.491288e-05 9.325000e+00
      endloop
   endfacet
   facet normal 0.000000e+00 -1.000000e+00 0.000000e+00
      outer loop
         vertex 1.275000e+01 2.491288e-05 7.375000e+00
         vertex 1.275000e+01 2.491288e-05 9.325000e+00
         vertex 8.504329e+00 2.491288e-05 7.375000e+00
      endloop
   endfacet
   facet normal 0.000000e+00 -1.000000e+00 0.000000e+00
      outer loop
         vertex 8.504329e+00 2.491288e-05 7.375000e+00
         vertex 1.275000e+01 2.491288e-05 9.325000e+00
         vertex 8.504329e+00 2.491288e-05 9.325000e+00
      endloop
   endfacet
   facet normal 0.000000e+00 -1.000000e+00 0.000000e+00
      outer loop
         vertex 8.504329e+00 2.491288e-05 7.375000e+00
         vertex 8.504329e+00 2.491288e-05 9.325000e+00
         vertex 6.658658e+00 2.491288e-05 9.364359e+00
      endloop
   endfacet
   facet normal 0.000000e+00 -1.000000e+00 0.000000e+00
      outer loop
         vertex 6.658658e+00 2.491288e-05 9.364359e+00
         vertex 8.504329e+00 2.491288e-05 9.325000e+00
         vertex 6.887118e+00 2.491288e-05 9.524329e+00
      endloop
   endfacet
   facet normal 0.000000e+00 -1.000000e+00 0.000000e+00
      outer loop
         vertex 2.821288e+01 2.491288e-05 2.547567e+01
         vertex 2.844134e+01 2.491288e-05 2.563564e+01
         vertex 2.659567e+01 2.491288e-05 2.567500e+01
      endloop
   endfacet
   facet normal 0.000000e+00 -1.000000e+00 0.000000e+00
      outer loop
         vertex 2.659567e+01 2.491288e-05 2.567500e+01
         vertex 2.844134e+01 2.491288e-05 2.563564e+01
         vertex 2.659567e+01 2.491288e-05 2.762500e+01
      endloop
   endfacet
   facet normal 0.000000e+00 -1.000000e+00 0.000000e+00
      outer loop
         vertex 2.659567e+01 2.491288e-05 2.567500e+01
         vertex 2.659567e+01 2.491288e-05 2.762500e+01
         vertex 2.235000e+01 2.491288e-05 2.567500e+01
      endloop
   endfacet
   facet normal 0.000000e+00 -1.000000e+00 0.000000e+00
      outer loop
         vertex 2.235000e+01 2.491288e-05 2.567500e+01
         vertex 2.659567e+01 2.491288e-05 2.762500e+01
         vertex 2.235000e+01 2.491288e-05 2.762500e+01
      endloop
   endfacet
   facet normal 0.000000e+00 -1.000000e+00 0.000000e+00
      outer loop
         vertex 2.235000e+01 2.491288e-05 2.567500e+01
         vertex 2.235000e+01 2.491288e-05 2.762500e+01
         vertex 1.275000e+01 2.491288e-05 2.567500e+01
      endloop
   endfacet
   facet normal 0.000000e+00 -1.000000e+00 0.000000e+00
      outer loop
         vertex 1.275000e+01 2.491288e-05 2.567500e+01
         vertex 2.235000e+01 2.491288e-05 2.762500e+01
         vertex 1.275000e+01 2.491288e-05 2.762500e+01
      endloop
   endfacet
   facet normal 0.000000e+00 -1.000000e+00 0.000000e+00
      outer loop
         vertex 1.275000e+01 2.491288e-05 2.567500e+01
         vertex 1.275000e+01 2.491288e-05 2.762500e+01
         vertex 8.504329e+00 2.491288e-05 2.567500e+01
      endloop
   endfacet
   facet normal 0.000000e+00 -1.000000e+00 0.000000e+00
      outer loop
         vertex 8.504329e+00 2.491288e-05 2.567500e+01
         vertex 1.275000e+01 2.491288e-05 2.762500e+01
         vertex 8.504329e+00 2.491288e-05 2.762500e+01
      endloop
   endfacet
   facet normal 0.000000e+00 -1.000000e+00 0.000000e+00
      outer loop
         vertex 8.504329e+00 2.491288e-05 2.567500e+01
         vertex 8.504329e+00 2.491288e-05 2.762500e+01
         vertex 6.405890e+00 2.491288e-05 2.575351e+01
      endloop
   endfacet
   facet normal 0.000000e+00 -1.000000e+00 0.000000e+00
      outer loop
         vertex 6.405890e+00 2.491288e-05 2.575351e+01
         vertex 8.504329e+00 2.491288e-05 2.762500e+01
         vertex 6.136495e+00 2.491288e-05 2.582569e+01
      endloop
   endfacet
   facet normal 0.000000e+00 1.000000e+00 0.000000e+00
      outer loop
         vertex 3.037841e+01 8.000025e+00 2.940302e+01
         vertex 3.200918e+01 8.000025e+00 2.735810e+01
         vertex 2.659567e+01 8.000025e+00 2.762500e+01
      endloop
   endfacet
   facet normal 0.000000e+00 1.000000e+00 0.000000e+00
      outer loop
         vertex 1.115653e+01 8.000025e+00 3.379029e+01
         vertex 1.275000e+01 8.000025e+00 2.762500e+01
         vertex 8.504329e+00 8.000025e+00 2.762500e+01
      endloop
   endfacet
   facet normal 0.000000e+00 1.000000e+00 0.000000e+00
      outer loop
         vertex 6.405890e+00 8.000025e+00 9.246492e+00
         vertex 6.658658e+00 8.000025e+00 9.364359e+00
         vertex 8.504329e+00 8.000025e+00 9.325000e+00
      endloop
   endfacet
   facet normal 0.000000e+00 1.000000e+00 0.000000e+00
      outer loop
         vertex 4.830197e+00 8.000025e+00 9.524329e+00
         vertex 5.058658e+00 8.000025e+00 9.364359e+00
         vertex 2.154330e+00 8.000025e+00 9.325000e+00
      endloop
   endfacet
   facet normal 0.000000e+00 1.000000e+00 0.000000e+00
      outer loop
         vertex 5.858658e+00 8.000025e+00 1.235000e+01
         vertex 5.580821e+00 8.000025e+00 1.232569e+01
         vertex 2.154330e+00 8.000025e+00 1.750000e+01
      endloop
   endfacet
   facet normal 0.000000e+00 1.000000e+00 0.000000e+00
      outer loop
         vertex 8.504329e+00 8.000025e+00 9.325000e+00
         vertex 7.244298e+00 8.000025e+00 9.950000e+00
         vertex 7.362166e+00 8.000025e+00 1.020277e+01
      endloop
   endfacet
   facet normal -0.000000e+00 1.000000e+00 0.000000e+00
      outer loop
         vertex 6.658658e+00 8.000025e+00 9.364359e+00
         vertex 6.887118e+00 8.000025e+00 9.524329e+00
         vertex 8.504329e+00 8.000025e+00 9.325000e+00
      endloop
   endfacet
   facet normal 0.000000e+00 1.000000e+00 0.000000e+00
      outer loop
         vertex 8.504329e+00 8.000025e+00 9.325000e+00
         vertex 6.887118e+00 8.000025e+00 9.524329e+00
         vertex 7.084329e+00 8.000025e+00 9.721540e+00
      endloop
   endfacet
   facet normal 0.000000e+00 1.000000e+00 0.000000e+00
      outer loop
         vertex 8.504329e+00 8.000025e+00 9.325000e+00
         vertex 7.084329e+00 8.000025e+00 9.721540e+00
         vertex 7.244298e+00 8.000025e+00 9.950000e+00
      endloop
   endfacet
   facet normal 0.000000e+00 1.000000e+00 0.000000e+00
      outer loop
         vertex 2.154330e+00 8.000025e+00 1.750000e+01
         vertex 4.830197e+00 8.000025e+00 1.197567e+01
         vertex 4.632987e+00 8.000025e+00 1.177846e+01
      endloop
   endfacet
   facet normal 0.000000e+00 1.000000e+00 0.000000e+00
      outer loop
         vertex 5.580821e+00 8.000025e+00 1.232569e+01
         vertex 5.311426e+00 8.000025e+00 1.225351e+01
         vertex 2.154330e+00 8.000025e+00 1.750000e+01
      endloop
   endfacet
   facet normal 0.000000e+00 1.000000e+00 0.000000e+00
      outer loop
         vertex 2.154330e+00 8.000025e+00 1.750000e+01
         vertex 5.311426e+00 8.000025e+00 1.225351e+01
         vertex 5.058658e+00 8.000025e+00 1.213564e+01
      endloop
   endfacet
   facet normal 0.000000e+00 1.000000e+00 0.000000e+00
      outer loop
         vertex 2.154330e+00 8.000025e+00 1.750000e+01
         vertex 5.058658e+00 8.000025e+00 1.213564e+01
         vertex 4.830197e+00 8.000025e+00 1.197567e+01
      endloop
   endfacet
   facet normal 0.000000e+00 1.000000e+00 0.000000e+00
      outer loop
         vertex 8.504329e+00 8.000025e+00 1.750000e+01
         vertex 6.887118e+00 8.000025e+00 1.197567e+01
         vertex 6.658658e+00 8.000025e+00 1.213564e+01
      endloop
   endfacet
   facet normal 0.000000e+00 1.000000e+00 -0.000000e+00
      outer loop
         vertex 4.282965e+00 8.000025e+00 1.102784e+01
         vertex 2.154330e+00 8.000025e+00 9.325000e+00
         vertex 4.355149e+00 8.000025e+00 1.129723e+01
      endloop
   endfacet
   facet normal 0.000000e+00 1.000000e+00 0.000000e+00
      outer loop
         vertex 4.355149e+00 8.000025e+00 1.129723e+01
         vertex 2.154330e+00 8.000025e+00 9.325000e+00
         vertex 2.154330e+00 8.000025e+00 1.750000e+01
      endloop
   endfacet
   facet normal 0.000000e+00 1.000000e+00 -0.000000e+00
      outer loop
         vertex 4.355149e+00 8.000025e+00 1.129723e+01
         vertex 2.154330e+00 8.000025e+00 1.750000e+01
         vertex 4.473018e+00 8.000025e+00 1.155000e+01
      endloop
   endfacet
   facet normal 0.000000e+00 1.000000e+00 -0.000000e+00
      outer loop
         vertex 4.473018e+00 8.000025e+00 1.155000e+01
         vertex 2.154330e+00 8.000025e+00 1.750000e+01
         vertex 4.632987e+00 8.000025e+00 1.177846e+01
      endloop
   endfacet
   facet normal -0.000000e+00 1.000000e+00 0.000000e+00
      outer loop
         vertex 7.362166e+00 8.000025e+00 1.020277e+01
         vertex 7.434350e+00 8.000025e+00 1.047216e+01
         vertex 8.504329e+00 8.000025e+00 9.325000e+00
      endloop
   endfacet
   facet normal 0.000000e+00 1.000000e+00 0.000000e+00
      outer loop
         vertex 8.504329e+00 8.000025e+00 9.325000e+00
         vertex 7.434350e+00 8.000025e+00 1.047216e+01
         vertex 7.458658e+00 8.000025e+00 1.075000e+01
      endloop
   endfacet
   facet normal 0.000000e+00 1.000000e+00 0.000000e+00
      outer loop
         vertex 8.504329e+00 8.000025e+00 9.325000e+00
         vertex 7.458658e+00 8.000025e+00 1.075000e+01
         vertex 7.434350e+00 8.000025e+00 1.102784e+01
      endloop
   endfacet
   facet normal 0.000000e+00 1.000000e+00 -0.000000e+00
      outer loop
         vertex 7.434350e+00 8.000025e+00 1.102784e+01
         vertex 7.362166e+00 8.000025e+00 1.129723e+01
         vertex 8.504329e+00 8.000025e+00 1.750000e+01
      endloop
   endfacet
   facet normal 0.000000e+00 1.000000e+00 -0.000000e+00
      outer loop
         vertex 6.658658e+00 8.000025e+00 1.213564e+01
         vertex 6.405890e+00 8.000025e+00 1.225351e+01
         vertex 8.504329e+00 8.000025e+00 1.750000e+01
      endloop
   endfacet
   facet normal 0.000000e+00 1.000000e+00 0.000000e+00
      outer loop
         vertex 8.504329e+00 8.000025e+00 1.750000e+01
         vertex 6.405890e+00 8.000025e+00 1.225351e+01
         vertex 6.136495e+00 8.000025e+00 1.232569e+01
      endloop
   endfacet
   facet normal 0.000000e+00 1.000000e+00 0.000000e+00
      outer loop
         vertex 8.504329e+00 8.000025e+00 1.750000e+01
         vertex 6.136495e+00 8.000025e+00 1.232569e+01
         vertex 5.858658e+00 8.000025e+00 1.235000e+01
      endloop
   endfacet
   facet normal 0.000000e+00 1.000000e+00 0.000000e+00
      outer loop
         vertex 4.282965e+00 8.000025e+00 1.102784e+01
         vertex 4.258658e+00 8.000025e+00 1.075000e+01
         vertex 2.154330e+00 8.000025e+00 9.325000e+00
      endloop
   endfacet
   facet normal 0.000000e+00 1.000000e+00 0.000000e+00
      outer loop
         vertex 2.154330e+00 8.000025e+00 9.325000e+00
         vertex 4.258658e+00 8.000025e+00 1.075000e+01
         vertex 4.282965e+00 8.000025e+00 1.047216e+01
      endloop
   endfacet
   facet normal 0.000000e+00 1.000000e+00 0.000000e+00
      outer loop
         vertex 2.154330e+00 8.000025e+00 9.325000e+00
         vertex 4.282965e+00 8.000025e+00 1.047216e+01
         vertex 4.355149e+00 8.000025e+00 1.020277e+01
      endloop
   endfacet
   facet normal 0.000000e+00 1.000000e+00 -0.000000e+00
      outer loop
         vertex 7.362166e+00 8.000025e+00 1.129723e+01
         vertex 7.244298e+00 8.000025e+00 1.155000e+01
         vertex 8.504329e+00 8.000025e+00 1.750000e+01
      endloop
   endfacet
   facet normal 0.000000e+00 1.000000e+00 0.000000e+00
      outer loop
         vertex 8.504329e+00 8.000025e+00 1.750000e+01
         vertex 7.244298e+00 8.000025e+00 1.155000e+01
         vertex 7.084329e+00 8.000025e+00 1.177846e+01
      endloop
   endfacet
   facet normal 0.000000e+00 1.000000e+00 0.000000e+00
      outer loop
         vertex 8.504329e+00 8.000025e+00 1.750000e+01
         vertex 7.084329e+00 8.000025e+00 1.177846e+01
         vertex 6.887118e+00 8.000025e+00 1.197567e+01
      endloop
   endfacet
   facet normal 0.000000e+00 1.000000e+00 0.000000e+00
      outer loop
         vertex 4.355149e+00 8.000025e+00 1.020277e+01
         vertex 4.473018e+00 8.000025e+00 9.950000e+00
         vertex 2.154330e+00 8.000025e+00 9.325000e+00
      endloop
   endfacet
   facet normal 0.000000e+00 1.000000e+00 0.000000e+00
      outer loop
         vertex 2.154330e+00 8.000025e+00 9.325000e+00
         vertex 4.473018e+00 8.000025e+00 9.950000e+00
         vertex 4.632987e+00 8.000025e+00 9.721540e+00
      endloop
   endfacet
   facet normal 0.000000e+00 1.000000e+00 0.000000e+00
      outer loop
         vertex 2.154330e+00 8.000025e+00 9.325000e+00
         vertex 4.632987e+00 8.000025e+00 9.721540e+00
         vertex 4.830197e+00 8.000025e+00 9.524329e+00
      endloop
   endfacet
   facet normal 0.000000e+00 1.000000e+00 0.000000e+00
      outer loop
         vertex 5.058658e+00 8.000025e+00 9.364359e+00
         vertex 5.311426e+00 8.000025e+00 9.246492e+00
         vertex 3.090822e+00 8.000025e+00 7.641899e+00
      endloop
   endfacet
   facet normal 0.000000e+00 1.000000e+00 0.000000e+00
      outer loop
         vertex 5.580821e+00 8.000025e+00 9.174308e+00
         vertex 5.858658e+00 8.000025e+00 9.150000e+00
         vertex 8.504329e+00 8.000025e+00 7.375000e+00
      endloop
   endfacet
   facet normal 0.000000e+00 1.000000e+00 0.000000e+00
      outer loop
         vertex 8.504329e+00 8.000025e+00 7.375000e+00
         vertex 5.858658e+00 8.000025e+00 9.150000e+00
         vertex 6.136495e+00 8.000025e+00 9.174308e+00
      endloop
   endfacet
   facet normal 0.000000e+00 1.000000e+00 0.000000e+00
      outer loop
         vertex 3.200918e+01 8.000025e+00 7.641899e+00
         vertex 3.004134e+01 8.000025e+00 9.364359e+00
         vertex 3.026980e+01 8.000025e+00 9.524329e+00
      endloop
   endfacet
   facet normal 0.000000e+00 1.000000e+00 -0.000000e+00
      outer loop
         vertex 2.844134e+01 8.000025e+00 1.213564e+01
         vertex 2.659567e+01 8.000025e+00 1.750000e+01
         vertex 2.869411e+01 8.000025e+00 1.225351e+01
      endloop
   endfacet
   facet normal 0.000000e+00 1.000000e+00 -0.000000e+00
      outer loop
         vertex 2.869411e+01 8.000025e+00 1.225351e+01
         vertex 2.659567e+01 8.000025e+00 1.750000e+01
         vertex 2.896351e+01 8.000025e+00 1.232569e+01
      endloop
   endfacet
   facet normal 0.000000e+00 1.000000e+00 0.000000e+00
      outer loop
         vertex 2.844134e+01 8.000025e+00 1.213564e+01
         vertex 2.821288e+01 8.000025e+00 1.197567e+01
         vertex 2.659567e+01 8.000025e+00 1.750000e+01
      endloop
   endfacet
   facet normal 0.000000e+00 1.000000e+00 0.000000e+00
      outer loop
         vertex 2.659567e+01 8.000025e+00 1.750000e+01
         vertex 2.821288e+01 8.000025e+00 1.197567e+01
         vertex 2.801567e+01 8.000025e+00 1.177846e+01
      endloop
   endfacet
   facet normal 0.000000e+00 1.000000e+00 0.000000e+00
      outer loop
         vertex 2.659567e+01 8.000025e+00 1.750000e+01
         vertex 2.801567e+01 8.000025e+00 1.177846e+01
         vertex 2.785570e+01 8.000025e+00 1.155000e+01
      endloop
   endfacet
   facet normal 0.000000e+00 1.000000e+00 0.000000e+00
      outer loop
         vertex 2.659567e+01 8.000025e+00 9.325000e+00
         vertex 2.766565e+01 8.000025e+00 1.047216e+01
         vertex 2.773784e+01 8.000025e+00 1.020277e+01
      endloop
   endfacet
   facet normal 0.000000e+00 1.000000e+00 0.000000e+00
      outer loop
         vertex 3.331696e+01 8.000025e+00 9.907035e+00
         vertex 3.081704e+01 8.000025e+00 1.047216e+01
         vertex 3.084134e+01 8.000025e+00 1.075000e+01
      endloop
   endfacet
   facet normal 0.000000e+00 1.000000e+00 0.000000e+00
      outer loop
         vertex 2.785570e+01 8.000025e+00 1.155000e+01
         vertex 2.773784e+01 8.000025e+00 1.129723e+01
         vertex 2.659567e+01 8.000025e+00 1.750000e+01
      endloop
   endfacet
   facet normal 0.000000e+00 1.000000e+00 0.000000e+00
      outer loop
         vertex 2.659567e+01 8.000025e+00 1.750000e+01
         vertex 2.773784e+01 8.000025e+00 1.129723e+01
         vertex 2.766565e+01 8.000025e+00 1.102784e+01
      endloop
   endfacet
   facet normal 0.000000e+00 1.000000e+00 0.000000e+00
      outer loop
         vertex 2.659567e+01 8.000025e+00 1.750000e+01
         vertex 2.766565e+01 8.000025e+00 1.102784e+01
         vertex 2.659567e+01 8.000025e+00 9.325000e+00
      endloop
   endfacet
   facet normal 0.000000e+00 1.000000e+00 0.000000e+00
      outer loop
         vertex 2.659567e+01 8.000025e+00 9.325000e+00
         vertex 2.766565e+01 8.000025e+00 1.102784e+01
         vertex 2.764134e+01 8.000025e+00 1.075000e+01
      endloop
   endfacet
   facet normal 0.000000e+00 1.000000e+00 0.000000e+00
      outer loop
         vertex 2.659567e+01 8.000025e+00 9.325000e+00
         vertex 2.764134e+01 8.000025e+00 1.075000e+01
         vertex 2.766565e+01 8.000025e+00 1.047216e+01
      endloop
   endfacet
   facet normal 0.000000e+00 1.000000e+00 0.000000e+00
      outer loop
         vertex 2.773784e+01 8.000025e+00 1.020277e+01
         vertex 2.785570e+01 8.000025e+00 9.950000e+00
         vertex 2.659567e+01 8.000025e+00 9.325000e+00
      endloop
   endfacet
   facet normal 0.000000e+00 1.000000e+00 0.000000e+00
      outer loop
         vertex 2.659567e+01 8.000025e+00 9.325000e+00
         vertex 2.785570e+01 8.000025e+00 9.950000e+00
         vertex 2.801567e+01 8.000025e+00 9.721540e+00
      endloop
   endfacet
   facet normal 0.000000e+00 1.000000e+00 0.000000e+00
      outer loop
         vertex 2.659567e+01 8.000025e+00 9.325000e+00
         vertex 2.801567e+01 8.000025e+00 9.721540e+00
         vertex 2.821288e+01 8.000025e+00 9.524329e+00
      endloop
   endfacet
   facet normal 0.000000e+00 1.000000e+00 -0.000000e+00
      outer loop
         vertex 3.331696e+01 8.000025e+00 9.907035e+00
         vertex 3.084134e+01 8.000025e+00 1.075000e+01
         vertex 3.427253e+01 8.000025e+00 1.234178e+01
      endloop
   endfacet
   facet normal -0.000000e+00 1.000000e+00 0.000000e+00
      outer loop
         vertex 3.026980e+01 8.000025e+00 9.524329e+00
         vertex 3.046701e+01 8.000025e+00 9.721540e+00
         vertex 3.200918e+01 8.000025e+00 7.641899e+00
      endloop
   endfacet
   facet normal 0.000000e+00 1.000000e+00 0.000000e+00
      outer loop
         vertex 3.200918e+01 8.000025e+00 7.641899e+00
         vertex 3.046701e+01 8.000025e+00 9.721540e+00
         vertex 3.062698e+01 8.000025e+00 9.950000e+00
      endloop
   endfacet
   facet normal 0.000000e+00 1.000000e+00 -0.000000e+00
      outer loop
         vertex 3.200918e+01 8.000025e+00 7.641899e+00
         vertex 3.062698e+01 8.000025e+00 9.950000e+00
         vertex 3.331696e+01 8.000025e+00 9.907035e+00
      endloop
   endfacet
   facet normal 0.000000e+00 1.000000e+00 0.000000e+00
      outer loop
         vertex 3.331696e+01 8.000025e+00 9.907035e+00
         vertex 3.062698e+01 8.000025e+00 9.950000e+00
         vertex 3.074485e+01 8.000025e+00 1.020277e+01
      endloop
   endfacet
   facet normal 0.000000e+00 1.000000e+00 0.000000e+00
      outer loop
         vertex 3.331696e+01 8.000025e+00 9.907035e+00
         vertex 3.074485e+01 8.000025e+00 1.020277e+01
         vertex 3.081704e+01 8.000025e+00 1.047216e+01
      endloop
   endfacet
   facet normal 0.000000e+00 1.000000e+00 -0.000000e+00
      outer loop
         vertex 3.084134e+01 8.000025e+00 1.075000e+01
         vertex 3.081704e+01 8.000025e+00 1.102784e+01
         vertex 3.427253e+01 8.000025e+00 1.234178e+01
      endloop
   endfacet
   facet normal 0.000000e+00 1.000000e+00 0.000000e+00
      outer loop
         vertex 3.427253e+01 8.000025e+00 1.234178e+01
         vertex 3.081704e+01 8.000025e+00 1.102784e+01
         vertex 3.074485e+01 8.000025e+00 1.129723e+01
      endloop
   endfacet
   facet normal 0.000000e+00 1.000000e+00 -0.000000e+00
      outer loop
         vertex 3.427253e+01 8.000025e+00 1.234178e+01
         vertex 3.074485e+01 8.000025e+00 1.129723e+01
         vertex 3.485454e+01 8.000025e+00 1.489176e+01
      endloop
   endfacet
   facet normal 0.000000e+00 1.000000e+00 -0.000000e+00
      outer loop
         vertex 3.004134e+01 8.000025e+00 1.213564e+01
         vertex 2.978858e+01 8.000025e+00 1.225351e+01
         vertex 3.505000e+01 8.000025e+00 1.750000e+01
      endloop
   endfacet
   facet normal 0.000000e+00 1.000000e+00 0.000000e+00
      outer loop
         vertex 3.505000e+01 8.000025e+00 1.750000e+01
         vertex 2.978858e+01 8.000025e+00 1.225351e+01
         vertex 2.951918e+01 8.000025e+00 1.232569e+01
      endloop
   endfacet
   facet normal 0.000000e+00 1.000000e+00 0.000000e+00
      outer loop
         vertex 3.505000e+01 8.000025e+00 1.750000e+01
         vertex 2.951918e+01 8.000025e+00 1.232569e+01
         vertex 2.659567e+01 8.000025e+00 1.750000e+01
      endloop
   endfacet
   facet normal 0.000000e+00 1.000000e+00 0.000000e+00
      outer loop
         vertex 2.659567e+01 8.000025e+00 1.750000e+01
         vertex 2.951918e+01 8.000025e+00 1.232569e+01
         vertex 2.924134e+01 8.000025e+00 1.235000e+01
      endloop
   endfacet
   facet normal 0.000000e+00 1.000000e+00 0.000000e+00
      outer loop
         vertex 2.659567e+01 8.000025e+00 1.750000e+01
         vertex 2.924134e+01 8.000025e+00 1.235000e+01
         vertex 2.896351e+01 8.000025e+00 1.232569e+01
      endloop
   endfacet
   facet normal 0.000000e+00 1.000000e+00 -0.000000e+00
      outer loop
         vertex 3.074485e+01 8.000025e+00 1.129723e+01
         vertex 3.062698e+01 8.000025e+00 1.155000e+01
         vertex 3.485454e+01 8.000025e+00 1.489176e+01
      endloop
   endfacet
   facet normal 0.000000e+00 1.000000e+00 0.000000e+00
      outer loop
         vertex 3.485454e+01 8.000025e+00 1.489176e+01
         vertex 3.062698e+01 8.000025e+00 1.155000e+01
         vertex 3.046701e+01 8.000025e+00 1.177846e+01
      endloop
   endfacet
   facet normal 0.000000e+00 1.000000e+00 -0.000000e+00
      outer loop
         vertex 3.485454e+01 8.000025e+00 1.489176e+01
         vertex 3.046701e+01 8.000025e+00 1.177846e+01
         vertex 3.505000e+01 8.000025e+00 1.750000e+01
      endloop
   endfacet
   facet normal 0.000000e+00 1.000000e+00 0.000000e+00
      outer loop
         vertex 3.505000e+01 8.000025e+00 1.750000e+01
         vertex 3.046701e+01 8.000025e+00 1.177846e+01
         vertex 3.026980e+01 8.000025e+00 1.197567e+01
      endloop
   endfacet
   facet normal 0.000000e+00 1.000000e+00 0.000000e+00
      outer loop
         vertex 3.505000e+01 8.000025e+00 1.750000e+01
         vertex 3.026980e+01 8.000025e+00 1.197567e+01
         vertex 3.004134e+01 8.000025e+00 1.213564e+01
      endloop
   endfacet
   facet normal 0.000000e+00 1.000000e+00 0.000000e+00
      outer loop
         vertex 2.844134e+01 8.000025e+00 9.364359e+00
         vertex 2.869411e+01 8.000025e+00 9.246492e+00
         vertex 2.659567e+01 8.000025e+00 7.375000e+00
      endloop
   endfacet
   facet normal 0.000000e+00 1.000000e+00 0.000000e+00
      outer loop
         vertex 2.659567e+01 8.000025e+00 7.375000e+00
         vertex 2.869411e+01 8.000025e+00 9.246492e+00
         vertex 2.896351e+01 8.000025e+00 9.174308e+00
      endloop
   endfacet
   facet normal 0.000000e+00 1.000000e+00 0.000000e+00
      outer loop
         vertex 2.659567e+01 8.000025e+00 7.375000e+00
         vertex 2.896351e+01 8.000025e+00 9.174308e+00
         vertex 2.924134e+01 8.000025e+00 9.150000e+00
      endloop
   endfacet
   facet normal -0.000000e+00 1.000000e+00 0.000000e+00
      outer loop
         vertex 2.924134e+01 8.000025e+00 9.150000e+00
         vertex 2.951918e+01 8.000025e+00 9.174308e+00
         vertex 3.200918e+01 8.000025e+00 7.641899e+00
      endloop
   endfacet
   facet normal 0.000000e+00 1.000000e+00 0.000000e+00
      outer loop
         vertex 3.200918e+01 8.000025e+00 7.641899e+00
         vertex 2.951918e+01 8.000025e+00 9.174308e+00
         vertex 2.978858e+01 8.000025e+00 9.246492e+00
      endloop
   endfacet
   facet normal 0.000000e+00 1.000000e+00 0.000000e+00
      outer loop
         vertex 3.200918e+01 8.000025e+00 7.641899e+00
         vertex 2.978858e+01 8.000025e+00 9.246492e+00
         vertex 3.004134e+01 8.000025e+00 9.364359e+00
      endloop
   endfacet
   facet normal 0.000000e+00 1.000000e+00 -0.000000e+00
      outer loop
         vertex 2.155000e+01 8.000025e+00 2.442820e+01
         vertex 2.028616e+01 8.000025e+00 2.501754e+01
         vertex 2.235000e+01 8.000025e+00 2.567500e+01
      endloop
   endfacet
   facet normal 0.000000e+00 1.000000e+00 -0.000000e+00
      outer loop
         vertex 2.028616e+01 8.000025e+00 2.501754e+01
         vertex 1.893919e+01 8.000025e+00 2.537846e+01
         vertex 2.235000e+01 8.000025e+00 2.567500e+01
      endloop
   endfacet
   facet normal 0.000000e+00 1.000000e+00 0.000000e+00
      outer loop
         vertex 2.235000e+01 8.000025e+00 2.567500e+01
         vertex 1.893919e+01 8.000025e+00 2.537846e+01
         vertex 1.755000e+01 8.000025e+00 2.550000e+01
      endloop
   endfacet
   facet normal 0.000000e+00 1.000000e+00 0.000000e+00
      outer loop
         vertex 2.235000e+01 8.000025e+00 2.567500e+01
         vertex 1.755000e+01 8.000025e+00 2.550000e+01
         vertex 1.275000e+01 8.000025e+00 2.567500e+01
      endloop
   endfacet
   facet normal 0.000000e+00 1.000000e+00 0.000000e+00
      outer loop
         vertex 1.275000e+01 8.000025e+00 2.567500e+01
         vertex 1.755000e+01 8.000025e+00 2.550000e+01
         vertex 1.616082e+01 8.000025e+00 2.537846e+01
      endloop
   endfacet
   facet normal 0.000000e+00 1.000000e+00 0.000000e+00
      outer loop
         vertex 1.275000e+01 8.000025e+00 2.567500e+01
         vertex 1.616082e+01 8.000025e+00 2.537846e+01
         vertex 1.481384e+01 8.000025e+00 2.501754e+01
      endloop
   endfacet
   facet normal -0.000000e+00 1.000000e+00 0.000000e+00
      outer loop
         vertex 2.506754e+01 8.000025e+00 2.023616e+01
         vertex 2.659567e+01 8.000025e+00 2.567500e+01
         vertex 2.542846e+01 8.000025e+00 1.888919e+01
      endloop
   endfacet
   facet normal -0.000000e+00 1.000000e+00 0.000000e+00
      outer loop
         vertex 2.542846e+01 8.000025e+00 1.888919e+01
         vertex 2.659567e+01 8.000025e+00 2.567500e+01
         vertex 2.659567e+01 8.000025e+00 1.750000e+01
      endloop
   endfacet
   facet normal 0.000000e+00 1.000000e+00 0.000000e+00
      outer loop
         vertex 2.542846e+01 8.000025e+00 1.888919e+01
         vertex 2.659567e+01 8.000025e+00 1.750000e+01
         vertex 2.555000e+01 8.000025e+00 1.750000e+01
      endloop
   endfacet
   facet normal 0.000000e+00 1.000000e+00 -0.000000e+00
      outer loop
         vertex 2.506754e+01 8.000025e+00 2.023616e+01
         vertex 2.447820e+01 8.000025e+00 2.150000e+01
         vertex 2.659567e+01 8.000025e+00 2.567500e+01
      endloop
   endfacet
   facet normal 0.000000e+00 1.000000e+00 0.000000e+00
      outer loop
         vertex 2.659567e+01 8.000025e+00 2.567500e+01
         vertex 2.447820e+01 8.000025e+00 2.150000e+01
         vertex 2.367836e+01 8.000025e+00 2.264230e+01
      endloop
   endfacet
   facet normal 0.000000e+00 1.000000e+00 0.000000e+00
      outer loop
         vertex 2.659567e+01 8.000025e+00 2.567500e+01
         vertex 2.367836e+01 8.000025e+00 2.264230e+01
         vertex 2.235000e+01 8.000025e+00 2.567500e+01
      endloop
   endfacet
   facet normal 0.000000e+00 1.000000e+00 0.000000e+00
      outer loop
         vertex 2.235000e+01 8.000025e+00 2.567500e+01
         vertex 2.367836e+01 8.000025e+00 2.264230e+01
         vertex 2.269230e+01 8.000025e+00 2.362836e+01
      endloop
   endfacet
   facet normal 0.000000e+00 1.000000e+00 0.000000e+00
      outer loop
         vertex 2.235000e+01 8.000025e+00 2.567500e+01
         vertex 2.269230e+01 8.000025e+00 2.362836e+01
         vertex 2.155000e+01 8.000025e+00 2.442820e+01
      endloop
   endfacet
   facet normal 0.000000e+00 1.000000e+00 0.000000e+00
      outer loop
         vertex 2.659567e+01 8.000025e+00 9.325000e+00
         vertex 2.447820e+01 8.000025e+00 1.350000e+01
         vertex 2.506754e+01 8.000025e+00 1.476384e+01
      endloop
   endfacet
   facet normal 0.000000e+00 1.000000e+00 -0.000000e+00
      outer loop
         vertex 2.659567e+01 8.000025e+00 9.325000e+00
         vertex 2.506754e+01 8.000025e+00 1.476384e+01
         vertex 2.659567e+01 8.000025e+00 1.750000e+01
      endloop
   endfacet
   facet normal 0.000000e+00 1.000000e+00 0.000000e+00
      outer loop
         vertex 2.659567e+01 8.000025e+00 1.750000e+01
         vertex 2.506754e+01 8.000025e+00 1.476384e+01
         vertex 2.542846e+01 8.000025e+00 1.611081e+01
      endloop
   endfacet
   facet normal 0.000000e+00 1.000000e+00 0.000000e+00
      outer loop
         vertex 2.659567e+01 8.000025e+00 1.750000e+01
         vertex 2.542846e+01 8.000025e+00 1.611081e+01
         vertex 2.555000e+01 8.000025e+00 1.750000e+01
      endloop
   endfacet
   facet normal 0.000000e+00 1.000000e+00 0.000000e+00
      outer loop
         vertex 1.275000e+01 8.000025e+00 9.325000e+00
         vertex 1.355000e+01 8.000025e+00 1.057180e+01
         vertex 1.481384e+01 8.000025e+00 9.982459e+00
      endloop
   endfacet
   facet normal 0.000000e+00 1.000000e+00 0.000000e+00
      outer loop
         vertex 1.481384e+01 8.000025e+00 9.982459e+00
         vertex 1.616082e+01 8.000025e+00 9.621538e+00
         vertex 1.275000e+01 8.000025e+00 9.325000e+00
      endloop
   endfacet
   facet normal 0.000000e+00 1.000000e+00 0.000000e+00
      outer loop
         vertex 1.275000e+01 8.000025e+00 9.325000e+00
         vertex 1.616082e+01 8.000025e+00 9.621538e+00
         vertex 1.755000e+01 8.000025e+00 9.500000e+00
      endloop
   endfacet
   facet normal 0.000000e+00 1.000000e+00 0.000000e+00
      outer loop
         vertex 1.275000e+01 8.000025e+00 9.325000e+00
         vertex 1.755000e+01 8.000025e+00 9.500000e+00
         vertex 2.235000e+01 8.000025e+00 9.325000e+00
      endloop
   endfacet
   facet normal 0.000000e+00 1.000000e+00 0.000000e+00
      outer loop
         vertex 2.235000e+01 8.000025e+00 9.325000e+00
         vertex 1.755000e+01 8.000025e+00 9.500000e+00
         vertex 1.893919e+01 8.000025e+00 9.621538e+00
      endloop
   endfacet
   facet normal 0.000000e+00 1.000000e+00 0.000000e+00
      outer loop
         vertex 2.235000e+01 8.000025e+00 9.325000e+00
         vertex 1.893919e+01 8.000025e+00 9.621538e+00
         vertex 2.028616e+01 8.000025e+00 9.982459e+00
      endloop
   endfacet
   facet normal -0.000000e+00 1.000000e+00 0.000000e+00
      outer loop
         vertex 2.028616e+01 8.000025e+00 9.982459e+00
         vertex 2.155000e+01 8.000025e+00 1.057180e+01
         vertex 2.235000e+01 8.000025e+00 9.325000e+00
      endloop
   endfacet
   facet normal 0.000000e+00 1.000000e+00 -0.000000e+00
      outer loop
         vertex 2.235000e+01 8.000025e+00 9.325000e+00
         vertex 2.155000e+01 8.000025e+00 1.057180e+01
         vertex 2.269230e+01 8.000025e+00 1.137164e+01
      endloop
   endfacet
   facet normal 0.000000e+00 1.000000e+00 0.000000e+00
      outer loop
         vertex 2.235000e+01 8.000025e+00 9.325000e+00
         vertex 2.269230e+01 8.000025e+00 1.137164e+01
         vertex 2.659567e+01 8.000025e+00 9.325000e+00
      endloop
   endfacet
   facet normal 0.000000e+00 1.000000e+00 0.000000e+00
      outer loop
         vertex 2.659567e+01 8.000025e+00 9.325000e+00
         vertex 2.269230e+01 8.000025e+00 1.137164e+01
         vertex 2.367836e+01 8.000025e+00 1.235770e+01
      endloop
   endfacet
   facet normal 0.000000e+00 1.000000e+00 0.000000e+00
      outer loop
         vertex 2.659567e+01 8.000025e+00 9.325000e+00
         vertex 2.367836e+01 8.000025e+00 1.235770e+01
         vertex 2.447820e+01 8.000025e+00 1.350000e+01
      endloop
   endfacet
   facet normal 0.000000e+00 1.000000e+00 0.000000e+00
      outer loop
         vertex 8.504329e+00 8.000025e+00 1.750000e+01
         vertex 9.550001e+00 8.000025e+00 1.750000e+01
         vertex 9.671539e+00 8.000025e+00 1.611081e+01
      endloop
   endfacet
   facet normal -0.000000e+00 1.000000e+00 0.000000e+00
      outer loop
         vertex 7.434350e+00 8.000025e+00 1.102784e+01
         vertex 8.504329e+00 8.000025e+00 1.750000e+01
         vertex 8.504329e+00 8.000025e+00 9.325000e+00
      endloop
   endfacet
   facet normal 0.000000e+00 1.000000e+00 0.000000e+00
      outer loop
         vertex 8.504329e+00 8.000025e+00 9.325000e+00
         vertex 8.504329e+00 8.000025e+00 1.750000e+01
         vertex 9.671539e+00 8.000025e+00 1.611081e+01
      endloop
   endfacet
   facet normal 0.000000e+00 1.000000e+00 0.000000e+00
      outer loop
         vertex 8.504329e+00 8.000025e+00 9.325000e+00
         vertex 9.671539e+00 8.000025e+00 1.611081e+01
         vertex 1.003246e+01 8.000025e+00 1.476384e+01
      endloop
   endfacet
   facet normal 0.000000e+00 1.000000e+00 0.000000e+00
      outer loop
         vertex 1.003246e+01 8.000025e+00 1.476384e+01
         vertex 1.062180e+01 8.000025e+00 1.350000e+01
         vertex 8.504329e+00 8.000025e+00 9.325000e+00
      endloop
   endfacet
   facet normal 0.000000e+00 1.000000e+00 0.000000e+00
      outer loop
         vertex 8.504329e+00 8.000025e+00 9.325000e+00
         vertex 1.062180e+01 8.000025e+00 1.350000e+01
         vertex 1.142165e+01 8.000025e+00 1.235770e+01
      endloop
   endfacet
   facet normal 0.000000e+00 1.000000e+00 0.000000e+00
      outer loop
         vertex 8.504329e+00 8.000025e+00 9.325000e+00
         vertex 1.142165e+01 8.000025e+00 1.235770e+01
         vertex 1.275000e+01 8.000025e+00 9.325000e+00
      endloop
   endfacet
   facet normal 0.000000e+00 1.000000e+00 0.000000e+00
      outer loop
         vertex 1.275000e+01 8.000025e+00 9.325000e+00
         vertex 1.142165e+01 8.000025e+00 1.235770e+01
         vertex 1.240770e+01 8.000025e+00 1.137164e+01
      endloop
   endfacet
   facet normal 0.000000e+00 1.000000e+00 -0.000000e+00
      outer loop
         vertex 1.275000e+01 8.000025e+00 9.325000e+00
         vertex 1.240770e+01 8.000025e+00 1.137164e+01
         vertex 1.355000e+01 8.000025e+00 1.057180e+01
      endloop
   endfacet
   facet normal 0.000000e+00 1.000000e+00 0.000000e+00
      outer loop
         vertex 1.481384e+01 8.000025e+00 2.501754e+01
         vertex 1.355000e+01 8.000025e+00 2.442820e+01
         vertex 1.275000e+01 8.000025e+00 2.567500e+01
      endloop
   endfacet
   facet normal 0.000000e+00 1.000000e+00 0.000000e+00
      outer loop
         vertex 1.275000e+01 8.000025e+00 2.567500e+01
         vertex 1.355000e+01 8.000025e+00 2.442820e+01
         vertex 1.240770e+01 8.000025e+00 2.362836e+01
      endloop
   endfacet
   facet normal 0.000000e+00 1.000000e+00 0.000000e+00
      outer loop
         vertex 1.275000e+01 8.000025e+00 2.567500e+01
         vertex 1.240770e+01 8.000025e+00 2.362836e+01
         vertex 8.504329e+00 8.000025e+00 2.567500e+01
      endloop
   endfacet
   facet normal 0.000000e+00 1.000000e+00 0.000000e+00
      outer loop
         vertex 8.504329e+00 8.000025e+00 2.567500e+01
         vertex 1.240770e+01 8.000025e+00 2.362836e+01
         vertex 1.142165e+01 8.000025e+00 2.264230e+01
      endloop
   endfacet
   facet normal 0.000000e+00 1.000000e+00 0.000000e+00
      outer loop
         vertex 1.142165e+01 8.000025e+00 2.264230e+01
         vertex 1.062180e+01 8.000025e+00 2.150000e+01
         vertex 8.504329e+00 8.000025e+00 2.567500e+01
      endloop
   endfacet
   facet normal 0.000000e+00 1.000000e+00 0.000000e+00
      outer loop
         vertex 8.504329e+00 8.000025e+00 2.567500e+01
         vertex 1.062180e+01 8.000025e+00 2.150000e+01
         vertex 1.003246e+01 8.000025e+00 2.023616e+01
      endloop
   endfacet
   facet normal 0.000000e+00 1.000000e+00 0.000000e+00
      outer loop
         vertex 8.504329e+00 8.000025e+00 2.567500e+01
         vertex 1.003246e+01 8.000025e+00 2.023616e+01
         vertex 8.504329e+00 8.000025e+00 1.750000e+01
      endloop
   endfacet
   facet normal 0.000000e+00 1.000000e+00 0.000000e+00
      outer loop
         vertex 8.504329e+00 8.000025e+00 1.750000e+01
         vertex 1.003246e+01 8.000025e+00 2.023616e+01
         vertex 9.671539e+00 8.000025e+00 1.888919e+01
      endloop
   endfacet
   facet normal -0.000000e+00 1.000000e+00 0.000000e+00
      outer loop
         vertex 8.504329e+00 8.000025e+00 1.750000e+01
         vertex 9.671539e+00 8.000025e+00 1.888919e+01
         vertex 9.550001e+00 8.000025e+00 1.750000e+01
      endloop
   endfacet
   facet normal -0.000000e+00 1.000000e+00 0.000000e+00
      outer loop
         vertex 1.782784e+01 8.000025e+00 2.942431e+01
         vertex 1.809723e+01 8.000025e+00 2.949649e+01
         vertex 2.235000e+01 8.000025e+00 2.762500e+01
      endloop
   endfacet
   facet normal -0.000000e+00 1.000000e+00 0.000000e+00
      outer loop
         vertex 1.809723e+01 8.000025e+00 2.949649e+01
         vertex 1.835000e+01 8.000025e+00 2.961436e+01
         vertex 2.235000e+01 8.000025e+00 2.762500e+01
      endloop
   endfacet
   facet normal 0.000000e+00 1.000000e+00 0.000000e+00
      outer loop
         vertex 2.235000e+01 8.000025e+00 2.762500e+01
         vertex 1.835000e+01 8.000025e+00 2.961436e+01
         vertex 1.857846e+01 8.000025e+00 2.977433e+01
      endloop
   endfacet
   facet normal 0.000000e+00 1.000000e+00 0.000000e+00
      outer loop
         vertex 2.235000e+01 8.000025e+00 2.762500e+01
         vertex 1.857846e+01 8.000025e+00 2.977433e+01
         vertex 1.877567e+01 8.000025e+00 2.997154e+01
      endloop
   endfacet
   facet normal 0.000000e+00 1.000000e+00 -0.000000e+00
      outer loop
         vertex 1.727216e+01 8.000025e+00 3.257569e+01
         vertex 1.624222e+01 8.000025e+00 3.495107e+01
         vertex 1.755000e+01 8.000025e+00 3.260000e+01
      endloop
   endfacet
   facet normal 0.000000e+00 1.000000e+00 -0.000000e+00
      outer loop
         vertex 1.755000e+01 8.000025e+00 3.260000e+01
         vertex 1.624222e+01 8.000025e+00 3.495107e+01
         vertex 1.755000e+01 8.000025e+00 3.500000e+01
      endloop
   endfacet
   facet normal -0.000000e+00 1.000000e+00 0.000000e+00
      outer loop
         vertex 1.755000e+01 8.000025e+00 3.260000e+01
         vertex 1.755000e+01 8.000025e+00 3.500000e+01
         vertex 1.782784e+01 8.000025e+00 3.257569e+01
      endloop
   endfacet
   facet normal 0.000000e+00 1.000000e+00 -0.000000e+00
      outer loop
         vertex 1.782784e+01 8.000025e+00 3.257569e+01
         vertex 1.755000e+01 8.000025e+00 3.500000e+01
         vertex 1.885778e+01 8.000025e+00 3.495107e+01
      endloop
   endfacet
   facet normal -0.000000e+00 1.000000e+00 0.000000e+00
      outer loop
         vertex 1.782784e+01 8.000025e+00 3.257569e+01
         vertex 1.885778e+01 8.000025e+00 3.495107e+01
         vertex 1.809723e+01 8.000025e+00 3.250351e+01
      endloop
   endfacet
   facet normal 0.000000e+00 1.000000e+00 0.000000e+00
      outer loop
         vertex 1.782784e+01 8.000025e+00 2.942431e+01
         vertex 2.235000e+01 8.000025e+00 2.762500e+01
         vertex 1.755000e+01 8.000025e+00 2.940000e+01
      endloop
   endfacet
   facet normal 0.000000e+00 1.000000e+00 0.000000e+00
      outer loop
         vertex 1.755000e+01 8.000025e+00 2.940000e+01
         vertex 2.235000e+01 8.000025e+00 2.762500e+01
         vertex 1.275000e+01 8.000025e+00 2.762500e+01
      endloop
   endfacet
   facet normal 0.000000e+00 1.000000e+00 0.000000e+00
      outer loop
         vertex 1.755000e+01 8.000025e+00 2.940000e+01
         vertex 1.275000e+01 8.000025e+00 2.762500e+01
         vertex 1.727216e+01 8.000025e+00 2.942431e+01
      endloop
   endfacet
   facet normal 0.000000e+00 1.000000e+00 0.000000e+00
      outer loop
         vertex 1.727216e+01 8.000025e+00 3.257569e+01
         vertex 1.700277e+01 8.000025e+00 3.250351e+01
         vertex 1.624222e+01 8.000025e+00 3.495107e+01
      endloop
   endfacet
   facet normal 0.000000e+00 1.000000e+00 0.000000e+00
      outer loop
         vertex 1.624222e+01 8.000025e+00 3.495107e+01
         vertex 1.700277e+01 8.000025e+00 3.250351e+01
         vertex 1.675000e+01 8.000025e+00 3.238564e+01
      endloop
   endfacet
   facet normal 0.000000e+00 1.000000e+00 0.000000e+00
      outer loop
         vertex 1.624222e+01 8.000025e+00 3.495107e+01
         vertex 1.675000e+01 8.000025e+00 3.238564e+01
         vertex 1.365588e+01 8.000025e+00 3.456124e+01
      endloop
   endfacet
   facet normal 0.000000e+00 1.000000e+00 0.000000e+00
      outer loop
         vertex 1.604649e+01 8.000025e+00 3.045277e+01
         vertex 1.616436e+01 8.000025e+00 3.020000e+01
         vertex 1.275000e+01 8.000025e+00 2.762500e+01
      endloop
   endfacet
   facet normal 0.000000e+00 1.000000e+00 0.000000e+00
      outer loop
         vertex 1.275000e+01 8.000025e+00 2.762500e+01
         vertex 1.616436e+01 8.000025e+00 3.020000e+01
         vertex 1.632433e+01 8.000025e+00 2.997154e+01
      endloop
   endfacet
   facet normal 0.000000e+00 1.000000e+00 0.000000e+00
      outer loop
         vertex 1.275000e+01 8.000025e+00 2.762500e+01
         vertex 1.632433e+01 8.000025e+00 2.997154e+01
         vertex 1.652154e+01 8.000025e+00 2.977433e+01
      endloop
   endfacet
   facet normal -0.000000e+00 1.000000e+00 0.000000e+00
      outer loop
         vertex 1.877567e+01 8.000025e+00 2.997154e+01
         vertex 1.893564e+01 8.000025e+00 3.020000e+01
         vertex 2.235000e+01 8.000025e+00 2.762500e+01
      endloop
   endfacet
   facet normal 0.000000e+00 1.000000e+00 0.000000e+00
      outer loop
         vertex 2.235000e+01 8.000025e+00 2.762500e+01
         vertex 1.893564e+01 8.000025e+00 3.020000e+01
         vertex 1.905351e+01 8.000025e+00 3.045277e+01
      endloop
   endfacet
   facet normal 0.000000e+00 1.000000e+00 0.000000e+00
      outer loop
         vertex 2.235000e+01 8.000025e+00 2.762500e+01
         vertex 1.905351e+01 8.000025e+00 3.045277e+01
         vertex 1.912569e+01 8.000025e+00 3.072216e+01
      endloop
   endfacet
   facet normal 0.000000e+00 1.000000e+00 0.000000e+00
      outer loop
         vertex 2.144412e+01 8.000025e+00 3.456124e+01
         vertex 2.394347e+01 8.000025e+00 3.379029e+01
         vertex 1.893564e+01 8.000025e+00 3.180000e+01
      endloop
   endfacet
   facet normal 0.000000e+00 1.000000e+00 0.000000e+00
      outer loop
         vertex 1.652154e+01 8.000025e+00 2.977433e+01
         vertex 1.675000e+01 8.000025e+00 2.961436e+01
         vertex 1.275000e+01 8.000025e+00 2.762500e+01
      endloop
   endfacet
   facet normal 0.000000e+00 1.000000e+00 0.000000e+00
      outer loop
         vertex 1.275000e+01 8.000025e+00 2.762500e+01
         vertex 1.675000e+01 8.000025e+00 2.961436e+01
         vertex 1.700277e+01 8.000025e+00 2.949649e+01
      endloop
   endfacet
   facet normal 0.000000e+00 1.000000e+00 0.000000e+00
      outer loop
         vertex 1.275000e+01 8.000025e+00 2.762500e+01
         vertex 1.700277e+01 8.000025e+00 2.949649e+01
         vertex 1.727216e+01 8.000025e+00 2.942431e+01
      endloop
   endfacet
   facet normal 0.000000e+00 1.000000e+00 0.000000e+00
      outer loop
         vertex 1.675000e+01 8.000025e+00 3.238564e+01
         vertex 1.652154e+01 8.000025e+00 3.222567e+01
         vertex 1.365588e+01 8.000025e+00 3.456124e+01
      endloop
   endfacet
   facet normal 0.000000e+00 1.000000e+00 0.000000e+00
      outer loop
         vertex 1.365588e+01 8.000025e+00 3.456124e+01
         vertex 1.652154e+01 8.000025e+00 3.222567e+01
         vertex 1.632433e+01 8.000025e+00 3.202846e+01
      endloop
   endfacet
   facet normal 0.000000e+00 1.000000e+00 0.000000e+00
      outer loop
         vertex 1.365588e+01 8.000025e+00 3.456124e+01
         vertex 1.632433e+01 8.000025e+00 3.202846e+01
         vertex 1.115653e+01 8.000025e+00 3.379029e+01
      endloop
   endfacet
   facet normal 0.000000e+00 1.000000e+00 0.000000e+00
      outer loop
         vertex 1.115653e+01 8.000025e+00 3.379029e+01
         vertex 1.632433e+01 8.000025e+00 3.202846e+01
         vertex 1.616436e+01 8.000025e+00 3.180000e+01
      endloop
   endfacet
   facet normal 0.000000e+00 1.000000e+00 0.000000e+00
      outer loop
         vertex 1.115653e+01 8.000025e+00 3.379029e+01
         vertex 1.616436e+01 8.000025e+00 3.180000e+01
         vertex 1.604649e+01 8.000025e+00 3.154723e+01
      endloop
   endfacet
   facet normal 0.000000e+00 1.000000e+00 0.000000e+00
      outer loop
         vertex 1.604649e+01 8.000025e+00 3.154723e+01
         vertex 1.597431e+01 8.000025e+00 3.127784e+01
         vertex 1.115653e+01 8.000025e+00 3.379029e+01
      endloop
   endfacet
   facet normal 0.000000e+00 1.000000e+00 0.000000e+00
      outer loop
         vertex 1.115653e+01 8.000025e+00 3.379029e+01
         vertex 1.597431e+01 8.000025e+00 3.127784e+01
         vertex 1.595000e+01 8.000025e+00 3.100000e+01
      endloop
   endfacet
   facet normal 0.000000e+00 1.000000e+00 0.000000e+00
      outer loop
         vertex 1.115653e+01 8.000025e+00 3.379029e+01
         vertex 1.595000e+01 8.000025e+00 3.100000e+01
         vertex 1.275000e+01 8.000025e+00 2.762500e+01
      endloop
   endfacet
   facet normal 0.000000e+00 1.000000e+00 0.000000e+00
      outer loop
         vertex 1.275000e+01 8.000025e+00 2.762500e+01
         vertex 1.595000e+01 8.000025e+00 3.100000e+01
         vertex 1.597431e+01 8.000025e+00 3.072216e+01
      endloop
   endfacet
   facet normal 0.000000e+00 1.000000e+00 0.000000e+00
      outer loop
         vertex 1.275000e+01 8.000025e+00 2.762500e+01
         vertex 1.597431e+01 8.000025e+00 3.072216e+01
         vertex 1.604649e+01 8.000025e+00 3.045277e+01
      endloop
   endfacet
   facet normal 0.000000e+00 1.000000e+00 0.000000e+00
      outer loop
         vertex 1.912569e+01 8.000025e+00 3.072216e+01
         vertex 1.915000e+01 8.000025e+00 3.100000e+01
         vertex 2.394347e+01 8.000025e+00 3.379029e+01
      endloop
   endfacet
   facet normal 0.000000e+00 1.000000e+00 -0.000000e+00
      outer loop
         vertex 1.915000e+01 8.000025e+00 3.100000e+01
         vertex 1.912569e+01 8.000025e+00 3.127784e+01
         vertex 2.394347e+01 8.000025e+00 3.379029e+01
      endloop
   endfacet
   facet normal 0.000000e+00 1.000000e+00 0.000000e+00
      outer loop
         vertex 2.394347e+01 8.000025e+00 3.379029e+01
         vertex 1.912569e+01 8.000025e+00 3.127784e+01
         vertex 1.905351e+01 8.000025e+00 3.154723e+01
      endloop
   endfacet
   facet normal 0.000000e+00 1.000000e+00 0.000000e+00
      outer loop
         vertex 2.394347e+01 8.000025e+00 3.379029e+01
         vertex 1.905351e+01 8.000025e+00 3.154723e+01
         vertex 1.893564e+01 8.000025e+00 3.180000e+01
      endloop
   endfacet
   facet normal 0.000000e+00 1.000000e+00 -0.000000e+00
      outer loop
         vertex 1.893564e+01 8.000025e+00 3.180000e+01
         vertex 1.877567e+01 8.000025e+00 3.202846e+01
         vertex 2.144412e+01 8.000025e+00 3.456124e+01
      endloop
   endfacet
   facet normal 0.000000e+00 1.000000e+00 0.000000e+00
      outer loop
         vertex 2.144412e+01 8.000025e+00 3.456124e+01
         vertex 1.877567e+01 8.000025e+00 3.202846e+01
         vertex 1.857846e+01 8.000025e+00 3.222567e+01
      endloop
   endfacet
   facet normal 0.000000e+00 1.000000e+00 0.000000e+00
      outer loop
         vertex 2.144412e+01 8.000025e+00 3.456124e+01
         vertex 1.857846e+01 8.000025e+00 3.222567e+01
         vertex 1.885778e+01 8.000025e+00 3.495107e+01
      endloop
   endfacet
   facet normal 0.000000e+00 1.000000e+00 0.000000e+00
      outer loop
         vertex 1.885778e+01 8.000025e+00 3.495107e+01
         vertex 1.857846e+01 8.000025e+00 3.222567e+01
         vertex 1.835000e+01 8.000025e+00 3.238564e+01
      endloop
   endfacet
   facet normal 0.000000e+00 1.000000e+00 0.000000e+00
      outer loop
         vertex 1.885778e+01 8.000025e+00 3.495107e+01
         vertex 1.835000e+01 8.000025e+00 3.238564e+01
         vertex 1.809723e+01 8.000025e+00 3.250351e+01
      endloop
   endfacet
   facet normal 0.000000e+00 1.000000e+00 0.000000e+00
      outer loop
         vertex 8.504329e+00 8.000025e+00 2.762500e+01
         vertex 3.090822e+00 8.000025e+00 2.735810e+01
         vertex 4.721593e+00 8.000025e+00 2.940302e+01
      endloop
   endfacet
   facet normal -0.000000e+00 1.000000e+00 0.000000e+00
      outer loop
         vertex 4.721593e+00 8.000025e+00 2.940302e+01
         vertex 6.638929e+00 8.000025e+00 3.118205e+01
         vertex 8.504329e+00 8.000025e+00 2.762500e+01
      endloop
   endfacet
   facet normal 0.000000e+00 1.000000e+00 -0.000000e+00
      outer loop
         vertex 8.504329e+00 8.000025e+00 2.762500e+01
         vertex 6.638929e+00 8.000025e+00 3.118205e+01
         vertex 8.800001e+00 8.000025e+00 3.265544e+01
      endloop
   endfacet
   facet normal 0.000000e+00 1.000000e+00 0.000000e+00
      outer loop
         vertex 8.504329e+00 8.000025e+00 2.762500e+01
         vertex 8.800001e+00 8.000025e+00 3.265544e+01
         vertex 1.115653e+01 8.000025e+00 3.379029e+01
      endloop
   endfacet
   facet normal 0.000000e+00 1.000000e+00 -0.000000e+00
      outer loop
         vertex 6.658658e+00 8.000025e+00 2.563564e+01
         vertex 6.405890e+00 8.000025e+00 2.575351e+01
         vertex 8.504329e+00 8.000025e+00 2.762500e+01
      endloop
   endfacet
   facet normal 0.000000e+00 1.000000e+00 -0.000000e+00
      outer loop
         vertex 6.405890e+00 8.000025e+00 2.575351e+01
         vertex 6.136495e+00 8.000025e+00 2.582569e+01
         vertex 8.504329e+00 8.000025e+00 2.762500e+01
      endloop
   endfacet
   facet normal 0.000000e+00 1.000000e+00 0.000000e+00
      outer loop
         vertex 8.504329e+00 8.000025e+00 2.762500e+01
         vertex 6.136495e+00 8.000025e+00 2.582569e+01
         vertex 5.858658e+00 8.000025e+00 2.585000e+01
      endloop
   endfacet
   facet normal 0.000000e+00 1.000000e+00 0.000000e+00
      outer loop
         vertex 8.504329e+00 8.000025e+00 2.762500e+01
         vertex 5.858658e+00 8.000025e+00 2.585000e+01
         vertex 3.090822e+00 8.000025e+00 2.735810e+01
      endloop
   endfacet
   facet normal 0.000000e+00 1.000000e+00 0.000000e+00
      outer loop
         vertex 3.090822e+00 8.000025e+00 2.735810e+01
         vertex 5.858658e+00 8.000025e+00 2.585000e+01
         vertex 5.580821e+00 8.000025e+00 2.582569e+01
      endloop
   endfacet
   facet normal 0.000000e+00 1.000000e+00 -0.000000e+00
      outer loop
         vertex 2.454612e-01 8.000025e+00 1.489176e+01
         vertex 5.000085e-02 8.000025e+00 1.750000e+01
         vertex 2.154330e+00 8.000025e+00 1.750000e+01
      endloop
   endfacet
   facet normal 0.000000e+00 1.000000e+00 0.000000e+00
      outer loop
         vertex 2.154330e+00 8.000025e+00 1.750000e+01
         vertex 5.000085e-02 8.000025e+00 1.750000e+01
         vertex 2.454612e-01 8.000025e+00 2.010824e+01
      endloop
   endfacet
   facet normal -0.000000e+00 1.000000e+00 0.000000e+00
      outer loop
         vertex 2.454612e-01 8.000025e+00 2.010824e+01
         vertex 8.274764e-01 8.000025e+00 2.265822e+01
         vertex 2.154330e+00 8.000025e+00 1.750000e+01
      endloop
   endfacet
   facet normal 0.000000e+00 1.000000e+00 0.000000e+00
      outer loop
         vertex 2.154330e+00 8.000025e+00 1.750000e+01
         vertex 8.274764e-01 8.000025e+00 2.265822e+01
         vertex 1.783045e+00 8.000025e+00 2.509297e+01
      endloop
   endfacet
   facet normal 0.000000e+00 1.000000e+00 -0.000000e+00
      outer loop
         vertex 2.154330e+00 8.000025e+00 1.750000e+01
         vertex 1.783045e+00 8.000025e+00 2.509297e+01
         vertex 2.154330e+00 8.000025e+00 2.567500e+01
      endloop
   endfacet
   facet normal 0.000000e+00 1.000000e+00 -0.000000e+00
      outer loop
         vertex 2.154330e+00 8.000025e+00 2.567500e+01
         vertex 1.783045e+00 8.000025e+00 2.509297e+01
         vertex 3.090822e+00 8.000025e+00 2.735810e+01
      endloop
   endfacet
   facet normal 0.000000e+00 1.000000e+00 0.000000e+00
      outer loop
         vertex 2.154330e+00 8.000025e+00 2.567500e+01
         vertex 3.090822e+00 8.000025e+00 2.735810e+01
         vertex 5.311426e+00 8.000025e+00 2.575351e+01
      endloop
   endfacet
   facet normal 0.000000e+00 1.000000e+00 -0.000000e+00
      outer loop
         vertex 5.311426e+00 8.000025e+00 2.575351e+01
         vertex 3.090822e+00 8.000025e+00 2.735810e+01
         vertex 5.580821e+00 8.000025e+00 2.582569e+01
      endloop
   endfacet
   facet normal 0.000000e+00 1.000000e+00 0.000000e+00
      outer loop
         vertex 5.058658e+00 8.000025e+00 9.364359e+00
         vertex 3.090822e+00 8.000025e+00 7.641899e+00
         vertex 2.154330e+00 8.000025e+00 9.325000e+00
      endloop
   endfacet
   facet normal 0.000000e+00 1.000000e+00 0.000000e+00
      outer loop
         vertex 2.154330e+00 8.000025e+00 9.325000e+00
         vertex 3.090822e+00 8.000025e+00 7.641899e+00
         vertex 1.783045e+00 8.000025e+00 9.907035e+00
      endloop
   endfacet
   facet normal 0.000000e+00 1.000000e+00 -0.000000e+00
      outer loop
         vertex 2.154330e+00 8.000025e+00 9.325000e+00
         vertex 1.783045e+00 8.000025e+00 9.907035e+00
         vertex 2.154330e+00 8.000025e+00 1.750000e+01
      endloop
   endfacet
   facet normal 0.000000e+00 1.000000e+00 0.000000e+00
      outer loop
         vertex 2.154330e+00 8.000025e+00 1.750000e+01
         vertex 1.783045e+00 8.000025e+00 9.907035e+00
         vertex 8.274764e-01 8.000025e+00 1.234178e+01
      endloop
   endfacet
   facet normal 0.000000e+00 1.000000e+00 0.000000e+00
      outer loop
         vertex 2.154330e+00 8.000025e+00 1.750000e+01
         vertex 8.274764e-01 8.000025e+00 1.234178e+01
         vertex 2.454612e-01 8.000025e+00 1.489176e+01
      endloop
   endfacet
   facet normal 0.000000e+00 1.000000e+00 0.000000e+00
      outer loop
         vertex 5.311426e+00 8.000025e+00 9.246492e+00
         vertex 5.580821e+00 8.000025e+00 9.174308e+00
         vertex 3.090822e+00 8.000025e+00 7.641899e+00
      endloop
   endfacet
   facet normal -0.000000e+00 1.000000e+00 0.000000e+00
      outer loop
         vertex 3.090822e+00 8.000025e+00 7.641899e+00
         vertex 5.580821e+00 8.000025e+00 9.174308e+00
         vertex 8.504329e+00 8.000025e+00 7.375000e+00
      endloop
   endfacet
   facet normal 0.000000e+00 1.000000e+00 0.000000e+00
      outer loop
         vertex 3.090822e+00 8.000025e+00 7.641899e+00
         vertex 8.504329e+00 8.000025e+00 7.375000e+00
         vertex 4.721593e+00 8.000025e+00 5.596977e+00
      endloop
   endfacet
   facet normal -0.000000e+00 1.000000e+00 0.000000e+00
      outer loop
         vertex 4.721593e+00 8.000025e+00 5.596977e+00
         vertex 8.504329e+00 8.000025e+00 7.375000e+00
         vertex 6.638929e+00 8.000025e+00 3.817949e+00
      endloop
   endfacet
   facet normal -0.000000e+00 1.000000e+00 0.000000e+00
      outer loop
         vertex 6.638929e+00 8.000025e+00 3.817949e+00
         vertex 8.504329e+00 8.000025e+00 7.375000e+00
         vertex 8.800001e+00 8.000025e+00 2.344555e+00
      endloop
   endfacet
   facet normal 0.000000e+00 1.000000e+00 -0.000000e+00
      outer loop
         vertex 8.800001e+00 8.000025e+00 2.344555e+00
         vertex 8.504329e+00 8.000025e+00 7.375000e+00
         vertex 1.275000e+01 8.000025e+00 7.375000e+00
      endloop
   endfacet
   facet normal -0.000000e+00 1.000000e+00 0.000000e+00
      outer loop
         vertex 8.800001e+00 8.000025e+00 2.344555e+00
         vertex 1.275000e+01 8.000025e+00 7.375000e+00
         vertex 1.115653e+01 8.000025e+00 1.209710e+00
      endloop
   endfacet
   facet normal 0.000000e+00 1.000000e+00 0.000000e+00
      outer loop
         vertex 1.727216e+01 8.000025e+00 5.575692e+00
         vertex 1.700277e+01 8.000025e+00 5.503508e+00
         vertex 1.275000e+01 8.000025e+00 7.375000e+00
      endloop
   endfacet
   facet normal 0.000000e+00 1.000000e+00 -0.000000e+00
      outer loop
         vertex 1.727216e+01 8.000025e+00 5.575692e+00
         vertex 1.275000e+01 8.000025e+00 7.375000e+00
         vertex 1.755000e+01 8.000025e+00 5.600000e+00
      endloop
   endfacet
   facet normal 0.000000e+00 1.000000e+00 -0.000000e+00
      outer loop
         vertex 1.755000e+01 8.000025e+00 5.600000e+00
         vertex 1.275000e+01 8.000025e+00 7.375000e+00
         vertex 2.235000e+01 8.000025e+00 7.375000e+00
      endloop
   endfacet
   facet normal -0.000000e+00 1.000000e+00 0.000000e+00
      outer loop
         vertex 1.755000e+01 8.000025e+00 5.600000e+00
         vertex 2.235000e+01 8.000025e+00 7.375000e+00
         vertex 1.782784e+01 8.000025e+00 5.575692e+00
      endloop
   endfacet
   facet normal 0.000000e+00 1.000000e+00 0.000000e+00
      outer loop
         vertex 1.632433e+01 8.000025e+00 5.028460e+00
         vertex 1.616436e+01 8.000025e+00 4.800000e+00
         vertex 1.275000e+01 8.000025e+00 7.375000e+00
      endloop
   endfacet
   facet normal 0.000000e+00 1.000000e+00 0.000000e+00
      outer loop
         vertex 1.700277e+01 8.000025e+00 5.503508e+00
         vertex 1.675000e+01 8.000025e+00 5.385641e+00
         vertex 1.275000e+01 8.000025e+00 7.375000e+00
      endloop
   endfacet
   facet normal 0.000000e+00 1.000000e+00 0.000000e+00
      outer loop
         vertex 1.275000e+01 8.000025e+00 7.375000e+00
         vertex 1.675000e+01 8.000025e+00 5.385641e+00
         vertex 1.652154e+01 8.000025e+00 5.225671e+00
      endloop
   endfacet
   facet normal 0.000000e+00 1.000000e+00 0.000000e+00
      outer loop
         vertex 1.275000e+01 8.000025e+00 7.375000e+00
         vertex 1.652154e+01 8.000025e+00 5.225671e+00
         vertex 1.632433e+01 8.000025e+00 5.028460e+00
      endloop
   endfacet
   facet normal 0.000000e+00 1.000000e+00 0.000000e+00
      outer loop
         vertex 1.782784e+01 8.000025e+00 2.424308e+00
         vertex 1.885778e+01 8.000025e+00 4.893355e-02
         vertex 1.755000e+01 8.000025e+00 2.400000e+00
      endloop
   endfacet
   facet normal 0.000000e+00 1.000000e+00 0.000000e+00
      outer loop
         vertex 1.755000e+01 8.000025e+00 2.400000e+00
         vertex 1.885778e+01 8.000025e+00 4.893355e-02
         vertex 1.624222e+01 8.000025e+00 4.893355e-02
      endloop
   endfacet
   facet normal 0.000000e+00 1.000000e+00 0.000000e+00
      outer loop
         vertex 1.755000e+01 8.000025e+00 2.400000e+00
         vertex 1.624222e+01 8.000025e+00 4.893355e-02
         vertex 1.727216e+01 8.000025e+00 2.424308e+00
      endloop
   endfacet
   facet normal 0.000000e+00 1.000000e+00 0.000000e+00
      outer loop
         vertex 1.727216e+01 8.000025e+00 2.424308e+00
         vertex 1.624222e+01 8.000025e+00 4.893355e-02
         vertex 1.700277e+01 8.000025e+00 2.496492e+00
      endloop
   endfacet
   facet normal 0.000000e+00 1.000000e+00 0.000000e+00
      outer loop
         vertex 1.616436e+01 8.000025e+00 4.800000e+00
         vertex 1.604649e+01 8.000025e+00 4.547233e+00
         vertex 1.275000e+01 8.000025e+00 7.375000e+00
      endloop
   endfacet
   facet normal 0.000000e+00 1.000000e+00 0.000000e+00
      outer loop
         vertex 1.275000e+01 8.000025e+00 7.375000e+00
         vertex 1.604649e+01 8.000025e+00 4.547233e+00
         vertex 1.597431e+01 8.000025e+00 4.277837e+00
      endloop
   endfacet
   facet normal 0.000000e+00 1.000000e+00 0.000000e+00
      outer loop
         vertex 1.275000e+01 8.000025e+00 7.375000e+00
         vertex 1.597431e+01 8.000025e+00 4.277837e+00
         vertex 1.115653e+01 8.000025e+00 1.209710e+00
      endloop
   endfacet
   facet normal 0.000000e+00 1.000000e+00 0.000000e+00
      outer loop
         vertex 1.115653e+01 8.000025e+00 1.209710e+00
         vertex 1.597431e+01 8.000025e+00 4.277837e+00
         vertex 1.595000e+01 8.000025e+00 4.000000e+00
      endloop
   endfacet
   facet normal 0.000000e+00 1.000000e+00 0.000000e+00
      outer loop
         vertex 1.115653e+01 8.000025e+00 1.209710e+00
         vertex 1.595000e+01 8.000025e+00 4.000000e+00
         vertex 1.597431e+01 8.000025e+00 3.722163e+00
      endloop
   endfacet
   facet normal -0.000000e+00 1.000000e+00 0.000000e+00
      outer loop
         vertex 1.365588e+01 8.000025e+00 4.387610e-01
         vertex 1.652154e+01 8.000025e+00 2.774329e+00
         vertex 1.624222e+01 8.000025e+00 4.893355e-02
      endloop
   endfacet
   facet normal 0.000000e+00 1.000000e+00 0.000000e+00
      outer loop
         vertex 1.624222e+01 8.000025e+00 4.893355e-02
         vertex 1.652154e+01 8.000025e+00 2.774329e+00
         vertex 1.675000e+01 8.000025e+00 2.614359e+00
      endloop
   endfacet
   facet normal 0.000000e+00 1.000000e+00 0.000000e+00
      outer loop
         vertex 1.624222e+01 8.000025e+00 4.893355e-02
         vertex 1.675000e+01 8.000025e+00 2.614359e+00
         vertex 1.700277e+01 8.000025e+00 2.496492e+00
      endloop
   endfacet
   facet normal 0.000000e+00 1.000000e+00 0.000000e+00
      outer loop
         vertex 1.597431e+01 8.000025e+00 3.722163e+00
         vertex 1.604649e+01 8.000025e+00 3.452768e+00
         vertex 1.115653e+01 8.000025e+00 1.209710e+00
      endloop
   endfacet
   facet normal 0.000000e+00 1.000000e+00 0.000000e+00
      outer loop
         vertex 1.115653e+01 8.000025e+00 1.209710e+00
         vertex 1.604649e+01 8.000025e+00 3.452768e+00
         vertex 1.616436e+01 8.000025e+00 3.200000e+00
      endloop
   endfacet
   facet normal -0.000000e+00 1.000000e+00 0.000000e+00
      outer loop
         vertex 1.115653e+01 8.000025e+00 1.209710e+00
         vertex 1.616436e+01 8.000025e+00 3.200000e+00
         vertex 1.365588e+01 8.000025e+00 4.387610e-01
      endloop
   endfacet
   facet normal 0.000000e+00 1.000000e+00 0.000000e+00
      outer loop
         vertex 1.365588e+01 8.000025e+00 4.387610e-01
         vertex 1.616436e+01 8.000025e+00 3.200000e+00
         vertex 1.632433e+01 8.000025e+00 2.971540e+00
      endloop
   endfacet
   facet normal 0.000000e+00 1.000000e+00 0.000000e+00
      outer loop
         vertex 1.365588e+01 8.000025e+00 4.387610e-01
         vertex 1.632433e+01 8.000025e+00 2.971540e+00
         vertex 1.652154e+01 8.000025e+00 2.774329e+00
      endloop
   endfacet
   facet normal 0.000000e+00 1.000000e+00 0.000000e+00
      outer loop
         vertex 2.235000e+01 8.000025e+00 7.375000e+00
         vertex 1.912569e+01 8.000025e+00 4.277837e+00
         vertex 1.905351e+01 8.000025e+00 4.547233e+00
      endloop
   endfacet
   facet normal 0.000000e+00 1.000000e+00 -0.000000e+00
      outer loop
         vertex 1.905351e+01 8.000025e+00 4.547233e+00
         vertex 1.893564e+01 8.000025e+00 4.800000e+00
         vertex 2.235000e+01 8.000025e+00 7.375000e+00
      endloop
   endfacet
   facet normal 0.000000e+00 1.000000e+00 0.000000e+00
      outer loop
         vertex 2.235000e+01 8.000025e+00 7.375000e+00
         vertex 1.893564e+01 8.000025e+00 4.800000e+00
         vertex 1.877567e+01 8.000025e+00 5.028460e+00
      endloop
   endfacet
   facet normal 0.000000e+00 1.000000e+00 0.000000e+00
      outer loop
         vertex 2.235000e+01 8.000025e+00 7.375000e+00
         vertex 1.877567e+01 8.000025e+00 5.028460e+00
         vertex 1.857846e+01 8.000025e+00 5.225671e+00
      endloop
   endfacet
   facet normal 0.000000e+00 1.000000e+00 -0.000000e+00
      outer loop
         vertex 1.857846e+01 8.000025e+00 5.225671e+00
         vertex 1.835000e+01 8.000025e+00 5.385641e+00
         vertex 2.235000e+01 8.000025e+00 7.375000e+00
      endloop
   endfacet
   facet normal 0.000000e+00 1.000000e+00 0.000000e+00
      outer loop
         vertex 2.235000e+01 8.000025e+00 7.375000e+00
         vertex 1.835000e+01 8.000025e+00 5.385641e+00
         vertex 1.809723e+01 8.000025e+00 5.503508e+00
      endloop
   endfacet
   facet normal 0.000000e+00 1.000000e+00 0.000000e+00
      outer loop
         vertex 2.235000e+01 8.000025e+00 7.375000e+00
         vertex 1.809723e+01 8.000025e+00 5.503508e+00
         vertex 1.782784e+01 8.000025e+00 5.575692e+00
      endloop
   endfacet
   facet normal 0.000000e+00 1.000000e+00 0.000000e+00
      outer loop
         vertex 1.893564e+01 8.000025e+00 3.200000e+00
         vertex 2.394347e+01 8.000025e+00 1.209710e+00
         vertex 1.877567e+01 8.000025e+00 2.971540e+00
      endloop
   endfacet
   facet normal 0.000000e+00 1.000000e+00 0.000000e+00
      outer loop
         vertex 1.877567e+01 8.000025e+00 2.971540e+00
         vertex 2.394347e+01 8.000025e+00 1.209710e+00
         vertex 2.144412e+01 8.000025e+00 4.387610e-01
      endloop
   endfacet
   facet normal -0.000000e+00 1.000000e+00 0.000000e+00
      outer loop
         vertex 1.893564e+01 8.000025e+00 3.200000e+00
         vertex 1.905351e+01 8.000025e+00 3.452768e+00
         vertex 2.394347e+01 8.000025e+00 1.209710e+00
      endloop
   endfacet
   facet normal 0.000000e+00 1.000000e+00 0.000000e+00
      outer loop
         vertex 2.394347e+01 8.000025e+00 1.209710e+00
         vertex 1.905351e+01 8.000025e+00 3.452768e+00
         vertex 1.912569e+01 8.000025e+00 3.722163e+00
      endloop
   endfacet
   facet normal 0.000000e+00 1.000000e+00 0.000000e+00
      outer loop
         vertex 2.394347e+01 8.000025e+00 1.209710e+00
         vertex 1.912569e+01 8.000025e+00 3.722163e+00
         vertex 1.915000e+01 8.000025e+00 4.000000e+00
      endloop
   endfacet
   facet normal -0.000000e+00 1.000000e+00 0.000000e+00
      outer loop
         vertex 1.782784e+01 8.000025e+00 2.424308e+00
         vertex 1.809723e+01 8.000025e+00 2.496492e+00
         vertex 1.885778e+01 8.000025e+00 4.893355e-02
      endloop
   endfacet
   facet normal 0.000000e+00 1.000000e+00 0.000000e+00
      outer loop
         vertex 1.885778e+01 8.000025e+00 4.893355e-02
         vertex 1.809723e+01 8.000025e+00 2.496492e+00
         vertex 1.835000e+01 8.000025e+00 2.614359e+00
      endloop
   endfacet
   facet normal 0.000000e+00 1.000000e+00 -0.000000e+00
      outer loop
         vertex 1.885778e+01 8.000025e+00 4.893355e-02
         vertex 1.835000e+01 8.000025e+00 2.614359e+00
         vertex 2.144412e+01 8.000025e+00 4.387610e-01
      endloop
   endfacet
   facet normal 0.000000e+00 1.000000e+00 0.000000e+00
      outer loop
         vertex 2.144412e+01 8.000025e+00 4.387610e-01
         vertex 1.835000e+01 8.000025e+00 2.614359e+00
         vertex 1.857846e+01 8.000025e+00 2.774329e+00
      endloop
   endfacet
   facet normal 0.000000e+00 1.000000e+00 0.000000e+00
      outer loop
         vertex 2.144412e+01 8.000025e+00 4.387610e-01
         vertex 1.857846e+01 8.000025e+00 2.774329e+00
         vertex 1.877567e+01 8.000025e+00 2.971540e+00
      endloop
   endfacet
   facet normal 0.000000e+00 1.000000e+00 0.000000e+00
      outer loop
         vertex 2.846107e+01 8.000025e+00 3.817949e+00
         vertex 2.630000e+01 8.000025e+00 2.344555e+00
         vertex 2.659567e+01 8.000025e+00 7.375000e+00
      endloop
   endfacet
   facet normal 0.000000e+00 1.000000e+00 0.000000e+00
      outer loop
         vertex 2.659567e+01 8.000025e+00 7.375000e+00
         vertex 2.630000e+01 8.000025e+00 2.344555e+00
         vertex 2.394347e+01 8.000025e+00 1.209710e+00
      endloop
   endfacet
   facet normal 0.000000e+00 1.000000e+00 0.000000e+00
      outer loop
         vertex 2.659567e+01 8.000025e+00 7.375000e+00
         vertex 2.394347e+01 8.000025e+00 1.209710e+00
         vertex 2.235000e+01 8.000025e+00 7.375000e+00
      endloop
   endfacet
   facet normal 0.000000e+00 1.000000e+00 0.000000e+00
      outer loop
         vertex 2.235000e+01 8.000025e+00 7.375000e+00
         vertex 2.394347e+01 8.000025e+00 1.209710e+00
         vertex 1.915000e+01 8.000025e+00 4.000000e+00
      endloop
   endfacet
   facet normal 0.000000e+00 1.000000e+00 0.000000e+00
      outer loop
         vertex 2.235000e+01 8.000025e+00 7.375000e+00
         vertex 1.915000e+01 8.000025e+00 4.000000e+00
         vertex 1.912569e+01 8.000025e+00 4.277837e+00
      endloop
   endfacet
   facet normal 0.000000e+00 1.000000e+00 0.000000e+00
      outer loop
         vertex 2.924134e+01 8.000025e+00 9.150000e+00
         vertex 3.200918e+01 8.000025e+00 7.641899e+00
         vertex 2.659567e+01 8.000025e+00 7.375000e+00
      endloop
   endfacet
   facet normal -0.000000e+00 1.000000e+00 0.000000e+00
      outer loop
         vertex 2.659567e+01 8.000025e+00 7.375000e+00
         vertex 3.200918e+01 8.000025e+00 7.641899e+00
         vertex 3.037841e+01 8.000025e+00 5.596977e+00
      endloop
   endfacet
   facet normal 0.000000e+00 1.000000e+00 0.000000e+00
      outer loop
         vertex 2.659567e+01 8.000025e+00 7.375000e+00
         vertex 3.037841e+01 8.000025e+00 5.596977e+00
         vertex 2.846107e+01 8.000025e+00 3.817949e+00
      endloop
   endfacet
   facet normal 0.000000e+00 1.000000e+00 0.000000e+00
      outer loop
         vertex 2.869411e+01 8.000025e+00 2.575351e+01
         vertex 2.844134e+01 8.000025e+00 2.563564e+01
         vertex 2.659567e+01 8.000025e+00 2.567500e+01
      endloop
   endfacet
   facet normal 0.000000e+00 1.000000e+00 0.000000e+00
      outer loop
         vertex 2.659567e+01 8.000025e+00 2.567500e+01
         vertex 2.844134e+01 8.000025e+00 2.563564e+01
         vertex 2.821288e+01 8.000025e+00 2.547567e+01
      endloop
   endfacet
   facet normal 0.000000e+00 1.000000e+00 0.000000e+00
      outer loop
         vertex 2.659567e+01 8.000025e+00 2.567500e+01
         vertex 2.821288e+01 8.000025e+00 2.547567e+01
         vertex 2.801567e+01 8.000025e+00 2.527846e+01
      endloop
   endfacet
   facet normal 0.000000e+00 1.000000e+00 -0.000000e+00
      outer loop
         vertex 3.081704e+01 8.000025e+00 2.452784e+01
         vertex 3.074485e+01 8.000025e+00 2.479723e+01
         vertex 3.331696e+01 8.000025e+00 2.509297e+01
      endloop
   endfacet
   facet normal -0.000000e+00 1.000000e+00 0.000000e+00
      outer loop
         vertex 3.004134e+01 8.000025e+00 2.563564e+01
         vertex 3.200918e+01 8.000025e+00 2.735810e+01
         vertex 3.026980e+01 8.000025e+00 2.547567e+01
      endloop
   endfacet
   facet normal -0.000000e+00 1.000000e+00 0.000000e+00
      outer loop
         vertex 3.026980e+01 8.000025e+00 2.547567e+01
         vertex 3.200918e+01 8.000025e+00 2.735810e+01
         vertex 3.046701e+01 8.000025e+00 2.527846e+01
      endloop
   endfacet
   facet normal 0.000000e+00 1.000000e+00 0.000000e+00
      outer loop
         vertex 3.331696e+01 8.000025e+00 2.509297e+01
         vertex 3.074485e+01 8.000025e+00 2.479723e+01
         vertex 3.200918e+01 8.000025e+00 2.735810e+01
      endloop
   endfacet
   facet normal 0.000000e+00 1.000000e+00 0.000000e+00
      outer loop
         vertex 3.200918e+01 8.000025e+00 2.735810e+01
         vertex 3.074485e+01 8.000025e+00 2.479723e+01
         vertex 3.062698e+01 8.000025e+00 2.505000e+01
      endloop
   endfacet
   facet normal 0.000000e+00 1.000000e+00 0.000000e+00
      outer loop
         vertex 3.200918e+01 8.000025e+00 2.735810e+01
         vertex 3.062698e+01 8.000025e+00 2.505000e+01
         vertex 3.046701e+01 8.000025e+00 2.527846e+01
      endloop
   endfacet
   facet normal 0.000000e+00 1.000000e+00 0.000000e+00
      outer loop
         vertex 2.801567e+01 8.000025e+00 2.527846e+01
         vertex 2.785570e+01 8.000025e+00 2.505000e+01
         vertex 2.659567e+01 8.000025e+00 2.567500e+01
      endloop
   endfacet
   facet normal 0.000000e+00 1.000000e+00 0.000000e+00
      outer loop
         vertex 2.659567e+01 8.000025e+00 2.567500e+01
         vertex 2.785570e+01 8.000025e+00 2.505000e+01
         vertex 2.773784e+01 8.000025e+00 2.479723e+01
      endloop
   endfacet
   facet normal 0.000000e+00 1.000000e+00 0.000000e+00
      outer loop
         vertex 2.659567e+01 8.000025e+00 2.567500e+01
         vertex 2.773784e+01 8.000025e+00 2.479723e+01
         vertex 2.766565e+01 8.000025e+00 2.452784e+01
      endloop
   endfacet
   facet normal 0.000000e+00 1.000000e+00 0.000000e+00
      outer loop
         vertex 2.844134e+01 8.000025e+00 2.286436e+01
         vertex 2.869411e+01 8.000025e+00 2.274649e+01
         vertex 2.659567e+01 8.000025e+00 1.750000e+01
      endloop
   endfacet
   facet normal -0.000000e+00 1.000000e+00 0.000000e+00
      outer loop
         vertex 2.978858e+01 8.000025e+00 2.274649e+01
         vertex 3.004134e+01 8.000025e+00 2.286436e+01
         vertex 3.505000e+01 8.000025e+00 1.750000e+01
      endloop
   endfacet
   facet normal 0.000000e+00 1.000000e+00 0.000000e+00
      outer loop
         vertex 3.505000e+01 8.000025e+00 1.750000e+01
         vertex 3.004134e+01 8.000025e+00 2.286436e+01
         vertex 3.026980e+01 8.000025e+00 2.302433e+01
      endloop
   endfacet
   facet normal 0.000000e+00 1.000000e+00 0.000000e+00
      outer loop
         vertex 3.505000e+01 8.000025e+00 1.750000e+01
         vertex 3.026980e+01 8.000025e+00 2.302433e+01
         vertex 3.485454e+01 8.000025e+00 2.010824e+01
      endloop
   endfacet
   facet normal -0.000000e+00 1.000000e+00 0.000000e+00
      outer loop
         vertex 3.026980e+01 8.000025e+00 2.302433e+01
         vertex 3.046701e+01 8.000025e+00 2.322154e+01
         vertex 3.485454e+01 8.000025e+00 2.010824e+01
      endloop
   endfacet
   facet normal 0.000000e+00 1.000000e+00 0.000000e+00
      outer loop
         vertex 3.485454e+01 8.000025e+00 2.010824e+01
         vertex 3.046701e+01 8.000025e+00 2.322154e+01
         vertex 3.062698e+01 8.000025e+00 2.345000e+01
      endloop
   endfacet
   facet normal 0.000000e+00 1.000000e+00 0.000000e+00
      outer loop
         vertex 3.485454e+01 8.000025e+00 2.010824e+01
         vertex 3.062698e+01 8.000025e+00 2.345000e+01
         vertex 3.427253e+01 8.000025e+00 2.265822e+01
      endloop
   endfacet
   facet normal -0.000000e+00 1.000000e+00 0.000000e+00
      outer loop
         vertex 3.062698e+01 8.000025e+00 2.345000e+01
         vertex 3.074485e+01 8.000025e+00 2.370277e+01
         vertex 3.427253e+01 8.000025e+00 2.265822e+01
      endloop
   endfacet
   facet normal 0.000000e+00 1.000000e+00 0.000000e+00
      outer loop
         vertex 3.427253e+01 8.000025e+00 2.265822e+01
         vertex 3.074485e+01 8.000025e+00 2.370277e+01
         vertex 3.081704e+01 8.000025e+00 2.397216e+01
      endloop
   endfacet
   facet normal 0.000000e+00 1.000000e+00 0.000000e+00
      outer loop
         vertex 3.427253e+01 8.000025e+00 2.265822e+01
         vertex 3.081704e+01 8.000025e+00 2.397216e+01
         vertex 3.331696e+01 8.000025e+00 2.509297e+01
      endloop
   endfacet
   facet normal 0.000000e+00 1.000000e+00 0.000000e+00
      outer loop
         vertex 3.331696e+01 8.000025e+00 2.509297e+01
         vertex 3.081704e+01 8.000025e+00 2.397216e+01
         vertex 3.084134e+01 8.000025e+00 2.425000e+01
      endloop
   endfacet
   facet normal 0.000000e+00 1.000000e+00 0.000000e+00
      outer loop
         vertex 3.331696e+01 8.000025e+00 2.509297e+01
         vertex 3.084134e+01 8.000025e+00 2.425000e+01
         vertex 3.081704e+01 8.000025e+00 2.452784e+01
      endloop
   endfacet
   facet normal 0.000000e+00 1.000000e+00 0.000000e+00
      outer loop
         vertex 2.785570e+01 8.000025e+00 2.345000e+01
         vertex 2.801567e+01 8.000025e+00 2.322154e+01
         vertex 2.659567e+01 8.000025e+00 1.750000e+01
      endloop
   endfacet
   facet normal 0.000000e+00 1.000000e+00 0.000000e+00
      outer loop
         vertex 2.659567e+01 8.000025e+00 1.750000e+01
         vertex 2.801567e+01 8.000025e+00 2.322154e+01
         vertex 2.821288e+01 8.000025e+00 2.302433e+01
      endloop
   endfacet
   facet normal 0.000000e+00 1.000000e+00 0.000000e+00
      outer loop
         vertex 2.659567e+01 8.000025e+00 1.750000e+01
         vertex 2.821288e+01 8.000025e+00 2.302433e+01
         vertex 2.844134e+01 8.000025e+00 2.286436e+01
      endloop
   endfacet
   facet normal 0.000000e+00 1.000000e+00 0.000000e+00
      outer loop
         vertex 2.766565e+01 8.000025e+00 2.452784e+01
         vertex 2.764134e+01 8.000025e+00 2.425000e+01
         vertex 2.659567e+01 8.000025e+00 2.567500e+01
      endloop
   endfacet
   facet normal 0.000000e+00 1.000000e+00 0.000000e+00
      outer loop
         vertex 2.659567e+01 8.000025e+00 2.567500e+01
         vertex 2.764134e+01 8.000025e+00 2.425000e+01
         vertex 2.766565e+01 8.000025e+00 2.397216e+01
      endloop
   endfacet
   facet normal 0.000000e+00 1.000000e+00 0.000000e+00
      outer loop
         vertex 2.659567e+01 8.000025e+00 2.567500e+01
         vertex 2.766565e+01 8.000025e+00 2.397216e+01
         vertex 2.659567e+01 8.000025e+00 1.750000e+01
      endloop
   endfacet
   facet normal 0.000000e+00 1.000000e+00 0.000000e+00
      outer loop
         vertex 2.659567e+01 8.000025e+00 1.750000e+01
         vertex 2.766565e+01 8.000025e+00 2.397216e+01
         vertex 2.773784e+01 8.000025e+00 2.370277e+01
      endloop
   endfacet
   facet normal 0.000000e+00 1.000000e+00 0.000000e+00
      outer loop
         vertex 2.659567e+01 8.000025e+00 1.750000e+01
         vertex 2.773784e+01 8.000025e+00 2.370277e+01
         vertex 2.785570e+01 8.000025e+00 2.345000e+01
      endloop
   endfacet
   facet normal 0.000000e+00 1.000000e+00 0.000000e+00
      outer loop
         vertex 2.869411e+01 8.000025e+00 2.274649e+01
         vertex 2.896351e+01 8.000025e+00 2.267431e+01
         vertex 2.659567e+01 8.000025e+00 1.750000e+01
      endloop
   endfacet
   facet normal 0.000000e+00 1.000000e+00 0.000000e+00
      outer loop
         vertex 2.659567e+01 8.000025e+00 1.750000e+01
         vertex 2.896351e+01 8.000025e+00 2.267431e+01
         vertex 2.924134e+01 8.000025e+00 2.265000e+01
      endloop
   endfacet
   facet normal -0.000000e+00 1.000000e+00 0.000000e+00
      outer loop
         vertex 2.659567e+01 8.000025e+00 1.750000e+01
         vertex 2.924134e+01 8.000025e+00 2.265000e+01
         vertex 3.505000e+01 8.000025e+00 1.750000e+01
      endloop
   endfacet
   facet normal 0.000000e+00 1.000000e+00 0.000000e+00
      outer loop
         vertex 3.505000e+01 8.000025e+00 1.750000e+01
         vertex 2.924134e+01 8.000025e+00 2.265000e+01
         vertex 2.951918e+01 8.000025e+00 2.267431e+01
      endloop
   endfacet
   facet normal 0.000000e+00 1.000000e+00 0.000000e+00
      outer loop
         vertex 3.505000e+01 8.000025e+00 1.750000e+01
         vertex 2.951918e+01 8.000025e+00 2.267431e+01
         vertex 2.978858e+01 8.000025e+00 2.274649e+01
      endloop
   endfacet
   facet normal 0.000000e+00 1.000000e+00 -0.000000e+00
      outer loop
         vertex 3.004134e+01 8.000025e+00 2.563564e+01
         vertex 2.978858e+01 8.000025e+00 2.575351e+01
         vertex 3.200918e+01 8.000025e+00 2.735810e+01
      endloop
   endfacet
   facet normal 0.000000e+00 1.000000e+00 0.000000e+00
      outer loop
         vertex 3.200918e+01 8.000025e+00 2.735810e+01
         vertex 2.978858e+01 8.000025e+00 2.575351e+01
         vertex 2.951918e+01 8.000025e+00 2.582569e+01
      endloop
   endfacet
   facet normal 0.000000e+00 1.000000e+00 0.000000e+00
      outer loop
         vertex 3.200918e+01 8.000025e+00 2.735810e+01
         vertex 2.951918e+01 8.000025e+00 2.582569e+01
         vertex 2.659567e+01 8.000025e+00 2.762500e+01
      endloop
   endfacet
   facet normal 0.000000e+00 1.000000e+00 0.000000e+00
      outer loop
         vertex 2.659567e+01 8.000025e+00 2.762500e+01
         vertex 2.951918e+01 8.000025e+00 2.582569e+01
         vertex 2.924134e+01 8.000025e+00 2.585000e+01
      endloop
   endfacet
   facet normal 0.000000e+00 1.000000e+00 0.000000e+00
      outer loop
         vertex 2.659567e+01 8.000025e+00 2.762500e+01
         vertex 2.924134e+01 8.000025e+00 2.585000e+01
         vertex 2.896351e+01 8.000025e+00 2.582569e+01
      endloop
   endfacet
   facet normal -0.000000e+00 1.000000e+00 0.000000e+00
      outer loop
         vertex 1.912569e+01 8.000025e+00 3.072216e+01
         vertex 2.394347e+01 8.000025e+00 3.379029e+01
         vertex 2.235000e+01 8.000025e+00 2.762500e+01
      endloop
   endfacet
   facet normal 0.000000e+00 1.000000e+00 0.000000e+00
      outer loop
         vertex 2.235000e+01 8.000025e+00 2.762500e+01
         vertex 2.394347e+01 8.000025e+00 3.379029e+01
         vertex 2.630000e+01 8.000025e+00 3.265544e+01
      endloop
   endfacet
   facet normal 0.000000e+00 1.000000e+00 0.000000e+00
      outer loop
         vertex 2.235000e+01 8.000025e+00 2.762500e+01
         vertex 2.630000e+01 8.000025e+00 3.265544e+01
         vertex 2.659567e+01 8.000025e+00 2.762500e+01
      endloop
   endfacet
   facet normal 0.000000e+00 1.000000e+00 -0.000000e+00
      outer loop
         vertex 2.659567e+01 8.000025e+00 2.762500e+01
         vertex 2.630000e+01 8.000025e+00 3.265544e+01
         vertex 2.846107e+01 8.000025e+00 3.118205e+01
      endloop
   endfacet
   facet normal 0.000000e+00 1.000000e+00 0.000000e+00
      outer loop
         vertex 2.659567e+01 8.000025e+00 2.762500e+01
         vertex 2.846107e+01 8.000025e+00 3.118205e+01
         vertex 3.037841e+01 8.000025e+00 2.940302e+01
      endloop
   endfacet
   facet normal 0.000000e+00 1.000000e+00 -0.000000e+00
      outer loop
         vertex 7.434350e+00 8.000025e+00 2.452784e+01
         vertex 7.362166e+00 8.000025e+00 2.479723e+01
         vertex 8.504329e+00 8.000025e+00 2.567500e+01
      endloop
   endfacet
   facet normal 0.000000e+00 1.000000e+00 -0.000000e+00
      outer loop
         vertex 7.362166e+00 8.000025e+00 2.479723e+01
         vertex 7.244298e+00 8.000025e+00 2.505000e+01
         vertex 8.504329e+00 8.000025e+00 2.567500e+01
      endloop
   endfacet
   facet normal 0.000000e+00 1.000000e+00 0.000000e+00
      outer loop
         vertex 8.504329e+00 8.000025e+00 2.567500e+01
         vertex 7.244298e+00 8.000025e+00 2.505000e+01
         vertex 7.084329e+00 8.000025e+00 2.527846e+01
      endloop
   endfacet
   facet normal 0.000000e+00 1.000000e+00 0.000000e+00
      outer loop
         vertex 8.504329e+00 8.000025e+00 2.567500e+01
         vertex 7.084329e+00 8.000025e+00 2.527846e+01
         vertex 6.887118e+00 8.000025e+00 2.547567e+01
      endloop
   endfacet
   facet normal -0.000000e+00 1.000000e+00 0.000000e+00
      outer loop
         vertex 6.658658e+00 8.000025e+00 2.286436e+01
         vertex 6.887118e+00 8.000025e+00 2.302433e+01
         vertex 8.504329e+00 8.000025e+00 1.750000e+01
      endloop
   endfacet
   facet normal 0.000000e+00 1.000000e+00 0.000000e+00
      outer loop
         vertex 8.504329e+00 8.000025e+00 1.750000e+01
         vertex 6.887118e+00 8.000025e+00 2.302433e+01
         vertex 7.084329e+00 8.000025e+00 2.322154e+01
      endloop
   endfacet
   facet normal 0.000000e+00 1.000000e+00 0.000000e+00
      outer loop
         vertex 8.504329e+00 8.000025e+00 1.750000e+01
         vertex 7.084329e+00 8.000025e+00 2.322154e+01
         vertex 7.244298e+00 8.000025e+00 2.345000e+01
      endloop
   endfacet
   facet normal 0.000000e+00 1.000000e+00 0.000000e+00
      outer loop
         vertex 5.311426e+00 8.000025e+00 2.575351e+01
         vertex 5.058658e+00 8.000025e+00 2.563564e+01
         vertex 2.154330e+00 8.000025e+00 2.567500e+01
      endloop
   endfacet
   facet normal 0.000000e+00 1.000000e+00 0.000000e+00
      outer loop
         vertex 2.154330e+00 8.000025e+00 2.567500e+01
         vertex 5.058658e+00 8.000025e+00 2.563564e+01
         vertex 4.830197e+00 8.000025e+00 2.547567e+01
      endloop
   endfacet
   facet normal 0.000000e+00 1.000000e+00 0.000000e+00
      outer loop
         vertex 2.154330e+00 8.000025e+00 2.567500e+01
         vertex 4.830197e+00 8.000025e+00 2.547567e+01
         vertex 4.632987e+00 8.000025e+00 2.527846e+01
      endloop
   endfacet
   facet normal 0.000000e+00 1.000000e+00 0.000000e+00
      outer loop
         vertex 4.632987e+00 8.000025e+00 2.527846e+01
         vertex 4.473018e+00 8.000025e+00 2.505000e+01
         vertex 2.154330e+00 8.000025e+00 2.567500e+01
      endloop
   endfacet
   facet normal 0.000000e+00 1.000000e+00 0.000000e+00
      outer loop
         vertex 2.154330e+00 8.000025e+00 2.567500e+01
         vertex 4.473018e+00 8.000025e+00 2.505000e+01
         vertex 4.355149e+00 8.000025e+00 2.479723e+01
      endloop
   endfacet
   facet normal 0.000000e+00 1.000000e+00 0.000000e+00
      outer loop
         vertex 2.154330e+00 8.000025e+00 2.567500e+01
         vertex 4.355149e+00 8.000025e+00 2.479723e+01
         vertex 4.282965e+00 8.000025e+00 2.452784e+01
      endloop
   endfacet
   facet normal 0.000000e+00 1.000000e+00 -0.000000e+00
      outer loop
         vertex 5.858658e+00 8.000025e+00 1.235000e+01
         vertex 2.154330e+00 8.000025e+00 1.750000e+01
         vertex 8.504329e+00 8.000025e+00 1.750000e+01
      endloop
   endfacet
   facet normal 0.000000e+00 1.000000e+00 0.000000e+00
      outer loop
         vertex 8.504329e+00 8.000025e+00 1.750000e+01
         vertex 2.154330e+00 8.000025e+00 1.750000e+01
         vertex 5.580821e+00 8.000025e+00 2.267431e+01
      endloop
   endfacet
   facet normal 0.000000e+00 1.000000e+00 0.000000e+00
      outer loop
         vertex 8.504329e+00 8.000025e+00 1.750000e+01
         vertex 5.580821e+00 8.000025e+00 2.267431e+01
         vertex 5.858658e+00 8.000025e+00 2.265000e+01
      endloop
   endfacet
   facet normal -0.000000e+00 1.000000e+00 0.000000e+00
      outer loop
         vertex 5.858658e+00 8.000025e+00 2.265000e+01
         vertex 6.136495e+00 8.000025e+00 2.267431e+01
         vertex 8.504329e+00 8.000025e+00 1.750000e+01
      endloop
   endfacet
   facet normal 0.000000e+00 1.000000e+00 0.000000e+00
      outer loop
         vertex 8.504329e+00 8.000025e+00 1.750000e+01
         vertex 6.136495e+00 8.000025e+00 2.267431e+01
         vertex 6.405890e+00 8.000025e+00 2.274649e+01
      endloop
   endfacet
   facet normal 0.000000e+00 1.000000e+00 0.000000e+00
      outer loop
         vertex 8.504329e+00 8.000025e+00 1.750000e+01
         vertex 6.405890e+00 8.000025e+00 2.274649e+01
         vertex 6.658658e+00 8.000025e+00 2.286436e+01
      endloop
   endfacet
   facet normal -0.000000e+00 1.000000e+00 0.000000e+00
      outer loop
         vertex 7.244298e+00 8.000025e+00 2.345000e+01
         vertex 7.362166e+00 8.000025e+00 2.370277e+01
         vertex 8.504329e+00 8.000025e+00 1.750000e+01
      endloop
   endfacet
   facet normal 0.000000e+00 1.000000e+00 0.000000e+00
      outer loop
         vertex 8.504329e+00 8.000025e+00 1.750000e+01
         vertex 7.362166e+00 8.000025e+00 2.370277e+01
         vertex 7.434350e+00 8.000025e+00 2.397216e+01
      endloop
   endfacet
   facet normal 0.000000e+00 1.000000e+00 -0.000000e+00
      outer loop
         vertex 8.504329e+00 8.000025e+00 1.750000e+01
         vertex 7.434350e+00 8.000025e+00 2.397216e+01
         vertex 8.504329e+00 8.000025e+00 2.567500e+01
      endloop
   endfacet
   facet normal 0.000000e+00 1.000000e+00 0.000000e+00
      outer loop
         vertex 8.504329e+00 8.000025e+00 2.567500e+01
         vertex 7.434350e+00 8.000025e+00 2.397216e+01
         vertex 7.458658e+00 8.000025e+00 2.425000e+01
      endloop
   endfacet
   facet normal 0.000000e+00 1.000000e+00 0.000000e+00
      outer loop
         vertex 8.504329e+00 8.000025e+00 2.567500e+01
         vertex 7.458658e+00 8.000025e+00 2.425000e+01
         vertex 7.434350e+00 8.000025e+00 2.452784e+01
      endloop
   endfacet
   facet normal 0.000000e+00 1.000000e+00 0.000000e+00
      outer loop
         vertex 4.282965e+00 8.000025e+00 2.452784e+01
         vertex 4.258658e+00 8.000025e+00 2.425000e+01
         vertex 2.154330e+00 8.000025e+00 2.567500e+01
      endloop
   endfacet
   facet normal 0.000000e+00 1.000000e+00 0.000000e+00
      outer loop
         vertex 2.154330e+00 8.000025e+00 2.567500e+01
         vertex 4.258658e+00 8.000025e+00 2.425000e+01
         vertex 4.282965e+00 8.000025e+00 2.397216e+01
      endloop
   endfacet
   facet normal 0.000000e+00 1.000000e+00 0.000000e+00
      outer loop
         vertex 2.154330e+00 8.000025e+00 2.567500e+01
         vertex 4.282965e+00 8.000025e+00 2.397216e+01
         vertex 2.154330e+00 8.000025e+00 1.750000e+01
      endloop
   endfacet
   facet normal 0.000000e+00 1.000000e+00 0.000000e+00
      outer loop
         vertex 2.154330e+00 8.000025e+00 1.750000e+01
         vertex 4.282965e+00 8.000025e+00 2.397216e+01
         vertex 4.355149e+00 8.000025e+00 2.370277e+01
      endloop
   endfacet
   facet normal 0.000000e+00 1.000000e+00 0.000000e+00
      outer loop
         vertex 4.355149e+00 8.000025e+00 2.370277e+01
         vertex 4.473018e+00 8.000025e+00 2.345000e+01
         vertex 2.154330e+00 8.000025e+00 1.750000e+01
      endloop
   endfacet
   facet normal 0.000000e+00 1.000000e+00 0.000000e+00
      outer loop
         vertex 2.154330e+00 8.000025e+00 1.750000e+01
         vertex 4.473018e+00 8.000025e+00 2.345000e+01
         vertex 4.632987e+00 8.000025e+00 2.322154e+01
      endloop
   endfacet
   facet normal 0.000000e+00 1.000000e+00 0.000000e+00
      outer loop
         vertex 2.154330e+00 8.000025e+00 1.750000e+01
         vertex 4.632987e+00 8.000025e+00 2.322154e+01
         vertex 4.830197e+00 8.000025e+00 2.302433e+01
      endloop
   endfacet
   facet normal 0.000000e+00 1.000000e+00 0.000000e+00
      outer loop
         vertex 4.830197e+00 8.000025e+00 2.302433e+01
         vertex 5.058658e+00 8.000025e+00 2.286436e+01
         vertex 2.154330e+00 8.000025e+00 1.750000e+01
      endloop
   endfacet
   facet normal 0.000000e+00 1.000000e+00 0.000000e+00
      outer loop
         vertex 2.154330e+00 8.000025e+00 1.750000e+01
         vertex 5.058658e+00 8.000025e+00 2.286436e+01
         vertex 5.311426e+00 8.000025e+00 2.274649e+01
      endloop
   endfacet
   facet normal 0.000000e+00 1.000000e+00 0.000000e+00
      outer loop
         vertex 2.154330e+00 8.000025e+00 1.750000e+01
         vertex 5.311426e+00 8.000025e+00 2.274649e+01
         vertex 5.580821e+00 8.000025e+00 2.267431e+01
      endloop
   endfacet
   facet normal 0.000000e+00 1.000000e+00 0.000000e+00
      outer loop
         vertex 2.896351e+01 8.000025e+00 2.582569e+01
         vertex 2.869411e+01 8.000025e+00 2.575351e+01
         vertex 2.659567e+01 8.000025e+00 2.762500e+01
      endloop
   endfacet
   facet normal 0.000000e+00 1.000000e+00 0.000000e+00
      outer loop
         vertex 2.659567e+01 8.000025e+00 2.762500e+01
         vertex 2.869411e+01 8.000025e+00 2.575351e+01
         vertex 2.659567e+01 8.000025e+00 2.567500e+01
      endloop
   endfacet
   facet normal 0.000000e+00 1.000000e+00 0.000000e+00
      outer loop
         vertex 2.659567e+01 8.000025e+00 2.762500e+01
         vertex 2.659567e+01 8.000025e+00 2.567500e+01
         vertex 2.235000e+01 8.000025e+00 2.762500e+01
      endloop
   endfacet
   facet normal 0.000000e+00 1.000000e+00 0.000000e+00
      outer loop
         vertex 2.235000e+01 8.000025e+00 2.762500e+01
         vertex 2.659567e+01 8.000025e+00 2.567500e+01
         vertex 2.235000e+01 8.000025e+00 2.567500e+01
      endloop
   endfacet
   facet normal 0.000000e+00 1.000000e+00 0.000000e+00
      outer loop
         vertex 2.235000e+01 8.000025e+00 2.762500e+01
         vertex 2.235000e+01 8.000025e+00 2.567500e+01
         vertex 1.275000e+01 8.000025e+00 2.762500e+01
      endloop
   endfacet
   facet normal 0.000000e+00 1.000000e+00 0.000000e+00
      outer loop
         vertex 1.275000e+01 8.000025e+00 2.762500e+01
         vertex 2.235000e+01 8.000025e+00 2.567500e+01
         vertex 1.275000e+01 8.000025e+00 2.567500e+01
      endloop
   endfacet
   facet normal 0.000000e+00 1.000000e+00 0.000000e+00
      outer loop
         vertex 1.275000e+01 8.000025e+00 2.762500e+01
         vertex 1.275000e+01 8.000025e+00 2.567500e+01
         vertex 8.504329e+00 8.000025e+00 2.762500e+01
      endloop
   endfacet
   facet normal 0.000000e+00 1.000000e+00 0.000000e+00
      outer loop
         vertex 8.504329e+00 8.000025e+00 2.762500e+01
         vertex 1.275000e+01 8.000025e+00 2.567500e+01
         vertex 8.504329e+00 8.000025e+00 2.567500e+01
      endloop
   endfacet
   facet normal 0.000000e+00 1.000000e+00 0.000000e+00
      outer loop
         vertex 8.504329e+00 8.000025e+00 2.762500e+01
         vertex 8.504329e+00 8.000025e+00 2.567500e+01
         vertex 6.658658e+00 8.000025e+00 2.563564e+01
      endloop
   endfacet
   facet normal -0.000000e+00 1.000000e+00 0.000000e+00
      outer loop
         vertex 6.658658e+00 8.000025e+00 2.563564e+01
         vertex 8.504329e+00 8.000025e+00 2.567500e+01
         vertex 6.887118e+00 8.000025e+00 2.547567e+01
      endloop
   endfacet
   facet normal 0.000000e+00 1.000000e+00 0.000000e+00
      outer loop
         vertex 2.821288e+01 8.000025e+00 9.524329e+00
         vertex 2.844134e+01 8.000025e+00 9.364359e+00
         vertex 2.659567e+01 8.000025e+00 9.325000e+00
      endloop
   endfacet
   facet normal -0.000000e+00 1.000000e+00 0.000000e+00
      outer loop
         vertex 2.659567e+01 8.000025e+00 9.325000e+00
         vertex 2.844134e+01 8.000025e+00 9.364359e+00
         vertex 2.659567e+01 8.000025e+00 7.375000e+00
      endloop
   endfacet
   facet normal 0.000000e+00 1.000000e+00 0.000000e+00
      outer loop
         vertex 2.659567e+01 8.000025e+00 9.325000e+00
         vertex 2.659567e+01 8.000025e+00 7.375000e+00
         vertex 2.235000e+01 8.000025e+00 9.325000e+00
      endloop
   endfacet
   facet normal 0.000000e+00 1.000000e+00 0.000000e+00
      outer loop
         vertex 2.235000e+01 8.000025e+00 9.325000e+00
         vertex 2.659567e+01 8.000025e+00 7.375000e+00
         vertex 2.235000e+01 8.000025e+00 7.375000e+00
      endloop
   endfacet
   facet normal 0.000000e+00 1.000000e+00 0.000000e+00
      outer loop
         vertex 2.235000e+01 8.000025e+00 9.325000e+00
         vertex 2.235000e+01 8.000025e+00 7.375000e+00
         vertex 1.275000e+01 8.000025e+00 9.325000e+00
      endloop
   endfacet
   facet normal 0.000000e+00 1.000000e+00 0.000000e+00
      outer loop
         vertex 1.275000e+01 8.000025e+00 9.325000e+00
         vertex 2.235000e+01 8.000025e+00 7.375000e+00
         vertex 1.275000e+01 8.000025e+00 7.375000e+00
      endloop
   endfacet
   facet normal 0.000000e+00 1.000000e+00 0.000000e+00
      outer loop
         vertex 1.275000e+01 8.000025e+00 9.325000e+00
         vertex 1.275000e+01 8.000025e+00 7.375000e+00
         vertex 8.504329e+00 8.000025e+00 9.325000e+00
      endloop
   endfacet
   facet normal 0.000000e+00 1.000000e+00 0.000000e+00
      outer loop
         vertex 8.504329e+00 8.000025e+00 9.325000e+00
         vertex 1.275000e+01 8.000025e+00 7.375000e+00
         vertex 8.504329e+00 8.000025e+00 7.375000e+00
      endloop
   endfacet
   facet normal 0.000000e+00 1.000000e+00 0.000000e+00
      outer loop
         vertex 8.504329e+00 8.000025e+00 9.325000e+00
         vertex 8.504329e+00 8.000025e+00 7.375000e+00
         vertex 6.405890e+00 8.000025e+00 9.246492e+00
      endloop
   endfacet
   facet normal 0.000000e+00 1.000000e+00 0.000000e+00
      outer loop
         vertex 6.405890e+00 8.000025e+00 9.246492e+00
         vertex 8.504329e+00 8.000025e+00 7.375000e+00
         vertex 6.136495e+00 8.000025e+00 9.174308e+00
      endloop
   endfacet
endsolid 电机连接打印件-2