solid ¬÷Ï±¥Ú”°µÊ∆¨
   facet normal 9.582658e-01 -0.000000e+00 2.858787e-01
      outer loop
         vertex 5.449778e+01 0.000000e+00 3.856522e+01
         vertex 5.449778e+01 2.500000e+00 3.856522e+01
         vertex 5.364861e+01 2.500000e+00 4.141162e+01
      endloop
   endfacet
   facet normal 9.582658e-01 0.000000e+00 2.858787e-01
      outer loop
         vertex 5.449778e+01 0.000000e+00 3.856522e+01
         vertex 5.364861e+01 2.500000e+00 4.141162e+01
         vertex 5.364861e+01 0.000000e+00 4.141162e+01
      endloop
   endfacet
   facet normal 9.083447e-01 -0.000000e+00 4.182224e-01
      outer loop
         vertex 5.364861e+01 0.000000e+00 4.141162e+01
         vertex 5.364861e+01 2.500000e+00 4.141162e+01
         vertex 5.240634e+01 2.500000e+00 4.410974e+01
      endloop
   endfacet
   facet normal 9.083447e-01 0.000000e+00 4.182224e-01
      outer loop
         vertex 5.364861e+01 0.000000e+00 4.141162e+01
         vertex 5.240634e+01 2.500000e+00 4.410974e+01
         vertex 5.240634e+01 0.000000e+00 4.410974e+01
      endloop
   endfacet
   facet normal 8.402504e-01 -0.000000e+00 5.421985e-01
      outer loop
         vertex 5.240634e+01 0.000000e+00 4.410974e+01
         vertex 5.240634e+01 2.500000e+00 4.410974e+01
         vertex 5.079581e+01 2.500000e+00 4.660559e+01
      endloop
   endfacet
   facet normal 8.402504e-01 0.000000e+00 5.421985e-01
      outer loop
         vertex 5.240634e+01 0.000000e+00 4.410974e+01
         vertex 5.079581e+01 2.500000e+00 4.660559e+01
         vertex 5.079581e+01 0.000000e+00 4.660559e+01
      endloop
   endfacet
   facet normal 7.553450e-01 -0.000000e+00 6.553274e-01
      outer loop
         vertex 5.079581e+01 0.000000e+00 4.660559e+01
         vertex 5.079581e+01 2.500000e+00 4.660559e+01
         vertex 4.884924e+01 2.500000e+00 4.884924e+01
      endloop
   endfacet
   facet normal 7.553450e-01 0.000000e+00 6.553274e-01
      outer loop
         vertex 5.079581e+01 0.000000e+00 4.660559e+01
         vertex 4.884924e+01 2.500000e+00 4.884924e+01
         vertex 4.884924e+01 0.000000e+00 4.884924e+01
      endloop
   endfacet
   facet normal 6.553274e-01 -0.000000e+00 7.553450e-01
      outer loop
         vertex 4.884924e+01 0.000000e+00 4.884924e+01
         vertex 4.884924e+01 2.500000e+00 4.884924e+01
         vertex 4.660559e+01 2.500000e+00 5.079581e+01
      endloop
   endfacet
   facet normal 6.553274e-01 0.000000e+00 7.553450e-01
      outer loop
         vertex 4.884924e+01 0.000000e+00 4.884924e+01
         vertex 4.660559e+01 2.500000e+00 5.079581e+01
         vertex 4.660559e+01 0.000000e+00 5.079581e+01
      endloop
   endfacet
   facet normal 5.421985e-01 -0.000000e+00 8.402504e-01
      outer loop
         vertex 4.660559e+01 0.000000e+00 5.079581e+01
         vertex 4.660559e+01 2.500000e+00 5.079581e+01
         vertex 4.410974e+01 2.500000e+00 5.240634e+01
      endloop
   endfacet
   facet normal 5.421985e-01 0.000000e+00 8.402504e-01
      outer loop
         vertex 4.660559e+01 0.000000e+00 5.079581e+01
         vertex 4.410974e+01 2.500000e+00 5.240634e+01
         vertex 4.410974e+01 0.000000e+00 5.240634e+01
      endloop
   endfacet
   facet normal 4.182224e-01 -0.000000e+00 9.083447e-01
      outer loop
         vertex 4.410974e+01 0.000000e+00 5.240634e+01
         vertex 4.410974e+01 2.500000e+00 5.240634e+01
         vertex 4.141162e+01 2.500000e+00 5.364861e+01
      endloop
   endfacet
   facet normal 4.182224e-01 0.000000e+00 9.083447e-01
      outer loop
         vertex 4.410974e+01 0.000000e+00 5.240634e+01
         vertex 4.141162e+01 2.500000e+00 5.364861e+01
         vertex 4.141162e+01 0.000000e+00 5.364861e+01
      endloop
   endfacet
   facet normal 2.858787e-01 -0.000000e+00 9.582658e-01
      outer loop
         vertex 4.141162e+01 0.000000e+00 5.364861e+01
         vertex 4.141162e+01 2.500000e+00 5.364861e+01
         vertex 3.856522e+01 2.500000e+00 5.449778e+01
      endloop
   endfacet
   facet normal 2.858787e-01 0.000000e+00 9.582658e-01
      outer loop
         vertex 4.141162e+01 0.000000e+00 5.364861e+01
         vertex 3.856522e+01 2.500000e+00 5.449778e+01
         vertex 3.856522e+01 0.000000e+00 5.449778e+01
      endloop
   endfacet
   facet normal 9.542600e-01 0.000000e+00 2.989780e-01
      outer loop
         vertex 5.449778e+01 2.500000e+00 3.856522e+01
         vertex 5.449778e+01 0.000000e+00 3.856522e+01
         vertex 5.459869e+01 2.500000e+00 3.824314e+01
      endloop
   endfacet
   facet normal 9.542600e-01 0.000000e+00 2.989780e-01
      outer loop
         vertex 5.459869e+01 2.500000e+00 3.824314e+01
         vertex 5.449778e+01 0.000000e+00 3.856522e+01
         vertex 5.459869e+01 0.000000e+00 3.824314e+01
      endloop
   endfacet
   facet normal 8.903987e-01 0.000000e+00 4.551814e-01
      outer loop
         vertex 5.459869e+01 2.500000e+00 3.824314e+01
         vertex 5.459869e+01 0.000000e+00 3.824314e+01
         vertex 5.475231e+01 2.500000e+00 3.794262e+01
      endloop
   endfacet
   facet normal 8.903987e-01 0.000000e+00 4.551814e-01
      outer loop
         vertex 5.475231e+01 2.500000e+00 3.794262e+01
         vertex 5.459869e+01 0.000000e+00 3.824314e+01
         vertex 5.475231e+01 0.000000e+00 3.794262e+01
      endloop
   endfacet
   facet normal 8.011786e-01 0.000000e+00 5.984253e-01
      outer loop
         vertex 5.475231e+01 2.500000e+00 3.794262e+01
         vertex 5.475231e+01 0.000000e+00 3.794262e+01
         vertex 5.495429e+01 2.500000e+00 3.767222e+01
      endloop
   endfacet
   facet normal 8.011786e-01 0.000000e+00 5.984253e-01
      outer loop
         vertex 5.495429e+01 2.500000e+00 3.767222e+01
         vertex 5.475231e+01 0.000000e+00 3.794262e+01
         vertex 5.495429e+01 0.000000e+00 3.767222e+01
      endloop
   endfacet
   facet normal 6.891442e-01 0.000000e+00 7.246243e-01
      outer loop
         vertex 5.495429e+01 2.500000e+00 3.767222e+01
         vertex 5.495429e+01 0.000000e+00 3.767222e+01
         vertex 5.519886e+01 2.500000e+00 3.743962e+01
      endloop
   endfacet
   facet normal 6.891442e-01 0.000000e+00 7.246243e-01
      outer loop
         vertex 5.519886e+01 2.500000e+00 3.743962e+01
         vertex 5.495429e+01 0.000000e+00 3.767222e+01
         vertex 5.519886e+01 0.000000e+00 3.743962e+01
      endloop
   endfacet
   facet normal 5.574806e-01 0.000000e+00 8.301900e-01
      outer loop
         vertex 5.519886e+01 2.500000e+00 3.743962e+01
         vertex 5.519886e+01 0.000000e+00 3.743962e+01
         vertex 5.547906e+01 2.500000e+00 3.725147e+01
      endloop
   endfacet
   facet normal 5.574806e-01 0.000000e+00 8.301900e-01
      outer loop
         vertex 5.547906e+01 2.500000e+00 3.725147e+01
         vertex 5.519886e+01 0.000000e+00 3.743962e+01
         vertex 5.547906e+01 0.000000e+00 3.725147e+01
      endloop
   endfacet
   facet normal 4.099436e-01 0.000000e+00 9.121109e-01
      outer loop
         vertex 5.547906e+01 2.500000e+00 3.725147e+01
         vertex 5.547906e+01 0.000000e+00 3.725147e+01
         vertex 5.578691e+01 2.500000e+00 3.711311e+01
      endloop
   endfacet
   facet normal 4.099436e-01 0.000000e+00 9.121109e-01
      outer loop
         vertex 5.578691e+01 2.500000e+00 3.711311e+01
         vertex 5.547906e+01 0.000000e+00 3.725147e+01
         vertex 5.578691e+01 0.000000e+00 3.711311e+01
      endloop
   endfacet
   facet normal 2.507311e-01 0.000000e+00 9.680568e-01
      outer loop
         vertex 5.578691e+01 2.500000e+00 3.711311e+01
         vertex 5.578691e+01 0.000000e+00 3.711311e+01
         vertex 5.611364e+01 2.500000e+00 3.702848e+01
      endloop
   endfacet
   facet normal 2.507311e-01 0.000000e+00 9.680568e-01
      outer loop
         vertex 5.611364e+01 2.500000e+00 3.702848e+01
         vertex 5.578691e+01 0.000000e+00 3.711311e+01
         vertex 5.611364e+01 0.000000e+00 3.702848e+01
      endloop
   endfacet
   facet normal 8.437836e-02 0.000000e+00 9.964338e-01
      outer loop
         vertex 5.611364e+01 2.500000e+00 3.702848e+01
         vertex 5.611364e+01 0.000000e+00 3.702848e+01
         vertex 5.644995e+01 2.500000e+00 3.700000e+01
      endloop
   endfacet
   facet normal 8.437836e-02 0.000000e+00 9.964338e-01
      outer loop
         vertex 5.644995e+01 2.500000e+00 3.700000e+01
         vertex 5.611364e+01 0.000000e+00 3.702848e+01
         vertex 5.644995e+01 0.000000e+00 3.700000e+01
      endloop
   endfacet
   facet normal 0.000000e+00 -0.000000e+00 1.000000e+00
      outer loop
         vertex 6.154996e+01 0.000000e+00 3.700000e+01
         vertex 6.154996e+01 2.500000e+00 3.700000e+01
         vertex 5.644995e+01 0.000000e+00 3.700000e+01
      endloop
   endfacet
   facet normal 0.000000e+00 0.000000e+00 1.000000e+00
      outer loop
         vertex 5.644995e+01 0.000000e+00 3.700000e+01
         vertex 6.154996e+01 2.500000e+00 3.700000e+01
         vertex 5.644995e+01 2.500000e+00 3.700000e+01
      endloop
   endfacet
   facet normal -7.947640e-02 0.000000e+00 9.968367e-01
      outer loop
         vertex 6.154996e+01 2.500000e+00 3.700000e+01
         vertex 6.154996e+01 0.000000e+00 3.700000e+01
         vertex 6.186686e+01 2.500000e+00 3.702527e+01
      endloop
   endfacet
   facet normal -7.947640e-02 0.000000e+00 9.968367e-01
      outer loop
         vertex 6.186686e+01 2.500000e+00 3.702527e+01
         vertex 6.154996e+01 0.000000e+00 3.700000e+01
         vertex 6.186686e+01 0.000000e+00 3.702527e+01
      endloop
   endfacet
   facet normal -2.364215e-01 0.000000e+00 9.716506e-01
      outer loop
         vertex 6.186686e+01 2.500000e+00 3.702527e+01
         vertex 6.186686e+01 0.000000e+00 3.702527e+01
         vertex 6.217575e+01 2.500000e+00 3.710043e+01
      endloop
   endfacet
   facet normal -2.364215e-01 0.000000e+00 9.716506e-01
      outer loop
         vertex 6.217575e+01 2.500000e+00 3.710043e+01
         vertex 6.186686e+01 0.000000e+00 3.702527e+01
         vertex 6.217575e+01 0.000000e+00 3.710043e+01
      endloop
   endfacet
   facet normal -3.873923e-01 0.000000e+00 9.219150e-01
      outer loop
         vertex 6.217575e+01 2.500000e+00 3.710043e+01
         vertex 6.217575e+01 0.000000e+00 3.710043e+01
         vertex 6.246883e+01 2.500000e+00 3.722358e+01
      endloop
   endfacet
   facet normal -3.873923e-01 0.000000e+00 9.219150e-01
      outer loop
         vertex 6.246883e+01 2.500000e+00 3.722358e+01
         vertex 6.217575e+01 0.000000e+00 3.710043e+01
         vertex 6.246883e+01 0.000000e+00 3.722358e+01
      endloop
   endfacet
   facet normal -5.285778e-01 0.000000e+00 8.488849e-01
      outer loop
         vertex 6.246883e+01 2.500000e+00 3.722358e+01
         vertex 6.246883e+01 0.000000e+00 3.722358e+01
         vertex 6.273870e+01 2.500000e+00 3.739162e+01
      endloop
   endfacet
   facet normal -5.285778e-01 0.000000e+00 8.488849e-01
      outer loop
         vertex 6.273870e+01 2.500000e+00 3.739162e+01
         vertex 6.246883e+01 0.000000e+00 3.722358e+01
         vertex 6.273870e+01 0.000000e+00 3.739162e+01
      endloop
   endfacet
   facet normal -6.564065e-01 0.000000e+00 7.544074e-01
      outer loop
         vertex 6.273870e+01 2.500000e+00 3.739162e+01
         vertex 6.273870e+01 0.000000e+00 3.739162e+01
         vertex 6.297853e+01 2.500000e+00 3.760030e+01
      endloop
   endfacet
   facet normal -6.564065e-01 0.000000e+00 7.544074e-01
      outer loop
         vertex 6.297853e+01 2.500000e+00 3.760030e+01
         vertex 6.273870e+01 0.000000e+00 3.739162e+01
         vertex 6.297853e+01 0.000000e+00 3.760030e+01
      endloop
   endfacet
   facet normal -7.676504e-01 0.000000e+00 6.408689e-01
      outer loop
         vertex 6.297853e+01 2.500000e+00 3.760030e+01
         vertex 6.297853e+01 0.000000e+00 3.760030e+01
         vertex 6.318227e+01 2.500000e+00 3.784434e+01
      endloop
   endfacet
   facet normal -7.676504e-01 0.000000e+00 6.408689e-01
      outer loop
         vertex 6.318227e+01 2.500000e+00 3.784434e+01
         vertex 6.297853e+01 0.000000e+00 3.760030e+01
         vertex 6.318227e+01 0.000000e+00 3.784434e+01
      endloop
   endfacet
   facet normal -8.594965e-01 0.000000e+00 5.111417e-01
      outer loop
         vertex 6.318227e+01 2.500000e+00 3.784434e+01
         vertex 6.318227e+01 0.000000e+00 3.784434e+01
         vertex 6.334476e+01 2.500000e+00 3.811758e+01
      endloop
   endfacet
   facet normal -8.594965e-01 0.000000e+00 5.111417e-01
      outer loop
         vertex 6.334476e+01 2.500000e+00 3.811758e+01
         vertex 6.318227e+01 0.000000e+00 3.784434e+01
         vertex 6.334476e+01 0.000000e+00 3.811758e+01
      endloop
   endfacet
   facet normal -9.296293e-01 0.000000e+00 3.684962e-01
      outer loop
         vertex 6.334476e+01 2.500000e+00 3.811758e+01
         vertex 6.334476e+01 0.000000e+00 3.811758e+01
         vertex 6.346191e+01 2.500000e+00 3.841311e+01
      endloop
   endfacet
   facet normal -9.296293e-01 0.000000e+00 3.684962e-01
      outer loop
         vertex 6.346191e+01 2.500000e+00 3.841311e+01
         vertex 6.334476e+01 0.000000e+00 3.811758e+01
         vertex 6.346191e+01 0.000000e+00 3.841311e+01
      endloop
   endfacet
   facet normal -9.762749e-01 0.000000e+00 2.165350e-01
      outer loop
         vertex 6.346191e+01 2.500000e+00 3.841311e+01
         vertex 6.346191e+01 0.000000e+00 3.841311e+01
         vertex 6.353075e+01 2.500000e+00 3.872348e+01
      endloop
   endfacet
   facet normal -9.762749e-01 0.000000e+00 2.165350e-01
      outer loop
         vertex 6.353075e+01 2.500000e+00 3.872348e+01
         vertex 6.346191e+01 0.000000e+00 3.841311e+01
         vertex 6.353075e+01 0.000000e+00 3.872348e+01
      endloop
   endfacet
   facet normal -9.982513e-01 0.000000e+00 5.911245e-02
      outer loop
         vertex 6.353075e+01 2.500000e+00 3.872348e+01
         vertex 6.353075e+01 0.000000e+00 3.872348e+01
         vertex 6.354954e+01 2.500000e+00 3.904083e+01
      endloop
   endfacet
   facet normal -9.982513e-01 0.000000e+00 5.911245e-02
      outer loop
         vertex 6.354954e+01 2.500000e+00 3.904083e+01
         vertex 6.353075e+01 0.000000e+00 3.872348e+01
         vertex 6.354954e+01 0.000000e+00 3.904083e+01
      endloop
   endfacet
   facet normal -9.950071e-01 -0.000000e+00 -9.980392e-02
      outer loop
         vertex 6.354954e+01 2.500000e+00 3.904083e+01
         vertex 6.354954e+01 0.000000e+00 3.904083e+01
         vertex 6.351781e+01 2.500000e+00 3.935714e+01
      endloop
   endfacet
   facet normal -9.950071e-01 -0.000000e+00 -9.980392e-02
      outer loop
         vertex 6.351781e+01 2.500000e+00 3.935714e+01
         vertex 6.354954e+01 0.000000e+00 3.904083e+01
         vertex 6.351781e+01 0.000000e+00 3.935714e+01
      endloop
   endfacet
   facet normal -2.324668e-01 0.000000e+00 -9.726043e-01
      outer loop
         vertex 3.935714e+01 0.000000e+00 6.351781e+01
         vertex 3.935714e+01 2.500000e+00 6.351781e+01
         vertex 4.256970e+01 0.000000e+00 6.274996e+01
      endloop
   endfacet
   facet normal -2.324668e-01 0.000000e+00 -9.726043e-01
      outer loop
         vertex 4.256970e+01 0.000000e+00 6.274996e+01
         vertex 3.935714e+01 2.500000e+00 6.351781e+01
         vertex 4.256970e+01 2.500000e+00 6.274996e+01
      endloop
   endfacet
   facet normal -3.379799e-01 0.000000e+00 -9.411533e-01
      outer loop
         vertex 4.256970e+01 0.000000e+00 6.274996e+01
         vertex 4.256970e+01 2.500000e+00 6.274996e+01
         vertex 4.567837e+01 0.000000e+00 6.163360e+01
      endloop
   endfacet
   facet normal -3.379799e-01 0.000000e+00 -9.411533e-01
      outer loop
         vertex 4.567837e+01 0.000000e+00 6.163360e+01
         vertex 4.256970e+01 2.500000e+00 6.274996e+01
         vertex 4.567837e+01 2.500000e+00 6.163360e+01
      endloop
   endfacet
   facet normal -4.393967e-01 0.000000e+00 -8.982931e-01
      outer loop
         vertex 4.567837e+01 0.000000e+00 6.163360e+01
         vertex 4.567837e+01 2.500000e+00 6.163360e+01
         vertex 4.864546e+01 0.000000e+00 6.018226e+01
      endloop
   endfacet
   facet normal -4.393967e-01 0.000000e+00 -8.982931e-01
      outer loop
         vertex 4.864546e+01 0.000000e+00 6.018226e+01
         vertex 4.567837e+01 2.500000e+00 6.163360e+01
         vertex 4.864546e+01 2.500000e+00 6.018226e+01
      endloop
   endfacet
   facet normal -5.354872e-01 0.000000e+00 -8.445434e-01
      outer loop
         vertex 4.864546e+01 0.000000e+00 6.018226e+01
         vertex 4.864546e+01 2.500000e+00 6.018226e+01
         vertex 5.143503e+01 0.000000e+00 5.841352e+01
      endloop
   endfacet
   facet normal -5.354872e-01 0.000000e+00 -8.445434e-01
      outer loop
         vertex 5.143503e+01 0.000000e+00 5.841352e+01
         vertex 4.864546e+01 2.500000e+00 6.018226e+01
         vertex 5.143503e+01 2.500000e+00 5.841352e+01
      endloop
   endfacet
   facet normal -6.250853e-01 0.000000e+00 -7.805564e-01
      outer loop
         vertex 5.143503e+01 0.000000e+00 5.841352e+01
         vertex 5.143503e+01 2.500000e+00 5.841352e+01
         vertex 5.401324e+01 0.000000e+00 5.634884e+01
      endloop
   endfacet
   facet normal -6.250853e-01 0.000000e+00 -7.805564e-01
      outer loop
         vertex 5.401324e+01 0.000000e+00 5.634884e+01
         vertex 5.143503e+01 2.500000e+00 5.841352e+01
         vertex 5.401324e+01 2.500000e+00 5.634884e+01
      endloop
   endfacet
   facet normal -7.071068e-01 0.000000e+00 -7.071068e-01
      outer loop
         vertex 5.401324e+01 0.000000e+00 5.634884e+01
         vertex 5.401324e+01 2.500000e+00 5.634884e+01
         vertex 5.634884e+01 0.000000e+00 5.401324e+01
      endloop
   endfacet
   facet normal -7.071068e-01 0.000000e+00 -7.071068e-01
      outer loop
         vertex 5.634884e+01 0.000000e+00 5.401324e+01
         vertex 5.401324e+01 2.500000e+00 5.634884e+01
         vertex 5.634884e+01 2.500000e+00 5.401324e+01
      endloop
   endfacet
   facet normal -7.805564e-01 0.000000e+00 -6.250853e-01
      outer loop
         vertex 5.634884e+01 0.000000e+00 5.401324e+01
         vertex 5.634884e+01 2.500000e+00 5.401324e+01
         vertex 5.841352e+01 0.000000e+00 5.143503e+01
      endloop
   endfacet
   facet normal -7.805564e-01 0.000000e+00 -6.250853e-01
      outer loop
         vertex 5.841352e+01 0.000000e+00 5.143503e+01
         vertex 5.634884e+01 2.500000e+00 5.401324e+01
         vertex 5.841352e+01 2.500000e+00 5.143503e+01
      endloop
   endfacet
   facet normal -8.445434e-01 0.000000e+00 -5.354872e-01
      outer loop
         vertex 5.841352e+01 0.000000e+00 5.143503e+01
         vertex 5.841352e+01 2.500000e+00 5.143503e+01
         vertex 6.018226e+01 0.000000e+00 4.864546e+01
      endloop
   endfacet
   facet normal -8.445434e-01 0.000000e+00 -5.354872e-01
      outer loop
         vertex 6.018226e+01 0.000000e+00 4.864546e+01
         vertex 5.841352e+01 2.500000e+00 5.143503e+01
         vertex 6.018226e+01 2.500000e+00 4.864546e+01
      endloop
   endfacet
   facet normal -8.982931e-01 0.000000e+00 -4.393967e-01
      outer loop
         vertex 6.018226e+01 0.000000e+00 4.864546e+01
         vertex 6.018226e+01 2.500000e+00 4.864546e+01
         vertex 6.163360e+01 0.000000e+00 4.567837e+01
      endloop
   endfacet
   facet normal -8.982931e-01 0.000000e+00 -4.393967e-01
      outer loop
         vertex 6.163360e+01 0.000000e+00 4.567837e+01
         vertex 6.018226e+01 2.500000e+00 4.864546e+01
         vertex 6.163360e+01 2.500000e+00 4.567837e+01
      endloop
   endfacet
   facet normal -9.411533e-01 0.000000e+00 -3.379799e-01
      outer loop
         vertex 6.163360e+01 0.000000e+00 4.567837e+01
         vertex 6.163360e+01 2.500000e+00 4.567837e+01
         vertex 6.274996e+01 0.000000e+00 4.256970e+01
      endloop
   endfacet
   facet normal -9.411533e-01 0.000000e+00 -3.379799e-01
      outer loop
         vertex 6.274996e+01 0.000000e+00 4.256970e+01
         vertex 6.163360e+01 2.500000e+00 4.567837e+01
         vertex 6.274996e+01 2.500000e+00 4.256970e+01
      endloop
   endfacet
   facet normal -9.726043e-01 0.000000e+00 -2.324668e-01
      outer loop
         vertex 6.274996e+01 0.000000e+00 4.256970e+01
         vertex 6.274996e+01 2.500000e+00 4.256970e+01
         vertex 6.351781e+01 0.000000e+00 3.935714e+01
      endloop
   endfacet
   facet normal -9.726043e-01 0.000000e+00 -2.324668e-01
      outer loop
         vertex 6.351781e+01 0.000000e+00 3.935714e+01
         vertex 6.274996e+01 2.500000e+00 4.256970e+01
         vertex 6.351781e+01 2.500000e+00 3.935714e+01
      endloop
   endfacet
   facet normal -9.980392e-02 -0.000000e+00 -9.950071e-01
      outer loop
         vertex 3.935714e+01 2.500000e+00 6.351781e+01
         vertex 3.935714e+01 0.000000e+00 6.351781e+01
         vertex 3.904083e+01 2.500000e+00 6.354954e+01
      endloop
   endfacet
   facet normal -9.980392e-02 -0.000000e+00 -9.950071e-01
      outer loop
         vertex 3.904083e+01 2.500000e+00 6.354954e+01
         vertex 3.935714e+01 0.000000e+00 6.351781e+01
         vertex 3.904083e+01 0.000000e+00 6.354954e+01
      endloop
   endfacet
   facet normal 5.911245e-02 0.000000e+00 -9.982513e-01
      outer loop
         vertex 3.904083e+01 2.500000e+00 6.354954e+01
         vertex 3.904083e+01 0.000000e+00 6.354954e+01
         vertex 3.872348e+01 2.500000e+00 6.353075e+01
      endloop
   endfacet
   facet normal 5.911245e-02 0.000000e+00 -9.982513e-01
      outer loop
         vertex 3.872348e+01 2.500000e+00 6.353075e+01
         vertex 3.904083e+01 0.000000e+00 6.354954e+01
         vertex 3.872348e+01 0.000000e+00 6.353075e+01
      endloop
   endfacet
   facet normal 2.165350e-01 0.000000e+00 -9.762749e-01
      outer loop
         vertex 3.872348e+01 2.500000e+00 6.353075e+01
         vertex 3.872348e+01 0.000000e+00 6.353075e+01
         vertex 3.841311e+01 2.500000e+00 6.346191e+01
      endloop
   endfacet
   facet normal 2.165350e-01 0.000000e+00 -9.762749e-01
      outer loop
         vertex 3.841311e+01 2.500000e+00 6.346191e+01
         vertex 3.872348e+01 0.000000e+00 6.353075e+01
         vertex 3.841311e+01 0.000000e+00 6.346191e+01
      endloop
   endfacet
   facet normal 3.684962e-01 0.000000e+00 -9.296293e-01
      outer loop
         vertex 3.841311e+01 2.500000e+00 6.346191e+01
         vertex 3.841311e+01 0.000000e+00 6.346191e+01
         vertex 3.811758e+01 2.500000e+00 6.334476e+01
      endloop
   endfacet
   facet normal 3.684962e-01 0.000000e+00 -9.296293e-01
      outer loop
         vertex 3.811758e+01 2.500000e+00 6.334476e+01
         vertex 3.841311e+01 0.000000e+00 6.346191e+01
         vertex 3.811758e+01 0.000000e+00 6.334476e+01
      endloop
   endfacet
   facet normal 5.111417e-01 0.000000e+00 -8.594965e-01
      outer loop
         vertex 3.811758e+01 2.500000e+00 6.334476e+01
         vertex 3.811758e+01 0.000000e+00 6.334476e+01
         vertex 3.784434e+01 2.500000e+00 6.318227e+01
      endloop
   endfacet
   facet normal 5.111417e-01 0.000000e+00 -8.594965e-01
      outer loop
         vertex 3.784434e+01 2.500000e+00 6.318227e+01
         vertex 3.811758e+01 0.000000e+00 6.334476e+01
         vertex 3.784434e+01 0.000000e+00 6.318227e+01
      endloop
   endfacet
   facet normal 6.408689e-01 0.000000e+00 -7.676504e-01
      outer loop
         vertex 3.784434e+01 2.500000e+00 6.318227e+01
         vertex 3.784434e+01 0.000000e+00 6.318227e+01
         vertex 3.760030e+01 2.500000e+00 6.297853e+01
      endloop
   endfacet
   facet normal 6.408689e-01 0.000000e+00 -7.676504e-01
      outer loop
         vertex 3.760030e+01 2.500000e+00 6.297853e+01
         vertex 3.784434e+01 0.000000e+00 6.318227e+01
         vertex 3.760030e+01 0.000000e+00 6.297853e+01
      endloop
   endfacet
   facet normal 7.544074e-01 0.000000e+00 -6.564065e-01
      outer loop
         vertex 3.760030e+01 2.500000e+00 6.297853e+01
         vertex 3.760030e+01 0.000000e+00 6.297853e+01
         vertex 3.739162e+01 2.500000e+00 6.273870e+01
      endloop
   endfacet
   facet normal 7.544074e-01 0.000000e+00 -6.564065e-01
      outer loop
         vertex 3.739162e+01 2.500000e+00 6.273870e+01
         vertex 3.760030e+01 0.000000e+00 6.297853e+01
         vertex 3.739162e+01 0.000000e+00 6.273870e+01
      endloop
   endfacet
   facet normal 8.488849e-01 0.000000e+00 -5.285778e-01
      outer loop
         vertex 3.739162e+01 2.500000e+00 6.273870e+01
         vertex 3.739162e+01 0.000000e+00 6.273870e+01
         vertex 3.722358e+01 2.500000e+00 6.246883e+01
      endloop
   endfacet
   facet normal 8.488849e-01 0.000000e+00 -5.285778e-01
      outer loop
         vertex 3.722358e+01 2.500000e+00 6.246883e+01
         vertex 3.739162e+01 0.000000e+00 6.273870e+01
         vertex 3.722358e+01 0.000000e+00 6.246883e+01
      endloop
   endfacet
   facet normal 9.219150e-01 0.000000e+00 -3.873923e-01
      outer loop
         vertex 3.722358e+01 2.500000e+00 6.246883e+01
         vertex 3.722358e+01 0.000000e+00 6.246883e+01
         vertex 3.710043e+01 2.500000e+00 6.217575e+01
      endloop
   endfacet
   facet normal 9.219150e-01 0.000000e+00 -3.873923e-01
      outer loop
         vertex 3.710043e+01 2.500000e+00 6.217575e+01
         vertex 3.722358e+01 0.000000e+00 6.246883e+01
         vertex 3.710043e+01 0.000000e+00 6.217575e+01
      endloop
   endfacet
   facet normal 9.716506e-01 0.000000e+00 -2.364215e-01
      outer loop
         vertex 3.710043e+01 2.500000e+00 6.217575e+01
         vertex 3.710043e+01 0.000000e+00 6.217575e+01
         vertex 3.702527e+01 2.500000e+00 6.186686e+01
      endloop
   endfacet
   facet normal 9.716506e-01 0.000000e+00 -2.364215e-01
      outer loop
         vertex 3.702527e+01 2.500000e+00 6.186686e+01
         vertex 3.710043e+01 0.000000e+00 6.217575e+01
         vertex 3.702527e+01 0.000000e+00 6.186686e+01
      endloop
   endfacet
   facet normal 9.968367e-01 0.000000e+00 -7.947640e-02
      outer loop
         vertex 3.702527e+01 2.500000e+00 6.186686e+01
         vertex 3.702527e+01 0.000000e+00 6.186686e+01
         vertex 3.700000e+01 2.500000e+00 6.154996e+01
      endloop
   endfacet
   facet normal 9.968367e-01 0.000000e+00 -7.947640e-02
      outer loop
         vertex 3.700000e+01 2.500000e+00 6.154996e+01
         vertex 3.702527e+01 0.000000e+00 6.186686e+01
         vertex 3.700000e+01 0.000000e+00 6.154996e+01
      endloop
   endfacet
   facet normal 1.000000e+00 0.000000e+00 0.000000e+00
      outer loop
         vertex 3.700000e+01 0.000000e+00 5.644995e+01
         vertex 3.700000e+01 2.500000e+00 5.644995e+01
         vertex 3.700000e+01 0.000000e+00 6.154996e+01
      endloop
   endfacet
   facet normal 1.000000e+00 -0.000000e+00 0.000000e+00
      outer loop
         vertex 3.700000e+01 0.000000e+00 6.154996e+01
         vertex 3.700000e+01 2.500000e+00 5.644995e+01
         vertex 3.700000e+01 2.500000e+00 6.154996e+01
      endloop
   endfacet
   facet normal 9.964338e-01 0.000000e+00 8.437836e-02
      outer loop
         vertex 3.700000e+01 2.500000e+00 5.644995e+01
         vertex 3.700000e+01 0.000000e+00 5.644995e+01
         vertex 3.702848e+01 2.500000e+00 5.611364e+01
      endloop
   endfacet
   facet normal 9.964338e-01 0.000000e+00 8.437836e-02
      outer loop
         vertex 3.702848e+01 2.500000e+00 5.611364e+01
         vertex 3.700000e+01 0.000000e+00 5.644995e+01
         vertex 3.702848e+01 0.000000e+00 5.611364e+01
      endloop
   endfacet
   facet normal 9.680568e-01 0.000000e+00 2.507311e-01
      outer loop
         vertex 3.702848e+01 2.500000e+00 5.611364e+01
         vertex 3.702848e+01 0.000000e+00 5.611364e+01
         vertex 3.711311e+01 2.500000e+00 5.578691e+01
      endloop
   endfacet
   facet normal 9.680568e-01 0.000000e+00 2.507311e-01
      outer loop
         vertex 3.711311e+01 2.500000e+00 5.578691e+01
         vertex 3.702848e+01 0.000000e+00 5.611364e+01
         vertex 3.711311e+01 0.000000e+00 5.578691e+01
      endloop
   endfacet
   facet normal 9.121109e-01 0.000000e+00 4.099436e-01
      outer loop
         vertex 3.711311e+01 2.500000e+00 5.578691e+01
         vertex 3.711311e+01 0.000000e+00 5.578691e+01
         vertex 3.725147e+01 2.500000e+00 5.547906e+01
      endloop
   endfacet
   facet normal 9.121109e-01 0.000000e+00 4.099436e-01
      outer loop
         vertex 3.725147e+01 2.500000e+00 5.547906e+01
         vertex 3.711311e+01 0.000000e+00 5.578691e+01
         vertex 3.725147e+01 0.000000e+00 5.547906e+01
      endloop
   endfacet
   facet normal 8.301900e-01 0.000000e+00 5.574806e-01
      outer loop
         vertex 3.725147e+01 2.500000e+00 5.547906e+01
         vertex 3.725147e+01 0.000000e+00 5.547906e+01
         vertex 3.743962e+01 2.500000e+00 5.519886e+01
      endloop
   endfacet
   facet normal 8.301900e-01 0.000000e+00 5.574806e-01
      outer loop
         vertex 3.743962e+01 2.500000e+00 5.519886e+01
         vertex 3.725147e+01 0.000000e+00 5.547906e+01
         vertex 3.743962e+01 0.000000e+00 5.519886e+01
      endloop
   endfacet
   facet normal 7.246243e-01 0.000000e+00 6.891442e-01
      outer loop
         vertex 3.743962e+01 2.500000e+00 5.519886e+01
         vertex 3.743962e+01 0.000000e+00 5.519886e+01
         vertex 3.767222e+01 2.500000e+00 5.495429e+01
      endloop
   endfacet
   facet normal 7.246243e-01 0.000000e+00 6.891442e-01
      outer loop
         vertex 3.767222e+01 2.500000e+00 5.495429e+01
         vertex 3.743962e+01 0.000000e+00 5.519886e+01
         vertex 3.767222e+01 0.000000e+00 5.495429e+01
      endloop
   endfacet
   facet normal 5.984253e-01 0.000000e+00 8.011786e-01
      outer loop
         vertex 3.767222e+01 2.500000e+00 5.495429e+01
         vertex 3.767222e+01 0.000000e+00 5.495429e+01
         vertex 3.794262e+01 2.500000e+00 5.475231e+01
      endloop
   endfacet
   facet normal 5.984253e-01 0.000000e+00 8.011786e-01
      outer loop
         vertex 3.794262e+01 2.500000e+00 5.475231e+01
         vertex 3.767222e+01 0.000000e+00 5.495429e+01
         vertex 3.794262e+01 0.000000e+00 5.475231e+01
      endloop
   endfacet
   facet normal 4.551814e-01 0.000000e+00 8.903987e-01
      outer loop
         vertex 3.794262e+01 2.500000e+00 5.475231e+01
         vertex 3.794262e+01 0.000000e+00 5.475231e+01
         vertex 3.824314e+01 2.500000e+00 5.459869e+01
      endloop
   endfacet
   facet normal 4.551814e-01 0.000000e+00 8.903987e-01
      outer loop
         vertex 3.824314e+01 2.500000e+00 5.459869e+01
         vertex 3.794262e+01 0.000000e+00 5.475231e+01
         vertex 3.824314e+01 0.000000e+00 5.459869e+01
      endloop
   endfacet
   facet normal 2.989780e-01 0.000000e+00 9.542600e-01
      outer loop
         vertex 3.824314e+01 2.500000e+00 5.459869e+01
         vertex 3.824314e+01 0.000000e+00 5.459869e+01
         vertex 3.856522e+01 2.500000e+00 5.449778e+01
      endloop
   endfacet
   facet normal 2.989780e-01 0.000000e+00 9.542600e-01
      outer loop
         vertex 3.856522e+01 2.500000e+00 5.449778e+01
         vertex 3.824314e+01 0.000000e+00 5.459869e+01
         vertex 3.856522e+01 0.000000e+00 5.449778e+01
      endloop
   endfacet
   facet normal 2.858787e-01 0.000000e+00 -9.582658e-01
      outer loop
         vertex 3.856522e+01 0.000000e+00 1.350223e+01
         vertex 3.856522e+01 2.500000e+00 1.350223e+01
         vertex 4.141162e+01 2.500000e+00 1.435139e+01
      endloop
   endfacet
   facet normal 2.858787e-01 0.000000e+00 -9.582658e-01
      outer loop
         vertex 3.856522e+01 0.000000e+00 1.350223e+01
         vertex 4.141162e+01 2.500000e+00 1.435139e+01
         vertex 4.141162e+01 0.000000e+00 1.435139e+01
      endloop
   endfacet
   facet normal 4.182224e-01 0.000000e+00 -9.083447e-01
      outer loop
         vertex 4.141162e+01 0.000000e+00 1.435139e+01
         vertex 4.141162e+01 2.500000e+00 1.435139e+01
         vertex 4.410974e+01 2.500000e+00 1.559367e+01
      endloop
   endfacet
   facet normal 4.182224e-01 0.000000e+00 -9.083447e-01
      outer loop
         vertex 4.141162e+01 0.000000e+00 1.435139e+01
         vertex 4.410974e+01 2.500000e+00 1.559367e+01
         vertex 4.410974e+01 0.000000e+00 1.559367e+01
      endloop
   endfacet
   facet normal 5.421985e-01 0.000000e+00 -8.402504e-01
      outer loop
         vertex 4.410974e+01 0.000000e+00 1.559367e+01
         vertex 4.410974e+01 2.500000e+00 1.559367e+01
         vertex 4.660559e+01 2.500000e+00 1.720420e+01
      endloop
   endfacet
   facet normal 5.421985e-01 0.000000e+00 -8.402504e-01
      outer loop
         vertex 4.410974e+01 0.000000e+00 1.559367e+01
         vertex 4.660559e+01 2.500000e+00 1.720420e+01
         vertex 4.660559e+01 0.000000e+00 1.720420e+01
      endloop
   endfacet
   facet normal 6.553274e-01 0.000000e+00 -7.553450e-01
      outer loop
         vertex 4.660559e+01 0.000000e+00 1.720420e+01
         vertex 4.660559e+01 2.500000e+00 1.720420e+01
         vertex 4.884924e+01 2.500000e+00 1.915076e+01
      endloop
   endfacet
   facet normal 6.553274e-01 0.000000e+00 -7.553450e-01
      outer loop
         vertex 4.660559e+01 0.000000e+00 1.720420e+01
         vertex 4.884924e+01 2.500000e+00 1.915076e+01
         vertex 4.884924e+01 0.000000e+00 1.915076e+01
      endloop
   endfacet
   facet normal 7.553450e-01 0.000000e+00 -6.553274e-01
      outer loop
         vertex 4.884924e+01 0.000000e+00 1.915076e+01
         vertex 4.884924e+01 2.500000e+00 1.915076e+01
         vertex 5.079581e+01 2.500000e+00 2.139441e+01
      endloop
   endfacet
   facet normal 7.553450e-01 0.000000e+00 -6.553274e-01
      outer loop
         vertex 4.884924e+01 0.000000e+00 1.915076e+01
         vertex 5.079581e+01 2.500000e+00 2.139441e+01
         vertex 5.079581e+01 0.000000e+00 2.139441e+01
      endloop
   endfacet
   facet normal 8.402504e-01 0.000000e+00 -5.421985e-01
      outer loop
         vertex 5.079581e+01 0.000000e+00 2.139441e+01
         vertex 5.079581e+01 2.500000e+00 2.139441e+01
         vertex 5.240634e+01 2.500000e+00 2.389026e+01
      endloop
   endfacet
   facet normal 8.402504e-01 0.000000e+00 -5.421985e-01
      outer loop
         vertex 5.079581e+01 0.000000e+00 2.139441e+01
         vertex 5.240634e+01 2.500000e+00 2.389026e+01
         vertex 5.240634e+01 0.000000e+00 2.389026e+01
      endloop
   endfacet
   facet normal 9.083447e-01 0.000000e+00 -4.182224e-01
      outer loop
         vertex 5.240634e+01 0.000000e+00 2.389026e+01
         vertex 5.240634e+01 2.500000e+00 2.389026e+01
         vertex 5.364861e+01 2.500000e+00 2.658838e+01
      endloop
   endfacet
   facet normal 9.083447e-01 0.000000e+00 -4.182224e-01
      outer loop
         vertex 5.240634e+01 0.000000e+00 2.389026e+01
         vertex 5.364861e+01 2.500000e+00 2.658838e+01
         vertex 5.364861e+01 0.000000e+00 2.658838e+01
      endloop
   endfacet
   facet normal 9.582658e-01 0.000000e+00 -2.858787e-01
      outer loop
         vertex 5.364861e+01 0.000000e+00 2.658838e+01
         vertex 5.364861e+01 2.500000e+00 2.658838e+01
         vertex 5.449778e+01 2.500000e+00 2.943478e+01
      endloop
   endfacet
   facet normal 9.582658e-01 0.000000e+00 -2.858787e-01
      outer loop
         vertex 5.364861e+01 0.000000e+00 2.658838e+01
         vertex 5.449778e+01 2.500000e+00 2.943478e+01
         vertex 5.449778e+01 0.000000e+00 2.943478e+01
      endloop
   endfacet
   facet normal 2.989780e-01 0.000000e+00 -9.542600e-01
      outer loop
         vertex 3.856522e+01 2.500000e+00 1.350223e+01
         vertex 3.856522e+01 0.000000e+00 1.350223e+01
         vertex 3.824314e+01 2.500000e+00 1.340132e+01
      endloop
   endfacet
   facet normal 2.989780e-01 0.000000e+00 -9.542600e-01
      outer loop
         vertex 3.824314e+01 2.500000e+00 1.340132e+01
         vertex 3.856522e+01 0.000000e+00 1.350223e+01
         vertex 3.824314e+01 0.000000e+00 1.340132e+01
      endloop
   endfacet
   facet normal 4.551814e-01 0.000000e+00 -8.903987e-01
      outer loop
         vertex 3.824314e+01 2.500000e+00 1.340132e+01
         vertex 3.824314e+01 0.000000e+00 1.340132e+01
         vertex 3.794262e+01 2.500000e+00 1.324769e+01
      endloop
   endfacet
   facet normal 4.551814e-01 0.000000e+00 -8.903987e-01
      outer loop
         vertex 3.794262e+01 2.500000e+00 1.324769e+01
         vertex 3.824314e+01 0.000000e+00 1.340132e+01
         vertex 3.794262e+01 0.000000e+00 1.324769e+01
      endloop
   endfacet
   facet normal 5.984253e-01 0.000000e+00 -8.011786e-01
      outer loop
         vertex 3.794262e+01 2.500000e+00 1.324769e+01
         vertex 3.794262e+01 0.000000e+00 1.324769e+01
         vertex 3.767222e+01 2.500000e+00 1.304571e+01
      endloop
   endfacet
   facet normal 5.984253e-01 0.000000e+00 -8.011786e-01
      outer loop
         vertex 3.767222e+01 2.500000e+00 1.304571e+01
         vertex 3.794262e+01 0.000000e+00 1.324769e+01
         vertex 3.767222e+01 0.000000e+00 1.304571e+01
      endloop
   endfacet
   facet normal 7.246243e-01 0.000000e+00 -6.891442e-01
      outer loop
         vertex 3.767222e+01 2.500000e+00 1.304571e+01
         vertex 3.767222e+01 0.000000e+00 1.304571e+01
         vertex 3.743962e+01 2.500000e+00 1.280114e+01
      endloop
   endfacet
   facet normal 7.246243e-01 0.000000e+00 -6.891442e-01
      outer loop
         vertex 3.743962e+01 2.500000e+00 1.280114e+01
         vertex 3.767222e+01 0.000000e+00 1.304571e+01
         vertex 3.743962e+01 0.000000e+00 1.280114e+01
      endloop
   endfacet
   facet normal 8.301900e-01 0.000000e+00 -5.574806e-01
      outer loop
         vertex 3.743962e+01 2.500000e+00 1.280114e+01
         vertex 3.743962e+01 0.000000e+00 1.280114e+01
         vertex 3.725147e+01 2.500000e+00 1.252094e+01
      endloop
   endfacet
   facet normal 8.301900e-01 0.000000e+00 -5.574806e-01
      outer loop
         vertex 3.725147e+01 2.500000e+00 1.252094e+01
         vertex 3.743962e+01 0.000000e+00 1.280114e+01
         vertex 3.725147e+01 0.000000e+00 1.252094e+01
      endloop
   endfacet
   facet normal 9.121109e-01 0.000000e+00 -4.099436e-01
      outer loop
         vertex 3.725147e+01 2.500000e+00 1.252094e+01
         vertex 3.725147e+01 0.000000e+00 1.252094e+01
         vertex 3.711311e+01 2.500000e+00 1.221310e+01
      endloop
   endfacet
   facet normal 9.121109e-01 0.000000e+00 -4.099436e-01
      outer loop
         vertex 3.711311e+01 2.500000e+00 1.221310e+01
         vertex 3.725147e+01 0.000000e+00 1.252094e+01
         vertex 3.711311e+01 0.000000e+00 1.221310e+01
      endloop
   endfacet
   facet normal 9.680568e-01 0.000000e+00 -2.507311e-01
      outer loop
         vertex 3.711311e+01 2.500000e+00 1.221310e+01
         vertex 3.711311e+01 0.000000e+00 1.221310e+01
         vertex 3.702848e+01 2.500000e+00 1.188637e+01
      endloop
   endfacet
   facet normal 9.680568e-01 0.000000e+00 -2.507311e-01
      outer loop
         vertex 3.702848e+01 2.500000e+00 1.188637e+01
         vertex 3.711311e+01 0.000000e+00 1.221310e+01
         vertex 3.702848e+01 0.000000e+00 1.188637e+01
      endloop
   endfacet
   facet normal 9.964338e-01 0.000000e+00 -8.437836e-02
      outer loop
         vertex 3.702848e+01 2.500000e+00 1.188637e+01
         vertex 3.702848e+01 0.000000e+00 1.188637e+01
         vertex 3.700000e+01 2.500000e+00 1.155006e+01
      endloop
   endfacet
   facet normal 9.964338e-01 0.000000e+00 -8.437836e-02
      outer loop
         vertex 3.700000e+01 2.500000e+00 1.155006e+01
         vertex 3.702848e+01 0.000000e+00 1.188637e+01
         vertex 3.700000e+01 0.000000e+00 1.155006e+01
      endloop
   endfacet
   facet normal 1.000000e+00 0.000000e+00 0.000000e+00
      outer loop
         vertex 3.700000e+01 0.000000e+00 6.450048e+00
         vertex 3.700000e+01 2.500000e+00 6.450048e+00
         vertex 3.700000e+01 0.000000e+00 1.155006e+01
      endloop
   endfacet
   facet normal 1.000000e+00 -0.000000e+00 0.000000e+00
      outer loop
         vertex 3.700000e+01 0.000000e+00 1.155006e+01
         vertex 3.700000e+01 2.500000e+00 6.450048e+00
         vertex 3.700000e+01 2.500000e+00 1.155006e+01
      endloop
   endfacet
   facet normal 9.968367e-01 0.000000e+00 7.947640e-02
      outer loop
         vertex 3.700000e+01 2.500000e+00 6.450048e+00
         vertex 3.700000e+01 0.000000e+00 6.450048e+00
         vertex 3.702527e+01 2.500000e+00 6.133147e+00
      endloop
   endfacet
   facet normal 9.968367e-01 0.000000e+00 7.947640e-02
      outer loop
         vertex 3.702527e+01 2.500000e+00 6.133147e+00
         vertex 3.700000e+01 0.000000e+00 6.450048e+00
         vertex 3.702527e+01 0.000000e+00 6.133147e+00
      endloop
   endfacet
   facet normal 9.716506e-01 0.000000e+00 2.364215e-01
      outer loop
         vertex 3.702527e+01 2.500000e+00 6.133147e+00
         vertex 3.702527e+01 0.000000e+00 6.133147e+00
         vertex 3.710043e+01 2.500000e+00 5.824253e+00
      endloop
   endfacet
   facet normal 9.716506e-01 0.000000e+00 2.364215e-01
      outer loop
         vertex 3.710043e+01 2.500000e+00 5.824253e+00
         vertex 3.702527e+01 0.000000e+00 6.133147e+00
         vertex 3.710043e+01 0.000000e+00 5.824253e+00
      endloop
   endfacet
   facet normal 9.219150e-01 0.000000e+00 3.873923e-01
      outer loop
         vertex 3.710043e+01 2.500000e+00 5.824253e+00
         vertex 3.710043e+01 0.000000e+00 5.824253e+00
         vertex 3.722358e+01 2.500000e+00 5.531169e+00
      endloop
   endfacet
   facet normal 9.219150e-01 0.000000e+00 3.873923e-01
      outer loop
         vertex 3.722358e+01 2.500000e+00 5.531169e+00
         vertex 3.710043e+01 0.000000e+00 5.824253e+00
         vertex 3.722358e+01 0.000000e+00 5.531169e+00
      endloop
   endfacet
   facet normal 8.488849e-01 0.000000e+00 5.285778e-01
      outer loop
         vertex 3.722358e+01 2.500000e+00 5.531169e+00
         vertex 3.722358e+01 0.000000e+00 5.531169e+00
         vertex 3.739162e+01 2.500000e+00 5.261304e+00
      endloop
   endfacet
   facet normal 8.488849e-01 0.000000e+00 5.285778e-01
      outer loop
         vertex 3.739162e+01 2.500000e+00 5.261304e+00
         vertex 3.722358e+01 0.000000e+00 5.531169e+00
         vertex 3.739162e+01 0.000000e+00 5.261304e+00
      endloop
   endfacet
   facet normal 7.544074e-01 0.000000e+00 6.564065e-01
      outer loop
         vertex 3.739162e+01 2.500000e+00 5.261304e+00
         vertex 3.739162e+01 0.000000e+00 5.261304e+00
         vertex 3.760030e+01 2.500000e+00 5.021473e+00
      endloop
   endfacet
   facet normal 7.544074e-01 0.000000e+00 6.564065e-01
      outer loop
         vertex 3.760030e+01 2.500000e+00 5.021473e+00
         vertex 3.739162e+01 0.000000e+00 5.261304e+00
         vertex 3.760030e+01 0.000000e+00 5.021473e+00
      endloop
   endfacet
   facet normal 6.408689e-01 0.000000e+00 7.676504e-01
      outer loop
         vertex 3.760030e+01 2.500000e+00 5.021473e+00
         vertex 3.760030e+01 0.000000e+00 5.021473e+00
         vertex 3.784434e+01 2.500000e+00 4.817737e+00
      endloop
   endfacet
   facet normal 6.408689e-01 0.000000e+00 7.676504e-01
      outer loop
         vertex 3.784434e+01 2.500000e+00 4.817737e+00
         vertex 3.760030e+01 0.000000e+00 5.021473e+00
         vertex 3.784434e+01 0.000000e+00 4.817737e+00
      endloop
   endfacet
   facet normal 5.111417e-01 0.000000e+00 8.594965e-01
      outer loop
         vertex 3.784434e+01 2.500000e+00 4.817737e+00
         vertex 3.784434e+01 0.000000e+00 4.817737e+00
         vertex 3.811758e+01 2.500000e+00 4.655242e+00
      endloop
   endfacet
   facet normal 5.111417e-01 0.000000e+00 8.594965e-01
      outer loop
         vertex 3.811758e+01 2.500000e+00 4.655242e+00
         vertex 3.784434e+01 0.000000e+00 4.817737e+00
         vertex 3.811758e+01 0.000000e+00 4.655242e+00
      endloop
   endfacet
   facet normal 3.684962e-01 0.000000e+00 9.296293e-01
      outer loop
         vertex 3.811758e+01 2.500000e+00 4.655242e+00
         vertex 3.811758e+01 0.000000e+00 4.655242e+00
         vertex 3.841311e+01 2.500000e+00 4.538095e+00
      endloop
   endfacet
   facet normal 3.684962e-01 0.000000e+00 9.296293e-01
      outer loop
         vertex 3.841311e+01 2.500000e+00 4.538095e+00
         vertex 3.811758e+01 0.000000e+00 4.655242e+00
         vertex 3.841311e+01 0.000000e+00 4.538095e+00
      endloop
   endfacet
   facet normal 2.165350e-01 0.000000e+00 9.762749e-01
      outer loop
         vertex 3.841311e+01 2.500000e+00 4.538095e+00
         vertex 3.841311e+01 0.000000e+00 4.538095e+00
         vertex 3.872348e+01 2.500000e+00 4.469257e+00
      endloop
   endfacet
   facet normal 2.165350e-01 0.000000e+00 9.762749e-01
      outer loop
         vertex 3.872348e+01 2.500000e+00 4.469257e+00
         vertex 3.841311e+01 0.000000e+00 4.538095e+00
         vertex 3.872348e+01 0.000000e+00 4.469257e+00
      endloop
   endfacet
   facet normal 5.911245e-02 0.000000e+00 9.982513e-01
      outer loop
         vertex 3.872348e+01 2.500000e+00 4.469257e+00
         vertex 3.872348e+01 0.000000e+00 4.469257e+00
         vertex 3.904083e+01 2.500000e+00 4.450465e+00
      endloop
   endfacet
   facet normal 5.911245e-02 0.000000e+00 9.982513e-01
      outer loop
         vertex 3.904083e+01 2.500000e+00 4.450465e+00
         vertex 3.872348e+01 0.000000e+00 4.469257e+00
         vertex 3.904083e+01 0.000000e+00 4.450465e+00
      endloop
   endfacet
   facet normal -9.980392e-02 0.000000e+00 9.950071e-01
      outer loop
         vertex 3.904083e+01 2.500000e+00 4.450465e+00
         vertex 3.904083e+01 0.000000e+00 4.450465e+00
         vertex 3.935714e+01 2.500000e+00 4.482193e+00
      endloop
   endfacet
   facet normal -9.980392e-02 0.000000e+00 9.950071e-01
      outer loop
         vertex 3.935714e+01 2.500000e+00 4.482193e+00
         vertex 3.904083e+01 0.000000e+00 4.450465e+00
         vertex 3.935714e+01 0.000000e+00 4.482193e+00
      endloop
   endfacet
   facet normal -9.726043e-01 0.000000e+00 2.324668e-01
      outer loop
         vertex 6.351781e+01 0.000000e+00 2.864286e+01
         vertex 6.351781e+01 2.500000e+00 2.864286e+01
         vertex 6.274996e+01 0.000000e+00 2.543031e+01
      endloop
   endfacet
   facet normal -9.726043e-01 0.000000e+00 2.324668e-01
      outer loop
         vertex 6.274996e+01 0.000000e+00 2.543031e+01
         vertex 6.351781e+01 2.500000e+00 2.864286e+01
         vertex 6.274996e+01 2.500000e+00 2.543031e+01
      endloop
   endfacet
   facet normal -9.411533e-01 0.000000e+00 3.379799e-01
      outer loop
         vertex 6.274996e+01 0.000000e+00 2.543031e+01
         vertex 6.274996e+01 2.500000e+00 2.543031e+01
         vertex 6.163360e+01 0.000000e+00 2.232164e+01
      endloop
   endfacet
   facet normal -9.411533e-01 0.000000e+00 3.379799e-01
      outer loop
         vertex 6.163360e+01 0.000000e+00 2.232164e+01
         vertex 6.274996e+01 2.500000e+00 2.543031e+01
         vertex 6.163360e+01 2.500000e+00 2.232164e+01
      endloop
   endfacet
   facet normal -8.982931e-01 0.000000e+00 4.393967e-01
      outer loop
         vertex 6.163360e+01 0.000000e+00 2.232164e+01
         vertex 6.163360e+01 2.500000e+00 2.232164e+01
         vertex 6.018226e+01 0.000000e+00 1.935454e+01
      endloop
   endfacet
   facet normal -8.982931e-01 0.000000e+00 4.393967e-01
      outer loop
         vertex 6.018226e+01 0.000000e+00 1.935454e+01
         vertex 6.163360e+01 2.500000e+00 2.232164e+01
         vertex 6.018226e+01 2.500000e+00 1.935454e+01
      endloop
   endfacet
   facet normal -8.445434e-01 0.000000e+00 5.354872e-01
      outer loop
         vertex 6.018226e+01 0.000000e+00 1.935454e+01
         vertex 6.018226e+01 2.500000e+00 1.935454e+01
         vertex 5.841352e+01 0.000000e+00 1.656498e+01
      endloop
   endfacet
   facet normal -8.445434e-01 0.000000e+00 5.354872e-01
      outer loop
         vertex 5.841352e+01 0.000000e+00 1.656498e+01
         vertex 6.018226e+01 2.500000e+00 1.935454e+01
         vertex 5.841352e+01 2.500000e+00 1.656498e+01
      endloop
   endfacet
   facet normal -7.805564e-01 0.000000e+00 6.250853e-01
      outer loop
         vertex 5.841352e+01 0.000000e+00 1.656498e+01
         vertex 5.841352e+01 2.500000e+00 1.656498e+01
         vertex 5.634884e+01 0.000000e+00 1.398677e+01
      endloop
   endfacet
   facet normal -7.805564e-01 0.000000e+00 6.250853e-01
      outer loop
         vertex 5.634884e+01 0.000000e+00 1.398677e+01
         vertex 5.841352e+01 2.500000e+00 1.656498e+01
         vertex 5.634884e+01 2.500000e+00 1.398677e+01
      endloop
   endfacet
   facet normal -7.071068e-01 0.000000e+00 7.071068e-01
      outer loop
         vertex 5.634884e+01 0.000000e+00 1.398677e+01
         vertex 5.634884e+01 2.500000e+00 1.398677e+01
         vertex 5.401324e+01 0.000000e+00 1.165117e+01
      endloop
   endfacet
   facet normal -7.071068e-01 0.000000e+00 7.071068e-01
      outer loop
         vertex 5.401324e+01 0.000000e+00 1.165117e+01
         vertex 5.634884e+01 2.500000e+00 1.398677e+01
         vertex 5.401324e+01 2.500000e+00 1.165117e+01
      endloop
   endfacet
   facet normal -6.250853e-01 0.000000e+00 7.805564e-01
      outer loop
         vertex 5.401324e+01 0.000000e+00 1.165117e+01
         vertex 5.401324e+01 2.500000e+00 1.165117e+01
         vertex 5.143503e+01 0.000000e+00 9.586483e+00
      endloop
   endfacet
   facet normal -6.250853e-01 0.000000e+00 7.805564e-01
      outer loop
         vertex 5.143503e+01 0.000000e+00 9.586483e+00
         vertex 5.401324e+01 2.500000e+00 1.165117e+01
         vertex 5.143503e+01 2.500000e+00 9.586483e+00
      endloop
   endfacet
   facet normal -5.354872e-01 0.000000e+00 8.445434e-01
      outer loop
         vertex 5.143503e+01 0.000000e+00 9.586483e+00
         vertex 5.143503e+01 2.500000e+00 9.586483e+00
         vertex 4.864546e+01 0.000000e+00 7.817747e+00
      endloop
   endfacet
   facet normal -5.354872e-01 0.000000e+00 8.445434e-01
      outer loop
         vertex 4.864546e+01 0.000000e+00 7.817747e+00
         vertex 5.143503e+01 2.500000e+00 9.586483e+00
         vertex 4.864546e+01 2.500000e+00 7.817747e+00
      endloop
   endfacet
   facet normal -4.393967e-01 0.000000e+00 8.982931e-01
      outer loop
         vertex 4.864546e+01 0.000000e+00 7.817747e+00
         vertex 4.864546e+01 2.500000e+00 7.817747e+00
         vertex 4.567837e+01 0.000000e+00 6.366402e+00
      endloop
   endfacet
   facet normal -4.393967e-01 0.000000e+00 8.982931e-01
      outer loop
         vertex 4.567837e+01 0.000000e+00 6.366402e+00
         vertex 4.864546e+01 2.500000e+00 7.817747e+00
         vertex 4.567837e+01 2.500000e+00 6.366402e+00
      endloop
   endfacet
   facet normal -3.379799e-01 0.000000e+00 9.411533e-01
      outer loop
         vertex 4.567837e+01 0.000000e+00 6.366402e+00
         vertex 4.567837e+01 2.500000e+00 6.366402e+00
         vertex 4.256970e+01 0.000000e+00 5.250040e+00
      endloop
   endfacet
   facet normal -3.379799e-01 0.000000e+00 9.411533e-01
      outer loop
         vertex 4.256970e+01 0.000000e+00 5.250040e+00
         vertex 4.567837e+01 2.500000e+00 6.366402e+00
         vertex 4.256970e+01 2.500000e+00 5.250040e+00
      endloop
   endfacet
   facet normal -2.324668e-01 0.000000e+00 9.726043e-01
      outer loop
         vertex 4.256970e+01 0.000000e+00 5.250040e+00
         vertex 4.256970e+01 2.500000e+00 5.250040e+00
         vertex 3.935714e+01 0.000000e+00 4.482193e+00
      endloop
   endfacet
   facet normal -2.324668e-01 0.000000e+00 9.726043e-01
      outer loop
         vertex 3.935714e+01 0.000000e+00 4.482193e+00
         vertex 4.256970e+01 2.500000e+00 5.250040e+00
         vertex 3.935714e+01 2.500000e+00 4.482193e+00
      endloop
   endfacet
   facet normal -9.950071e-01 0.000000e+00 9.980392e-02
      outer loop
         vertex 6.351781e+01 2.500000e+00 2.864286e+01
         vertex 6.351781e+01 0.000000e+00 2.864286e+01
         vertex 6.354954e+01 2.500000e+00 2.895918e+01
      endloop
   endfacet
   facet normal -9.950071e-01 0.000000e+00 9.980392e-02
      outer loop
         vertex 6.354954e+01 2.500000e+00 2.895918e+01
         vertex 6.351781e+01 0.000000e+00 2.864286e+01
         vertex 6.354954e+01 0.000000e+00 2.895918e+01
      endloop
   endfacet
   facet normal -9.982513e-01 -0.000000e+00 -5.911245e-02
      outer loop
         vertex 6.354954e+01 2.500000e+00 2.895918e+01
         vertex 6.354954e+01 0.000000e+00 2.895918e+01
         vertex 6.353075e+01 2.500000e+00 2.927653e+01
      endloop
   endfacet
   facet normal -9.982513e-01 -0.000000e+00 -5.911245e-02
      outer loop
         vertex 6.353075e+01 2.500000e+00 2.927653e+01
         vertex 6.354954e+01 0.000000e+00 2.895918e+01
         vertex 6.353075e+01 0.000000e+00 2.927653e+01
      endloop
   endfacet
   facet normal -9.762749e-01 -0.000000e+00 -2.165350e-01
      outer loop
         vertex 6.353075e+01 2.500000e+00 2.927653e+01
         vertex 6.353075e+01 0.000000e+00 2.927653e+01
         vertex 6.346191e+01 2.500000e+00 2.958689e+01
      endloop
   endfacet
   facet normal -9.762749e-01 -0.000000e+00 -2.165350e-01
      outer loop
         vertex 6.346191e+01 2.500000e+00 2.958689e+01
         vertex 6.353075e+01 0.000000e+00 2.927653e+01
         vertex 6.346191e+01 0.000000e+00 2.958689e+01
      endloop
   endfacet
   facet normal -9.296293e-01 -0.000000e+00 -3.684962e-01
      outer loop
         vertex 6.346191e+01 2.500000e+00 2.958689e+01
         vertex 6.346191e+01 0.000000e+00 2.958689e+01
         vertex 6.334476e+01 2.500000e+00 2.988243e+01
      endloop
   endfacet
   facet normal -9.296293e-01 -0.000000e+00 -3.684962e-01
      outer loop
         vertex 6.334476e+01 2.500000e+00 2.988243e+01
         vertex 6.346191e+01 0.000000e+00 2.958689e+01
         vertex 6.334476e+01 0.000000e+00 2.988243e+01
      endloop
   endfacet
   facet normal -8.594965e-01 -0.000000e+00 -5.111417e-01
      outer loop
         vertex 6.334476e+01 2.500000e+00 2.988243e+01
         vertex 6.334476e+01 0.000000e+00 2.988243e+01
         vertex 6.318227e+01 2.500000e+00 3.015567e+01
      endloop
   endfacet
   facet normal -8.594965e-01 -0.000000e+00 -5.111417e-01
      outer loop
         vertex 6.318227e+01 2.500000e+00 3.015567e+01
         vertex 6.334476e+01 0.000000e+00 2.988243e+01
         vertex 6.318227e+01 0.000000e+00 3.015567e+01
      endloop
   endfacet
   facet normal -7.676504e-01 -0.000000e+00 -6.408689e-01
      outer loop
         vertex 6.318227e+01 2.500000e+00 3.015567e+01
         vertex 6.318227e+01 0.000000e+00 3.015567e+01
         vertex 6.297853e+01 2.500000e+00 3.039971e+01
      endloop
   endfacet
   facet normal -7.676504e-01 -0.000000e+00 -6.408689e-01
      outer loop
         vertex 6.297853e+01 2.500000e+00 3.039971e+01
         vertex 6.318227e+01 0.000000e+00 3.015567e+01
         vertex 6.297853e+01 0.000000e+00 3.039971e+01
      endloop
   endfacet
   facet normal -6.564065e-01 -0.000000e+00 -7.544074e-01
      outer loop
         vertex 6.297853e+01 2.500000e+00 3.039971e+01
         vertex 6.297853e+01 0.000000e+00 3.039971e+01
         vertex 6.273870e+01 2.500000e+00 3.060838e+01
      endloop
   endfacet
   facet normal -6.564065e-01 -0.000000e+00 -7.544074e-01
      outer loop
         vertex 6.273870e+01 2.500000e+00 3.060838e+01
         vertex 6.297853e+01 0.000000e+00 3.039971e+01
         vertex 6.273870e+01 0.000000e+00 3.060838e+01
      endloop
   endfacet
   facet normal -5.285778e-01 -0.000000e+00 -8.488849e-01
      outer loop
         vertex 6.273870e+01 2.500000e+00 3.060838e+01
         vertex 6.273870e+01 0.000000e+00 3.060838e+01
         vertex 6.246883e+01 2.500000e+00 3.077642e+01
      endloop
   endfacet
   facet normal -5.285778e-01 -0.000000e+00 -8.488849e-01
      outer loop
         vertex 6.246883e+01 2.500000e+00 3.077642e+01
         vertex 6.273870e+01 0.000000e+00 3.060838e+01
         vertex 6.246883e+01 0.000000e+00 3.077642e+01
      endloop
   endfacet
   facet normal -3.873923e-01 -0.000000e+00 -9.219150e-01
      outer loop
         vertex 6.246883e+01 2.500000e+00 3.077642e+01
         vertex 6.246883e+01 0.000000e+00 3.077642e+01
         vertex 6.217575e+01 2.500000e+00 3.089958e+01
      endloop
   endfacet
   facet normal -3.873923e-01 -0.000000e+00 -9.219150e-01
      outer loop
         vertex 6.217575e+01 2.500000e+00 3.089958e+01
         vertex 6.246883e+01 0.000000e+00 3.077642e+01
         vertex 6.217575e+01 0.000000e+00 3.089958e+01
      endloop
   endfacet
   facet normal -2.364215e-01 -0.000000e+00 -9.716506e-01
      outer loop
         vertex 6.217575e+01 2.500000e+00 3.089958e+01
         vertex 6.217575e+01 0.000000e+00 3.089958e+01
         vertex 6.186686e+01 2.500000e+00 3.097474e+01
      endloop
   endfacet
   facet normal -2.364215e-01 -0.000000e+00 -9.716506e-01
      outer loop
         vertex 6.186686e+01 2.500000e+00 3.097474e+01
         vertex 6.217575e+01 0.000000e+00 3.089958e+01
         vertex 6.186686e+01 0.000000e+00 3.097474e+01
      endloop
   endfacet
   facet normal -7.947640e-02 -0.000000e+00 -9.968367e-01
      outer loop
         vertex 6.186686e+01 2.500000e+00 3.097474e+01
         vertex 6.186686e+01 0.000000e+00 3.097474e+01
         vertex 6.154996e+01 2.500000e+00 3.100000e+01
      endloop
   endfacet
   facet normal -7.947640e-02 -0.000000e+00 -9.968367e-01
      outer loop
         vertex 6.154996e+01 2.500000e+00 3.100000e+01
         vertex 6.186686e+01 0.000000e+00 3.097474e+01
         vertex 6.154996e+01 0.000000e+00 3.100000e+01
      endloop
   endfacet
   facet normal 0.000000e+00 0.000000e+00 -1.000000e+00
      outer loop
         vertex 5.644995e+01 0.000000e+00 3.100000e+01
         vertex 5.644995e+01 2.500000e+00 3.100000e+01
         vertex 6.154996e+01 0.000000e+00 3.100000e+01
      endloop
   endfacet
   facet normal 0.000000e+00 0.000000e+00 -1.000000e+00
      outer loop
         vertex 6.154996e+01 0.000000e+00 3.100000e+01
         vertex 5.644995e+01 2.500000e+00 3.100000e+01
         vertex 6.154996e+01 2.500000e+00 3.100000e+01
      endloop
   endfacet
   facet normal 8.437836e-02 0.000000e+00 -9.964338e-01
      outer loop
         vertex 5.644995e+01 2.500000e+00 3.100000e+01
         vertex 5.644995e+01 0.000000e+00 3.100000e+01
         vertex 5.611364e+01 2.500000e+00 3.097152e+01
      endloop
   endfacet
   facet normal 8.437836e-02 0.000000e+00 -9.964338e-01
      outer loop
         vertex 5.611364e+01 2.500000e+00 3.097152e+01
         vertex 5.644995e+01 0.000000e+00 3.100000e+01
         vertex 5.611364e+01 0.000000e+00 3.097152e+01
      endloop
   endfacet
   facet normal 2.507311e-01 0.000000e+00 -9.680568e-01
      outer loop
         vertex 5.611364e+01 2.500000e+00 3.097152e+01
         vertex 5.611364e+01 0.000000e+00 3.097152e+01
         vertex 5.578691e+01 2.500000e+00 3.088690e+01
      endloop
   endfacet
   facet normal 2.507311e-01 0.000000e+00 -9.680568e-01
      outer loop
         vertex 5.578691e+01 2.500000e+00 3.088690e+01
         vertex 5.611364e+01 0.000000e+00 3.097152e+01
         vertex 5.578691e+01 0.000000e+00 3.088690e+01
      endloop
   endfacet
   facet normal 4.099436e-01 0.000000e+00 -9.121109e-01
      outer loop
         vertex 5.578691e+01 2.500000e+00 3.088690e+01
         vertex 5.578691e+01 0.000000e+00 3.088690e+01
         vertex 5.547906e+01 2.500000e+00 3.074854e+01
      endloop
   endfacet
   facet normal 4.099436e-01 0.000000e+00 -9.121109e-01
      outer loop
         vertex 5.547906e+01 2.500000e+00 3.074854e+01
         vertex 5.578691e+01 0.000000e+00 3.088690e+01
         vertex 5.547906e+01 0.000000e+00 3.074854e+01
      endloop
   endfacet
   facet normal 5.574806e-01 0.000000e+00 -8.301900e-01
      outer loop
         vertex 5.547906e+01 2.500000e+00 3.074854e+01
         vertex 5.547906e+01 0.000000e+00 3.074854e+01
         vertex 5.519886e+01 2.500000e+00 3.056038e+01
      endloop
   endfacet
   facet normal 5.574806e-01 0.000000e+00 -8.301900e-01
      outer loop
         vertex 5.519886e+01 2.500000e+00 3.056038e+01
         vertex 5.547906e+01 0.000000e+00 3.074854e+01
         vertex 5.519886e+01 0.000000e+00 3.056038e+01
      endloop
   endfacet
   facet normal 6.891442e-01 0.000000e+00 -7.246243e-01
      outer loop
         vertex 5.519886e+01 2.500000e+00 3.056038e+01
         vertex 5.519886e+01 0.000000e+00 3.056038e+01
         vertex 5.495429e+01 2.500000e+00 3.032779e+01
      endloop
   endfacet
   facet normal 6.891442e-01 0.000000e+00 -7.246243e-01
      outer loop
         vertex 5.495429e+01 2.500000e+00 3.032779e+01
         vertex 5.519886e+01 0.000000e+00 3.056038e+01
         vertex 5.495429e+01 0.000000e+00 3.032779e+01
      endloop
   endfacet
   facet normal 8.011786e-01 0.000000e+00 -5.984253e-01
      outer loop
         vertex 5.495429e+01 2.500000e+00 3.032779e+01
         vertex 5.495429e+01 0.000000e+00 3.032779e+01
         vertex 5.475231e+01 2.500000e+00 3.005738e+01
      endloop
   endfacet
   facet normal 8.011786e-01 0.000000e+00 -5.984253e-01
      outer loop
         vertex 5.475231e+01 2.500000e+00 3.005738e+01
         vertex 5.495429e+01 0.000000e+00 3.032779e+01
         vertex 5.475231e+01 0.000000e+00 3.005738e+01
      endloop
   endfacet
   facet normal 8.903987e-01 0.000000e+00 -4.551814e-01
      outer loop
         vertex 5.475231e+01 2.500000e+00 3.005738e+01
         vertex 5.475231e+01 0.000000e+00 3.005738e+01
         vertex 5.459869e+01 2.500000e+00 2.975686e+01
      endloop
   endfacet
   facet normal 8.903987e-01 0.000000e+00 -4.551814e-01
      outer loop
         vertex 5.459869e+01 2.500000e+00 2.975686e+01
         vertex 5.475231e+01 0.000000e+00 3.005738e+01
         vertex 5.459869e+01 0.000000e+00 2.975686e+01
      endloop
   endfacet
   facet normal 9.542600e-01 0.000000e+00 -2.989780e-01
      outer loop
         vertex 5.459869e+01 2.500000e+00 2.975686e+01
         vertex 5.459869e+01 0.000000e+00 2.975686e+01
         vertex 5.449778e+01 2.500000e+00 2.943478e+01
      endloop
   endfacet
   facet normal 9.542600e-01 0.000000e+00 -2.989780e-01
      outer loop
         vertex 5.449778e+01 2.500000e+00 2.943478e+01
         vertex 5.459869e+01 0.000000e+00 2.975686e+01
         vertex 5.449778e+01 0.000000e+00 2.943478e+01
      endloop
   endfacet
   facet normal -9.582658e-01 0.000000e+00 -2.858787e-01
      outer loop
         vertex 1.350223e+01 0.000000e+00 2.943478e+01
         vertex 1.350223e+01 2.500000e+00 2.943478e+01
         vertex 1.435139e+01 2.500000e+00 2.658838e+01
      endloop
   endfacet
   facet normal -9.582658e-01 0.000000e+00 -2.858787e-01
      outer loop
         vertex 1.350223e+01 0.000000e+00 2.943478e+01
         vertex 1.435139e+01 2.500000e+00 2.658838e+01
         vertex 1.435139e+01 0.000000e+00 2.658838e+01
      endloop
   endfacet
   facet normal -9.083447e-01 0.000000e+00 -4.182224e-01
      outer loop
         vertex 1.435139e+01 0.000000e+00 2.658838e+01
         vertex 1.435139e+01 2.500000e+00 2.658838e+01
         vertex 1.559367e+01 2.500000e+00 2.389026e+01
      endloop
   endfacet
   facet normal -9.083447e-01 0.000000e+00 -4.182224e-01
      outer loop
         vertex 1.435139e+01 0.000000e+00 2.658838e+01
         vertex 1.559367e+01 2.500000e+00 2.389026e+01
         vertex 1.559367e+01 0.000000e+00 2.389026e+01
      endloop
   endfacet
   facet normal -8.402504e-01 0.000000e+00 -5.421985e-01
      outer loop
         vertex 1.559367e+01 0.000000e+00 2.389026e+01
         vertex 1.559367e+01 2.500000e+00 2.389026e+01
         vertex 1.720420e+01 2.500000e+00 2.139441e+01
      endloop
   endfacet
   facet normal -8.402504e-01 0.000000e+00 -5.421985e-01
      outer loop
         vertex 1.559367e+01 0.000000e+00 2.389026e+01
         vertex 1.720420e+01 2.500000e+00 2.139441e+01
         vertex 1.720420e+01 0.000000e+00 2.139441e+01
      endloop
   endfacet
   facet normal -7.553450e-01 0.000000e+00 -6.553274e-01
      outer loop
         vertex 1.720420e+01 0.000000e+00 2.139441e+01
         vertex 1.720420e+01 2.500000e+00 2.139441e+01
         vertex 1.915076e+01 2.500000e+00 1.915076e+01
      endloop
   endfacet
   facet normal -7.553450e-01 0.000000e+00 -6.553274e-01
      outer loop
         vertex 1.720420e+01 0.000000e+00 2.139441e+01
         vertex 1.915076e+01 2.500000e+00 1.915076e+01
         vertex 1.915076e+01 0.000000e+00 1.915076e+01
      endloop
   endfacet
   facet normal -6.553274e-01 0.000000e+00 -7.553450e-01
      outer loop
         vertex 1.915076e+01 0.000000e+00 1.915076e+01
         vertex 1.915076e+01 2.500000e+00 1.915076e+01
         vertex 2.139441e+01 2.500000e+00 1.720420e+01
      endloop
   endfacet
   facet normal -6.553274e-01 0.000000e+00 -7.553450e-01
      outer loop
         vertex 1.915076e+01 0.000000e+00 1.915076e+01
         vertex 2.139441e+01 2.500000e+00 1.720420e+01
         vertex 2.139441e+01 0.000000e+00 1.720420e+01
      endloop
   endfacet
   facet normal -5.421985e-01 0.000000e+00 -8.402504e-01
      outer loop
         vertex 2.139441e+01 0.000000e+00 1.720420e+01
         vertex 2.139441e+01 2.500000e+00 1.720420e+01
         vertex 2.389026e+01 2.500000e+00 1.559367e+01
      endloop
   endfacet
   facet normal -5.421985e-01 0.000000e+00 -8.402504e-01
      outer loop
         vertex 2.139441e+01 0.000000e+00 1.720420e+01
         vertex 2.389026e+01 2.500000e+00 1.559367e+01
         vertex 2.389026e+01 0.000000e+00 1.559367e+01
      endloop
   endfacet
   facet normal -4.182224e-01 0.000000e+00 -9.083447e-01
      outer loop
         vertex 2.389026e+01 0.000000e+00 1.559367e+01
         vertex 2.389026e+01 2.500000e+00 1.559367e+01
         vertex 2.658838e+01 2.500000e+00 1.435139e+01
      endloop
   endfacet
   facet normal -4.182224e-01 0.000000e+00 -9.083447e-01
      outer loop
         vertex 2.389026e+01 0.000000e+00 1.559367e+01
         vertex 2.658838e+01 2.500000e+00 1.435139e+01
         vertex 2.658838e+01 0.000000e+00 1.435139e+01
      endloop
   endfacet
   facet normal -2.858787e-01 0.000000e+00 -9.582658e-01
      outer loop
         vertex 2.658838e+01 0.000000e+00 1.435139e+01
         vertex 2.658838e+01 2.500000e+00 1.435139e+01
         vertex 2.943478e+01 2.500000e+00 1.350223e+01
      endloop
   endfacet
   facet normal -2.858787e-01 0.000000e+00 -9.582658e-01
      outer loop
         vertex 2.658838e+01 0.000000e+00 1.435139e+01
         vertex 2.943478e+01 2.500000e+00 1.350223e+01
         vertex 2.943478e+01 0.000000e+00 1.350223e+01
      endloop
   endfacet
   facet normal -9.542600e-01 -0.000000e+00 -2.989780e-01
      outer loop
         vertex 1.350223e+01 2.500000e+00 2.943478e+01
         vertex 1.350223e+01 0.000000e+00 2.943478e+01
         vertex 1.340132e+01 2.500000e+00 2.975686e+01
      endloop
   endfacet
   facet normal -9.542600e-01 -0.000000e+00 -2.989780e-01
      outer loop
         vertex 1.340132e+01 2.500000e+00 2.975686e+01
         vertex 1.350223e+01 0.000000e+00 2.943478e+01
         vertex 1.340132e+01 0.000000e+00 2.975686e+01
      endloop
   endfacet
   facet normal -8.903987e-01 -0.000000e+00 -4.551814e-01
      outer loop
         vertex 1.340132e+01 2.500000e+00 2.975686e+01
         vertex 1.340132e+01 0.000000e+00 2.975686e+01
         vertex 1.324769e+01 2.500000e+00 3.005738e+01
      endloop
   endfacet
   facet normal -8.903987e-01 -0.000000e+00 -4.551814e-01
      outer loop
         vertex 1.324769e+01 2.500000e+00 3.005738e+01
         vertex 1.340132e+01 0.000000e+00 2.975686e+01
         vertex 1.324769e+01 0.000000e+00 3.005738e+01
      endloop
   endfacet
   facet normal -8.011786e-01 -0.000000e+00 -5.984253e-01
      outer loop
         vertex 1.324769e+01 2.500000e+00 3.005738e+01
         vertex 1.324769e+01 0.000000e+00 3.005738e+01
         vertex 1.304571e+01 2.500000e+00 3.032779e+01
      endloop
   endfacet
   facet normal -8.011786e-01 -0.000000e+00 -5.984253e-01
      outer loop
         vertex 1.304571e+01 2.500000e+00 3.032779e+01
         vertex 1.324769e+01 0.000000e+00 3.005738e+01
         vertex 1.304571e+01 0.000000e+00 3.032779e+01
      endloop
   endfacet
   facet normal -6.891442e-01 -0.000000e+00 -7.246243e-01
      outer loop
         vertex 1.304571e+01 2.500000e+00 3.032779e+01
         vertex 1.304571e+01 0.000000e+00 3.032779e+01
         vertex 1.280114e+01 2.500000e+00 3.056038e+01
      endloop
   endfacet
   facet normal -6.891442e-01 -0.000000e+00 -7.246243e-01
      outer loop
         vertex 1.280114e+01 2.500000e+00 3.056038e+01
         vertex 1.304571e+01 0.000000e+00 3.032779e+01
         vertex 1.280114e+01 0.000000e+00 3.056038e+01
      endloop
   endfacet
   facet normal -5.574806e-01 -0.000000e+00 -8.301900e-01
      outer loop
         vertex 1.280114e+01 2.500000e+00 3.056038e+01
         vertex 1.280114e+01 0.000000e+00 3.056038e+01
         vertex 1.252094e+01 2.500000e+00 3.074854e+01
      endloop
   endfacet
   facet normal -5.574806e-01 -0.000000e+00 -8.301900e-01
      outer loop
         vertex 1.252094e+01 2.500000e+00 3.074854e+01
         vertex 1.280114e+01 0.000000e+00 3.056038e+01
         vertex 1.252094e+01 0.000000e+00 3.074854e+01
      endloop
   endfacet
   facet normal -4.099436e-01 -0.000000e+00 -9.121109e-01
      outer loop
         vertex 1.252094e+01 2.500000e+00 3.074854e+01
         vertex 1.252094e+01 0.000000e+00 3.074854e+01
         vertex 1.221310e+01 2.500000e+00 3.088690e+01
      endloop
   endfacet
   facet normal -4.099436e-01 -0.000000e+00 -9.121109e-01
      outer loop
         vertex 1.221310e+01 2.500000e+00 3.088690e+01
         vertex 1.252094e+01 0.000000e+00 3.074854e+01
         vertex 1.221310e+01 0.000000e+00 3.088690e+01
      endloop
   endfacet
   facet normal -2.507311e-01 -0.000000e+00 -9.680568e-01
      outer loop
         vertex 1.221310e+01 2.500000e+00 3.088690e+01
         vertex 1.221310e+01 0.000000e+00 3.088690e+01
         vertex 1.188637e+01 2.500000e+00 3.097152e+01
      endloop
   endfacet
   facet normal -2.507311e-01 -0.000000e+00 -9.680568e-01
      outer loop
         vertex 1.188637e+01 2.500000e+00 3.097152e+01
         vertex 1.221310e+01 0.000000e+00 3.088690e+01
         vertex 1.188637e+01 0.000000e+00 3.097152e+01
      endloop
   endfacet
   facet normal -8.437836e-02 -0.000000e+00 -9.964338e-01
      outer loop
         vertex 1.188637e+01 2.500000e+00 3.097152e+01
         vertex 1.188637e+01 0.000000e+00 3.097152e+01
         vertex 1.155006e+01 2.500000e+00 3.100000e+01
      endloop
   endfacet
   facet normal -8.437836e-02 -0.000000e+00 -9.964338e-01
      outer loop
         vertex 1.155006e+01 2.500000e+00 3.100000e+01
         vertex 1.188637e+01 0.000000e+00 3.097152e+01
         vertex 1.155006e+01 0.000000e+00 3.100000e+01
      endloop
   endfacet
   facet normal 0.000000e+00 0.000000e+00 -1.000000e+00
      outer loop
         vertex 6.450048e+00 0.000000e+00 3.100000e+01
         vertex 6.450048e+00 2.500000e+00 3.100000e+01
         vertex 1.155006e+01 0.000000e+00 3.100000e+01
      endloop
   endfacet
   facet normal 0.000000e+00 0.000000e+00 -1.000000e+00
      outer loop
         vertex 1.155006e+01 0.000000e+00 3.100000e+01
         vertex 6.450048e+00 2.500000e+00 3.100000e+01
         vertex 1.155006e+01 2.500000e+00 3.100000e+01
      endloop
   endfacet
   facet normal 7.947640e-02 0.000000e+00 -9.968367e-01
      outer loop
         vertex 6.450048e+00 2.500000e+00 3.100000e+01
         vertex 6.450048e+00 0.000000e+00 3.100000e+01
         vertex 6.133147e+00 2.500000e+00 3.097474e+01
      endloop
   endfacet
   facet normal 7.947640e-02 0.000000e+00 -9.968367e-01
      outer loop
         vertex 6.133147e+00 2.500000e+00 3.097474e+01
         vertex 6.450048e+00 0.000000e+00 3.100000e+01
         vertex 6.133147e+00 0.000000e+00 3.097474e+01
      endloop
   endfacet
   facet normal 2.364215e-01 0.000000e+00 -9.716506e-01
      outer loop
         vertex 6.133147e+00 2.500000e+00 3.097474e+01
         vertex 6.133147e+00 0.000000e+00 3.097474e+01
         vertex 5.824253e+00 2.500000e+00 3.089958e+01
      endloop
   endfacet
   facet normal 2.364215e-01 0.000000e+00 -9.716506e-01
      outer loop
         vertex 5.824253e+00 2.500000e+00 3.089958e+01
         vertex 6.133147e+00 0.000000e+00 3.097474e+01
         vertex 5.824253e+00 0.000000e+00 3.089958e+01
      endloop
   endfacet
   facet normal 3.873923e-01 0.000000e+00 -9.219150e-01
      outer loop
         vertex 5.824253e+00 2.500000e+00 3.089958e+01
         vertex 5.824253e+00 0.000000e+00 3.089958e+01
         vertex 5.531169e+00 2.500000e+00 3.077642e+01
      endloop
   endfacet
   facet normal 3.873923e-01 0.000000e+00 -9.219150e-01
      outer loop
         vertex 5.531169e+00 2.500000e+00 3.077642e+01
         vertex 5.824253e+00 0.000000e+00 3.089958e+01
         vertex 5.531169e+00 0.000000e+00 3.077642e+01
      endloop
   endfacet
   facet normal 5.285778e-01 0.000000e+00 -8.488849e-01
      outer loop
         vertex 5.531169e+00 2.500000e+00 3.077642e+01
         vertex 5.531169e+00 0.000000e+00 3.077642e+01
         vertex 5.261304e+00 2.500000e+00 3.060838e+01
      endloop
   endfacet
   facet normal 5.285778e-01 0.000000e+00 -8.488849e-01
      outer loop
         vertex 5.261304e+00 2.500000e+00 3.060838e+01
         vertex 5.531169e+00 0.000000e+00 3.077642e+01
         vertex 5.261304e+00 0.000000e+00 3.060838e+01
      endloop
   endfacet
   facet normal 6.564065e-01 0.000000e+00 -7.544074e-01
      outer loop
         vertex 5.261304e+00 2.500000e+00 3.060838e+01
         vertex 5.261304e+00 0.000000e+00 3.060838e+01
         vertex 5.021473e+00 2.500000e+00 3.039971e+01
      endloop
   endfacet
   facet normal 6.564065e-01 0.000000e+00 -7.544074e-01
      outer loop
         vertex 5.021473e+00 2.500000e+00 3.039971e+01
         vertex 5.261304e+00 0.000000e+00 3.060838e+01
         vertex 5.021473e+00 0.000000e+00 3.039971e+01
      endloop
   endfacet
   facet normal 7.676504e-01 0.000000e+00 -6.408689e-01
      outer loop
         vertex 5.021473e+00 2.500000e+00 3.039971e+01
         vertex 5.021473e+00 0.000000e+00 3.039971e+01
         vertex 4.817737e+00 2.500000e+00 3.015567e+01
      endloop
   endfacet
   facet normal 7.676504e-01 0.000000e+00 -6.408689e-01
      outer loop
         vertex 4.817737e+00 2.500000e+00 3.015567e+01
         vertex 5.021473e+00 0.000000e+00 3.039971e+01
         vertex 4.817737e+00 0.000000e+00 3.015567e+01
      endloop
   endfacet
   facet normal 8.594965e-01 0.000000e+00 -5.111417e-01
      outer loop
         vertex 4.817737e+00 2.500000e+00 3.015567e+01
         vertex 4.817737e+00 0.000000e+00 3.015567e+01
         vertex 4.655242e+00 2.500000e+00 2.988243e+01
      endloop
   endfacet
   facet normal 8.594965e-01 0.000000e+00 -5.111417e-01
      outer loop
         vertex 4.655242e+00 2.500000e+00 2.988243e+01
         vertex 4.817737e+00 0.000000e+00 3.015567e+01
         vertex 4.655242e+00 0.000000e+00 2.988243e+01
      endloop
   endfacet
   facet normal 9.296293e-01 0.000000e+00 -3.684962e-01
      outer loop
         vertex 4.655242e+00 2.500000e+00 2.988243e+01
         vertex 4.655242e+00 0.000000e+00 2.988243e+01
         vertex 4.538095e+00 2.500000e+00 2.958689e+01
      endloop
   endfacet
   facet normal 9.296293e-01 0.000000e+00 -3.684962e-01
      outer loop
         vertex 4.538095e+00 2.500000e+00 2.958689e+01
         vertex 4.655242e+00 0.000000e+00 2.988243e+01
         vertex 4.538095e+00 0.000000e+00 2.958689e+01
      endloop
   endfacet
   facet normal 9.762749e-01 0.000000e+00 -2.165350e-01
      outer loop
         vertex 4.538095e+00 2.500000e+00 2.958689e+01
         vertex 4.538095e+00 0.000000e+00 2.958689e+01
         vertex 4.469257e+00 2.500000e+00 2.927653e+01
      endloop
   endfacet
   facet normal 9.762749e-01 0.000000e+00 -2.165350e-01
      outer loop
         vertex 4.469257e+00 2.500000e+00 2.927653e+01
         vertex 4.538095e+00 0.000000e+00 2.958689e+01
         vertex 4.469257e+00 0.000000e+00 2.927653e+01
      endloop
   endfacet
   facet normal 9.982513e-01 0.000000e+00 -5.911245e-02
      outer loop
         vertex 4.469257e+00 2.500000e+00 2.927653e+01
         vertex 4.469257e+00 0.000000e+00 2.927653e+01
         vertex 4.450465e+00 2.500000e+00 2.895918e+01
      endloop
   endfacet
   facet normal 9.982513e-01 0.000000e+00 -5.911245e-02
      outer loop
         vertex 4.450465e+00 2.500000e+00 2.895918e+01
         vertex 4.469257e+00 0.000000e+00 2.927653e+01
         vertex 4.450465e+00 0.000000e+00 2.895918e+01
      endloop
   endfacet
   facet normal 9.950071e-01 0.000000e+00 9.980392e-02
      outer loop
         vertex 4.450465e+00 2.500000e+00 2.895918e+01
         vertex 4.450465e+00 0.000000e+00 2.895918e+01
         vertex 4.482193e+00 2.500000e+00 2.864286e+01
      endloop
   endfacet
   facet normal 9.950071e-01 0.000000e+00 9.980392e-02
      outer loop
         vertex 4.482193e+00 2.500000e+00 2.864286e+01
         vertex 4.450465e+00 0.000000e+00 2.895918e+01
         vertex 4.482193e+00 0.000000e+00 2.864286e+01
      endloop
   endfacet
   facet normal 2.324668e-01 -0.000000e+00 9.726043e-01
      outer loop
         vertex 2.864286e+01 0.000000e+00 4.482193e+00
         vertex 2.864286e+01 2.500000e+00 4.482193e+00
         vertex 2.543031e+01 0.000000e+00 5.250040e+00
      endloop
   endfacet
   facet normal 2.324668e-01 -0.000000e+00 9.726043e-01
      outer loop
         vertex 2.543031e+01 0.000000e+00 5.250040e+00
         vertex 2.864286e+01 2.500000e+00 4.482193e+00
         vertex 2.543031e+01 2.500000e+00 5.250040e+00
      endloop
   endfacet
   facet normal 3.379799e-01 -0.000000e+00 9.411533e-01
      outer loop
         vertex 2.543031e+01 0.000000e+00 5.250040e+00
         vertex 2.543031e+01 2.500000e+00 5.250040e+00
         vertex 2.232164e+01 0.000000e+00 6.366402e+00
      endloop
   endfacet
   facet normal 3.379799e-01 -0.000000e+00 9.411533e-01
      outer loop
         vertex 2.232164e+01 0.000000e+00 6.366402e+00
         vertex 2.543031e+01 2.500000e+00 5.250040e+00
         vertex 2.232164e+01 2.500000e+00 6.366402e+00
      endloop
   endfacet
   facet normal 4.393967e-01 -0.000000e+00 8.982931e-01
      outer loop
         vertex 2.232164e+01 0.000000e+00 6.366402e+00
         vertex 2.232164e+01 2.500000e+00 6.366402e+00
         vertex 1.935454e+01 0.000000e+00 7.817747e+00
      endloop
   endfacet
   facet normal 4.393967e-01 -0.000000e+00 8.982931e-01
      outer loop
         vertex 1.935454e+01 0.000000e+00 7.817747e+00
         vertex 2.232164e+01 2.500000e+00 6.366402e+00
         vertex 1.935454e+01 2.500000e+00 7.817747e+00
      endloop
   endfacet
   facet normal 5.354872e-01 -0.000000e+00 8.445434e-01
      outer loop
         vertex 1.935454e+01 0.000000e+00 7.817747e+00
         vertex 1.935454e+01 2.500000e+00 7.817747e+00
         vertex 1.656498e+01 0.000000e+00 9.586483e+00
      endloop
   endfacet
   facet normal 5.354872e-01 -0.000000e+00 8.445434e-01
      outer loop
         vertex 1.656498e+01 0.000000e+00 9.586483e+00
         vertex 1.935454e+01 2.500000e+00 7.817747e+00
         vertex 1.656498e+01 2.500000e+00 9.586483e+00
      endloop
   endfacet
   facet normal 6.250853e-01 -0.000000e+00 7.805564e-01
      outer loop
         vertex 1.656498e+01 0.000000e+00 9.586483e+00
         vertex 1.656498e+01 2.500000e+00 9.586483e+00
         vertex 1.398677e+01 0.000000e+00 1.165117e+01
      endloop
   endfacet
   facet normal 6.250853e-01 -0.000000e+00 7.805564e-01
      outer loop
         vertex 1.398677e+01 0.000000e+00 1.165117e+01
         vertex 1.656498e+01 2.500000e+00 9.586483e+00
         vertex 1.398677e+01 2.500000e+00 1.165117e+01
      endloop
   endfacet
   facet normal 7.071068e-01 -0.000000e+00 7.071068e-01
      outer loop
         vertex 1.398677e+01 0.000000e+00 1.165117e+01
         vertex 1.398677e+01 2.500000e+00 1.165117e+01
         vertex 1.165117e+01 0.000000e+00 1.398677e+01
      endloop
   endfacet
   facet normal 7.071068e-01 -0.000000e+00 7.071068e-01
      outer loop
         vertex 1.165117e+01 0.000000e+00 1.398677e+01
         vertex 1.398677e+01 2.500000e+00 1.165117e+01
         vertex 1.165117e+01 2.500000e+00 1.398677e+01
      endloop
   endfacet
   facet normal 7.805564e-01 -0.000000e+00 6.250853e-01
      outer loop
         vertex 1.165117e+01 0.000000e+00 1.398677e+01
         vertex 1.165117e+01 2.500000e+00 1.398677e+01
         vertex 9.586483e+00 0.000000e+00 1.656498e+01
      endloop
   endfacet
   facet normal 7.805564e-01 -0.000000e+00 6.250853e-01
      outer loop
         vertex 9.586483e+00 0.000000e+00 1.656498e+01
         vertex 1.165117e+01 2.500000e+00 1.398677e+01
         vertex 9.586483e+00 2.500000e+00 1.656498e+01
      endloop
   endfacet
   facet normal 8.445434e-01 -0.000000e+00 5.354872e-01
      outer loop
         vertex 9.586483e+00 0.000000e+00 1.656498e+01
         vertex 9.586483e+00 2.500000e+00 1.656498e+01
         vertex 7.817747e+00 0.000000e+00 1.935454e+01
      endloop
   endfacet
   facet normal 8.445434e-01 -0.000000e+00 5.354872e-01
      outer loop
         vertex 7.817747e+00 0.000000e+00 1.935454e+01
         vertex 9.586483e+00 2.500000e+00 1.656498e+01
         vertex 7.817747e+00 2.500000e+00 1.935454e+01
      endloop
   endfacet
   facet normal 8.982931e-01 -0.000000e+00 4.393967e-01
      outer loop
         vertex 7.817747e+00 0.000000e+00 1.935454e+01
         vertex 7.817747e+00 2.500000e+00 1.935454e+01
         vertex 6.366402e+00 0.000000e+00 2.232164e+01
      endloop
   endfacet
   facet normal 8.982931e-01 -0.000000e+00 4.393967e-01
      outer loop
         vertex 6.366402e+00 0.000000e+00 2.232164e+01
         vertex 7.817747e+00 2.500000e+00 1.935454e+01
         vertex 6.366402e+00 2.500000e+00 2.232164e+01
      endloop
   endfacet
   facet normal 9.411533e-01 -0.000000e+00 3.379799e-01
      outer loop
         vertex 6.366402e+00 0.000000e+00 2.232164e+01
         vertex 6.366402e+00 2.500000e+00 2.232164e+01
         vertex 5.250040e+00 0.000000e+00 2.543031e+01
      endloop
   endfacet
   facet normal 9.411533e-01 -0.000000e+00 3.379799e-01
      outer loop
         vertex 5.250040e+00 0.000000e+00 2.543031e+01
         vertex 6.366402e+00 2.500000e+00 2.232164e+01
         vertex 5.250040e+00 2.500000e+00 2.543031e+01
      endloop
   endfacet
   facet normal 9.726043e-01 -0.000000e+00 2.324668e-01
      outer loop
         vertex 5.250040e+00 0.000000e+00 2.543031e+01
         vertex 5.250040e+00 2.500000e+00 2.543031e+01
         vertex 4.482193e+00 0.000000e+00 2.864286e+01
      endloop
   endfacet
   facet normal 9.726043e-01 -0.000000e+00 2.324668e-01
      outer loop
         vertex 4.482193e+00 0.000000e+00 2.864286e+01
         vertex 5.250040e+00 2.500000e+00 2.543031e+01
         vertex 4.482193e+00 2.500000e+00 2.864286e+01
      endloop
   endfacet
   facet normal 9.980392e-02 0.000000e+00 9.950071e-01
      outer loop
         vertex 2.864286e+01 2.500000e+00 4.482193e+00
         vertex 2.864286e+01 0.000000e+00 4.482193e+00
         vertex 2.895918e+01 2.500000e+00 4.450465e+00
      endloop
   endfacet
   facet normal 9.980392e-02 0.000000e+00 9.950071e-01
      outer loop
         vertex 2.895918e+01 2.500000e+00 4.450465e+00
         vertex 2.864286e+01 0.000000e+00 4.482193e+00
         vertex 2.895918e+01 0.000000e+00 4.450465e+00
      endloop
   endfacet
   facet normal -5.911245e-02 0.000000e+00 9.982513e-01
      outer loop
         vertex 2.895918e+01 2.500000e+00 4.450465e+00
         vertex 2.895918e+01 0.000000e+00 4.450465e+00
         vertex 2.927653e+01 2.500000e+00 4.469257e+00
      endloop
   endfacet
   facet normal -5.911245e-02 0.000000e+00 9.982513e-01
      outer loop
         vertex 2.927653e+01 2.500000e+00 4.469257e+00
         vertex 2.895918e+01 0.000000e+00 4.450465e+00
         vertex 2.927653e+01 0.000000e+00 4.469257e+00
      endloop
   endfacet
   facet normal -2.165350e-01 0.000000e+00 9.762749e-01
      outer loop
         vertex 2.927653e+01 2.500000e+00 4.469257e+00
         vertex 2.927653e+01 0.000000e+00 4.469257e+00
         vertex 2.958689e+01 2.500000e+00 4.538095e+00
      endloop
   endfacet
   facet normal -2.165350e-01 0.000000e+00 9.762749e-01
      outer loop
         vertex 2.958689e+01 2.500000e+00 4.538095e+00
         vertex 2.927653e+01 0.000000e+00 4.469257e+00
         vertex 2.958689e+01 0.000000e+00 4.538095e+00
      endloop
   endfacet
   facet normal -3.684962e-01 0.000000e+00 9.296293e-01
      outer loop
         vertex 2.958689e+01 2.500000e+00 4.538095e+00
         vertex 2.958689e+01 0.000000e+00 4.538095e+00
         vertex 2.988243e+01 2.500000e+00 4.655242e+00
      endloop
   endfacet
   facet normal -3.684962e-01 0.000000e+00 9.296293e-01
      outer loop
         vertex 2.988243e+01 2.500000e+00 4.655242e+00
         vertex 2.958689e+01 0.000000e+00 4.538095e+00
         vertex 2.988243e+01 0.000000e+00 4.655242e+00
      endloop
   endfacet
   facet normal -5.111417e-01 0.000000e+00 8.594965e-01
      outer loop
         vertex 2.988243e+01 2.500000e+00 4.655242e+00
         vertex 2.988243e+01 0.000000e+00 4.655242e+00
         vertex 3.015567e+01 2.500000e+00 4.817737e+00
      endloop
   endfacet
   facet normal -5.111417e-01 0.000000e+00 8.594965e-01
      outer loop
         vertex 3.015567e+01 2.500000e+00 4.817737e+00
         vertex 2.988243e+01 0.000000e+00 4.655242e+00
         vertex 3.015567e+01 0.000000e+00 4.817737e+00
      endloop
   endfacet
   facet normal -6.408689e-01 0.000000e+00 7.676504e-01
      outer loop
         vertex 3.015567e+01 2.500000e+00 4.817737e+00
         vertex 3.015567e+01 0.000000e+00 4.817737e+00
         vertex 3.039971e+01 2.500000e+00 5.021473e+00
      endloop
   endfacet
   facet normal -6.408689e-01 0.000000e+00 7.676504e-01
      outer loop
         vertex 3.039971e+01 2.500000e+00 5.021473e+00
         vertex 3.015567e+01 0.000000e+00 4.817737e+00
         vertex 3.039971e+01 0.000000e+00 5.021473e+00
      endloop
   endfacet
   facet normal -7.544074e-01 0.000000e+00 6.564065e-01
      outer loop
         vertex 3.039971e+01 2.500000e+00 5.021473e+00
         vertex 3.039971e+01 0.000000e+00 5.021473e+00
         vertex 3.060838e+01 2.500000e+00 5.261304e+00
      endloop
   endfacet
   facet normal -7.544074e-01 0.000000e+00 6.564065e-01
      outer loop
         vertex 3.060838e+01 2.500000e+00 5.261304e+00
         vertex 3.039971e+01 0.000000e+00 5.021473e+00
         vertex 3.060838e+01 0.000000e+00 5.261304e+00
      endloop
   endfacet
   facet normal -8.488849e-01 0.000000e+00 5.285778e-01
      outer loop
         vertex 3.060838e+01 2.500000e+00 5.261304e+00
         vertex 3.060838e+01 0.000000e+00 5.261304e+00
         vertex 3.077642e+01 2.500000e+00 5.531169e+00
      endloop
   endfacet
   facet normal -8.488849e-01 0.000000e+00 5.285778e-01
      outer loop
         vertex 3.077642e+01 2.500000e+00 5.531169e+00
         vertex 3.060838e+01 0.000000e+00 5.261304e+00
         vertex 3.077642e+01 0.000000e+00 5.531169e+00
      endloop
   endfacet
   facet normal -9.219150e-01 0.000000e+00 3.873923e-01
      outer loop
         vertex 3.077642e+01 2.500000e+00 5.531169e+00
         vertex 3.077642e+01 0.000000e+00 5.531169e+00
         vertex 3.089958e+01 2.500000e+00 5.824253e+00
      endloop
   endfacet
   facet normal -9.219150e-01 0.000000e+00 3.873923e-01
      outer loop
         vertex 3.089958e+01 2.500000e+00 5.824253e+00
         vertex 3.077642e+01 0.000000e+00 5.531169e+00
         vertex 3.089958e+01 0.000000e+00 5.824253e+00
      endloop
   endfacet
   facet normal -9.716506e-01 0.000000e+00 2.364215e-01
      outer loop
         vertex 3.089958e+01 2.500000e+00 5.824253e+00
         vertex 3.089958e+01 0.000000e+00 5.824253e+00
         vertex 3.097474e+01 2.500000e+00 6.133147e+00
      endloop
   endfacet
   facet normal -9.716506e-01 0.000000e+00 2.364215e-01
      outer loop
         vertex 3.097474e+01 2.500000e+00 6.133147e+00
         vertex 3.089958e+01 0.000000e+00 5.824253e+00
         vertex 3.097474e+01 0.000000e+00 6.133147e+00
      endloop
   endfacet
   facet normal -9.968367e-01 0.000000e+00 7.947640e-02
      outer loop
         vertex 3.097474e+01 2.500000e+00 6.133147e+00
         vertex 3.097474e+01 0.000000e+00 6.133147e+00
         vertex 3.100000e+01 2.500000e+00 6.450048e+00
      endloop
   endfacet
   facet normal -9.968367e-01 0.000000e+00 7.947640e-02
      outer loop
         vertex 3.100000e+01 2.500000e+00 6.450048e+00
         vertex 3.097474e+01 0.000000e+00 6.133147e+00
         vertex 3.100000e+01 0.000000e+00 6.450048e+00
      endloop
   endfacet
   facet normal -1.000000e+00 0.000000e+00 0.000000e+00
      outer loop
         vertex 3.100000e+01 0.000000e+00 1.155006e+01
         vertex 3.100000e+01 2.500000e+00 1.155006e+01
         vertex 3.100000e+01 0.000000e+00 6.450048e+00
      endloop
   endfacet
   facet normal -1.000000e+00 0.000000e+00 0.000000e+00
      outer loop
         vertex 3.100000e+01 0.000000e+00 6.450048e+00
         vertex 3.100000e+01 2.500000e+00 1.155006e+01
         vertex 3.100000e+01 2.500000e+00 6.450048e+00
      endloop
   endfacet
   facet normal -2.858787e-01 0.000000e+00 9.582658e-01
      outer loop
         vertex 2.943478e+01 0.000000e+00 5.449778e+01
         vertex 2.943478e+01 2.500000e+00 5.449778e+01
         vertex 2.658838e+01 2.500000e+00 5.364861e+01
      endloop
   endfacet
   facet normal -2.858787e-01 0.000000e+00 9.582658e-01
      outer loop
         vertex 2.943478e+01 0.000000e+00 5.449778e+01
         vertex 2.658838e+01 2.500000e+00 5.364861e+01
         vertex 2.658838e+01 0.000000e+00 5.364861e+01
      endloop
   endfacet
   facet normal -4.182224e-01 0.000000e+00 9.083447e-01
      outer loop
         vertex 2.658838e+01 0.000000e+00 5.364861e+01
         vertex 2.658838e+01 2.500000e+00 5.364861e+01
         vertex 2.389026e+01 2.500000e+00 5.240634e+01
      endloop
   endfacet
   facet normal -4.182224e-01 0.000000e+00 9.083447e-01
      outer loop
         vertex 2.658838e+01 0.000000e+00 5.364861e+01
         vertex 2.389026e+01 2.500000e+00 5.240634e+01
         vertex 2.389026e+01 0.000000e+00 5.240634e+01
      endloop
   endfacet
   facet normal -5.421985e-01 0.000000e+00 8.402504e-01
      outer loop
         vertex 2.389026e+01 0.000000e+00 5.240634e+01
         vertex 2.389026e+01 2.500000e+00 5.240634e+01
         vertex 2.139441e+01 2.500000e+00 5.079581e+01
      endloop
   endfacet
   facet normal -5.421985e-01 0.000000e+00 8.402504e-01
      outer loop
         vertex 2.389026e+01 0.000000e+00 5.240634e+01
         vertex 2.139441e+01 2.500000e+00 5.079581e+01
         vertex 2.139441e+01 0.000000e+00 5.079581e+01
      endloop
   endfacet
   facet normal -6.553274e-01 0.000000e+00 7.553450e-01
      outer loop
         vertex 2.139441e+01 0.000000e+00 5.079581e+01
         vertex 2.139441e+01 2.500000e+00 5.079581e+01
         vertex 1.915076e+01 2.500000e+00 4.884924e+01
      endloop
   endfacet
   facet normal -6.553274e-01 0.000000e+00 7.553450e-01
      outer loop
         vertex 2.139441e+01 0.000000e+00 5.079581e+01
         vertex 1.915076e+01 2.500000e+00 4.884924e+01
         vertex 1.915076e+01 0.000000e+00 4.884924e+01
      endloop
   endfacet
   facet normal -7.553450e-01 0.000000e+00 6.553274e-01
      outer loop
         vertex 1.915076e+01 0.000000e+00 4.884924e+01
         vertex 1.915076e+01 2.500000e+00 4.884924e+01
         vertex 1.720420e+01 2.500000e+00 4.660559e+01
      endloop
   endfacet
   facet normal -7.553450e-01 0.000000e+00 6.553274e-01
      outer loop
         vertex 1.915076e+01 0.000000e+00 4.884924e+01
         vertex 1.720420e+01 2.500000e+00 4.660559e+01
         vertex 1.720420e+01 0.000000e+00 4.660559e+01
      endloop
   endfacet
   facet normal -8.402504e-01 0.000000e+00 5.421985e-01
      outer loop
         vertex 1.720420e+01 0.000000e+00 4.660559e+01
         vertex 1.720420e+01 2.500000e+00 4.660559e+01
         vertex 1.559367e+01 2.500000e+00 4.410974e+01
      endloop
   endfacet
   facet normal -8.402504e-01 0.000000e+00 5.421985e-01
      outer loop
         vertex 1.720420e+01 0.000000e+00 4.660559e+01
         vertex 1.559367e+01 2.500000e+00 4.410974e+01
         vertex 1.559367e+01 0.000000e+00 4.410974e+01
      endloop
   endfacet
   facet normal -9.083447e-01 0.000000e+00 4.182224e-01
      outer loop
         vertex 1.559367e+01 0.000000e+00 4.410974e+01
         vertex 1.559367e+01 2.500000e+00 4.410974e+01
         vertex 1.435139e+01 2.500000e+00 4.141162e+01
      endloop
   endfacet
   facet normal -9.083447e-01 0.000000e+00 4.182224e-01
      outer loop
         vertex 1.559367e+01 0.000000e+00 4.410974e+01
         vertex 1.435139e+01 2.500000e+00 4.141162e+01
         vertex 1.435139e+01 0.000000e+00 4.141162e+01
      endloop
   endfacet
   facet normal -9.582658e-01 0.000000e+00 2.858787e-01
      outer loop
         vertex 1.435139e+01 0.000000e+00 4.141162e+01
         vertex 1.435139e+01 2.500000e+00 4.141162e+01
         vertex 1.350223e+01 2.500000e+00 3.856522e+01
      endloop
   endfacet
   facet normal -9.582658e-01 0.000000e+00 2.858787e-01
      outer loop
         vertex 1.435139e+01 0.000000e+00 4.141162e+01
         vertex 1.350223e+01 2.500000e+00 3.856522e+01
         vertex 1.350223e+01 0.000000e+00 3.856522e+01
      endloop
   endfacet
   facet normal -2.989780e-01 0.000000e+00 9.542600e-01
      outer loop
         vertex 2.943478e+01 2.500000e+00 5.449778e+01
         vertex 2.943478e+01 0.000000e+00 5.449778e+01
         vertex 2.975686e+01 2.500000e+00 5.459869e+01
      endloop
   endfacet
   facet normal -2.989780e-01 0.000000e+00 9.542600e-01
      outer loop
         vertex 2.975686e+01 2.500000e+00 5.459869e+01
         vertex 2.943478e+01 0.000000e+00 5.449778e+01
         vertex 2.975686e+01 0.000000e+00 5.459869e+01
      endloop
   endfacet
   facet normal -4.551814e-01 0.000000e+00 8.903987e-01
      outer loop
         vertex 2.975686e+01 2.500000e+00 5.459869e+01
         vertex 2.975686e+01 0.000000e+00 5.459869e+01
         vertex 3.005738e+01 2.500000e+00 5.475231e+01
      endloop
   endfacet
   facet normal -4.551814e-01 0.000000e+00 8.903987e-01
      outer loop
         vertex 3.005738e+01 2.500000e+00 5.475231e+01
         vertex 2.975686e+01 0.000000e+00 5.459869e+01
         vertex 3.005738e+01 0.000000e+00 5.475231e+01
      endloop
   endfacet
   facet normal -5.984253e-01 0.000000e+00 8.011786e-01
      outer loop
         vertex 3.005738e+01 2.500000e+00 5.475231e+01
         vertex 3.005738e+01 0.000000e+00 5.475231e+01
         vertex 3.032779e+01 2.500000e+00 5.495429e+01
      endloop
   endfacet
   facet normal -5.984253e-01 0.000000e+00 8.011786e-01
      outer loop
         vertex 3.032779e+01 2.500000e+00 5.495429e+01
         vertex 3.005738e+01 0.000000e+00 5.475231e+01
         vertex 3.032779e+01 0.000000e+00 5.495429e+01
      endloop
   endfacet
   facet normal -7.246243e-01 0.000000e+00 6.891442e-01
      outer loop
         vertex 3.032779e+01 2.500000e+00 5.495429e+01
         vertex 3.032779e+01 0.000000e+00 5.495429e+01
         vertex 3.056038e+01 2.500000e+00 5.519886e+01
      endloop
   endfacet
   facet normal -7.246243e-01 0.000000e+00 6.891442e-01
      outer loop
         vertex 3.056038e+01 2.500000e+00 5.519886e+01
         vertex 3.032779e+01 0.000000e+00 5.495429e+01
         vertex 3.056038e+01 0.000000e+00 5.519886e+01
      endloop
   endfacet
   facet normal -8.301900e-01 0.000000e+00 5.574806e-01
      outer loop
         vertex 3.056038e+01 2.500000e+00 5.519886e+01
         vertex 3.056038e+01 0.000000e+00 5.519886e+01
         vertex 3.074854e+01 2.500000e+00 5.547906e+01
      endloop
   endfacet
   facet normal -8.301900e-01 0.000000e+00 5.574806e-01
      outer loop
         vertex 3.074854e+01 2.500000e+00 5.547906e+01
         vertex 3.056038e+01 0.000000e+00 5.519886e+01
         vertex 3.074854e+01 0.000000e+00 5.547906e+01
      endloop
   endfacet
   facet normal -9.121109e-01 0.000000e+00 4.099436e-01
      outer loop
         vertex 3.074854e+01 2.500000e+00 5.547906e+01
         vertex 3.074854e+01 0.000000e+00 5.547906e+01
         vertex 3.088690e+01 2.500000e+00 5.578691e+01
      endloop
   endfacet
   facet normal -9.121109e-01 0.000000e+00 4.099436e-01
      outer loop
         vertex 3.088690e+01 2.500000e+00 5.578691e+01
         vertex 3.074854e+01 0.000000e+00 5.547906e+01
         vertex 3.088690e+01 0.000000e+00 5.578691e+01
      endloop
   endfacet
   facet normal -9.680568e-01 0.000000e+00 2.507311e-01
      outer loop
         vertex 3.088690e+01 2.500000e+00 5.578691e+01
         vertex 3.088690e+01 0.000000e+00 5.578691e+01
         vertex 3.097152e+01 2.500000e+00 5.611364e+01
      endloop
   endfacet
   facet normal -9.680568e-01 0.000000e+00 2.507311e-01
      outer loop
         vertex 3.097152e+01 2.500000e+00 5.611364e+01
         vertex 3.088690e+01 0.000000e+00 5.578691e+01
         vertex 3.097152e+01 0.000000e+00 5.611364e+01
      endloop
   endfacet
   facet normal -9.964338e-01 0.000000e+00 8.437836e-02
      outer loop
         vertex 3.097152e+01 2.500000e+00 5.611364e+01
         vertex 3.097152e+01 0.000000e+00 5.611364e+01
         vertex 3.100000e+01 2.500000e+00 5.644995e+01
      endloop
   endfacet
   facet normal -9.964338e-01 0.000000e+00 8.437836e-02
      outer loop
         vertex 3.100000e+01 2.500000e+00 5.644995e+01
         vertex 3.097152e+01 0.000000e+00 5.611364e+01
         vertex 3.100000e+01 0.000000e+00 5.644995e+01
      endloop
   endfacet
   facet normal -1.000000e+00 0.000000e+00 0.000000e+00
      outer loop
         vertex 3.100000e+01 0.000000e+00 6.154996e+01
         vertex 3.100000e+01 2.500000e+00 6.154996e+01
         vertex 3.100000e+01 0.000000e+00 5.644995e+01
      endloop
   endfacet
   facet normal -1.000000e+00 0.000000e+00 0.000000e+00
      outer loop
         vertex 3.100000e+01 0.000000e+00 5.644995e+01
         vertex 3.100000e+01 2.500000e+00 6.154996e+01
         vertex 3.100000e+01 2.500000e+00 5.644995e+01
      endloop
   endfacet
   facet normal -9.968367e-01 -0.000000e+00 -7.947640e-02
      outer loop
         vertex 3.100000e+01 2.500000e+00 6.154996e+01
         vertex 3.100000e+01 0.000000e+00 6.154996e+01
         vertex 3.097474e+01 2.500000e+00 6.186686e+01
      endloop
   endfacet
   facet normal -9.968367e-01 -0.000000e+00 -7.947640e-02
      outer loop
         vertex 3.097474e+01 2.500000e+00 6.186686e+01
         vertex 3.100000e+01 0.000000e+00 6.154996e+01
         vertex 3.097474e+01 0.000000e+00 6.186686e+01
      endloop
   endfacet
   facet normal -9.716506e-01 -0.000000e+00 -2.364215e-01
      outer loop
         vertex 3.097474e+01 2.500000e+00 6.186686e+01
         vertex 3.097474e+01 0.000000e+00 6.186686e+01
         vertex 3.089958e+01 2.500000e+00 6.217575e+01
      endloop
   endfacet
   facet normal -9.716506e-01 -0.000000e+00 -2.364215e-01
      outer loop
         vertex 3.089958e+01 2.500000e+00 6.217575e+01
         vertex 3.097474e+01 0.000000e+00 6.186686e+01
         vertex 3.089958e+01 0.000000e+00 6.217575e+01
      endloop
   endfacet
   facet normal -9.219150e-01 -0.000000e+00 -3.873923e-01
      outer loop
         vertex 3.089958e+01 2.500000e+00 6.217575e+01
         vertex 3.089958e+01 0.000000e+00 6.217575e+01
         vertex 3.077642e+01 2.500000e+00 6.246883e+01
      endloop
   endfacet
   facet normal -9.219150e-01 -0.000000e+00 -3.873923e-01
      outer loop
         vertex 3.077642e+01 2.500000e+00 6.246883e+01
         vertex 3.089958e+01 0.000000e+00 6.217575e+01
         vertex 3.077642e+01 0.000000e+00 6.246883e+01
      endloop
   endfacet
   facet normal -8.488849e-01 -0.000000e+00 -5.285778e-01
      outer loop
         vertex 3.077642e+01 2.500000e+00 6.246883e+01
         vertex 3.077642e+01 0.000000e+00 6.246883e+01
         vertex 3.060838e+01 2.500000e+00 6.273870e+01
      endloop
   endfacet
   facet normal -8.488849e-01 -0.000000e+00 -5.285778e-01
      outer loop
         vertex 3.060838e+01 2.500000e+00 6.273870e+01
         vertex 3.077642e+01 0.000000e+00 6.246883e+01
         vertex 3.060838e+01 0.000000e+00 6.273870e+01
      endloop
   endfacet
   facet normal -7.544074e-01 -0.000000e+00 -6.564065e-01
      outer loop
         vertex 3.060838e+01 2.500000e+00 6.273870e+01
         vertex 3.060838e+01 0.000000e+00 6.273870e+01
         vertex 3.039971e+01 2.500000e+00 6.297853e+01
      endloop
   endfacet
   facet normal -7.544074e-01 -0.000000e+00 -6.564065e-01
      outer loop
         vertex 3.039971e+01 2.500000e+00 6.297853e+01
         vertex 3.060838e+01 0.000000e+00 6.273870e+01
         vertex 3.039971e+01 0.000000e+00 6.297853e+01
      endloop
   endfacet
   facet normal -6.408689e-01 -0.000000e+00 -7.676504e-01
      outer loop
         vertex 3.039971e+01 2.500000e+00 6.297853e+01
         vertex 3.039971e+01 0.000000e+00 6.297853e+01
         vertex 3.015567e+01 2.500000e+00 6.318227e+01
      endloop
   endfacet
   facet normal -6.408689e-01 -0.000000e+00 -7.676504e-01
      outer loop
         vertex 3.015567e+01 2.500000e+00 6.318227e+01
         vertex 3.039971e+01 0.000000e+00 6.297853e+01
         vertex 3.015567e+01 0.000000e+00 6.318227e+01
      endloop
   endfacet
   facet normal -5.111417e-01 -0.000000e+00 -8.594965e-01
      outer loop
         vertex 3.015567e+01 2.500000e+00 6.318227e+01
         vertex 3.015567e+01 0.000000e+00 6.318227e+01
         vertex 2.988243e+01 2.500000e+00 6.334476e+01
      endloop
   endfacet
   facet normal -5.111417e-01 -0.000000e+00 -8.594965e-01
      outer loop
         vertex 2.988243e+01 2.500000e+00 6.334476e+01
         vertex 3.015567e+01 0.000000e+00 6.318227e+01
         vertex 2.988243e+01 0.000000e+00 6.334476e+01
      endloop
   endfacet
   facet normal -3.684962e-01 -0.000000e+00 -9.296293e-01
      outer loop
         vertex 2.988243e+01 2.500000e+00 6.334476e+01
         vertex 2.988243e+01 0.000000e+00 6.334476e+01
         vertex 2.958689e+01 2.500000e+00 6.346191e+01
      endloop
   endfacet
   facet normal -3.684962e-01 -0.000000e+00 -9.296293e-01
      outer loop
         vertex 2.958689e+01 2.500000e+00 6.346191e+01
         vertex 2.988243e+01 0.000000e+00 6.334476e+01
         vertex 2.958689e+01 0.000000e+00 6.346191e+01
      endloop
   endfacet
   facet normal -2.165350e-01 -0.000000e+00 -9.762749e-01
      outer loop
         vertex 2.958689e+01 2.500000e+00 6.346191e+01
         vertex 2.958689e+01 0.000000e+00 6.346191e+01
         vertex 2.927653e+01 2.500000e+00 6.353075e+01
      endloop
   endfacet
   facet normal -2.165350e-01 -0.000000e+00 -9.762749e-01
      outer loop
         vertex 2.927653e+01 2.500000e+00 6.353075e+01
         vertex 2.958689e+01 0.000000e+00 6.346191e+01
         vertex 2.927653e+01 0.000000e+00 6.353075e+01
      endloop
   endfacet
   facet normal -5.911245e-02 -0.000000e+00 -9.982513e-01
      outer loop
         vertex 2.927653e+01 2.500000e+00 6.353075e+01
         vertex 2.927653e+01 0.000000e+00 6.353075e+01
         vertex 2.895918e+01 2.500000e+00 6.354954e+01
      endloop
   endfacet
   facet normal -5.911245e-02 -0.000000e+00 -9.982513e-01
      outer loop
         vertex 2.895918e+01 2.500000e+00 6.354954e+01
         vertex 2.927653e+01 0.000000e+00 6.353075e+01
         vertex 2.895918e+01 0.000000e+00 6.354954e+01
      endloop
   endfacet
   facet normal 9.980392e-02 0.000000e+00 -9.950071e-01
      outer loop
         vertex 2.895918e+01 2.500000e+00 6.354954e+01
         vertex 2.895918e+01 0.000000e+00 6.354954e+01
         vertex 2.864286e+01 2.500000e+00 6.351781e+01
      endloop
   endfacet
   facet normal 9.980392e-02 0.000000e+00 -9.950071e-01
      outer loop
         vertex 2.864286e+01 2.500000e+00 6.351781e+01
         vertex 2.895918e+01 0.000000e+00 6.354954e+01
         vertex 2.864286e+01 0.000000e+00 6.351781e+01
      endloop
   endfacet
   facet normal 9.726043e-01 0.000000e+00 -2.324668e-01
      outer loop
         vertex 4.482193e+00 0.000000e+00 3.935714e+01
         vertex 4.482193e+00 2.500000e+00 3.935714e+01
         vertex 5.250040e+00 0.000000e+00 4.256970e+01
      endloop
   endfacet
   facet normal 9.726043e-01 0.000000e+00 -2.324668e-01
      outer loop
         vertex 5.250040e+00 0.000000e+00 4.256970e+01
         vertex 4.482193e+00 2.500000e+00 3.935714e+01
         vertex 5.250040e+00 2.500000e+00 4.256970e+01
      endloop
   endfacet
   facet normal 9.411533e-01 0.000000e+00 -3.379799e-01
      outer loop
         vertex 5.250040e+00 0.000000e+00 4.256970e+01
         vertex 5.250040e+00 2.500000e+00 4.256970e+01
         vertex 6.366402e+00 0.000000e+00 4.567837e+01
      endloop
   endfacet
   facet normal 9.411533e-01 0.000000e+00 -3.379799e-01
      outer loop
         vertex 6.366402e+00 0.000000e+00 4.567837e+01
         vertex 5.250040e+00 2.500000e+00 4.256970e+01
         vertex 6.366402e+00 2.500000e+00 4.567837e+01
      endloop
   endfacet
   facet normal 8.982931e-01 0.000000e+00 -4.393967e-01
      outer loop
         vertex 6.366402e+00 0.000000e+00 4.567837e+01
         vertex 6.366402e+00 2.500000e+00 4.567837e+01
         vertex 7.817747e+00 0.000000e+00 4.864546e+01
      endloop
   endfacet
   facet normal 8.982931e-01 0.000000e+00 -4.393967e-01
      outer loop
         vertex 7.817747e+00 0.000000e+00 4.864546e+01
         vertex 6.366402e+00 2.500000e+00 4.567837e+01
         vertex 7.817747e+00 2.500000e+00 4.864546e+01
      endloop
   endfacet
   facet normal 8.445434e-01 0.000000e+00 -5.354872e-01
      outer loop
         vertex 7.817747e+00 0.000000e+00 4.864546e+01
         vertex 7.817747e+00 2.500000e+00 4.864546e+01
         vertex 9.586483e+00 0.000000e+00 5.143503e+01
      endloop
   endfacet
   facet normal 8.445434e-01 0.000000e+00 -5.354872e-01
      outer loop
         vertex 9.586483e+00 0.000000e+00 5.143503e+01
         vertex 7.817747e+00 2.500000e+00 4.864546e+01
         vertex 9.586483e+00 2.500000e+00 5.143503e+01
      endloop
   endfacet
   facet normal 7.805564e-01 0.000000e+00 -6.250853e-01
      outer loop
         vertex 9.586483e+00 0.000000e+00 5.143503e+01
         vertex 9.586483e+00 2.500000e+00 5.143503e+01
         vertex 1.165117e+01 0.000000e+00 5.401324e+01
      endloop
   endfacet
   facet normal 7.805564e-01 0.000000e+00 -6.250853e-01
      outer loop
         vertex 1.165117e+01 0.000000e+00 5.401324e+01
         vertex 9.586483e+00 2.500000e+00 5.143503e+01
         vertex 1.165117e+01 2.500000e+00 5.401324e+01
      endloop
   endfacet
   facet normal 7.071068e-01 0.000000e+00 -7.071068e-01
      outer loop
         vertex 1.165117e+01 0.000000e+00 5.401324e+01
         vertex 1.165117e+01 2.500000e+00 5.401324e+01
         vertex 1.398677e+01 0.000000e+00 5.634884e+01
      endloop
   endfacet
   facet normal 7.071068e-01 0.000000e+00 -7.071068e-01
      outer loop
         vertex 1.398677e+01 0.000000e+00 5.634884e+01
         vertex 1.165117e+01 2.500000e+00 5.401324e+01
         vertex 1.398677e+01 2.500000e+00 5.634884e+01
      endloop
   endfacet
   facet normal 6.250853e-01 0.000000e+00 -7.805564e-01
      outer loop
         vertex 1.398677e+01 0.000000e+00 5.634884e+01
         vertex 1.398677e+01 2.500000e+00 5.634884e+01
         vertex 1.656498e+01 0.000000e+00 5.841352e+01
      endloop
   endfacet
   facet normal 6.250853e-01 0.000000e+00 -7.805564e-01
      outer loop
         vertex 1.656498e+01 0.000000e+00 5.841352e+01
         vertex 1.398677e+01 2.500000e+00 5.634884e+01
         vertex 1.656498e+01 2.500000e+00 5.841352e+01
      endloop
   endfacet
   facet normal 5.354872e-01 0.000000e+00 -8.445434e-01
      outer loop
         vertex 1.656498e+01 0.000000e+00 5.841352e+01
         vertex 1.656498e+01 2.500000e+00 5.841352e+01
         vertex 1.935454e+01 0.000000e+00 6.018226e+01
      endloop
   endfacet
   facet normal 5.354872e-01 0.000000e+00 -8.445434e-01
      outer loop
         vertex 1.935454e+01 0.000000e+00 6.018226e+01
         vertex 1.656498e+01 2.500000e+00 5.841352e+01
         vertex 1.935454e+01 2.500000e+00 6.018226e+01
      endloop
   endfacet
   facet normal 4.393967e-01 0.000000e+00 -8.982931e-01
      outer loop
         vertex 1.935454e+01 0.000000e+00 6.018226e+01
         vertex 1.935454e+01 2.500000e+00 6.018226e+01
         vertex 2.232164e+01 0.000000e+00 6.163360e+01
      endloop
   endfacet
   facet normal 4.393967e-01 0.000000e+00 -8.982931e-01
      outer loop
         vertex 2.232164e+01 0.000000e+00 6.163360e+01
         vertex 1.935454e+01 2.500000e+00 6.018226e+01
         vertex 2.232164e+01 2.500000e+00 6.163360e+01
      endloop
   endfacet
   facet normal 3.379799e-01 0.000000e+00 -9.411533e-01
      outer loop
         vertex 2.232164e+01 0.000000e+00 6.163360e+01
         vertex 2.232164e+01 2.500000e+00 6.163360e+01
         vertex 2.543031e+01 0.000000e+00 6.274996e+01
      endloop
   endfacet
   facet normal 3.379799e-01 0.000000e+00 -9.411533e-01
      outer loop
         vertex 2.543031e+01 0.000000e+00 6.274996e+01
         vertex 2.232164e+01 2.500000e+00 6.163360e+01
         vertex 2.543031e+01 2.500000e+00 6.274996e+01
      endloop
   endfacet
   facet normal 2.324668e-01 0.000000e+00 -9.726043e-01
      outer loop
         vertex 2.543031e+01 0.000000e+00 6.274996e+01
         vertex 2.543031e+01 2.500000e+00 6.274996e+01
         vertex 2.864286e+01 0.000000e+00 6.351781e+01
      endloop
   endfacet
   facet normal 2.324668e-01 0.000000e+00 -9.726043e-01
      outer loop
         vertex 2.864286e+01 0.000000e+00 6.351781e+01
         vertex 2.543031e+01 2.500000e+00 6.274996e+01
         vertex 2.864286e+01 2.500000e+00 6.351781e+01
      endloop
   endfacet
   facet normal 9.950071e-01 0.000000e+00 -9.980392e-02
      outer loop
         vertex 4.482193e+00 2.500000e+00 3.935714e+01
         vertex 4.482193e+00 0.000000e+00 3.935714e+01
         vertex 4.450465e+00 2.500000e+00 3.904083e+01
      endloop
   endfacet
   facet normal 9.950071e-01 0.000000e+00 -9.980392e-02
      outer loop
         vertex 4.450465e+00 2.500000e+00 3.904083e+01
         vertex 4.482193e+00 0.000000e+00 3.935714e+01
         vertex 4.450465e+00 0.000000e+00 3.904083e+01
      endloop
   endfacet
   facet normal 9.982513e-01 0.000000e+00 5.911245e-02
      outer loop
         vertex 4.450465e+00 2.500000e+00 3.904083e+01
         vertex 4.450465e+00 0.000000e+00 3.904083e+01
         vertex 4.469257e+00 2.500000e+00 3.872348e+01
      endloop
   endfacet
   facet normal 9.982513e-01 0.000000e+00 5.911245e-02
      outer loop
         vertex 4.469257e+00 2.500000e+00 3.872348e+01
         vertex 4.450465e+00 0.000000e+00 3.904083e+01
         vertex 4.469257e+00 0.000000e+00 3.872348e+01
      endloop
   endfacet
   facet normal 9.762749e-01 0.000000e+00 2.165350e-01
      outer loop
         vertex 4.469257e+00 2.500000e+00 3.872348e+01
         vertex 4.469257e+00 0.000000e+00 3.872348e+01
         vertex 4.538095e+00 2.500000e+00 3.841311e+01
      endloop
   endfacet
   facet normal 9.762749e-01 0.000000e+00 2.165350e-01
      outer loop
         vertex 4.538095e+00 2.500000e+00 3.841311e+01
         vertex 4.469257e+00 0.000000e+00 3.872348e+01
         vertex 4.538095e+00 0.000000e+00 3.841311e+01
      endloop
   endfacet
   facet normal 9.296293e-01 0.000000e+00 3.684962e-01
      outer loop
         vertex 4.538095e+00 2.500000e+00 3.841311e+01
         vertex 4.538095e+00 0.000000e+00 3.841311e+01
         vertex 4.655242e+00 2.500000e+00 3.811758e+01
      endloop
   endfacet
   facet normal 9.296293e-01 0.000000e+00 3.684962e-01
      outer loop
         vertex 4.655242e+00 2.500000e+00 3.811758e+01
         vertex 4.538095e+00 0.000000e+00 3.841311e+01
         vertex 4.655242e+00 0.000000e+00 3.811758e+01
      endloop
   endfacet
   facet normal 8.594965e-01 0.000000e+00 5.111417e-01
      outer loop
         vertex 4.655242e+00 2.500000e+00 3.811758e+01
         vertex 4.655242e+00 0.000000e+00 3.811758e+01
         vertex 4.817737e+00 2.500000e+00 3.784434e+01
      endloop
   endfacet
   facet normal 8.594965e-01 0.000000e+00 5.111417e-01
      outer loop
         vertex 4.817737e+00 2.500000e+00 3.784434e+01
         vertex 4.655242e+00 0.000000e+00 3.811758e+01
         vertex 4.817737e+00 0.000000e+00 3.784434e+01
      endloop
   endfacet
   facet normal 7.676504e-01 0.000000e+00 6.408689e-01
      outer loop
         vertex 4.817737e+00 2.500000e+00 3.784434e+01
         vertex 4.817737e+00 0.000000e+00 3.784434e+01
         vertex 5.021473e+00 2.500000e+00 3.760030e+01
      endloop
   endfacet
   facet normal 7.676504e-01 0.000000e+00 6.408689e-01
      outer loop
         vertex 5.021473e+00 2.500000e+00 3.760030e+01
         vertex 4.817737e+00 0.000000e+00 3.784434e+01
         vertex 5.021473e+00 0.000000e+00 3.760030e+01
      endloop
   endfacet
   facet normal 6.564065e-01 0.000000e+00 7.544074e-01
      outer loop
         vertex 5.021473e+00 2.500000e+00 3.760030e+01
         vertex 5.021473e+00 0.000000e+00 3.760030e+01
         vertex 5.261304e+00 2.500000e+00 3.739162e+01
      endloop
   endfacet
   facet normal 6.564065e-01 0.000000e+00 7.544074e-01
      outer loop
         vertex 5.261304e+00 2.500000e+00 3.739162e+01
         vertex 5.021473e+00 0.000000e+00 3.760030e+01
         vertex 5.261304e+00 0.000000e+00 3.739162e+01
      endloop
   endfacet
   facet normal 5.285778e-01 0.000000e+00 8.488849e-01
      outer loop
         vertex 5.261304e+00 2.500000e+00 3.739162e+01
         vertex 5.261304e+00 0.000000e+00 3.739162e+01
         vertex 5.531169e+00 2.500000e+00 3.722358e+01
      endloop
   endfacet
   facet normal 5.285778e-01 0.000000e+00 8.488849e-01
      outer loop
         vertex 5.531169e+00 2.500000e+00 3.722358e+01
         vertex 5.261304e+00 0.000000e+00 3.739162e+01
         vertex 5.531169e+00 0.000000e+00 3.722358e+01
      endloop
   endfacet
   facet normal 3.873923e-01 0.000000e+00 9.219150e-01
      outer loop
         vertex 5.531169e+00 2.500000e+00 3.722358e+01
         vertex 5.531169e+00 0.000000e+00 3.722358e+01
         vertex 5.824253e+00 2.500000e+00 3.710043e+01
      endloop
   endfacet
   facet normal 3.873923e-01 0.000000e+00 9.219150e-01
      outer loop
         vertex 5.824253e+00 2.500000e+00 3.710043e+01
         vertex 5.531169e+00 0.000000e+00 3.722358e+01
         vertex 5.824253e+00 0.000000e+00 3.710043e+01
      endloop
   endfacet
   facet normal 2.364215e-01 0.000000e+00 9.716506e-01
      outer loop
         vertex 5.824253e+00 2.500000e+00 3.710043e+01
         vertex 5.824253e+00 0.000000e+00 3.710043e+01
         vertex 6.133147e+00 2.500000e+00 3.702527e+01
      endloop
   endfacet
   facet normal 2.364215e-01 0.000000e+00 9.716506e-01
      outer loop
         vertex 6.133147e+00 2.500000e+00 3.702527e+01
         vertex 5.824253e+00 0.000000e+00 3.710043e+01
         vertex 6.133147e+00 0.000000e+00 3.702527e+01
      endloop
   endfacet
   facet normal 7.947640e-02 0.000000e+00 9.968367e-01
      outer loop
         vertex 6.133147e+00 2.500000e+00 3.702527e+01
         vertex 6.133147e+00 0.000000e+00 3.702527e+01
         vertex 6.450048e+00 2.500000e+00 3.700000e+01
      endloop
   endfacet
   facet normal 7.947640e-02 0.000000e+00 9.968367e-01
      outer loop
         vertex 6.450048e+00 2.500000e+00 3.700000e+01
         vertex 6.133147e+00 0.000000e+00 3.702527e+01
         vertex 6.450048e+00 0.000000e+00 3.700000e+01
      endloop
   endfacet
   facet normal 0.000000e+00 -0.000000e+00 1.000000e+00
      outer loop
         vertex 1.155006e+01 0.000000e+00 3.700000e+01
         vertex 1.155006e+01 2.500000e+00 3.700000e+01
         vertex 6.450048e+00 0.000000e+00 3.700000e+01
      endloop
   endfacet
   facet normal 0.000000e+00 0.000000e+00 1.000000e+00
      outer loop
         vertex 6.450048e+00 0.000000e+00 3.700000e+01
         vertex 1.155006e+01 2.500000e+00 3.700000e+01
         vertex 6.450048e+00 2.500000e+00 3.700000e+01
      endloop
   endfacet
   facet normal -8.437836e-02 0.000000e+00 9.964338e-01
      outer loop
         vertex 1.155006e+01 2.500000e+00 3.700000e+01
         vertex 1.155006e+01 0.000000e+00 3.700000e+01
         vertex 1.188637e+01 2.500000e+00 3.702848e+01
      endloop
   endfacet
   facet normal -8.437836e-02 0.000000e+00 9.964338e-01
      outer loop
         vertex 1.188637e+01 2.500000e+00 3.702848e+01
         vertex 1.155006e+01 0.000000e+00 3.700000e+01
         vertex 1.188637e+01 0.000000e+00 3.702848e+01
      endloop
   endfacet
   facet normal -2.507311e-01 0.000000e+00 9.680568e-01
      outer loop
         vertex 1.188637e+01 2.500000e+00 3.702848e+01
         vertex 1.188637e+01 0.000000e+00 3.702848e+01
         vertex 1.221310e+01 2.500000e+00 3.711311e+01
      endloop
   endfacet
   facet normal -2.507311e-01 0.000000e+00 9.680568e-01
      outer loop
         vertex 1.221310e+01 2.500000e+00 3.711311e+01
         vertex 1.188637e+01 0.000000e+00 3.702848e+01
         vertex 1.221310e+01 0.000000e+00 3.711311e+01
      endloop
   endfacet
   facet normal -4.099436e-01 0.000000e+00 9.121109e-01
      outer loop
         vertex 1.221310e+01 2.500000e+00 3.711311e+01
         vertex 1.221310e+01 0.000000e+00 3.711311e+01
         vertex 1.252094e+01 2.500000e+00 3.725147e+01
      endloop
   endfacet
   facet normal -4.099436e-01 0.000000e+00 9.121109e-01
      outer loop
         vertex 1.252094e+01 2.500000e+00 3.725147e+01
         vertex 1.221310e+01 0.000000e+00 3.711311e+01
         vertex 1.252094e+01 0.000000e+00 3.725147e+01
      endloop
   endfacet
   facet normal -5.574806e-01 0.000000e+00 8.301900e-01
      outer loop
         vertex 1.252094e+01 2.500000e+00 3.725147e+01
         vertex 1.252094e+01 0.000000e+00 3.725147e+01
         vertex 1.280114e+01 2.500000e+00 3.743962e+01
      endloop
   endfacet
   facet normal -5.574806e-01 0.000000e+00 8.301900e-01
      outer loop
         vertex 1.280114e+01 2.500000e+00 3.743962e+01
         vertex 1.252094e+01 0.000000e+00 3.725147e+01
         vertex 1.280114e+01 0.000000e+00 3.743962e+01
      endloop
   endfacet
   facet normal -6.891442e-01 0.000000e+00 7.246243e-01
      outer loop
         vertex 1.280114e+01 2.500000e+00 3.743962e+01
         vertex 1.280114e+01 0.000000e+00 3.743962e+01
         vertex 1.304571e+01 2.500000e+00 3.767222e+01
      endloop
   endfacet
   facet normal -6.891442e-01 0.000000e+00 7.246243e-01
      outer loop
         vertex 1.304571e+01 2.500000e+00 3.767222e+01
         vertex 1.280114e+01 0.000000e+00 3.743962e+01
         vertex 1.304571e+01 0.000000e+00 3.767222e+01
      endloop
   endfacet
   facet normal -8.011786e-01 0.000000e+00 5.984253e-01
      outer loop
         vertex 1.304571e+01 2.500000e+00 3.767222e+01
         vertex 1.304571e+01 0.000000e+00 3.767222e+01
         vertex 1.324769e+01 2.500000e+00 3.794262e+01
      endloop
   endfacet
   facet normal -8.011786e-01 0.000000e+00 5.984253e-01
      outer loop
         vertex 1.324769e+01 2.500000e+00 3.794262e+01
         vertex 1.304571e+01 0.000000e+00 3.767222e+01
         vertex 1.324769e+01 0.000000e+00 3.794262e+01
      endloop
   endfacet
   facet normal -8.903987e-01 0.000000e+00 4.551814e-01
      outer loop
         vertex 1.324769e+01 2.500000e+00 3.794262e+01
         vertex 1.324769e+01 0.000000e+00 3.794262e+01
         vertex 1.340132e+01 2.500000e+00 3.824314e+01
      endloop
   endfacet
   facet normal -8.903987e-01 0.000000e+00 4.551814e-01
      outer loop
         vertex 1.340132e+01 2.500000e+00 3.824314e+01
         vertex 1.324769e+01 0.000000e+00 3.794262e+01
         vertex 1.340132e+01 0.000000e+00 3.824314e+01
      endloop
   endfacet
   facet normal -9.542600e-01 0.000000e+00 2.989780e-01
      outer loop
         vertex 1.340132e+01 2.500000e+00 3.824314e+01
         vertex 1.340132e+01 0.000000e+00 3.824314e+01
         vertex 1.350223e+01 2.500000e+00 3.856522e+01
      endloop
   endfacet
   facet normal -9.542600e-01 0.000000e+00 2.989780e-01
      outer loop
         vertex 1.350223e+01 2.500000e+00 3.856522e+01
         vertex 1.340132e+01 0.000000e+00 3.824314e+01
         vertex 1.350223e+01 0.000000e+00 3.856522e+01
      endloop
   endfacet
   facet normal -0.000000e+00 1.000000e+00 -0.000000e+00
      outer loop
         vertex 2.658838e+01 2.500000e+00 1.435139e+01
         vertex 2.389026e+01 2.500000e+00 1.559367e+01
         vertex 2.943478e+01 2.500000e+00 1.350223e+01
      endloop
   endfacet
   facet normal -0.000000e+00 1.000000e+00 -0.000000e+00
      outer loop
         vertex 2.943478e+01 2.500000e+00 1.350223e+01
         vertex 2.389026e+01 2.500000e+00 1.559367e+01
         vertex 2.975686e+01 2.500000e+00 1.340132e+01
      endloop
   endfacet
   facet normal -0.000000e+00 1.000000e+00 -0.000000e+00
      outer loop
         vertex 2.389026e+01 2.500000e+00 1.559367e+01
         vertex 2.139441e+01 2.500000e+00 1.720420e+01
         vertex 2.975686e+01 2.500000e+00 1.340132e+01
      endloop
   endfacet
   facet normal 0.000000e+00 1.000000e+00 0.000000e+00
      outer loop
         vertex 2.975686e+01 2.500000e+00 1.340132e+01
         vertex 2.139441e+01 2.500000e+00 1.720420e+01
         vertex 1.915076e+01 2.500000e+00 1.915076e+01
      endloop
   endfacet
   facet normal -0.000000e+00 1.000000e+00 -0.000000e+00
      outer loop
         vertex 2.975686e+01 2.500000e+00 1.340132e+01
         vertex 1.915076e+01 2.500000e+00 1.915076e+01
         vertex 3.005738e+01 2.500000e+00 1.324769e+01
      endloop
   endfacet
   facet normal 0.000000e+00 1.000000e+00 0.000000e+00
      outer loop
         vertex 3.005738e+01 2.500000e+00 1.324769e+01
         vertex 1.915076e+01 2.500000e+00 1.915076e+01
         vertex 1.720420e+01 2.500000e+00 2.139441e+01
      endloop
   endfacet
   facet normal 0.000000e+00 1.000000e+00 0.000000e+00
      outer loop
         vertex 3.005738e+01 2.500000e+00 1.324769e+01
         vertex 1.720420e+01 2.500000e+00 2.139441e+01
         vertex 1.559367e+01 2.500000e+00 2.389026e+01
      endloop
   endfacet
   facet normal 0.000000e+00 1.000000e+00 -0.000000e+00
      outer loop
         vertex 3.097152e+01 2.500000e+00 1.188637e+01
         vertex 3.088690e+01 2.500000e+00 1.221310e+01
         vertex 3.400000e+01 2.500000e+00 1.725000e+01
      endloop
   endfacet
   facet normal 0.000000e+00 1.000000e+00 0.000000e+00
      outer loop
         vertex 3.400000e+01 2.500000e+00 1.725000e+01
         vertex 3.088690e+01 2.500000e+00 1.221310e+01
         vertex 3.074854e+01 2.500000e+00 1.252094e+01
      endloop
   endfacet
   facet normal 0.000000e+00 1.000000e+00 0.000000e+00
      outer loop
         vertex 3.400000e+01 2.500000e+00 1.725000e+01
         vertex 3.074854e+01 2.500000e+00 1.252094e+01
         vertex 3.056038e+01 2.500000e+00 1.280114e+01
      endloop
   endfacet
   facet normal -0.000000e+00 1.000000e+00 0.000000e+00
      outer loop
         vertex 1.221310e+01 2.500000e+00 3.088690e+01
         vertex 1.725000e+01 2.500000e+00 3.400000e+01
         vertex 1.252094e+01 2.500000e+00 3.074854e+01
      endloop
   endfacet
   facet normal -0.000000e+00 1.000000e+00 0.000000e+00
      outer loop
         vertex 1.252094e+01 2.500000e+00 3.074854e+01
         vertex 1.725000e+01 2.500000e+00 3.400000e+01
         vertex 1.280114e+01 2.500000e+00 3.056038e+01
      endloop
   endfacet
   facet normal -0.000000e+00 1.000000e+00 -0.000000e+00
      outer loop
         vertex 1.559367e+01 2.500000e+00 2.389026e+01
         vertex 1.435139e+01 2.500000e+00 2.658838e+01
         vertex 3.005738e+01 2.500000e+00 1.324769e+01
      endloop
   endfacet
   facet normal 0.000000e+00 1.000000e+00 0.000000e+00
      outer loop
         vertex 3.005738e+01 2.500000e+00 1.324769e+01
         vertex 1.435139e+01 2.500000e+00 2.658838e+01
         vertex 1.350223e+01 2.500000e+00 2.943478e+01
      endloop
   endfacet
   facet normal -0.000000e+00 1.000000e+00 -0.000000e+00
      outer loop
         vertex 3.005738e+01 2.500000e+00 1.324769e+01
         vertex 1.350223e+01 2.500000e+00 2.943478e+01
         vertex 3.032779e+01 2.500000e+00 1.304571e+01
      endloop
   endfacet
   facet normal 0.000000e+00 1.000000e+00 0.000000e+00
      outer loop
         vertex 3.032779e+01 2.500000e+00 1.304571e+01
         vertex 1.350223e+01 2.500000e+00 2.943478e+01
         vertex 1.340132e+01 2.500000e+00 2.975686e+01
      endloop
   endfacet
   facet normal 0.000000e+00 1.000000e+00 0.000000e+00
      outer loop
         vertex 3.032779e+01 2.500000e+00 1.304571e+01
         vertex 1.340132e+01 2.500000e+00 2.975686e+01
         vertex 1.324769e+01 2.500000e+00 3.005738e+01
      endloop
   endfacet
   facet normal 0.000000e+00 1.000000e+00 0.000000e+00
      outer loop
         vertex 6.133147e+00 2.500000e+00 3.097474e+01
         vertex 5.824253e+00 2.500000e+00 3.089958e+01
         vertex 0.000000e+00 2.500000e+00 3.400000e+01
      endloop
   endfacet
   facet normal 0.000000e+00 1.000000e+00 0.000000e+00
      outer loop
         vertex 2.849941e+01 2.500000e+00 4.478991e-01
         vertex 2.895918e+01 2.500000e+00 4.450465e+00
         vertex 2.927653e+01 2.500000e+00 4.469257e+00
      endloop
   endfacet
   facet normal 0.000000e+00 1.000000e+00 0.000000e+00
      outer loop
         vertex 5.021473e+00 2.500000e+00 3.039971e+01
         vertex 4.817737e+00 2.500000e+00 3.015567e+01
         vertex 0.000000e+00 2.500000e+00 3.400000e+01
      endloop
   endfacet
   facet normal 0.000000e+00 1.000000e+00 0.000000e+00
      outer loop
         vertex 0.000000e+00 2.500000e+00 3.400000e+01
         vertex 4.817737e+00 2.500000e+00 3.015567e+01
         vertex 4.655242e+00 2.500000e+00 2.988243e+01
      endloop
   endfacet
   facet normal 0.000000e+00 1.000000e+00 0.000000e+00
      outer loop
         vertex 0.000000e+00 2.500000e+00 3.400000e+01
         vertex 4.655242e+00 2.500000e+00 2.988243e+01
         vertex 1.993105e-01 2.500000e+00 3.032396e+01
      endloop
   endfacet
   facet normal 0.000000e+00 1.000000e+00 0.000000e+00
      outer loop
         vertex 1.993105e-01 2.500000e+00 3.032396e+01
         vertex 4.655242e+00 2.500000e+00 2.988243e+01
         vertex 4.538095e+00 2.500000e+00 2.958689e+01
      endloop
   endfacet
   facet normal -0.000000e+00 1.000000e+00 0.000000e+00
      outer loop
         vertex 2.849941e+01 2.500000e+00 4.478991e-01
         vertex 2.927653e+01 2.500000e+00 4.469257e+00
         vertex 3.215928e+01 2.500000e+00 4.986674e-02
      endloop
   endfacet
   facet normal -0.000000e+00 1.000000e+00 0.000000e+00
      outer loop
         vertex 2.927653e+01 2.500000e+00 4.469257e+00
         vertex 2.958689e+01 2.500000e+00 4.538095e+00
         vertex 3.215928e+01 2.500000e+00 4.986674e-02
      endloop
   endfacet
   facet normal 0.000000e+00 1.000000e+00 0.000000e+00
      outer loop
         vertex 3.215928e+01 2.500000e+00 4.986674e-02
         vertex 2.958689e+01 2.500000e+00 4.538095e+00
         vertex 2.988243e+01 2.500000e+00 4.655242e+00
      endloop
   endfacet
   facet normal -0.000000e+00 1.000000e+00 -0.000000e+00
      outer loop
         vertex 3.215928e+01 2.500000e+00 4.986674e-02
         vertex 2.988243e+01 2.500000e+00 4.655242e+00
         vertex 3.400000e+01 2.500000e+00 0.000000e+00
      endloop
   endfacet
   facet normal 0.000000e+00 1.000000e+00 0.000000e+00
      outer loop
         vertex 3.400000e+01 2.500000e+00 0.000000e+00
         vertex 2.988243e+01 2.500000e+00 4.655242e+00
         vertex 3.015567e+01 2.500000e+00 4.817737e+00
      endloop
   endfacet
   facet normal 0.000000e+00 1.000000e+00 0.000000e+00
      outer loop
         vertex 3.400000e+01 2.500000e+00 0.000000e+00
         vertex 3.015567e+01 2.500000e+00 4.817737e+00
         vertex 3.039971e+01 2.500000e+00 5.021473e+00
      endloop
   endfacet
   facet normal 0.000000e+00 1.000000e+00 0.000000e+00
      outer loop
         vertex 5.824253e+00 2.500000e+00 3.089958e+01
         vertex 5.531169e+00 2.500000e+00 3.077642e+01
         vertex 0.000000e+00 2.500000e+00 3.400000e+01
      endloop
   endfacet
   facet normal 0.000000e+00 1.000000e+00 0.000000e+00
      outer loop
         vertex 0.000000e+00 2.500000e+00 3.400000e+01
         vertex 5.531169e+00 2.500000e+00 3.077642e+01
         vertex 5.261304e+00 2.500000e+00 3.060838e+01
      endloop
   endfacet
   facet normal 0.000000e+00 1.000000e+00 0.000000e+00
      outer loop
         vertex 0.000000e+00 2.500000e+00 3.400000e+01
         vertex 5.261304e+00 2.500000e+00 3.060838e+01
         vertex 5.021473e+00 2.500000e+00 3.039971e+01
      endloop
   endfacet
   facet normal -0.000000e+00 1.000000e+00 0.000000e+00
      outer loop
         vertex 3.039971e+01 2.500000e+00 5.021473e+00
         vertex 3.060838e+01 2.500000e+00 5.261304e+00
         vertex 3.400000e+01 2.500000e+00 0.000000e+00
      endloop
   endfacet
   facet normal 0.000000e+00 1.000000e+00 0.000000e+00
      outer loop
         vertex 3.400000e+01 2.500000e+00 0.000000e+00
         vertex 3.060838e+01 2.500000e+00 5.261304e+00
         vertex 3.077642e+01 2.500000e+00 5.531169e+00
      endloop
   endfacet
   facet normal 0.000000e+00 1.000000e+00 0.000000e+00
      outer loop
         vertex 3.400000e+01 2.500000e+00 0.000000e+00
         vertex 3.077642e+01 2.500000e+00 5.531169e+00
         vertex 3.089958e+01 2.500000e+00 5.824253e+00
      endloop
   endfacet
   facet normal -0.000000e+00 1.000000e+00 0.000000e+00
      outer loop
         vertex 1.280114e+01 2.500000e+00 3.056038e+01
         vertex 1.725000e+01 2.500000e+00 3.400000e+01
         vertex 1.304571e+01 2.500000e+00 3.032779e+01
      endloop
   endfacet
   facet normal 0.000000e+00 1.000000e+00 0.000000e+00
      outer loop
         vertex 1.304571e+01 2.500000e+00 3.032779e+01
         vertex 1.725000e+01 2.500000e+00 3.400000e+01
         vertex 1.745622e+01 2.500000e+00 3.137972e+01
      endloop
   endfacet
   facet normal -0.000000e+00 1.000000e+00 0.000000e+00
      outer loop
         vertex 1.304571e+01 2.500000e+00 3.032779e+01
         vertex 1.745622e+01 2.500000e+00 3.137972e+01
         vertex 1.324769e+01 2.500000e+00 3.005738e+01
      endloop
   endfacet
   facet normal -0.000000e+00 1.000000e+00 0.000000e+00
      outer loop
         vertex 1.324769e+01 2.500000e+00 3.005738e+01
         vertex 1.745622e+01 2.500000e+00 3.137972e+01
         vertex 1.806981e+01 2.500000e+00 2.882397e+01
      endloop
   endfacet
   facet normal 0.000000e+00 1.000000e+00 0.000000e+00
      outer loop
         vertex 1.324769e+01 2.500000e+00 3.005738e+01
         vertex 1.806981e+01 2.500000e+00 2.882397e+01
         vertex 1.907564e+01 2.500000e+00 2.639566e+01
      endloop
   endfacet
   facet normal 0.000000e+00 1.000000e+00 0.000000e+00
      outer loop
         vertex 2.415460e+01 2.500000e+00 2.044897e+01
         vertex 3.032779e+01 2.500000e+00 1.304571e+01
         vertex 2.215596e+01 2.500000e+00 2.215596e+01
      endloop
   endfacet
   facet normal 0.000000e+00 1.000000e+00 0.000000e+00
      outer loop
         vertex 2.215596e+01 2.500000e+00 2.215596e+01
         vertex 3.032779e+01 2.500000e+00 1.304571e+01
         vertex 1.324769e+01 2.500000e+00 3.005738e+01
      endloop
   endfacet
   facet normal 0.000000e+00 1.000000e+00 0.000000e+00
      outer loop
         vertex 2.215596e+01 2.500000e+00 2.215596e+01
         vertex 1.324769e+01 2.500000e+00 3.005738e+01
         vertex 2.044897e+01 2.500000e+00 2.415460e+01
      endloop
   endfacet
   facet normal 0.000000e+00 1.000000e+00 0.000000e+00
      outer loop
         vertex 2.044897e+01 2.500000e+00 2.415460e+01
         vertex 1.324769e+01 2.500000e+00 3.005738e+01
         vertex 1.907564e+01 2.500000e+00 2.639566e+01
      endloop
   endfacet
   facet normal 0.000000e+00 1.000000e+00 0.000000e+00
      outer loop
         vertex 2.415460e+01 2.500000e+00 2.044897e+01
         vertex 2.639566e+01 2.500000e+00 1.907564e+01
         vertex 3.032779e+01 2.500000e+00 1.304571e+01
      endloop
   endfacet
   facet normal 0.000000e+00 1.000000e+00 0.000000e+00
      outer loop
         vertex 3.032779e+01 2.500000e+00 1.304571e+01
         vertex 2.639566e+01 2.500000e+00 1.907564e+01
         vertex 2.882397e+01 2.500000e+00 1.806981e+01
      endloop
   endfacet
   facet normal -0.000000e+00 1.000000e+00 -0.000000e+00
      outer loop
         vertex 3.032779e+01 2.500000e+00 1.304571e+01
         vertex 2.882397e+01 2.500000e+00 1.806981e+01
         vertex 3.056038e+01 2.500000e+00 1.280114e+01
      endloop
   endfacet
   facet normal 0.000000e+00 1.000000e+00 -0.000000e+00
      outer loop
         vertex 3.056038e+01 2.500000e+00 1.280114e+01
         vertex 2.882397e+01 2.500000e+00 1.806981e+01
         vertex 3.137972e+01 2.500000e+00 1.745622e+01
      endloop
   endfacet
   facet normal 0.000000e+00 1.000000e+00 0.000000e+00
      outer loop
         vertex 3.056038e+01 2.500000e+00 1.280114e+01
         vertex 3.137972e+01 2.500000e+00 1.745622e+01
         vertex 3.400000e+01 2.500000e+00 1.725000e+01
      endloop
   endfacet
   facet normal 0.000000e+00 1.000000e+00 -0.000000e+00
      outer loop
         vertex 1.221310e+01 2.500000e+00 3.088690e+01
         vertex 1.188637e+01 2.500000e+00 3.097152e+01
         vertex 1.725000e+01 2.500000e+00 3.400000e+01
      endloop
   endfacet
   facet normal 0.000000e+00 1.000000e+00 0.000000e+00
      outer loop
         vertex 1.725000e+01 2.500000e+00 3.400000e+01
         vertex 1.188637e+01 2.500000e+00 3.097152e+01
         vertex 1.155006e+01 2.500000e+00 3.100000e+01
      endloop
   endfacet
   facet normal 0.000000e+00 1.000000e+00 0.000000e+00
      outer loop
         vertex 1.725000e+01 2.500000e+00 3.400000e+01
         vertex 1.155006e+01 2.500000e+00 3.100000e+01
         vertex 0.000000e+00 2.500000e+00 3.400000e+01
      endloop
   endfacet
   facet normal 0.000000e+00 1.000000e+00 0.000000e+00
      outer loop
         vertex 0.000000e+00 2.500000e+00 3.400000e+01
         vertex 1.155006e+01 2.500000e+00 3.100000e+01
         vertex 6.450048e+00 2.500000e+00 3.100000e+01
      endloop
   endfacet
   facet normal 0.000000e+00 1.000000e+00 0.000000e+00
      outer loop
         vertex 0.000000e+00 2.500000e+00 3.400000e+01
         vertex 6.450048e+00 2.500000e+00 3.100000e+01
         vertex 6.133147e+00 2.500000e+00 3.097474e+01
      endloop
   endfacet
   facet normal -0.000000e+00 1.000000e+00 0.000000e+00
      outer loop
         vertex 3.089958e+01 2.500000e+00 5.824253e+00
         vertex 3.097474e+01 2.500000e+00 6.133147e+00
         vertex 3.400000e+01 2.500000e+00 0.000000e+00
      endloop
   endfacet
   facet normal 0.000000e+00 1.000000e+00 0.000000e+00
      outer loop
         vertex 3.400000e+01 2.500000e+00 0.000000e+00
         vertex 3.097474e+01 2.500000e+00 6.133147e+00
         vertex 3.100000e+01 2.500000e+00 6.450048e+00
      endloop
   endfacet
   facet normal 0.000000e+00 1.000000e+00 -0.000000e+00
      outer loop
         vertex 3.400000e+01 2.500000e+00 0.000000e+00
         vertex 3.100000e+01 2.500000e+00 6.450048e+00
         vertex 3.400000e+01 2.500000e+00 1.725000e+01
      endloop
   endfacet
   facet normal 0.000000e+00 1.000000e+00 0.000000e+00
      outer loop
         vertex 3.400000e+01 2.500000e+00 1.725000e+01
         vertex 3.100000e+01 2.500000e+00 6.450048e+00
         vertex 3.100000e+01 2.500000e+00 1.155006e+01
      endloop
   endfacet
   facet normal 0.000000e+00 1.000000e+00 0.000000e+00
      outer loop
         vertex 3.400000e+01 2.500000e+00 1.725000e+01
         vertex 3.100000e+01 2.500000e+00 1.155006e+01
         vertex 3.097152e+01 2.500000e+00 1.188637e+01
      endloop
   endfacet
   facet normal 0.000000e+00 1.000000e+00 0.000000e+00
      outer loop
         vertex 4.538095e+00 2.500000e+00 2.958689e+01
         vertex 4.469257e+00 2.500000e+00 2.927653e+01
         vertex 1.993105e-01 2.500000e+00 3.032396e+01
      endloop
   endfacet
   facet normal 0.000000e+00 1.000000e+00 0.000000e+00
      outer loop
         vertex 1.993105e-01 2.500000e+00 3.032396e+01
         vertex 4.469257e+00 2.500000e+00 2.927653e+01
         vertex 4.450465e+00 2.500000e+00 2.895918e+01
      endloop
   endfacet
   facet normal 0.000000e+00 1.000000e+00 0.000000e+00
      outer loop
         vertex 1.993105e-01 2.500000e+00 3.032396e+01
         vertex 4.450465e+00 2.500000e+00 2.895918e+01
         vertex 7.949024e-01 2.500000e+00 2.669101e+01
      endloop
   endfacet
   facet normal 0.000000e+00 1.000000e+00 0.000000e+00
      outer loop
         vertex 7.949024e-01 2.500000e+00 2.669101e+01
         vertex 4.450465e+00 2.500000e+00 2.895918e+01
         vertex 4.482193e+00 2.500000e+00 2.864286e+01
      endloop
   endfacet
   facet normal -0.000000e+00 1.000000e+00 0.000000e+00
      outer loop
         vertex 7.949024e-01 2.500000e+00 2.669101e+01
         vertex 4.482193e+00 2.500000e+00 2.864286e+01
         vertex 1.779795e+00 2.500000e+00 2.314375e+01
      endloop
   endfacet
   facet normal 0.000000e+00 1.000000e+00 0.000000e+00
      outer loop
         vertex 1.779795e+00 2.500000e+00 2.314375e+01
         vertex 4.482193e+00 2.500000e+00 2.864286e+01
         vertex 5.250040e+00 2.500000e+00 2.543031e+01
      endloop
   endfacet
   facet normal -0.000000e+00 1.000000e+00 0.000000e+00
      outer loop
         vertex 1.779795e+00 2.500000e+00 2.314375e+01
         vertex 5.250040e+00 2.500000e+00 2.543031e+01
         vertex 3.142437e+00 2.500000e+00 1.972377e+01
      endloop
   endfacet
   facet normal 0.000000e+00 1.000000e+00 0.000000e+00
      outer loop
         vertex 3.142437e+00 2.500000e+00 1.972377e+01
         vertex 5.250040e+00 2.500000e+00 2.543031e+01
         vertex 6.366402e+00 2.500000e+00 2.232164e+01
      endloop
   endfacet
   facet normal -0.000000e+00 1.000000e+00 0.000000e+00
      outer loop
         vertex 3.142437e+00 2.500000e+00 1.972377e+01
         vertex 6.366402e+00 2.500000e+00 2.232164e+01
         vertex 4.866857e+00 2.500000e+00 1.647117e+01
      endloop
   endfacet
   facet normal 0.000000e+00 1.000000e+00 0.000000e+00
      outer loop
         vertex 4.866857e+00 2.500000e+00 1.647117e+01
         vertex 6.366402e+00 2.500000e+00 2.232164e+01
         vertex 7.817747e+00 2.500000e+00 1.935454e+01
      endloop
   endfacet
   facet normal -0.000000e+00 1.000000e+00 0.000000e+00
      outer loop
         vertex 4.866857e+00 2.500000e+00 1.647117e+01
         vertex 7.817747e+00 2.500000e+00 1.935454e+01
         vertex 6.932838e+00 2.500000e+00 1.342408e+01
      endloop
   endfacet
   facet normal 0.000000e+00 1.000000e+00 0.000000e+00
      outer loop
         vertex 6.932838e+00 2.500000e+00 1.342408e+01
         vertex 7.817747e+00 2.500000e+00 1.935454e+01
         vertex 9.586483e+00 2.500000e+00 1.656498e+01
      endloop
   endfacet
   facet normal -0.000000e+00 1.000000e+00 0.000000e+00
      outer loop
         vertex 6.932838e+00 2.500000e+00 1.342408e+01
         vertex 9.586483e+00 2.500000e+00 1.656498e+01
         vertex 9.316156e+00 2.500000e+00 1.061822e+01
      endloop
   endfacet
   facet normal 0.000000e+00 1.000000e+00 0.000000e+00
      outer loop
         vertex 9.316156e+00 2.500000e+00 1.061822e+01
         vertex 9.586483e+00 2.500000e+00 1.656498e+01
         vertex 1.165117e+01 2.500000e+00 1.398677e+01
      endloop
   endfacet
   facet normal -0.000000e+00 1.000000e+00 0.000000e+00
      outer loop
         vertex 9.316156e+00 2.500000e+00 1.061822e+01
         vertex 1.165117e+01 2.500000e+00 1.398677e+01
         vertex 1.198887e+01 2.500000e+00 8.086491e+00
      endloop
   endfacet
   facet normal 0.000000e+00 1.000000e+00 -0.000000e+00
      outer loop
         vertex 1.198887e+01 2.500000e+00 8.086491e+00
         vertex 1.165117e+01 2.500000e+00 1.398677e+01
         vertex 1.398677e+01 2.500000e+00 1.165117e+01
      endloop
   endfacet
   facet normal -0.000000e+00 1.000000e+00 0.000000e+00
      outer loop
         vertex 1.198887e+01 2.500000e+00 8.086491e+00
         vertex 1.398677e+01 2.500000e+00 1.165117e+01
         vertex 1.491964e+01 2.500000e+00 5.858576e+00
      endloop
   endfacet
   facet normal 0.000000e+00 1.000000e+00 -0.000000e+00
      outer loop
         vertex 1.491964e+01 2.500000e+00 5.858576e+00
         vertex 1.398677e+01 2.500000e+00 1.165117e+01
         vertex 1.656498e+01 2.500000e+00 9.586483e+00
      endloop
   endfacet
   facet normal -0.000000e+00 1.000000e+00 0.000000e+00
      outer loop
         vertex 1.491964e+01 2.500000e+00 5.858576e+00
         vertex 1.656498e+01 2.500000e+00 9.586483e+00
         vertex 1.807412e+01 2.500000e+00 3.960593e+00
      endloop
   endfacet
   facet normal 0.000000e+00 1.000000e+00 -0.000000e+00
      outer loop
         vertex 1.807412e+01 2.500000e+00 3.960593e+00
         vertex 1.656498e+01 2.500000e+00 9.586483e+00
         vertex 1.935454e+01 2.500000e+00 7.817747e+00
      endloop
   endfacet
   facet normal -0.000000e+00 1.000000e+00 0.000000e+00
      outer loop
         vertex 1.807412e+01 2.500000e+00 3.960593e+00
         vertex 1.935454e+01 2.500000e+00 7.817747e+00
         vertex 2.141530e+01 2.500000e+00 2.414793e+00
      endloop
   endfacet
   facet normal 0.000000e+00 1.000000e+00 -0.000000e+00
      outer loop
         vertex 2.141530e+01 2.500000e+00 2.414793e+00
         vertex 1.935454e+01 2.500000e+00 7.817747e+00
         vertex 2.232164e+01 2.500000e+00 6.366402e+00
      endloop
   endfacet
   facet normal -0.000000e+00 1.000000e+00 0.000000e+00
      outer loop
         vertex 2.141530e+01 2.500000e+00 2.414793e+00
         vertex 2.232164e+01 2.500000e+00 6.366402e+00
         vertex 2.490404e+01 2.500000e+00 1.239303e+00
      endloop
   endfacet
   facet normal 0.000000e+00 1.000000e+00 -0.000000e+00
      outer loop
         vertex 2.490404e+01 2.500000e+00 1.239303e+00
         vertex 2.232164e+01 2.500000e+00 6.366402e+00
         vertex 2.543031e+01 2.500000e+00 5.250040e+00
      endloop
   endfacet
   facet normal -0.000000e+00 1.000000e+00 0.000000e+00
      outer loop
         vertex 2.490404e+01 2.500000e+00 1.239303e+00
         vertex 2.543031e+01 2.500000e+00 5.250040e+00
         vertex 2.849941e+01 2.500000e+00 4.478991e-01
      endloop
   endfacet
   facet normal 0.000000e+00 1.000000e+00 -0.000000e+00
      outer loop
         vertex 2.849941e+01 2.500000e+00 4.478991e-01
         vertex 2.543031e+01 2.500000e+00 5.250040e+00
         vertex 2.864286e+01 2.500000e+00 4.482193e+00
      endloop
   endfacet
   facet normal 0.000000e+00 1.000000e+00 0.000000e+00
      outer loop
         vertex 2.849941e+01 2.500000e+00 4.478991e-01
         vertex 2.864286e+01 2.500000e+00 4.482193e+00
         vertex 2.895918e+01 2.500000e+00 4.450465e+00
      endloop
   endfacet
   facet normal 0.000000e+00 1.000000e+00 -0.000000e+00
      outer loop
         vertex 6.353075e+01 2.500000e+00 2.927653e+01
         vertex 6.346191e+01 2.500000e+00 2.958689e+01
         vertex 6.780069e+01 2.500000e+00 3.032396e+01
      endloop
   endfacet
   facet normal 0.000000e+00 1.000000e+00 0.000000e+00
      outer loop
         vertex 6.800000e+01 2.500000e+00 3.400000e+01
         vertex 6.154996e+01 2.500000e+00 3.100000e+01
         vertex 5.075000e+01 2.500000e+00 3.400000e+01
      endloop
   endfacet
   facet normal 0.000000e+00 1.000000e+00 0.000000e+00
      outer loop
         vertex 5.075000e+01 2.500000e+00 3.400000e+01
         vertex 6.154996e+01 2.500000e+00 3.100000e+01
         vertex 5.644995e+01 2.500000e+00 3.100000e+01
      endloop
   endfacet
   facet normal 0.000000e+00 1.000000e+00 0.000000e+00
      outer loop
         vertex 5.075000e+01 2.500000e+00 3.400000e+01
         vertex 5.644995e+01 2.500000e+00 3.100000e+01
         vertex 5.611364e+01 2.500000e+00 3.097152e+01
      endloop
   endfacet
   facet normal 0.000000e+00 1.000000e+00 0.000000e+00
      outer loop
         vertex 5.611364e+01 2.500000e+00 3.097152e+01
         vertex 5.578691e+01 2.500000e+00 3.088690e+01
         vertex 5.075000e+01 2.500000e+00 3.400000e+01
      endloop
   endfacet
   facet normal 0.000000e+00 1.000000e+00 0.000000e+00
      outer loop
         vertex 5.075000e+01 2.500000e+00 3.400000e+01
         vertex 5.578691e+01 2.500000e+00 3.088690e+01
         vertex 5.547906e+01 2.500000e+00 3.074854e+01
      endloop
   endfacet
   facet normal 0.000000e+00 1.000000e+00 0.000000e+00
      outer loop
         vertex 5.075000e+01 2.500000e+00 3.400000e+01
         vertex 5.547906e+01 2.500000e+00 3.074854e+01
         vertex 5.519886e+01 2.500000e+00 3.056038e+01
      endloop
   endfacet
   facet normal 0.000000e+00 1.000000e+00 -0.000000e+00
      outer loop
         vertex 3.584072e+01 2.500000e+00 4.986674e-02
         vertex 3.400000e+01 2.500000e+00 0.000000e+00
         vertex 3.784434e+01 2.500000e+00 4.817737e+00
      endloop
   endfacet
   facet normal 0.000000e+00 1.000000e+00 0.000000e+00
      outer loop
         vertex 3.767222e+01 2.500000e+00 1.304571e+01
         vertex 3.743962e+01 2.500000e+00 1.280114e+01
         vertex 3.400000e+01 2.500000e+00 1.725000e+01
      endloop
   endfacet
   facet normal 0.000000e+00 1.000000e+00 0.000000e+00
      outer loop
         vertex 3.400000e+01 2.500000e+00 1.725000e+01
         vertex 3.743962e+01 2.500000e+00 1.280114e+01
         vertex 3.725147e+01 2.500000e+00 1.252094e+01
      endloop
   endfacet
   facet normal 0.000000e+00 1.000000e+00 0.000000e+00
      outer loop
         vertex 3.400000e+01 2.500000e+00 1.725000e+01
         vertex 3.725147e+01 2.500000e+00 1.252094e+01
         vertex 3.711311e+01 2.500000e+00 1.221310e+01
      endloop
   endfacet
   facet normal 0.000000e+00 1.000000e+00 0.000000e+00
      outer loop
         vertex 3.702527e+01 2.500000e+00 6.133147e+00
         vertex 3.710043e+01 2.500000e+00 5.824253e+00
         vertex 3.400000e+01 2.500000e+00 0.000000e+00
      endloop
   endfacet
   facet normal 0.000000e+00 1.000000e+00 0.000000e+00
      outer loop
         vertex 3.400000e+01 2.500000e+00 0.000000e+00
         vertex 3.710043e+01 2.500000e+00 5.824253e+00
         vertex 3.722358e+01 2.500000e+00 5.531169e+00
      endloop
   endfacet
   facet normal 0.000000e+00 1.000000e+00 0.000000e+00
      outer loop
         vertex 3.784434e+01 2.500000e+00 4.817737e+00
         vertex 3.811758e+01 2.500000e+00 4.655242e+00
         vertex 3.584072e+01 2.500000e+00 4.986674e-02
      endloop
   endfacet
   facet normal 0.000000e+00 1.000000e+00 0.000000e+00
      outer loop
         vertex 3.584072e+01 2.500000e+00 4.986674e-02
         vertex 3.811758e+01 2.500000e+00 4.655242e+00
         vertex 3.841311e+01 2.500000e+00 4.538095e+00
      endloop
   endfacet
   facet normal 0.000000e+00 1.000000e+00 0.000000e+00
      outer loop
         vertex 3.584072e+01 2.500000e+00 4.986674e-02
         vertex 3.841311e+01 2.500000e+00 4.538095e+00
         vertex 3.950059e+01 2.500000e+00 4.478991e-01
      endloop
   endfacet
   facet normal 0.000000e+00 1.000000e+00 0.000000e+00
      outer loop
         vertex 3.950059e+01 2.500000e+00 4.478991e-01
         vertex 3.841311e+01 2.500000e+00 4.538095e+00
         vertex 3.872348e+01 2.500000e+00 4.469257e+00
      endloop
   endfacet
   facet normal 0.000000e+00 1.000000e+00 -0.000000e+00
      outer loop
         vertex 6.780069e+01 2.500000e+00 3.032396e+01
         vertex 6.346191e+01 2.500000e+00 2.958689e+01
         vertex 6.800000e+01 2.500000e+00 3.400000e+01
      endloop
   endfacet
   facet normal 0.000000e+00 1.000000e+00 0.000000e+00
      outer loop
         vertex 6.800000e+01 2.500000e+00 3.400000e+01
         vertex 6.346191e+01 2.500000e+00 2.958689e+01
         vertex 6.334476e+01 2.500000e+00 2.988243e+01
      endloop
   endfacet
   facet normal 0.000000e+00 1.000000e+00 0.000000e+00
      outer loop
         vertex 6.800000e+01 2.500000e+00 3.400000e+01
         vertex 6.334476e+01 2.500000e+00 2.988243e+01
         vertex 6.318227e+01 2.500000e+00 3.015567e+01
      endloop
   endfacet
   facet normal 0.000000e+00 1.000000e+00 -0.000000e+00
      outer loop
         vertex 6.246883e+01 2.500000e+00 3.077642e+01
         vertex 6.217575e+01 2.500000e+00 3.089958e+01
         vertex 6.800000e+01 2.500000e+00 3.400000e+01
      endloop
   endfacet
   facet normal 0.000000e+00 1.000000e+00 0.000000e+00
      outer loop
         vertex 6.800000e+01 2.500000e+00 3.400000e+01
         vertex 6.217575e+01 2.500000e+00 3.089958e+01
         vertex 6.186686e+01 2.500000e+00 3.097474e+01
      endloop
   endfacet
   facet normal 0.000000e+00 1.000000e+00 0.000000e+00
      outer loop
         vertex 6.800000e+01 2.500000e+00 3.400000e+01
         vertex 6.186686e+01 2.500000e+00 3.097474e+01
         vertex 6.154996e+01 2.500000e+00 3.100000e+01
      endloop
   endfacet
   facet normal 0.000000e+00 1.000000e+00 0.000000e+00
      outer loop
         vertex 5.519886e+01 2.500000e+00 3.056038e+01
         vertex 5.495429e+01 2.500000e+00 3.032779e+01
         vertex 5.075000e+01 2.500000e+00 3.400000e+01
      endloop
   endfacet
   facet normal 0.000000e+00 1.000000e+00 0.000000e+00
      outer loop
         vertex 5.075000e+01 2.500000e+00 3.400000e+01
         vertex 5.495429e+01 2.500000e+00 3.032779e+01
         vertex 5.475231e+01 2.500000e+00 3.005738e+01
      endloop
   endfacet
   facet normal 0.000000e+00 1.000000e+00 0.000000e+00
      outer loop
         vertex 5.075000e+01 2.500000e+00 3.400000e+01
         vertex 5.475231e+01 2.500000e+00 3.005738e+01
         vertex 5.054378e+01 2.500000e+00 3.137972e+01
      endloop
   endfacet
   facet normal 0.000000e+00 1.000000e+00 0.000000e+00
      outer loop
         vertex 3.662028e+01 2.500000e+00 1.745622e+01
         vertex 3.824314e+01 2.500000e+00 1.340132e+01
         vertex 3.400000e+01 2.500000e+00 1.725000e+01
      endloop
   endfacet
   facet normal 0.000000e+00 1.000000e+00 0.000000e+00
      outer loop
         vertex 3.400000e+01 2.500000e+00 1.725000e+01
         vertex 3.824314e+01 2.500000e+00 1.340132e+01
         vertex 3.794262e+01 2.500000e+00 1.324769e+01
      endloop
   endfacet
   facet normal 0.000000e+00 1.000000e+00 0.000000e+00
      outer loop
         vertex 3.400000e+01 2.500000e+00 1.725000e+01
         vertex 3.794262e+01 2.500000e+00 1.324769e+01
         vertex 3.767222e+01 2.500000e+00 1.304571e+01
      endloop
   endfacet
   facet normal 0.000000e+00 1.000000e+00 0.000000e+00
      outer loop
         vertex 3.722358e+01 2.500000e+00 5.531169e+00
         vertex 3.739162e+01 2.500000e+00 5.261304e+00
         vertex 3.400000e+01 2.500000e+00 0.000000e+00
      endloop
   endfacet
   facet normal 0.000000e+00 1.000000e+00 0.000000e+00
      outer loop
         vertex 3.400000e+01 2.500000e+00 0.000000e+00
         vertex 3.739162e+01 2.500000e+00 5.261304e+00
         vertex 3.760030e+01 2.500000e+00 5.021473e+00
      endloop
   endfacet
   facet normal 0.000000e+00 1.000000e+00 0.000000e+00
      outer loop
         vertex 3.400000e+01 2.500000e+00 0.000000e+00
         vertex 3.760030e+01 2.500000e+00 5.021473e+00
         vertex 3.784434e+01 2.500000e+00 4.817737e+00
      endloop
   endfacet
   facet normal 0.000000e+00 1.000000e+00 -0.000000e+00
      outer loop
         vertex 6.318227e+01 2.500000e+00 3.015567e+01
         vertex 6.297853e+01 2.500000e+00 3.039971e+01
         vertex 6.800000e+01 2.500000e+00 3.400000e+01
      endloop
   endfacet
   facet normal 0.000000e+00 1.000000e+00 0.000000e+00
      outer loop
         vertex 6.800000e+01 2.500000e+00 3.400000e+01
         vertex 6.297853e+01 2.500000e+00 3.039971e+01
         vertex 6.273870e+01 2.500000e+00 3.060838e+01
      endloop
   endfacet
   facet normal 0.000000e+00 1.000000e+00 0.000000e+00
      outer loop
         vertex 6.800000e+01 2.500000e+00 3.400000e+01
         vertex 6.273870e+01 2.500000e+00 3.060838e+01
         vertex 6.246883e+01 2.500000e+00 3.077642e+01
      endloop
   endfacet
   facet normal 0.000000e+00 1.000000e+00 0.000000e+00
      outer loop
         vertex 3.711311e+01 2.500000e+00 1.221310e+01
         vertex 3.702848e+01 2.500000e+00 1.188637e+01
         vertex 3.400000e+01 2.500000e+00 1.725000e+01
      endloop
   endfacet
   facet normal 0.000000e+00 1.000000e+00 0.000000e+00
      outer loop
         vertex 3.400000e+01 2.500000e+00 1.725000e+01
         vertex 3.702848e+01 2.500000e+00 1.188637e+01
         vertex 3.700000e+01 2.500000e+00 1.155006e+01
      endloop
   endfacet
   facet normal 0.000000e+00 1.000000e+00 0.000000e+00
      outer loop
         vertex 3.400000e+01 2.500000e+00 1.725000e+01
         vertex 3.700000e+01 2.500000e+00 1.155006e+01
         vertex 3.400000e+01 2.500000e+00 0.000000e+00
      endloop
   endfacet
   facet normal 0.000000e+00 1.000000e+00 0.000000e+00
      outer loop
         vertex 3.400000e+01 2.500000e+00 0.000000e+00
         vertex 3.700000e+01 2.500000e+00 1.155006e+01
         vertex 3.700000e+01 2.500000e+00 6.450048e+00
      endloop
   endfacet
   facet normal 0.000000e+00 1.000000e+00 0.000000e+00
      outer loop
         vertex 3.400000e+01 2.500000e+00 0.000000e+00
         vertex 3.700000e+01 2.500000e+00 6.450048e+00
         vertex 3.702527e+01 2.500000e+00 6.133147e+00
      endloop
   endfacet
   facet normal 0.000000e+00 1.000000e+00 0.000000e+00
      outer loop
         vertex 5.475231e+01 2.500000e+00 3.005738e+01
         vertex 5.459869e+01 2.500000e+00 2.975686e+01
         vertex 5.054378e+01 2.500000e+00 3.137972e+01
      endloop
   endfacet
   facet normal 0.000000e+00 1.000000e+00 0.000000e+00
      outer loop
         vertex 5.054378e+01 2.500000e+00 3.137972e+01
         vertex 5.459869e+01 2.500000e+00 2.975686e+01
         vertex 5.449778e+01 2.500000e+00 2.943478e+01
      endloop
   endfacet
   facet normal 0.000000e+00 1.000000e+00 0.000000e+00
      outer loop
         vertex 5.054378e+01 2.500000e+00 3.137972e+01
         vertex 5.449778e+01 2.500000e+00 2.943478e+01
         vertex 4.993020e+01 2.500000e+00 2.882397e+01
      endloop
   endfacet
   facet normal -0.000000e+00 1.000000e+00 0.000000e+00
      outer loop
         vertex 4.993020e+01 2.500000e+00 2.882397e+01
         vertex 5.449778e+01 2.500000e+00 2.943478e+01
         vertex 5.364861e+01 2.500000e+00 2.658838e+01
      endloop
   endfacet
   facet normal 0.000000e+00 1.000000e+00 0.000000e+00
      outer loop
         vertex 4.993020e+01 2.500000e+00 2.882397e+01
         vertex 5.364861e+01 2.500000e+00 2.658838e+01
         vertex 4.892436e+01 2.500000e+00 2.639566e+01
      endloop
   endfacet
   facet normal -0.000000e+00 1.000000e+00 0.000000e+00
      outer loop
         vertex 4.892436e+01 2.500000e+00 2.639566e+01
         vertex 5.364861e+01 2.500000e+00 2.658838e+01
         vertex 5.240634e+01 2.500000e+00 2.389026e+01
      endloop
   endfacet
   facet normal 0.000000e+00 1.000000e+00 0.000000e+00
      outer loop
         vertex 4.892436e+01 2.500000e+00 2.639566e+01
         vertex 5.240634e+01 2.500000e+00 2.389026e+01
         vertex 4.755104e+01 2.500000e+00 2.415460e+01
      endloop
   endfacet
   facet normal 0.000000e+00 1.000000e+00 0.000000e+00
      outer loop
         vertex 4.755104e+01 2.500000e+00 2.415460e+01
         vertex 5.240634e+01 2.500000e+00 2.389026e+01
         vertex 5.079581e+01 2.500000e+00 2.139441e+01
      endloop
   endfacet
   facet normal 0.000000e+00 1.000000e+00 0.000000e+00
      outer loop
         vertex 4.755104e+01 2.500000e+00 2.415460e+01
         vertex 5.079581e+01 2.500000e+00 2.139441e+01
         vertex 4.584404e+01 2.500000e+00 2.215596e+01
      endloop
   endfacet
   facet normal 0.000000e+00 1.000000e+00 0.000000e+00
      outer loop
         vertex 4.584404e+01 2.500000e+00 2.215596e+01
         vertex 5.079581e+01 2.500000e+00 2.139441e+01
         vertex 4.884924e+01 2.500000e+00 1.915076e+01
      endloop
   endfacet
   facet normal 0.000000e+00 1.000000e+00 0.000000e+00
      outer loop
         vertex 4.584404e+01 2.500000e+00 2.215596e+01
         vertex 4.884924e+01 2.500000e+00 1.915076e+01
         vertex 4.384540e+01 2.500000e+00 2.044897e+01
      endloop
   endfacet
   facet normal 0.000000e+00 1.000000e+00 0.000000e+00
      outer loop
         vertex 4.384540e+01 2.500000e+00 2.044897e+01
         vertex 4.884924e+01 2.500000e+00 1.915076e+01
         vertex 4.660559e+01 2.500000e+00 1.720420e+01
      endloop
   endfacet
   facet normal 0.000000e+00 1.000000e+00 0.000000e+00
      outer loop
         vertex 4.384540e+01 2.500000e+00 2.044897e+01
         vertex 4.660559e+01 2.500000e+00 1.720420e+01
         vertex 4.160434e+01 2.500000e+00 1.907564e+01
      endloop
   endfacet
   facet normal 0.000000e+00 1.000000e+00 0.000000e+00
      outer loop
         vertex 4.160434e+01 2.500000e+00 1.907564e+01
         vertex 4.660559e+01 2.500000e+00 1.720420e+01
         vertex 4.410974e+01 2.500000e+00 1.559367e+01
      endloop
   endfacet
   facet normal 0.000000e+00 1.000000e+00 0.000000e+00
      outer loop
         vertex 4.160434e+01 2.500000e+00 1.907564e+01
         vertex 4.410974e+01 2.500000e+00 1.559367e+01
         vertex 3.917604e+01 2.500000e+00 1.806981e+01
      endloop
   endfacet
   facet normal 0.000000e+00 1.000000e+00 0.000000e+00
      outer loop
         vertex 3.917604e+01 2.500000e+00 1.806981e+01
         vertex 4.410974e+01 2.500000e+00 1.559367e+01
         vertex 4.141162e+01 2.500000e+00 1.435139e+01
      endloop
   endfacet
   facet normal 0.000000e+00 1.000000e+00 0.000000e+00
      outer loop
         vertex 3.917604e+01 2.500000e+00 1.806981e+01
         vertex 4.141162e+01 2.500000e+00 1.435139e+01
         vertex 3.662028e+01 2.500000e+00 1.745622e+01
      endloop
   endfacet
   facet normal 0.000000e+00 1.000000e+00 0.000000e+00
      outer loop
         vertex 3.662028e+01 2.500000e+00 1.745622e+01
         vertex 4.141162e+01 2.500000e+00 1.435139e+01
         vertex 3.856522e+01 2.500000e+00 1.350223e+01
      endloop
   endfacet
   facet normal 0.000000e+00 1.000000e+00 0.000000e+00
      outer loop
         vertex 3.662028e+01 2.500000e+00 1.745622e+01
         vertex 3.856522e+01 2.500000e+00 1.350223e+01
         vertex 3.824314e+01 2.500000e+00 1.340132e+01
      endloop
   endfacet
   facet normal 0.000000e+00 1.000000e+00 0.000000e+00
      outer loop
         vertex 3.872348e+01 2.500000e+00 4.469257e+00
         vertex 3.904083e+01 2.500000e+00 4.450465e+00
         vertex 3.950059e+01 2.500000e+00 4.478991e-01
      endloop
   endfacet
   facet normal 0.000000e+00 1.000000e+00 0.000000e+00
      outer loop
         vertex 3.950059e+01 2.500000e+00 4.478991e-01
         vertex 3.904083e+01 2.500000e+00 4.450465e+00
         vertex 3.935714e+01 2.500000e+00 4.482193e+00
      endloop
   endfacet
   facet normal 0.000000e+00 1.000000e+00 -0.000000e+00
      outer loop
         vertex 3.950059e+01 2.500000e+00 4.478991e-01
         vertex 3.935714e+01 2.500000e+00 4.482193e+00
         vertex 4.309596e+01 2.500000e+00 1.239303e+00
      endloop
   endfacet
   facet normal 0.000000e+00 1.000000e+00 0.000000e+00
      outer loop
         vertex 4.309596e+01 2.500000e+00 1.239303e+00
         vertex 3.935714e+01 2.500000e+00 4.482193e+00
         vertex 4.256970e+01 2.500000e+00 5.250040e+00
      endloop
   endfacet
   facet normal 0.000000e+00 1.000000e+00 -0.000000e+00
      outer loop
         vertex 4.309596e+01 2.500000e+00 1.239303e+00
         vertex 4.256970e+01 2.500000e+00 5.250040e+00
         vertex 4.658470e+01 2.500000e+00 2.414793e+00
      endloop
   endfacet
   facet normal 0.000000e+00 1.000000e+00 0.000000e+00
      outer loop
         vertex 4.658470e+01 2.500000e+00 2.414793e+00
         vertex 4.256970e+01 2.500000e+00 5.250040e+00
         vertex 4.567837e+01 2.500000e+00 6.366402e+00
      endloop
   endfacet
   facet normal 0.000000e+00 1.000000e+00 -0.000000e+00
      outer loop
         vertex 4.658470e+01 2.500000e+00 2.414793e+00
         vertex 4.567837e+01 2.500000e+00 6.366402e+00
         vertex 4.992589e+01 2.500000e+00 3.960593e+00
      endloop
   endfacet
   facet normal 0.000000e+00 1.000000e+00 0.000000e+00
      outer loop
         vertex 4.992589e+01 2.500000e+00 3.960593e+00
         vertex 4.567837e+01 2.500000e+00 6.366402e+00
         vertex 4.864546e+01 2.500000e+00 7.817747e+00
      endloop
   endfacet
   facet normal 0.000000e+00 1.000000e+00 -0.000000e+00
      outer loop
         vertex 4.992589e+01 2.500000e+00 3.960593e+00
         vertex 4.864546e+01 2.500000e+00 7.817747e+00
         vertex 5.308036e+01 2.500000e+00 5.858576e+00
      endloop
   endfacet
   facet normal 0.000000e+00 1.000000e+00 0.000000e+00
      outer loop
         vertex 5.308036e+01 2.500000e+00 5.858576e+00
         vertex 4.864546e+01 2.500000e+00 7.817747e+00
         vertex 5.143503e+01 2.500000e+00 9.586483e+00
      endloop
   endfacet
   facet normal 0.000000e+00 1.000000e+00 -0.000000e+00
      outer loop
         vertex 5.308036e+01 2.500000e+00 5.858576e+00
         vertex 5.143503e+01 2.500000e+00 9.586483e+00
         vertex 5.601113e+01 2.500000e+00 8.086491e+00
      endloop
   endfacet
   facet normal 0.000000e+00 1.000000e+00 0.000000e+00
      outer loop
         vertex 5.601113e+01 2.500000e+00 8.086491e+00
         vertex 5.143503e+01 2.500000e+00 9.586483e+00
         vertex 5.401324e+01 2.500000e+00 1.165117e+01
      endloop
   endfacet
   facet normal 0.000000e+00 1.000000e+00 -0.000000e+00
      outer loop
         vertex 5.601113e+01 2.500000e+00 8.086491e+00
         vertex 5.401324e+01 2.500000e+00 1.165117e+01
         vertex 5.868385e+01 2.500000e+00 1.061822e+01
      endloop
   endfacet
   facet normal 0.000000e+00 1.000000e+00 0.000000e+00
      outer loop
         vertex 5.868385e+01 2.500000e+00 1.061822e+01
         vertex 5.401324e+01 2.500000e+00 1.165117e+01
         vertex 5.634884e+01 2.500000e+00 1.398677e+01
      endloop
   endfacet
   facet normal 0.000000e+00 1.000000e+00 -0.000000e+00
      outer loop
         vertex 5.868385e+01 2.500000e+00 1.061822e+01
         vertex 5.634884e+01 2.500000e+00 1.398677e+01
         vertex 6.106717e+01 2.500000e+00 1.342408e+01
      endloop
   endfacet
   facet normal 0.000000e+00 1.000000e+00 0.000000e+00
      outer loop
         vertex 6.106717e+01 2.500000e+00 1.342408e+01
         vertex 5.634884e+01 2.500000e+00 1.398677e+01
         vertex 5.841352e+01 2.500000e+00 1.656498e+01
      endloop
   endfacet
   facet normal 0.000000e+00 1.000000e+00 -0.000000e+00
      outer loop
         vertex 6.106717e+01 2.500000e+00 1.342408e+01
         vertex 5.841352e+01 2.500000e+00 1.656498e+01
         vertex 6.313315e+01 2.500000e+00 1.647117e+01
      endloop
   endfacet
   facet normal 0.000000e+00 1.000000e+00 0.000000e+00
      outer loop
         vertex 6.313315e+01 2.500000e+00 1.647117e+01
         vertex 5.841352e+01 2.500000e+00 1.656498e+01
         vertex 6.018226e+01 2.500000e+00 1.935454e+01
      endloop
   endfacet
   facet normal 0.000000e+00 1.000000e+00 -0.000000e+00
      outer loop
         vertex 6.313315e+01 2.500000e+00 1.647117e+01
         vertex 6.018226e+01 2.500000e+00 1.935454e+01
         vertex 6.485757e+01 2.500000e+00 1.972377e+01
      endloop
   endfacet
   facet normal 0.000000e+00 1.000000e+00 0.000000e+00
      outer loop
         vertex 6.485757e+01 2.500000e+00 1.972377e+01
         vertex 6.018226e+01 2.500000e+00 1.935454e+01
         vertex 6.163360e+01 2.500000e+00 2.232164e+01
      endloop
   endfacet
   facet normal 0.000000e+00 1.000000e+00 -0.000000e+00
      outer loop
         vertex 6.485757e+01 2.500000e+00 1.972377e+01
         vertex 6.163360e+01 2.500000e+00 2.232164e+01
         vertex 6.622021e+01 2.500000e+00 2.314375e+01
      endloop
   endfacet
   facet normal 0.000000e+00 1.000000e+00 0.000000e+00
      outer loop
         vertex 6.622021e+01 2.500000e+00 2.314375e+01
         vertex 6.163360e+01 2.500000e+00 2.232164e+01
         vertex 6.274996e+01 2.500000e+00 2.543031e+01
      endloop
   endfacet
   facet normal 0.000000e+00 1.000000e+00 -0.000000e+00
      outer loop
         vertex 6.622021e+01 2.500000e+00 2.314375e+01
         vertex 6.274996e+01 2.500000e+00 2.543031e+01
         vertex 6.720510e+01 2.500000e+00 2.669101e+01
      endloop
   endfacet
   facet normal 0.000000e+00 1.000000e+00 0.000000e+00
      outer loop
         vertex 6.720510e+01 2.500000e+00 2.669101e+01
         vertex 6.274996e+01 2.500000e+00 2.543031e+01
         vertex 6.351781e+01 2.500000e+00 2.864286e+01
      endloop
   endfacet
   facet normal 0.000000e+00 1.000000e+00 -0.000000e+00
      outer loop
         vertex 6.720510e+01 2.500000e+00 2.669101e+01
         vertex 6.351781e+01 2.500000e+00 2.864286e+01
         vertex 6.780069e+01 2.500000e+00 3.032396e+01
      endloop
   endfacet
   facet normal 0.000000e+00 1.000000e+00 0.000000e+00
      outer loop
         vertex 6.780069e+01 2.500000e+00 3.032396e+01
         vertex 6.351781e+01 2.500000e+00 2.864286e+01
         vertex 6.354954e+01 2.500000e+00 2.895918e+01
      endloop
   endfacet
   facet normal 0.000000e+00 1.000000e+00 0.000000e+00
      outer loop
         vertex 6.780069e+01 2.500000e+00 3.032396e+01
         vertex 6.354954e+01 2.500000e+00 2.895918e+01
         vertex 6.353075e+01 2.500000e+00 2.927653e+01
      endloop
   endfacet
   facet normal -0.000000e+00 1.000000e+00 0.000000e+00
      outer loop
         vertex 6.186686e+01 2.500000e+00 3.702527e+01
         vertex 6.217575e+01 2.500000e+00 3.710043e+01
         vertex 6.800000e+01 2.500000e+00 3.400000e+01
      endloop
   endfacet
   facet normal 0.000000e+00 1.000000e+00 0.000000e+00
      outer loop
         vertex 3.702848e+01 2.500000e+00 5.611364e+01
         vertex 3.711311e+01 2.500000e+00 5.578691e+01
         vertex 3.400000e+01 2.500000e+00 5.075000e+01
      endloop
   endfacet
   facet normal 0.000000e+00 1.000000e+00 0.000000e+00
      outer loop
         vertex 3.400000e+01 2.500000e+00 5.075000e+01
         vertex 3.711311e+01 2.500000e+00 5.578691e+01
         vertex 3.725147e+01 2.500000e+00 5.547906e+01
      endloop
   endfacet
   facet normal 0.000000e+00 1.000000e+00 0.000000e+00
      outer loop
         vertex 3.400000e+01 2.500000e+00 5.075000e+01
         vertex 3.725147e+01 2.500000e+00 5.547906e+01
         vertex 3.743962e+01 2.500000e+00 5.519886e+01
      endloop
   endfacet
   facet normal -0.000000e+00 1.000000e+00 0.000000e+00
      outer loop
         vertex 6.297853e+01 2.500000e+00 3.760030e+01
         vertex 6.318227e+01 2.500000e+00 3.784434e+01
         vertex 6.800000e+01 2.500000e+00 3.400000e+01
      endloop
   endfacet
   facet normal 0.000000e+00 1.000000e+00 0.000000e+00
      outer loop
         vertex 6.800000e+01 2.500000e+00 3.400000e+01
         vertex 6.318227e+01 2.500000e+00 3.784434e+01
         vertex 6.334476e+01 2.500000e+00 3.811758e+01
      endloop
   endfacet
   facet normal 0.000000e+00 1.000000e+00 0.000000e+00
      outer loop
         vertex 6.800000e+01 2.500000e+00 3.400000e+01
         vertex 6.334476e+01 2.500000e+00 3.811758e+01
         vertex 6.780069e+01 2.500000e+00 3.767605e+01
      endloop
   endfacet
   facet normal 0.000000e+00 1.000000e+00 0.000000e+00
      outer loop
         vertex 6.780069e+01 2.500000e+00 3.767605e+01
         vertex 6.334476e+01 2.500000e+00 3.811758e+01
         vertex 6.346191e+01 2.500000e+00 3.841311e+01
      endloop
   endfacet
   facet normal 0.000000e+00 1.000000e+00 0.000000e+00
      outer loop
         vertex 3.950059e+01 2.500000e+00 6.755210e+01
         vertex 3.904083e+01 2.500000e+00 6.354954e+01
         vertex 3.872348e+01 2.500000e+00 6.353075e+01
      endloop
   endfacet
   facet normal 0.000000e+00 1.000000e+00 0.000000e+00
      outer loop
         vertex 5.495429e+01 2.500000e+00 3.767222e+01
         vertex 5.519886e+01 2.500000e+00 3.743962e+01
         vertex 5.075000e+01 2.500000e+00 3.400000e+01
      endloop
   endfacet
   facet normal 0.000000e+00 1.000000e+00 0.000000e+00
      outer loop
         vertex 5.075000e+01 2.500000e+00 3.400000e+01
         vertex 5.519886e+01 2.500000e+00 3.743962e+01
         vertex 5.547906e+01 2.500000e+00 3.725147e+01
      endloop
   endfacet
   facet normal 0.000000e+00 1.000000e+00 0.000000e+00
      outer loop
         vertex 5.075000e+01 2.500000e+00 3.400000e+01
         vertex 5.547906e+01 2.500000e+00 3.725147e+01
         vertex 5.578691e+01 2.500000e+00 3.711311e+01
      endloop
   endfacet
   facet normal -0.000000e+00 1.000000e+00 0.000000e+00
      outer loop
         vertex 6.217575e+01 2.500000e+00 3.710043e+01
         vertex 6.246883e+01 2.500000e+00 3.722358e+01
         vertex 6.800000e+01 2.500000e+00 3.400000e+01
      endloop
   endfacet
   facet normal 0.000000e+00 1.000000e+00 0.000000e+00
      outer loop
         vertex 6.800000e+01 2.500000e+00 3.400000e+01
         vertex 6.246883e+01 2.500000e+00 3.722358e+01
         vertex 6.273870e+01 2.500000e+00 3.739162e+01
      endloop
   endfacet
   facet normal 0.000000e+00 1.000000e+00 0.000000e+00
      outer loop
         vertex 6.800000e+01 2.500000e+00 3.400000e+01
         vertex 6.273870e+01 2.500000e+00 3.739162e+01
         vertex 6.297853e+01 2.500000e+00 3.760030e+01
      endloop
   endfacet
   facet normal 0.000000e+00 1.000000e+00 0.000000e+00
      outer loop
         vertex 3.950059e+01 2.500000e+00 6.755210e+01
         vertex 3.872348e+01 2.500000e+00 6.353075e+01
         vertex 3.584072e+01 2.500000e+00 6.795014e+01
      endloop
   endfacet
   facet normal 0.000000e+00 1.000000e+00 0.000000e+00
      outer loop
         vertex 3.743962e+01 2.500000e+00 5.519886e+01
         vertex 3.767222e+01 2.500000e+00 5.495429e+01
         vertex 3.400000e+01 2.500000e+00 5.075000e+01
      endloop
   endfacet
   facet normal 0.000000e+00 1.000000e+00 0.000000e+00
      outer loop
         vertex 3.400000e+01 2.500000e+00 5.075000e+01
         vertex 3.767222e+01 2.500000e+00 5.495429e+01
         vertex 3.794262e+01 2.500000e+00 5.475231e+01
      endloop
   endfacet
   facet normal -0.000000e+00 1.000000e+00 0.000000e+00
      outer loop
         vertex 3.400000e+01 2.500000e+00 5.075000e+01
         vertex 3.794262e+01 2.500000e+00 5.475231e+01
         vertex 3.662028e+01 2.500000e+00 5.054378e+01
      endloop
   endfacet
   facet normal -0.000000e+00 1.000000e+00 0.000000e+00
      outer loop
         vertex 5.054378e+01 2.500000e+00 3.662028e+01
         vertex 5.459869e+01 2.500000e+00 3.824314e+01
         vertex 5.075000e+01 2.500000e+00 3.400000e+01
      endloop
   endfacet
   facet normal 0.000000e+00 1.000000e+00 0.000000e+00
      outer loop
         vertex 5.075000e+01 2.500000e+00 3.400000e+01
         vertex 5.459869e+01 2.500000e+00 3.824314e+01
         vertex 5.475231e+01 2.500000e+00 3.794262e+01
      endloop
   endfacet
   facet normal 0.000000e+00 1.000000e+00 0.000000e+00
      outer loop
         vertex 5.075000e+01 2.500000e+00 3.400000e+01
         vertex 5.475231e+01 2.500000e+00 3.794262e+01
         vertex 5.495429e+01 2.500000e+00 3.767222e+01
      endloop
   endfacet
   facet normal 0.000000e+00 1.000000e+00 0.000000e+00
      outer loop
         vertex 3.760030e+01 2.500000e+00 6.297853e+01
         vertex 3.739162e+01 2.500000e+00 6.273870e+01
         vertex 3.400000e+01 2.500000e+00 6.800000e+01
      endloop
   endfacet
   facet normal 0.000000e+00 1.000000e+00 0.000000e+00
      outer loop
         vertex 3.400000e+01 2.500000e+00 6.800000e+01
         vertex 3.739162e+01 2.500000e+00 6.273870e+01
         vertex 3.722358e+01 2.500000e+00 6.246883e+01
      endloop
   endfacet
   facet normal 0.000000e+00 1.000000e+00 0.000000e+00
      outer loop
         vertex 3.400000e+01 2.500000e+00 6.800000e+01
         vertex 3.722358e+01 2.500000e+00 6.246883e+01
         vertex 3.710043e+01 2.500000e+00 6.217575e+01
      endloop
   endfacet
   facet normal 0.000000e+00 1.000000e+00 0.000000e+00
      outer loop
         vertex 3.710043e+01 2.500000e+00 6.217575e+01
         vertex 3.702527e+01 2.500000e+00 6.186686e+01
         vertex 3.400000e+01 2.500000e+00 6.800000e+01
      endloop
   endfacet
   facet normal 0.000000e+00 1.000000e+00 0.000000e+00
      outer loop
         vertex 3.400000e+01 2.500000e+00 6.800000e+01
         vertex 3.702527e+01 2.500000e+00 6.186686e+01
         vertex 3.700000e+01 2.500000e+00 6.154996e+01
      endloop
   endfacet
   facet normal 0.000000e+00 1.000000e+00 0.000000e+00
      outer loop
         vertex 3.400000e+01 2.500000e+00 6.800000e+01
         vertex 3.700000e+01 2.500000e+00 6.154996e+01
         vertex 3.400000e+01 2.500000e+00 5.075000e+01
      endloop
   endfacet
   facet normal 0.000000e+00 1.000000e+00 0.000000e+00
      outer loop
         vertex 3.400000e+01 2.500000e+00 5.075000e+01
         vertex 3.700000e+01 2.500000e+00 6.154996e+01
         vertex 3.700000e+01 2.500000e+00 5.644995e+01
      endloop
   endfacet
   facet normal 0.000000e+00 1.000000e+00 0.000000e+00
      outer loop
         vertex 3.400000e+01 2.500000e+00 5.075000e+01
         vertex 3.700000e+01 2.500000e+00 5.644995e+01
         vertex 3.702848e+01 2.500000e+00 5.611364e+01
      endloop
   endfacet
   facet normal 0.000000e+00 1.000000e+00 0.000000e+00
      outer loop
         vertex 5.578691e+01 2.500000e+00 3.711311e+01
         vertex 5.611364e+01 2.500000e+00 3.702848e+01
         vertex 5.075000e+01 2.500000e+00 3.400000e+01
      endloop
   endfacet
   facet normal 0.000000e+00 1.000000e+00 0.000000e+00
      outer loop
         vertex 5.075000e+01 2.500000e+00 3.400000e+01
         vertex 5.611364e+01 2.500000e+00 3.702848e+01
         vertex 5.644995e+01 2.500000e+00 3.700000e+01
      endloop
   endfacet
   facet normal 0.000000e+00 1.000000e+00 0.000000e+00
      outer loop
         vertex 5.075000e+01 2.500000e+00 3.400000e+01
         vertex 5.644995e+01 2.500000e+00 3.700000e+01
         vertex 6.800000e+01 2.500000e+00 3.400000e+01
      endloop
   endfacet
   facet normal 0.000000e+00 1.000000e+00 0.000000e+00
      outer loop
         vertex 6.800000e+01 2.500000e+00 3.400000e+01
         vertex 5.644995e+01 2.500000e+00 3.700000e+01
         vertex 6.154996e+01 2.500000e+00 3.700000e+01
      endloop
   endfacet
   facet normal 0.000000e+00 1.000000e+00 0.000000e+00
      outer loop
         vertex 6.800000e+01 2.500000e+00 3.400000e+01
         vertex 6.154996e+01 2.500000e+00 3.700000e+01
         vertex 6.186686e+01 2.500000e+00 3.702527e+01
      endloop
   endfacet
   facet normal 0.000000e+00 1.000000e+00 0.000000e+00
      outer loop
         vertex 3.872348e+01 2.500000e+00 6.353075e+01
         vertex 3.841311e+01 2.500000e+00 6.346191e+01
         vertex 3.584072e+01 2.500000e+00 6.795014e+01
      endloop
   endfacet
   facet normal 0.000000e+00 1.000000e+00 0.000000e+00
      outer loop
         vertex 3.584072e+01 2.500000e+00 6.795014e+01
         vertex 3.841311e+01 2.500000e+00 6.346191e+01
         vertex 3.811758e+01 2.500000e+00 6.334476e+01
      endloop
   endfacet
   facet normal 0.000000e+00 1.000000e+00 0.000000e+00
      outer loop
         vertex 3.584072e+01 2.500000e+00 6.795014e+01
         vertex 3.811758e+01 2.500000e+00 6.334476e+01
         vertex 3.400000e+01 2.500000e+00 6.800000e+01
      endloop
   endfacet
   facet normal 0.000000e+00 1.000000e+00 0.000000e+00
      outer loop
         vertex 3.400000e+01 2.500000e+00 6.800000e+01
         vertex 3.811758e+01 2.500000e+00 6.334476e+01
         vertex 3.784434e+01 2.500000e+00 6.318227e+01
      endloop
   endfacet
   facet normal 0.000000e+00 1.000000e+00 0.000000e+00
      outer loop
         vertex 3.400000e+01 2.500000e+00 6.800000e+01
         vertex 3.784434e+01 2.500000e+00 6.318227e+01
         vertex 3.760030e+01 2.500000e+00 6.297853e+01
      endloop
   endfacet
   facet normal -0.000000e+00 1.000000e+00 0.000000e+00
      outer loop
         vertex 6.346191e+01 2.500000e+00 3.841311e+01
         vertex 6.353075e+01 2.500000e+00 3.872348e+01
         vertex 6.780069e+01 2.500000e+00 3.767605e+01
      endloop
   endfacet
   facet normal 0.000000e+00 1.000000e+00 0.000000e+00
      outer loop
         vertex 6.780069e+01 2.500000e+00 3.767605e+01
         vertex 6.353075e+01 2.500000e+00 3.872348e+01
         vertex 6.354954e+01 2.500000e+00 3.904083e+01
      endloop
   endfacet
   facet normal 0.000000e+00 1.000000e+00 0.000000e+00
      outer loop
         vertex 6.780069e+01 2.500000e+00 3.767605e+01
         vertex 6.354954e+01 2.500000e+00 3.904083e+01
         vertex 6.720510e+01 2.500000e+00 4.130900e+01
      endloop
   endfacet
   facet normal 0.000000e+00 1.000000e+00 0.000000e+00
      outer loop
         vertex 6.720510e+01 2.500000e+00 4.130900e+01
         vertex 6.354954e+01 2.500000e+00 3.904083e+01
         vertex 6.351781e+01 2.500000e+00 3.935714e+01
      endloop
   endfacet
   facet normal 0.000000e+00 1.000000e+00 0.000000e+00
      outer loop
         vertex 6.720510e+01 2.500000e+00 4.130900e+01
         vertex 6.351781e+01 2.500000e+00 3.935714e+01
         vertex 6.622021e+01 2.500000e+00 4.485625e+01
      endloop
   endfacet
   facet normal 0.000000e+00 1.000000e+00 0.000000e+00
      outer loop
         vertex 6.622021e+01 2.500000e+00 4.485625e+01
         vertex 6.351781e+01 2.500000e+00 3.935714e+01
         vertex 6.274996e+01 2.500000e+00 4.256970e+01
      endloop
   endfacet
   facet normal 0.000000e+00 1.000000e+00 0.000000e+00
      outer loop
         vertex 6.622021e+01 2.500000e+00 4.485625e+01
         vertex 6.274996e+01 2.500000e+00 4.256970e+01
         vertex 6.485757e+01 2.500000e+00 4.827623e+01
      endloop
   endfacet
   facet normal 0.000000e+00 1.000000e+00 0.000000e+00
      outer loop
         vertex 6.485757e+01 2.500000e+00 4.827623e+01
         vertex 6.274996e+01 2.500000e+00 4.256970e+01
         vertex 6.163360e+01 2.500000e+00 4.567837e+01
      endloop
   endfacet
   facet normal 0.000000e+00 1.000000e+00 0.000000e+00
      outer loop
         vertex 6.485757e+01 2.500000e+00 4.827623e+01
         vertex 6.163360e+01 2.500000e+00 4.567837e+01
         vertex 6.313315e+01 2.500000e+00 5.152883e+01
      endloop
   endfacet
   facet normal 0.000000e+00 1.000000e+00 0.000000e+00
      outer loop
         vertex 6.313315e+01 2.500000e+00 5.152883e+01
         vertex 6.163360e+01 2.500000e+00 4.567837e+01
         vertex 6.018226e+01 2.500000e+00 4.864546e+01
      endloop
   endfacet
   facet normal 0.000000e+00 1.000000e+00 0.000000e+00
      outer loop
         vertex 6.313315e+01 2.500000e+00 5.152883e+01
         vertex 6.018226e+01 2.500000e+00 4.864546e+01
         vertex 6.106717e+01 2.500000e+00 5.457593e+01
      endloop
   endfacet
   facet normal 0.000000e+00 1.000000e+00 0.000000e+00
      outer loop
         vertex 6.106717e+01 2.500000e+00 5.457593e+01
         vertex 6.018226e+01 2.500000e+00 4.864546e+01
         vertex 5.841352e+01 2.500000e+00 5.143503e+01
      endloop
   endfacet
   facet normal 0.000000e+00 1.000000e+00 0.000000e+00
      outer loop
         vertex 6.106717e+01 2.500000e+00 5.457593e+01
         vertex 5.841352e+01 2.500000e+00 5.143503e+01
         vertex 5.868385e+01 2.500000e+00 5.738178e+01
      endloop
   endfacet
   facet normal 0.000000e+00 1.000000e+00 0.000000e+00
      outer loop
         vertex 5.868385e+01 2.500000e+00 5.738178e+01
         vertex 5.841352e+01 2.500000e+00 5.143503e+01
         vertex 5.634884e+01 2.500000e+00 5.401324e+01
      endloop
   endfacet
   facet normal 0.000000e+00 1.000000e+00 0.000000e+00
      outer loop
         vertex 5.868385e+01 2.500000e+00 5.738178e+01
         vertex 5.634884e+01 2.500000e+00 5.401324e+01
         vertex 5.601113e+01 2.500000e+00 5.991351e+01
      endloop
   endfacet
   facet normal 0.000000e+00 1.000000e+00 0.000000e+00
      outer loop
         vertex 5.601113e+01 2.500000e+00 5.991351e+01
         vertex 5.634884e+01 2.500000e+00 5.401324e+01
         vertex 5.401324e+01 2.500000e+00 5.634884e+01
      endloop
   endfacet
   facet normal 0.000000e+00 1.000000e+00 0.000000e+00
      outer loop
         vertex 5.601113e+01 2.500000e+00 5.991351e+01
         vertex 5.401324e+01 2.500000e+00 5.634884e+01
         vertex 5.308036e+01 2.500000e+00 6.214143e+01
      endloop
   endfacet
   facet normal 0.000000e+00 1.000000e+00 0.000000e+00
      outer loop
         vertex 5.308036e+01 2.500000e+00 6.214143e+01
         vertex 5.401324e+01 2.500000e+00 5.634884e+01
         vertex 5.143503e+01 2.500000e+00 5.841352e+01
      endloop
   endfacet
   facet normal 0.000000e+00 1.000000e+00 0.000000e+00
      outer loop
         vertex 5.308036e+01 2.500000e+00 6.214143e+01
         vertex 5.143503e+01 2.500000e+00 5.841352e+01
         vertex 4.992589e+01 2.500000e+00 6.403941e+01
      endloop
   endfacet
   facet normal 0.000000e+00 1.000000e+00 0.000000e+00
      outer loop
         vertex 4.992589e+01 2.500000e+00 6.403941e+01
         vertex 5.143503e+01 2.500000e+00 5.841352e+01
         vertex 4.864546e+01 2.500000e+00 6.018226e+01
      endloop
   endfacet
   facet normal 0.000000e+00 1.000000e+00 0.000000e+00
      outer loop
         vertex 4.992589e+01 2.500000e+00 6.403941e+01
         vertex 4.864546e+01 2.500000e+00 6.018226e+01
         vertex 4.658470e+01 2.500000e+00 6.558521e+01
      endloop
   endfacet
   facet normal 0.000000e+00 1.000000e+00 0.000000e+00
      outer loop
         vertex 4.658470e+01 2.500000e+00 6.558521e+01
         vertex 4.864546e+01 2.500000e+00 6.018226e+01
         vertex 4.567837e+01 2.500000e+00 6.163360e+01
      endloop
   endfacet
   facet normal 0.000000e+00 1.000000e+00 0.000000e+00
      outer loop
         vertex 4.658470e+01 2.500000e+00 6.558521e+01
         vertex 4.567837e+01 2.500000e+00 6.163360e+01
         vertex 4.309596e+01 2.500000e+00 6.676070e+01
      endloop
   endfacet
   facet normal 0.000000e+00 1.000000e+00 0.000000e+00
      outer loop
         vertex 4.309596e+01 2.500000e+00 6.676070e+01
         vertex 4.567837e+01 2.500000e+00 6.163360e+01
         vertex 4.256970e+01 2.500000e+00 6.274996e+01
      endloop
   endfacet
   facet normal 0.000000e+00 1.000000e+00 0.000000e+00
      outer loop
         vertex 4.309596e+01 2.500000e+00 6.676070e+01
         vertex 4.256970e+01 2.500000e+00 6.274996e+01
         vertex 3.950059e+01 2.500000e+00 6.755210e+01
      endloop
   endfacet
   facet normal 0.000000e+00 1.000000e+00 0.000000e+00
      outer loop
         vertex 3.950059e+01 2.500000e+00 6.755210e+01
         vertex 4.256970e+01 2.500000e+00 6.274996e+01
         vertex 3.935714e+01 2.500000e+00 6.351781e+01
      endloop
   endfacet
   facet normal 0.000000e+00 1.000000e+00 0.000000e+00
      outer loop
         vertex 3.950059e+01 2.500000e+00 6.755210e+01
         vertex 3.935714e+01 2.500000e+00 6.351781e+01
         vertex 3.904083e+01 2.500000e+00 6.354954e+01
      endloop
   endfacet
   facet normal 0.000000e+00 1.000000e+00 0.000000e+00
      outer loop
         vertex 3.794262e+01 2.500000e+00 5.475231e+01
         vertex 3.824314e+01 2.500000e+00 5.459869e+01
         vertex 3.662028e+01 2.500000e+00 5.054378e+01
      endloop
   endfacet
   facet normal 0.000000e+00 1.000000e+00 0.000000e+00
      outer loop
         vertex 3.662028e+01 2.500000e+00 5.054378e+01
         vertex 3.824314e+01 2.500000e+00 5.459869e+01
         vertex 3.856522e+01 2.500000e+00 5.449778e+01
      endloop
   endfacet
   facet normal -0.000000e+00 1.000000e+00 0.000000e+00
      outer loop
         vertex 3.662028e+01 2.500000e+00 5.054378e+01
         vertex 3.856522e+01 2.500000e+00 5.449778e+01
         vertex 3.917604e+01 2.500000e+00 4.993020e+01
      endloop
   endfacet
   facet normal 0.000000e+00 1.000000e+00 -0.000000e+00
      outer loop
         vertex 3.917604e+01 2.500000e+00 4.993020e+01
         vertex 3.856522e+01 2.500000e+00 5.449778e+01
         vertex 4.141162e+01 2.500000e+00 5.364861e+01
      endloop
   endfacet
   facet normal -0.000000e+00 1.000000e+00 0.000000e+00
      outer loop
         vertex 3.917604e+01 2.500000e+00 4.993020e+01
         vertex 4.141162e+01 2.500000e+00 5.364861e+01
         vertex 4.160434e+01 2.500000e+00 4.892436e+01
      endloop
   endfacet
   facet normal 0.000000e+00 1.000000e+00 -0.000000e+00
      outer loop
         vertex 4.160434e+01 2.500000e+00 4.892436e+01
         vertex 4.141162e+01 2.500000e+00 5.364861e+01
         vertex 4.410974e+01 2.500000e+00 5.240634e+01
      endloop
   endfacet
   facet normal -0.000000e+00 1.000000e+00 0.000000e+00
      outer loop
         vertex 4.160434e+01 2.500000e+00 4.892436e+01
         vertex 4.410974e+01 2.500000e+00 5.240634e+01
         vertex 4.384540e+01 2.500000e+00 4.755104e+01
      endloop
   endfacet
   facet normal 0.000000e+00 1.000000e+00 0.000000e+00
      outer loop
         vertex 4.384540e+01 2.500000e+00 4.755104e+01
         vertex 4.410974e+01 2.500000e+00 5.240634e+01
         vertex 4.660559e+01 2.500000e+00 5.079581e+01
      endloop
   endfacet
   facet normal -0.000000e+00 1.000000e+00 0.000000e+00
      outer loop
         vertex 4.384540e+01 2.500000e+00 4.755104e+01
         vertex 4.660559e+01 2.500000e+00 5.079581e+01
         vertex 4.584404e+01 2.500000e+00 4.584404e+01
      endloop
   endfacet
   facet normal 0.000000e+00 1.000000e+00 0.000000e+00
      outer loop
         vertex 4.584404e+01 2.500000e+00 4.584404e+01
         vertex 4.660559e+01 2.500000e+00 5.079581e+01
         vertex 4.884924e+01 2.500000e+00 4.884924e+01
      endloop
   endfacet
   facet normal -0.000000e+00 1.000000e+00 0.000000e+00
      outer loop
         vertex 4.584404e+01 2.500000e+00 4.584404e+01
         vertex 4.884924e+01 2.500000e+00 4.884924e+01
         vertex 4.755104e+01 2.500000e+00 4.384540e+01
      endloop
   endfacet
   facet normal 0.000000e+00 1.000000e+00 0.000000e+00
      outer loop
         vertex 4.755104e+01 2.500000e+00 4.384540e+01
         vertex 4.884924e+01 2.500000e+00 4.884924e+01
         vertex 5.079581e+01 2.500000e+00 4.660559e+01
      endloop
   endfacet
   facet normal -0.000000e+00 1.000000e+00 0.000000e+00
      outer loop
         vertex 4.755104e+01 2.500000e+00 4.384540e+01
         vertex 5.079581e+01 2.500000e+00 4.660559e+01
         vertex 4.892436e+01 2.500000e+00 4.160434e+01
      endloop
   endfacet
   facet normal 0.000000e+00 1.000000e+00 0.000000e+00
      outer loop
         vertex 4.892436e+01 2.500000e+00 4.160434e+01
         vertex 5.079581e+01 2.500000e+00 4.660559e+01
         vertex 5.240634e+01 2.500000e+00 4.410974e+01
      endloop
   endfacet
   facet normal -0.000000e+00 1.000000e+00 0.000000e+00
      outer loop
         vertex 4.892436e+01 2.500000e+00 4.160434e+01
         vertex 5.240634e+01 2.500000e+00 4.410974e+01
         vertex 4.993020e+01 2.500000e+00 3.917604e+01
      endloop
   endfacet
   facet normal 0.000000e+00 1.000000e+00 0.000000e+00
      outer loop
         vertex 4.993020e+01 2.500000e+00 3.917604e+01
         vertex 5.240634e+01 2.500000e+00 4.410974e+01
         vertex 5.364861e+01 2.500000e+00 4.141162e+01
      endloop
   endfacet
   facet normal -0.000000e+00 1.000000e+00 0.000000e+00
      outer loop
         vertex 4.993020e+01 2.500000e+00 3.917604e+01
         vertex 5.364861e+01 2.500000e+00 4.141162e+01
         vertex 5.054378e+01 2.500000e+00 3.662028e+01
      endloop
   endfacet
   facet normal 0.000000e+00 1.000000e+00 0.000000e+00
      outer loop
         vertex 5.054378e+01 2.500000e+00 3.662028e+01
         vertex 5.364861e+01 2.500000e+00 4.141162e+01
         vertex 5.449778e+01 2.500000e+00 3.856522e+01
      endloop
   endfacet
   facet normal 0.000000e+00 1.000000e+00 0.000000e+00
      outer loop
         vertex 5.054378e+01 2.500000e+00 3.662028e+01
         vertex 5.449778e+01 2.500000e+00 3.856522e+01
         vertex 5.459869e+01 2.500000e+00 3.824314e+01
      endloop
   endfacet
   facet normal -0.000000e+00 1.000000e+00 0.000000e+00
      outer loop
         vertex 3.032779e+01 2.500000e+00 5.495429e+01
         vertex 3.056038e+01 2.500000e+00 5.519886e+01
         vertex 3.400000e+01 2.500000e+00 5.075000e+01
      endloop
   endfacet
   facet normal 0.000000e+00 1.000000e+00 0.000000e+00
      outer loop
         vertex 3.400000e+01 2.500000e+00 5.075000e+01
         vertex 3.056038e+01 2.500000e+00 5.519886e+01
         vertex 3.074854e+01 2.500000e+00 5.547906e+01
      endloop
   endfacet
   facet normal 0.000000e+00 1.000000e+00 0.000000e+00
      outer loop
         vertex 3.400000e+01 2.500000e+00 5.075000e+01
         vertex 3.074854e+01 2.500000e+00 5.547906e+01
         vertex 3.088690e+01 2.500000e+00 5.578691e+01
      endloop
   endfacet
   facet normal -0.000000e+00 1.000000e+00 0.000000e+00
      outer loop
         vertex 1.188637e+01 2.500000e+00 3.702848e+01
         vertex 1.221310e+01 2.500000e+00 3.711311e+01
         vertex 1.725000e+01 2.500000e+00 3.400000e+01
      endloop
   endfacet
   facet normal 0.000000e+00 1.000000e+00 0.000000e+00
      outer loop
         vertex 1.725000e+01 2.500000e+00 3.400000e+01
         vertex 1.221310e+01 2.500000e+00 3.711311e+01
         vertex 1.252094e+01 2.500000e+00 3.725147e+01
      endloop
   endfacet
   facet normal 0.000000e+00 1.000000e+00 0.000000e+00
      outer loop
         vertex 1.725000e+01 2.500000e+00 3.400000e+01
         vertex 1.252094e+01 2.500000e+00 3.725147e+01
         vertex 1.280114e+01 2.500000e+00 3.743962e+01
      endloop
   endfacet
   facet normal -0.000000e+00 1.000000e+00 0.000000e+00
      outer loop
         vertex 3.215928e+01 2.500000e+00 6.795014e+01
         vertex 3.400000e+01 2.500000e+00 6.800000e+01
         vertex 3.015567e+01 2.500000e+00 6.318227e+01
      endloop
   endfacet
   facet normal 0.000000e+00 1.000000e+00 -0.000000e+00
      outer loop
         vertex 3.097474e+01 2.500000e+00 6.186686e+01
         vertex 3.089958e+01 2.500000e+00 6.217575e+01
         vertex 3.400000e+01 2.500000e+00 6.800000e+01
      endloop
   endfacet
   facet normal 0.000000e+00 1.000000e+00 0.000000e+00
      outer loop
         vertex 3.400000e+01 2.500000e+00 6.800000e+01
         vertex 3.089958e+01 2.500000e+00 6.217575e+01
         vertex 3.077642e+01 2.500000e+00 6.246883e+01
      endloop
   endfacet
   facet normal 0.000000e+00 1.000000e+00 -0.000000e+00
      outer loop
         vertex 3.015567e+01 2.500000e+00 6.318227e+01
         vertex 2.988243e+01 2.500000e+00 6.334476e+01
         vertex 3.215928e+01 2.500000e+00 6.795014e+01
      endloop
   endfacet
   facet normal 0.000000e+00 1.000000e+00 0.000000e+00
      outer loop
         vertex 3.215928e+01 2.500000e+00 6.795014e+01
         vertex 2.988243e+01 2.500000e+00 6.334476e+01
         vertex 2.958689e+01 2.500000e+00 6.346191e+01
      endloop
   endfacet
   facet normal 0.000000e+00 1.000000e+00 0.000000e+00
      outer loop
         vertex 3.215928e+01 2.500000e+00 6.795014e+01
         vertex 2.958689e+01 2.500000e+00 6.346191e+01
         vertex 2.849941e+01 2.500000e+00 6.755210e+01
      endloop
   endfacet
   facet normal 0.000000e+00 1.000000e+00 0.000000e+00
      outer loop
         vertex 2.849941e+01 2.500000e+00 6.755210e+01
         vertex 2.958689e+01 2.500000e+00 6.346191e+01
         vertex 2.927653e+01 2.500000e+00 6.353075e+01
      endloop
   endfacet
   facet normal -0.000000e+00 1.000000e+00 0.000000e+00
      outer loop
         vertex 1.280114e+01 2.500000e+00 3.743962e+01
         vertex 1.304571e+01 2.500000e+00 3.767222e+01
         vertex 1.725000e+01 2.500000e+00 3.400000e+01
      endloop
   endfacet
   facet normal 0.000000e+00 1.000000e+00 0.000000e+00
      outer loop
         vertex 1.725000e+01 2.500000e+00 3.400000e+01
         vertex 1.304571e+01 2.500000e+00 3.767222e+01
         vertex 1.324769e+01 2.500000e+00 3.794262e+01
      endloop
   endfacet
   facet normal 0.000000e+00 1.000000e+00 -0.000000e+00
      outer loop
         vertex 1.725000e+01 2.500000e+00 3.400000e+01
         vertex 1.324769e+01 2.500000e+00 3.794262e+01
         vertex 1.745622e+01 2.500000e+00 3.662028e+01
      endloop
   endfacet
   facet normal 0.000000e+00 1.000000e+00 -0.000000e+00
      outer loop
         vertex 3.137972e+01 2.500000e+00 5.054378e+01
         vertex 2.975686e+01 2.500000e+00 5.459869e+01
         vertex 3.400000e+01 2.500000e+00 5.075000e+01
      endloop
   endfacet
   facet normal 0.000000e+00 1.000000e+00 0.000000e+00
      outer loop
         vertex 3.400000e+01 2.500000e+00 5.075000e+01
         vertex 2.975686e+01 2.500000e+00 5.459869e+01
         vertex 3.005738e+01 2.500000e+00 5.475231e+01
      endloop
   endfacet
   facet normal 0.000000e+00 1.000000e+00 0.000000e+00
      outer loop
         vertex 3.400000e+01 2.500000e+00 5.075000e+01
         vertex 3.005738e+01 2.500000e+00 5.475231e+01
         vertex 3.032779e+01 2.500000e+00 5.495429e+01
      endloop
   endfacet
   facet normal 0.000000e+00 1.000000e+00 -0.000000e+00
      outer loop
         vertex 3.077642e+01 2.500000e+00 6.246883e+01
         vertex 3.060838e+01 2.500000e+00 6.273870e+01
         vertex 3.400000e+01 2.500000e+00 6.800000e+01
      endloop
   endfacet
   facet normal 0.000000e+00 1.000000e+00 0.000000e+00
      outer loop
         vertex 3.400000e+01 2.500000e+00 6.800000e+01
         vertex 3.060838e+01 2.500000e+00 6.273870e+01
         vertex 3.039971e+01 2.500000e+00 6.297853e+01
      endloop
   endfacet
   facet normal 0.000000e+00 1.000000e+00 0.000000e+00
      outer loop
         vertex 3.400000e+01 2.500000e+00 6.800000e+01
         vertex 3.039971e+01 2.500000e+00 6.297853e+01
         vertex 3.015567e+01 2.500000e+00 6.318227e+01
      endloop
   endfacet
   facet normal 0.000000e+00 1.000000e+00 0.000000e+00
      outer loop
         vertex 5.261304e+00 2.500000e+00 3.739162e+01
         vertex 5.531169e+00 2.500000e+00 3.722358e+01
         vertex 0.000000e+00 2.500000e+00 3.400000e+01
      endloop
   endfacet
   facet normal 0.000000e+00 1.000000e+00 0.000000e+00
      outer loop
         vertex 0.000000e+00 2.500000e+00 3.400000e+01
         vertex 5.531169e+00 2.500000e+00 3.722358e+01
         vertex 5.824253e+00 2.500000e+00 3.710043e+01
      endloop
   endfacet
   facet normal -0.000000e+00 1.000000e+00 0.000000e+00
      outer loop
         vertex 3.088690e+01 2.500000e+00 5.578691e+01
         vertex 3.097152e+01 2.500000e+00 5.611364e+01
         vertex 3.400000e+01 2.500000e+00 5.075000e+01
      endloop
   endfacet
   facet normal 0.000000e+00 1.000000e+00 0.000000e+00
      outer loop
         vertex 3.400000e+01 2.500000e+00 5.075000e+01
         vertex 3.097152e+01 2.500000e+00 5.611364e+01
         vertex 3.100000e+01 2.500000e+00 5.644995e+01
      endloop
   endfacet
   facet normal 0.000000e+00 1.000000e+00 -0.000000e+00
      outer loop
         vertex 3.400000e+01 2.500000e+00 5.075000e+01
         vertex 3.100000e+01 2.500000e+00 5.644995e+01
         vertex 3.400000e+01 2.500000e+00 6.800000e+01
      endloop
   endfacet
   facet normal 0.000000e+00 1.000000e+00 0.000000e+00
      outer loop
         vertex 3.400000e+01 2.500000e+00 6.800000e+01
         vertex 3.100000e+01 2.500000e+00 5.644995e+01
         vertex 3.100000e+01 2.500000e+00 6.154996e+01
      endloop
   endfacet
   facet normal 0.000000e+00 1.000000e+00 0.000000e+00
      outer loop
         vertex 3.400000e+01 2.500000e+00 6.800000e+01
         vertex 3.100000e+01 2.500000e+00 6.154996e+01
         vertex 3.097474e+01 2.500000e+00 6.186686e+01
      endloop
   endfacet
   facet normal 0.000000e+00 1.000000e+00 0.000000e+00
      outer loop
         vertex 4.655242e+00 2.500000e+00 3.811758e+01
         vertex 4.817737e+00 2.500000e+00 3.784434e+01
         vertex 0.000000e+00 2.500000e+00 3.400000e+01
      endloop
   endfacet
   facet normal 0.000000e+00 1.000000e+00 0.000000e+00
      outer loop
         vertex 0.000000e+00 2.500000e+00 3.400000e+01
         vertex 4.817737e+00 2.500000e+00 3.784434e+01
         vertex 5.021473e+00 2.500000e+00 3.760030e+01
      endloop
   endfacet
   facet normal 0.000000e+00 1.000000e+00 0.000000e+00
      outer loop
         vertex 0.000000e+00 2.500000e+00 3.400000e+01
         vertex 5.021473e+00 2.500000e+00 3.760030e+01
         vertex 5.261304e+00 2.500000e+00 3.739162e+01
      endloop
   endfacet
   facet normal 0.000000e+00 1.000000e+00 0.000000e+00
      outer loop
         vertex 4.655242e+00 2.500000e+00 3.811758e+01
         vertex 0.000000e+00 2.500000e+00 3.400000e+01
         vertex 4.538095e+00 2.500000e+00 3.841311e+01
      endloop
   endfacet
   facet normal 0.000000e+00 1.000000e+00 0.000000e+00
      outer loop
         vertex 4.538095e+00 2.500000e+00 3.841311e+01
         vertex 0.000000e+00 2.500000e+00 3.400000e+01
         vertex 1.993105e-01 2.500000e+00 3.767605e+01
      endloop
   endfacet
   facet normal 0.000000e+00 1.000000e+00 0.000000e+00
      outer loop
         vertex 4.538095e+00 2.500000e+00 3.841311e+01
         vertex 1.993105e-01 2.500000e+00 3.767605e+01
         vertex 4.469257e+00 2.500000e+00 3.872348e+01
      endloop
   endfacet
   facet normal 0.000000e+00 1.000000e+00 0.000000e+00
      outer loop
         vertex 5.824253e+00 2.500000e+00 3.710043e+01
         vertex 6.133147e+00 2.500000e+00 3.702527e+01
         vertex 0.000000e+00 2.500000e+00 3.400000e+01
      endloop
   endfacet
   facet normal 0.000000e+00 1.000000e+00 0.000000e+00
      outer loop
         vertex 0.000000e+00 2.500000e+00 3.400000e+01
         vertex 6.133147e+00 2.500000e+00 3.702527e+01
         vertex 6.450048e+00 2.500000e+00 3.700000e+01
      endloop
   endfacet
   facet normal 0.000000e+00 1.000000e+00 0.000000e+00
      outer loop
         vertex 0.000000e+00 2.500000e+00 3.400000e+01
         vertex 6.450048e+00 2.500000e+00 3.700000e+01
         vertex 1.725000e+01 2.500000e+00 3.400000e+01
      endloop
   endfacet
   facet normal 0.000000e+00 1.000000e+00 0.000000e+00
      outer loop
         vertex 1.725000e+01 2.500000e+00 3.400000e+01
         vertex 6.450048e+00 2.500000e+00 3.700000e+01
         vertex 1.155006e+01 2.500000e+00 3.700000e+01
      endloop
   endfacet
   facet normal 0.000000e+00 1.000000e+00 0.000000e+00
      outer loop
         vertex 1.725000e+01 2.500000e+00 3.400000e+01
         vertex 1.155006e+01 2.500000e+00 3.700000e+01
         vertex 1.188637e+01 2.500000e+00 3.702848e+01
      endloop
   endfacet
   facet normal -0.000000e+00 1.000000e+00 0.000000e+00
      outer loop
         vertex 1.324769e+01 2.500000e+00 3.794262e+01
         vertex 1.340132e+01 2.500000e+00 3.824314e+01
         vertex 1.745622e+01 2.500000e+00 3.662028e+01
      endloop
   endfacet
   facet normal 0.000000e+00 1.000000e+00 0.000000e+00
      outer loop
         vertex 1.745622e+01 2.500000e+00 3.662028e+01
         vertex 1.340132e+01 2.500000e+00 3.824314e+01
         vertex 1.350223e+01 2.500000e+00 3.856522e+01
      endloop
   endfacet
   facet normal 0.000000e+00 1.000000e+00 -0.000000e+00
      outer loop
         vertex 1.745622e+01 2.500000e+00 3.662028e+01
         vertex 1.350223e+01 2.500000e+00 3.856522e+01
         vertex 1.806981e+01 2.500000e+00 3.917604e+01
      endloop
   endfacet
   facet normal 0.000000e+00 1.000000e+00 0.000000e+00
      outer loop
         vertex 1.806981e+01 2.500000e+00 3.917604e+01
         vertex 1.350223e+01 2.500000e+00 3.856522e+01
         vertex 1.435139e+01 2.500000e+00 4.141162e+01
      endloop
   endfacet
   facet normal 0.000000e+00 1.000000e+00 -0.000000e+00
      outer loop
         vertex 1.806981e+01 2.500000e+00 3.917604e+01
         vertex 1.435139e+01 2.500000e+00 4.141162e+01
         vertex 1.907564e+01 2.500000e+00 4.160434e+01
      endloop
   endfacet
   facet normal 0.000000e+00 1.000000e+00 0.000000e+00
      outer loop
         vertex 1.907564e+01 2.500000e+00 4.160434e+01
         vertex 1.435139e+01 2.500000e+00 4.141162e+01
         vertex 1.559367e+01 2.500000e+00 4.410974e+01
      endloop
   endfacet
   facet normal 0.000000e+00 1.000000e+00 -0.000000e+00
      outer loop
         vertex 1.907564e+01 2.500000e+00 4.160434e+01
         vertex 1.559367e+01 2.500000e+00 4.410974e+01
         vertex 2.044897e+01 2.500000e+00 4.384540e+01
      endloop
   endfacet
   facet normal 0.000000e+00 1.000000e+00 0.000000e+00
      outer loop
         vertex 2.044897e+01 2.500000e+00 4.384540e+01
         vertex 1.559367e+01 2.500000e+00 4.410974e+01
         vertex 1.720420e+01 2.500000e+00 4.660559e+01
      endloop
   endfacet
   facet normal 0.000000e+00 1.000000e+00 -0.000000e+00
      outer loop
         vertex 2.044897e+01 2.500000e+00 4.384540e+01
         vertex 1.720420e+01 2.500000e+00 4.660559e+01
         vertex 2.215596e+01 2.500000e+00 4.584404e+01
      endloop
   endfacet
   facet normal 0.000000e+00 1.000000e+00 0.000000e+00
      outer loop
         vertex 2.215596e+01 2.500000e+00 4.584404e+01
         vertex 1.720420e+01 2.500000e+00 4.660559e+01
         vertex 1.915076e+01 2.500000e+00 4.884924e+01
      endloop
   endfacet
   facet normal 0.000000e+00 1.000000e+00 -0.000000e+00
      outer loop
         vertex 2.215596e+01 2.500000e+00 4.584404e+01
         vertex 1.915076e+01 2.500000e+00 4.884924e+01
         vertex 2.415460e+01 2.500000e+00 4.755104e+01
      endloop
   endfacet
   facet normal 0.000000e+00 1.000000e+00 0.000000e+00
      outer loop
         vertex 2.415460e+01 2.500000e+00 4.755104e+01
         vertex 1.915076e+01 2.500000e+00 4.884924e+01
         vertex 2.139441e+01 2.500000e+00 5.079581e+01
      endloop
   endfacet
   facet normal 0.000000e+00 1.000000e+00 -0.000000e+00
      outer loop
         vertex 2.415460e+01 2.500000e+00 4.755104e+01
         vertex 2.139441e+01 2.500000e+00 5.079581e+01
         vertex 2.639566e+01 2.500000e+00 4.892436e+01
      endloop
   endfacet
   facet normal 0.000000e+00 1.000000e+00 0.000000e+00
      outer loop
         vertex 2.639566e+01 2.500000e+00 4.892436e+01
         vertex 2.139441e+01 2.500000e+00 5.079581e+01
         vertex 2.389026e+01 2.500000e+00 5.240634e+01
      endloop
   endfacet
   facet normal 0.000000e+00 1.000000e+00 -0.000000e+00
      outer loop
         vertex 2.639566e+01 2.500000e+00 4.892436e+01
         vertex 2.389026e+01 2.500000e+00 5.240634e+01
         vertex 2.882397e+01 2.500000e+00 4.993020e+01
      endloop
   endfacet
   facet normal 0.000000e+00 1.000000e+00 0.000000e+00
      outer loop
         vertex 2.882397e+01 2.500000e+00 4.993020e+01
         vertex 2.389026e+01 2.500000e+00 5.240634e+01
         vertex 2.658838e+01 2.500000e+00 5.364861e+01
      endloop
   endfacet
   facet normal 0.000000e+00 1.000000e+00 -0.000000e+00
      outer loop
         vertex 2.882397e+01 2.500000e+00 4.993020e+01
         vertex 2.658838e+01 2.500000e+00 5.364861e+01
         vertex 3.137972e+01 2.500000e+00 5.054378e+01
      endloop
   endfacet
   facet normal 0.000000e+00 1.000000e+00 0.000000e+00
      outer loop
         vertex 3.137972e+01 2.500000e+00 5.054378e+01
         vertex 2.658838e+01 2.500000e+00 5.364861e+01
         vertex 2.943478e+01 2.500000e+00 5.449778e+01
      endloop
   endfacet
   facet normal 0.000000e+00 1.000000e+00 0.000000e+00
      outer loop
         vertex 3.137972e+01 2.500000e+00 5.054378e+01
         vertex 2.943478e+01 2.500000e+00 5.449778e+01
         vertex 2.975686e+01 2.500000e+00 5.459869e+01
      endloop
   endfacet
   facet normal 0.000000e+00 1.000000e+00 0.000000e+00
      outer loop
         vertex 2.927653e+01 2.500000e+00 6.353075e+01
         vertex 2.895918e+01 2.500000e+00 6.354954e+01
         vertex 2.849941e+01 2.500000e+00 6.755210e+01
      endloop
   endfacet
   facet normal 0.000000e+00 1.000000e+00 0.000000e+00
      outer loop
         vertex 2.849941e+01 2.500000e+00 6.755210e+01
         vertex 2.895918e+01 2.500000e+00 6.354954e+01
         vertex 2.864286e+01 2.500000e+00 6.351781e+01
      endloop
   endfacet
   facet normal 0.000000e+00 1.000000e+00 0.000000e+00
      outer loop
         vertex 2.849941e+01 2.500000e+00 6.755210e+01
         vertex 2.864286e+01 2.500000e+00 6.351781e+01
         vertex 2.490404e+01 2.500000e+00 6.676070e+01
      endloop
   endfacet
   facet normal 0.000000e+00 1.000000e+00 0.000000e+00
      outer loop
         vertex 2.490404e+01 2.500000e+00 6.676070e+01
         vertex 2.864286e+01 2.500000e+00 6.351781e+01
         vertex 2.543031e+01 2.500000e+00 6.274996e+01
      endloop
   endfacet
   facet normal 0.000000e+00 1.000000e+00 0.000000e+00
      outer loop
         vertex 2.490404e+01 2.500000e+00 6.676070e+01
         vertex 2.543031e+01 2.500000e+00 6.274996e+01
         vertex 2.141530e+01 2.500000e+00 6.558521e+01
      endloop
   endfacet
   facet normal 0.000000e+00 1.000000e+00 0.000000e+00
      outer loop
         vertex 2.141530e+01 2.500000e+00 6.558521e+01
         vertex 2.543031e+01 2.500000e+00 6.274996e+01
         vertex 2.232164e+01 2.500000e+00 6.163360e+01
      endloop
   endfacet
   facet normal 0.000000e+00 1.000000e+00 0.000000e+00
      outer loop
         vertex 2.141530e+01 2.500000e+00 6.558521e+01
         vertex 2.232164e+01 2.500000e+00 6.163360e+01
         vertex 1.807412e+01 2.500000e+00 6.403941e+01
      endloop
   endfacet
   facet normal 0.000000e+00 1.000000e+00 0.000000e+00
      outer loop
         vertex 1.807412e+01 2.500000e+00 6.403941e+01
         vertex 2.232164e+01 2.500000e+00 6.163360e+01
         vertex 1.935454e+01 2.500000e+00 6.018226e+01
      endloop
   endfacet
   facet normal 0.000000e+00 1.000000e+00 0.000000e+00
      outer loop
         vertex 1.807412e+01 2.500000e+00 6.403941e+01
         vertex 1.935454e+01 2.500000e+00 6.018226e+01
         vertex 1.491964e+01 2.500000e+00 6.214143e+01
      endloop
   endfacet
   facet normal 0.000000e+00 1.000000e+00 0.000000e+00
      outer loop
         vertex 1.491964e+01 2.500000e+00 6.214143e+01
         vertex 1.935454e+01 2.500000e+00 6.018226e+01
         vertex 1.656498e+01 2.500000e+00 5.841352e+01
      endloop
   endfacet
   facet normal 0.000000e+00 1.000000e+00 0.000000e+00
      outer loop
         vertex 1.491964e+01 2.500000e+00 6.214143e+01
         vertex 1.656498e+01 2.500000e+00 5.841352e+01
         vertex 1.198887e+01 2.500000e+00 5.991351e+01
      endloop
   endfacet
   facet normal 0.000000e+00 1.000000e+00 0.000000e+00
      outer loop
         vertex 1.198887e+01 2.500000e+00 5.991351e+01
         vertex 1.656498e+01 2.500000e+00 5.841352e+01
         vertex 1.398677e+01 2.500000e+00 5.634884e+01
      endloop
   endfacet
   facet normal 0.000000e+00 1.000000e+00 0.000000e+00
      outer loop
         vertex 1.198887e+01 2.500000e+00 5.991351e+01
         vertex 1.398677e+01 2.500000e+00 5.634884e+01
         vertex 9.316156e+00 2.500000e+00 5.738178e+01
      endloop
   endfacet
   facet normal 0.000000e+00 1.000000e+00 0.000000e+00
      outer loop
         vertex 9.316156e+00 2.500000e+00 5.738178e+01
         vertex 1.398677e+01 2.500000e+00 5.634884e+01
         vertex 1.165117e+01 2.500000e+00 5.401324e+01
      endloop
   endfacet
   facet normal 0.000000e+00 1.000000e+00 0.000000e+00
      outer loop
         vertex 9.316156e+00 2.500000e+00 5.738178e+01
         vertex 1.165117e+01 2.500000e+00 5.401324e+01
         vertex 6.932838e+00 2.500000e+00 5.457593e+01
      endloop
   endfacet
   facet normal 0.000000e+00 1.000000e+00 0.000000e+00
      outer loop
         vertex 6.932838e+00 2.500000e+00 5.457593e+01
         vertex 1.165117e+01 2.500000e+00 5.401324e+01
         vertex 9.586483e+00 2.500000e+00 5.143503e+01
      endloop
   endfacet
   facet normal 0.000000e+00 1.000000e+00 0.000000e+00
      outer loop
         vertex 6.932838e+00 2.500000e+00 5.457593e+01
         vertex 9.586483e+00 2.500000e+00 5.143503e+01
         vertex 4.866857e+00 2.500000e+00 5.152883e+01
      endloop
   endfacet
   facet normal 0.000000e+00 1.000000e+00 0.000000e+00
      outer loop
         vertex 4.866857e+00 2.500000e+00 5.152883e+01
         vertex 9.586483e+00 2.500000e+00 5.143503e+01
         vertex 7.817747e+00 2.500000e+00 4.864546e+01
      endloop
   endfacet
   facet normal 0.000000e+00 1.000000e+00 0.000000e+00
      outer loop
         vertex 4.866857e+00 2.500000e+00 5.152883e+01
         vertex 7.817747e+00 2.500000e+00 4.864546e+01
         vertex 3.142437e+00 2.500000e+00 4.827623e+01
      endloop
   endfacet
   facet normal -0.000000e+00 1.000000e+00 0.000000e+00
      outer loop
         vertex 3.142437e+00 2.500000e+00 4.827623e+01
         vertex 7.817747e+00 2.500000e+00 4.864546e+01
         vertex 6.366402e+00 2.500000e+00 4.567837e+01
      endloop
   endfacet
   facet normal 0.000000e+00 1.000000e+00 0.000000e+00
      outer loop
         vertex 3.142437e+00 2.500000e+00 4.827623e+01
         vertex 6.366402e+00 2.500000e+00 4.567837e+01
         vertex 1.779795e+00 2.500000e+00 4.485625e+01
      endloop
   endfacet
   facet normal -0.000000e+00 1.000000e+00 0.000000e+00
      outer loop
         vertex 1.779795e+00 2.500000e+00 4.485625e+01
         vertex 6.366402e+00 2.500000e+00 4.567837e+01
         vertex 5.250040e+00 2.500000e+00 4.256970e+01
      endloop
   endfacet
   facet normal 0.000000e+00 1.000000e+00 0.000000e+00
      outer loop
         vertex 1.779795e+00 2.500000e+00 4.485625e+01
         vertex 5.250040e+00 2.500000e+00 4.256970e+01
         vertex 7.949024e-01 2.500000e+00 4.130900e+01
      endloop
   endfacet
   facet normal -0.000000e+00 1.000000e+00 0.000000e+00
      outer loop
         vertex 7.949024e-01 2.500000e+00 4.130900e+01
         vertex 5.250040e+00 2.500000e+00 4.256970e+01
         vertex 4.482193e+00 2.500000e+00 3.935714e+01
      endloop
   endfacet
   facet normal 0.000000e+00 1.000000e+00 0.000000e+00
      outer loop
         vertex 7.949024e-01 2.500000e+00 4.130900e+01
         vertex 4.482193e+00 2.500000e+00 3.935714e+01
         vertex 1.993105e-01 2.500000e+00 3.767605e+01
      endloop
   endfacet
   facet normal 0.000000e+00 1.000000e+00 0.000000e+00
      outer loop
         vertex 1.993105e-01 2.500000e+00 3.767605e+01
         vertex 4.482193e+00 2.500000e+00 3.935714e+01
         vertex 4.450465e+00 2.500000e+00 3.904083e+01
      endloop
   endfacet
   facet normal 0.000000e+00 1.000000e+00 0.000000e+00
      outer loop
         vertex 1.993105e-01 2.500000e+00 3.767605e+01
         vertex 4.450465e+00 2.500000e+00 3.904083e+01
         vertex 4.469257e+00 2.500000e+00 3.872348e+01
      endloop
   endfacet
   facet normal 9.985334e-01 -0.000000e+00 5.413919e-02
      outer loop
         vertex 6.800000e+01 0.000000e+00 3.400000e+01
         vertex 6.800000e+01 2.500000e+00 3.400000e+01
         vertex 6.780069e+01 2.500000e+00 3.767605e+01
      endloop
   endfacet
   facet normal 9.985334e-01 0.000000e+00 5.413919e-02
      outer loop
         vertex 6.800000e+01 0.000000e+00 3.400000e+01
         vertex 6.780069e+01 2.500000e+00 3.767605e+01
         vertex 6.780069e+01 0.000000e+00 3.767605e+01
      endloop
   endfacet
   facet normal 9.868265e-01 -0.000000e+00 1.617821e-01
      outer loop
         vertex 6.780069e+01 0.000000e+00 3.767605e+01
         vertex 6.780069e+01 2.500000e+00 3.767605e+01
         vertex 6.720510e+01 2.500000e+00 4.130900e+01
      endloop
   endfacet
   facet normal 9.868265e-01 0.000000e+00 1.617821e-01
      outer loop
         vertex 6.780069e+01 0.000000e+00 3.767605e+01
         vertex 6.720510e+01 2.500000e+00 4.130900e+01
         vertex 6.720510e+01 0.000000e+00 4.130900e+01
      endloop
   endfacet
   facet normal 9.635499e-01 -0.000000e+00 2.675286e-01
      outer loop
         vertex 6.720510e+01 0.000000e+00 4.130900e+01
         vertex 6.720510e+01 2.500000e+00 4.130900e+01
         vertex 6.622021e+01 2.500000e+00 4.485625e+01
      endloop
   endfacet
   facet normal 9.635499e-01 0.000000e+00 2.675286e-01
      outer loop
         vertex 6.720510e+01 0.000000e+00 4.130900e+01
         vertex 6.622021e+01 2.500000e+00 4.485625e+01
         vertex 6.622021e+01 0.000000e+00 4.485625e+01
      endloop
   endfacet
   facet normal 9.289768e-01 -0.000000e+00 3.701378e-01
      outer loop
         vertex 6.622021e+01 0.000000e+00 4.485625e+01
         vertex 6.622021e+01 2.500000e+00 4.485625e+01
         vertex 6.485757e+01 2.500000e+00 4.827623e+01
      endloop
   endfacet
   facet normal 9.289768e-01 0.000000e+00 3.701378e-01
      outer loop
         vertex 6.622021e+01 0.000000e+00 4.485625e+01
         vertex 6.485757e+01 2.500000e+00 4.827623e+01
         vertex 6.485757e+01 0.000000e+00 4.827623e+01
      endloop
   endfacet
   facet normal 8.835121e-01 -0.000000e+00 4.684084e-01
      outer loop
         vertex 6.485757e+01 0.000000e+00 4.827623e+01
         vertex 6.485757e+01 2.500000e+00 4.827623e+01
         vertex 6.313315e+01 2.500000e+00 5.152883e+01
      endloop
   endfacet
   facet normal 8.835121e-01 0.000000e+00 4.684084e-01
      outer loop
         vertex 6.485757e+01 0.000000e+00 4.827623e+01
         vertex 6.313315e+01 2.500000e+00 5.152883e+01
         vertex 6.313315e+01 0.000000e+00 5.152883e+01
      endloop
   endfacet
   facet normal 8.276888e-01 -0.000000e+00 5.611873e-01
      outer loop
         vertex 6.313315e+01 0.000000e+00 5.152883e+01
         vertex 6.313315e+01 2.500000e+00 5.152883e+01
         vertex 6.106717e+01 2.500000e+00 5.457593e+01
      endloop
   endfacet
   facet normal 8.276888e-01 0.000000e+00 5.611873e-01
      outer loop
         vertex 6.313315e+01 0.000000e+00 5.152883e+01
         vertex 6.106717e+01 2.500000e+00 5.457593e+01
         vertex 6.106717e+01 0.000000e+00 5.457593e+01
      endloop
   endfacet
   facet normal 7.621619e-01 -0.000000e+00 6.473865e-01
      outer loop
         vertex 6.106717e+01 0.000000e+00 5.457593e+01
         vertex 6.106717e+01 2.500000e+00 5.457593e+01
         vertex 5.868385e+01 2.500000e+00 5.738178e+01
      endloop
   endfacet
   facet normal 7.621619e-01 0.000000e+00 6.473865e-01
      outer loop
         vertex 6.106717e+01 0.000000e+00 5.457593e+01
         vertex 5.868385e+01 2.500000e+00 5.738178e+01
         vertex 5.868385e+01 0.000000e+00 5.738178e+01
      endloop
   endfacet
   facet normal 6.876996e-01 -0.000000e+00 7.259953e-01
      outer loop
         vertex 5.868385e+01 0.000000e+00 5.738178e+01
         vertex 5.868385e+01 2.500000e+00 5.738178e+01
         vertex 5.601113e+01 2.500000e+00 5.991351e+01
      endloop
   endfacet
   facet normal 6.876996e-01 0.000000e+00 7.259953e-01
      outer loop
         vertex 5.868385e+01 0.000000e+00 5.738178e+01
         vertex 5.601113e+01 2.500000e+00 5.991351e+01
         vertex 5.601113e+01 0.000000e+00 5.991351e+01
      endloop
   endfacet
   facet normal 6.051741e-01 -0.000000e+00 7.960931e-01
      outer loop
         vertex 5.601113e+01 0.000000e+00 5.991351e+01
         vertex 5.601113e+01 2.500000e+00 5.991351e+01
         vertex 5.308036e+01 2.500000e+00 6.214143e+01
      endloop
   endfacet
   facet normal 6.051741e-01 0.000000e+00 7.960931e-01
      outer loop
         vertex 5.601113e+01 0.000000e+00 5.991351e+01
         vertex 5.308036e+01 2.500000e+00 6.214143e+01
         vertex 5.308036e+01 0.000000e+00 6.214143e+01
      endloop
   endfacet
   facet normal 5.155538e-01 -0.000000e+00 8.568572e-01
      outer loop
         vertex 5.308036e+01 0.000000e+00 6.214143e+01
         vertex 5.308036e+01 2.500000e+00 6.214143e+01
         vertex 4.992589e+01 2.500000e+00 6.403941e+01
      endloop
   endfacet
   facet normal 5.155538e-01 0.000000e+00 8.568572e-01
      outer loop
         vertex 5.308036e+01 0.000000e+00 6.214143e+01
         vertex 4.992589e+01 2.500000e+00 6.403941e+01
         vertex 4.992589e+01 0.000000e+00 6.403941e+01
      endloop
   endfacet
   facet normal 4.198894e-01 -0.000000e+00 9.075753e-01
      outer loop
         vertex 4.992589e+01 0.000000e+00 6.403941e+01
         vertex 4.992589e+01 2.500000e+00 6.403941e+01
         vertex 4.658470e+01 2.500000e+00 6.558521e+01
      endloop
   endfacet
   facet normal 4.198894e-01 0.000000e+00 9.075753e-01
      outer loop
         vertex 4.992589e+01 0.000000e+00 6.403941e+01
         vertex 4.658470e+01 2.500000e+00 6.558521e+01
         vertex 4.658470e+01 0.000000e+00 6.558521e+01
      endloop
   endfacet
   facet normal 3.193010e-01 -0.000000e+00 9.476534e-01
      outer loop
         vertex 4.658470e+01 0.000000e+00 6.558521e+01
         vertex 4.658470e+01 2.500000e+00 6.558521e+01
         vertex 4.309596e+01 2.500000e+00 6.676070e+01
      endloop
   endfacet
   facet normal 3.193010e-01 0.000000e+00 9.476534e-01
      outer loop
         vertex 4.658470e+01 0.000000e+00 6.558521e+01
         vertex 4.309596e+01 2.500000e+00 6.676070e+01
         vertex 4.309596e+01 0.000000e+00 6.676070e+01
      endloop
   endfacet
   facet normal 2.149711e-01 -0.000000e+00 9.766204e-01
      outer loop
         vertex 4.309596e+01 0.000000e+00 6.676070e+01
         vertex 4.309596e+01 2.500000e+00 6.676070e+01
         vertex 3.950059e+01 2.500000e+00 6.755210e+01
      endloop
   endfacet
   facet normal 2.149711e-01 0.000000e+00 9.766204e-01
      outer loop
         vertex 4.309596e+01 0.000000e+00 6.676070e+01
         vertex 3.950059e+01 2.500000e+00 6.755210e+01
         vertex 3.950059e+01 0.000000e+00 6.755210e+01
      endloop
   endfacet
   facet normal 1.081185e-01 -0.000000e+00 9.941380e-01
      outer loop
         vertex 3.950059e+01 0.000000e+00 6.755210e+01
         vertex 3.950059e+01 2.500000e+00 6.755210e+01
         vertex 3.584072e+01 2.500000e+00 6.795014e+01
      endloop
   endfacet
   facet normal 1.081185e-01 0.000000e+00 9.941380e-01
      outer loop
         vertex 3.950059e+01 0.000000e+00 6.755210e+01
         vertex 3.584072e+01 2.500000e+00 6.795014e+01
         vertex 3.584072e+01 0.000000e+00 6.795014e+01
      endloop
   endfacet
   facet normal 2.708091e-02 -0.000000e+00 9.996332e-01
      outer loop
         vertex 3.584072e+01 0.000000e+00 6.795014e+01
         vertex 3.584072e+01 2.500000e+00 6.795014e+01
         vertex 3.400000e+01 0.000000e+00 6.800000e+01
      endloop
   endfacet
   facet normal 2.708091e-02 -0.000000e+00 9.996332e-01
      outer loop
         vertex 3.400000e+01 0.000000e+00 6.800000e+01
         vertex 3.584072e+01 2.500000e+00 6.795014e+01
         vertex 3.400000e+01 2.500000e+00 6.800000e+01
      endloop
   endfacet
   facet normal -2.708091e-02 0.000000e+00 9.996332e-01
      outer loop
         vertex 3.400000e+01 0.000000e+00 6.800000e+01
         vertex 3.400000e+01 2.500000e+00 6.800000e+01
         vertex 3.215928e+01 0.000000e+00 6.795014e+01
      endloop
   endfacet
   facet normal -2.708091e-02 0.000000e+00 9.996332e-01
      outer loop
         vertex 3.400000e+01 2.500000e+00 6.800000e+01
         vertex 3.215928e+01 2.500000e+00 6.795014e+01
         vertex 3.215928e+01 0.000000e+00 6.795014e+01
      endloop
   endfacet
   facet normal -1.081185e-01 0.000000e+00 9.941380e-01
      outer loop
         vertex 3.215928e+01 0.000000e+00 6.795014e+01
         vertex 3.215928e+01 2.500000e+00 6.795014e+01
         vertex 2.849941e+01 2.500000e+00 6.755210e+01
      endloop
   endfacet
   facet normal -1.081185e-01 0.000000e+00 9.941380e-01
      outer loop
         vertex 3.215928e+01 0.000000e+00 6.795014e+01
         vertex 2.849941e+01 2.500000e+00 6.755210e+01
         vertex 2.849941e+01 0.000000e+00 6.755210e+01
      endloop
   endfacet
   facet normal -2.149711e-01 0.000000e+00 9.766204e-01
      outer loop
         vertex 2.849941e+01 0.000000e+00 6.755210e+01
         vertex 2.849941e+01 2.500000e+00 6.755210e+01
         vertex 2.490404e+01 2.500000e+00 6.676070e+01
      endloop
   endfacet
   facet normal -2.149711e-01 0.000000e+00 9.766204e-01
      outer loop
         vertex 2.849941e+01 0.000000e+00 6.755210e+01
         vertex 2.490404e+01 2.500000e+00 6.676070e+01
         vertex 2.490404e+01 0.000000e+00 6.676070e+01
      endloop
   endfacet
   facet normal -3.193010e-01 0.000000e+00 9.476534e-01
      outer loop
         vertex 2.490404e+01 0.000000e+00 6.676070e+01
         vertex 2.490404e+01 2.500000e+00 6.676070e+01
         vertex 2.141530e+01 2.500000e+00 6.558521e+01
      endloop
   endfacet
   facet normal -3.193010e-01 0.000000e+00 9.476534e-01
      outer loop
         vertex 2.490404e+01 0.000000e+00 6.676070e+01
         vertex 2.141530e+01 2.500000e+00 6.558521e+01
         vertex 2.141530e+01 0.000000e+00 6.558521e+01
      endloop
   endfacet
   facet normal -4.198894e-01 0.000000e+00 9.075753e-01
      outer loop
         vertex 2.141530e+01 0.000000e+00 6.558521e+01
         vertex 2.141530e+01 2.500000e+00 6.558521e+01
         vertex 1.807412e+01 2.500000e+00 6.403941e+01
      endloop
   endfacet
   facet normal -4.198894e-01 0.000000e+00 9.075753e-01
      outer loop
         vertex 2.141530e+01 0.000000e+00 6.558521e+01
         vertex 1.807412e+01 2.500000e+00 6.403941e+01
         vertex 1.807412e+01 0.000000e+00 6.403941e+01
      endloop
   endfacet
   facet normal -5.155538e-01 0.000000e+00 8.568572e-01
      outer loop
         vertex 1.807412e+01 0.000000e+00 6.403941e+01
         vertex 1.807412e+01 2.500000e+00 6.403941e+01
         vertex 1.491964e+01 2.500000e+00 6.214143e+01
      endloop
   endfacet
   facet normal -5.155538e-01 0.000000e+00 8.568572e-01
      outer loop
         vertex 1.807412e+01 0.000000e+00 6.403941e+01
         vertex 1.491964e+01 2.500000e+00 6.214143e+01
         vertex 1.491964e+01 0.000000e+00 6.214143e+01
      endloop
   endfacet
   facet normal -6.051741e-01 0.000000e+00 7.960931e-01
      outer loop
         vertex 1.491964e+01 0.000000e+00 6.214143e+01
         vertex 1.491964e+01 2.500000e+00 6.214143e+01
         vertex 1.198887e+01 2.500000e+00 5.991351e+01
      endloop
   endfacet
   facet normal -6.051741e-01 0.000000e+00 7.960931e-01
      outer loop
         vertex 1.491964e+01 0.000000e+00 6.214143e+01
         vertex 1.198887e+01 2.500000e+00 5.991351e+01
         vertex 1.198887e+01 0.000000e+00 5.991351e+01
      endloop
   endfacet
   facet normal -6.876996e-01 0.000000e+00 7.259953e-01
      outer loop
         vertex 1.198887e+01 0.000000e+00 5.991351e+01
         vertex 1.198887e+01 2.500000e+00 5.991351e+01
         vertex 9.316156e+00 2.500000e+00 5.738178e+01
      endloop
   endfacet
   facet normal -6.876996e-01 0.000000e+00 7.259953e-01
      outer loop
         vertex 1.198887e+01 0.000000e+00 5.991351e+01
         vertex 9.316156e+00 2.500000e+00 5.738178e+01
         vertex 9.316156e+00 0.000000e+00 5.738178e+01
      endloop
   endfacet
   facet normal -7.621619e-01 0.000000e+00 6.473865e-01
      outer loop
         vertex 9.316156e+00 0.000000e+00 5.738178e+01
         vertex 9.316156e+00 2.500000e+00 5.738178e+01
         vertex 6.932838e+00 2.500000e+00 5.457593e+01
      endloop
   endfacet
   facet normal -7.621619e-01 0.000000e+00 6.473865e-01
      outer loop
         vertex 9.316156e+00 0.000000e+00 5.738178e+01
         vertex 6.932838e+00 2.500000e+00 5.457593e+01
         vertex 6.932838e+00 0.000000e+00 5.457593e+01
      endloop
   endfacet
   facet normal -8.276888e-01 0.000000e+00 5.611873e-01
      outer loop
         vertex 6.932838e+00 0.000000e+00 5.457593e+01
         vertex 6.932838e+00 2.500000e+00 5.457593e+01
         vertex 4.866857e+00 2.500000e+00 5.152883e+01
      endloop
   endfacet
   facet normal -8.276888e-01 0.000000e+00 5.611873e-01
      outer loop
         vertex 6.932838e+00 0.000000e+00 5.457593e+01
         vertex 4.866857e+00 2.500000e+00 5.152883e+01
         vertex 4.866857e+00 0.000000e+00 5.152883e+01
      endloop
   endfacet
   facet normal -8.835121e-01 0.000000e+00 4.684084e-01
      outer loop
         vertex 4.866857e+00 0.000000e+00 5.152883e+01
         vertex 4.866857e+00 2.500000e+00 5.152883e+01
         vertex 3.142437e+00 2.500000e+00 4.827623e+01
      endloop
   endfacet
   facet normal -8.835121e-01 0.000000e+00 4.684084e-01
      outer loop
         vertex 4.866857e+00 0.000000e+00 5.152883e+01
         vertex 3.142437e+00 2.500000e+00 4.827623e+01
         vertex 3.142437e+00 0.000000e+00 4.827623e+01
      endloop
   endfacet
   facet normal -9.289768e-01 0.000000e+00 3.701378e-01
      outer loop
         vertex 3.142437e+00 0.000000e+00 4.827623e+01
         vertex 3.142437e+00 2.500000e+00 4.827623e+01
         vertex 1.779795e+00 2.500000e+00 4.485625e+01
      endloop
   endfacet
   facet normal -9.289768e-01 0.000000e+00 3.701378e-01
      outer loop
         vertex 3.142437e+00 0.000000e+00 4.827623e+01
         vertex 1.779795e+00 2.500000e+00 4.485625e+01
         vertex 1.779795e+00 0.000000e+00 4.485625e+01
      endloop
   endfacet
   facet normal -9.635499e-01 0.000000e+00 2.675286e-01
      outer loop
         vertex 1.779795e+00 0.000000e+00 4.485625e+01
         vertex 1.779795e+00 2.500000e+00 4.485625e+01
         vertex 7.949024e-01 2.500000e+00 4.130900e+01
      endloop
   endfacet
   facet normal -9.635499e-01 0.000000e+00 2.675286e-01
      outer loop
         vertex 1.779795e+00 0.000000e+00 4.485625e+01
         vertex 7.949024e-01 2.500000e+00 4.130900e+01
         vertex 7.949024e-01 0.000000e+00 4.130900e+01
      endloop
   endfacet
   facet normal -9.868265e-01 0.000000e+00 1.617821e-01
      outer loop
         vertex 7.949024e-01 0.000000e+00 4.130900e+01
         vertex 7.949024e-01 2.500000e+00 4.130900e+01
         vertex 1.993105e-01 2.500000e+00 3.767605e+01
      endloop
   endfacet
   facet normal -9.868265e-01 0.000000e+00 1.617821e-01
      outer loop
         vertex 7.949024e-01 0.000000e+00 4.130900e+01
         vertex 1.993105e-01 2.500000e+00 3.767605e+01
         vertex 1.993105e-01 0.000000e+00 3.767605e+01
      endloop
   endfacet
   facet normal -9.985334e-01 0.000000e+00 5.413919e-02
      outer loop
         vertex 1.993105e-01 0.000000e+00 3.767605e+01
         vertex 1.993105e-01 2.500000e+00 3.767605e+01
         vertex 0.000000e+00 2.500000e+00 3.400000e+01
      endloop
   endfacet
   facet normal -9.985334e-01 0.000000e+00 5.413919e-02
      outer loop
         vertex 1.993105e-01 0.000000e+00 3.767605e+01
         vertex 0.000000e+00 2.500000e+00 3.400000e+01
         vertex 0.000000e+00 0.000000e+00 3.400000e+01
      endloop
   endfacet
   facet normal -9.985334e-01 0.000000e+00 -5.413919e-02
      outer loop
         vertex 0.000000e+00 0.000000e+00 3.400000e+01
         vertex 0.000000e+00 2.500000e+00 3.400000e+01
         vertex 1.993105e-01 2.500000e+00 3.032396e+01
      endloop
   endfacet
   facet normal -9.985334e-01 0.000000e+00 -5.413919e-02
      outer loop
         vertex 0.000000e+00 0.000000e+00 3.400000e+01
         vertex 1.993105e-01 2.500000e+00 3.032396e+01
         vertex 1.993105e-01 0.000000e+00 3.032396e+01
      endloop
   endfacet
   facet normal -9.868265e-01 0.000000e+00 -1.617821e-01
      outer loop
         vertex 1.993105e-01 0.000000e+00 3.032396e+01
         vertex 1.993105e-01 2.500000e+00 3.032396e+01
         vertex 7.949024e-01 2.500000e+00 2.669101e+01
      endloop
   endfacet
   facet normal -9.868265e-01 0.000000e+00 -1.617821e-01
      outer loop
         vertex 1.993105e-01 0.000000e+00 3.032396e+01
         vertex 7.949024e-01 2.500000e+00 2.669101e+01
         vertex 7.949024e-01 0.000000e+00 2.669101e+01
      endloop
   endfacet
   facet normal -9.635499e-01 0.000000e+00 -2.675286e-01
      outer loop
         vertex 7.949024e-01 0.000000e+00 2.669101e+01
         vertex 7.949024e-01 2.500000e+00 2.669101e+01
         vertex 1.779795e+00 2.500000e+00 2.314375e+01
      endloop
   endfacet
   facet normal -9.635499e-01 0.000000e+00 -2.675286e-01
      outer loop
         vertex 7.949024e-01 0.000000e+00 2.669101e+01
         vertex 1.779795e+00 2.500000e+00 2.314375e+01
         vertex 1.779795e+00 0.000000e+00 2.314375e+01
      endloop
   endfacet
   facet normal -9.289768e-01 0.000000e+00 -3.701378e-01
      outer loop
         vertex 1.779795e+00 0.000000e+00 2.314375e+01
         vertex 1.779795e+00 2.500000e+00 2.314375e+01
         vertex 3.142437e+00 2.500000e+00 1.972377e+01
      endloop
   endfacet
   facet normal -9.289768e-01 0.000000e+00 -3.701378e-01
      outer loop
         vertex 1.779795e+00 0.000000e+00 2.314375e+01
         vertex 3.142437e+00 2.500000e+00 1.972377e+01
         vertex 3.142437e+00 0.000000e+00 1.972377e+01
      endloop
   endfacet
   facet normal -8.835121e-01 0.000000e+00 -4.684084e-01
      outer loop
         vertex 3.142437e+00 0.000000e+00 1.972377e+01
         vertex 3.142437e+00 2.500000e+00 1.972377e+01
         vertex 4.866857e+00 2.500000e+00 1.647117e+01
      endloop
   endfacet
   facet normal -8.835121e-01 0.000000e+00 -4.684084e-01
      outer loop
         vertex 3.142437e+00 0.000000e+00 1.972377e+01
         vertex 4.866857e+00 2.500000e+00 1.647117e+01
         vertex 4.866857e+00 0.000000e+00 1.647117e+01
      endloop
   endfacet
   facet normal -8.276888e-01 0.000000e+00 -5.611873e-01
      outer loop
         vertex 4.866857e+00 0.000000e+00 1.647117e+01
         vertex 4.866857e+00 2.500000e+00 1.647117e+01
         vertex 6.932838e+00 2.500000e+00 1.342408e+01
      endloop
   endfacet
   facet normal -8.276888e-01 0.000000e+00 -5.611873e-01
      outer loop
         vertex 4.866857e+00 0.000000e+00 1.647117e+01
         vertex 6.932838e+00 2.500000e+00 1.342408e+01
         vertex 6.932838e+00 0.000000e+00 1.342408e+01
      endloop
   endfacet
   facet normal -7.621619e-01 0.000000e+00 -6.473865e-01
      outer loop
         vertex 6.932838e+00 0.000000e+00 1.342408e+01
         vertex 6.932838e+00 2.500000e+00 1.342408e+01
         vertex 9.316156e+00 2.500000e+00 1.061822e+01
      endloop
   endfacet
   facet normal -7.621619e-01 0.000000e+00 -6.473865e-01
      outer loop
         vertex 6.932838e+00 0.000000e+00 1.342408e+01
         vertex 9.316156e+00 2.500000e+00 1.061822e+01
         vertex 9.316156e+00 0.000000e+00 1.061822e+01
      endloop
   endfacet
   facet normal -6.876996e-01 0.000000e+00 -7.259953e-01
      outer loop
         vertex 9.316156e+00 0.000000e+00 1.061822e+01
         vertex 9.316156e+00 2.500000e+00 1.061822e+01
         vertex 1.198887e+01 2.500000e+00 8.086491e+00
      endloop
   endfacet
   facet normal -6.876996e-01 0.000000e+00 -7.259953e-01
      outer loop
         vertex 9.316156e+00 0.000000e+00 1.061822e+01
         vertex 1.198887e+01 2.500000e+00 8.086491e+00
         vertex 1.198887e+01 0.000000e+00 8.086491e+00
      endloop
   endfacet
   facet normal -6.051741e-01 0.000000e+00 -7.960931e-01
      outer loop
         vertex 1.198887e+01 0.000000e+00 8.086491e+00
         vertex 1.198887e+01 2.500000e+00 8.086491e+00
         vertex 1.491964e+01 2.500000e+00 5.858576e+00
      endloop
   endfacet
   facet normal -6.051741e-01 0.000000e+00 -7.960931e-01
      outer loop
         vertex 1.198887e+01 0.000000e+00 8.086491e+00
         vertex 1.491964e+01 2.500000e+00 5.858576e+00
         vertex 1.491964e+01 0.000000e+00 5.858576e+00
      endloop
   endfacet
   facet normal -5.155538e-01 0.000000e+00 -8.568572e-01
      outer loop
         vertex 1.491964e+01 0.000000e+00 5.858576e+00
         vertex 1.491964e+01 2.500000e+00 5.858576e+00
         vertex 1.807412e+01 2.500000e+00 3.960593e+00
      endloop
   endfacet
   facet normal -5.155538e-01 0.000000e+00 -8.568572e-01
      outer loop
         vertex 1.491964e+01 0.000000e+00 5.858576e+00
         vertex 1.807412e+01 2.500000e+00 3.960593e+00
         vertex 1.807412e+01 0.000000e+00 3.960593e+00
      endloop
   endfacet
   facet normal -4.198894e-01 0.000000e+00 -9.075753e-01
      outer loop
         vertex 1.807412e+01 0.000000e+00 3.960593e+00
         vertex 1.807412e+01 2.500000e+00 3.960593e+00
         vertex 2.141530e+01 2.500000e+00 2.414793e+00
      endloop
   endfacet
   facet normal -4.198894e-01 0.000000e+00 -9.075753e-01
      outer loop
         vertex 1.807412e+01 0.000000e+00 3.960593e+00
         vertex 2.141530e+01 2.500000e+00 2.414793e+00
         vertex 2.141530e+01 0.000000e+00 2.414793e+00
      endloop
   endfacet
   facet normal -3.193010e-01 0.000000e+00 -9.476534e-01
      outer loop
         vertex 2.141530e+01 0.000000e+00 2.414793e+00
         vertex 2.141530e+01 2.500000e+00 2.414793e+00
         vertex 2.490404e+01 2.500000e+00 1.239303e+00
      endloop
   endfacet
   facet normal -3.193010e-01 0.000000e+00 -9.476534e-01
      outer loop
         vertex 2.141530e+01 0.000000e+00 2.414793e+00
         vertex 2.490404e+01 2.500000e+00 1.239303e+00
         vertex 2.490404e+01 0.000000e+00 1.239303e+00
      endloop
   endfacet
   facet normal -2.149711e-01 0.000000e+00 -9.766204e-01
      outer loop
         vertex 2.490404e+01 0.000000e+00 1.239303e+00
         vertex 2.490404e+01 2.500000e+00 1.239303e+00
         vertex 2.849941e+01 2.500000e+00 4.478991e-01
      endloop
   endfacet
   facet normal -2.149711e-01 0.000000e+00 -9.766204e-01
      outer loop
         vertex 2.490404e+01 0.000000e+00 1.239303e+00
         vertex 2.849941e+01 2.500000e+00 4.478991e-01
         vertex 2.849941e+01 0.000000e+00 4.478991e-01
      endloop
   endfacet
   facet normal -1.081185e-01 0.000000e+00 -9.941380e-01
      outer loop
         vertex 2.849941e+01 0.000000e+00 4.478991e-01
         vertex 2.849941e+01 2.500000e+00 4.478991e-01
         vertex 3.215928e+01 2.500000e+00 4.986674e-02
      endloop
   endfacet
   facet normal -1.081185e-01 0.000000e+00 -9.941380e-01
      outer loop
         vertex 2.849941e+01 0.000000e+00 4.478991e-01
         vertex 3.215928e+01 2.500000e+00 4.986674e-02
         vertex 3.215928e+01 0.000000e+00 4.986674e-02
      endloop
   endfacet
   facet normal -2.708091e-02 0.000000e+00 -9.996332e-01
      outer loop
         vertex 3.215928e+01 0.000000e+00 4.986674e-02
         vertex 3.215928e+01 2.500000e+00 4.986674e-02
         vertex 3.400000e+01 0.000000e+00 0.000000e+00
      endloop
   endfacet
   facet normal -2.708091e-02 0.000000e+00 -9.996332e-01
      outer loop
         vertex 3.400000e+01 0.000000e+00 0.000000e+00
         vertex 3.215928e+01 2.500000e+00 4.986674e-02
         vertex 3.400000e+01 2.500000e+00 0.000000e+00
      endloop
   endfacet
   facet normal 2.708091e-02 0.000000e+00 -9.996332e-01
      outer loop
         vertex 3.400000e+01 0.000000e+00 0.000000e+00
         vertex 3.400000e+01 2.500000e+00 0.000000e+00
         vertex 3.584072e+01 0.000000e+00 4.986674e-02
      endloop
   endfacet
   facet normal 2.708091e-02 0.000000e+00 -9.996332e-01
      outer loop
         vertex 3.400000e+01 2.500000e+00 0.000000e+00
         vertex 3.584072e+01 2.500000e+00 4.986674e-02
         vertex 3.584072e+01 0.000000e+00 4.986674e-02
      endloop
   endfacet
   facet normal 1.081185e-01 0.000000e+00 -9.941380e-01
      outer loop
         vertex 3.584072e+01 0.000000e+00 4.986674e-02
         vertex 3.584072e+01 2.500000e+00 4.986674e-02
         vertex 3.950059e+01 2.500000e+00 4.478991e-01
      endloop
   endfacet
   facet normal 1.081185e-01 0.000000e+00 -9.941380e-01
      outer loop
         vertex 3.584072e+01 0.000000e+00 4.986674e-02
         vertex 3.950059e+01 2.500000e+00 4.478991e-01
         vertex 3.950059e+01 0.000000e+00 4.478991e-01
      endloop
   endfacet
   facet normal 2.149711e-01 0.000000e+00 -9.766204e-01
      outer loop
         vertex 3.950059e+01 0.000000e+00 4.478991e-01
         vertex 3.950059e+01 2.500000e+00 4.478991e-01
         vertex 4.309596e+01 2.500000e+00 1.239303e+00
      endloop
   endfacet
   facet normal 2.149711e-01 0.000000e+00 -9.766204e-01
      outer loop
         vertex 3.950059e+01 0.000000e+00 4.478991e-01
         vertex 4.309596e+01 2.500000e+00 1.239303e+00
         vertex 4.309596e+01 0.000000e+00 1.239303e+00
      endloop
   endfacet
   facet normal 3.193010e-01 0.000000e+00 -9.476534e-01
      outer loop
         vertex 4.309596e+01 0.000000e+00 1.239303e+00
         vertex 4.309596e+01 2.500000e+00 1.239303e+00
         vertex 4.658470e+01 2.500000e+00 2.414793e+00
      endloop
   endfacet
   facet normal 3.193010e-01 0.000000e+00 -9.476534e-01
      outer loop
         vertex 4.309596e+01 0.000000e+00 1.239303e+00
         vertex 4.658470e+01 2.500000e+00 2.414793e+00
         vertex 4.658470e+01 0.000000e+00 2.414793e+00
      endloop
   endfacet
   facet normal 4.198894e-01 0.000000e+00 -9.075753e-01
      outer loop
         vertex 4.658470e+01 0.000000e+00 2.414793e+00
         vertex 4.658470e+01 2.500000e+00 2.414793e+00
         vertex 4.992589e+01 2.500000e+00 3.960593e+00
      endloop
   endfacet
   facet normal 4.198894e-01 0.000000e+00 -9.075753e-01
      outer loop
         vertex 4.658470e+01 0.000000e+00 2.414793e+00
         vertex 4.992589e+01 2.500000e+00 3.960593e+00
         vertex 4.992589e+01 0.000000e+00 3.960593e+00
      endloop
   endfacet
   facet normal 5.155538e-01 0.000000e+00 -8.568572e-01
      outer loop
         vertex 4.992589e+01 0.000000e+00 3.960593e+00
         vertex 4.992589e+01 2.500000e+00 3.960593e+00
         vertex 5.308036e+01 2.500000e+00 5.858576e+00
      endloop
   endfacet
   facet normal 5.155538e-01 0.000000e+00 -8.568572e-01
      outer loop
         vertex 4.992589e+01 0.000000e+00 3.960593e+00
         vertex 5.308036e+01 2.500000e+00 5.858576e+00
         vertex 5.308036e+01 0.000000e+00 5.858576e+00
      endloop
   endfacet
   facet normal 6.051741e-01 0.000000e+00 -7.960931e-01
      outer loop
         vertex 5.308036e+01 0.000000e+00 5.858576e+00
         vertex 5.308036e+01 2.500000e+00 5.858576e+00
         vertex 5.601113e+01 2.500000e+00 8.086491e+00
      endloop
   endfacet
   facet normal 6.051741e-01 0.000000e+00 -7.960931e-01
      outer loop
         vertex 5.308036e+01 0.000000e+00 5.858576e+00
         vertex 5.601113e+01 2.500000e+00 8.086491e+00
         vertex 5.601113e+01 0.000000e+00 8.086491e+00
      endloop
   endfacet
   facet normal 6.876996e-01 0.000000e+00 -7.259953e-01
      outer loop
         vertex 5.601113e+01 0.000000e+00 8.086491e+00
         vertex 5.601113e+01 2.500000e+00 8.086491e+00
         vertex 5.868385e+01 2.500000e+00 1.061822e+01
      endloop
   endfacet
   facet normal 6.876996e-01 0.000000e+00 -7.259953e-01
      outer loop
         vertex 5.601113e+01 0.000000e+00 8.086491e+00
         vertex 5.868385e+01 2.500000e+00 1.061822e+01
         vertex 5.868385e+01 0.000000e+00 1.061822e+01
      endloop
   endfacet
   facet normal 7.621619e-01 0.000000e+00 -6.473865e-01
      outer loop
         vertex 5.868385e+01 0.000000e+00 1.061822e+01
         vertex 5.868385e+01 2.500000e+00 1.061822e+01
         vertex 6.106717e+01 2.500000e+00 1.342408e+01
      endloop
   endfacet
   facet normal 7.621619e-01 0.000000e+00 -6.473865e-01
      outer loop
         vertex 5.868385e+01 0.000000e+00 1.061822e+01
         vertex 6.106717e+01 2.500000e+00 1.342408e+01
         vertex 6.106717e+01 0.000000e+00 1.342408e+01
      endloop
   endfacet
   facet normal 8.276888e-01 0.000000e+00 -5.611873e-01
      outer loop
         vertex 6.106717e+01 0.000000e+00 1.342408e+01
         vertex 6.106717e+01 2.500000e+00 1.342408e+01
         vertex 6.313315e+01 2.500000e+00 1.647117e+01
      endloop
   endfacet
   facet normal 8.276888e-01 0.000000e+00 -5.611873e-01
      outer loop
         vertex 6.106717e+01 0.000000e+00 1.342408e+01
         vertex 6.313315e+01 2.500000e+00 1.647117e+01
         vertex 6.313315e+01 0.000000e+00 1.647117e+01
      endloop
   endfacet
   facet normal 8.835121e-01 0.000000e+00 -4.684084e-01
      outer loop
         vertex 6.313315e+01 0.000000e+00 1.647117e+01
         vertex 6.313315e+01 2.500000e+00 1.647117e+01
         vertex 6.485757e+01 2.500000e+00 1.972377e+01
      endloop
   endfacet
   facet normal 8.835121e-01 0.000000e+00 -4.684084e-01
      outer loop
         vertex 6.313315e+01 0.000000e+00 1.647117e+01
         vertex 6.485757e+01 2.500000e+00 1.972377e+01
         vertex 6.485757e+01 0.000000e+00 1.972377e+01
      endloop
   endfacet
   facet normal 9.289768e-01 0.000000e+00 -3.701378e-01
      outer loop
         vertex 6.485757e+01 0.000000e+00 1.972377e+01
         vertex 6.485757e+01 2.500000e+00 1.972377e+01
         vertex 6.622021e+01 2.500000e+00 2.314375e+01
      endloop
   endfacet
   facet normal 9.289768e-01 0.000000e+00 -3.701378e-01
      outer loop
         vertex 6.485757e+01 0.000000e+00 1.972377e+01
         vertex 6.622021e+01 2.500000e+00 2.314375e+01
         vertex 6.622021e+01 0.000000e+00 2.314375e+01
      endloop
   endfacet
   facet normal 9.635499e-01 0.000000e+00 -2.675286e-01
      outer loop
         vertex 6.622021e+01 0.000000e+00 2.314375e+01
         vertex 6.622021e+01 2.500000e+00 2.314375e+01
         vertex 6.720510e+01 2.500000e+00 2.669101e+01
      endloop
   endfacet
   facet normal 9.635499e-01 0.000000e+00 -2.675286e-01
      outer loop
         vertex 6.622021e+01 0.000000e+00 2.314375e+01
         vertex 6.720510e+01 2.500000e+00 2.669101e+01
         vertex 6.720510e+01 0.000000e+00 2.669101e+01
      endloop
   endfacet
   facet normal 9.868265e-01 0.000000e+00 -1.617821e-01
      outer loop
         vertex 6.720510e+01 0.000000e+00 2.669101e+01
         vertex 6.720510e+01 2.500000e+00 2.669101e+01
         vertex 6.780069e+01 2.500000e+00 3.032396e+01
      endloop
   endfacet
   facet normal 9.868265e-01 0.000000e+00 -1.617821e-01
      outer loop
         vertex 6.720510e+01 0.000000e+00 2.669101e+01
         vertex 6.780069e+01 2.500000e+00 3.032396e+01
         vertex 6.780069e+01 0.000000e+00 3.032396e+01
      endloop
   endfacet
   facet normal 9.985334e-01 0.000000e+00 -5.413919e-02
      outer loop
         vertex 6.780069e+01 0.000000e+00 3.032396e+01
         vertex 6.780069e+01 2.500000e+00 3.032396e+01
         vertex 6.800000e+01 2.500000e+00 3.400000e+01
      endloop
   endfacet
   facet normal 9.985334e-01 0.000000e+00 -5.413919e-02
      outer loop
         vertex 6.780069e+01 0.000000e+00 3.032396e+01
         vertex 6.800000e+01 2.500000e+00 3.400000e+01
         vertex 6.800000e+01 0.000000e+00 3.400000e+01
      endloop
   endfacet
   facet normal 0.000000e+00 -1.000000e+00 -0.000000e+00
      outer loop
         vertex 6.186686e+01 0.000000e+00 3.702527e+01
         vertex 6.154996e+01 0.000000e+00 3.700000e+01
         vertex 6.800000e+01 0.000000e+00 3.400000e+01
      endloop
   endfacet
   facet normal 0.000000e+00 -1.000000e+00 0.000000e+00
      outer loop
         vertex 3.950059e+01 0.000000e+00 4.478991e-01
         vertex 3.904083e+01 0.000000e+00 4.450465e+00
         vertex 3.872348e+01 0.000000e+00 4.469257e+00
      endloop
   endfacet
   facet normal 0.000000e+00 -1.000000e+00 0.000000e+00
      outer loop
         vertex 5.054378e+01 0.000000e+00 3.137972e+01
         vertex 5.459869e+01 0.000000e+00 2.975686e+01
         vertex 5.075000e+01 0.000000e+00 3.400000e+01
      endloop
   endfacet
   facet normal 0.000000e+00 -1.000000e+00 0.000000e+00
      outer loop
         vertex 5.075000e+01 0.000000e+00 3.400000e+01
         vertex 5.459869e+01 0.000000e+00 2.975686e+01
         vertex 5.475231e+01 0.000000e+00 3.005738e+01
      endloop
   endfacet
   facet normal 0.000000e+00 -1.000000e+00 0.000000e+00
      outer loop
         vertex 5.075000e+01 0.000000e+00 3.400000e+01
         vertex 5.475231e+01 0.000000e+00 3.005738e+01
         vertex 5.495429e+01 0.000000e+00 3.032779e+01
      endloop
   endfacet
   facet normal -0.000000e+00 -1.000000e+00 0.000000e+00
      outer loop
         vertex 3.950059e+01 0.000000e+00 4.478991e-01
         vertex 3.872348e+01 0.000000e+00 4.469257e+00
         vertex 3.584072e+01 0.000000e+00 4.986674e-02
      endloop
   endfacet
   facet normal 0.000000e+00 -1.000000e+00 0.000000e+00
      outer loop
         vertex 3.702848e+01 0.000000e+00 1.188637e+01
         vertex 3.711311e+01 0.000000e+00 1.221310e+01
         vertex 3.400000e+01 0.000000e+00 1.725000e+01
      endloop
   endfacet
   facet normal 0.000000e+00 -1.000000e+00 0.000000e+00
      outer loop
         vertex 3.400000e+01 0.000000e+00 1.725000e+01
         vertex 3.711311e+01 0.000000e+00 1.221310e+01
         vertex 3.725147e+01 0.000000e+00 1.252094e+01
      endloop
   endfacet
   facet normal 0.000000e+00 -1.000000e+00 0.000000e+00
      outer loop
         vertex 3.400000e+01 0.000000e+00 1.725000e+01
         vertex 3.725147e+01 0.000000e+00 1.252094e+01
         vertex 3.743962e+01 0.000000e+00 1.280114e+01
      endloop
   endfacet
   facet normal 0.000000e+00 -1.000000e+00 0.000000e+00
      outer loop
         vertex 3.743962e+01 0.000000e+00 1.280114e+01
         vertex 3.767222e+01 0.000000e+00 1.304571e+01
         vertex 3.400000e+01 0.000000e+00 1.725000e+01
      endloop
   endfacet
   facet normal 0.000000e+00 -1.000000e+00 0.000000e+00
      outer loop
         vertex 3.400000e+01 0.000000e+00 1.725000e+01
         vertex 3.767222e+01 0.000000e+00 1.304571e+01
         vertex 3.794262e+01 0.000000e+00 1.324769e+01
      endloop
   endfacet
   facet normal 0.000000e+00 -1.000000e+00 0.000000e+00
      outer loop
         vertex 3.400000e+01 0.000000e+00 1.725000e+01
         vertex 3.794262e+01 0.000000e+00 1.324769e+01
         vertex 3.662028e+01 0.000000e+00 1.745622e+01
      endloop
   endfacet
   facet normal 0.000000e+00 -1.000000e+00 0.000000e+00
      outer loop
         vertex 5.495429e+01 0.000000e+00 3.032779e+01
         vertex 5.519886e+01 0.000000e+00 3.056038e+01
         vertex 5.075000e+01 0.000000e+00 3.400000e+01
      endloop
   endfacet
   facet normal 0.000000e+00 -1.000000e+00 0.000000e+00
      outer loop
         vertex 5.075000e+01 0.000000e+00 3.400000e+01
         vertex 5.519886e+01 0.000000e+00 3.056038e+01
         vertex 5.547906e+01 0.000000e+00 3.074854e+01
      endloop
   endfacet
   facet normal 0.000000e+00 -1.000000e+00 0.000000e+00
      outer loop
         vertex 5.075000e+01 0.000000e+00 3.400000e+01
         vertex 5.547906e+01 0.000000e+00 3.074854e+01
         vertex 5.578691e+01 0.000000e+00 3.088690e+01
      endloop
   endfacet
   facet normal -0.000000e+00 -1.000000e+00 0.000000e+00
      outer loop
         vertex 3.872348e+01 0.000000e+00 4.469257e+00
         vertex 3.841311e+01 0.000000e+00 4.538095e+00
         vertex 3.584072e+01 0.000000e+00 4.986674e-02
      endloop
   endfacet
   facet normal 0.000000e+00 -1.000000e+00 0.000000e+00
      outer loop
         vertex 3.584072e+01 0.000000e+00 4.986674e-02
         vertex 3.841311e+01 0.000000e+00 4.538095e+00
         vertex 3.811758e+01 0.000000e+00 4.655242e+00
      endloop
   endfacet
   facet normal -0.000000e+00 -1.000000e+00 0.000000e+00
      outer loop
         vertex 3.584072e+01 0.000000e+00 4.986674e-02
         vertex 3.811758e+01 0.000000e+00 4.655242e+00
         vertex 3.400000e+01 0.000000e+00 0.000000e+00
      endloop
   endfacet
   facet normal 0.000000e+00 -1.000000e+00 0.000000e+00
      outer loop
         vertex 3.400000e+01 0.000000e+00 0.000000e+00
         vertex 3.811758e+01 0.000000e+00 4.655242e+00
         vertex 3.784434e+01 0.000000e+00 4.817737e+00
      endloop
   endfacet
   facet normal 0.000000e+00 -1.000000e+00 0.000000e+00
      outer loop
         vertex 3.400000e+01 0.000000e+00 0.000000e+00
         vertex 3.784434e+01 0.000000e+00 4.817737e+00
         vertex 3.760030e+01 0.000000e+00 5.021473e+00
      endloop
   endfacet
   facet normal -0.000000e+00 -1.000000e+00 0.000000e+00
      outer loop
         vertex 3.760030e+01 0.000000e+00 5.021473e+00
         vertex 3.739162e+01 0.000000e+00 5.261304e+00
         vertex 3.400000e+01 0.000000e+00 0.000000e+00
      endloop
   endfacet
   facet normal 0.000000e+00 -1.000000e+00 0.000000e+00
      outer loop
         vertex 3.400000e+01 0.000000e+00 0.000000e+00
         vertex 3.739162e+01 0.000000e+00 5.261304e+00
         vertex 3.722358e+01 0.000000e+00 5.531169e+00
      endloop
   endfacet
   facet normal 0.000000e+00 -1.000000e+00 0.000000e+00
      outer loop
         vertex 3.400000e+01 0.000000e+00 0.000000e+00
         vertex 3.722358e+01 0.000000e+00 5.531169e+00
         vertex 3.710043e+01 0.000000e+00 5.824253e+00
      endloop
   endfacet
   facet normal -0.000000e+00 -1.000000e+00 0.000000e+00
      outer loop
         vertex 3.710043e+01 0.000000e+00 5.824253e+00
         vertex 3.702527e+01 0.000000e+00 6.133147e+00
         vertex 3.400000e+01 0.000000e+00 0.000000e+00
      endloop
   endfacet
   facet normal 0.000000e+00 -1.000000e+00 0.000000e+00
      outer loop
         vertex 3.400000e+01 0.000000e+00 0.000000e+00
         vertex 3.702527e+01 0.000000e+00 6.133147e+00
         vertex 3.700000e+01 0.000000e+00 6.450048e+00
      endloop
   endfacet
   facet normal 0.000000e+00 -1.000000e+00 0.000000e+00
      outer loop
         vertex 3.400000e+01 0.000000e+00 0.000000e+00
         vertex 3.700000e+01 0.000000e+00 6.450048e+00
         vertex 3.400000e+01 0.000000e+00 1.725000e+01
      endloop
   endfacet
   facet normal 0.000000e+00 -1.000000e+00 0.000000e+00
      outer loop
         vertex 3.400000e+01 0.000000e+00 1.725000e+01
         vertex 3.700000e+01 0.000000e+00 6.450048e+00
         vertex 3.700000e+01 0.000000e+00 1.155006e+01
      endloop
   endfacet
   facet normal 0.000000e+00 -1.000000e+00 0.000000e+00
      outer loop
         vertex 3.400000e+01 0.000000e+00 1.725000e+01
         vertex 3.700000e+01 0.000000e+00 1.155006e+01
         vertex 3.702848e+01 0.000000e+00 1.188637e+01
      endloop
   endfacet
   facet normal 0.000000e+00 -1.000000e+00 0.000000e+00
      outer loop
         vertex 6.186686e+01 0.000000e+00 3.097474e+01
         vertex 6.217575e+01 0.000000e+00 3.089958e+01
         vertex 6.800000e+01 0.000000e+00 3.400000e+01
      endloop
   endfacet
   facet normal 0.000000e+00 -1.000000e+00 0.000000e+00
      outer loop
         vertex 6.800000e+01 0.000000e+00 3.400000e+01
         vertex 6.217575e+01 0.000000e+00 3.089958e+01
         vertex 6.246883e+01 0.000000e+00 3.077642e+01
      endloop
   endfacet
   facet normal 0.000000e+00 -1.000000e+00 0.000000e+00
      outer loop
         vertex 6.800000e+01 0.000000e+00 3.400000e+01
         vertex 6.246883e+01 0.000000e+00 3.077642e+01
         vertex 6.273870e+01 0.000000e+00 3.060838e+01
      endloop
   endfacet
   facet normal 0.000000e+00 -1.000000e+00 0.000000e+00
      outer loop
         vertex 6.346191e+01 0.000000e+00 2.958689e+01
         vertex 6.780069e+01 0.000000e+00 3.032396e+01
         vertex 6.334476e+01 0.000000e+00 2.988243e+01
      endloop
   endfacet
   facet normal 0.000000e+00 -1.000000e+00 0.000000e+00
      outer loop
         vertex 6.334476e+01 0.000000e+00 2.988243e+01
         vertex 6.780069e+01 0.000000e+00 3.032396e+01
         vertex 6.800000e+01 0.000000e+00 3.400000e+01
      endloop
   endfacet
   facet normal 0.000000e+00 -1.000000e+00 0.000000e+00
      outer loop
         vertex 3.794262e+01 0.000000e+00 1.324769e+01
         vertex 3.824314e+01 0.000000e+00 1.340132e+01
         vertex 3.662028e+01 0.000000e+00 1.745622e+01
      endloop
   endfacet
   facet normal 0.000000e+00 -1.000000e+00 0.000000e+00
      outer loop
         vertex 3.662028e+01 0.000000e+00 1.745622e+01
         vertex 3.824314e+01 0.000000e+00 1.340132e+01
         vertex 3.856522e+01 0.000000e+00 1.350223e+01
      endloop
   endfacet
   facet normal 0.000000e+00 -1.000000e+00 0.000000e+00
      outer loop
         vertex 3.662028e+01 0.000000e+00 1.745622e+01
         vertex 3.856522e+01 0.000000e+00 1.350223e+01
         vertex 3.917604e+01 0.000000e+00 1.806981e+01
      endloop
   endfacet
   facet normal 0.000000e+00 -1.000000e+00 -0.000000e+00
      outer loop
         vertex 3.917604e+01 0.000000e+00 1.806981e+01
         vertex 3.856522e+01 0.000000e+00 1.350223e+01
         vertex 4.141162e+01 0.000000e+00 1.435139e+01
      endloop
   endfacet
   facet normal 0.000000e+00 -1.000000e+00 0.000000e+00
      outer loop
         vertex 3.917604e+01 0.000000e+00 1.806981e+01
         vertex 4.141162e+01 0.000000e+00 1.435139e+01
         vertex 4.160434e+01 0.000000e+00 1.907564e+01
      endloop
   endfacet
   facet normal 0.000000e+00 -1.000000e+00 -0.000000e+00
      outer loop
         vertex 4.160434e+01 0.000000e+00 1.907564e+01
         vertex 4.141162e+01 0.000000e+00 1.435139e+01
         vertex 4.410974e+01 0.000000e+00 1.559367e+01
      endloop
   endfacet
   facet normal 0.000000e+00 -1.000000e+00 0.000000e+00
      outer loop
         vertex 4.160434e+01 0.000000e+00 1.907564e+01
         vertex 4.410974e+01 0.000000e+00 1.559367e+01
         vertex 4.384540e+01 0.000000e+00 2.044897e+01
      endloop
   endfacet
   facet normal 0.000000e+00 -1.000000e+00 0.000000e+00
      outer loop
         vertex 4.384540e+01 0.000000e+00 2.044897e+01
         vertex 4.410974e+01 0.000000e+00 1.559367e+01
         vertex 4.660559e+01 0.000000e+00 1.720420e+01
      endloop
   endfacet
   facet normal 0.000000e+00 -1.000000e+00 0.000000e+00
      outer loop
         vertex 4.384540e+01 0.000000e+00 2.044897e+01
         vertex 4.660559e+01 0.000000e+00 1.720420e+01
         vertex 4.584404e+01 0.000000e+00 2.215596e+01
      endloop
   endfacet
   facet normal 0.000000e+00 -1.000000e+00 0.000000e+00
      outer loop
         vertex 4.584404e+01 0.000000e+00 2.215596e+01
         vertex 4.660559e+01 0.000000e+00 1.720420e+01
         vertex 4.884924e+01 0.000000e+00 1.915076e+01
      endloop
   endfacet
   facet normal 0.000000e+00 -1.000000e+00 0.000000e+00
      outer loop
         vertex 4.584404e+01 0.000000e+00 2.215596e+01
         vertex 4.884924e+01 0.000000e+00 1.915076e+01
         vertex 4.755104e+01 0.000000e+00 2.415460e+01
      endloop
   endfacet
   facet normal 0.000000e+00 -1.000000e+00 0.000000e+00
      outer loop
         vertex 4.755104e+01 0.000000e+00 2.415460e+01
         vertex 4.884924e+01 0.000000e+00 1.915076e+01
         vertex 5.079581e+01 0.000000e+00 2.139441e+01
      endloop
   endfacet
   facet normal 0.000000e+00 -1.000000e+00 0.000000e+00
      outer loop
         vertex 4.755104e+01 0.000000e+00 2.415460e+01
         vertex 5.079581e+01 0.000000e+00 2.139441e+01
         vertex 4.892436e+01 0.000000e+00 2.639566e+01
      endloop
   endfacet
   facet normal 0.000000e+00 -1.000000e+00 0.000000e+00
      outer loop
         vertex 4.892436e+01 0.000000e+00 2.639566e+01
         vertex 5.079581e+01 0.000000e+00 2.139441e+01
         vertex 5.240634e+01 0.000000e+00 2.389026e+01
      endloop
   endfacet
   facet normal 0.000000e+00 -1.000000e+00 0.000000e+00
      outer loop
         vertex 4.892436e+01 0.000000e+00 2.639566e+01
         vertex 5.240634e+01 0.000000e+00 2.389026e+01
         vertex 4.993020e+01 0.000000e+00 2.882397e+01
      endloop
   endfacet
   facet normal 0.000000e+00 -1.000000e+00 0.000000e+00
      outer loop
         vertex 4.993020e+01 0.000000e+00 2.882397e+01
         vertex 5.240634e+01 0.000000e+00 2.389026e+01
         vertex 5.364861e+01 0.000000e+00 2.658838e+01
      endloop
   endfacet
   facet normal 0.000000e+00 -1.000000e+00 0.000000e+00
      outer loop
         vertex 4.993020e+01 0.000000e+00 2.882397e+01
         vertex 5.364861e+01 0.000000e+00 2.658838e+01
         vertex 5.054378e+01 0.000000e+00 3.137972e+01
      endloop
   endfacet
   facet normal 0.000000e+00 -1.000000e+00 0.000000e+00
      outer loop
         vertex 5.054378e+01 0.000000e+00 3.137972e+01
         vertex 5.364861e+01 0.000000e+00 2.658838e+01
         vertex 5.449778e+01 0.000000e+00 2.943478e+01
      endloop
   endfacet
   facet normal 0.000000e+00 -1.000000e+00 0.000000e+00
      outer loop
         vertex 5.054378e+01 0.000000e+00 3.137972e+01
         vertex 5.449778e+01 0.000000e+00 2.943478e+01
         vertex 5.459869e+01 0.000000e+00 2.975686e+01
      endloop
   endfacet
   facet normal 0.000000e+00 -1.000000e+00 0.000000e+00
      outer loop
         vertex 5.578691e+01 0.000000e+00 3.088690e+01
         vertex 5.611364e+01 0.000000e+00 3.097152e+01
         vertex 5.075000e+01 0.000000e+00 3.400000e+01
      endloop
   endfacet
   facet normal 0.000000e+00 -1.000000e+00 0.000000e+00
      outer loop
         vertex 5.075000e+01 0.000000e+00 3.400000e+01
         vertex 5.611364e+01 0.000000e+00 3.097152e+01
         vertex 5.644995e+01 0.000000e+00 3.100000e+01
      endloop
   endfacet
   facet normal 0.000000e+00 -1.000000e+00 0.000000e+00
      outer loop
         vertex 5.075000e+01 0.000000e+00 3.400000e+01
         vertex 5.644995e+01 0.000000e+00 3.100000e+01
         vertex 6.800000e+01 0.000000e+00 3.400000e+01
      endloop
   endfacet
   facet normal 0.000000e+00 -1.000000e+00 0.000000e+00
      outer loop
         vertex 6.800000e+01 0.000000e+00 3.400000e+01
         vertex 5.644995e+01 0.000000e+00 3.100000e+01
         vertex 6.154996e+01 0.000000e+00 3.100000e+01
      endloop
   endfacet
   facet normal 0.000000e+00 -1.000000e+00 0.000000e+00
      outer loop
         vertex 6.800000e+01 0.000000e+00 3.400000e+01
         vertex 6.154996e+01 0.000000e+00 3.100000e+01
         vertex 6.186686e+01 0.000000e+00 3.097474e+01
      endloop
   endfacet
   facet normal 0.000000e+00 -1.000000e+00 0.000000e+00
      outer loop
         vertex 6.273870e+01 0.000000e+00 3.060838e+01
         vertex 6.297853e+01 0.000000e+00 3.039971e+01
         vertex 6.800000e+01 0.000000e+00 3.400000e+01
      endloop
   endfacet
   facet normal 0.000000e+00 -1.000000e+00 0.000000e+00
      outer loop
         vertex 6.800000e+01 0.000000e+00 3.400000e+01
         vertex 6.297853e+01 0.000000e+00 3.039971e+01
         vertex 6.318227e+01 0.000000e+00 3.015567e+01
      endloop
   endfacet
   facet normal 0.000000e+00 -1.000000e+00 0.000000e+00
      outer loop
         vertex 6.800000e+01 0.000000e+00 3.400000e+01
         vertex 6.318227e+01 0.000000e+00 3.015567e+01
         vertex 6.334476e+01 0.000000e+00 2.988243e+01
      endloop
   endfacet
   facet normal 0.000000e+00 -1.000000e+00 0.000000e+00
      outer loop
         vertex 6.346191e+01 0.000000e+00 2.958689e+01
         vertex 6.353075e+01 0.000000e+00 2.927653e+01
         vertex 6.780069e+01 0.000000e+00 3.032396e+01
      endloop
   endfacet
   facet normal 0.000000e+00 -1.000000e+00 0.000000e+00
      outer loop
         vertex 6.780069e+01 0.000000e+00 3.032396e+01
         vertex 6.353075e+01 0.000000e+00 2.927653e+01
         vertex 6.354954e+01 0.000000e+00 2.895918e+01
      endloop
   endfacet
   facet normal 0.000000e+00 -1.000000e+00 0.000000e+00
      outer loop
         vertex 6.780069e+01 0.000000e+00 3.032396e+01
         vertex 6.354954e+01 0.000000e+00 2.895918e+01
         vertex 6.720510e+01 0.000000e+00 2.669101e+01
      endloop
   endfacet
   facet normal 0.000000e+00 -1.000000e+00 0.000000e+00
      outer loop
         vertex 6.720510e+01 0.000000e+00 2.669101e+01
         vertex 6.354954e+01 0.000000e+00 2.895918e+01
         vertex 6.351781e+01 0.000000e+00 2.864286e+01
      endloop
   endfacet
   facet normal -0.000000e+00 -1.000000e+00 0.000000e+00
      outer loop
         vertex 6.720510e+01 0.000000e+00 2.669101e+01
         vertex 6.351781e+01 0.000000e+00 2.864286e+01
         vertex 6.622021e+01 0.000000e+00 2.314375e+01
      endloop
   endfacet
   facet normal 0.000000e+00 -1.000000e+00 0.000000e+00
      outer loop
         vertex 6.622021e+01 0.000000e+00 2.314375e+01
         vertex 6.351781e+01 0.000000e+00 2.864286e+01
         vertex 6.274996e+01 0.000000e+00 2.543031e+01
      endloop
   endfacet
   facet normal -0.000000e+00 -1.000000e+00 0.000000e+00
      outer loop
         vertex 6.622021e+01 0.000000e+00 2.314375e+01
         vertex 6.274996e+01 0.000000e+00 2.543031e+01
         vertex 6.485757e+01 0.000000e+00 1.972377e+01
      endloop
   endfacet
   facet normal 0.000000e+00 -1.000000e+00 0.000000e+00
      outer loop
         vertex 6.485757e+01 0.000000e+00 1.972377e+01
         vertex 6.274996e+01 0.000000e+00 2.543031e+01
         vertex 6.163360e+01 0.000000e+00 2.232164e+01
      endloop
   endfacet
   facet normal -0.000000e+00 -1.000000e+00 0.000000e+00
      outer loop
         vertex 6.485757e+01 0.000000e+00 1.972377e+01
         vertex 6.163360e+01 0.000000e+00 2.232164e+01
         vertex 6.313315e+01 0.000000e+00 1.647117e+01
      endloop
   endfacet
   facet normal 0.000000e+00 -1.000000e+00 0.000000e+00
      outer loop
         vertex 6.313315e+01 0.000000e+00 1.647117e+01
         vertex 6.163360e+01 0.000000e+00 2.232164e+01
         vertex 6.018226e+01 0.000000e+00 1.935454e+01
      endloop
   endfacet
   facet normal -0.000000e+00 -1.000000e+00 0.000000e+00
      outer loop
         vertex 6.313315e+01 0.000000e+00 1.647117e+01
         vertex 6.018226e+01 0.000000e+00 1.935454e+01
         vertex 6.106717e+01 0.000000e+00 1.342408e+01
      endloop
   endfacet
   facet normal 0.000000e+00 -1.000000e+00 0.000000e+00
      outer loop
         vertex 6.106717e+01 0.000000e+00 1.342408e+01
         vertex 6.018226e+01 0.000000e+00 1.935454e+01
         vertex 5.841352e+01 0.000000e+00 1.656498e+01
      endloop
   endfacet
   facet normal -0.000000e+00 -1.000000e+00 0.000000e+00
      outer loop
         vertex 6.106717e+01 0.000000e+00 1.342408e+01
         vertex 5.841352e+01 0.000000e+00 1.656498e+01
         vertex 5.868385e+01 0.000000e+00 1.061822e+01
      endloop
   endfacet
   facet normal 0.000000e+00 -1.000000e+00 0.000000e+00
      outer loop
         vertex 5.868385e+01 0.000000e+00 1.061822e+01
         vertex 5.841352e+01 0.000000e+00 1.656498e+01
         vertex 5.634884e+01 0.000000e+00 1.398677e+01
      endloop
   endfacet
   facet normal -0.000000e+00 -1.000000e+00 0.000000e+00
      outer loop
         vertex 5.868385e+01 0.000000e+00 1.061822e+01
         vertex 5.634884e+01 0.000000e+00 1.398677e+01
         vertex 5.601113e+01 0.000000e+00 8.086491e+00
      endloop
   endfacet
   facet normal 0.000000e+00 -1.000000e+00 0.000000e+00
      outer loop
         vertex 5.601113e+01 0.000000e+00 8.086491e+00
         vertex 5.634884e+01 0.000000e+00 1.398677e+01
         vertex 5.401324e+01 0.000000e+00 1.165117e+01
      endloop
   endfacet
   facet normal -0.000000e+00 -1.000000e+00 0.000000e+00
      outer loop
         vertex 5.601113e+01 0.000000e+00 8.086491e+00
         vertex 5.401324e+01 0.000000e+00 1.165117e+01
         vertex 5.308036e+01 0.000000e+00 5.858576e+00
      endloop
   endfacet
   facet normal 0.000000e+00 -1.000000e+00 0.000000e+00
      outer loop
         vertex 5.308036e+01 0.000000e+00 5.858576e+00
         vertex 5.401324e+01 0.000000e+00 1.165117e+01
         vertex 5.143503e+01 0.000000e+00 9.586483e+00
      endloop
   endfacet
   facet normal -0.000000e+00 -1.000000e+00 0.000000e+00
      outer loop
         vertex 5.308036e+01 0.000000e+00 5.858576e+00
         vertex 5.143503e+01 0.000000e+00 9.586483e+00
         vertex 4.992589e+01 0.000000e+00 3.960593e+00
      endloop
   endfacet
   facet normal 0.000000e+00 -1.000000e+00 0.000000e+00
      outer loop
         vertex 4.992589e+01 0.000000e+00 3.960593e+00
         vertex 5.143503e+01 0.000000e+00 9.586483e+00
         vertex 4.864546e+01 0.000000e+00 7.817747e+00
      endloop
   endfacet
   facet normal -0.000000e+00 -1.000000e+00 0.000000e+00
      outer loop
         vertex 4.992589e+01 0.000000e+00 3.960593e+00
         vertex 4.864546e+01 0.000000e+00 7.817747e+00
         vertex 4.658470e+01 0.000000e+00 2.414793e+00
      endloop
   endfacet
   facet normal 0.000000e+00 -1.000000e+00 0.000000e+00
      outer loop
         vertex 4.658470e+01 0.000000e+00 2.414793e+00
         vertex 4.864546e+01 0.000000e+00 7.817747e+00
         vertex 4.567837e+01 0.000000e+00 6.366402e+00
      endloop
   endfacet
   facet normal -0.000000e+00 -1.000000e+00 0.000000e+00
      outer loop
         vertex 4.658470e+01 0.000000e+00 2.414793e+00
         vertex 4.567837e+01 0.000000e+00 6.366402e+00
         vertex 4.309596e+01 0.000000e+00 1.239303e+00
      endloop
   endfacet
   facet normal 0.000000e+00 -1.000000e+00 0.000000e+00
      outer loop
         vertex 4.309596e+01 0.000000e+00 1.239303e+00
         vertex 4.567837e+01 0.000000e+00 6.366402e+00
         vertex 4.256970e+01 0.000000e+00 5.250040e+00
      endloop
   endfacet
   facet normal -0.000000e+00 -1.000000e+00 0.000000e+00
      outer loop
         vertex 4.309596e+01 0.000000e+00 1.239303e+00
         vertex 4.256970e+01 0.000000e+00 5.250040e+00
         vertex 3.950059e+01 0.000000e+00 4.478991e-01
      endloop
   endfacet
   facet normal 0.000000e+00 -1.000000e+00 0.000000e+00
      outer loop
         vertex 3.950059e+01 0.000000e+00 4.478991e-01
         vertex 4.256970e+01 0.000000e+00 5.250040e+00
         vertex 3.935714e+01 0.000000e+00 4.482193e+00
      endloop
   endfacet
   facet normal 0.000000e+00 -1.000000e+00 0.000000e+00
      outer loop
         vertex 3.950059e+01 0.000000e+00 4.478991e-01
         vertex 3.935714e+01 0.000000e+00 4.482193e+00
         vertex 3.904083e+01 0.000000e+00 4.450465e+00
      endloop
   endfacet
   facet normal 0.000000e+00 -1.000000e+00 0.000000e+00
      outer loop
         vertex 1.304571e+01 0.000000e+00 3.032779e+01
         vertex 1.324769e+01 0.000000e+00 3.005738e+01
         vertex 1.725000e+01 0.000000e+00 3.400000e+01
      endloop
   endfacet
   facet normal 0.000000e+00 -1.000000e+00 -0.000000e+00
      outer loop
         vertex 1.725000e+01 0.000000e+00 3.400000e+01
         vertex 1.324769e+01 0.000000e+00 3.005738e+01
         vertex 1.745622e+01 0.000000e+00 3.137972e+01
      endloop
   endfacet
   facet normal 0.000000e+00 -1.000000e+00 0.000000e+00
      outer loop
         vertex 1.188637e+01 0.000000e+00 3.097152e+01
         vertex 1.221310e+01 0.000000e+00 3.088690e+01
         vertex 1.725000e+01 0.000000e+00 3.400000e+01
      endloop
   endfacet
   facet normal 0.000000e+00 -1.000000e+00 -0.000000e+00
      outer loop
         vertex 3.137972e+01 0.000000e+00 1.745622e+01
         vertex 2.975686e+01 0.000000e+00 1.340132e+01
         vertex 3.400000e+01 0.000000e+00 1.725000e+01
      endloop
   endfacet
   facet normal 0.000000e+00 -1.000000e+00 0.000000e+00
      outer loop
         vertex 3.400000e+01 0.000000e+00 1.725000e+01
         vertex 2.975686e+01 0.000000e+00 1.340132e+01
         vertex 3.005738e+01 0.000000e+00 1.324769e+01
      endloop
   endfacet
   facet normal 0.000000e+00 -1.000000e+00 0.000000e+00
      outer loop
         vertex 3.400000e+01 0.000000e+00 1.725000e+01
         vertex 3.005738e+01 0.000000e+00 1.324769e+01
         vertex 3.032779e+01 0.000000e+00 1.304571e+01
      endloop
   endfacet
   facet normal 0.000000e+00 -1.000000e+00 0.000000e+00
      outer loop
         vertex 1.221310e+01 0.000000e+00 3.088690e+01
         vertex 1.252094e+01 0.000000e+00 3.074854e+01
         vertex 1.725000e+01 0.000000e+00 3.400000e+01
      endloop
   endfacet
   facet normal 0.000000e+00 -1.000000e+00 0.000000e+00
      outer loop
         vertex 1.725000e+01 0.000000e+00 3.400000e+01
         vertex 1.252094e+01 0.000000e+00 3.074854e+01
         vertex 1.280114e+01 0.000000e+00 3.056038e+01
      endloop
   endfacet
   facet normal 0.000000e+00 -1.000000e+00 0.000000e+00
      outer loop
         vertex 1.725000e+01 0.000000e+00 3.400000e+01
         vertex 1.280114e+01 0.000000e+00 3.056038e+01
         vertex 1.304571e+01 0.000000e+00 3.032779e+01
      endloop
   endfacet
   facet normal 0.000000e+00 -1.000000e+00 0.000000e+00
      outer loop
         vertex 3.032779e+01 0.000000e+00 1.304571e+01
         vertex 3.056038e+01 0.000000e+00 1.280114e+01
         vertex 3.400000e+01 0.000000e+00 1.725000e+01
      endloop
   endfacet
   facet normal 0.000000e+00 -1.000000e+00 0.000000e+00
      outer loop
         vertex 3.400000e+01 0.000000e+00 1.725000e+01
         vertex 3.056038e+01 0.000000e+00 1.280114e+01
         vertex 3.074854e+01 0.000000e+00 1.252094e+01
      endloop
   endfacet
   facet normal 0.000000e+00 -1.000000e+00 0.000000e+00
      outer loop
         vertex 3.400000e+01 0.000000e+00 1.725000e+01
         vertex 3.074854e+01 0.000000e+00 1.252094e+01
         vertex 3.088690e+01 0.000000e+00 1.221310e+01
      endloop
   endfacet
   facet normal -0.000000e+00 -1.000000e+00 0.000000e+00
      outer loop
         vertex 5.021473e+00 0.000000e+00 3.039971e+01
         vertex 0.000000e+00 0.000000e+00 3.400000e+01
         vertex 4.817737e+00 0.000000e+00 3.015567e+01
      endloop
   endfacet
   facet normal -0.000000e+00 -1.000000e+00 0.000000e+00
      outer loop
         vertex 4.817737e+00 0.000000e+00 3.015567e+01
         vertex 0.000000e+00 0.000000e+00 3.400000e+01
         vertex 4.655242e+00 0.000000e+00 2.988243e+01
      endloop
   endfacet
   facet normal 0.000000e+00 -1.000000e+00 0.000000e+00
      outer loop
         vertex 1.324769e+01 0.000000e+00 3.005738e+01
         vertex 1.340132e+01 0.000000e+00 2.975686e+01
         vertex 1.745622e+01 0.000000e+00 3.137972e+01
      endloop
   endfacet
   facet normal 0.000000e+00 -1.000000e+00 0.000000e+00
      outer loop
         vertex 1.745622e+01 0.000000e+00 3.137972e+01
         vertex 1.340132e+01 0.000000e+00 2.975686e+01
         vertex 1.350223e+01 0.000000e+00 2.943478e+01
      endloop
   endfacet
   facet normal 0.000000e+00 -1.000000e+00 -0.000000e+00
      outer loop
         vertex 1.745622e+01 0.000000e+00 3.137972e+01
         vertex 1.350223e+01 0.000000e+00 2.943478e+01
         vertex 1.806981e+01 0.000000e+00 2.882397e+01
      endloop
   endfacet
   facet normal -0.000000e+00 -1.000000e+00 0.000000e+00
      outer loop
         vertex 1.806981e+01 0.000000e+00 2.882397e+01
         vertex 1.350223e+01 0.000000e+00 2.943478e+01
         vertex 1.435139e+01 0.000000e+00 2.658838e+01
      endloop
   endfacet
   facet normal 0.000000e+00 -1.000000e+00 -0.000000e+00
      outer loop
         vertex 1.806981e+01 0.000000e+00 2.882397e+01
         vertex 1.435139e+01 0.000000e+00 2.658838e+01
         vertex 1.907564e+01 0.000000e+00 2.639566e+01
      endloop
   endfacet
   facet normal -0.000000e+00 -1.000000e+00 0.000000e+00
      outer loop
         vertex 1.907564e+01 0.000000e+00 2.639566e+01
         vertex 1.435139e+01 0.000000e+00 2.658838e+01
         vertex 1.559367e+01 0.000000e+00 2.389026e+01
      endloop
   endfacet
   facet normal 0.000000e+00 -1.000000e+00 -0.000000e+00
      outer loop
         vertex 1.907564e+01 0.000000e+00 2.639566e+01
         vertex 1.559367e+01 0.000000e+00 2.389026e+01
         vertex 2.044897e+01 0.000000e+00 2.415460e+01
      endloop
   endfacet
   facet normal 0.000000e+00 -1.000000e+00 0.000000e+00
      outer loop
         vertex 2.044897e+01 0.000000e+00 2.415460e+01
         vertex 1.559367e+01 0.000000e+00 2.389026e+01
         vertex 1.720420e+01 0.000000e+00 2.139441e+01
      endloop
   endfacet
   facet normal 0.000000e+00 -1.000000e+00 -0.000000e+00
      outer loop
         vertex 2.044897e+01 0.000000e+00 2.415460e+01
         vertex 1.720420e+01 0.000000e+00 2.139441e+01
         vertex 2.215596e+01 0.000000e+00 2.215596e+01
      endloop
   endfacet
   facet normal 0.000000e+00 -1.000000e+00 0.000000e+00
      outer loop
         vertex 2.215596e+01 0.000000e+00 2.215596e+01
         vertex 1.720420e+01 0.000000e+00 2.139441e+01
         vertex 1.915076e+01 0.000000e+00 1.915076e+01
      endloop
   endfacet
   facet normal 0.000000e+00 -1.000000e+00 -0.000000e+00
      outer loop
         vertex 2.215596e+01 0.000000e+00 2.215596e+01
         vertex 1.915076e+01 0.000000e+00 1.915076e+01
         vertex 2.415460e+01 0.000000e+00 2.044897e+01
      endloop
   endfacet
   facet normal 0.000000e+00 -1.000000e+00 0.000000e+00
      outer loop
         vertex 2.415460e+01 0.000000e+00 2.044897e+01
         vertex 1.915076e+01 0.000000e+00 1.915076e+01
         vertex 2.139441e+01 0.000000e+00 1.720420e+01
      endloop
   endfacet
   facet normal 0.000000e+00 -1.000000e+00 -0.000000e+00
      outer loop
         vertex 2.415460e+01 0.000000e+00 2.044897e+01
         vertex 2.139441e+01 0.000000e+00 1.720420e+01
         vertex 2.639566e+01 0.000000e+00 1.907564e+01
      endloop
   endfacet
   facet normal 0.000000e+00 -1.000000e+00 0.000000e+00
      outer loop
         vertex 2.639566e+01 0.000000e+00 1.907564e+01
         vertex 2.139441e+01 0.000000e+00 1.720420e+01
         vertex 2.389026e+01 0.000000e+00 1.559367e+01
      endloop
   endfacet
   facet normal 0.000000e+00 -1.000000e+00 -0.000000e+00
      outer loop
         vertex 2.639566e+01 0.000000e+00 1.907564e+01
         vertex 2.389026e+01 0.000000e+00 1.559367e+01
         vertex 2.882397e+01 0.000000e+00 1.806981e+01
      endloop
   endfacet
   facet normal 0.000000e+00 -1.000000e+00 0.000000e+00
      outer loop
         vertex 2.882397e+01 0.000000e+00 1.806981e+01
         vertex 2.389026e+01 0.000000e+00 1.559367e+01
         vertex 2.658838e+01 0.000000e+00 1.435139e+01
      endloop
   endfacet
   facet normal 0.000000e+00 -1.000000e+00 -0.000000e+00
      outer loop
         vertex 2.882397e+01 0.000000e+00 1.806981e+01
         vertex 2.658838e+01 0.000000e+00 1.435139e+01
         vertex 3.137972e+01 0.000000e+00 1.745622e+01
      endloop
   endfacet
   facet normal 0.000000e+00 -1.000000e+00 0.000000e+00
      outer loop
         vertex 3.137972e+01 0.000000e+00 1.745622e+01
         vertex 2.658838e+01 0.000000e+00 1.435139e+01
         vertex 2.943478e+01 0.000000e+00 1.350223e+01
      endloop
   endfacet
   facet normal 0.000000e+00 -1.000000e+00 0.000000e+00
      outer loop
         vertex 3.137972e+01 0.000000e+00 1.745622e+01
         vertex 2.943478e+01 0.000000e+00 1.350223e+01
         vertex 2.975686e+01 0.000000e+00 1.340132e+01
      endloop
   endfacet
   facet normal 0.000000e+00 -1.000000e+00 0.000000e+00
      outer loop
         vertex 3.215928e+01 0.000000e+00 4.986674e-02
         vertex 2.958689e+01 0.000000e+00 4.538095e+00
         vertex 2.849941e+01 0.000000e+00 4.478991e-01
      endloop
   endfacet
   facet normal 0.000000e+00 -1.000000e+00 0.000000e+00
      outer loop
         vertex 2.849941e+01 0.000000e+00 4.478991e-01
         vertex 2.958689e+01 0.000000e+00 4.538095e+00
         vertex 2.927653e+01 0.000000e+00 4.469257e+00
      endloop
   endfacet
   facet normal -0.000000e+00 -1.000000e+00 0.000000e+00
      outer loop
         vertex 4.655242e+00 0.000000e+00 2.988243e+01
         vertex 0.000000e+00 0.000000e+00 3.400000e+01
         vertex 4.538095e+00 0.000000e+00 2.958689e+01
      endloop
   endfacet
   facet normal 0.000000e+00 -1.000000e+00 0.000000e+00
      outer loop
         vertex 4.538095e+00 0.000000e+00 2.958689e+01
         vertex 0.000000e+00 0.000000e+00 3.400000e+01
         vertex 1.993105e-01 0.000000e+00 3.032396e+01
      endloop
   endfacet
   facet normal -0.000000e+00 -1.000000e+00 0.000000e+00
      outer loop
         vertex 4.538095e+00 0.000000e+00 2.958689e+01
         vertex 1.993105e-01 0.000000e+00 3.032396e+01
         vertex 4.469257e+00 0.000000e+00 2.927653e+01
      endloop
   endfacet
   facet normal 0.000000e+00 -1.000000e+00 0.000000e+00
      outer loop
         vertex 3.088690e+01 0.000000e+00 1.221310e+01
         vertex 3.097152e+01 0.000000e+00 1.188637e+01
         vertex 3.400000e+01 0.000000e+00 1.725000e+01
      endloop
   endfacet
   facet normal 0.000000e+00 -1.000000e+00 0.000000e+00
      outer loop
         vertex 3.400000e+01 0.000000e+00 1.725000e+01
         vertex 3.097152e+01 0.000000e+00 1.188637e+01
         vertex 3.100000e+01 0.000000e+00 1.155006e+01
      endloop
   endfacet
   facet normal 0.000000e+00 -1.000000e+00 0.000000e+00
      outer loop
         vertex 3.400000e+01 0.000000e+00 1.725000e+01
         vertex 3.100000e+01 0.000000e+00 1.155006e+01
         vertex 3.400000e+01 0.000000e+00 0.000000e+00
      endloop
   endfacet
   facet normal 0.000000e+00 -1.000000e+00 0.000000e+00
      outer loop
         vertex 3.400000e+01 0.000000e+00 0.000000e+00
         vertex 3.100000e+01 0.000000e+00 1.155006e+01
         vertex 3.100000e+01 0.000000e+00 6.450048e+00
      endloop
   endfacet
   facet normal 0.000000e+00 -1.000000e+00 0.000000e+00
      outer loop
         vertex 3.400000e+01 0.000000e+00 0.000000e+00
         vertex 3.100000e+01 0.000000e+00 6.450048e+00
         vertex 3.097474e+01 0.000000e+00 6.133147e+00
      endloop
   endfacet
   facet normal 0.000000e+00 -1.000000e+00 -0.000000e+00
      outer loop
         vertex 3.097474e+01 0.000000e+00 6.133147e+00
         vertex 3.089958e+01 0.000000e+00 5.824253e+00
         vertex 3.400000e+01 0.000000e+00 0.000000e+00
      endloop
   endfacet
   facet normal 0.000000e+00 -1.000000e+00 0.000000e+00
      outer loop
         vertex 3.400000e+01 0.000000e+00 0.000000e+00
         vertex 3.089958e+01 0.000000e+00 5.824253e+00
         vertex 3.077642e+01 0.000000e+00 5.531169e+00
      endloop
   endfacet
   facet normal 0.000000e+00 -1.000000e+00 0.000000e+00
      outer loop
         vertex 3.400000e+01 0.000000e+00 0.000000e+00
         vertex 3.077642e+01 0.000000e+00 5.531169e+00
         vertex 3.060838e+01 0.000000e+00 5.261304e+00
      endloop
   endfacet
   facet normal 0.000000e+00 -1.000000e+00 -0.000000e+00
      outer loop
         vertex 3.060838e+01 0.000000e+00 5.261304e+00
         vertex 3.039971e+01 0.000000e+00 5.021473e+00
         vertex 3.400000e+01 0.000000e+00 0.000000e+00
      endloop
   endfacet
   facet normal 0.000000e+00 -1.000000e+00 0.000000e+00
      outer loop
         vertex 3.400000e+01 0.000000e+00 0.000000e+00
         vertex 3.039971e+01 0.000000e+00 5.021473e+00
         vertex 3.015567e+01 0.000000e+00 4.817737e+00
      endloop
   endfacet
   facet normal 0.000000e+00 -1.000000e+00 0.000000e+00
      outer loop
         vertex 3.400000e+01 0.000000e+00 0.000000e+00
         vertex 3.015567e+01 0.000000e+00 4.817737e+00
         vertex 3.215928e+01 0.000000e+00 4.986674e-02
      endloop
   endfacet
   facet normal 0.000000e+00 -1.000000e+00 0.000000e+00
      outer loop
         vertex 3.215928e+01 0.000000e+00 4.986674e-02
         vertex 3.015567e+01 0.000000e+00 4.817737e+00
         vertex 2.988243e+01 0.000000e+00 4.655242e+00
      endloop
   endfacet
   facet normal 0.000000e+00 -1.000000e+00 0.000000e+00
      outer loop
         vertex 3.215928e+01 0.000000e+00 4.986674e-02
         vertex 2.988243e+01 0.000000e+00 4.655242e+00
         vertex 2.958689e+01 0.000000e+00 4.538095e+00
      endloop
   endfacet
   facet normal 0.000000e+00 -1.000000e+00 0.000000e+00
      outer loop
         vertex 5.021473e+00 0.000000e+00 3.039971e+01
         vertex 5.261304e+00 0.000000e+00 3.060838e+01
         vertex 0.000000e+00 0.000000e+00 3.400000e+01
      endloop
   endfacet
   facet normal 0.000000e+00 -1.000000e+00 0.000000e+00
      outer loop
         vertex 0.000000e+00 0.000000e+00 3.400000e+01
         vertex 5.261304e+00 0.000000e+00 3.060838e+01
         vertex 5.531169e+00 0.000000e+00 3.077642e+01
      endloop
   endfacet
   facet normal 0.000000e+00 -1.000000e+00 0.000000e+00
      outer loop
         vertex 0.000000e+00 0.000000e+00 3.400000e+01
         vertex 5.531169e+00 0.000000e+00 3.077642e+01
         vertex 5.824253e+00 0.000000e+00 3.089958e+01
      endloop
   endfacet
   facet normal 0.000000e+00 -1.000000e+00 0.000000e+00
      outer loop
         vertex 5.824253e+00 0.000000e+00 3.089958e+01
         vertex 6.133147e+00 0.000000e+00 3.097474e+01
         vertex 0.000000e+00 0.000000e+00 3.400000e+01
      endloop
   endfacet
   facet normal 0.000000e+00 -1.000000e+00 0.000000e+00
      outer loop
         vertex 0.000000e+00 0.000000e+00 3.400000e+01
         vertex 6.133147e+00 0.000000e+00 3.097474e+01
         vertex 6.450048e+00 0.000000e+00 3.100000e+01
      endloop
   endfacet
   facet normal 0.000000e+00 -1.000000e+00 0.000000e+00
      outer loop
         vertex 0.000000e+00 0.000000e+00 3.400000e+01
         vertex 6.450048e+00 0.000000e+00 3.100000e+01
         vertex 1.725000e+01 0.000000e+00 3.400000e+01
      endloop
   endfacet
   facet normal 0.000000e+00 -1.000000e+00 0.000000e+00
      outer loop
         vertex 1.725000e+01 0.000000e+00 3.400000e+01
         vertex 6.450048e+00 0.000000e+00 3.100000e+01
         vertex 1.155006e+01 0.000000e+00 3.100000e+01
      endloop
   endfacet
   facet normal 0.000000e+00 -1.000000e+00 0.000000e+00
      outer loop
         vertex 1.725000e+01 0.000000e+00 3.400000e+01
         vertex 1.155006e+01 0.000000e+00 3.100000e+01
         vertex 1.188637e+01 0.000000e+00 3.097152e+01
      endloop
   endfacet
   facet normal 0.000000e+00 -1.000000e+00 0.000000e+00
      outer loop
         vertex 2.927653e+01 0.000000e+00 4.469257e+00
         vertex 2.895918e+01 0.000000e+00 4.450465e+00
         vertex 2.849941e+01 0.000000e+00 4.478991e-01
      endloop
   endfacet
   facet normal 0.000000e+00 -1.000000e+00 0.000000e+00
      outer loop
         vertex 2.849941e+01 0.000000e+00 4.478991e-01
         vertex 2.895918e+01 0.000000e+00 4.450465e+00
         vertex 2.864286e+01 0.000000e+00 4.482193e+00
      endloop
   endfacet
   facet normal 0.000000e+00 -1.000000e+00 0.000000e+00
      outer loop
         vertex 2.849941e+01 0.000000e+00 4.478991e-01
         vertex 2.864286e+01 0.000000e+00 4.482193e+00
         vertex 2.490404e+01 0.000000e+00 1.239303e+00
      endloop
   endfacet
   facet normal 0.000000e+00 -1.000000e+00 0.000000e+00
      outer loop
         vertex 2.490404e+01 0.000000e+00 1.239303e+00
         vertex 2.864286e+01 0.000000e+00 4.482193e+00
         vertex 2.543031e+01 0.000000e+00 5.250040e+00
      endloop
   endfacet
   facet normal 0.000000e+00 -1.000000e+00 0.000000e+00
      outer loop
         vertex 2.490404e+01 0.000000e+00 1.239303e+00
         vertex 2.543031e+01 0.000000e+00 5.250040e+00
         vertex 2.141530e+01 0.000000e+00 2.414793e+00
      endloop
   endfacet
   facet normal 0.000000e+00 -1.000000e+00 0.000000e+00
      outer loop
         vertex 2.141530e+01 0.000000e+00 2.414793e+00
         vertex 2.543031e+01 0.000000e+00 5.250040e+00
         vertex 2.232164e+01 0.000000e+00 6.366402e+00
      endloop
   endfacet
   facet normal 0.000000e+00 -1.000000e+00 0.000000e+00
      outer loop
         vertex 2.141530e+01 0.000000e+00 2.414793e+00
         vertex 2.232164e+01 0.000000e+00 6.366402e+00
         vertex 1.807412e+01 0.000000e+00 3.960593e+00
      endloop
   endfacet
   facet normal 0.000000e+00 -1.000000e+00 0.000000e+00
      outer loop
         vertex 1.807412e+01 0.000000e+00 3.960593e+00
         vertex 2.232164e+01 0.000000e+00 6.366402e+00
         vertex 1.935454e+01 0.000000e+00 7.817747e+00
      endloop
   endfacet
   facet normal 0.000000e+00 -1.000000e+00 0.000000e+00
      outer loop
         vertex 1.807412e+01 0.000000e+00 3.960593e+00
         vertex 1.935454e+01 0.000000e+00 7.817747e+00
         vertex 1.491964e+01 0.000000e+00 5.858576e+00
      endloop
   endfacet
   facet normal 0.000000e+00 -1.000000e+00 0.000000e+00
      outer loop
         vertex 1.491964e+01 0.000000e+00 5.858576e+00
         vertex 1.935454e+01 0.000000e+00 7.817747e+00
         vertex 1.656498e+01 0.000000e+00 9.586483e+00
      endloop
   endfacet
   facet normal 0.000000e+00 -1.000000e+00 0.000000e+00
      outer loop
         vertex 1.491964e+01 0.000000e+00 5.858576e+00
         vertex 1.656498e+01 0.000000e+00 9.586483e+00
         vertex 1.198887e+01 0.000000e+00 8.086491e+00
      endloop
   endfacet
   facet normal 0.000000e+00 -1.000000e+00 0.000000e+00
      outer loop
         vertex 1.198887e+01 0.000000e+00 8.086491e+00
         vertex 1.656498e+01 0.000000e+00 9.586483e+00
         vertex 1.398677e+01 0.000000e+00 1.165117e+01
      endloop
   endfacet
   facet normal 0.000000e+00 -1.000000e+00 0.000000e+00
      outer loop
         vertex 1.198887e+01 0.000000e+00 8.086491e+00
         vertex 1.398677e+01 0.000000e+00 1.165117e+01
         vertex 9.316156e+00 0.000000e+00 1.061822e+01
      endloop
   endfacet
   facet normal 0.000000e+00 -1.000000e+00 0.000000e+00
      outer loop
         vertex 9.316156e+00 0.000000e+00 1.061822e+01
         vertex 1.398677e+01 0.000000e+00 1.165117e+01
         vertex 1.165117e+01 0.000000e+00 1.398677e+01
      endloop
   endfacet
   facet normal 0.000000e+00 -1.000000e+00 0.000000e+00
      outer loop
         vertex 9.316156e+00 0.000000e+00 1.061822e+01
         vertex 1.165117e+01 0.000000e+00 1.398677e+01
         vertex 6.932838e+00 0.000000e+00 1.342408e+01
      endloop
   endfacet
   facet normal 0.000000e+00 -1.000000e+00 0.000000e+00
      outer loop
         vertex 6.932838e+00 0.000000e+00 1.342408e+01
         vertex 1.165117e+01 0.000000e+00 1.398677e+01
         vertex 9.586483e+00 0.000000e+00 1.656498e+01
      endloop
   endfacet
   facet normal 0.000000e+00 -1.000000e+00 0.000000e+00
      outer loop
         vertex 6.932838e+00 0.000000e+00 1.342408e+01
         vertex 9.586483e+00 0.000000e+00 1.656498e+01
         vertex 4.866857e+00 0.000000e+00 1.647117e+01
      endloop
   endfacet
   facet normal 0.000000e+00 -1.000000e+00 0.000000e+00
      outer loop
         vertex 4.866857e+00 0.000000e+00 1.647117e+01
         vertex 9.586483e+00 0.000000e+00 1.656498e+01
         vertex 7.817747e+00 0.000000e+00 1.935454e+01
      endloop
   endfacet
   facet normal 0.000000e+00 -1.000000e+00 0.000000e+00
      outer loop
         vertex 4.866857e+00 0.000000e+00 1.647117e+01
         vertex 7.817747e+00 0.000000e+00 1.935454e+01
         vertex 3.142437e+00 0.000000e+00 1.972377e+01
      endloop
   endfacet
   facet normal 0.000000e+00 -1.000000e+00 0.000000e+00
      outer loop
         vertex 3.142437e+00 0.000000e+00 1.972377e+01
         vertex 7.817747e+00 0.000000e+00 1.935454e+01
         vertex 6.366402e+00 0.000000e+00 2.232164e+01
      endloop
   endfacet
   facet normal 0.000000e+00 -1.000000e+00 0.000000e+00
      outer loop
         vertex 3.142437e+00 0.000000e+00 1.972377e+01
         vertex 6.366402e+00 0.000000e+00 2.232164e+01
         vertex 1.779795e+00 0.000000e+00 2.314375e+01
      endloop
   endfacet
   facet normal 0.000000e+00 -1.000000e+00 0.000000e+00
      outer loop
         vertex 1.779795e+00 0.000000e+00 2.314375e+01
         vertex 6.366402e+00 0.000000e+00 2.232164e+01
         vertex 5.250040e+00 0.000000e+00 2.543031e+01
      endloop
   endfacet
   facet normal 0.000000e+00 -1.000000e+00 0.000000e+00
      outer loop
         vertex 1.779795e+00 0.000000e+00 2.314375e+01
         vertex 5.250040e+00 0.000000e+00 2.543031e+01
         vertex 7.949024e-01 0.000000e+00 2.669101e+01
      endloop
   endfacet
   facet normal 0.000000e+00 -1.000000e+00 0.000000e+00
      outer loop
         vertex 7.949024e-01 0.000000e+00 2.669101e+01
         vertex 5.250040e+00 0.000000e+00 2.543031e+01
         vertex 4.482193e+00 0.000000e+00 2.864286e+01
      endloop
   endfacet
   facet normal 0.000000e+00 -1.000000e+00 0.000000e+00
      outer loop
         vertex 7.949024e-01 0.000000e+00 2.669101e+01
         vertex 4.482193e+00 0.000000e+00 2.864286e+01
         vertex 1.993105e-01 0.000000e+00 3.032396e+01
      endloop
   endfacet
   facet normal 0.000000e+00 -1.000000e+00 0.000000e+00
      outer loop
         vertex 1.993105e-01 0.000000e+00 3.032396e+01
         vertex 4.482193e+00 0.000000e+00 2.864286e+01
         vertex 4.450465e+00 0.000000e+00 2.895918e+01
      endloop
   endfacet
   facet normal 0.000000e+00 -1.000000e+00 0.000000e+00
      outer loop
         vertex 1.993105e-01 0.000000e+00 3.032396e+01
         vertex 4.450465e+00 0.000000e+00 2.895918e+01
         vertex 4.469257e+00 0.000000e+00 2.927653e+01
      endloop
   endfacet
   facet normal 0.000000e+00 -1.000000e+00 -0.000000e+00
      outer loop
         vertex 3.097152e+01 0.000000e+00 5.611364e+01
         vertex 3.088690e+01 0.000000e+00 5.578691e+01
         vertex 3.400000e+01 0.000000e+00 5.075000e+01
      endloop
   endfacet
   facet normal 0.000000e+00 -1.000000e+00 0.000000e+00
      outer loop
         vertex 3.400000e+01 0.000000e+00 5.075000e+01
         vertex 3.088690e+01 0.000000e+00 5.578691e+01
         vertex 3.074854e+01 0.000000e+00 5.547906e+01
      endloop
   endfacet
   facet normal 0.000000e+00 -1.000000e+00 0.000000e+00
      outer loop
         vertex 3.400000e+01 0.000000e+00 5.075000e+01
         vertex 3.074854e+01 0.000000e+00 5.547906e+01
         vertex 3.056038e+01 0.000000e+00 5.519886e+01
      endloop
   endfacet
   facet normal -0.000000e+00 -1.000000e+00 0.000000e+00
      outer loop
         vertex 1.745622e+01 0.000000e+00 3.662028e+01
         vertex 1.340132e+01 0.000000e+00 3.824314e+01
         vertex 1.725000e+01 0.000000e+00 3.400000e+01
      endloop
   endfacet
   facet normal 0.000000e+00 -1.000000e+00 0.000000e+00
      outer loop
         vertex 1.725000e+01 0.000000e+00 3.400000e+01
         vertex 1.340132e+01 0.000000e+00 3.824314e+01
         vertex 1.324769e+01 0.000000e+00 3.794262e+01
      endloop
   endfacet
   facet normal 0.000000e+00 -1.000000e+00 0.000000e+00
      outer loop
         vertex 1.725000e+01 0.000000e+00 3.400000e+01
         vertex 1.324769e+01 0.000000e+00 3.794262e+01
         vertex 1.304571e+01 0.000000e+00 3.767222e+01
      endloop
   endfacet
   facet normal 0.000000e+00 -1.000000e+00 -0.000000e+00
      outer loop
         vertex 3.056038e+01 0.000000e+00 5.519886e+01
         vertex 3.032779e+01 0.000000e+00 5.495429e+01
         vertex 3.400000e+01 0.000000e+00 5.075000e+01
      endloop
   endfacet
   facet normal 0.000000e+00 -1.000000e+00 0.000000e+00
      outer loop
         vertex 3.400000e+01 0.000000e+00 5.075000e+01
         vertex 3.032779e+01 0.000000e+00 5.495429e+01
         vertex 3.005738e+01 0.000000e+00 5.475231e+01
      endloop
   endfacet
   facet normal -0.000000e+00 -1.000000e+00 0.000000e+00
      outer loop
         vertex 3.400000e+01 0.000000e+00 5.075000e+01
         vertex 3.005738e+01 0.000000e+00 5.475231e+01
         vertex 3.137972e+01 0.000000e+00 5.054378e+01
      endloop
   endfacet
   facet normal 0.000000e+00 -1.000000e+00 -0.000000e+00
      outer loop
         vertex 1.304571e+01 0.000000e+00 3.767222e+01
         vertex 1.280114e+01 0.000000e+00 3.743962e+01
         vertex 1.725000e+01 0.000000e+00 3.400000e+01
      endloop
   endfacet
   facet normal 0.000000e+00 -1.000000e+00 0.000000e+00
      outer loop
         vertex 1.725000e+01 0.000000e+00 3.400000e+01
         vertex 1.280114e+01 0.000000e+00 3.743962e+01
         vertex 1.252094e+01 0.000000e+00 3.725147e+01
      endloop
   endfacet
   facet normal 0.000000e+00 -1.000000e+00 0.000000e+00
      outer loop
         vertex 1.725000e+01 0.000000e+00 3.400000e+01
         vertex 1.252094e+01 0.000000e+00 3.725147e+01
         vertex 1.221310e+01 0.000000e+00 3.711311e+01
      endloop
   endfacet
   facet normal 0.000000e+00 -1.000000e+00 0.000000e+00
      outer loop
         vertex 2.849941e+01 0.000000e+00 6.755210e+01
         vertex 2.895918e+01 0.000000e+00 6.354954e+01
         vertex 2.927653e+01 0.000000e+00 6.353075e+01
      endloop
   endfacet
   facet normal 0.000000e+00 -1.000000e+00 -0.000000e+00
      outer loop
         vertex 1.221310e+01 0.000000e+00 3.711311e+01
         vertex 1.188637e+01 0.000000e+00 3.702848e+01
         vertex 1.725000e+01 0.000000e+00 3.400000e+01
      endloop
   endfacet
   facet normal 0.000000e+00 -1.000000e+00 0.000000e+00
      outer loop
         vertex 1.725000e+01 0.000000e+00 3.400000e+01
         vertex 1.188637e+01 0.000000e+00 3.702848e+01
         vertex 1.155006e+01 0.000000e+00 3.700000e+01
      endloop
   endfacet
   facet normal -0.000000e+00 -1.000000e+00 0.000000e+00
      outer loop
         vertex 1.725000e+01 0.000000e+00 3.400000e+01
         vertex 1.155006e+01 0.000000e+00 3.700000e+01
         vertex 0.000000e+00 0.000000e+00 3.400000e+01
      endloop
   endfacet
   facet normal 0.000000e+00 -1.000000e+00 0.000000e+00
      outer loop
         vertex 0.000000e+00 0.000000e+00 3.400000e+01
         vertex 1.155006e+01 0.000000e+00 3.700000e+01
         vertex 6.450048e+00 0.000000e+00 3.700000e+01
      endloop
   endfacet
   facet normal 0.000000e+00 -1.000000e+00 0.000000e+00
      outer loop
         vertex 0.000000e+00 0.000000e+00 3.400000e+01
         vertex 6.450048e+00 0.000000e+00 3.700000e+01
         vertex 6.133147e+00 0.000000e+00 3.702527e+01
      endloop
   endfacet
   facet normal 0.000000e+00 -1.000000e+00 0.000000e+00
      outer loop
         vertex 2.849941e+01 0.000000e+00 6.755210e+01
         vertex 2.927653e+01 0.000000e+00 6.353075e+01
         vertex 3.215928e+01 0.000000e+00 6.795014e+01
      endloop
   endfacet
   facet normal 0.000000e+00 -1.000000e+00 0.000000e+00
      outer loop
         vertex 0.000000e+00 0.000000e+00 3.400000e+01
         vertex 5.261304e+00 0.000000e+00 3.739162e+01
         vertex 5.021473e+00 0.000000e+00 3.760030e+01
      endloop
   endfacet
   facet normal 0.000000e+00 -1.000000e+00 0.000000e+00
      outer loop
         vertex 2.927653e+01 0.000000e+00 6.353075e+01
         vertex 2.958689e+01 0.000000e+00 6.346191e+01
         vertex 3.215928e+01 0.000000e+00 6.795014e+01
      endloop
   endfacet
   facet normal 0.000000e+00 -1.000000e+00 0.000000e+00
      outer loop
         vertex 3.215928e+01 0.000000e+00 6.795014e+01
         vertex 2.958689e+01 0.000000e+00 6.346191e+01
         vertex 2.988243e+01 0.000000e+00 6.334476e+01
      endloop
   endfacet
   facet normal 0.000000e+00 -1.000000e+00 -0.000000e+00
      outer loop
         vertex 3.215928e+01 0.000000e+00 6.795014e+01
         vertex 2.988243e+01 0.000000e+00 6.334476e+01
         vertex 3.400000e+01 0.000000e+00 6.800000e+01
      endloop
   endfacet
   facet normal 0.000000e+00 -1.000000e+00 0.000000e+00
      outer loop
         vertex 3.400000e+01 0.000000e+00 6.800000e+01
         vertex 2.988243e+01 0.000000e+00 6.334476e+01
         vertex 3.015567e+01 0.000000e+00 6.318227e+01
      endloop
   endfacet
   facet normal 0.000000e+00 -1.000000e+00 0.000000e+00
      outer loop
         vertex 3.400000e+01 0.000000e+00 6.800000e+01
         vertex 3.015567e+01 0.000000e+00 6.318227e+01
         vertex 3.039971e+01 0.000000e+00 6.297853e+01
      endloop
   endfacet
   facet normal 0.000000e+00 -1.000000e+00 -0.000000e+00
      outer loop
         vertex 3.005738e+01 0.000000e+00 5.475231e+01
         vertex 2.975686e+01 0.000000e+00 5.459869e+01
         vertex 3.137972e+01 0.000000e+00 5.054378e+01
      endloop
   endfacet
   facet normal 0.000000e+00 -1.000000e+00 0.000000e+00
      outer loop
         vertex 3.137972e+01 0.000000e+00 5.054378e+01
         vertex 2.975686e+01 0.000000e+00 5.459869e+01
         vertex 2.943478e+01 0.000000e+00 5.449778e+01
      endloop
   endfacet
   facet normal -0.000000e+00 -1.000000e+00 0.000000e+00
      outer loop
         vertex 3.137972e+01 0.000000e+00 5.054378e+01
         vertex 2.943478e+01 0.000000e+00 5.449778e+01
         vertex 2.882397e+01 0.000000e+00 4.993020e+01
      endloop
   endfacet
   facet normal 0.000000e+00 -1.000000e+00 0.000000e+00
      outer loop
         vertex 2.882397e+01 0.000000e+00 4.993020e+01
         vertex 2.943478e+01 0.000000e+00 5.449778e+01
         vertex 2.658838e+01 0.000000e+00 5.364861e+01
      endloop
   endfacet
   facet normal -0.000000e+00 -1.000000e+00 0.000000e+00
      outer loop
         vertex 2.882397e+01 0.000000e+00 4.993020e+01
         vertex 2.658838e+01 0.000000e+00 5.364861e+01
         vertex 2.639566e+01 0.000000e+00 4.892436e+01
      endloop
   endfacet
   facet normal 0.000000e+00 -1.000000e+00 0.000000e+00
      outer loop
         vertex 2.639566e+01 0.000000e+00 4.892436e+01
         vertex 2.658838e+01 0.000000e+00 5.364861e+01
         vertex 2.389026e+01 0.000000e+00 5.240634e+01
      endloop
   endfacet
   facet normal -0.000000e+00 -1.000000e+00 0.000000e+00
      outer loop
         vertex 2.639566e+01 0.000000e+00 4.892436e+01
         vertex 2.389026e+01 0.000000e+00 5.240634e+01
         vertex 2.415460e+01 0.000000e+00 4.755104e+01
      endloop
   endfacet
   facet normal 0.000000e+00 -1.000000e+00 0.000000e+00
      outer loop
         vertex 2.415460e+01 0.000000e+00 4.755104e+01
         vertex 2.389026e+01 0.000000e+00 5.240634e+01
         vertex 2.139441e+01 0.000000e+00 5.079581e+01
      endloop
   endfacet
   facet normal -0.000000e+00 -1.000000e+00 0.000000e+00
      outer loop
         vertex 2.415460e+01 0.000000e+00 4.755104e+01
         vertex 2.139441e+01 0.000000e+00 5.079581e+01
         vertex 2.215596e+01 0.000000e+00 4.584404e+01
      endloop
   endfacet
   facet normal 0.000000e+00 -1.000000e+00 0.000000e+00
      outer loop
         vertex 2.215596e+01 0.000000e+00 4.584404e+01
         vertex 2.139441e+01 0.000000e+00 5.079581e+01
         vertex 1.915076e+01 0.000000e+00 4.884924e+01
      endloop
   endfacet
   facet normal -0.000000e+00 -1.000000e+00 0.000000e+00
      outer loop
         vertex 2.215596e+01 0.000000e+00 4.584404e+01
         vertex 1.915076e+01 0.000000e+00 4.884924e+01
         vertex 2.044897e+01 0.000000e+00 4.384540e+01
      endloop
   endfacet
   facet normal 0.000000e+00 -1.000000e+00 0.000000e+00
      outer loop
         vertex 2.044897e+01 0.000000e+00 4.384540e+01
         vertex 1.915076e+01 0.000000e+00 4.884924e+01
         vertex 1.720420e+01 0.000000e+00 4.660559e+01
      endloop
   endfacet
   facet normal -0.000000e+00 -1.000000e+00 0.000000e+00
      outer loop
         vertex 2.044897e+01 0.000000e+00 4.384540e+01
         vertex 1.720420e+01 0.000000e+00 4.660559e+01
         vertex 1.907564e+01 0.000000e+00 4.160434e+01
      endloop
   endfacet
   facet normal 0.000000e+00 -1.000000e+00 0.000000e+00
      outer loop
         vertex 1.907564e+01 0.000000e+00 4.160434e+01
         vertex 1.720420e+01 0.000000e+00 4.660559e+01
         vertex 1.559367e+01 0.000000e+00 4.410974e+01
      endloop
   endfacet
   facet normal -0.000000e+00 -1.000000e+00 0.000000e+00
      outer loop
         vertex 1.907564e+01 0.000000e+00 4.160434e+01
         vertex 1.559367e+01 0.000000e+00 4.410974e+01
         vertex 1.806981e+01 0.000000e+00 3.917604e+01
      endloop
   endfacet
   facet normal 0.000000e+00 -1.000000e+00 0.000000e+00
      outer loop
         vertex 1.806981e+01 0.000000e+00 3.917604e+01
         vertex 1.559367e+01 0.000000e+00 4.410974e+01
         vertex 1.435139e+01 0.000000e+00 4.141162e+01
      endloop
   endfacet
   facet normal -0.000000e+00 -1.000000e+00 0.000000e+00
      outer loop
         vertex 1.806981e+01 0.000000e+00 3.917604e+01
         vertex 1.435139e+01 0.000000e+00 4.141162e+01
         vertex 1.745622e+01 0.000000e+00 3.662028e+01
      endloop
   endfacet
   facet normal 0.000000e+00 -1.000000e+00 0.000000e+00
      outer loop
         vertex 1.745622e+01 0.000000e+00 3.662028e+01
         vertex 1.435139e+01 0.000000e+00 4.141162e+01
         vertex 1.350223e+01 0.000000e+00 3.856522e+01
      endloop
   endfacet
   facet normal 0.000000e+00 -1.000000e+00 0.000000e+00
      outer loop
         vertex 1.745622e+01 0.000000e+00 3.662028e+01
         vertex 1.350223e+01 0.000000e+00 3.856522e+01
         vertex 1.340132e+01 0.000000e+00 3.824314e+01
      endloop
   endfacet
   facet normal -0.000000e+00 -1.000000e+00 0.000000e+00
      outer loop
         vertex 6.133147e+00 0.000000e+00 3.702527e+01
         vertex 5.824253e+00 0.000000e+00 3.710043e+01
         vertex 0.000000e+00 0.000000e+00 3.400000e+01
      endloop
   endfacet
   facet normal 0.000000e+00 -1.000000e+00 0.000000e+00
      outer loop
         vertex 0.000000e+00 0.000000e+00 3.400000e+01
         vertex 5.824253e+00 0.000000e+00 3.710043e+01
         vertex 5.531169e+00 0.000000e+00 3.722358e+01
      endloop
   endfacet
   facet normal 0.000000e+00 -1.000000e+00 0.000000e+00
      outer loop
         vertex 0.000000e+00 0.000000e+00 3.400000e+01
         vertex 5.531169e+00 0.000000e+00 3.722358e+01
         vertex 5.261304e+00 0.000000e+00 3.739162e+01
      endloop
   endfacet
   facet normal 0.000000e+00 -1.000000e+00 0.000000e+00
      outer loop
         vertex 3.039971e+01 0.000000e+00 6.297853e+01
         vertex 3.060838e+01 0.000000e+00 6.273870e+01
         vertex 3.400000e+01 0.000000e+00 6.800000e+01
      endloop
   endfacet
   facet normal 0.000000e+00 -1.000000e+00 0.000000e+00
      outer loop
         vertex 3.400000e+01 0.000000e+00 6.800000e+01
         vertex 3.060838e+01 0.000000e+00 6.273870e+01
         vertex 3.077642e+01 0.000000e+00 6.246883e+01
      endloop
   endfacet
   facet normal 0.000000e+00 -1.000000e+00 0.000000e+00
      outer loop
         vertex 3.400000e+01 0.000000e+00 6.800000e+01
         vertex 3.077642e+01 0.000000e+00 6.246883e+01
         vertex 3.089958e+01 0.000000e+00 6.217575e+01
      endloop
   endfacet
   facet normal -0.000000e+00 -1.000000e+00 0.000000e+00
      outer loop
         vertex 5.021473e+00 0.000000e+00 3.760030e+01
         vertex 4.817737e+00 0.000000e+00 3.784434e+01
         vertex 0.000000e+00 0.000000e+00 3.400000e+01
      endloop
   endfacet
   facet normal 0.000000e+00 -1.000000e+00 0.000000e+00
      outer loop
         vertex 0.000000e+00 0.000000e+00 3.400000e+01
         vertex 4.817737e+00 0.000000e+00 3.784434e+01
         vertex 4.655242e+00 0.000000e+00 3.811758e+01
      endloop
   endfacet
   facet normal 0.000000e+00 -1.000000e+00 0.000000e+00
      outer loop
         vertex 0.000000e+00 0.000000e+00 3.400000e+01
         vertex 4.655242e+00 0.000000e+00 3.811758e+01
         vertex 1.993105e-01 0.000000e+00 3.767605e+01
      endloop
   endfacet
   facet normal 0.000000e+00 -1.000000e+00 0.000000e+00
      outer loop
         vertex 1.993105e-01 0.000000e+00 3.767605e+01
         vertex 4.655242e+00 0.000000e+00 3.811758e+01
         vertex 4.538095e+00 0.000000e+00 3.841311e+01
      endloop
   endfacet
   facet normal 0.000000e+00 -1.000000e+00 0.000000e+00
      outer loop
         vertex 3.089958e+01 0.000000e+00 6.217575e+01
         vertex 3.097474e+01 0.000000e+00 6.186686e+01
         vertex 3.400000e+01 0.000000e+00 6.800000e+01
      endloop
   endfacet
   facet normal 0.000000e+00 -1.000000e+00 0.000000e+00
      outer loop
         vertex 3.400000e+01 0.000000e+00 6.800000e+01
         vertex 3.097474e+01 0.000000e+00 6.186686e+01
         vertex 3.100000e+01 0.000000e+00 6.154996e+01
      endloop
   endfacet
   facet normal 0.000000e+00 -1.000000e+00 0.000000e+00
      outer loop
         vertex 3.400000e+01 0.000000e+00 6.800000e+01
         vertex 3.100000e+01 0.000000e+00 6.154996e+01
         vertex 3.400000e+01 0.000000e+00 5.075000e+01
      endloop
   endfacet
   facet normal 0.000000e+00 -1.000000e+00 0.000000e+00
      outer loop
         vertex 3.400000e+01 0.000000e+00 5.075000e+01
         vertex 3.100000e+01 0.000000e+00 6.154996e+01
         vertex 3.100000e+01 0.000000e+00 5.644995e+01
      endloop
   endfacet
   facet normal 0.000000e+00 -1.000000e+00 0.000000e+00
      outer loop
         vertex 3.400000e+01 0.000000e+00 5.075000e+01
         vertex 3.100000e+01 0.000000e+00 5.644995e+01
         vertex 3.097152e+01 0.000000e+00 5.611364e+01
      endloop
   endfacet
   facet normal -0.000000e+00 -1.000000e+00 0.000000e+00
      outer loop
         vertex 4.538095e+00 0.000000e+00 3.841311e+01
         vertex 4.469257e+00 0.000000e+00 3.872348e+01
         vertex 1.993105e-01 0.000000e+00 3.767605e+01
      endloop
   endfacet
   facet normal 0.000000e+00 -1.000000e+00 0.000000e+00
      outer loop
         vertex 1.993105e-01 0.000000e+00 3.767605e+01
         vertex 4.469257e+00 0.000000e+00 3.872348e+01
         vertex 4.450465e+00 0.000000e+00 3.904083e+01
      endloop
   endfacet
   facet normal 0.000000e+00 -1.000000e+00 0.000000e+00
      outer loop
         vertex 1.993105e-01 0.000000e+00 3.767605e+01
         vertex 4.450465e+00 0.000000e+00 3.904083e+01
         vertex 7.949024e-01 0.000000e+00 4.130900e+01
      endloop
   endfacet
   facet normal 0.000000e+00 -1.000000e+00 0.000000e+00
      outer loop
         vertex 7.949024e-01 0.000000e+00 4.130900e+01
         vertex 4.450465e+00 0.000000e+00 3.904083e+01
         vertex 4.482193e+00 0.000000e+00 3.935714e+01
      endloop
   endfacet
   facet normal 0.000000e+00 -1.000000e+00 0.000000e+00
      outer loop
         vertex 7.949024e-01 0.000000e+00 4.130900e+01
         vertex 4.482193e+00 0.000000e+00 3.935714e+01
         vertex 1.779795e+00 0.000000e+00 4.485625e+01
      endloop
   endfacet
   facet normal 0.000000e+00 -1.000000e+00 0.000000e+00
      outer loop
         vertex 1.779795e+00 0.000000e+00 4.485625e+01
         vertex 4.482193e+00 0.000000e+00 3.935714e+01
         vertex 5.250040e+00 0.000000e+00 4.256970e+01
      endloop
   endfacet
   facet normal 0.000000e+00 -1.000000e+00 0.000000e+00
      outer loop
         vertex 1.779795e+00 0.000000e+00 4.485625e+01
         vertex 5.250040e+00 0.000000e+00 4.256970e+01
         vertex 3.142437e+00 0.000000e+00 4.827623e+01
      endloop
   endfacet
   facet normal 0.000000e+00 -1.000000e+00 0.000000e+00
      outer loop
         vertex 3.142437e+00 0.000000e+00 4.827623e+01
         vertex 5.250040e+00 0.000000e+00 4.256970e+01
         vertex 6.366402e+00 0.000000e+00 4.567837e+01
      endloop
   endfacet
   facet normal 0.000000e+00 -1.000000e+00 0.000000e+00
      outer loop
         vertex 3.142437e+00 0.000000e+00 4.827623e+01
         vertex 6.366402e+00 0.000000e+00 4.567837e+01
         vertex 4.866857e+00 0.000000e+00 5.152883e+01
      endloop
   endfacet
   facet normal 0.000000e+00 -1.000000e+00 0.000000e+00
      outer loop
         vertex 4.866857e+00 0.000000e+00 5.152883e+01
         vertex 6.366402e+00 0.000000e+00 4.567837e+01
         vertex 7.817747e+00 0.000000e+00 4.864546e+01
      endloop
   endfacet
   facet normal 0.000000e+00 -1.000000e+00 0.000000e+00
      outer loop
         vertex 4.866857e+00 0.000000e+00 5.152883e+01
         vertex 7.817747e+00 0.000000e+00 4.864546e+01
         vertex 6.932838e+00 0.000000e+00 5.457593e+01
      endloop
   endfacet
   facet normal 0.000000e+00 -1.000000e+00 0.000000e+00
      outer loop
         vertex 6.932838e+00 0.000000e+00 5.457593e+01
         vertex 7.817747e+00 0.000000e+00 4.864546e+01
         vertex 9.586483e+00 0.000000e+00 5.143503e+01
      endloop
   endfacet
   facet normal 0.000000e+00 -1.000000e+00 0.000000e+00
      outer loop
         vertex 6.932838e+00 0.000000e+00 5.457593e+01
         vertex 9.586483e+00 0.000000e+00 5.143503e+01
         vertex 9.316156e+00 0.000000e+00 5.738178e+01
      endloop
   endfacet
   facet normal 0.000000e+00 -1.000000e+00 0.000000e+00
      outer loop
         vertex 9.316156e+00 0.000000e+00 5.738178e+01
         vertex 9.586483e+00 0.000000e+00 5.143503e+01
         vertex 1.165117e+01 0.000000e+00 5.401324e+01
      endloop
   endfacet
   facet normal 0.000000e+00 -1.000000e+00 0.000000e+00
      outer loop
         vertex 9.316156e+00 0.000000e+00 5.738178e+01
         vertex 1.165117e+01 0.000000e+00 5.401324e+01
         vertex 1.198887e+01 0.000000e+00 5.991351e+01
      endloop
   endfacet
   facet normal 0.000000e+00 -1.000000e+00 -0.000000e+00
      outer loop
         vertex 1.198887e+01 0.000000e+00 5.991351e+01
         vertex 1.165117e+01 0.000000e+00 5.401324e+01
         vertex 1.398677e+01 0.000000e+00 5.634884e+01
      endloop
   endfacet
   facet normal 0.000000e+00 -1.000000e+00 0.000000e+00
      outer loop
         vertex 1.198887e+01 0.000000e+00 5.991351e+01
         vertex 1.398677e+01 0.000000e+00 5.634884e+01
         vertex 1.491964e+01 0.000000e+00 6.214143e+01
      endloop
   endfacet
   facet normal 0.000000e+00 -1.000000e+00 -0.000000e+00
      outer loop
         vertex 1.491964e+01 0.000000e+00 6.214143e+01
         vertex 1.398677e+01 0.000000e+00 5.634884e+01
         vertex 1.656498e+01 0.000000e+00 5.841352e+01
      endloop
   endfacet
   facet normal 0.000000e+00 -1.000000e+00 0.000000e+00
      outer loop
         vertex 1.491964e+01 0.000000e+00 6.214143e+01
         vertex 1.656498e+01 0.000000e+00 5.841352e+01
         vertex 1.807412e+01 0.000000e+00 6.403941e+01
      endloop
   endfacet
   facet normal 0.000000e+00 -1.000000e+00 -0.000000e+00
      outer loop
         vertex 1.807412e+01 0.000000e+00 6.403941e+01
         vertex 1.656498e+01 0.000000e+00 5.841352e+01
         vertex 1.935454e+01 0.000000e+00 6.018226e+01
      endloop
   endfacet
   facet normal 0.000000e+00 -1.000000e+00 0.000000e+00
      outer loop
         vertex 1.807412e+01 0.000000e+00 6.403941e+01
         vertex 1.935454e+01 0.000000e+00 6.018226e+01
         vertex 2.141530e+01 0.000000e+00 6.558521e+01
      endloop
   endfacet
   facet normal 0.000000e+00 -1.000000e+00 -0.000000e+00
      outer loop
         vertex 2.141530e+01 0.000000e+00 6.558521e+01
         vertex 1.935454e+01 0.000000e+00 6.018226e+01
         vertex 2.232164e+01 0.000000e+00 6.163360e+01
      endloop
   endfacet
   facet normal 0.000000e+00 -1.000000e+00 0.000000e+00
      outer loop
         vertex 2.141530e+01 0.000000e+00 6.558521e+01
         vertex 2.232164e+01 0.000000e+00 6.163360e+01
         vertex 2.490404e+01 0.000000e+00 6.676070e+01
      endloop
   endfacet
   facet normal 0.000000e+00 -1.000000e+00 -0.000000e+00
      outer loop
         vertex 2.490404e+01 0.000000e+00 6.676070e+01
         vertex 2.232164e+01 0.000000e+00 6.163360e+01
         vertex 2.543031e+01 0.000000e+00 6.274996e+01
      endloop
   endfacet
   facet normal 0.000000e+00 -1.000000e+00 0.000000e+00
      outer loop
         vertex 2.490404e+01 0.000000e+00 6.676070e+01
         vertex 2.543031e+01 0.000000e+00 6.274996e+01
         vertex 2.849941e+01 0.000000e+00 6.755210e+01
      endloop
   endfacet
   facet normal 0.000000e+00 -1.000000e+00 -0.000000e+00
      outer loop
         vertex 2.849941e+01 0.000000e+00 6.755210e+01
         vertex 2.543031e+01 0.000000e+00 6.274996e+01
         vertex 2.864286e+01 0.000000e+00 6.351781e+01
      endloop
   endfacet
   facet normal 0.000000e+00 -1.000000e+00 0.000000e+00
      outer loop
         vertex 2.849941e+01 0.000000e+00 6.755210e+01
         vertex 2.864286e+01 0.000000e+00 6.351781e+01
         vertex 2.895918e+01 0.000000e+00 6.354954e+01
      endloop
   endfacet
   facet normal -0.000000e+00 -1.000000e+00 0.000000e+00
      outer loop
         vertex 6.800000e+01 0.000000e+00 3.400000e+01
         vertex 6.154996e+01 0.000000e+00 3.700000e+01
         vertex 5.075000e+01 0.000000e+00 3.400000e+01
      endloop
   endfacet
   facet normal 0.000000e+00 -1.000000e+00 0.000000e+00
      outer loop
         vertex 5.075000e+01 0.000000e+00 3.400000e+01
         vertex 6.154996e+01 0.000000e+00 3.700000e+01
         vertex 5.644995e+01 0.000000e+00 3.700000e+01
      endloop
   endfacet
   facet normal 0.000000e+00 -1.000000e+00 0.000000e+00
      outer loop
         vertex 5.075000e+01 0.000000e+00 3.400000e+01
         vertex 5.644995e+01 0.000000e+00 3.700000e+01
         vertex 5.611364e+01 0.000000e+00 3.702848e+01
      endloop
   endfacet
   facet normal 0.000000e+00 -1.000000e+00 0.000000e+00
      outer loop
         vertex 3.662028e+01 0.000000e+00 5.054378e+01
         vertex 3.824314e+01 0.000000e+00 5.459869e+01
         vertex 3.400000e+01 0.000000e+00 5.075000e+01
      endloop
   endfacet
   facet normal 0.000000e+00 -1.000000e+00 0.000000e+00
      outer loop
         vertex 3.400000e+01 0.000000e+00 5.075000e+01
         vertex 3.824314e+01 0.000000e+00 5.459869e+01
         vertex 3.794262e+01 0.000000e+00 5.475231e+01
      endloop
   endfacet
   facet normal 0.000000e+00 -1.000000e+00 0.000000e+00
      outer loop
         vertex 3.400000e+01 0.000000e+00 5.075000e+01
         vertex 3.794262e+01 0.000000e+00 5.475231e+01
         vertex 3.767222e+01 0.000000e+00 5.495429e+01
      endloop
   endfacet
   facet normal -0.000000e+00 -1.000000e+00 0.000000e+00
      outer loop
         vertex 5.611364e+01 0.000000e+00 3.702848e+01
         vertex 5.578691e+01 0.000000e+00 3.711311e+01
         vertex 5.075000e+01 0.000000e+00 3.400000e+01
      endloop
   endfacet
   facet normal 0.000000e+00 -1.000000e+00 0.000000e+00
      outer loop
         vertex 5.075000e+01 0.000000e+00 3.400000e+01
         vertex 5.578691e+01 0.000000e+00 3.711311e+01
         vertex 5.547906e+01 0.000000e+00 3.725147e+01
      endloop
   endfacet
   facet normal 0.000000e+00 -1.000000e+00 0.000000e+00
      outer loop
         vertex 5.075000e+01 0.000000e+00 3.400000e+01
         vertex 5.547906e+01 0.000000e+00 3.725147e+01
         vertex 5.519886e+01 0.000000e+00 3.743962e+01
      endloop
   endfacet
   facet normal -0.000000e+00 -1.000000e+00 0.000000e+00
      outer loop
         vertex 5.519886e+01 0.000000e+00 3.743962e+01
         vertex 5.495429e+01 0.000000e+00 3.767222e+01
         vertex 5.075000e+01 0.000000e+00 3.400000e+01
      endloop
   endfacet
   facet normal 0.000000e+00 -1.000000e+00 0.000000e+00
      outer loop
         vertex 5.075000e+01 0.000000e+00 3.400000e+01
         vertex 5.495429e+01 0.000000e+00 3.767222e+01
         vertex 5.475231e+01 0.000000e+00 3.794262e+01
      endloop
   endfacet
   facet normal 0.000000e+00 -1.000000e+00 0.000000e+00
      outer loop
         vertex 5.075000e+01 0.000000e+00 3.400000e+01
         vertex 5.475231e+01 0.000000e+00 3.794262e+01
         vertex 5.054378e+01 0.000000e+00 3.662028e+01
      endloop
   endfacet
   facet normal -0.000000e+00 -1.000000e+00 0.000000e+00
      outer loop
         vertex 3.767222e+01 0.000000e+00 5.495429e+01
         vertex 3.743962e+01 0.000000e+00 5.519886e+01
         vertex 3.400000e+01 0.000000e+00 5.075000e+01
      endloop
   endfacet
   facet normal 0.000000e+00 -1.000000e+00 0.000000e+00
      outer loop
         vertex 3.400000e+01 0.000000e+00 5.075000e+01
         vertex 3.743962e+01 0.000000e+00 5.519886e+01
         vertex 3.725147e+01 0.000000e+00 5.547906e+01
      endloop
   endfacet
   facet normal 0.000000e+00 -1.000000e+00 0.000000e+00
      outer loop
         vertex 3.400000e+01 0.000000e+00 5.075000e+01
         vertex 3.725147e+01 0.000000e+00 5.547906e+01
         vertex 3.711311e+01 0.000000e+00 5.578691e+01
      endloop
   endfacet
   facet normal -0.000000e+00 -1.000000e+00 0.000000e+00
      outer loop
         vertex 5.475231e+01 0.000000e+00 3.794262e+01
         vertex 5.459869e+01 0.000000e+00 3.824314e+01
         vertex 5.054378e+01 0.000000e+00 3.662028e+01
      endloop
   endfacet
   facet normal 0.000000e+00 -1.000000e+00 0.000000e+00
      outer loop
         vertex 5.054378e+01 0.000000e+00 3.662028e+01
         vertex 5.459869e+01 0.000000e+00 3.824314e+01
         vertex 5.449778e+01 0.000000e+00 3.856522e+01
      endloop
   endfacet
   facet normal 0.000000e+00 -1.000000e+00 0.000000e+00
      outer loop
         vertex 5.054378e+01 0.000000e+00 3.662028e+01
         vertex 5.449778e+01 0.000000e+00 3.856522e+01
         vertex 4.993020e+01 0.000000e+00 3.917604e+01
      endloop
   endfacet
   facet normal 0.000000e+00 -1.000000e+00 0.000000e+00
      outer loop
         vertex 4.993020e+01 0.000000e+00 3.917604e+01
         vertex 5.449778e+01 0.000000e+00 3.856522e+01
         vertex 5.364861e+01 0.000000e+00 4.141162e+01
      endloop
   endfacet
   facet normal 0.000000e+00 -1.000000e+00 0.000000e+00
      outer loop
         vertex 4.993020e+01 0.000000e+00 3.917604e+01
         vertex 5.364861e+01 0.000000e+00 4.141162e+01
         vertex 4.892436e+01 0.000000e+00 4.160434e+01
      endloop
   endfacet
   facet normal 0.000000e+00 -1.000000e+00 0.000000e+00
      outer loop
         vertex 4.892436e+01 0.000000e+00 4.160434e+01
         vertex 5.364861e+01 0.000000e+00 4.141162e+01
         vertex 5.240634e+01 0.000000e+00 4.410974e+01
      endloop
   endfacet
   facet normal 0.000000e+00 -1.000000e+00 0.000000e+00
      outer loop
         vertex 4.892436e+01 0.000000e+00 4.160434e+01
         vertex 5.240634e+01 0.000000e+00 4.410974e+01
         vertex 4.755104e+01 0.000000e+00 4.384540e+01
      endloop
   endfacet
   facet normal 0.000000e+00 -1.000000e+00 0.000000e+00
      outer loop
         vertex 4.755104e+01 0.000000e+00 4.384540e+01
         vertex 5.240634e+01 0.000000e+00 4.410974e+01
         vertex 5.079581e+01 0.000000e+00 4.660559e+01
      endloop
   endfacet
   facet normal 0.000000e+00 -1.000000e+00 0.000000e+00
      outer loop
         vertex 4.755104e+01 0.000000e+00 4.384540e+01
         vertex 5.079581e+01 0.000000e+00 4.660559e+01
         vertex 4.584404e+01 0.000000e+00 4.584404e+01
      endloop
   endfacet
   facet normal 0.000000e+00 -1.000000e+00 0.000000e+00
      outer loop
         vertex 4.584404e+01 0.000000e+00 4.584404e+01
         vertex 5.079581e+01 0.000000e+00 4.660559e+01
         vertex 4.884924e+01 0.000000e+00 4.884924e+01
      endloop
   endfacet
   facet normal 0.000000e+00 -1.000000e+00 0.000000e+00
      outer loop
         vertex 4.584404e+01 0.000000e+00 4.584404e+01
         vertex 4.884924e+01 0.000000e+00 4.884924e+01
         vertex 4.384540e+01 0.000000e+00 4.755104e+01
      endloop
   endfacet
   facet normal 0.000000e+00 -1.000000e+00 0.000000e+00
      outer loop
         vertex 4.384540e+01 0.000000e+00 4.755104e+01
         vertex 4.884924e+01 0.000000e+00 4.884924e+01
         vertex 4.660559e+01 0.000000e+00 5.079581e+01
      endloop
   endfacet
   facet normal 0.000000e+00 -1.000000e+00 0.000000e+00
      outer loop
         vertex 4.384540e+01 0.000000e+00 4.755104e+01
         vertex 4.660559e+01 0.000000e+00 5.079581e+01
         vertex 4.160434e+01 0.000000e+00 4.892436e+01
      endloop
   endfacet
   facet normal 0.000000e+00 -1.000000e+00 0.000000e+00
      outer loop
         vertex 4.160434e+01 0.000000e+00 4.892436e+01
         vertex 4.660559e+01 0.000000e+00 5.079581e+01
         vertex 4.410974e+01 0.000000e+00 5.240634e+01
      endloop
   endfacet
   facet normal 0.000000e+00 -1.000000e+00 0.000000e+00
      outer loop
         vertex 4.160434e+01 0.000000e+00 4.892436e+01
         vertex 4.410974e+01 0.000000e+00 5.240634e+01
         vertex 3.917604e+01 0.000000e+00 4.993020e+01
      endloop
   endfacet
   facet normal 0.000000e+00 -1.000000e+00 0.000000e+00
      outer loop
         vertex 3.917604e+01 0.000000e+00 4.993020e+01
         vertex 4.410974e+01 0.000000e+00 5.240634e+01
         vertex 4.141162e+01 0.000000e+00 5.364861e+01
      endloop
   endfacet
   facet normal 0.000000e+00 -1.000000e+00 0.000000e+00
      outer loop
         vertex 3.917604e+01 0.000000e+00 4.993020e+01
         vertex 4.141162e+01 0.000000e+00 5.364861e+01
         vertex 3.662028e+01 0.000000e+00 5.054378e+01
      endloop
   endfacet
   facet normal 0.000000e+00 -1.000000e+00 0.000000e+00
      outer loop
         vertex 3.662028e+01 0.000000e+00 5.054378e+01
         vertex 4.141162e+01 0.000000e+00 5.364861e+01
         vertex 3.856522e+01 0.000000e+00 5.449778e+01
      endloop
   endfacet
   facet normal 0.000000e+00 -1.000000e+00 0.000000e+00
      outer loop
         vertex 3.662028e+01 0.000000e+00 5.054378e+01
         vertex 3.856522e+01 0.000000e+00 5.449778e+01
         vertex 3.824314e+01 0.000000e+00 5.459869e+01
      endloop
   endfacet
   facet normal 0.000000e+00 -1.000000e+00 0.000000e+00
      outer loop
         vertex 3.584072e+01 0.000000e+00 6.795014e+01
         vertex 3.841311e+01 0.000000e+00 6.346191e+01
         vertex 3.950059e+01 0.000000e+00 6.755210e+01
      endloop
   endfacet
   facet normal 0.000000e+00 -1.000000e+00 0.000000e+00
      outer loop
         vertex 3.950059e+01 0.000000e+00 6.755210e+01
         vertex 3.841311e+01 0.000000e+00 6.346191e+01
         vertex 3.872348e+01 0.000000e+00 6.353075e+01
      endloop
   endfacet
   facet normal 0.000000e+00 -1.000000e+00 0.000000e+00
      outer loop
         vertex 6.334476e+01 0.000000e+00 3.811758e+01
         vertex 6.800000e+01 0.000000e+00 3.400000e+01
         vertex 6.346191e+01 0.000000e+00 3.841311e+01
      endloop
   endfacet
   facet normal 0.000000e+00 -1.000000e+00 0.000000e+00
      outer loop
         vertex 6.346191e+01 0.000000e+00 3.841311e+01
         vertex 6.800000e+01 0.000000e+00 3.400000e+01
         vertex 6.780069e+01 0.000000e+00 3.767605e+01
      endloop
   endfacet
   facet normal 0.000000e+00 -1.000000e+00 0.000000e+00
      outer loop
         vertex 6.346191e+01 0.000000e+00 3.841311e+01
         vertex 6.780069e+01 0.000000e+00 3.767605e+01
         vertex 6.353075e+01 0.000000e+00 3.872348e+01
      endloop
   endfacet
   facet normal 0.000000e+00 -1.000000e+00 -0.000000e+00
      outer loop
         vertex 6.334476e+01 0.000000e+00 3.811758e+01
         vertex 6.318227e+01 0.000000e+00 3.784434e+01
         vertex 6.800000e+01 0.000000e+00 3.400000e+01
      endloop
   endfacet
   facet normal 0.000000e+00 -1.000000e+00 0.000000e+00
      outer loop
         vertex 6.800000e+01 0.000000e+00 3.400000e+01
         vertex 6.318227e+01 0.000000e+00 3.784434e+01
         vertex 6.297853e+01 0.000000e+00 3.760030e+01
      endloop
   endfacet
   facet normal 0.000000e+00 -1.000000e+00 0.000000e+00
      outer loop
         vertex 6.800000e+01 0.000000e+00 3.400000e+01
         vertex 6.297853e+01 0.000000e+00 3.760030e+01
         vertex 6.273870e+01 0.000000e+00 3.739162e+01
      endloop
   endfacet
   facet normal -0.000000e+00 -1.000000e+00 0.000000e+00
      outer loop
         vertex 3.711311e+01 0.000000e+00 5.578691e+01
         vertex 3.702848e+01 0.000000e+00 5.611364e+01
         vertex 3.400000e+01 0.000000e+00 5.075000e+01
      endloop
   endfacet
   facet normal 0.000000e+00 -1.000000e+00 0.000000e+00
      outer loop
         vertex 3.400000e+01 0.000000e+00 5.075000e+01
         vertex 3.702848e+01 0.000000e+00 5.611364e+01
         vertex 3.700000e+01 0.000000e+00 5.644995e+01
      endloop
   endfacet
   facet normal 0.000000e+00 -1.000000e+00 0.000000e+00
      outer loop
         vertex 3.400000e+01 0.000000e+00 5.075000e+01
         vertex 3.700000e+01 0.000000e+00 5.644995e+01
         vertex 3.400000e+01 0.000000e+00 6.800000e+01
      endloop
   endfacet
   facet normal 0.000000e+00 -1.000000e+00 0.000000e+00
      outer loop
         vertex 3.400000e+01 0.000000e+00 6.800000e+01
         vertex 3.700000e+01 0.000000e+00 5.644995e+01
         vertex 3.700000e+01 0.000000e+00 6.154996e+01
      endloop
   endfacet
   facet normal 0.000000e+00 -1.000000e+00 0.000000e+00
      outer loop
         vertex 3.400000e+01 0.000000e+00 6.800000e+01
         vertex 3.700000e+01 0.000000e+00 6.154996e+01
         vertex 3.702527e+01 0.000000e+00 6.186686e+01
      endloop
   endfacet
   facet normal 0.000000e+00 -1.000000e+00 0.000000e+00
      outer loop
         vertex 3.702527e+01 0.000000e+00 6.186686e+01
         vertex 3.710043e+01 0.000000e+00 6.217575e+01
         vertex 3.400000e+01 0.000000e+00 6.800000e+01
      endloop
   endfacet
   facet normal 0.000000e+00 -1.000000e+00 0.000000e+00
      outer loop
         vertex 3.400000e+01 0.000000e+00 6.800000e+01
         vertex 3.710043e+01 0.000000e+00 6.217575e+01
         vertex 3.722358e+01 0.000000e+00 6.246883e+01
      endloop
   endfacet
   facet normal 0.000000e+00 -1.000000e+00 0.000000e+00
      outer loop
         vertex 3.400000e+01 0.000000e+00 6.800000e+01
         vertex 3.722358e+01 0.000000e+00 6.246883e+01
         vertex 3.739162e+01 0.000000e+00 6.273870e+01
      endloop
   endfacet
   facet normal 0.000000e+00 -1.000000e+00 -0.000000e+00
      outer loop
         vertex 6.273870e+01 0.000000e+00 3.739162e+01
         vertex 6.246883e+01 0.000000e+00 3.722358e+01
         vertex 6.800000e+01 0.000000e+00 3.400000e+01
      endloop
   endfacet
   facet normal 0.000000e+00 -1.000000e+00 0.000000e+00
      outer loop
         vertex 6.800000e+01 0.000000e+00 3.400000e+01
         vertex 6.246883e+01 0.000000e+00 3.722358e+01
         vertex 6.217575e+01 0.000000e+00 3.710043e+01
      endloop
   endfacet
   facet normal 0.000000e+00 -1.000000e+00 0.000000e+00
      outer loop
         vertex 6.800000e+01 0.000000e+00 3.400000e+01
         vertex 6.217575e+01 0.000000e+00 3.710043e+01
         vertex 6.186686e+01 0.000000e+00 3.702527e+01
      endloop
   endfacet
   facet normal 0.000000e+00 -1.000000e+00 0.000000e+00
      outer loop
         vertex 3.739162e+01 0.000000e+00 6.273870e+01
         vertex 3.760030e+01 0.000000e+00 6.297853e+01
         vertex 3.400000e+01 0.000000e+00 6.800000e+01
      endloop
   endfacet
   facet normal 0.000000e+00 -1.000000e+00 0.000000e+00
      outer loop
         vertex 3.400000e+01 0.000000e+00 6.800000e+01
         vertex 3.760030e+01 0.000000e+00 6.297853e+01
         vertex 3.784434e+01 0.000000e+00 6.318227e+01
      endloop
   endfacet
   facet normal 0.000000e+00 -1.000000e+00 0.000000e+00
      outer loop
         vertex 3.400000e+01 0.000000e+00 6.800000e+01
         vertex 3.784434e+01 0.000000e+00 6.318227e+01
         vertex 3.584072e+01 0.000000e+00 6.795014e+01
      endloop
   endfacet
   facet normal 0.000000e+00 -1.000000e+00 0.000000e+00
      outer loop
         vertex 3.584072e+01 0.000000e+00 6.795014e+01
         vertex 3.784434e+01 0.000000e+00 6.318227e+01
         vertex 3.811758e+01 0.000000e+00 6.334476e+01
      endloop
   endfacet
   facet normal 0.000000e+00 -1.000000e+00 0.000000e+00
      outer loop
         vertex 3.584072e+01 0.000000e+00 6.795014e+01
         vertex 3.811758e+01 0.000000e+00 6.334476e+01
         vertex 3.841311e+01 0.000000e+00 6.346191e+01
      endloop
   endfacet
   facet normal 0.000000e+00 -1.000000e+00 0.000000e+00
      outer loop
         vertex 3.872348e+01 0.000000e+00 6.353075e+01
         vertex 3.904083e+01 0.000000e+00 6.354954e+01
         vertex 3.950059e+01 0.000000e+00 6.755210e+01
      endloop
   endfacet
   facet normal 0.000000e+00 -1.000000e+00 0.000000e+00
      outer loop
         vertex 3.950059e+01 0.000000e+00 6.755210e+01
         vertex 3.904083e+01 0.000000e+00 6.354954e+01
         vertex 3.935714e+01 0.000000e+00 6.351781e+01
      endloop
   endfacet
   facet normal 0.000000e+00 -1.000000e+00 -0.000000e+00
      outer loop
         vertex 3.950059e+01 0.000000e+00 6.755210e+01
         vertex 3.935714e+01 0.000000e+00 6.351781e+01
         vertex 4.309596e+01 0.000000e+00 6.676070e+01
      endloop
   endfacet
   facet normal 0.000000e+00 -1.000000e+00 0.000000e+00
      outer loop
         vertex 4.309596e+01 0.000000e+00 6.676070e+01
         vertex 3.935714e+01 0.000000e+00 6.351781e+01
         vertex 4.256970e+01 0.000000e+00 6.274996e+01
      endloop
   endfacet
   facet normal 0.000000e+00 -1.000000e+00 -0.000000e+00
      outer loop
         vertex 4.309596e+01 0.000000e+00 6.676070e+01
         vertex 4.256970e+01 0.000000e+00 6.274996e+01
         vertex 4.658470e+01 0.000000e+00 6.558521e+01
      endloop
   endfacet
   facet normal 0.000000e+00 -1.000000e+00 0.000000e+00
      outer loop
         vertex 4.658470e+01 0.000000e+00 6.558521e+01
         vertex 4.256970e+01 0.000000e+00 6.274996e+01
         vertex 4.567837e+01 0.000000e+00 6.163360e+01
      endloop
   endfacet
   facet normal 0.000000e+00 -1.000000e+00 -0.000000e+00
      outer loop
         vertex 4.658470e+01 0.000000e+00 6.558521e+01
         vertex 4.567837e+01 0.000000e+00 6.163360e+01
         vertex 4.992589e+01 0.000000e+00 6.403941e+01
      endloop
   endfacet
   facet normal 0.000000e+00 -1.000000e+00 0.000000e+00
      outer loop
         vertex 4.992589e+01 0.000000e+00 6.403941e+01
         vertex 4.567837e+01 0.000000e+00 6.163360e+01
         vertex 4.864546e+01 0.000000e+00 6.018226e+01
      endloop
   endfacet
   facet normal 0.000000e+00 -1.000000e+00 -0.000000e+00
      outer loop
         vertex 4.992589e+01 0.000000e+00 6.403941e+01
         vertex 4.864546e+01 0.000000e+00 6.018226e+01
         vertex 5.308036e+01 0.000000e+00 6.214143e+01
      endloop
   endfacet
   facet normal 0.000000e+00 -1.000000e+00 0.000000e+00
      outer loop
         vertex 5.308036e+01 0.000000e+00 6.214143e+01
         vertex 4.864546e+01 0.000000e+00 6.018226e+01
         vertex 5.143503e+01 0.000000e+00 5.841352e+01
      endloop
   endfacet
   facet normal 0.000000e+00 -1.000000e+00 -0.000000e+00
      outer loop
         vertex 5.308036e+01 0.000000e+00 6.214143e+01
         vertex 5.143503e+01 0.000000e+00 5.841352e+01
         vertex 5.601113e+01 0.000000e+00 5.991351e+01
      endloop
   endfacet
   facet normal 0.000000e+00 -1.000000e+00 0.000000e+00
      outer loop
         vertex 5.601113e+01 0.000000e+00 5.991351e+01
         vertex 5.143503e+01 0.000000e+00 5.841352e+01
         vertex 5.401324e+01 0.000000e+00 5.634884e+01
      endloop
   endfacet
   facet normal 0.000000e+00 -1.000000e+00 -0.000000e+00
      outer loop
         vertex 5.601113e+01 0.000000e+00 5.991351e+01
         vertex 5.401324e+01 0.000000e+00 5.634884e+01
         vertex 5.868385e+01 0.000000e+00 5.738178e+01
      endloop
   endfacet
   facet normal 0.000000e+00 -1.000000e+00 0.000000e+00
      outer loop
         vertex 5.868385e+01 0.000000e+00 5.738178e+01
         vertex 5.401324e+01 0.000000e+00 5.634884e+01
         vertex 5.634884e+01 0.000000e+00 5.401324e+01
      endloop
   endfacet
   facet normal 0.000000e+00 -1.000000e+00 -0.000000e+00
      outer loop
         vertex 5.868385e+01 0.000000e+00 5.738178e+01
         vertex 5.634884e+01 0.000000e+00 5.401324e+01
         vertex 6.106717e+01 0.000000e+00 5.457593e+01
      endloop
   endfacet
   facet normal 0.000000e+00 -1.000000e+00 0.000000e+00
      outer loop
         vertex 6.106717e+01 0.000000e+00 5.457593e+01
         vertex 5.634884e+01 0.000000e+00 5.401324e+01
         vertex 5.841352e+01 0.000000e+00 5.143503e+01
      endloop
   endfacet
   facet normal 0.000000e+00 -1.000000e+00 -0.000000e+00
      outer loop
         vertex 6.106717e+01 0.000000e+00 5.457593e+01
         vertex 5.841352e+01 0.000000e+00 5.143503e+01
         vertex 6.313315e+01 0.000000e+00 5.152883e+01
      endloop
   endfacet
   facet normal 0.000000e+00 -1.000000e+00 0.000000e+00
      outer loop
         vertex 6.313315e+01 0.000000e+00 5.152883e+01
         vertex 5.841352e+01 0.000000e+00 5.143503e+01
         vertex 6.018226e+01 0.000000e+00 4.864546e+01
      endloop
   endfacet
   facet normal 0.000000e+00 -1.000000e+00 -0.000000e+00
      outer loop
         vertex 6.313315e+01 0.000000e+00 5.152883e+01
         vertex 6.018226e+01 0.000000e+00 4.864546e+01
         vertex 6.485757e+01 0.000000e+00 4.827623e+01
      endloop
   endfacet
   facet normal -0.000000e+00 -1.000000e+00 0.000000e+00
      outer loop
         vertex 6.485757e+01 0.000000e+00 4.827623e+01
         vertex 6.018226e+01 0.000000e+00 4.864546e+01
         vertex 6.163360e+01 0.000000e+00 4.567837e+01
      endloop
   endfacet
   facet normal 0.000000e+00 -1.000000e+00 -0.000000e+00
      outer loop
         vertex 6.485757e+01 0.000000e+00 4.827623e+01
         vertex 6.163360e+01 0.000000e+00 4.567837e+01
         vertex 6.622021e+01 0.000000e+00 4.485625e+01
      endloop
   endfacet
   facet normal -0.000000e+00 -1.000000e+00 0.000000e+00
      outer loop
         vertex 6.622021e+01 0.000000e+00 4.485625e+01
         vertex 6.163360e+01 0.000000e+00 4.567837e+01
         vertex 6.274996e+01 0.000000e+00 4.256970e+01
      endloop
   endfacet
   facet normal 0.000000e+00 -1.000000e+00 -0.000000e+00
      outer loop
         vertex 6.622021e+01 0.000000e+00 4.485625e+01
         vertex 6.274996e+01 0.000000e+00 4.256970e+01
         vertex 6.720510e+01 0.000000e+00 4.130900e+01
      endloop
   endfacet
   facet normal -0.000000e+00 -1.000000e+00 0.000000e+00
      outer loop
         vertex 6.720510e+01 0.000000e+00 4.130900e+01
         vertex 6.274996e+01 0.000000e+00 4.256970e+01
         vertex 6.351781e+01 0.000000e+00 3.935714e+01
      endloop
   endfacet
   facet normal 0.000000e+00 -1.000000e+00 -0.000000e+00
      outer loop
         vertex 6.720510e+01 0.000000e+00 4.130900e+01
         vertex 6.351781e+01 0.000000e+00 3.935714e+01
         vertex 6.780069e+01 0.000000e+00 3.767605e+01
      endloop
   endfacet
   facet normal 0.000000e+00 -1.000000e+00 0.000000e+00
      outer loop
         vertex 6.780069e+01 0.000000e+00 3.767605e+01
         vertex 6.351781e+01 0.000000e+00 3.935714e+01
         vertex 6.354954e+01 0.000000e+00 3.904083e+01
      endloop
   endfacet
   facet normal 0.000000e+00 -1.000000e+00 0.000000e+00
      outer loop
         vertex 6.780069e+01 0.000000e+00 3.767605e+01
         vertex 6.354954e+01 0.000000e+00 3.904083e+01
         vertex 6.353075e+01 0.000000e+00 3.872348e+01
      endloop
   endfacet
   facet normal -9.964338e-01 -0.000000e+00 -8.437836e-02
      outer loop
         vertex 3.100000e+01 2.500000e+00 1.155006e+01
         vertex 3.100000e+01 0.000000e+00 1.155006e+01
         vertex 3.097152e+01 2.500000e+00 1.188637e+01
      endloop
   endfacet
   facet normal -9.964338e-01 -0.000000e+00 -8.437836e-02
      outer loop
         vertex 3.097152e+01 2.500000e+00 1.188637e+01
         vertex 3.100000e+01 0.000000e+00 1.155006e+01
         vertex 3.097152e+01 0.000000e+00 1.188637e+01
      endloop
   endfacet
   facet normal -9.680568e-01 -0.000000e+00 -2.507311e-01
      outer loop
         vertex 3.097152e+01 2.500000e+00 1.188637e+01
         vertex 3.097152e+01 0.000000e+00 1.188637e+01
         vertex 3.088690e+01 2.500000e+00 1.221310e+01
      endloop
   endfacet
   facet normal -9.680568e-01 -0.000000e+00 -2.507311e-01
      outer loop
         vertex 3.088690e+01 2.500000e+00 1.221310e+01
         vertex 3.097152e+01 0.000000e+00 1.188637e+01
         vertex 3.088690e+01 0.000000e+00 1.221310e+01
      endloop
   endfacet
   facet normal -9.121109e-01 -0.000000e+00 -4.099436e-01
      outer loop
         vertex 3.088690e+01 2.500000e+00 1.221310e+01
         vertex 3.088690e+01 0.000000e+00 1.221310e+01
         vertex 3.074854e+01 2.500000e+00 1.252094e+01
      endloop
   endfacet
   facet normal -9.121109e-01 -0.000000e+00 -4.099436e-01
      outer loop
         vertex 3.074854e+01 2.500000e+00 1.252094e+01
         vertex 3.088690e+01 0.000000e+00 1.221310e+01
         vertex 3.074854e+01 0.000000e+00 1.252094e+01
      endloop
   endfacet
   facet normal -8.301900e-01 -0.000000e+00 -5.574806e-01
      outer loop
         vertex 3.074854e+01 2.500000e+00 1.252094e+01
         vertex 3.074854e+01 0.000000e+00 1.252094e+01
         vertex 3.056038e+01 2.500000e+00 1.280114e+01
      endloop
   endfacet
   facet normal -8.301900e-01 -0.000000e+00 -5.574806e-01
      outer loop
         vertex 3.056038e+01 2.500000e+00 1.280114e+01
         vertex 3.074854e+01 0.000000e+00 1.252094e+01
         vertex 3.056038e+01 0.000000e+00 1.280114e+01
      endloop
   endfacet
   facet normal -7.246243e-01 -0.000000e+00 -6.891442e-01
      outer loop
         vertex 3.056038e+01 2.500000e+00 1.280114e+01
         vertex 3.056038e+01 0.000000e+00 1.280114e+01
         vertex 3.032779e+01 2.500000e+00 1.304571e+01
      endloop
   endfacet
   facet normal -7.246243e-01 -0.000000e+00 -6.891442e-01
      outer loop
         vertex 3.032779e+01 2.500000e+00 1.304571e+01
         vertex 3.056038e+01 0.000000e+00 1.280114e+01
         vertex 3.032779e+01 0.000000e+00 1.304571e+01
      endloop
   endfacet
   facet normal -5.984253e-01 -0.000000e+00 -8.011786e-01
      outer loop
         vertex 3.032779e+01 2.500000e+00 1.304571e+01
         vertex 3.032779e+01 0.000000e+00 1.304571e+01
         vertex 3.005738e+01 2.500000e+00 1.324769e+01
      endloop
   endfacet
   facet normal -5.984253e-01 -0.000000e+00 -8.011786e-01
      outer loop
         vertex 3.005738e+01 2.500000e+00 1.324769e+01
         vertex 3.032779e+01 0.000000e+00 1.304571e+01
         vertex 3.005738e+01 0.000000e+00 1.324769e+01
      endloop
   endfacet
   facet normal -4.551814e-01 -0.000000e+00 -8.903987e-01
      outer loop
         vertex 3.005738e+01 2.500000e+00 1.324769e+01
         vertex 3.005738e+01 0.000000e+00 1.324769e+01
         vertex 2.975686e+01 2.500000e+00 1.340132e+01
      endloop
   endfacet
   facet normal -4.551814e-01 -0.000000e+00 -8.903987e-01
      outer loop
         vertex 2.975686e+01 2.500000e+00 1.340132e+01
         vertex 3.005738e+01 0.000000e+00 1.324769e+01
         vertex 2.975686e+01 0.000000e+00 1.340132e+01
      endloop
   endfacet
   facet normal -2.989780e-01 -0.000000e+00 -9.542600e-01
      outer loop
         vertex 2.975686e+01 2.500000e+00 1.340132e+01
         vertex 2.975686e+01 0.000000e+00 1.340132e+01
         vertex 2.943478e+01 2.500000e+00 1.350223e+01
      endloop
   endfacet
   facet normal -2.989780e-01 -0.000000e+00 -9.542600e-01
      outer loop
         vertex 2.943478e+01 2.500000e+00 1.350223e+01
         vertex 2.975686e+01 0.000000e+00 1.340132e+01
         vertex 2.943478e+01 0.000000e+00 1.350223e+01
      endloop
   endfacet
   facet normal -7.845932e-02 0.000000e+00 -9.969173e-01
      outer loop
         vertex 3.400000e+01 0.000000e+00 5.075000e+01
         vertex 3.400000e+01 2.500000e+00 5.075000e+01
         vertex 3.662028e+01 0.000000e+00 5.054378e+01
      endloop
   endfacet
   facet normal -7.845932e-02 0.000000e+00 -9.969173e-01
      outer loop
         vertex 3.662028e+01 0.000000e+00 5.054378e+01
         vertex 3.400000e+01 2.500000e+00 5.075000e+01
         vertex 3.662028e+01 2.500000e+00 5.054378e+01
      endloop
   endfacet
   facet normal -2.334454e-01 0.000000e+00 -9.723699e-01
      outer loop
         vertex 3.662028e+01 0.000000e+00 5.054378e+01
         vertex 3.662028e+01 2.500000e+00 5.054378e+01
         vertex 3.917604e+01 0.000000e+00 4.993020e+01
      endloop
   endfacet
   facet normal -2.334454e-01 0.000000e+00 -9.723699e-01
      outer loop
         vertex 3.917604e+01 0.000000e+00 4.993020e+01
         vertex 3.662028e+01 2.500000e+00 5.054378e+01
         vertex 3.917604e+01 2.500000e+00 4.993020e+01
      endloop
   endfacet
   facet normal -3.826832e-01 0.000000e+00 -9.238796e-01
      outer loop
         vertex 3.917604e+01 0.000000e+00 4.993020e+01
         vertex 3.917604e+01 2.500000e+00 4.993020e+01
         vertex 4.160434e+01 0.000000e+00 4.892436e+01
      endloop
   endfacet
   facet normal -3.826832e-01 0.000000e+00 -9.238796e-01
      outer loop
         vertex 4.160434e+01 0.000000e+00 4.892436e+01
         vertex 3.917604e+01 2.500000e+00 4.993020e+01
         vertex 4.160434e+01 2.500000e+00 4.892436e+01
      endloop
   endfacet
   facet normal -5.224986e-01 0.000000e+00 -8.526402e-01
      outer loop
         vertex 4.160434e+01 0.000000e+00 4.892436e+01
         vertex 4.160434e+01 2.500000e+00 4.892436e+01
         vertex 4.384540e+01 0.000000e+00 4.755104e+01
      endloop
   endfacet
   facet normal -5.224986e-01 0.000000e+00 -8.526402e-01
      outer loop
         vertex 4.384540e+01 0.000000e+00 4.755104e+01
         vertex 4.160434e+01 2.500000e+00 4.892436e+01
         vertex 4.384540e+01 2.500000e+00 4.755104e+01
      endloop
   endfacet
   facet normal -6.494480e-01 0.000000e+00 -7.604060e-01
      outer loop
         vertex 4.384540e+01 0.000000e+00 4.755104e+01
         vertex 4.384540e+01 2.500000e+00 4.755104e+01
         vertex 4.584404e+01 0.000000e+00 4.584404e+01
      endloop
   endfacet
   facet normal -6.494480e-01 0.000000e+00 -7.604060e-01
      outer loop
         vertex 4.584404e+01 0.000000e+00 4.584404e+01
         vertex 4.384540e+01 2.500000e+00 4.755104e+01
         vertex 4.584404e+01 2.500000e+00 4.584404e+01
      endloop
   endfacet
   facet normal -7.604060e-01 0.000000e+00 -6.494480e-01
      outer loop
         vertex 4.584404e+01 0.000000e+00 4.584404e+01
         vertex 4.584404e+01 2.500000e+00 4.584404e+01
         vertex 4.755104e+01 0.000000e+00 4.384540e+01
      endloop
   endfacet
   facet normal -7.604060e-01 0.000000e+00 -6.494480e-01
      outer loop
         vertex 4.755104e+01 0.000000e+00 4.384540e+01
         vertex 4.584404e+01 2.500000e+00 4.584404e+01
         vertex 4.755104e+01 2.500000e+00 4.384540e+01
      endloop
   endfacet
   facet normal -8.526402e-01 0.000000e+00 -5.224986e-01
      outer loop
         vertex 4.755104e+01 0.000000e+00 4.384540e+01
         vertex 4.755104e+01 2.500000e+00 4.384540e+01
         vertex 4.892436e+01 0.000000e+00 4.160434e+01
      endloop
   endfacet
   facet normal -8.526402e-01 0.000000e+00 -5.224986e-01
      outer loop
         vertex 4.892436e+01 0.000000e+00 4.160434e+01
         vertex 4.755104e+01 2.500000e+00 4.384540e+01
         vertex 4.892436e+01 2.500000e+00 4.160434e+01
      endloop
   endfacet
   facet normal -9.238796e-01 0.000000e+00 -3.826832e-01
      outer loop
         vertex 4.892436e+01 0.000000e+00 4.160434e+01
         vertex 4.892436e+01 2.500000e+00 4.160434e+01
         vertex 4.993020e+01 0.000000e+00 3.917604e+01
      endloop
   endfacet
   facet normal -9.238796e-01 0.000000e+00 -3.826832e-01
      outer loop
         vertex 4.993020e+01 0.000000e+00 3.917604e+01
         vertex 4.892436e+01 2.500000e+00 4.160434e+01
         vertex 4.993020e+01 2.500000e+00 3.917604e+01
      endloop
   endfacet
   facet normal -9.723699e-01 0.000000e+00 -2.334454e-01
      outer loop
         vertex 4.993020e+01 0.000000e+00 3.917604e+01
         vertex 4.993020e+01 2.500000e+00 3.917604e+01
         vertex 5.054378e+01 0.000000e+00 3.662028e+01
      endloop
   endfacet
   facet normal -9.723699e-01 0.000000e+00 -2.334454e-01
      outer loop
         vertex 5.054378e+01 0.000000e+00 3.662028e+01
         vertex 4.993020e+01 2.500000e+00 3.917604e+01
         vertex 5.054378e+01 2.500000e+00 3.662028e+01
      endloop
   endfacet
   facet normal -9.969173e-01 0.000000e+00 -7.845932e-02
      outer loop
         vertex 5.054378e+01 0.000000e+00 3.662028e+01
         vertex 5.054378e+01 2.500000e+00 3.662028e+01
         vertex 5.075000e+01 0.000000e+00 3.400000e+01
      endloop
   endfacet
   facet normal -9.969173e-01 0.000000e+00 -7.845932e-02
      outer loop
         vertex 5.075000e+01 0.000000e+00 3.400000e+01
         vertex 5.054378e+01 2.500000e+00 3.662028e+01
         vertex 5.075000e+01 2.500000e+00 3.400000e+01
      endloop
   endfacet
   facet normal -9.969173e-01 0.000000e+00 7.845932e-02
      outer loop
         vertex 5.075000e+01 0.000000e+00 3.400000e+01
         vertex 5.075000e+01 2.500000e+00 3.400000e+01
         vertex 5.054378e+01 0.000000e+00 3.137972e+01
      endloop
   endfacet
   facet normal -9.969173e-01 0.000000e+00 7.845932e-02
      outer loop
         vertex 5.054378e+01 0.000000e+00 3.137972e+01
         vertex 5.075000e+01 2.500000e+00 3.400000e+01
         vertex 5.054378e+01 2.500000e+00 3.137972e+01
      endloop
   endfacet
   facet normal -9.723699e-01 0.000000e+00 2.334454e-01
      outer loop
         vertex 5.054378e+01 0.000000e+00 3.137972e+01
         vertex 5.054378e+01 2.500000e+00 3.137972e+01
         vertex 4.993020e+01 0.000000e+00 2.882397e+01
      endloop
   endfacet
   facet normal -9.723699e-01 0.000000e+00 2.334454e-01
      outer loop
         vertex 4.993020e+01 0.000000e+00 2.882397e+01
         vertex 5.054378e+01 2.500000e+00 3.137972e+01
         vertex 4.993020e+01 2.500000e+00 2.882397e+01
      endloop
   endfacet
   facet normal -9.238796e-01 0.000000e+00 3.826832e-01
      outer loop
         vertex 4.993020e+01 0.000000e+00 2.882397e+01
         vertex 4.993020e+01 2.500000e+00 2.882397e+01
         vertex 4.892436e+01 0.000000e+00 2.639566e+01
      endloop
   endfacet
   facet normal -9.238796e-01 0.000000e+00 3.826832e-01
      outer loop
         vertex 4.892436e+01 0.000000e+00 2.639566e+01
         vertex 4.993020e+01 2.500000e+00 2.882397e+01
         vertex 4.892436e+01 2.500000e+00 2.639566e+01
      endloop
   endfacet
   facet normal -8.526402e-01 0.000000e+00 5.224986e-01
      outer loop
         vertex 4.892436e+01 0.000000e+00 2.639566e+01
         vertex 4.892436e+01 2.500000e+00 2.639566e+01
         vertex 4.755104e+01 0.000000e+00 2.415460e+01
      endloop
   endfacet
   facet normal -8.526402e-01 0.000000e+00 5.224986e-01
      outer loop
         vertex 4.755104e+01 0.000000e+00 2.415460e+01
         vertex 4.892436e+01 2.500000e+00 2.639566e+01
         vertex 4.755104e+01 2.500000e+00 2.415460e+01
      endloop
   endfacet
   facet normal -7.604060e-01 0.000000e+00 6.494480e-01
      outer loop
         vertex 4.755104e+01 0.000000e+00 2.415460e+01
         vertex 4.755104e+01 2.500000e+00 2.415460e+01
         vertex 4.584404e+01 0.000000e+00 2.215596e+01
      endloop
   endfacet
   facet normal -7.604060e-01 0.000000e+00 6.494480e-01
      outer loop
         vertex 4.584404e+01 0.000000e+00 2.215596e+01
         vertex 4.755104e+01 2.500000e+00 2.415460e+01
         vertex 4.584404e+01 2.500000e+00 2.215596e+01
      endloop
   endfacet
   facet normal -6.494480e-01 0.000000e+00 7.604060e-01
      outer loop
         vertex 4.584404e+01 0.000000e+00 2.215596e+01
         vertex 4.584404e+01 2.500000e+00 2.215596e+01
         vertex 4.384540e+01 0.000000e+00 2.044897e+01
      endloop
   endfacet
   facet normal -6.494480e-01 0.000000e+00 7.604060e-01
      outer loop
         vertex 4.384540e+01 0.000000e+00 2.044897e+01
         vertex 4.584404e+01 2.500000e+00 2.215596e+01
         vertex 4.384540e+01 2.500000e+00 2.044897e+01
      endloop
   endfacet
   facet normal -5.224986e-01 0.000000e+00 8.526402e-01
      outer loop
         vertex 4.384540e+01 0.000000e+00 2.044897e+01
         vertex 4.384540e+01 2.500000e+00 2.044897e+01
         vertex 4.160434e+01 0.000000e+00 1.907564e+01
      endloop
   endfacet
   facet normal -5.224986e-01 0.000000e+00 8.526402e-01
      outer loop
         vertex 4.160434e+01 0.000000e+00 1.907564e+01
         vertex 4.384540e+01 2.500000e+00 2.044897e+01
         vertex 4.160434e+01 2.500000e+00 1.907564e+01
      endloop
   endfacet
   facet normal -3.826832e-01 0.000000e+00 9.238796e-01
      outer loop
         vertex 4.160434e+01 0.000000e+00 1.907564e+01
         vertex 4.160434e+01 2.500000e+00 1.907564e+01
         vertex 3.917604e+01 0.000000e+00 1.806981e+01
      endloop
   endfacet
   facet normal -3.826832e-01 0.000000e+00 9.238796e-01
      outer loop
         vertex 3.917604e+01 0.000000e+00 1.806981e+01
         vertex 4.160434e+01 2.500000e+00 1.907564e+01
         vertex 3.917604e+01 2.500000e+00 1.806981e+01
      endloop
   endfacet
   facet normal -2.334454e-01 0.000000e+00 9.723699e-01
      outer loop
         vertex 3.917604e+01 0.000000e+00 1.806981e+01
         vertex 3.917604e+01 2.500000e+00 1.806981e+01
         vertex 3.662028e+01 0.000000e+00 1.745622e+01
      endloop
   endfacet
   facet normal -2.334454e-01 0.000000e+00 9.723699e-01
      outer loop
         vertex 3.662028e+01 0.000000e+00 1.745622e+01
         vertex 3.917604e+01 2.500000e+00 1.806981e+01
         vertex 3.662028e+01 2.500000e+00 1.745622e+01
      endloop
   endfacet
   facet normal -7.845932e-02 0.000000e+00 9.969173e-01
      outer loop
         vertex 3.662028e+01 0.000000e+00 1.745622e+01
         vertex 3.662028e+01 2.500000e+00 1.745622e+01
         vertex 3.400000e+01 0.000000e+00 1.725000e+01
      endloop
   endfacet
   facet normal -7.845932e-02 0.000000e+00 9.969173e-01
      outer loop
         vertex 3.400000e+01 0.000000e+00 1.725000e+01
         vertex 3.662028e+01 2.500000e+00 1.745622e+01
         vertex 3.400000e+01 2.500000e+00 1.725000e+01
      endloop
   endfacet
   facet normal 7.845932e-02 -0.000000e+00 9.969173e-01
      outer loop
         vertex 3.400000e+01 0.000000e+00 1.725000e+01
         vertex 3.400000e+01 2.500000e+00 1.725000e+01
         vertex 3.137972e+01 0.000000e+00 1.745622e+01
      endloop
   endfacet
   facet normal 7.845932e-02 -0.000000e+00 9.969173e-01
      outer loop
         vertex 3.137972e+01 0.000000e+00 1.745622e+01
         vertex 3.400000e+01 2.500000e+00 1.725000e+01
         vertex 3.137972e+01 2.500000e+00 1.745622e+01
      endloop
   endfacet
   facet normal 2.334454e-01 -0.000000e+00 9.723699e-01
      outer loop
         vertex 3.137972e+01 0.000000e+00 1.745622e+01
         vertex 3.137972e+01 2.500000e+00 1.745622e+01
         vertex 2.882397e+01 0.000000e+00 1.806981e+01
      endloop
   endfacet
   facet normal 2.334454e-01 -0.000000e+00 9.723699e-01
      outer loop
         vertex 2.882397e+01 0.000000e+00 1.806981e+01
         vertex 3.137972e+01 2.500000e+00 1.745622e+01
         vertex 2.882397e+01 2.500000e+00 1.806981e+01
      endloop
   endfacet
   facet normal 3.826832e-01 -0.000000e+00 9.238796e-01
      outer loop
         vertex 2.882397e+01 0.000000e+00 1.806981e+01
         vertex 2.882397e+01 2.500000e+00 1.806981e+01
         vertex 2.639566e+01 0.000000e+00 1.907564e+01
      endloop
   endfacet
   facet normal 3.826832e-01 -0.000000e+00 9.238796e-01
      outer loop
         vertex 2.639566e+01 0.000000e+00 1.907564e+01
         vertex 2.882397e+01 2.500000e+00 1.806981e+01
         vertex 2.639566e+01 2.500000e+00 1.907564e+01
      endloop
   endfacet
   facet normal 5.224986e-01 -0.000000e+00 8.526402e-01
      outer loop
         vertex 2.639566e+01 0.000000e+00 1.907564e+01
         vertex 2.639566e+01 2.500000e+00 1.907564e+01
         vertex 2.415460e+01 0.000000e+00 2.044897e+01
      endloop
   endfacet
   facet normal 5.224986e-01 -0.000000e+00 8.526402e-01
      outer loop
         vertex 2.415460e+01 0.000000e+00 2.044897e+01
         vertex 2.639566e+01 2.500000e+00 1.907564e+01
         vertex 2.415460e+01 2.500000e+00 2.044897e+01
      endloop
   endfacet
   facet normal 6.494480e-01 -0.000000e+00 7.604060e-01
      outer loop
         vertex 2.415460e+01 0.000000e+00 2.044897e+01
         vertex 2.415460e+01 2.500000e+00 2.044897e+01
         vertex 2.215596e+01 0.000000e+00 2.215596e+01
      endloop
   endfacet
   facet normal 6.494480e-01 -0.000000e+00 7.604060e-01
      outer loop
         vertex 2.215596e+01 0.000000e+00 2.215596e+01
         vertex 2.415460e+01 2.500000e+00 2.044897e+01
         vertex 2.215596e+01 2.500000e+00 2.215596e+01
      endloop
   endfacet
   facet normal 7.604060e-01 -0.000000e+00 6.494480e-01
      outer loop
         vertex 2.215596e+01 0.000000e+00 2.215596e+01
         vertex 2.215596e+01 2.500000e+00 2.215596e+01
         vertex 2.044897e+01 0.000000e+00 2.415460e+01
      endloop
   endfacet
   facet normal 7.604060e-01 -0.000000e+00 6.494480e-01
      outer loop
         vertex 2.044897e+01 0.000000e+00 2.415460e+01
         vertex 2.215596e+01 2.500000e+00 2.215596e+01
         vertex 2.044897e+01 2.500000e+00 2.415460e+01
      endloop
   endfacet
   facet normal 8.526402e-01 -0.000000e+00 5.224986e-01
      outer loop
         vertex 2.044897e+01 0.000000e+00 2.415460e+01
         vertex 2.044897e+01 2.500000e+00 2.415460e+01
         vertex 1.907564e+01 0.000000e+00 2.639566e+01
      endloop
   endfacet
   facet normal 8.526402e-01 -0.000000e+00 5.224986e-01
      outer loop
         vertex 1.907564e+01 0.000000e+00 2.639566e+01
         vertex 2.044897e+01 2.500000e+00 2.415460e+01
         vertex 1.907564e+01 2.500000e+00 2.639566e+01
      endloop
   endfacet
   facet normal 9.238796e-01 -0.000000e+00 3.826832e-01
      outer loop
         vertex 1.907564e+01 0.000000e+00 2.639566e+01
         vertex 1.907564e+01 2.500000e+00 2.639566e+01
         vertex 1.806981e+01 0.000000e+00 2.882397e+01
      endloop
   endfacet
   facet normal 9.238796e-01 -0.000000e+00 3.826832e-01
      outer loop
         vertex 1.806981e+01 0.000000e+00 2.882397e+01
         vertex 1.907564e+01 2.500000e+00 2.639566e+01
         vertex 1.806981e+01 2.500000e+00 2.882397e+01
      endloop
   endfacet
   facet normal 9.723699e-01 -0.000000e+00 2.334454e-01
      outer loop
         vertex 1.806981e+01 0.000000e+00 2.882397e+01
         vertex 1.806981e+01 2.500000e+00 2.882397e+01
         vertex 1.745622e+01 0.000000e+00 3.137972e+01
      endloop
   endfacet
   facet normal 9.723699e-01 -0.000000e+00 2.334454e-01
      outer loop
         vertex 1.745622e+01 0.000000e+00 3.137972e+01
         vertex 1.806981e+01 2.500000e+00 2.882397e+01
         vertex 1.745622e+01 2.500000e+00 3.137972e+01
      endloop
   endfacet
   facet normal 9.969173e-01 -0.000000e+00 7.845932e-02
      outer loop
         vertex 1.745622e+01 0.000000e+00 3.137972e+01
         vertex 1.745622e+01 2.500000e+00 3.137972e+01
         vertex 1.725000e+01 0.000000e+00 3.400000e+01
      endloop
   endfacet
   facet normal 9.969173e-01 -0.000000e+00 7.845932e-02
      outer loop
         vertex 1.725000e+01 0.000000e+00 3.400000e+01
         vertex 1.745622e+01 2.500000e+00 3.137972e+01
         vertex 1.725000e+01 2.500000e+00 3.400000e+01
      endloop
   endfacet
   facet normal 9.969173e-01 0.000000e+00 -7.845932e-02
      outer loop
         vertex 1.725000e+01 0.000000e+00 3.400000e+01
         vertex 1.725000e+01 2.500000e+00 3.400000e+01
         vertex 1.745622e+01 0.000000e+00 3.662028e+01
      endloop
   endfacet
   facet normal 9.969173e-01 0.000000e+00 -7.845932e-02
      outer loop
         vertex 1.745622e+01 0.000000e+00 3.662028e+01
         vertex 1.725000e+01 2.500000e+00 3.400000e+01
         vertex 1.745622e+01 2.500000e+00 3.662028e+01
      endloop
   endfacet
   facet normal 9.723699e-01 0.000000e+00 -2.334454e-01
      outer loop
         vertex 1.745622e+01 0.000000e+00 3.662028e+01
         vertex 1.745622e+01 2.500000e+00 3.662028e+01
         vertex 1.806981e+01 0.000000e+00 3.917604e+01
      endloop
   endfacet
   facet normal 9.723699e-01 0.000000e+00 -2.334454e-01
      outer loop
         vertex 1.806981e+01 0.000000e+00 3.917604e+01
         vertex 1.745622e+01 2.500000e+00 3.662028e+01
         vertex 1.806981e+01 2.500000e+00 3.917604e+01
      endloop
   endfacet
   facet normal 9.238796e-01 0.000000e+00 -3.826832e-01
      outer loop
         vertex 1.806981e+01 0.000000e+00 3.917604e+01
         vertex 1.806981e+01 2.500000e+00 3.917604e+01
         vertex 1.907564e+01 0.000000e+00 4.160434e+01
      endloop
   endfacet
   facet normal 9.238796e-01 0.000000e+00 -3.826832e-01
      outer loop
         vertex 1.907564e+01 0.000000e+00 4.160434e+01
         vertex 1.806981e+01 2.500000e+00 3.917604e+01
         vertex 1.907564e+01 2.500000e+00 4.160434e+01
      endloop
   endfacet
   facet normal 8.526402e-01 0.000000e+00 -5.224986e-01
      outer loop
         vertex 1.907564e+01 0.000000e+00 4.160434e+01
         vertex 1.907564e+01 2.500000e+00 4.160434e+01
         vertex 2.044897e+01 0.000000e+00 4.384540e+01
      endloop
   endfacet
   facet normal 8.526402e-01 0.000000e+00 -5.224986e-01
      outer loop
         vertex 2.044897e+01 0.000000e+00 4.384540e+01
         vertex 1.907564e+01 2.500000e+00 4.160434e+01
         vertex 2.044897e+01 2.500000e+00 4.384540e+01
      endloop
   endfacet
   facet normal 7.604060e-01 0.000000e+00 -6.494480e-01
      outer loop
         vertex 2.044897e+01 0.000000e+00 4.384540e+01
         vertex 2.044897e+01 2.500000e+00 4.384540e+01
         vertex 2.215596e+01 0.000000e+00 4.584404e+01
      endloop
   endfacet
   facet normal 7.604060e-01 0.000000e+00 -6.494480e-01
      outer loop
         vertex 2.215596e+01 0.000000e+00 4.584404e+01
         vertex 2.044897e+01 2.500000e+00 4.384540e+01
         vertex 2.215596e+01 2.500000e+00 4.584404e+01
      endloop
   endfacet
   facet normal 6.494480e-01 0.000000e+00 -7.604060e-01
      outer loop
         vertex 2.215596e+01 0.000000e+00 4.584404e+01
         vertex 2.215596e+01 2.500000e+00 4.584404e+01
         vertex 2.415460e+01 0.000000e+00 4.755104e+01
      endloop
   endfacet
   facet normal 6.494480e-01 0.000000e+00 -7.604060e-01
      outer loop
         vertex 2.415460e+01 0.000000e+00 4.755104e+01
         vertex 2.215596e+01 2.500000e+00 4.584404e+01
         vertex 2.415460e+01 2.500000e+00 4.755104e+01
      endloop
   endfacet
   facet normal 5.224986e-01 0.000000e+00 -8.526402e-01
      outer loop
         vertex 2.415460e+01 0.000000e+00 4.755104e+01
         vertex 2.415460e+01 2.500000e+00 4.755104e+01
         vertex 2.639566e+01 0.000000e+00 4.892436e+01
      endloop
   endfacet
   facet normal 5.224986e-01 0.000000e+00 -8.526402e-01
      outer loop
         vertex 2.639566e+01 0.000000e+00 4.892436e+01
         vertex 2.415460e+01 2.500000e+00 4.755104e+01
         vertex 2.639566e+01 2.500000e+00 4.892436e+01
      endloop
   endfacet
   facet normal 3.826832e-01 0.000000e+00 -9.238796e-01
      outer loop
         vertex 2.639566e+01 0.000000e+00 4.892436e+01
         vertex 2.639566e+01 2.500000e+00 4.892436e+01
         vertex 2.882397e+01 0.000000e+00 4.993020e+01
      endloop
   endfacet
   facet normal 3.826832e-01 0.000000e+00 -9.238796e-01
      outer loop
         vertex 2.882397e+01 0.000000e+00 4.993020e+01
         vertex 2.639566e+01 2.500000e+00 4.892436e+01
         vertex 2.882397e+01 2.500000e+00 4.993020e+01
      endloop
   endfacet
   facet normal 2.334454e-01 0.000000e+00 -9.723699e-01
      outer loop
         vertex 2.882397e+01 0.000000e+00 4.993020e+01
         vertex 2.882397e+01 2.500000e+00 4.993020e+01
         vertex 3.137972e+01 0.000000e+00 5.054378e+01
      endloop
   endfacet
   facet normal 2.334454e-01 0.000000e+00 -9.723699e-01
      outer loop
         vertex 3.137972e+01 0.000000e+00 5.054378e+01
         vertex 2.882397e+01 2.500000e+00 4.993020e+01
         vertex 3.137972e+01 2.500000e+00 5.054378e+01
      endloop
   endfacet
   facet normal 7.845932e-02 0.000000e+00 -9.969173e-01
      outer loop
         vertex 3.137972e+01 0.000000e+00 5.054378e+01
         vertex 3.137972e+01 2.500000e+00 5.054378e+01
         vertex 3.400000e+01 0.000000e+00 5.075000e+01
      endloop
   endfacet
   facet normal 7.845932e-02 0.000000e+00 -9.969173e-01
      outer loop
         vertex 3.400000e+01 0.000000e+00 5.075000e+01
         vertex 3.137972e+01 2.500000e+00 5.054378e+01
         vertex 3.400000e+01 2.500000e+00 5.075000e+01
      endloop
   endfacet
endsolid ¬÷Ï±¥Ú”°µÊ∆¨