solid Á¬¸Ë3
   facet normal 7.619023e-01 -0.000000e+00 6.476920e-01
      outer loop
         vertex 1.987631e+01 0.000000e+00 3.459150e+01
         vertex 1.992857e+01 0.000000e+00 3.453003e+01
         vertex 1.987631e+01 3.000000e+00 3.459150e+01
      endloop
   endfacet
   facet normal 7.619023e-01 0.000000e+00 6.476920e-01
      outer loop
         vertex 1.987631e+01 3.000000e+00 3.459150e+01
         vertex 1.992857e+01 0.000000e+00 3.453003e+01
         vertex 1.992857e+01 3.000000e+00 3.453003e+01
      endloop
   endfacet
   facet normal -6.357770e-01 0.000000e+00 7.718728e-01
      outer loop
         vertex 2.000321e+01 3.000000e+00 3.459150e+01
         vertex 1.992857e+01 3.000000e+00 3.453003e+01
         vertex 2.000321e+01 0.000000e+00 3.459150e+01
      endloop
   endfacet
   facet normal -6.357770e-01 0.000000e+00 7.718728e-01
      outer loop
         vertex 2.000321e+01 0.000000e+00 3.459150e+01
         vertex 1.992857e+01 3.000000e+00 3.453003e+01
         vertex 1.992857e+01 0.000000e+00 3.453003e+01
      endloop
   endfacet
   facet normal 0.000000e+00 -1.000000e+00 0.000000e+00
      outer loop
         vertex 1.987631e+01 3.000000e+00 3.459150e+01
         vertex 1.992857e+01 3.000000e+00 3.453003e+01
         vertex 2.000321e+01 3.000000e+00 3.459150e+01
      endloop
   endfacet
   facet normal -9.961947e-01 0.000000e+00 8.715613e-02
      outer loop
         vertex 2.550000e+01 0.000000e+00 1.750000e+01
         vertex 2.550000e+01 8.000000e+00 1.750000e+01
         vertex 2.537846e+01 0.000000e+00 1.611081e+01
      endloop
   endfacet
   facet normal -9.961947e-01 0.000000e+00 8.715613e-02
      outer loop
         vertex 2.537846e+01 0.000000e+00 1.611081e+01
         vertex 2.550000e+01 8.000000e+00 1.750000e+01
         vertex 2.537846e+01 8.000000e+00 1.611081e+01
      endloop
   endfacet
   facet normal -9.659258e-01 0.000000e+00 2.588190e-01
      outer loop
         vertex 2.537846e+01 0.000000e+00 1.611081e+01
         vertex 2.537846e+01 8.000000e+00 1.611081e+01
         vertex 2.501754e+01 0.000000e+00 1.476384e+01
      endloop
   endfacet
   facet normal -9.659258e-01 0.000000e+00 2.588190e-01
      outer loop
         vertex 2.501754e+01 0.000000e+00 1.476384e+01
         vertex 2.537846e+01 8.000000e+00 1.611081e+01
         vertex 2.501754e+01 8.000000e+00 1.476384e+01
      endloop
   endfacet
   facet normal -9.063078e-01 0.000000e+00 4.226182e-01
      outer loop
         vertex 2.501754e+01 0.000000e+00 1.476384e+01
         vertex 2.501754e+01 8.000000e+00 1.476384e+01
         vertex 2.442820e+01 0.000000e+00 1.350000e+01
      endloop
   endfacet
   facet normal -9.063078e-01 0.000000e+00 4.226182e-01
      outer loop
         vertex 2.442820e+01 0.000000e+00 1.350000e+01
         vertex 2.501754e+01 8.000000e+00 1.476384e+01
         vertex 2.442820e+01 8.000000e+00 1.350000e+01
      endloop
   endfacet
   facet normal -8.191520e-01 0.000000e+00 5.735765e-01
      outer loop
         vertex 2.442820e+01 0.000000e+00 1.350000e+01
         vertex 2.442820e+01 8.000000e+00 1.350000e+01
         vertex 2.362836e+01 0.000000e+00 1.235770e+01
      endloop
   endfacet
   facet normal -8.191520e-01 0.000000e+00 5.735765e-01
      outer loop
         vertex 2.362836e+01 0.000000e+00 1.235770e+01
         vertex 2.442820e+01 8.000000e+00 1.350000e+01
         vertex 2.362836e+01 8.000000e+00 1.235770e+01
      endloop
   endfacet
   facet normal -7.071068e-01 0.000000e+00 7.071068e-01
      outer loop
         vertex 2.362836e+01 0.000000e+00 1.235770e+01
         vertex 2.362836e+01 8.000000e+00 1.235770e+01
         vertex 2.264230e+01 0.000000e+00 1.137164e+01
      endloop
   endfacet
   facet normal -7.071068e-01 0.000000e+00 7.071068e-01
      outer loop
         vertex 2.264230e+01 0.000000e+00 1.137164e+01
         vertex 2.362836e+01 8.000000e+00 1.235770e+01
         vertex 2.264230e+01 8.000000e+00 1.137164e+01
      endloop
   endfacet
   facet normal -5.735765e-01 0.000000e+00 8.191520e-01
      outer loop
         vertex 2.264230e+01 0.000000e+00 1.137164e+01
         vertex 2.264230e+01 8.000000e+00 1.137164e+01
         vertex 2.150000e+01 0.000000e+00 1.057180e+01
      endloop
   endfacet
   facet normal -5.735765e-01 0.000000e+00 8.191520e-01
      outer loop
         vertex 2.150000e+01 0.000000e+00 1.057180e+01
         vertex 2.264230e+01 8.000000e+00 1.137164e+01
         vertex 2.150000e+01 8.000000e+00 1.057180e+01
      endloop
   endfacet
   facet normal -4.226182e-01 0.000000e+00 9.063078e-01
      outer loop
         vertex 2.150000e+01 0.000000e+00 1.057180e+01
         vertex 2.150000e+01 8.000000e+00 1.057180e+01
         vertex 2.023616e+01 0.000000e+00 9.982459e+00
      endloop
   endfacet
   facet normal -4.226182e-01 0.000000e+00 9.063078e-01
      outer loop
         vertex 2.023616e+01 0.000000e+00 9.982459e+00
         vertex 2.150000e+01 8.000000e+00 1.057180e+01
         vertex 2.023616e+01 8.000000e+00 9.982459e+00
      endloop
   endfacet
   facet normal -2.588190e-01 0.000000e+00 9.659258e-01
      outer loop
         vertex 2.023616e+01 0.000000e+00 9.982459e+00
         vertex 2.023616e+01 8.000000e+00 9.982459e+00
         vertex 1.888919e+01 0.000000e+00 9.621538e+00
      endloop
   endfacet
   facet normal -2.588190e-01 0.000000e+00 9.659258e-01
      outer loop
         vertex 1.888919e+01 0.000000e+00 9.621538e+00
         vertex 2.023616e+01 8.000000e+00 9.982459e+00
         vertex 1.888919e+01 8.000000e+00 9.621538e+00
      endloop
   endfacet
   facet normal -8.715613e-02 0.000000e+00 9.961947e-01
      outer loop
         vertex 1.888919e+01 0.000000e+00 9.621538e+00
         vertex 1.888919e+01 8.000000e+00 9.621538e+00
         vertex 1.750000e+01 0.000000e+00 9.500000e+00
      endloop
   endfacet
   facet normal -8.715613e-02 0.000000e+00 9.961947e-01
      outer loop
         vertex 1.750000e+01 0.000000e+00 9.500000e+00
         vertex 1.888919e+01 8.000000e+00 9.621538e+00
         vertex 1.750000e+01 8.000000e+00 9.500000e+00
      endloop
   endfacet
   facet normal 8.715613e-02 -0.000000e+00 9.961947e-01
      outer loop
         vertex 1.750000e+01 0.000000e+00 9.500000e+00
         vertex 1.750000e+01 8.000000e+00 9.500000e+00
         vertex 1.611081e+01 0.000000e+00 9.621538e+00
      endloop
   endfacet
   facet normal 8.715613e-02 -0.000000e+00 9.961947e-01
      outer loop
         vertex 1.611081e+01 0.000000e+00 9.621538e+00
         vertex 1.750000e+01 8.000000e+00 9.500000e+00
         vertex 1.611081e+01 8.000000e+00 9.621538e+00
      endloop
   endfacet
   facet normal 2.588190e-01 -0.000000e+00 9.659258e-01
      outer loop
         vertex 1.611081e+01 0.000000e+00 9.621538e+00
         vertex 1.611081e+01 8.000000e+00 9.621538e+00
         vertex 1.476384e+01 0.000000e+00 9.982459e+00
      endloop
   endfacet
   facet normal 2.588190e-01 -0.000000e+00 9.659258e-01
      outer loop
         vertex 1.476384e+01 0.000000e+00 9.982459e+00
         vertex 1.611081e+01 8.000000e+00 9.621538e+00
         vertex 1.476384e+01 8.000000e+00 9.982459e+00
      endloop
   endfacet
   facet normal 4.226182e-01 -0.000000e+00 9.063078e-01
      outer loop
         vertex 1.476384e+01 0.000000e+00 9.982459e+00
         vertex 1.476384e+01 8.000000e+00 9.982459e+00
         vertex 1.350000e+01 0.000000e+00 1.057180e+01
      endloop
   endfacet
   facet normal 4.226182e-01 -0.000000e+00 9.063078e-01
      outer loop
         vertex 1.350000e+01 0.000000e+00 1.057180e+01
         vertex 1.476384e+01 8.000000e+00 9.982459e+00
         vertex 1.350000e+01 8.000000e+00 1.057180e+01
      endloop
   endfacet
   facet normal 5.735765e-01 -0.000000e+00 8.191520e-01
      outer loop
         vertex 1.350000e+01 0.000000e+00 1.057180e+01
         vertex 1.350000e+01 8.000000e+00 1.057180e+01
         vertex 1.235770e+01 0.000000e+00 1.137164e+01
      endloop
   endfacet
   facet normal 5.735765e-01 -0.000000e+00 8.191520e-01
      outer loop
         vertex 1.235770e+01 0.000000e+00 1.137164e+01
         vertex 1.350000e+01 8.000000e+00 1.057180e+01
         vertex 1.235770e+01 8.000000e+00 1.137164e+01
      endloop
   endfacet
   facet normal 7.071068e-01 -0.000000e+00 7.071068e-01
      outer loop
         vertex 1.235770e+01 0.000000e+00 1.137164e+01
         vertex 1.235770e+01 8.000000e+00 1.137164e+01
         vertex 1.137164e+01 0.000000e+00 1.235770e+01
      endloop
   endfacet
   facet normal 7.071068e-01 -0.000000e+00 7.071068e-01
      outer loop
         vertex 1.137164e+01 0.000000e+00 1.235770e+01
         vertex 1.235770e+01 8.000000e+00 1.137164e+01
         vertex 1.137164e+01 8.000000e+00 1.235770e+01
      endloop
   endfacet
   facet normal 8.191520e-01 -0.000000e+00 5.735765e-01
      outer loop
         vertex 1.137164e+01 0.000000e+00 1.235770e+01
         vertex 1.137164e+01 8.000000e+00 1.235770e+01
         vertex 1.057180e+01 0.000000e+00 1.350000e+01
      endloop
   endfacet
   facet normal 8.191520e-01 -0.000000e+00 5.735765e-01
      outer loop
         vertex 1.057180e+01 0.000000e+00 1.350000e+01
         vertex 1.137164e+01 8.000000e+00 1.235770e+01
         vertex 1.057180e+01 8.000000e+00 1.350000e+01
      endloop
   endfacet
   facet normal 9.063078e-01 -0.000000e+00 4.226182e-01
      outer loop
         vertex 1.057180e+01 0.000000e+00 1.350000e+01
         vertex 1.057180e+01 8.000000e+00 1.350000e+01
         vertex 9.982459e+00 0.000000e+00 1.476384e+01
      endloop
   endfacet
   facet normal 9.063078e-01 -0.000000e+00 4.226182e-01
      outer loop
         vertex 9.982459e+00 0.000000e+00 1.476384e+01
         vertex 1.057180e+01 8.000000e+00 1.350000e+01
         vertex 9.982459e+00 8.000000e+00 1.476384e+01
      endloop
   endfacet
   facet normal 9.659258e-01 -0.000000e+00 2.588190e-01
      outer loop
         vertex 9.982459e+00 0.000000e+00 1.476384e+01
         vertex 9.982459e+00 8.000000e+00 1.476384e+01
         vertex 9.621538e+00 0.000000e+00 1.611081e+01
      endloop
   endfacet
   facet normal 9.659258e-01 -0.000000e+00 2.588190e-01
      outer loop
         vertex 9.621538e+00 0.000000e+00 1.611081e+01
         vertex 9.982459e+00 8.000000e+00 1.476384e+01
         vertex 9.621538e+00 8.000000e+00 1.611081e+01
      endloop
   endfacet
   facet normal 9.961947e-01 -0.000000e+00 8.715613e-02
      outer loop
         vertex 9.621538e+00 0.000000e+00 1.611081e+01
         vertex 9.621538e+00 8.000000e+00 1.611081e+01
         vertex 9.500000e+00 0.000000e+00 1.750000e+01
      endloop
   endfacet
   facet normal 9.961947e-01 -0.000000e+00 8.715613e-02
      outer loop
         vertex 9.500000e+00 0.000000e+00 1.750000e+01
         vertex 9.621538e+00 8.000000e+00 1.611081e+01
         vertex 9.500000e+00 8.000000e+00 1.750000e+01
      endloop
   endfacet
   facet normal 9.961947e-01 0.000000e+00 -8.715613e-02
      outer loop
         vertex 9.500000e+00 0.000000e+00 1.750000e+01
         vertex 9.500000e+00 8.000000e+00 1.750000e+01
         vertex 9.621538e+00 0.000000e+00 1.888919e+01
      endloop
   endfacet
   facet normal 9.961947e-01 0.000000e+00 -8.715613e-02
      outer loop
         vertex 9.621538e+00 0.000000e+00 1.888919e+01
         vertex 9.500000e+00 8.000000e+00 1.750000e+01
         vertex 9.621538e+00 8.000000e+00 1.888919e+01
      endloop
   endfacet
   facet normal 9.659258e-01 0.000000e+00 -2.588190e-01
      outer loop
         vertex 9.621538e+00 0.000000e+00 1.888919e+01
         vertex 9.621538e+00 8.000000e+00 1.888919e+01
         vertex 9.982459e+00 0.000000e+00 2.023616e+01
      endloop
   endfacet
   facet normal 9.659258e-01 0.000000e+00 -2.588190e-01
      outer loop
         vertex 9.982459e+00 0.000000e+00 2.023616e+01
         vertex 9.621538e+00 8.000000e+00 1.888919e+01
         vertex 9.982459e+00 8.000000e+00 2.023616e+01
      endloop
   endfacet
   facet normal 9.063078e-01 0.000000e+00 -4.226182e-01
      outer loop
         vertex 9.982459e+00 0.000000e+00 2.023616e+01
         vertex 9.982459e+00 8.000000e+00 2.023616e+01
         vertex 1.057180e+01 0.000000e+00 2.150000e+01
      endloop
   endfacet
   facet normal 9.063078e-01 0.000000e+00 -4.226182e-01
      outer loop
         vertex 1.057180e+01 0.000000e+00 2.150000e+01
         vertex 9.982459e+00 8.000000e+00 2.023616e+01
         vertex 1.057180e+01 8.000000e+00 2.150000e+01
      endloop
   endfacet
   facet normal 8.191520e-01 0.000000e+00 -5.735765e-01
      outer loop
         vertex 1.057180e+01 0.000000e+00 2.150000e+01
         vertex 1.057180e+01 8.000000e+00 2.150000e+01
         vertex 1.137164e+01 0.000000e+00 2.264230e+01
      endloop
   endfacet
   facet normal 8.191520e-01 0.000000e+00 -5.735765e-01
      outer loop
         vertex 1.137164e+01 0.000000e+00 2.264230e+01
         vertex 1.057180e+01 8.000000e+00 2.150000e+01
         vertex 1.137164e+01 8.000000e+00 2.264230e+01
      endloop
   endfacet
   facet normal 7.071068e-01 0.000000e+00 -7.071068e-01
      outer loop
         vertex 1.137164e+01 0.000000e+00 2.264230e+01
         vertex 1.137164e+01 8.000000e+00 2.264230e+01
         vertex 1.235770e+01 0.000000e+00 2.362836e+01
      endloop
   endfacet
   facet normal 7.071068e-01 0.000000e+00 -7.071068e-01
      outer loop
         vertex 1.235770e+01 0.000000e+00 2.362836e+01
         vertex 1.137164e+01 8.000000e+00 2.264230e+01
         vertex 1.235770e+01 8.000000e+00 2.362836e+01
      endloop
   endfacet
   facet normal 5.735765e-01 0.000000e+00 -8.191520e-01
      outer loop
         vertex 1.235770e+01 0.000000e+00 2.362836e+01
         vertex 1.235770e+01 8.000000e+00 2.362836e+01
         vertex 1.350000e+01 0.000000e+00 2.442820e+01
      endloop
   endfacet
   facet normal 5.735765e-01 0.000000e+00 -8.191520e-01
      outer loop
         vertex 1.350000e+01 0.000000e+00 2.442820e+01
         vertex 1.235770e+01 8.000000e+00 2.362836e+01
         vertex 1.350000e+01 8.000000e+00 2.442820e+01
      endloop
   endfacet
   facet normal 4.226182e-01 0.000000e+00 -9.063078e-01
      outer loop
         vertex 1.350000e+01 0.000000e+00 2.442820e+01
         vertex 1.350000e+01 8.000000e+00 2.442820e+01
         vertex 1.476384e+01 0.000000e+00 2.501754e+01
      endloop
   endfacet
   facet normal 4.226182e-01 0.000000e+00 -9.063078e-01
      outer loop
         vertex 1.476384e+01 0.000000e+00 2.501754e+01
         vertex 1.350000e+01 8.000000e+00 2.442820e+01
         vertex 1.476384e+01 8.000000e+00 2.501754e+01
      endloop
   endfacet
   facet normal 2.588190e-01 0.000000e+00 -9.659258e-01
      outer loop
         vertex 1.476384e+01 0.000000e+00 2.501754e+01
         vertex 1.476384e+01 8.000000e+00 2.501754e+01
         vertex 1.611081e+01 0.000000e+00 2.537846e+01
      endloop
   endfacet
   facet normal 2.588190e-01 0.000000e+00 -9.659258e-01
      outer loop
         vertex 1.611081e+01 0.000000e+00 2.537846e+01
         vertex 1.476384e+01 8.000000e+00 2.501754e+01
         vertex 1.611081e+01 8.000000e+00 2.537846e+01
      endloop
   endfacet
   facet normal 8.715613e-02 0.000000e+00 -9.961947e-01
      outer loop
         vertex 1.611081e+01 0.000000e+00 2.537846e+01
         vertex 1.611081e+01 8.000000e+00 2.537846e+01
         vertex 1.750000e+01 0.000000e+00 2.550000e+01
      endloop
   endfacet
   facet normal 8.715613e-02 0.000000e+00 -9.961947e-01
      outer loop
         vertex 1.750000e+01 0.000000e+00 2.550000e+01
         vertex 1.611081e+01 8.000000e+00 2.537846e+01
         vertex 1.750000e+01 8.000000e+00 2.550000e+01
      endloop
   endfacet
   facet normal -8.715613e-02 0.000000e+00 -9.961947e-01
      outer loop
         vertex 1.750000e+01 0.000000e+00 2.550000e+01
         vertex 1.750000e+01 8.000000e+00 2.550000e+01
         vertex 1.888919e+01 0.000000e+00 2.537846e+01
      endloop
   endfacet
   facet normal -8.715613e-02 0.000000e+00 -9.961947e-01
      outer loop
         vertex 1.888919e+01 0.000000e+00 2.537846e+01
         vertex 1.750000e+01 8.000000e+00 2.550000e+01
         vertex 1.888919e+01 8.000000e+00 2.537846e+01
      endloop
   endfacet
   facet normal -2.588190e-01 0.000000e+00 -9.659258e-01
      outer loop
         vertex 1.888919e+01 0.000000e+00 2.537846e+01
         vertex 1.888919e+01 8.000000e+00 2.537846e+01
         vertex 2.023616e+01 0.000000e+00 2.501754e+01
      endloop
   endfacet
   facet normal -2.588190e-01 0.000000e+00 -9.659258e-01
      outer loop
         vertex 2.023616e+01 0.000000e+00 2.501754e+01
         vertex 1.888919e+01 8.000000e+00 2.537846e+01
         vertex 2.023616e+01 8.000000e+00 2.501754e+01
      endloop
   endfacet
   facet normal -4.226182e-01 0.000000e+00 -9.063078e-01
      outer loop
         vertex 2.023616e+01 0.000000e+00 2.501754e+01
         vertex 2.023616e+01 8.000000e+00 2.501754e+01
         vertex 2.150000e+01 0.000000e+00 2.442820e+01
      endloop
   endfacet
   facet normal -4.226182e-01 0.000000e+00 -9.063078e-01
      outer loop
         vertex 2.150000e+01 0.000000e+00 2.442820e+01
         vertex 2.023616e+01 8.000000e+00 2.501754e+01
         vertex 2.150000e+01 8.000000e+00 2.442820e+01
      endloop
   endfacet
   facet normal -5.735765e-01 0.000000e+00 -8.191520e-01
      outer loop
         vertex 2.150000e+01 0.000000e+00 2.442820e+01
         vertex 2.150000e+01 8.000000e+00 2.442820e+01
         vertex 2.264230e+01 0.000000e+00 2.362836e+01
      endloop
   endfacet
   facet normal -5.735765e-01 0.000000e+00 -8.191520e-01
      outer loop
         vertex 2.264230e+01 0.000000e+00 2.362836e+01
         vertex 2.150000e+01 8.000000e+00 2.442820e+01
         vertex 2.264230e+01 8.000000e+00 2.362836e+01
      endloop
   endfacet
   facet normal -7.071068e-01 0.000000e+00 -7.071068e-01
      outer loop
         vertex 2.264230e+01 0.000000e+00 2.362836e+01
         vertex 2.264230e+01 8.000000e+00 2.362836e+01
         vertex 2.362836e+01 0.000000e+00 2.264230e+01
      endloop
   endfacet
   facet normal -7.071068e-01 0.000000e+00 -7.071068e-01
      outer loop
         vertex 2.362836e+01 0.000000e+00 2.264230e+01
         vertex 2.264230e+01 8.000000e+00 2.362836e+01
         vertex 2.362836e+01 8.000000e+00 2.264230e+01
      endloop
   endfacet
   facet normal -8.191520e-01 0.000000e+00 -5.735765e-01
      outer loop
         vertex 2.362836e+01 0.000000e+00 2.264230e+01
         vertex 2.362836e+01 8.000000e+00 2.264230e+01
         vertex 2.442820e+01 0.000000e+00 2.150000e+01
      endloop
   endfacet
   facet normal -8.191520e-01 0.000000e+00 -5.735765e-01
      outer loop
         vertex 2.442820e+01 0.000000e+00 2.150000e+01
         vertex 2.362836e+01 8.000000e+00 2.264230e+01
         vertex 2.442820e+01 8.000000e+00 2.150000e+01
      endloop
   endfacet
   facet normal -9.063078e-01 0.000000e+00 -4.226182e-01
      outer loop
         vertex 2.442820e+01 0.000000e+00 2.150000e+01
         vertex 2.442820e+01 8.000000e+00 2.150000e+01
         vertex 2.501754e+01 0.000000e+00 2.023616e+01
      endloop
   endfacet
   facet normal -9.063078e-01 0.000000e+00 -4.226182e-01
      outer loop
         vertex 2.501754e+01 0.000000e+00 2.023616e+01
         vertex 2.442820e+01 8.000000e+00 2.150000e+01
         vertex 2.501754e+01 8.000000e+00 2.023616e+01
      endloop
   endfacet
   facet normal -9.659258e-01 0.000000e+00 -2.588190e-01
      outer loop
         vertex 2.501754e+01 0.000000e+00 2.023616e+01
         vertex 2.501754e+01 8.000000e+00 2.023616e+01
         vertex 2.537846e+01 0.000000e+00 1.888919e+01
      endloop
   endfacet
   facet normal -9.659258e-01 0.000000e+00 -2.588190e-01
      outer loop
         vertex 2.537846e+01 0.000000e+00 1.888919e+01
         vertex 2.501754e+01 8.000000e+00 2.023616e+01
         vertex 2.537846e+01 8.000000e+00 1.888919e+01
      endloop
   endfacet
   facet normal -9.961947e-01 0.000000e+00 -8.715613e-02
      outer loop
         vertex 2.537846e+01 0.000000e+00 1.888919e+01
         vertex 2.537846e+01 8.000000e+00 1.888919e+01
         vertex 2.550000e+01 0.000000e+00 1.750000e+01
      endloop
   endfacet
   facet normal -9.961947e-01 0.000000e+00 -8.715613e-02
      outer loop
         vertex 2.550000e+01 0.000000e+00 1.750000e+01
         vertex 2.537846e+01 8.000000e+00 1.888919e+01
         vertex 2.550000e+01 8.000000e+00 1.750000e+01
      endloop
   endfacet
   facet normal 0.000000e+00 -1.000000e+00 0.000000e+00
      outer loop
         vertex 1.915000e+01 3.000000e+00 3.100000e+01
         vertex 2.025000e+01 3.000000e+00 3.100000e+01
         vertex 1.912493e+01 3.000000e+00 3.128652e+01
      endloop
   endfacet
   facet normal 0.000000e+00 -1.000000e+00 0.000000e+00
      outer loop
         vertex 1.912493e+01 3.000000e+00 3.128652e+01
         vertex 2.025000e+01 3.000000e+00 3.100000e+01
         vertex 2.020822e+01 3.000000e+00 3.147753e+01
      endloop
   endfacet
   facet normal 0.000000e+00 -1.000000e+00 0.000000e+00
      outer loop
         vertex 1.912493e+01 3.000000e+00 3.128652e+01
         vertex 2.020822e+01 3.000000e+00 3.147753e+01
         vertex 1.905049e+01 3.000000e+00 3.156433e+01
      endloop
   endfacet
   facet normal 0.000000e+00 -1.000000e+00 0.000000e+00
      outer loop
         vertex 1.905049e+01 3.000000e+00 3.156433e+01
         vertex 2.020822e+01 3.000000e+00 3.147753e+01
         vertex 2.008415e+01 3.000000e+00 3.194056e+01
      endloop
   endfacet
   facet normal 0.000000e+00 -1.000000e+00 0.000000e+00
      outer loop
         vertex 1.905049e+01 3.000000e+00 3.156433e+01
         vertex 2.008415e+01 3.000000e+00 3.194056e+01
         vertex 1.892894e+01 3.000000e+00 3.182500e+01
      endloop
   endfacet
   facet normal 0.000000e+00 -1.000000e+00 0.000000e+00
      outer loop
         vertex 1.892894e+01 3.000000e+00 3.182500e+01
         vertex 2.008415e+01 3.000000e+00 3.194056e+01
         vertex 1.988157e+01 3.000000e+00 3.237500e+01
      endloop
   endfacet
   facet normal 0.000000e+00 -1.000000e+00 0.000000e+00
      outer loop
         vertex 1.892894e+01 3.000000e+00 3.182500e+01
         vertex 1.988157e+01 3.000000e+00 3.237500e+01
         vertex 1.876397e+01 3.000000e+00 3.206060e+01
      endloop
   endfacet
   facet normal 0.000000e+00 -1.000000e+00 0.000000e+00
      outer loop
         vertex 1.876397e+01 3.000000e+00 3.206060e+01
         vertex 1.988157e+01 3.000000e+00 3.237500e+01
         vertex 1.960662e+01 3.000000e+00 3.276767e+01
      endloop
   endfacet
   facet normal 0.000000e+00 -1.000000e+00 0.000000e+00
      outer loop
         vertex 1.876397e+01 3.000000e+00 3.206060e+01
         vertex 1.960662e+01 3.000000e+00 3.276767e+01
         vertex 1.856060e+01 3.000000e+00 3.226397e+01
      endloop
   endfacet
   facet normal 0.000000e+00 -1.000000e+00 0.000000e+00
      outer loop
         vertex 1.856060e+01 3.000000e+00 3.226397e+01
         vertex 1.960662e+01 3.000000e+00 3.276767e+01
         vertex 1.926767e+01 3.000000e+00 3.310662e+01
      endloop
   endfacet
   facet normal 0.000000e+00 -1.000000e+00 0.000000e+00
      outer loop
         vertex 1.856060e+01 3.000000e+00 3.226397e+01
         vertex 1.926767e+01 3.000000e+00 3.310662e+01
         vertex 1.832500e+01 3.000000e+00 3.242894e+01
      endloop
   endfacet
   facet normal 0.000000e+00 -1.000000e+00 0.000000e+00
      outer loop
         vertex 1.832500e+01 3.000000e+00 3.242894e+01
         vertex 1.926767e+01 3.000000e+00 3.310662e+01
         vertex 1.887500e+01 3.000000e+00 3.338157e+01
      endloop
   endfacet
   facet normal 0.000000e+00 -1.000000e+00 0.000000e+00
      outer loop
         vertex 1.832500e+01 3.000000e+00 3.242894e+01
         vertex 1.887500e+01 3.000000e+00 3.338157e+01
         vertex 1.806433e+01 3.000000e+00 3.255049e+01
      endloop
   endfacet
   facet normal 0.000000e+00 -1.000000e+00 0.000000e+00
      outer loop
         vertex 1.806433e+01 3.000000e+00 3.255049e+01
         vertex 1.887500e+01 3.000000e+00 3.338157e+01
         vertex 1.844056e+01 3.000000e+00 3.358416e+01
      endloop
   endfacet
   facet normal 0.000000e+00 -1.000000e+00 0.000000e+00
      outer loop
         vertex 1.806433e+01 3.000000e+00 3.255049e+01
         vertex 1.844056e+01 3.000000e+00 3.358416e+01
         vertex 1.778652e+01 3.000000e+00 3.262493e+01
      endloop
   endfacet
   facet normal 0.000000e+00 -1.000000e+00 0.000000e+00
      outer loop
         vertex 1.778652e+01 3.000000e+00 3.262493e+01
         vertex 1.844056e+01 3.000000e+00 3.358416e+01
         vertex 1.797753e+01 3.000000e+00 3.370822e+01
      endloop
   endfacet
   facet normal 0.000000e+00 -1.000000e+00 0.000000e+00
      outer loop
         vertex 1.778652e+01 3.000000e+00 3.262493e+01
         vertex 1.797753e+01 3.000000e+00 3.370822e+01
         vertex 1.750000e+01 3.000000e+00 3.265000e+01
      endloop
   endfacet
   facet normal 0.000000e+00 -1.000000e+00 0.000000e+00
      outer loop
         vertex 1.750000e+01 3.000000e+00 3.265000e+01
         vertex 1.797753e+01 3.000000e+00 3.370822e+01
         vertex 1.750000e+01 3.000000e+00 3.375000e+01
      endloop
   endfacet
   facet normal -0.000000e+00 -1.000000e+00 0.000000e+00
      outer loop
         vertex 1.750000e+01 3.000000e+00 3.265000e+01
         vertex 1.750000e+01 3.000000e+00 3.375000e+01
         vertex 1.721348e+01 3.000000e+00 3.262493e+01
      endloop
   endfacet
   facet normal 0.000000e+00 -1.000000e+00 0.000000e+00
      outer loop
         vertex 1.721348e+01 3.000000e+00 3.262493e+01
         vertex 1.750000e+01 3.000000e+00 3.375000e+01
         vertex 1.702247e+01 3.000000e+00 3.370822e+01
      endloop
   endfacet
   facet normal -0.000000e+00 -1.000000e+00 0.000000e+00
      outer loop
         vertex 1.721348e+01 3.000000e+00 3.262493e+01
         vertex 1.702247e+01 3.000000e+00 3.370822e+01
         vertex 1.693567e+01 3.000000e+00 3.255049e+01
      endloop
   endfacet
   facet normal 0.000000e+00 -1.000000e+00 0.000000e+00
      outer loop
         vertex 1.693567e+01 3.000000e+00 3.255049e+01
         vertex 1.702247e+01 3.000000e+00 3.370822e+01
         vertex 1.655944e+01 3.000000e+00 3.358416e+01
      endloop
   endfacet
   facet normal -0.000000e+00 -1.000000e+00 0.000000e+00
      outer loop
         vertex 1.693567e+01 3.000000e+00 3.255049e+01
         vertex 1.655944e+01 3.000000e+00 3.358416e+01
         vertex 1.667500e+01 3.000000e+00 3.242894e+01
      endloop
   endfacet
   facet normal 0.000000e+00 -1.000000e+00 0.000000e+00
      outer loop
         vertex 1.667500e+01 3.000000e+00 3.242894e+01
         vertex 1.655944e+01 3.000000e+00 3.358416e+01
         vertex 1.612500e+01 3.000000e+00 3.338157e+01
      endloop
   endfacet
   facet normal -0.000000e+00 -1.000000e+00 0.000000e+00
      outer loop
         vertex 1.667500e+01 3.000000e+00 3.242894e+01
         vertex 1.612500e+01 3.000000e+00 3.338157e+01
         vertex 1.643940e+01 3.000000e+00 3.226397e+01
      endloop
   endfacet
   facet normal 0.000000e+00 -1.000000e+00 0.000000e+00
      outer loop
         vertex 1.643940e+01 3.000000e+00 3.226397e+01
         vertex 1.612500e+01 3.000000e+00 3.338157e+01
         vertex 1.573233e+01 3.000000e+00 3.310662e+01
      endloop
   endfacet
   facet normal -0.000000e+00 -1.000000e+00 0.000000e+00
      outer loop
         vertex 1.643940e+01 3.000000e+00 3.226397e+01
         vertex 1.573233e+01 3.000000e+00 3.310662e+01
         vertex 1.623603e+01 3.000000e+00 3.206060e+01
      endloop
   endfacet
   facet normal 0.000000e+00 -1.000000e+00 0.000000e+00
      outer loop
         vertex 1.623603e+01 3.000000e+00 3.206060e+01
         vertex 1.573233e+01 3.000000e+00 3.310662e+01
         vertex 1.539338e+01 3.000000e+00 3.276767e+01
      endloop
   endfacet
   facet normal -0.000000e+00 -1.000000e+00 0.000000e+00
      outer loop
         vertex 1.623603e+01 3.000000e+00 3.206060e+01
         vertex 1.539338e+01 3.000000e+00 3.276767e+01
         vertex 1.607106e+01 3.000000e+00 3.182500e+01
      endloop
   endfacet
   facet normal 0.000000e+00 -1.000000e+00 0.000000e+00
      outer loop
         vertex 1.607106e+01 3.000000e+00 3.182500e+01
         vertex 1.539338e+01 3.000000e+00 3.276767e+01
         vertex 1.511843e+01 3.000000e+00 3.237500e+01
      endloop
   endfacet
   facet normal -0.000000e+00 -1.000000e+00 0.000000e+00
      outer loop
         vertex 1.607106e+01 3.000000e+00 3.182500e+01
         vertex 1.511843e+01 3.000000e+00 3.237500e+01
         vertex 1.594951e+01 3.000000e+00 3.156433e+01
      endloop
   endfacet
   facet normal 0.000000e+00 -1.000000e+00 0.000000e+00
      outer loop
         vertex 1.594951e+01 3.000000e+00 3.156433e+01
         vertex 1.511843e+01 3.000000e+00 3.237500e+01
         vertex 1.491585e+01 3.000000e+00 3.194056e+01
      endloop
   endfacet
   facet normal -0.000000e+00 -1.000000e+00 0.000000e+00
      outer loop
         vertex 1.594951e+01 3.000000e+00 3.156433e+01
         vertex 1.491585e+01 3.000000e+00 3.194056e+01
         vertex 1.587507e+01 3.000000e+00 3.128652e+01
      endloop
   endfacet
   facet normal 0.000000e+00 -1.000000e+00 0.000000e+00
      outer loop
         vertex 1.587507e+01 3.000000e+00 3.128652e+01
         vertex 1.491585e+01 3.000000e+00 3.194056e+01
         vertex 1.479178e+01 3.000000e+00 3.147753e+01
      endloop
   endfacet
   facet normal -0.000000e+00 -1.000000e+00 0.000000e+00
      outer loop
         vertex 1.587507e+01 3.000000e+00 3.128652e+01
         vertex 1.479178e+01 3.000000e+00 3.147753e+01
         vertex 1.585000e+01 3.000000e+00 3.100000e+01
      endloop
   endfacet
   facet normal 0.000000e+00 -1.000000e+00 0.000000e+00
      outer loop
         vertex 1.585000e+01 3.000000e+00 3.100000e+01
         vertex 1.479178e+01 3.000000e+00 3.147753e+01
         vertex 1.475000e+01 3.000000e+00 3.100000e+01
      endloop
   endfacet
   facet normal -0.000000e+00 -1.000000e+00 -0.000000e+00
      outer loop
         vertex 1.585000e+01 3.000000e+00 3.100000e+01
         vertex 1.475000e+01 3.000000e+00 3.100000e+01
         vertex 1.587507e+01 3.000000e+00 3.071348e+01
      endloop
   endfacet
   facet normal -0.000000e+00 -1.000000e+00 0.000000e+00
      outer loop
         vertex 1.587507e+01 3.000000e+00 3.071348e+01
         vertex 1.475000e+01 3.000000e+00 3.100000e+01
         vertex 1.479178e+01 3.000000e+00 3.052247e+01
      endloop
   endfacet
   facet normal 0.000000e+00 -1.000000e+00 -0.000000e+00
      outer loop
         vertex 1.587507e+01 3.000000e+00 3.071348e+01
         vertex 1.479178e+01 3.000000e+00 3.052247e+01
         vertex 1.594951e+01 3.000000e+00 3.043567e+01
      endloop
   endfacet
   facet normal -0.000000e+00 -1.000000e+00 0.000000e+00
      outer loop
         vertex 1.594951e+01 3.000000e+00 3.043567e+01
         vertex 1.479178e+01 3.000000e+00 3.052247e+01
         vertex 1.491585e+01 3.000000e+00 3.005944e+01
      endloop
   endfacet
   facet normal 0.000000e+00 -1.000000e+00 -0.000000e+00
      outer loop
         vertex 1.594951e+01 3.000000e+00 3.043567e+01
         vertex 1.491585e+01 3.000000e+00 3.005944e+01
         vertex 1.607106e+01 3.000000e+00 3.017500e+01
      endloop
   endfacet
   facet normal 0.000000e+00 -1.000000e+00 0.000000e+00
      outer loop
         vertex 1.607106e+01 3.000000e+00 3.017500e+01
         vertex 1.491585e+01 3.000000e+00 3.005944e+01
         vertex 1.511843e+01 3.000000e+00 2.962500e+01
      endloop
   endfacet
   facet normal 0.000000e+00 -1.000000e+00 -0.000000e+00
      outer loop
         vertex 1.607106e+01 3.000000e+00 3.017500e+01
         vertex 1.511843e+01 3.000000e+00 2.962500e+01
         vertex 1.623603e+01 3.000000e+00 2.993940e+01
      endloop
   endfacet
   facet normal 0.000000e+00 -1.000000e+00 0.000000e+00
      outer loop
         vertex 1.623603e+01 3.000000e+00 2.993940e+01
         vertex 1.511843e+01 3.000000e+00 2.962500e+01
         vertex 1.539338e+01 3.000000e+00 2.923233e+01
      endloop
   endfacet
   facet normal 0.000000e+00 -1.000000e+00 -0.000000e+00
      outer loop
         vertex 1.623603e+01 3.000000e+00 2.993940e+01
         vertex 1.539338e+01 3.000000e+00 2.923233e+01
         vertex 1.643940e+01 3.000000e+00 2.973603e+01
      endloop
   endfacet
   facet normal 0.000000e+00 -1.000000e+00 0.000000e+00
      outer loop
         vertex 1.643940e+01 3.000000e+00 2.973603e+01
         vertex 1.539338e+01 3.000000e+00 2.923233e+01
         vertex 1.573233e+01 3.000000e+00 2.889338e+01
      endloop
   endfacet
   facet normal 0.000000e+00 -1.000000e+00 -0.000000e+00
      outer loop
         vertex 1.643940e+01 3.000000e+00 2.973603e+01
         vertex 1.573233e+01 3.000000e+00 2.889338e+01
         vertex 1.667500e+01 3.000000e+00 2.957106e+01
      endloop
   endfacet
   facet normal 0.000000e+00 -1.000000e+00 0.000000e+00
      outer loop
         vertex 1.667500e+01 3.000000e+00 2.957106e+01
         vertex 1.573233e+01 3.000000e+00 2.889338e+01
         vertex 1.612500e+01 3.000000e+00 2.861843e+01
      endloop
   endfacet
   facet normal 0.000000e+00 -1.000000e+00 -0.000000e+00
      outer loop
         vertex 1.667500e+01 3.000000e+00 2.957106e+01
         vertex 1.612500e+01 3.000000e+00 2.861843e+01
         vertex 1.693567e+01 3.000000e+00 2.944951e+01
      endloop
   endfacet
   facet normal 0.000000e+00 -1.000000e+00 0.000000e+00
      outer loop
         vertex 1.693567e+01 3.000000e+00 2.944951e+01
         vertex 1.612500e+01 3.000000e+00 2.861843e+01
         vertex 1.655944e+01 3.000000e+00 2.841585e+01
      endloop
   endfacet
   facet normal 0.000000e+00 -1.000000e+00 -0.000000e+00
      outer loop
         vertex 1.693567e+01 3.000000e+00 2.944951e+01
         vertex 1.655944e+01 3.000000e+00 2.841585e+01
         vertex 1.721348e+01 3.000000e+00 2.937507e+01
      endloop
   endfacet
   facet normal 0.000000e+00 -1.000000e+00 0.000000e+00
      outer loop
         vertex 1.721348e+01 3.000000e+00 2.937507e+01
         vertex 1.655944e+01 3.000000e+00 2.841585e+01
         vertex 1.702247e+01 3.000000e+00 2.829178e+01
      endloop
   endfacet
   facet normal 0.000000e+00 -1.000000e+00 -0.000000e+00
      outer loop
         vertex 1.721348e+01 3.000000e+00 2.937507e+01
         vertex 1.702247e+01 3.000000e+00 2.829178e+01
         vertex 1.750000e+01 3.000000e+00 2.935000e+01
      endloop
   endfacet
   facet normal 0.000000e+00 -1.000000e+00 -0.000000e+00
      outer loop
         vertex 1.750000e+01 3.000000e+00 2.935000e+01
         vertex 1.702247e+01 3.000000e+00 2.829178e+01
         vertex 1.750000e+01 3.000000e+00 2.825000e+01
      endloop
   endfacet
   facet normal 0.000000e+00 -1.000000e+00 0.000000e+00
      outer loop
         vertex 1.750000e+01 3.000000e+00 2.935000e+01
         vertex 1.750000e+01 3.000000e+00 2.825000e+01
         vertex 1.778652e+01 3.000000e+00 2.937507e+01
      endloop
   endfacet
   facet normal 0.000000e+00 -1.000000e+00 -0.000000e+00
      outer loop
         vertex 1.778652e+01 3.000000e+00 2.937507e+01
         vertex 1.750000e+01 3.000000e+00 2.825000e+01
         vertex 1.797753e+01 3.000000e+00 2.829178e+01
      endloop
   endfacet
   facet normal 0.000000e+00 -1.000000e+00 0.000000e+00
      outer loop
         vertex 1.778652e+01 3.000000e+00 2.937507e+01
         vertex 1.797753e+01 3.000000e+00 2.829178e+01
         vertex 1.806433e+01 3.000000e+00 2.944951e+01
      endloop
   endfacet
   facet normal 0.000000e+00 -1.000000e+00 -0.000000e+00
      outer loop
         vertex 1.806433e+01 3.000000e+00 2.944951e+01
         vertex 1.797753e+01 3.000000e+00 2.829178e+01
         vertex 1.844056e+01 3.000000e+00 2.841585e+01
      endloop
   endfacet
   facet normal 0.000000e+00 -1.000000e+00 0.000000e+00
      outer loop
         vertex 1.806433e+01 3.000000e+00 2.944951e+01
         vertex 1.844056e+01 3.000000e+00 2.841585e+01
         vertex 1.832500e+01 3.000000e+00 2.957106e+01
      endloop
   endfacet
   facet normal 0.000000e+00 -1.000000e+00 0.000000e+00
      outer loop
         vertex 1.832500e+01 3.000000e+00 2.957106e+01
         vertex 1.844056e+01 3.000000e+00 2.841585e+01
         vertex 1.887500e+01 3.000000e+00 2.861843e+01
      endloop
   endfacet
   facet normal 0.000000e+00 -1.000000e+00 0.000000e+00
      outer loop
         vertex 1.832500e+01 3.000000e+00 2.957106e+01
         vertex 1.887500e+01 3.000000e+00 2.861843e+01
         vertex 1.856060e+01 3.000000e+00 2.973603e+01
      endloop
   endfacet
   facet normal 0.000000e+00 -1.000000e+00 0.000000e+00
      outer loop
         vertex 1.856060e+01 3.000000e+00 2.973603e+01
         vertex 1.887500e+01 3.000000e+00 2.861843e+01
         vertex 1.926767e+01 3.000000e+00 2.889338e+01
      endloop
   endfacet
   facet normal 0.000000e+00 -1.000000e+00 0.000000e+00
      outer loop
         vertex 1.856060e+01 3.000000e+00 2.973603e+01
         vertex 1.926767e+01 3.000000e+00 2.889338e+01
         vertex 1.876397e+01 3.000000e+00 2.993940e+01
      endloop
   endfacet
   facet normal 0.000000e+00 -1.000000e+00 0.000000e+00
      outer loop
         vertex 1.876397e+01 3.000000e+00 2.993940e+01
         vertex 1.926767e+01 3.000000e+00 2.889338e+01
         vertex 1.960662e+01 3.000000e+00 2.923233e+01
      endloop
   endfacet
   facet normal 0.000000e+00 -1.000000e+00 0.000000e+00
      outer loop
         vertex 1.876397e+01 3.000000e+00 2.993940e+01
         vertex 1.960662e+01 3.000000e+00 2.923233e+01
         vertex 1.892894e+01 3.000000e+00 3.017500e+01
      endloop
   endfacet
   facet normal 0.000000e+00 -1.000000e+00 0.000000e+00
      outer loop
         vertex 1.892894e+01 3.000000e+00 3.017500e+01
         vertex 1.960662e+01 3.000000e+00 2.923233e+01
         vertex 1.988157e+01 3.000000e+00 2.962500e+01
      endloop
   endfacet
   facet normal 0.000000e+00 -1.000000e+00 0.000000e+00
      outer loop
         vertex 1.892894e+01 3.000000e+00 3.017500e+01
         vertex 1.988157e+01 3.000000e+00 2.962500e+01
         vertex 1.905049e+01 3.000000e+00 3.043567e+01
      endloop
   endfacet
   facet normal 0.000000e+00 -1.000000e+00 0.000000e+00
      outer loop
         vertex 1.905049e+01 3.000000e+00 3.043567e+01
         vertex 1.988157e+01 3.000000e+00 2.962500e+01
         vertex 2.008415e+01 3.000000e+00 3.005944e+01
      endloop
   endfacet
   facet normal 0.000000e+00 -1.000000e+00 0.000000e+00
      outer loop
         vertex 1.905049e+01 3.000000e+00 3.043567e+01
         vertex 2.008415e+01 3.000000e+00 3.005944e+01
         vertex 1.912493e+01 3.000000e+00 3.071348e+01
      endloop
   endfacet
   facet normal 0.000000e+00 -1.000000e+00 0.000000e+00
      outer loop
         vertex 1.912493e+01 3.000000e+00 3.071348e+01
         vertex 2.008415e+01 3.000000e+00 3.005944e+01
         vertex 2.020822e+01 3.000000e+00 3.052247e+01
      endloop
   endfacet
   facet normal 0.000000e+00 -1.000000e+00 0.000000e+00
      outer loop
         vertex 1.912493e+01 3.000000e+00 3.071348e+01
         vertex 2.020822e+01 3.000000e+00 3.052247e+01
         vertex 1.915000e+01 3.000000e+00 3.100000e+01
      endloop
   endfacet
   facet normal 0.000000e+00 -1.000000e+00 0.000000e+00
      outer loop
         vertex 1.915000e+01 3.000000e+00 3.100000e+01
         vertex 2.020822e+01 3.000000e+00 3.052247e+01
         vertex 2.025000e+01 3.000000e+00 3.100000e+01
      endloop
   endfacet
   facet normal -5.735766e-01 0.000000e+00 8.191520e-01
      outer loop
         vertex 3.056634e+01 3.000000e+00 2.186843e+01
         vertex 3.056634e+01 0.000000e+00 2.186843e+01
         vertex 3.095901e+01 3.000000e+00 2.214338e+01
      endloop
   endfacet
   facet normal -5.735766e-01 0.000000e+00 8.191520e-01
      outer loop
         vertex 3.095901e+01 3.000000e+00 2.214338e+01
         vertex 3.056634e+01 0.000000e+00 2.186843e+01
         vertex 3.095901e+01 0.000000e+00 2.214338e+01
      endloop
   endfacet
   facet normal -7.071073e-01 0.000000e+00 7.071063e-01
      outer loop
         vertex 3.095901e+01 3.000000e+00 2.214338e+01
         vertex 3.095901e+01 0.000000e+00 2.214338e+01
         vertex 3.129796e+01 3.000000e+00 2.248233e+01
      endloop
   endfacet
   facet normal -7.071073e-01 0.000000e+00 7.071063e-01
      outer loop
         vertex 3.129796e+01 3.000000e+00 2.248233e+01
         vertex 3.095901e+01 0.000000e+00 2.214338e+01
         vertex 3.129796e+01 0.000000e+00 2.248233e+01
      endloop
   endfacet
   facet normal -8.191520e-01 0.000000e+00 5.735766e-01
      outer loop
         vertex 3.129796e+01 3.000000e+00 2.248233e+01
         vertex 3.129796e+01 0.000000e+00 2.248233e+01
         vertex 3.157291e+01 3.000000e+00 2.287500e+01
      endloop
   endfacet
   facet normal -8.191520e-01 0.000000e+00 5.735766e-01
      outer loop
         vertex 3.157291e+01 3.000000e+00 2.287500e+01
         vertex 3.129796e+01 0.000000e+00 2.248233e+01
         vertex 3.157291e+01 0.000000e+00 2.287500e+01
      endloop
   endfacet
   facet normal -9.063075e-01 0.000000e+00 4.226188e-01
      outer loop
         vertex 3.157291e+01 3.000000e+00 2.287500e+01
         vertex 3.157291e+01 0.000000e+00 2.287500e+01
         vertex 3.177550e+01 3.000000e+00 2.330944e+01
      endloop
   endfacet
   facet normal -9.063075e-01 0.000000e+00 4.226188e-01
      outer loop
         vertex 3.177550e+01 3.000000e+00 2.330944e+01
         vertex 3.157291e+01 0.000000e+00 2.287500e+01
         vertex 3.177550e+01 0.000000e+00 2.330944e+01
      endloop
   endfacet
   facet normal -9.659261e-01 0.000000e+00 2.588181e-01
      outer loop
         vertex 3.177550e+01 3.000000e+00 2.330944e+01
         vertex 3.177550e+01 0.000000e+00 2.330944e+01
         vertex 3.189956e+01 3.000000e+00 2.377247e+01
      endloop
   endfacet
   facet normal -9.659261e-01 0.000000e+00 2.588181e-01
      outer loop
         vertex 3.189956e+01 3.000000e+00 2.377247e+01
         vertex 3.177550e+01 0.000000e+00 2.330944e+01
         vertex 3.189956e+01 0.000000e+00 2.377247e+01
      endloop
   endfacet
   facet normal -9.961946e-01 0.000000e+00 8.715661e-02
      outer loop
         vertex 3.189956e+01 3.000000e+00 2.377247e+01
         vertex 3.189956e+01 0.000000e+00 2.377247e+01
         vertex 3.194134e+01 3.000000e+00 2.425000e+01
      endloop
   endfacet
   facet normal -9.961946e-01 0.000000e+00 8.715661e-02
      outer loop
         vertex 3.194134e+01 3.000000e+00 2.425000e+01
         vertex 3.189956e+01 0.000000e+00 2.377247e+01
         vertex 3.194134e+01 0.000000e+00 2.425000e+01
      endloop
   endfacet
   facet normal -9.961946e-01 -0.000000e+00 -8.715670e-02
      outer loop
         vertex 3.194134e+01 3.000000e+00 2.425000e+01
         vertex 3.194134e+01 0.000000e+00 2.425000e+01
         vertex 3.189956e+01 3.000000e+00 2.472753e+01
      endloop
   endfacet
   facet normal -9.961946e-01 -0.000000e+00 -8.715670e-02
      outer loop
         vertex 3.189956e+01 3.000000e+00 2.472753e+01
         vertex 3.194134e+01 0.000000e+00 2.425000e+01
         vertex 3.189956e+01 0.000000e+00 2.472753e+01
      endloop
   endfacet
   facet normal -9.659261e-01 -0.000000e+00 -2.588181e-01
      outer loop
         vertex 3.189956e+01 3.000000e+00 2.472753e+01
         vertex 3.189956e+01 0.000000e+00 2.472753e+01
         vertex 3.177550e+01 3.000000e+00 2.519056e+01
      endloop
   endfacet
   facet normal -9.659261e-01 -0.000000e+00 -2.588181e-01
      outer loop
         vertex 3.177550e+01 3.000000e+00 2.519056e+01
         vertex 3.189956e+01 0.000000e+00 2.472753e+01
         vertex 3.177550e+01 0.000000e+00 2.519056e+01
      endloop
   endfacet
   facet normal -9.063075e-01 -0.000000e+00 -4.226188e-01
      outer loop
         vertex 3.177550e+01 3.000000e+00 2.519056e+01
         vertex 3.177550e+01 0.000000e+00 2.519056e+01
         vertex 3.157291e+01 3.000000e+00 2.562500e+01
      endloop
   endfacet
   facet normal -9.063075e-01 -0.000000e+00 -4.226188e-01
      outer loop
         vertex 3.157291e+01 3.000000e+00 2.562500e+01
         vertex 3.177550e+01 0.000000e+00 2.519056e+01
         vertex 3.157291e+01 0.000000e+00 2.562500e+01
      endloop
   endfacet
   facet normal -8.191520e-01 -0.000000e+00 -5.735766e-01
      outer loop
         vertex 3.157291e+01 3.000000e+00 2.562500e+01
         vertex 3.157291e+01 0.000000e+00 2.562500e+01
         vertex 3.129796e+01 3.000000e+00 2.601767e+01
      endloop
   endfacet
   facet normal -8.191520e-01 -0.000000e+00 -5.735766e-01
      outer loop
         vertex 3.129796e+01 3.000000e+00 2.601767e+01
         vertex 3.157291e+01 0.000000e+00 2.562500e+01
         vertex 3.129796e+01 0.000000e+00 2.601767e+01
      endloop
   endfacet
   facet normal -7.071078e-01 -0.000000e+00 -7.071058e-01
      outer loop
         vertex 3.129796e+01 3.000000e+00 2.601767e+01
         vertex 3.129796e+01 0.000000e+00 2.601767e+01
         vertex 3.095901e+01 3.000000e+00 2.635662e+01
      endloop
   endfacet
   facet normal -7.071078e-01 -0.000000e+00 -7.071058e-01
      outer loop
         vertex 3.095901e+01 3.000000e+00 2.635662e+01
         vertex 3.129796e+01 0.000000e+00 2.601767e+01
         vertex 3.095901e+01 0.000000e+00 2.635662e+01
      endloop
   endfacet
   facet normal -5.735753e-01 -0.000000e+00 -8.191529e-01
      outer loop
         vertex 3.095901e+01 3.000000e+00 2.635662e+01
         vertex 3.095901e+01 0.000000e+00 2.635662e+01
         vertex 3.056634e+01 3.000000e+00 2.663157e+01
      endloop
   endfacet
   facet normal -5.735753e-01 -0.000000e+00 -8.191529e-01
      outer loop
         vertex 3.056634e+01 3.000000e+00 2.663157e+01
         vertex 3.095901e+01 0.000000e+00 2.635662e+01
         vertex 3.056634e+01 0.000000e+00 2.663157e+01
      endloop
   endfacet
   facet normal -4.226188e-01 -0.000000e+00 -9.063075e-01
      outer loop
         vertex 3.056634e+01 3.000000e+00 2.663157e+01
         vertex 3.056634e+01 0.000000e+00 2.663157e+01
         vertex 3.013190e+01 3.000000e+00 2.683415e+01
      endloop
   endfacet
   facet normal -4.226188e-01 -0.000000e+00 -9.063075e-01
      outer loop
         vertex 3.013190e+01 3.000000e+00 2.683415e+01
         vertex 3.056634e+01 0.000000e+00 2.663157e+01
         vertex 3.013190e+01 0.000000e+00 2.683415e+01
      endloop
   endfacet
   facet normal -2.588200e-01 -0.000000e+00 -9.659256e-01
      outer loop
         vertex 3.013190e+01 3.000000e+00 2.683415e+01
         vertex 3.013190e+01 0.000000e+00 2.683415e+01
         vertex 2.966888e+01 3.000000e+00 2.695822e+01
      endloop
   endfacet
   facet normal -2.588200e-01 -0.000000e+00 -9.659256e-01
      outer loop
         vertex 2.966888e+01 3.000000e+00 2.695822e+01
         vertex 3.013190e+01 0.000000e+00 2.683415e+01
         vertex 2.966888e+01 0.000000e+00 2.695822e+01
      endloop
   endfacet
   facet normal -8.715468e-02 -0.000000e+00 -9.961948e-01
      outer loop
         vertex 2.966888e+01 3.000000e+00 2.695822e+01
         vertex 2.966888e+01 0.000000e+00 2.695822e+01
         vertex 2.919134e+01 3.000000e+00 2.700000e+01
      endloop
   endfacet
   facet normal -8.715468e-02 -0.000000e+00 -9.961948e-01
      outer loop
         vertex 2.919134e+01 3.000000e+00 2.700000e+01
         vertex 2.966888e+01 0.000000e+00 2.695822e+01
         vertex 2.919134e+01 0.000000e+00 2.700000e+01
      endloop
   endfacet
   facet normal 8.715468e-02 0.000000e+00 -9.961948e-01
      outer loop
         vertex 2.919134e+01 3.000000e+00 2.700000e+01
         vertex 2.919134e+01 0.000000e+00 2.700000e+01
         vertex 2.871381e+01 3.000000e+00 2.695822e+01
      endloop
   endfacet
   facet normal 8.715468e-02 0.000000e+00 -9.961948e-01
      outer loop
         vertex 2.871381e+01 3.000000e+00 2.695822e+01
         vertex 2.919134e+01 0.000000e+00 2.700000e+01
         vertex 2.871381e+01 0.000000e+00 2.695822e+01
      endloop
   endfacet
   facet normal 2.588200e-01 0.000000e+00 -9.659256e-01
      outer loop
         vertex 2.871381e+01 3.000000e+00 2.695822e+01
         vertex 2.871381e+01 0.000000e+00 2.695822e+01
         vertex 2.825079e+01 3.000000e+00 2.683415e+01
      endloop
   endfacet
   facet normal 2.588200e-01 0.000000e+00 -9.659256e-01
      outer loop
         vertex 2.825079e+01 3.000000e+00 2.683415e+01
         vertex 2.871381e+01 0.000000e+00 2.695822e+01
         vertex 2.825079e+01 0.000000e+00 2.683415e+01
      endloop
   endfacet
   facet normal 4.226188e-01 0.000000e+00 -9.063075e-01
      outer loop
         vertex 2.825079e+01 3.000000e+00 2.683415e+01
         vertex 2.825079e+01 0.000000e+00 2.683415e+01
         vertex 2.781634e+01 3.000000e+00 2.663157e+01
      endloop
   endfacet
   facet normal 4.226188e-01 0.000000e+00 -9.063075e-01
      outer loop
         vertex 2.781634e+01 3.000000e+00 2.663157e+01
         vertex 2.825079e+01 0.000000e+00 2.683415e+01
         vertex 2.781634e+01 0.000000e+00 2.663157e+01
      endloop
   endfacet
   facet normal 5.735753e-01 0.000000e+00 -8.191529e-01
      outer loop
         vertex 2.781634e+01 3.000000e+00 2.663157e+01
         vertex 2.781634e+01 0.000000e+00 2.663157e+01
         vertex 2.742368e+01 3.000000e+00 2.635662e+01
      endloop
   endfacet
   facet normal 5.735753e-01 0.000000e+00 -8.191529e-01
      outer loop
         vertex 2.742368e+01 3.000000e+00 2.635662e+01
         vertex 2.781634e+01 0.000000e+00 2.663157e+01
         vertex 2.742368e+01 0.000000e+00 2.635662e+01
      endloop
   endfacet
   facet normal 7.071078e-01 0.000000e+00 -7.071058e-01
      outer loop
         vertex 2.742368e+01 3.000000e+00 2.635662e+01
         vertex 2.742368e+01 0.000000e+00 2.635662e+01
         vertex 2.708472e+01 3.000000e+00 2.601767e+01
      endloop
   endfacet
   facet normal 7.071078e-01 0.000000e+00 -7.071058e-01
      outer loop
         vertex 2.708472e+01 3.000000e+00 2.601767e+01
         vertex 2.742368e+01 0.000000e+00 2.635662e+01
         vertex 2.708472e+01 0.000000e+00 2.601767e+01
      endloop
   endfacet
   facet normal 8.191520e-01 0.000000e+00 -5.735766e-01
      outer loop
         vertex 2.708472e+01 3.000000e+00 2.601767e+01
         vertex 2.708472e+01 0.000000e+00 2.601767e+01
         vertex 2.680977e+01 3.000000e+00 2.562500e+01
      endloop
   endfacet
   facet normal 8.191520e-01 0.000000e+00 -5.735766e-01
      outer loop
         vertex 2.680977e+01 3.000000e+00 2.562500e+01
         vertex 2.708472e+01 0.000000e+00 2.601767e+01
         vertex 2.680977e+01 0.000000e+00 2.562500e+01
      endloop
   endfacet
   facet normal 9.063075e-01 0.000000e+00 -4.226188e-01
      outer loop
         vertex 2.680977e+01 3.000000e+00 2.562500e+01
         vertex 2.680977e+01 0.000000e+00 2.562500e+01
         vertex 2.660719e+01 3.000000e+00 2.519056e+01
      endloop
   endfacet
   facet normal 9.063075e-01 0.000000e+00 -4.226188e-01
      outer loop
         vertex 2.660719e+01 3.000000e+00 2.519056e+01
         vertex 2.680977e+01 0.000000e+00 2.562500e+01
         vertex 2.660719e+01 0.000000e+00 2.519056e+01
      endloop
   endfacet
   facet normal 9.659256e-01 0.000000e+00 -2.588200e-01
      outer loop
         vertex 2.660719e+01 3.000000e+00 2.519056e+01
         vertex 2.660719e+01 0.000000e+00 2.519056e+01
         vertex 2.648312e+01 3.000000e+00 2.472753e+01
      endloop
   endfacet
   facet normal 9.659256e-01 0.000000e+00 -2.588200e-01
      outer loop
         vertex 2.648312e+01 3.000000e+00 2.472753e+01
         vertex 2.660719e+01 0.000000e+00 2.519056e+01
         vertex 2.648312e+01 0.000000e+00 2.472753e+01
      endloop
   endfacet
   facet normal 9.961948e-01 0.000000e+00 -8.715477e-02
      outer loop
         vertex 2.648312e+01 3.000000e+00 2.472753e+01
         vertex 2.648312e+01 0.000000e+00 2.472753e+01
         vertex 2.644134e+01 3.000000e+00 2.425000e+01
      endloop
   endfacet
   facet normal 9.961948e-01 0.000000e+00 -8.715477e-02
      outer loop
         vertex 2.644134e+01 3.000000e+00 2.425000e+01
         vertex 2.648312e+01 0.000000e+00 2.472753e+01
         vertex 2.644134e+01 0.000000e+00 2.425000e+01
      endloop
   endfacet
   facet normal 9.961948e-01 0.000000e+00 8.715468e-02
      outer loop
         vertex 2.644134e+01 3.000000e+00 2.425000e+01
         vertex 2.644134e+01 0.000000e+00 2.425000e+01
         vertex 2.648312e+01 3.000000e+00 2.377247e+01
      endloop
   endfacet
   facet normal 9.961948e-01 0.000000e+00 8.715468e-02
      outer loop
         vertex 2.648312e+01 3.000000e+00 2.377247e+01
         vertex 2.644134e+01 0.000000e+00 2.425000e+01
         vertex 2.648312e+01 0.000000e+00 2.377247e+01
      endloop
   endfacet
   facet normal 9.659256e-01 0.000000e+00 2.588200e-01
      outer loop
         vertex 2.648312e+01 3.000000e+00 2.377247e+01
         vertex 2.648312e+01 0.000000e+00 2.377247e+01
         vertex 2.660719e+01 3.000000e+00 2.330944e+01
      endloop
   endfacet
   facet normal 9.659256e-01 0.000000e+00 2.588200e-01
      outer loop
         vertex 2.660719e+01 3.000000e+00 2.330944e+01
         vertex 2.648312e+01 0.000000e+00 2.377247e+01
         vertex 2.660719e+01 0.000000e+00 2.330944e+01
      endloop
   endfacet
   facet normal 9.063075e-01 0.000000e+00 4.226188e-01
      outer loop
         vertex 2.660719e+01 3.000000e+00 2.330944e+01
         vertex 2.660719e+01 0.000000e+00 2.330944e+01
         vertex 2.680977e+01 3.000000e+00 2.287500e+01
      endloop
   endfacet
   facet normal 9.063075e-01 0.000000e+00 4.226188e-01
      outer loop
         vertex 2.680977e+01 3.000000e+00 2.287500e+01
         vertex 2.660719e+01 0.000000e+00 2.330944e+01
         vertex 2.680977e+01 0.000000e+00 2.287500e+01
      endloop
   endfacet
   facet normal 8.191520e-01 0.000000e+00 5.735766e-01
      outer loop
         vertex 2.680977e+01 3.000000e+00 2.287500e+01
         vertex 2.680977e+01 0.000000e+00 2.287500e+01
         vertex 2.708472e+01 3.000000e+00 2.248233e+01
      endloop
   endfacet
   facet normal 8.191520e-01 0.000000e+00 5.735766e-01
      outer loop
         vertex 2.708472e+01 3.000000e+00 2.248233e+01
         vertex 2.680977e+01 0.000000e+00 2.287500e+01
         vertex 2.708472e+01 0.000000e+00 2.248233e+01
      endloop
   endfacet
   facet normal 7.071073e-01 0.000000e+00 7.071063e-01
      outer loop
         vertex 2.708472e+01 3.000000e+00 2.248233e+01
         vertex 2.708472e+01 0.000000e+00 2.248233e+01
         vertex 2.742368e+01 3.000000e+00 2.214338e+01
      endloop
   endfacet
   facet normal 7.071073e-01 0.000000e+00 7.071063e-01
      outer loop
         vertex 2.742368e+01 3.000000e+00 2.214338e+01
         vertex 2.708472e+01 0.000000e+00 2.248233e+01
         vertex 2.742368e+01 0.000000e+00 2.214338e+01
      endloop
   endfacet
   facet normal 5.735766e-01 0.000000e+00 8.191520e-01
      outer loop
         vertex 2.742368e+01 3.000000e+00 2.214338e+01
         vertex 2.742368e+01 0.000000e+00 2.214338e+01
         vertex 2.781634e+01 3.000000e+00 2.186843e+01
      endloop
   endfacet
   facet normal 5.735766e-01 0.000000e+00 8.191520e-01
      outer loop
         vertex 2.781634e+01 3.000000e+00 2.186843e+01
         vertex 2.742368e+01 0.000000e+00 2.214338e+01
         vertex 2.781634e+01 0.000000e+00 2.186843e+01
      endloop
   endfacet
   facet normal 4.226180e-01 0.000000e+00 9.063079e-01
      outer loop
         vertex 2.781634e+01 3.000000e+00 2.186843e+01
         vertex 2.781634e+01 0.000000e+00 2.186843e+01
         vertex 2.825079e+01 3.000000e+00 2.166585e+01
      endloop
   endfacet
   facet normal 4.226180e-01 0.000000e+00 9.063079e-01
      outer loop
         vertex 2.825079e+01 3.000000e+00 2.166585e+01
         vertex 2.781634e+01 0.000000e+00 2.186843e+01
         vertex 2.825079e+01 0.000000e+00 2.166585e+01
      endloop
   endfacet
   facet normal 2.588191e-01 0.000000e+00 9.659258e-01
      outer loop
         vertex 2.825079e+01 3.000000e+00 2.166585e+01
         vertex 2.825079e+01 0.000000e+00 2.166585e+01
         vertex 2.871381e+01 3.000000e+00 2.154178e+01
      endloop
   endfacet
   facet normal 2.588191e-01 0.000000e+00 9.659258e-01
      outer loop
         vertex 2.871381e+01 3.000000e+00 2.154178e+01
         vertex 2.825079e+01 0.000000e+00 2.166585e+01
         vertex 2.871381e+01 0.000000e+00 2.154178e+01
      endloop
   endfacet
   facet normal 8.715565e-02 0.000000e+00 9.961947e-01
      outer loop
         vertex 2.871381e+01 3.000000e+00 2.154178e+01
         vertex 2.871381e+01 0.000000e+00 2.154178e+01
         vertex 2.919134e+01 3.000000e+00 2.150000e+01
      endloop
   endfacet
   facet normal 8.715565e-02 0.000000e+00 9.961947e-01
      outer loop
         vertex 2.919134e+01 3.000000e+00 2.150000e+01
         vertex 2.871381e+01 0.000000e+00 2.154178e+01
         vertex 2.919134e+01 0.000000e+00 2.150000e+01
      endloop
   endfacet
   facet normal -8.715565e-02 0.000000e+00 9.961947e-01
      outer loop
         vertex 2.919134e+01 3.000000e+00 2.150000e+01
         vertex 2.919134e+01 0.000000e+00 2.150000e+01
         vertex 2.966888e+01 3.000000e+00 2.154178e+01
      endloop
   endfacet
   facet normal -8.715565e-02 0.000000e+00 9.961947e-01
      outer loop
         vertex 2.966888e+01 3.000000e+00 2.154178e+01
         vertex 2.919134e+01 0.000000e+00 2.150000e+01
         vertex 2.966888e+01 0.000000e+00 2.154178e+01
      endloop
   endfacet
   facet normal -2.588191e-01 0.000000e+00 9.659258e-01
      outer loop
         vertex 2.966888e+01 3.000000e+00 2.154178e+01
         vertex 2.966888e+01 0.000000e+00 2.154178e+01
         vertex 3.013190e+01 3.000000e+00 2.166585e+01
      endloop
   endfacet
   facet normal -2.588191e-01 0.000000e+00 9.659258e-01
      outer loop
         vertex 3.013190e+01 3.000000e+00 2.166585e+01
         vertex 2.966888e+01 0.000000e+00 2.154178e+01
         vertex 3.013190e+01 0.000000e+00 2.166585e+01
      endloop
   endfacet
   facet normal -4.226180e-01 0.000000e+00 9.063079e-01
      outer loop
         vertex 3.013190e+01 3.000000e+00 2.166585e+01
         vertex 3.013190e+01 0.000000e+00 2.166585e+01
         vertex 3.056634e+01 3.000000e+00 2.186843e+01
      endloop
   endfacet
   facet normal -4.226180e-01 0.000000e+00 9.063079e-01
      outer loop
         vertex 3.056634e+01 3.000000e+00 2.186843e+01
         vertex 3.013190e+01 0.000000e+00 2.166585e+01
         vertex 3.056634e+01 0.000000e+00 2.186843e+01
      endloop
   endfacet
   facet normal -0.000000e+00 -1.000000e+00 0.000000e+00
      outer loop
         vertex 2.919134e+01 3.000000e+00 2.590000e+01
         vertex 2.919134e+01 3.000000e+00 2.700000e+01
         vertex 2.890482e+01 3.000000e+00 2.587493e+01
      endloop
   endfacet
   facet normal 0.000000e+00 -1.000000e+00 0.000000e+00
      outer loop
         vertex 2.890482e+01 3.000000e+00 2.587493e+01
         vertex 2.919134e+01 3.000000e+00 2.700000e+01
         vertex 2.871381e+01 3.000000e+00 2.695822e+01
      endloop
   endfacet
   facet normal -0.000000e+00 -1.000000e+00 0.000000e+00
      outer loop
         vertex 2.890482e+01 3.000000e+00 2.587493e+01
         vertex 2.871381e+01 3.000000e+00 2.695822e+01
         vertex 2.862701e+01 3.000000e+00 2.580049e+01
      endloop
   endfacet
   facet normal 0.000000e+00 -1.000000e+00 0.000000e+00
      outer loop
         vertex 2.862701e+01 3.000000e+00 2.580049e+01
         vertex 2.871381e+01 3.000000e+00 2.695822e+01
         vertex 2.825079e+01 3.000000e+00 2.683415e+01
      endloop
   endfacet
   facet normal -0.000000e+00 -1.000000e+00 0.000000e+00
      outer loop
         vertex 2.862701e+01 3.000000e+00 2.580049e+01
         vertex 2.825079e+01 3.000000e+00 2.683415e+01
         vertex 2.836634e+01 3.000000e+00 2.567894e+01
      endloop
   endfacet
   facet normal 0.000000e+00 -1.000000e+00 0.000000e+00
      outer loop
         vertex 2.836634e+01 3.000000e+00 2.567894e+01
         vertex 2.825079e+01 3.000000e+00 2.683415e+01
         vertex 2.781634e+01 3.000000e+00 2.663157e+01
      endloop
   endfacet
   facet normal -0.000000e+00 -1.000000e+00 0.000000e+00
      outer loop
         vertex 2.836634e+01 3.000000e+00 2.567894e+01
         vertex 2.781634e+01 3.000000e+00 2.663157e+01
         vertex 2.813074e+01 3.000000e+00 2.551397e+01
      endloop
   endfacet
   facet normal 0.000000e+00 -1.000000e+00 0.000000e+00
      outer loop
         vertex 2.813074e+01 3.000000e+00 2.551397e+01
         vertex 2.781634e+01 3.000000e+00 2.663157e+01
         vertex 2.742368e+01 3.000000e+00 2.635662e+01
      endloop
   endfacet
   facet normal -0.000000e+00 -1.000000e+00 0.000000e+00
      outer loop
         vertex 2.813074e+01 3.000000e+00 2.551397e+01
         vertex 2.742368e+01 3.000000e+00 2.635662e+01
         vertex 2.792737e+01 3.000000e+00 2.531060e+01
      endloop
   endfacet
   facet normal 0.000000e+00 -1.000000e+00 0.000000e+00
      outer loop
         vertex 2.792737e+01 3.000000e+00 2.531060e+01
         vertex 2.742368e+01 3.000000e+00 2.635662e+01
         vertex 2.708472e+01 3.000000e+00 2.601767e+01
      endloop
   endfacet
   facet normal -0.000000e+00 -1.000000e+00 0.000000e+00
      outer loop
         vertex 2.792737e+01 3.000000e+00 2.531060e+01
         vertex 2.708472e+01 3.000000e+00 2.601767e+01
         vertex 2.776240e+01 3.000000e+00 2.507500e+01
      endloop
   endfacet
   facet normal 0.000000e+00 -1.000000e+00 0.000000e+00
      outer loop
         vertex 2.776240e+01 3.000000e+00 2.507500e+01
         vertex 2.708472e+01 3.000000e+00 2.601767e+01
         vertex 2.680977e+01 3.000000e+00 2.562500e+01
      endloop
   endfacet
   facet normal -0.000000e+00 -1.000000e+00 0.000000e+00
      outer loop
         vertex 2.776240e+01 3.000000e+00 2.507500e+01
         vertex 2.680977e+01 3.000000e+00 2.562500e+01
         vertex 2.764085e+01 3.000000e+00 2.481433e+01
      endloop
   endfacet
   facet normal 0.000000e+00 -1.000000e+00 0.000000e+00
      outer loop
         vertex 2.764085e+01 3.000000e+00 2.481433e+01
         vertex 2.680977e+01 3.000000e+00 2.562500e+01
         vertex 2.660719e+01 3.000000e+00 2.519056e+01
      endloop
   endfacet
   facet normal -0.000000e+00 -1.000000e+00 0.000000e+00
      outer loop
         vertex 2.764085e+01 3.000000e+00 2.481433e+01
         vertex 2.660719e+01 3.000000e+00 2.519056e+01
         vertex 2.756641e+01 3.000000e+00 2.453652e+01
      endloop
   endfacet
   facet normal 0.000000e+00 -1.000000e+00 0.000000e+00
      outer loop
         vertex 2.756641e+01 3.000000e+00 2.453652e+01
         vertex 2.660719e+01 3.000000e+00 2.519056e+01
         vertex 2.648312e+01 3.000000e+00 2.472753e+01
      endloop
   endfacet
   facet normal -0.000000e+00 -1.000000e+00 0.000000e+00
      outer loop
         vertex 2.756641e+01 3.000000e+00 2.453652e+01
         vertex 2.648312e+01 3.000000e+00 2.472753e+01
         vertex 2.754134e+01 3.000000e+00 2.425000e+01
      endloop
   endfacet
   facet normal 0.000000e+00 -1.000000e+00 0.000000e+00
      outer loop
         vertex 2.754134e+01 3.000000e+00 2.425000e+01
         vertex 2.648312e+01 3.000000e+00 2.472753e+01
         vertex 2.644134e+01 3.000000e+00 2.425000e+01
      endloop
   endfacet
   facet normal -0.000000e+00 -1.000000e+00 -0.000000e+00
      outer loop
         vertex 2.754134e+01 3.000000e+00 2.425000e+01
         vertex 2.644134e+01 3.000000e+00 2.425000e+01
         vertex 2.756641e+01 3.000000e+00 2.396348e+01
      endloop
   endfacet
   facet normal -0.000000e+00 -1.000000e+00 0.000000e+00
      outer loop
         vertex 2.756641e+01 3.000000e+00 2.396348e+01
         vertex 2.644134e+01 3.000000e+00 2.425000e+01
         vertex 2.648312e+01 3.000000e+00 2.377247e+01
      endloop
   endfacet
   facet normal 0.000000e+00 -1.000000e+00 -0.000000e+00
      outer loop
         vertex 2.756641e+01 3.000000e+00 2.396348e+01
         vertex 2.648312e+01 3.000000e+00 2.377247e+01
         vertex 2.764085e+01 3.000000e+00 2.368567e+01
      endloop
   endfacet
   facet normal -0.000000e+00 -1.000000e+00 0.000000e+00
      outer loop
         vertex 2.764085e+01 3.000000e+00 2.368567e+01
         vertex 2.648312e+01 3.000000e+00 2.377247e+01
         vertex 2.660719e+01 3.000000e+00 2.330944e+01
      endloop
   endfacet
   facet normal 0.000000e+00 -1.000000e+00 -0.000000e+00
      outer loop
         vertex 2.764085e+01 3.000000e+00 2.368567e+01
         vertex 2.660719e+01 3.000000e+00 2.330944e+01
         vertex 2.776240e+01 3.000000e+00 2.342500e+01
      endloop
   endfacet
   facet normal 0.000000e+00 -1.000000e+00 0.000000e+00
      outer loop
         vertex 2.776240e+01 3.000000e+00 2.342500e+01
         vertex 2.660719e+01 3.000000e+00 2.330944e+01
         vertex 2.680977e+01 3.000000e+00 2.287500e+01
      endloop
   endfacet
   facet normal 0.000000e+00 -1.000000e+00 -0.000000e+00
      outer loop
         vertex 2.776240e+01 3.000000e+00 2.342500e+01
         vertex 2.680977e+01 3.000000e+00 2.287500e+01
         vertex 2.792737e+01 3.000000e+00 2.318940e+01
      endloop
   endfacet
   facet normal 0.000000e+00 -1.000000e+00 0.000000e+00
      outer loop
         vertex 2.792737e+01 3.000000e+00 2.318940e+01
         vertex 2.680977e+01 3.000000e+00 2.287500e+01
         vertex 2.708472e+01 3.000000e+00 2.248233e+01
      endloop
   endfacet
   facet normal 0.000000e+00 -1.000000e+00 -0.000000e+00
      outer loop
         vertex 2.792737e+01 3.000000e+00 2.318940e+01
         vertex 2.708472e+01 3.000000e+00 2.248233e+01
         vertex 2.813074e+01 3.000000e+00 2.298603e+01
      endloop
   endfacet
   facet normal 0.000000e+00 -1.000000e+00 0.000000e+00
      outer loop
         vertex 2.813074e+01 3.000000e+00 2.298603e+01
         vertex 2.708472e+01 3.000000e+00 2.248233e+01
         vertex 2.742368e+01 3.000000e+00 2.214338e+01
      endloop
   endfacet
   facet normal 0.000000e+00 -1.000000e+00 -0.000000e+00
      outer loop
         vertex 2.813074e+01 3.000000e+00 2.298603e+01
         vertex 2.742368e+01 3.000000e+00 2.214338e+01
         vertex 2.836634e+01 3.000000e+00 2.282106e+01
      endloop
   endfacet
   facet normal 0.000000e+00 -1.000000e+00 0.000000e+00
      outer loop
         vertex 2.836634e+01 3.000000e+00 2.282106e+01
         vertex 2.742368e+01 3.000000e+00 2.214338e+01
         vertex 2.781634e+01 3.000000e+00 2.186843e+01
      endloop
   endfacet
   facet normal 0.000000e+00 -1.000000e+00 -0.000000e+00
      outer loop
         vertex 2.836634e+01 3.000000e+00 2.282106e+01
         vertex 2.781634e+01 3.000000e+00 2.186843e+01
         vertex 2.862701e+01 3.000000e+00 2.269951e+01
      endloop
   endfacet
   facet normal 0.000000e+00 -1.000000e+00 0.000000e+00
      outer loop
         vertex 2.862701e+01 3.000000e+00 2.269951e+01
         vertex 2.781634e+01 3.000000e+00 2.186843e+01
         vertex 2.825079e+01 3.000000e+00 2.166585e+01
      endloop
   endfacet
   facet normal 0.000000e+00 -1.000000e+00 -0.000000e+00
      outer loop
         vertex 2.862701e+01 3.000000e+00 2.269951e+01
         vertex 2.825079e+01 3.000000e+00 2.166585e+01
         vertex 2.890482e+01 3.000000e+00 2.262507e+01
      endloop
   endfacet
   facet normal 0.000000e+00 -1.000000e+00 0.000000e+00
      outer loop
         vertex 2.890482e+01 3.000000e+00 2.262507e+01
         vertex 2.825079e+01 3.000000e+00 2.166585e+01
         vertex 2.871381e+01 3.000000e+00 2.154178e+01
      endloop
   endfacet
   facet normal 0.000000e+00 -1.000000e+00 -0.000000e+00
      outer loop
         vertex 2.890482e+01 3.000000e+00 2.262507e+01
         vertex 2.871381e+01 3.000000e+00 2.154178e+01
         vertex 2.919134e+01 3.000000e+00 2.260000e+01
      endloop
   endfacet
   facet normal 0.000000e+00 -1.000000e+00 -0.000000e+00
      outer loop
         vertex 2.919134e+01 3.000000e+00 2.260000e+01
         vertex 2.871381e+01 3.000000e+00 2.154178e+01
         vertex 2.919134e+01 3.000000e+00 2.150000e+01
      endloop
   endfacet
   facet normal 0.000000e+00 -1.000000e+00 0.000000e+00
      outer loop
         vertex 2.919134e+01 3.000000e+00 2.260000e+01
         vertex 2.919134e+01 3.000000e+00 2.150000e+01
         vertex 2.947786e+01 3.000000e+00 2.262507e+01
      endloop
   endfacet
   facet normal 0.000000e+00 -1.000000e+00 -0.000000e+00
      outer loop
         vertex 2.947786e+01 3.000000e+00 2.262507e+01
         vertex 2.919134e+01 3.000000e+00 2.150000e+01
         vertex 2.966888e+01 3.000000e+00 2.154178e+01
      endloop
   endfacet
   facet normal 0.000000e+00 -1.000000e+00 0.000000e+00
      outer loop
         vertex 2.947786e+01 3.000000e+00 2.262507e+01
         vertex 2.966888e+01 3.000000e+00 2.154178e+01
         vertex 2.975568e+01 3.000000e+00 2.269951e+01
      endloop
   endfacet
   facet normal 0.000000e+00 -1.000000e+00 -0.000000e+00
      outer loop
         vertex 2.975568e+01 3.000000e+00 2.269951e+01
         vertex 2.966888e+01 3.000000e+00 2.154178e+01
         vertex 3.013190e+01 3.000000e+00 2.166585e+01
      endloop
   endfacet
   facet normal 0.000000e+00 -1.000000e+00 0.000000e+00
      outer loop
         vertex 2.975568e+01 3.000000e+00 2.269951e+01
         vertex 3.013190e+01 3.000000e+00 2.166585e+01
         vertex 3.001634e+01 3.000000e+00 2.282106e+01
      endloop
   endfacet
   facet normal 0.000000e+00 -1.000000e+00 0.000000e+00
      outer loop
         vertex 3.001634e+01 3.000000e+00 2.282106e+01
         vertex 3.013190e+01 3.000000e+00 2.166585e+01
         vertex 3.056634e+01 3.000000e+00 2.186843e+01
      endloop
   endfacet
   facet normal 0.000000e+00 -1.000000e+00 0.000000e+00
      outer loop
         vertex 3.001634e+01 3.000000e+00 2.282106e+01
         vertex 3.056634e+01 3.000000e+00 2.186843e+01
         vertex 3.025194e+01 3.000000e+00 2.298603e+01
      endloop
   endfacet
   facet normal 0.000000e+00 -1.000000e+00 0.000000e+00
      outer loop
         vertex 3.025194e+01 3.000000e+00 2.298603e+01
         vertex 3.056634e+01 3.000000e+00 2.186843e+01
         vertex 3.095901e+01 3.000000e+00 2.214338e+01
      endloop
   endfacet
   facet normal 0.000000e+00 -1.000000e+00 0.000000e+00
      outer loop
         vertex 3.025194e+01 3.000000e+00 2.298603e+01
         vertex 3.095901e+01 3.000000e+00 2.214338e+01
         vertex 3.045532e+01 3.000000e+00 2.318940e+01
      endloop
   endfacet
   facet normal 0.000000e+00 -1.000000e+00 0.000000e+00
      outer loop
         vertex 3.045532e+01 3.000000e+00 2.318940e+01
         vertex 3.095901e+01 3.000000e+00 2.214338e+01
         vertex 3.129796e+01 3.000000e+00 2.248233e+01
      endloop
   endfacet
   facet normal 0.000000e+00 -1.000000e+00 0.000000e+00
      outer loop
         vertex 3.045532e+01 3.000000e+00 2.318940e+01
         vertex 3.129796e+01 3.000000e+00 2.248233e+01
         vertex 3.062029e+01 3.000000e+00 2.342500e+01
      endloop
   endfacet
   facet normal 0.000000e+00 -1.000000e+00 0.000000e+00
      outer loop
         vertex 3.062029e+01 3.000000e+00 2.342500e+01
         vertex 3.129796e+01 3.000000e+00 2.248233e+01
         vertex 3.157291e+01 3.000000e+00 2.287500e+01
      endloop
   endfacet
   facet normal 0.000000e+00 -1.000000e+00 0.000000e+00
      outer loop
         vertex 3.062029e+01 3.000000e+00 2.342500e+01
         vertex 3.157291e+01 3.000000e+00 2.287500e+01
         vertex 3.074184e+01 3.000000e+00 2.368567e+01
      endloop
   endfacet
   facet normal 0.000000e+00 -1.000000e+00 0.000000e+00
      outer loop
         vertex 3.074184e+01 3.000000e+00 2.368567e+01
         vertex 3.157291e+01 3.000000e+00 2.287500e+01
         vertex 3.177550e+01 3.000000e+00 2.330944e+01
      endloop
   endfacet
   facet normal 0.000000e+00 -1.000000e+00 0.000000e+00
      outer loop
         vertex 3.074184e+01 3.000000e+00 2.368567e+01
         vertex 3.177550e+01 3.000000e+00 2.330944e+01
         vertex 3.081628e+01 3.000000e+00 2.396348e+01
      endloop
   endfacet
   facet normal 0.000000e+00 -1.000000e+00 0.000000e+00
      outer loop
         vertex 3.081628e+01 3.000000e+00 2.396348e+01
         vertex 3.177550e+01 3.000000e+00 2.330944e+01
         vertex 3.189956e+01 3.000000e+00 2.377247e+01
      endloop
   endfacet
   facet normal 0.000000e+00 -1.000000e+00 0.000000e+00
      outer loop
         vertex 3.081628e+01 3.000000e+00 2.396348e+01
         vertex 3.189956e+01 3.000000e+00 2.377247e+01
         vertex 3.084134e+01 3.000000e+00 2.425000e+01
      endloop
   endfacet
   facet normal 0.000000e+00 -1.000000e+00 0.000000e+00
      outer loop
         vertex 3.084134e+01 3.000000e+00 2.425000e+01
         vertex 3.189956e+01 3.000000e+00 2.377247e+01
         vertex 3.194134e+01 3.000000e+00 2.425000e+01
      endloop
   endfacet
   facet normal 0.000000e+00 -1.000000e+00 0.000000e+00
      outer loop
         vertex 3.084134e+01 3.000000e+00 2.425000e+01
         vertex 3.194134e+01 3.000000e+00 2.425000e+01
         vertex 3.081628e+01 3.000000e+00 2.453652e+01
      endloop
   endfacet
   facet normal 0.000000e+00 -1.000000e+00 0.000000e+00
      outer loop
         vertex 3.081628e+01 3.000000e+00 2.453652e+01
         vertex 3.194134e+01 3.000000e+00 2.425000e+01
         vertex 3.189956e+01 3.000000e+00 2.472753e+01
      endloop
   endfacet
   facet normal 0.000000e+00 -1.000000e+00 0.000000e+00
      outer loop
         vertex 3.081628e+01 3.000000e+00 2.453652e+01
         vertex 3.189956e+01 3.000000e+00 2.472753e+01
         vertex 3.074184e+01 3.000000e+00 2.481433e+01
      endloop
   endfacet
   facet normal 0.000000e+00 -1.000000e+00 0.000000e+00
      outer loop
         vertex 3.074184e+01 3.000000e+00 2.481433e+01
         vertex 3.189956e+01 3.000000e+00 2.472753e+01
         vertex 3.177550e+01 3.000000e+00 2.519056e+01
      endloop
   endfacet
   facet normal 0.000000e+00 -1.000000e+00 0.000000e+00
      outer loop
         vertex 3.074184e+01 3.000000e+00 2.481433e+01
         vertex 3.177550e+01 3.000000e+00 2.519056e+01
         vertex 3.062029e+01 3.000000e+00 2.507500e+01
      endloop
   endfacet
   facet normal 0.000000e+00 -1.000000e+00 0.000000e+00
      outer loop
         vertex 3.062029e+01 3.000000e+00 2.507500e+01
         vertex 3.177550e+01 3.000000e+00 2.519056e+01
         vertex 3.157291e+01 3.000000e+00 2.562500e+01
      endloop
   endfacet
   facet normal 0.000000e+00 -1.000000e+00 0.000000e+00
      outer loop
         vertex 3.062029e+01 3.000000e+00 2.507500e+01
         vertex 3.157291e+01 3.000000e+00 2.562500e+01
         vertex 3.045532e+01 3.000000e+00 2.531060e+01
      endloop
   endfacet
   facet normal 0.000000e+00 -1.000000e+00 0.000000e+00
      outer loop
         vertex 3.045532e+01 3.000000e+00 2.531060e+01
         vertex 3.157291e+01 3.000000e+00 2.562500e+01
         vertex 3.129796e+01 3.000000e+00 2.601767e+01
      endloop
   endfacet
   facet normal 0.000000e+00 -1.000000e+00 0.000000e+00
      outer loop
         vertex 3.045532e+01 3.000000e+00 2.531060e+01
         vertex 3.129796e+01 3.000000e+00 2.601767e+01
         vertex 3.025194e+01 3.000000e+00 2.551397e+01
      endloop
   endfacet
   facet normal 0.000000e+00 -1.000000e+00 0.000000e+00
      outer loop
         vertex 3.025194e+01 3.000000e+00 2.551397e+01
         vertex 3.129796e+01 3.000000e+00 2.601767e+01
         vertex 3.095901e+01 3.000000e+00 2.635662e+01
      endloop
   endfacet
   facet normal 0.000000e+00 -1.000000e+00 0.000000e+00
      outer loop
         vertex 3.025194e+01 3.000000e+00 2.551397e+01
         vertex 3.095901e+01 3.000000e+00 2.635662e+01
         vertex 3.001634e+01 3.000000e+00 2.567894e+01
      endloop
   endfacet
   facet normal 0.000000e+00 -1.000000e+00 0.000000e+00
      outer loop
         vertex 3.001634e+01 3.000000e+00 2.567894e+01
         vertex 3.095901e+01 3.000000e+00 2.635662e+01
         vertex 3.056634e+01 3.000000e+00 2.663157e+01
      endloop
   endfacet
   facet normal 0.000000e+00 -1.000000e+00 0.000000e+00
      outer loop
         vertex 3.001634e+01 3.000000e+00 2.567894e+01
         vertex 3.056634e+01 3.000000e+00 2.663157e+01
         vertex 2.975568e+01 3.000000e+00 2.580049e+01
      endloop
   endfacet
   facet normal 0.000000e+00 -1.000000e+00 0.000000e+00
      outer loop
         vertex 2.975568e+01 3.000000e+00 2.580049e+01
         vertex 3.056634e+01 3.000000e+00 2.663157e+01
         vertex 3.013190e+01 3.000000e+00 2.683415e+01
      endloop
   endfacet
   facet normal 0.000000e+00 -1.000000e+00 0.000000e+00
      outer loop
         vertex 2.975568e+01 3.000000e+00 2.580049e+01
         vertex 3.013190e+01 3.000000e+00 2.683415e+01
         vertex 2.947786e+01 3.000000e+00 2.587493e+01
      endloop
   endfacet
   facet normal 0.000000e+00 -1.000000e+00 0.000000e+00
      outer loop
         vertex 2.947786e+01 3.000000e+00 2.587493e+01
         vertex 3.013190e+01 3.000000e+00 2.683415e+01
         vertex 2.966888e+01 3.000000e+00 2.695822e+01
      endloop
   endfacet
   facet normal 0.000000e+00 -1.000000e+00 0.000000e+00
      outer loop
         vertex 2.947786e+01 3.000000e+00 2.587493e+01
         vertex 2.966888e+01 3.000000e+00 2.695822e+01
         vertex 2.919134e+01 3.000000e+00 2.590000e+01
      endloop
   endfacet
   facet normal 0.000000e+00 -1.000000e+00 0.000000e+00
      outer loop
         vertex 2.919134e+01 3.000000e+00 2.590000e+01
         vertex 2.966888e+01 3.000000e+00 2.695822e+01
         vertex 2.919134e+01 3.000000e+00 2.700000e+01
      endloop
   endfacet
   facet normal 4.226188e-01 0.000000e+00 9.063075e-01
      outer loop
         vertex 2.781634e+01 3.000000e+00 8.368431e+00
         vertex 2.781634e+01 0.000000e+00 8.368431e+00
         vertex 2.825079e+01 3.000000e+00 8.165846e+00
      endloop
   endfacet
   facet normal 4.226188e-01 0.000000e+00 9.063075e-01
      outer loop
         vertex 2.825079e+01 3.000000e+00 8.165846e+00
         vertex 2.781634e+01 0.000000e+00 8.368431e+00
         vertex 2.825079e+01 0.000000e+00 8.165846e+00
      endloop
   endfacet
   facet normal 2.588200e-01 0.000000e+00 9.659256e-01
      outer loop
         vertex 2.825079e+01 3.000000e+00 8.165846e+00
         vertex 2.825079e+01 0.000000e+00 8.165846e+00
         vertex 2.871381e+01 3.000000e+00 8.041779e+00
      endloop
   endfacet
   facet normal 2.588200e-01 0.000000e+00 9.659256e-01
      outer loop
         vertex 2.871381e+01 3.000000e+00 8.041779e+00
         vertex 2.825079e+01 0.000000e+00 8.165846e+00
         vertex 2.871381e+01 0.000000e+00 8.041779e+00
      endloop
   endfacet
   facet normal 8.715468e-02 0.000000e+00 9.961948e-01
      outer loop
         vertex 2.871381e+01 3.000000e+00 8.041779e+00
         vertex 2.871381e+01 0.000000e+00 8.041779e+00
         vertex 2.919134e+01 3.000000e+00 8.000000e+00
      endloop
   endfacet
   facet normal 8.715468e-02 0.000000e+00 9.961948e-01
      outer loop
         vertex 2.919134e+01 3.000000e+00 8.000000e+00
         vertex 2.871381e+01 0.000000e+00 8.041779e+00
         vertex 2.919134e+01 0.000000e+00 8.000000e+00
      endloop
   endfacet
   facet normal -8.715468e-02 0.000000e+00 9.961948e-01
      outer loop
         vertex 2.919134e+01 3.000000e+00 8.000000e+00
         vertex 2.919134e+01 0.000000e+00 8.000000e+00
         vertex 2.966888e+01 3.000000e+00 8.041779e+00
      endloop
   endfacet
   facet normal -8.715468e-02 0.000000e+00 9.961948e-01
      outer loop
         vertex 2.966888e+01 3.000000e+00 8.041779e+00
         vertex 2.919134e+01 0.000000e+00 8.000000e+00
         vertex 2.966888e+01 0.000000e+00 8.041779e+00
      endloop
   endfacet
   facet normal -2.588200e-01 0.000000e+00 9.659256e-01
      outer loop
         vertex 2.966888e+01 3.000000e+00 8.041779e+00
         vertex 2.966888e+01 0.000000e+00 8.041779e+00
         vertex 3.013190e+01 3.000000e+00 8.165846e+00
      endloop
   endfacet
   facet normal -2.588200e-01 0.000000e+00 9.659256e-01
      outer loop
         vertex 3.013190e+01 3.000000e+00 8.165846e+00
         vertex 2.966888e+01 0.000000e+00 8.041779e+00
         vertex 3.013190e+01 0.000000e+00 8.165846e+00
      endloop
   endfacet
   facet normal -4.226188e-01 0.000000e+00 9.063075e-01
      outer loop
         vertex 3.013190e+01 3.000000e+00 8.165846e+00
         vertex 3.013190e+01 0.000000e+00 8.165846e+00
         vertex 3.056634e+01 3.000000e+00 8.368431e+00
      endloop
   endfacet
   facet normal -4.226188e-01 0.000000e+00 9.063075e-01
      outer loop
         vertex 3.056634e+01 3.000000e+00 8.368431e+00
         vertex 3.013190e+01 0.000000e+00 8.165846e+00
         vertex 3.056634e+01 0.000000e+00 8.368431e+00
      endloop
   endfacet
   facet normal -5.735753e-01 0.000000e+00 8.191529e-01
      outer loop
         vertex 3.056634e+01 3.000000e+00 8.368431e+00
         vertex 3.056634e+01 0.000000e+00 8.368431e+00
         vertex 3.095901e+01 3.000000e+00 8.643378e+00
      endloop
   endfacet
   facet normal -5.735753e-01 0.000000e+00 8.191529e-01
      outer loop
         vertex 3.095901e+01 3.000000e+00 8.643378e+00
         vertex 3.056634e+01 0.000000e+00 8.368431e+00
         vertex 3.095901e+01 0.000000e+00 8.643378e+00
      endloop
   endfacet
   facet normal -7.071078e-01 0.000000e+00 7.071058e-01
      outer loop
         vertex 3.095901e+01 3.000000e+00 8.643378e+00
         vertex 3.095901e+01 0.000000e+00 8.643378e+00
         vertex 3.129796e+01 3.000000e+00 8.982334e+00
      endloop
   endfacet
   facet normal -7.071078e-01 0.000000e+00 7.071058e-01
      outer loop
         vertex 3.129796e+01 3.000000e+00 8.982334e+00
         vertex 3.095901e+01 0.000000e+00 8.643378e+00
         vertex 3.129796e+01 0.000000e+00 8.982334e+00
      endloop
   endfacet
   facet normal -8.191520e-01 0.000000e+00 5.735766e-01
      outer loop
         vertex 3.129796e+01 3.000000e+00 8.982334e+00
         vertex 3.129796e+01 0.000000e+00 8.982334e+00
         vertex 3.157291e+01 3.000000e+00 9.375000e+00
      endloop
   endfacet
   facet normal -8.191520e-01 0.000000e+00 5.735766e-01
      outer loop
         vertex 3.157291e+01 3.000000e+00 9.375000e+00
         vertex 3.129796e+01 0.000000e+00 8.982334e+00
         vertex 3.157291e+01 0.000000e+00 9.375000e+00
      endloop
   endfacet
   facet normal -9.063075e-01 0.000000e+00 4.226188e-01
      outer loop
         vertex 3.157291e+01 3.000000e+00 9.375000e+00
         vertex 3.157291e+01 0.000000e+00 9.375000e+00
         vertex 3.177550e+01 3.000000e+00 9.809445e+00
      endloop
   endfacet
   facet normal -9.063075e-01 0.000000e+00 4.226188e-01
      outer loop
         vertex 3.177550e+01 3.000000e+00 9.809445e+00
         vertex 3.157291e+01 0.000000e+00 9.375000e+00
         vertex 3.177550e+01 0.000000e+00 9.809445e+00
      endloop
   endfacet
   facet normal -9.659261e-01 0.000000e+00 2.588181e-01
      outer loop
         vertex 3.177550e+01 3.000000e+00 9.809445e+00
         vertex 3.177550e+01 0.000000e+00 9.809445e+00
         vertex 3.189956e+01 3.000000e+00 1.027247e+01
      endloop
   endfacet
   facet normal -9.659261e-01 0.000000e+00 2.588181e-01
      outer loop
         vertex 3.189956e+01 3.000000e+00 1.027247e+01
         vertex 3.177550e+01 0.000000e+00 9.809445e+00
         vertex 3.189956e+01 0.000000e+00 1.027247e+01
      endloop
   endfacet
   facet normal -9.961946e-01 0.000000e+00 8.715670e-02
      outer loop
         vertex 3.189956e+01 3.000000e+00 1.027247e+01
         vertex 3.189956e+01 0.000000e+00 1.027247e+01
         vertex 3.194134e+01 3.000000e+00 1.075000e+01
      endloop
   endfacet
   facet normal -9.961946e-01 0.000000e+00 8.715670e-02
      outer loop
         vertex 3.194134e+01 3.000000e+00 1.075000e+01
         vertex 3.189956e+01 0.000000e+00 1.027247e+01
         vertex 3.194134e+01 0.000000e+00 1.075000e+01
      endloop
   endfacet
   facet normal -9.961946e-01 -0.000000e+00 -8.715661e-02
      outer loop
         vertex 3.194134e+01 3.000000e+00 1.075000e+01
         vertex 3.194134e+01 0.000000e+00 1.075000e+01
         vertex 3.189956e+01 3.000000e+00 1.122753e+01
      endloop
   endfacet
   facet normal -9.961946e-01 -0.000000e+00 -8.715661e-02
      outer loop
         vertex 3.189956e+01 3.000000e+00 1.122753e+01
         vertex 3.194134e+01 0.000000e+00 1.075000e+01
         vertex 3.189956e+01 0.000000e+00 1.122753e+01
      endloop
   endfacet
   facet normal -9.659261e-01 -0.000000e+00 -2.588181e-01
      outer loop
         vertex 3.189956e+01 3.000000e+00 1.122753e+01
         vertex 3.189956e+01 0.000000e+00 1.122753e+01
         vertex 3.177550e+01 3.000000e+00 1.169056e+01
      endloop
   endfacet
   facet normal -9.659261e-01 -0.000000e+00 -2.588181e-01
      outer loop
         vertex 3.177550e+01 3.000000e+00 1.169056e+01
         vertex 3.189956e+01 0.000000e+00 1.122753e+01
         vertex 3.177550e+01 0.000000e+00 1.169056e+01
      endloop
   endfacet
   facet normal -9.063075e-01 -0.000000e+00 -4.226188e-01
      outer loop
         vertex 3.177550e+01 3.000000e+00 1.169056e+01
         vertex 3.177550e+01 0.000000e+00 1.169056e+01
         vertex 3.157291e+01 3.000000e+00 1.212500e+01
      endloop
   endfacet
   facet normal -9.063075e-01 -0.000000e+00 -4.226188e-01
      outer loop
         vertex 3.157291e+01 3.000000e+00 1.212500e+01
         vertex 3.177550e+01 0.000000e+00 1.169056e+01
         vertex 3.157291e+01 0.000000e+00 1.212500e+01
      endloop
   endfacet
   facet normal -8.191520e-01 -0.000000e+00 -5.735766e-01
      outer loop
         vertex 3.157291e+01 3.000000e+00 1.212500e+01
         vertex 3.157291e+01 0.000000e+00 1.212500e+01
         vertex 3.129796e+01 3.000000e+00 1.251767e+01
      endloop
   endfacet
   facet normal -8.191520e-01 -0.000000e+00 -5.735766e-01
      outer loop
         vertex 3.129796e+01 3.000000e+00 1.251767e+01
         vertex 3.157291e+01 0.000000e+00 1.212500e+01
         vertex 3.129796e+01 0.000000e+00 1.251767e+01
      endloop
   endfacet
   facet normal -7.071073e-01 -0.000000e+00 -7.071063e-01
      outer loop
         vertex 3.129796e+01 3.000000e+00 1.251767e+01
         vertex 3.129796e+01 0.000000e+00 1.251767e+01
         vertex 3.095901e+01 3.000000e+00 1.285662e+01
      endloop
   endfacet
   facet normal -7.071073e-01 -0.000000e+00 -7.071063e-01
      outer loop
         vertex 3.095901e+01 3.000000e+00 1.285662e+01
         vertex 3.129796e+01 0.000000e+00 1.251767e+01
         vertex 3.095901e+01 0.000000e+00 1.285662e+01
      endloop
   endfacet
   facet normal -5.735766e-01 -0.000000e+00 -8.191520e-01
      outer loop
         vertex 3.095901e+01 3.000000e+00 1.285662e+01
         vertex 3.095901e+01 0.000000e+00 1.285662e+01
         vertex 3.056634e+01 3.000000e+00 1.313157e+01
      endloop
   endfacet
   facet normal -5.735766e-01 -0.000000e+00 -8.191520e-01
      outer loop
         vertex 3.056634e+01 3.000000e+00 1.313157e+01
         vertex 3.095901e+01 0.000000e+00 1.285662e+01
         vertex 3.056634e+01 0.000000e+00 1.313157e+01
      endloop
   endfacet
   facet normal -4.226180e-01 -0.000000e+00 -9.063079e-01
      outer loop
         vertex 3.056634e+01 3.000000e+00 1.313157e+01
         vertex 3.056634e+01 0.000000e+00 1.313157e+01
         vertex 3.013190e+01 3.000000e+00 1.333415e+01
      endloop
   endfacet
   facet normal -4.226180e-01 -0.000000e+00 -9.063079e-01
      outer loop
         vertex 3.013190e+01 3.000000e+00 1.333415e+01
         vertex 3.056634e+01 0.000000e+00 1.313157e+01
         vertex 3.013190e+01 0.000000e+00 1.333415e+01
      endloop
   endfacet
   facet normal -2.588191e-01 -0.000000e+00 -9.659258e-01
      outer loop
         vertex 3.013190e+01 3.000000e+00 1.333415e+01
         vertex 3.013190e+01 0.000000e+00 1.333415e+01
         vertex 2.966888e+01 3.000000e+00 1.345822e+01
      endloop
   endfacet
   facet normal -2.588191e-01 -0.000000e+00 -9.659258e-01
      outer loop
         vertex 2.966888e+01 3.000000e+00 1.345822e+01
         vertex 3.013190e+01 0.000000e+00 1.333415e+01
         vertex 2.966888e+01 0.000000e+00 1.345822e+01
      endloop
   endfacet
   facet normal -8.715565e-02 -0.000000e+00 -9.961947e-01
      outer loop
         vertex 2.966888e+01 3.000000e+00 1.345822e+01
         vertex 2.966888e+01 0.000000e+00 1.345822e+01
         vertex 2.919134e+01 3.000000e+00 1.350000e+01
      endloop
   endfacet
   facet normal -8.715565e-02 -0.000000e+00 -9.961947e-01
      outer loop
         vertex 2.919134e+01 3.000000e+00 1.350000e+01
         vertex 2.966888e+01 0.000000e+00 1.345822e+01
         vertex 2.919134e+01 0.000000e+00 1.350000e+01
      endloop
   endfacet
   facet normal 8.715565e-02 0.000000e+00 -9.961947e-01
      outer loop
         vertex 2.919134e+01 3.000000e+00 1.350000e+01
         vertex 2.919134e+01 0.000000e+00 1.350000e+01
         vertex 2.871381e+01 3.000000e+00 1.345822e+01
      endloop
   endfacet
   facet normal 8.715565e-02 0.000000e+00 -9.961947e-01
      outer loop
         vertex 2.871381e+01 3.000000e+00 1.345822e+01
         vertex 2.919134e+01 0.000000e+00 1.350000e+01
         vertex 2.871381e+01 0.000000e+00 1.345822e+01
      endloop
   endfacet
   facet normal 2.588191e-01 0.000000e+00 -9.659258e-01
      outer loop
         vertex 2.871381e+01 3.000000e+00 1.345822e+01
         vertex 2.871381e+01 0.000000e+00 1.345822e+01
         vertex 2.825079e+01 3.000000e+00 1.333415e+01
      endloop
   endfacet
   facet normal 2.588191e-01 0.000000e+00 -9.659258e-01
      outer loop
         vertex 2.825079e+01 3.000000e+00 1.333415e+01
         vertex 2.871381e+01 0.000000e+00 1.345822e+01
         vertex 2.825079e+01 0.000000e+00 1.333415e+01
      endloop
   endfacet
   facet normal 4.226180e-01 0.000000e+00 -9.063079e-01
      outer loop
         vertex 2.825079e+01 3.000000e+00 1.333415e+01
         vertex 2.825079e+01 0.000000e+00 1.333415e+01
         vertex 2.781634e+01 3.000000e+00 1.313157e+01
      endloop
   endfacet
   facet normal 4.226180e-01 0.000000e+00 -9.063079e-01
      outer loop
         vertex 2.781634e+01 3.000000e+00 1.313157e+01
         vertex 2.825079e+01 0.000000e+00 1.333415e+01
         vertex 2.781634e+01 0.000000e+00 1.313157e+01
      endloop
   endfacet
   facet normal 5.735766e-01 0.000000e+00 -8.191520e-01
      outer loop
         vertex 2.781634e+01 3.000000e+00 1.313157e+01
         vertex 2.781634e+01 0.000000e+00 1.313157e+01
         vertex 2.742368e+01 3.000000e+00 1.285662e+01
      endloop
   endfacet
   facet normal 5.735766e-01 0.000000e+00 -8.191520e-01
      outer loop
         vertex 2.742368e+01 3.000000e+00 1.285662e+01
         vertex 2.781634e+01 0.000000e+00 1.313157e+01
         vertex 2.742368e+01 0.000000e+00 1.285662e+01
      endloop
   endfacet
   facet normal 7.071073e-01 0.000000e+00 -7.071063e-01
      outer loop
         vertex 2.742368e+01 3.000000e+00 1.285662e+01
         vertex 2.742368e+01 0.000000e+00 1.285662e+01
         vertex 2.708472e+01 3.000000e+00 1.251767e+01
      endloop
   endfacet
   facet normal 7.071073e-01 0.000000e+00 -7.071063e-01
      outer loop
         vertex 2.708472e+01 3.000000e+00 1.251767e+01
         vertex 2.742368e+01 0.000000e+00 1.285662e+01
         vertex 2.708472e+01 0.000000e+00 1.251767e+01
      endloop
   endfacet
   facet normal 8.191520e-01 0.000000e+00 -5.735766e-01
      outer loop
         vertex 2.708472e+01 3.000000e+00 1.251767e+01
         vertex 2.708472e+01 0.000000e+00 1.251767e+01
         vertex 2.680977e+01 3.000000e+00 1.212500e+01
      endloop
   endfacet
   facet normal 8.191520e-01 0.000000e+00 -5.735766e-01
      outer loop
         vertex 2.680977e+01 3.000000e+00 1.212500e+01
         vertex 2.708472e+01 0.000000e+00 1.251767e+01
         vertex 2.680977e+01 0.000000e+00 1.212500e+01
      endloop
   endfacet
   facet normal 9.063075e-01 0.000000e+00 -4.226188e-01
      outer loop
         vertex 2.680977e+01 3.000000e+00 1.212500e+01
         vertex 2.680977e+01 0.000000e+00 1.212500e+01
         vertex 2.660719e+01 3.000000e+00 1.169056e+01
      endloop
   endfacet
   facet normal 9.063075e-01 0.000000e+00 -4.226188e-01
      outer loop
         vertex 2.660719e+01 3.000000e+00 1.169056e+01
         vertex 2.680977e+01 0.000000e+00 1.212500e+01
         vertex 2.660719e+01 0.000000e+00 1.169056e+01
      endloop
   endfacet
   facet normal 9.659256e-01 0.000000e+00 -2.588200e-01
      outer loop
         vertex 2.660719e+01 3.000000e+00 1.169056e+01
         vertex 2.660719e+01 0.000000e+00 1.169056e+01
         vertex 2.648312e+01 3.000000e+00 1.122753e+01
      endloop
   endfacet
   facet normal 9.659256e-01 0.000000e+00 -2.588200e-01
      outer loop
         vertex 2.648312e+01 3.000000e+00 1.122753e+01
         vertex 2.660719e+01 0.000000e+00 1.169056e+01
         vertex 2.648312e+01 0.000000e+00 1.122753e+01
      endloop
   endfacet
   facet normal 9.961948e-01 0.000000e+00 -8.715468e-02
      outer loop
         vertex 2.648312e+01 3.000000e+00 1.122753e+01
         vertex 2.648312e+01 0.000000e+00 1.122753e+01
         vertex 2.644134e+01 3.000000e+00 1.075000e+01
      endloop
   endfacet
   facet normal 9.961948e-01 0.000000e+00 -8.715468e-02
      outer loop
         vertex 2.644134e+01 3.000000e+00 1.075000e+01
         vertex 2.648312e+01 0.000000e+00 1.122753e+01
         vertex 2.644134e+01 0.000000e+00 1.075000e+01
      endloop
   endfacet
   facet normal 9.961948e-01 0.000000e+00 8.715477e-02
      outer loop
         vertex 2.644134e+01 3.000000e+00 1.075000e+01
         vertex 2.644134e+01 0.000000e+00 1.075000e+01
         vertex 2.648312e+01 3.000000e+00 1.027247e+01
      endloop
   endfacet
   facet normal 9.961948e-01 0.000000e+00 8.715477e-02
      outer loop
         vertex 2.648312e+01 3.000000e+00 1.027247e+01
         vertex 2.644134e+01 0.000000e+00 1.075000e+01
         vertex 2.648312e+01 0.000000e+00 1.027247e+01
      endloop
   endfacet
   facet normal 9.659256e-01 0.000000e+00 2.588200e-01
      outer loop
         vertex 2.648312e+01 3.000000e+00 1.027247e+01
         vertex 2.648312e+01 0.000000e+00 1.027247e+01
         vertex 2.660719e+01 3.000000e+00 9.809445e+00
      endloop
   endfacet
   facet normal 9.659256e-01 0.000000e+00 2.588200e-01
      outer loop
         vertex 2.660719e+01 3.000000e+00 9.809445e+00
         vertex 2.648312e+01 0.000000e+00 1.027247e+01
         vertex 2.660719e+01 0.000000e+00 9.809445e+00
      endloop
   endfacet
   facet normal 9.063075e-01 0.000000e+00 4.226188e-01
      outer loop
         vertex 2.660719e+01 3.000000e+00 9.809445e+00
         vertex 2.660719e+01 0.000000e+00 9.809445e+00
         vertex 2.680977e+01 3.000000e+00 9.375000e+00
      endloop
   endfacet
   facet normal 9.063075e-01 0.000000e+00 4.226188e-01
      outer loop
         vertex 2.680977e+01 3.000000e+00 9.375000e+00
         vertex 2.660719e+01 0.000000e+00 9.809445e+00
         vertex 2.680977e+01 0.000000e+00 9.375000e+00
      endloop
   endfacet
   facet normal 8.191520e-01 0.000000e+00 5.735766e-01
      outer loop
         vertex 2.680977e+01 3.000000e+00 9.375000e+00
         vertex 2.680977e+01 0.000000e+00 9.375000e+00
         vertex 2.708472e+01 3.000000e+00 8.982334e+00
      endloop
   endfacet
   facet normal 8.191520e-01 0.000000e+00 5.735766e-01
      outer loop
         vertex 2.708472e+01 3.000000e+00 8.982334e+00
         vertex 2.680977e+01 0.000000e+00 9.375000e+00
         vertex 2.708472e+01 0.000000e+00 8.982334e+00
      endloop
   endfacet
   facet normal 7.071078e-01 0.000000e+00 7.071058e-01
      outer loop
         vertex 2.708472e+01 3.000000e+00 8.982334e+00
         vertex 2.708472e+01 0.000000e+00 8.982334e+00
         vertex 2.742368e+01 3.000000e+00 8.643378e+00
      endloop
   endfacet
   facet normal 7.071078e-01 0.000000e+00 7.071058e-01
      outer loop
         vertex 2.742368e+01 3.000000e+00 8.643378e+00
         vertex 2.708472e+01 0.000000e+00 8.982334e+00
         vertex 2.742368e+01 0.000000e+00 8.643378e+00
      endloop
   endfacet
   facet normal 5.735753e-01 0.000000e+00 8.191529e-01
      outer loop
         vertex 2.742368e+01 3.000000e+00 8.643378e+00
         vertex 2.742368e+01 0.000000e+00 8.643378e+00
         vertex 2.781634e+01 3.000000e+00 8.368431e+00
      endloop
   endfacet
   facet normal 5.735753e-01 0.000000e+00 8.191529e-01
      outer loop
         vertex 2.781634e+01 3.000000e+00 8.368431e+00
         vertex 2.742368e+01 0.000000e+00 8.643378e+00
         vertex 2.781634e+01 0.000000e+00 8.368431e+00
      endloop
   endfacet
   facet normal 0.000000e+00 -1.000000e+00 0.000000e+00
      outer loop
         vertex 3.084134e+01 3.000000e+00 1.075000e+01
         vertex 3.194134e+01 3.000000e+00 1.075000e+01
         vertex 3.081628e+01 3.000000e+00 1.103652e+01
      endloop
   endfacet
   facet normal 0.000000e+00 -1.000000e+00 0.000000e+00
      outer loop
         vertex 3.081628e+01 3.000000e+00 1.103652e+01
         vertex 3.194134e+01 3.000000e+00 1.075000e+01
         vertex 3.189956e+01 3.000000e+00 1.122753e+01
      endloop
   endfacet
   facet normal 0.000000e+00 -1.000000e+00 0.000000e+00
      outer loop
         vertex 3.081628e+01 3.000000e+00 1.103652e+01
         vertex 3.189956e+01 3.000000e+00 1.122753e+01
         vertex 3.074184e+01 3.000000e+00 1.131433e+01
      endloop
   endfacet
   facet normal 0.000000e+00 -1.000000e+00 0.000000e+00
      outer loop
         vertex 3.074184e+01 3.000000e+00 1.131433e+01
         vertex 3.189956e+01 3.000000e+00 1.122753e+01
         vertex 3.177550e+01 3.000000e+00 1.169056e+01
      endloop
   endfacet
   facet normal 0.000000e+00 -1.000000e+00 0.000000e+00
      outer loop
         vertex 3.074184e+01 3.000000e+00 1.131433e+01
         vertex 3.177550e+01 3.000000e+00 1.169056e+01
         vertex 3.062029e+01 3.000000e+00 1.157500e+01
      endloop
   endfacet
   facet normal 0.000000e+00 -1.000000e+00 0.000000e+00
      outer loop
         vertex 3.062029e+01 3.000000e+00 1.157500e+01
         vertex 3.177550e+01 3.000000e+00 1.169056e+01
         vertex 3.157291e+01 3.000000e+00 1.212500e+01
      endloop
   endfacet
   facet normal 0.000000e+00 -1.000000e+00 0.000000e+00
      outer loop
         vertex 3.062029e+01 3.000000e+00 1.157500e+01
         vertex 3.157291e+01 3.000000e+00 1.212500e+01
         vertex 3.045532e+01 3.000000e+00 1.181060e+01
      endloop
   endfacet
   facet normal 0.000000e+00 -1.000000e+00 0.000000e+00
      outer loop
         vertex 3.045532e+01 3.000000e+00 1.181060e+01
         vertex 3.157291e+01 3.000000e+00 1.212500e+01
         vertex 3.129796e+01 3.000000e+00 1.251767e+01
      endloop
   endfacet
   facet normal 0.000000e+00 -1.000000e+00 0.000000e+00
      outer loop
         vertex 3.045532e+01 3.000000e+00 1.181060e+01
         vertex 3.129796e+01 3.000000e+00 1.251767e+01
         vertex 3.025194e+01 3.000000e+00 1.201397e+01
      endloop
   endfacet
   facet normal 0.000000e+00 -1.000000e+00 0.000000e+00
      outer loop
         vertex 3.025194e+01 3.000000e+00 1.201397e+01
         vertex 3.129796e+01 3.000000e+00 1.251767e+01
         vertex 3.095901e+01 3.000000e+00 1.285662e+01
      endloop
   endfacet
   facet normal 0.000000e+00 -1.000000e+00 0.000000e+00
      outer loop
         vertex 3.025194e+01 3.000000e+00 1.201397e+01
         vertex 3.095901e+01 3.000000e+00 1.285662e+01
         vertex 3.001634e+01 3.000000e+00 1.217894e+01
      endloop
   endfacet
   facet normal 0.000000e+00 -1.000000e+00 0.000000e+00
      outer loop
         vertex 3.001634e+01 3.000000e+00 1.217894e+01
         vertex 3.095901e+01 3.000000e+00 1.285662e+01
         vertex 3.056634e+01 3.000000e+00 1.313157e+01
      endloop
   endfacet
   facet normal 0.000000e+00 -1.000000e+00 0.000000e+00
      outer loop
         vertex 3.001634e+01 3.000000e+00 1.217894e+01
         vertex 3.056634e+01 3.000000e+00 1.313157e+01
         vertex 2.975568e+01 3.000000e+00 1.230049e+01
      endloop
   endfacet
   facet normal 0.000000e+00 -1.000000e+00 0.000000e+00
      outer loop
         vertex 2.975568e+01 3.000000e+00 1.230049e+01
         vertex 3.056634e+01 3.000000e+00 1.313157e+01
         vertex 3.013190e+01 3.000000e+00 1.333415e+01
      endloop
   endfacet
   facet normal 0.000000e+00 -1.000000e+00 0.000000e+00
      outer loop
         vertex 2.975568e+01 3.000000e+00 1.230049e+01
         vertex 3.013190e+01 3.000000e+00 1.333415e+01
         vertex 2.947786e+01 3.000000e+00 1.237493e+01
      endloop
   endfacet
   facet normal 0.000000e+00 -1.000000e+00 0.000000e+00
      outer loop
         vertex 2.947786e+01 3.000000e+00 1.237493e+01
         vertex 3.013190e+01 3.000000e+00 1.333415e+01
         vertex 2.966888e+01 3.000000e+00 1.345822e+01
      endloop
   endfacet
   facet normal 0.000000e+00 -1.000000e+00 0.000000e+00
      outer loop
         vertex 2.947786e+01 3.000000e+00 1.237493e+01
         vertex 2.966888e+01 3.000000e+00 1.345822e+01
         vertex 2.919134e+01 3.000000e+00 1.240000e+01
      endloop
   endfacet
   facet normal 0.000000e+00 -1.000000e+00 0.000000e+00
      outer loop
         vertex 2.919134e+01 3.000000e+00 1.240000e+01
         vertex 2.966888e+01 3.000000e+00 1.345822e+01
         vertex 2.919134e+01 3.000000e+00 1.350000e+01
      endloop
   endfacet
   facet normal -0.000000e+00 -1.000000e+00 0.000000e+00
      outer loop
         vertex 2.919134e+01 3.000000e+00 1.240000e+01
         vertex 2.919134e+01 3.000000e+00 1.350000e+01
         vertex 2.890482e+01 3.000000e+00 1.237493e+01
      endloop
   endfacet
   facet normal 0.000000e+00 -1.000000e+00 0.000000e+00
      outer loop
         vertex 2.890482e+01 3.000000e+00 1.237493e+01
         vertex 2.919134e+01 3.000000e+00 1.350000e+01
         vertex 2.871381e+01 3.000000e+00 1.345822e+01
      endloop
   endfacet
   facet normal -0.000000e+00 -1.000000e+00 0.000000e+00
      outer loop
         vertex 2.890482e+01 3.000000e+00 1.237493e+01
         vertex 2.871381e+01 3.000000e+00 1.345822e+01
         vertex 2.862701e+01 3.000000e+00 1.230049e+01
      endloop
   endfacet
   facet normal 0.000000e+00 -1.000000e+00 0.000000e+00
      outer loop
         vertex 2.862701e+01 3.000000e+00 1.230049e+01
         vertex 2.871381e+01 3.000000e+00 1.345822e+01
         vertex 2.825079e+01 3.000000e+00 1.333415e+01
      endloop
   endfacet
   facet normal -0.000000e+00 -1.000000e+00 0.000000e+00
      outer loop
         vertex 2.862701e+01 3.000000e+00 1.230049e+01
         vertex 2.825079e+01 3.000000e+00 1.333415e+01
         vertex 2.836634e+01 3.000000e+00 1.217894e+01
      endloop
   endfacet
   facet normal 0.000000e+00 -1.000000e+00 0.000000e+00
      outer loop
         vertex 2.836634e+01 3.000000e+00 1.217894e+01
         vertex 2.825079e+01 3.000000e+00 1.333415e+01
         vertex 2.781634e+01 3.000000e+00 1.313157e+01
      endloop
   endfacet
   facet normal -0.000000e+00 -1.000000e+00 0.000000e+00
      outer loop
         vertex 2.836634e+01 3.000000e+00 1.217894e+01
         vertex 2.781634e+01 3.000000e+00 1.313157e+01
         vertex 2.813074e+01 3.000000e+00 1.201397e+01
      endloop
   endfacet
   facet normal 0.000000e+00 -1.000000e+00 0.000000e+00
      outer loop
         vertex 2.813074e+01 3.000000e+00 1.201397e+01
         vertex 2.781634e+01 3.000000e+00 1.313157e+01
         vertex 2.742368e+01 3.000000e+00 1.285662e+01
      endloop
   endfacet
   facet normal -0.000000e+00 -1.000000e+00 0.000000e+00
      outer loop
         vertex 2.813074e+01 3.000000e+00 1.201397e+01
         vertex 2.742368e+01 3.000000e+00 1.285662e+01
         vertex 2.792737e+01 3.000000e+00 1.181060e+01
      endloop
   endfacet
   facet normal 0.000000e+00 -1.000000e+00 0.000000e+00
      outer loop
         vertex 2.792737e+01 3.000000e+00 1.181060e+01
         vertex 2.742368e+01 3.000000e+00 1.285662e+01
         vertex 2.708472e+01 3.000000e+00 1.251767e+01
      endloop
   endfacet
   facet normal -0.000000e+00 -1.000000e+00 0.000000e+00
      outer loop
         vertex 2.792737e+01 3.000000e+00 1.181060e+01
         vertex 2.708472e+01 3.000000e+00 1.251767e+01
         vertex 2.776240e+01 3.000000e+00 1.157500e+01
      endloop
   endfacet
   facet normal 0.000000e+00 -1.000000e+00 0.000000e+00
      outer loop
         vertex 2.776240e+01 3.000000e+00 1.157500e+01
         vertex 2.708472e+01 3.000000e+00 1.251767e+01
         vertex 2.680977e+01 3.000000e+00 1.212500e+01
      endloop
   endfacet
   facet normal -0.000000e+00 -1.000000e+00 0.000000e+00
      outer loop
         vertex 2.776240e+01 3.000000e+00 1.157500e+01
         vertex 2.680977e+01 3.000000e+00 1.212500e+01
         vertex 2.764085e+01 3.000000e+00 1.131433e+01
      endloop
   endfacet
   facet normal 0.000000e+00 -1.000000e+00 0.000000e+00
      outer loop
         vertex 2.764085e+01 3.000000e+00 1.131433e+01
         vertex 2.680977e+01 3.000000e+00 1.212500e+01
         vertex 2.660719e+01 3.000000e+00 1.169056e+01
      endloop
   endfacet
   facet normal -0.000000e+00 -1.000000e+00 0.000000e+00
      outer loop
         vertex 2.764085e+01 3.000000e+00 1.131433e+01
         vertex 2.660719e+01 3.000000e+00 1.169056e+01
         vertex 2.756641e+01 3.000000e+00 1.103652e+01
      endloop
   endfacet
   facet normal 0.000000e+00 -1.000000e+00 0.000000e+00
      outer loop
         vertex 2.756641e+01 3.000000e+00 1.103652e+01
         vertex 2.660719e+01 3.000000e+00 1.169056e+01
         vertex 2.648312e+01 3.000000e+00 1.122753e+01
      endloop
   endfacet
   facet normal -0.000000e+00 -1.000000e+00 0.000000e+00
      outer loop
         vertex 2.756641e+01 3.000000e+00 1.103652e+01
         vertex 2.648312e+01 3.000000e+00 1.122753e+01
         vertex 2.754134e+01 3.000000e+00 1.075000e+01
      endloop
   endfacet
   facet normal 0.000000e+00 -1.000000e+00 0.000000e+00
      outer loop
         vertex 2.754134e+01 3.000000e+00 1.075000e+01
         vertex 2.648312e+01 3.000000e+00 1.122753e+01
         vertex 2.644134e+01 3.000000e+00 1.075000e+01
      endloop
   endfacet
   facet normal -0.000000e+00 -1.000000e+00 -0.000000e+00
      outer loop
         vertex 2.754134e+01 3.000000e+00 1.075000e+01
         vertex 2.644134e+01 3.000000e+00 1.075000e+01
         vertex 2.756641e+01 3.000000e+00 1.046348e+01
      endloop
   endfacet
   facet normal -0.000000e+00 -1.000000e+00 0.000000e+00
      outer loop
         vertex 2.756641e+01 3.000000e+00 1.046348e+01
         vertex 2.644134e+01 3.000000e+00 1.075000e+01
         vertex 2.648312e+01 3.000000e+00 1.027247e+01
      endloop
   endfacet
   facet normal 0.000000e+00 -1.000000e+00 -0.000000e+00
      outer loop
         vertex 2.756641e+01 3.000000e+00 1.046348e+01
         vertex 2.648312e+01 3.000000e+00 1.027247e+01
         vertex 2.764085e+01 3.000000e+00 1.018567e+01
      endloop
   endfacet
   facet normal -0.000000e+00 -1.000000e+00 0.000000e+00
      outer loop
         vertex 2.764085e+01 3.000000e+00 1.018567e+01
         vertex 2.648312e+01 3.000000e+00 1.027247e+01
         vertex 2.660719e+01 3.000000e+00 9.809445e+00
      endloop
   endfacet
   facet normal 0.000000e+00 -1.000000e+00 -0.000000e+00
      outer loop
         vertex 2.764085e+01 3.000000e+00 1.018567e+01
         vertex 2.660719e+01 3.000000e+00 9.809445e+00
         vertex 2.776240e+01 3.000000e+00 9.925000e+00
      endloop
   endfacet
   facet normal 0.000000e+00 -1.000000e+00 0.000000e+00
      outer loop
         vertex 2.776240e+01 3.000000e+00 9.925000e+00
         vertex 2.660719e+01 3.000000e+00 9.809445e+00
         vertex 2.680977e+01 3.000000e+00 9.375000e+00
      endloop
   endfacet
   facet normal 0.000000e+00 -1.000000e+00 -0.000000e+00
      outer loop
         vertex 2.776240e+01 3.000000e+00 9.925000e+00
         vertex 2.680977e+01 3.000000e+00 9.375000e+00
         vertex 2.792737e+01 3.000000e+00 9.689400e+00
      endloop
   endfacet
   facet normal 0.000000e+00 -1.000000e+00 0.000000e+00
      outer loop
         vertex 2.792737e+01 3.000000e+00 9.689400e+00
         vertex 2.680977e+01 3.000000e+00 9.375000e+00
         vertex 2.708472e+01 3.000000e+00 8.982334e+00
      endloop
   endfacet
   facet normal 0.000000e+00 -1.000000e+00 -0.000000e+00
      outer loop
         vertex 2.792737e+01 3.000000e+00 9.689400e+00
         vertex 2.708472e+01 3.000000e+00 8.982334e+00
         vertex 2.813074e+01 3.000000e+00 9.486027e+00
      endloop
   endfacet
   facet normal 0.000000e+00 -1.000000e+00 0.000000e+00
      outer loop
         vertex 2.813074e+01 3.000000e+00 9.486027e+00
         vertex 2.708472e+01 3.000000e+00 8.982334e+00
         vertex 2.742368e+01 3.000000e+00 8.643378e+00
      endloop
   endfacet
   facet normal 0.000000e+00 -1.000000e+00 -0.000000e+00
      outer loop
         vertex 2.813074e+01 3.000000e+00 9.486027e+00
         vertex 2.742368e+01 3.000000e+00 8.643378e+00
         vertex 2.836634e+01 3.000000e+00 9.321058e+00
      endloop
   endfacet
   facet normal 0.000000e+00 -1.000000e+00 0.000000e+00
      outer loop
         vertex 2.836634e+01 3.000000e+00 9.321058e+00
         vertex 2.742368e+01 3.000000e+00 8.643378e+00
         vertex 2.781634e+01 3.000000e+00 8.368431e+00
      endloop
   endfacet
   facet normal 0.000000e+00 -1.000000e+00 -0.000000e+00
      outer loop
         vertex 2.836634e+01 3.000000e+00 9.321058e+00
         vertex 2.781634e+01 3.000000e+00 8.368431e+00
         vertex 2.862701e+01 3.000000e+00 9.199508e+00
      endloop
   endfacet
   facet normal 0.000000e+00 -1.000000e+00 0.000000e+00
      outer loop
         vertex 2.862701e+01 3.000000e+00 9.199508e+00
         vertex 2.781634e+01 3.000000e+00 8.368431e+00
         vertex 2.825079e+01 3.000000e+00 8.165846e+00
      endloop
   endfacet
   facet normal 0.000000e+00 -1.000000e+00 -0.000000e+00
      outer loop
         vertex 2.862701e+01 3.000000e+00 9.199508e+00
         vertex 2.825079e+01 3.000000e+00 8.165846e+00
         vertex 2.890482e+01 3.000000e+00 9.125067e+00
      endloop
   endfacet
   facet normal 0.000000e+00 -1.000000e+00 0.000000e+00
      outer loop
         vertex 2.890482e+01 3.000000e+00 9.125067e+00
         vertex 2.825079e+01 3.000000e+00 8.165846e+00
         vertex 2.871381e+01 3.000000e+00 8.041779e+00
      endloop
   endfacet
   facet normal 0.000000e+00 -1.000000e+00 -0.000000e+00
      outer loop
         vertex 2.890482e+01 3.000000e+00 9.125067e+00
         vertex 2.871381e+01 3.000000e+00 8.041779e+00
         vertex 2.919134e+01 3.000000e+00 9.100000e+00
      endloop
   endfacet
   facet normal 0.000000e+00 -1.000000e+00 -0.000000e+00
      outer loop
         vertex 2.919134e+01 3.000000e+00 9.100000e+00
         vertex 2.871381e+01 3.000000e+00 8.041779e+00
         vertex 2.919134e+01 3.000000e+00 8.000000e+00
      endloop
   endfacet
   facet normal 0.000000e+00 -1.000000e+00 0.000000e+00
      outer loop
         vertex 2.919134e+01 3.000000e+00 9.100000e+00
         vertex 2.919134e+01 3.000000e+00 8.000000e+00
         vertex 2.947786e+01 3.000000e+00 9.125067e+00
      endloop
   endfacet
   facet normal 0.000000e+00 -1.000000e+00 -0.000000e+00
      outer loop
         vertex 2.947786e+01 3.000000e+00 9.125067e+00
         vertex 2.919134e+01 3.000000e+00 8.000000e+00
         vertex 2.966888e+01 3.000000e+00 8.041779e+00
      endloop
   endfacet
   facet normal 0.000000e+00 -1.000000e+00 0.000000e+00
      outer loop
         vertex 2.947786e+01 3.000000e+00 9.125067e+00
         vertex 2.966888e+01 3.000000e+00 8.041779e+00
         vertex 2.975568e+01 3.000000e+00 9.199508e+00
      endloop
   endfacet
   facet normal 0.000000e+00 -1.000000e+00 -0.000000e+00
      outer loop
         vertex 2.975568e+01 3.000000e+00 9.199508e+00
         vertex 2.966888e+01 3.000000e+00 8.041779e+00
         vertex 3.013190e+01 3.000000e+00 8.165846e+00
      endloop
   endfacet
   facet normal 0.000000e+00 -1.000000e+00 0.000000e+00
      outer loop
         vertex 2.975568e+01 3.000000e+00 9.199508e+00
         vertex 3.013190e+01 3.000000e+00 8.165846e+00
         vertex 3.001634e+01 3.000000e+00 9.321058e+00
      endloop
   endfacet
   facet normal 0.000000e+00 -1.000000e+00 0.000000e+00
      outer loop
         vertex 3.001634e+01 3.000000e+00 9.321058e+00
         vertex 3.013190e+01 3.000000e+00 8.165846e+00
         vertex 3.056634e+01 3.000000e+00 8.368431e+00
      endloop
   endfacet
   facet normal 0.000000e+00 -1.000000e+00 0.000000e+00
      outer loop
         vertex 3.001634e+01 3.000000e+00 9.321058e+00
         vertex 3.056634e+01 3.000000e+00 8.368431e+00
         vertex 3.025194e+01 3.000000e+00 9.486027e+00
      endloop
   endfacet
   facet normal 0.000000e+00 -1.000000e+00 0.000000e+00
      outer loop
         vertex 3.025194e+01 3.000000e+00 9.486027e+00
         vertex 3.056634e+01 3.000000e+00 8.368431e+00
         vertex 3.095901e+01 3.000000e+00 8.643378e+00
      endloop
   endfacet
   facet normal 0.000000e+00 -1.000000e+00 0.000000e+00
      outer loop
         vertex 3.025194e+01 3.000000e+00 9.486027e+00
         vertex 3.095901e+01 3.000000e+00 8.643378e+00
         vertex 3.045532e+01 3.000000e+00 9.689400e+00
      endloop
   endfacet
   facet normal 0.000000e+00 -1.000000e+00 0.000000e+00
      outer loop
         vertex 3.045532e+01 3.000000e+00 9.689400e+00
         vertex 3.095901e+01 3.000000e+00 8.643378e+00
         vertex 3.129796e+01 3.000000e+00 8.982334e+00
      endloop
   endfacet
   facet normal 0.000000e+00 -1.000000e+00 0.000000e+00
      outer loop
         vertex 3.045532e+01 3.000000e+00 9.689400e+00
         vertex 3.129796e+01 3.000000e+00 8.982334e+00
         vertex 3.062029e+01 3.000000e+00 9.925000e+00
      endloop
   endfacet
   facet normal 0.000000e+00 -1.000000e+00 0.000000e+00
      outer loop
         vertex 3.062029e+01 3.000000e+00 9.925000e+00
         vertex 3.129796e+01 3.000000e+00 8.982334e+00
         vertex 3.157291e+01 3.000000e+00 9.375000e+00
      endloop
   endfacet
   facet normal 0.000000e+00 -1.000000e+00 0.000000e+00
      outer loop
         vertex 3.062029e+01 3.000000e+00 9.925000e+00
         vertex 3.157291e+01 3.000000e+00 9.375000e+00
         vertex 3.074184e+01 3.000000e+00 1.018567e+01
      endloop
   endfacet
   facet normal 0.000000e+00 -1.000000e+00 0.000000e+00
      outer loop
         vertex 3.074184e+01 3.000000e+00 1.018567e+01
         vertex 3.157291e+01 3.000000e+00 9.375000e+00
         vertex 3.177550e+01 3.000000e+00 9.809445e+00
      endloop
   endfacet
   facet normal 0.000000e+00 -1.000000e+00 0.000000e+00
      outer loop
         vertex 3.074184e+01 3.000000e+00 1.018567e+01
         vertex 3.177550e+01 3.000000e+00 9.809445e+00
         vertex 3.081628e+01 3.000000e+00 1.046348e+01
      endloop
   endfacet
   facet normal 0.000000e+00 -1.000000e+00 0.000000e+00
      outer loop
         vertex 3.081628e+01 3.000000e+00 1.046348e+01
         vertex 3.177550e+01 3.000000e+00 9.809445e+00
         vertex 3.189956e+01 3.000000e+00 1.027247e+01
      endloop
   endfacet
   facet normal 0.000000e+00 -1.000000e+00 0.000000e+00
      outer loop
         vertex 3.081628e+01 3.000000e+00 1.046348e+01
         vertex 3.189956e+01 3.000000e+00 1.027247e+01
         vertex 3.084134e+01 3.000000e+00 1.075000e+01
      endloop
   endfacet
   facet normal 0.000000e+00 -1.000000e+00 0.000000e+00
      outer loop
         vertex 3.084134e+01 3.000000e+00 1.075000e+01
         vertex 3.189956e+01 3.000000e+00 1.027247e+01
         vertex 3.194134e+01 3.000000e+00 1.075000e+01
      endloop
   endfacet
   facet normal 9.961947e-01 0.000000e+00 8.715582e-02
      outer loop
         vertex 1.475000e+01 3.000000e+00 4.000000e+00
         vertex 1.475000e+01 0.000000e+00 4.000000e+00
         vertex 1.479178e+01 3.000000e+00 3.522468e+00
      endloop
   endfacet
   facet normal 9.961947e-01 0.000000e+00 8.715582e-02
      outer loop
         vertex 1.479178e+01 3.000000e+00 3.522468e+00
         vertex 1.475000e+01 0.000000e+00 4.000000e+00
         vertex 1.479178e+01 0.000000e+00 3.522468e+00
      endloop
   endfacet
   facet normal 9.659258e-01 0.000000e+00 2.588191e-01
      outer loop
         vertex 1.479178e+01 3.000000e+00 3.522468e+00
         vertex 1.479178e+01 0.000000e+00 3.522468e+00
         vertex 1.491585e+01 3.000000e+00 3.059445e+00
      endloop
   endfacet
   facet normal 9.659258e-01 0.000000e+00 2.588191e-01
      outer loop
         vertex 1.491585e+01 3.000000e+00 3.059445e+00
         vertex 1.479178e+01 0.000000e+00 3.522468e+00
         vertex 1.491585e+01 0.000000e+00 3.059445e+00
      endloop
   endfacet
   facet normal 9.063081e-01 0.000000e+00 4.226177e-01
      outer loop
         vertex 1.491585e+01 3.000000e+00 3.059445e+00
         vertex 1.491585e+01 0.000000e+00 3.059445e+00
         vertex 1.511843e+01 3.000000e+00 2.625000e+00
      endloop
   endfacet
   facet normal 9.063081e-01 0.000000e+00 4.226177e-01
      outer loop
         vertex 1.511843e+01 3.000000e+00 2.625000e+00
         vertex 1.491585e+01 0.000000e+00 3.059445e+00
         vertex 1.511843e+01 0.000000e+00 2.625000e+00
      endloop
   endfacet
   facet normal 8.191515e-01 0.000000e+00 5.735772e-01
      outer loop
         vertex 1.511843e+01 3.000000e+00 2.625000e+00
         vertex 1.511843e+01 0.000000e+00 2.625000e+00
         vertex 1.539338e+01 3.000000e+00 2.232335e+00
      endloop
   endfacet
   facet normal 8.191515e-01 0.000000e+00 5.735772e-01
      outer loop
         vertex 1.539338e+01 3.000000e+00 2.232335e+00
         vertex 1.511843e+01 0.000000e+00 2.625000e+00
         vertex 1.539338e+01 0.000000e+00 2.232335e+00
      endloop
   endfacet
   facet normal 7.071071e-01 0.000000e+00 7.071064e-01
      outer loop
         vertex 1.539338e+01 3.000000e+00 2.232335e+00
         vertex 1.539338e+01 0.000000e+00 2.232335e+00
         vertex 1.573233e+01 3.000000e+00 1.893378e+00
      endloop
   endfacet
   facet normal 7.071071e-01 0.000000e+00 7.071064e-01
      outer loop
         vertex 1.573233e+01 3.000000e+00 1.893378e+00
         vertex 1.539338e+01 0.000000e+00 2.232335e+00
         vertex 1.573233e+01 0.000000e+00 1.893378e+00
      endloop
   endfacet
   facet normal 5.735767e-01 0.000000e+00 8.191519e-01
      outer loop
         vertex 1.573233e+01 3.000000e+00 1.893378e+00
         vertex 1.573233e+01 0.000000e+00 1.893378e+00
         vertex 1.612500e+01 3.000000e+00 1.618430e+00
      endloop
   endfacet
   facet normal 5.735767e-01 0.000000e+00 8.191519e-01
      outer loop
         vertex 1.612500e+01 3.000000e+00 1.618430e+00
         vertex 1.573233e+01 0.000000e+00 1.893378e+00
         vertex 1.612500e+01 0.000000e+00 1.618430e+00
      endloop
   endfacet
   facet normal 4.226186e-01 0.000000e+00 9.063076e-01
      outer loop
         vertex 1.612500e+01 3.000000e+00 1.618430e+00
         vertex 1.612500e+01 0.000000e+00 1.618430e+00
         vertex 1.655944e+01 3.000000e+00 1.415845e+00
      endloop
   endfacet
   facet normal 4.226186e-01 0.000000e+00 9.063076e-01
      outer loop
         vertex 1.655944e+01 3.000000e+00 1.415845e+00
         vertex 1.612500e+01 0.000000e+00 1.618430e+00
         vertex 1.655944e+01 0.000000e+00 1.415845e+00
      endloop
   endfacet
   facet normal 2.588199e-01 0.000000e+00 9.659256e-01
      outer loop
         vertex 1.655944e+01 3.000000e+00 1.415845e+00
         vertex 1.655944e+01 0.000000e+00 1.415845e+00
         vertex 1.702247e+01 3.000000e+00 1.291778e+00
      endloop
   endfacet
   facet normal 2.588199e-01 0.000000e+00 9.659256e-01
      outer loop
         vertex 1.702247e+01 3.000000e+00 1.291778e+00
         vertex 1.655944e+01 0.000000e+00 1.415845e+00
         vertex 1.702247e+01 0.000000e+00 1.291778e+00
      endloop
   endfacet
   facet normal 8.715282e-02 0.000000e+00 9.961950e-01
      outer loop
         vertex 1.702247e+01 3.000000e+00 1.291778e+00
         vertex 1.702247e+01 0.000000e+00 1.291778e+00
         vertex 1.750000e+01 3.000000e+00 1.250001e+00
      endloop
   endfacet
   facet normal 8.715282e-02 0.000000e+00 9.961950e-01
      outer loop
         vertex 1.750000e+01 3.000000e+00 1.250001e+00
         vertex 1.702247e+01 0.000000e+00 1.291778e+00
         vertex 1.750000e+01 0.000000e+00 1.250001e+00
      endloop
   endfacet
   facet normal -8.715282e-02 0.000000e+00 9.961950e-01
      outer loop
         vertex 1.750000e+01 3.000000e+00 1.250001e+00
         vertex 1.750000e+01 0.000000e+00 1.250001e+00
         vertex 1.797753e+01 3.000000e+00 1.291778e+00
      endloop
   endfacet
   facet normal -8.715282e-02 0.000000e+00 9.961950e-01
      outer loop
         vertex 1.797753e+01 3.000000e+00 1.291778e+00
         vertex 1.750000e+01 0.000000e+00 1.250001e+00
         vertex 1.797753e+01 0.000000e+00 1.291778e+00
      endloop
   endfacet
   facet normal -2.588199e-01 0.000000e+00 9.659256e-01
      outer loop
         vertex 1.797753e+01 3.000000e+00 1.291778e+00
         vertex 1.797753e+01 0.000000e+00 1.291778e+00
         vertex 1.844056e+01 3.000000e+00 1.415845e+00
      endloop
   endfacet
   facet normal -2.588199e-01 0.000000e+00 9.659256e-01
      outer loop
         vertex 1.844056e+01 3.000000e+00 1.415845e+00
         vertex 1.797753e+01 0.000000e+00 1.291778e+00
         vertex 1.844056e+01 0.000000e+00 1.415845e+00
      endloop
   endfacet
   facet normal -4.226186e-01 0.000000e+00 9.063076e-01
      outer loop
         vertex 1.844056e+01 3.000000e+00 1.415845e+00
         vertex 1.844056e+01 0.000000e+00 1.415845e+00
         vertex 1.887500e+01 3.000000e+00 1.618430e+00
      endloop
   endfacet
   facet normal -4.226186e-01 0.000000e+00 9.063076e-01
      outer loop
         vertex 1.887500e+01 3.000000e+00 1.618430e+00
         vertex 1.844056e+01 0.000000e+00 1.415845e+00
         vertex 1.887500e+01 0.000000e+00 1.618430e+00
      endloop
   endfacet
   facet normal -5.735767e-01 0.000000e+00 8.191519e-01
      outer loop
         vertex 1.887500e+01 3.000000e+00 1.618430e+00
         vertex 1.887500e+01 0.000000e+00 1.618430e+00
         vertex 1.926767e+01 3.000000e+00 1.893378e+00
      endloop
   endfacet
   facet normal -5.735767e-01 0.000000e+00 8.191519e-01
      outer loop
         vertex 1.926767e+01 3.000000e+00 1.893378e+00
         vertex 1.887500e+01 0.000000e+00 1.618430e+00
         vertex 1.926767e+01 0.000000e+00 1.893378e+00
      endloop
   endfacet
   facet normal -7.071071e-01 0.000000e+00 7.071064e-01
      outer loop
         vertex 1.926767e+01 3.000000e+00 1.893378e+00
         vertex 1.926767e+01 0.000000e+00 1.893378e+00
         vertex 1.960662e+01 3.000000e+00 2.232335e+00
      endloop
   endfacet
   facet normal -7.071071e-01 0.000000e+00 7.071064e-01
      outer loop
         vertex 1.960662e+01 3.000000e+00 2.232335e+00
         vertex 1.926767e+01 0.000000e+00 1.893378e+00
         vertex 1.960662e+01 0.000000e+00 2.232335e+00
      endloop
   endfacet
   facet normal -8.191515e-01 0.000000e+00 5.735772e-01
      outer loop
         vertex 1.960662e+01 3.000000e+00 2.232335e+00
         vertex 1.960662e+01 0.000000e+00 2.232335e+00
         vertex 1.988157e+01 3.000000e+00 2.625000e+00
      endloop
   endfacet
   facet normal -8.191515e-01 0.000000e+00 5.735772e-01
      outer loop
         vertex 1.988157e+01 3.000000e+00 2.625000e+00
         vertex 1.960662e+01 0.000000e+00 2.232335e+00
         vertex 1.988157e+01 0.000000e+00 2.625000e+00
      endloop
   endfacet
   facet normal -9.063081e-01 0.000000e+00 4.226177e-01
      outer loop
         vertex 1.988157e+01 3.000000e+00 2.625000e+00
         vertex 1.988157e+01 0.000000e+00 2.625000e+00
         vertex 2.008415e+01 3.000000e+00 3.059445e+00
      endloop
   endfacet
   facet normal -9.063081e-01 0.000000e+00 4.226177e-01
      outer loop
         vertex 2.008415e+01 3.000000e+00 3.059445e+00
         vertex 1.988157e+01 0.000000e+00 2.625000e+00
         vertex 2.008415e+01 0.000000e+00 3.059445e+00
      endloop
   endfacet
   facet normal -9.659258e-01 0.000000e+00 2.588191e-01
      outer loop
         vertex 2.008415e+01 3.000000e+00 3.059445e+00
         vertex 2.008415e+01 0.000000e+00 3.059445e+00
         vertex 2.020822e+01 3.000000e+00 3.522468e+00
      endloop
   endfacet
   facet normal -9.659258e-01 0.000000e+00 2.588191e-01
      outer loop
         vertex 2.020822e+01 3.000000e+00 3.522468e+00
         vertex 2.008415e+01 0.000000e+00 3.059445e+00
         vertex 2.020822e+01 0.000000e+00 3.522468e+00
      endloop
   endfacet
   facet normal -9.961947e-01 0.000000e+00 8.715582e-02
      outer loop
         vertex 2.020822e+01 3.000000e+00 3.522468e+00
         vertex 2.020822e+01 0.000000e+00 3.522468e+00
         vertex 2.025000e+01 3.000000e+00 4.000000e+00
      endloop
   endfacet
   facet normal -9.961947e-01 0.000000e+00 8.715582e-02
      outer loop
         vertex 2.025000e+01 3.000000e+00 4.000000e+00
         vertex 2.020822e+01 0.000000e+00 3.522468e+00
         vertex 2.025000e+01 0.000000e+00 4.000000e+00
      endloop
   endfacet
   facet normal -9.961947e-01 -0.000000e+00 -8.715565e-02
      outer loop
         vertex 2.025000e+01 3.000000e+00 4.000000e+00
         vertex 2.025000e+01 0.000000e+00 4.000000e+00
         vertex 2.020822e+01 3.000000e+00 4.477533e+00
      endloop
   endfacet
   facet normal -9.961947e-01 -0.000000e+00 -8.715565e-02
      outer loop
         vertex 2.020822e+01 3.000000e+00 4.477533e+00
         vertex 2.025000e+01 0.000000e+00 4.000000e+00
         vertex 2.020822e+01 0.000000e+00 4.477533e+00
      endloop
   endfacet
   facet normal -9.659258e-01 -0.000000e+00 -2.588191e-01
      outer loop
         vertex 2.020822e+01 3.000000e+00 4.477533e+00
         vertex 2.020822e+01 0.000000e+00 4.477533e+00
         vertex 2.008415e+01 3.000000e+00 4.940555e+00
      endloop
   endfacet
   facet normal -9.659258e-01 -0.000000e+00 -2.588191e-01
      outer loop
         vertex 2.008415e+01 3.000000e+00 4.940555e+00
         vertex 2.020822e+01 0.000000e+00 4.477533e+00
         vertex 2.008415e+01 0.000000e+00 4.940555e+00
      endloop
   endfacet
   facet normal -9.063077e-01 -0.000000e+00 -4.226184e-01
      outer loop
         vertex 2.008415e+01 3.000000e+00 4.940555e+00
         vertex 2.008415e+01 0.000000e+00 4.940555e+00
         vertex 1.988157e+01 3.000000e+00 5.375000e+00
      endloop
   endfacet
   facet normal -9.063077e-01 -0.000000e+00 -4.226184e-01
      outer loop
         vertex 1.988157e+01 3.000000e+00 5.375000e+00
         vertex 2.008415e+01 0.000000e+00 4.940555e+00
         vertex 1.988157e+01 0.000000e+00 5.375000e+00
      endloop
   endfacet
   facet normal -8.191522e-01 -0.000000e+00 -5.735762e-01
      outer loop
         vertex 1.988157e+01 3.000000e+00 5.375000e+00
         vertex 1.988157e+01 0.000000e+00 5.375000e+00
         vertex 1.960662e+01 3.000000e+00 5.767666e+00
      endloop
   endfacet
   facet normal -8.191522e-01 -0.000000e+00 -5.735762e-01
      outer loop
         vertex 1.960662e+01 3.000000e+00 5.767666e+00
         vertex 1.988157e+01 0.000000e+00 5.375000e+00
         vertex 1.960662e+01 0.000000e+00 5.767666e+00
      endloop
   endfacet
   facet normal -7.071071e-01 -0.000000e+00 -7.071064e-01
      outer loop
         vertex 1.960662e+01 3.000000e+00 5.767666e+00
         vertex 1.960662e+01 0.000000e+00 5.767666e+00
         vertex 1.926767e+01 3.000000e+00 6.106623e+00
      endloop
   endfacet
   facet normal -7.071071e-01 -0.000000e+00 -7.071064e-01
      outer loop
         vertex 1.926767e+01 3.000000e+00 6.106623e+00
         vertex 1.960662e+01 0.000000e+00 5.767666e+00
         vertex 1.926767e+01 0.000000e+00 6.106623e+00
      endloop
   endfacet
   facet normal -5.735767e-01 -0.000000e+00 -8.191519e-01
      outer loop
         vertex 1.926767e+01 3.000000e+00 6.106623e+00
         vertex 1.926767e+01 0.000000e+00 6.106623e+00
         vertex 1.887500e+01 3.000000e+00 6.381570e+00
      endloop
   endfacet
   facet normal -5.735767e-01 -0.000000e+00 -8.191519e-01
      outer loop
         vertex 1.887500e+01 3.000000e+00 6.381570e+00
         vertex 1.926767e+01 0.000000e+00 6.106623e+00
         vertex 1.887500e+01 0.000000e+00 6.381570e+00
      endloop
   endfacet
   facet normal -4.226170e-01 -0.000000e+00 -9.063084e-01
      outer loop
         vertex 1.887500e+01 3.000000e+00 6.381570e+00
         vertex 1.887500e+01 0.000000e+00 6.381570e+00
         vertex 1.844056e+01 3.000000e+00 6.584154e+00
      endloop
   endfacet
   facet normal -4.226170e-01 -0.000000e+00 -9.063084e-01
      outer loop
         vertex 1.844056e+01 3.000000e+00 6.584154e+00
         vertex 1.887500e+01 0.000000e+00 6.381570e+00
         vertex 1.844056e+01 0.000000e+00 6.584154e+00
      endloop
   endfacet
   facet normal -2.588199e-01 -0.000000e+00 -9.659256e-01
      outer loop
         vertex 1.844056e+01 3.000000e+00 6.584154e+00
         vertex 1.844056e+01 0.000000e+00 6.584154e+00
         vertex 1.797753e+01 3.000000e+00 6.708222e+00
      endloop
   endfacet
   facet normal -2.588199e-01 -0.000000e+00 -9.659256e-01
      outer loop
         vertex 1.797753e+01 3.000000e+00 6.708222e+00
         vertex 1.844056e+01 0.000000e+00 6.584154e+00
         vertex 1.797753e+01 0.000000e+00 6.708222e+00
      endloop
   endfacet
   facet normal -8.715475e-02 -0.000000e+00 -9.961948e-01
      outer loop
         vertex 1.797753e+01 3.000000e+00 6.708222e+00
         vertex 1.797753e+01 0.000000e+00 6.708222e+00
         vertex 1.750000e+01 3.000000e+00 6.750000e+00
      endloop
   endfacet
   facet normal -8.715475e-02 -0.000000e+00 -9.961948e-01
      outer loop
         vertex 1.750000e+01 3.000000e+00 6.750000e+00
         vertex 1.797753e+01 0.000000e+00 6.708222e+00
         vertex 1.750000e+01 0.000000e+00 6.750000e+00
      endloop
   endfacet
   facet normal 8.715475e-02 0.000000e+00 -9.961948e-01
      outer loop
         vertex 1.750000e+01 3.000000e+00 6.750000e+00
         vertex 1.750000e+01 0.000000e+00 6.750000e+00
         vertex 1.702247e+01 3.000000e+00 6.708222e+00
      endloop
   endfacet
   facet normal 8.715475e-02 0.000000e+00 -9.961948e-01
      outer loop
         vertex 1.702247e+01 3.000000e+00 6.708222e+00
         vertex 1.750000e+01 0.000000e+00 6.750000e+00
         vertex 1.702247e+01 0.000000e+00 6.708222e+00
      endloop
   endfacet
   facet normal 2.588199e-01 0.000000e+00 -9.659256e-01
      outer loop
         vertex 1.702247e+01 3.000000e+00 6.708222e+00
         vertex 1.702247e+01 0.000000e+00 6.708222e+00
         vertex 1.655944e+01 3.000000e+00 6.584154e+00
      endloop
   endfacet
   facet normal 2.588199e-01 0.000000e+00 -9.659256e-01
      outer loop
         vertex 1.655944e+01 3.000000e+00 6.584154e+00
         vertex 1.702247e+01 0.000000e+00 6.708222e+00
         vertex 1.655944e+01 0.000000e+00 6.584154e+00
      endloop
   endfacet
   facet normal 4.226170e-01 0.000000e+00 -9.063084e-01
      outer loop
         vertex 1.655944e+01 3.000000e+00 6.584154e+00
         vertex 1.655944e+01 0.000000e+00 6.584154e+00
         vertex 1.612500e+01 3.000000e+00 6.381570e+00
      endloop
   endfacet
   facet normal 4.226170e-01 0.000000e+00 -9.063084e-01
      outer loop
         vertex 1.612500e+01 3.000000e+00 6.381570e+00
         vertex 1.655944e+01 0.000000e+00 6.584154e+00
         vertex 1.612500e+01 0.000000e+00 6.381570e+00
      endloop
   endfacet
   facet normal 5.735767e-01 0.000000e+00 -8.191519e-01
      outer loop
         vertex 1.612500e+01 3.000000e+00 6.381570e+00
         vertex 1.612500e+01 0.000000e+00 6.381570e+00
         vertex 1.573233e+01 3.000000e+00 6.106623e+00
      endloop
   endfacet
   facet normal 5.735767e-01 0.000000e+00 -8.191519e-01
      outer loop
         vertex 1.573233e+01 3.000000e+00 6.106623e+00
         vertex 1.612500e+01 0.000000e+00 6.381570e+00
         vertex 1.573233e+01 0.000000e+00 6.106623e+00
      endloop
   endfacet
   facet normal 7.071071e-01 0.000000e+00 -7.071064e-01
      outer loop
         vertex 1.573233e+01 3.000000e+00 6.106623e+00
         vertex 1.573233e+01 0.000000e+00 6.106623e+00
         vertex 1.539338e+01 3.000000e+00 5.767666e+00
      endloop
   endfacet
   facet normal 7.071071e-01 0.000000e+00 -7.071064e-01
      outer loop
         vertex 1.539338e+01 3.000000e+00 5.767666e+00
         vertex 1.573233e+01 0.000000e+00 6.106623e+00
         vertex 1.539338e+01 0.000000e+00 5.767666e+00
      endloop
   endfacet
   facet normal 8.191522e-01 0.000000e+00 -5.735762e-01
      outer loop
         vertex 1.539338e+01 3.000000e+00 5.767666e+00
         vertex 1.539338e+01 0.000000e+00 5.767666e+00
         vertex 1.511843e+01 3.000000e+00 5.375000e+00
      endloop
   endfacet
   facet normal 8.191522e-01 0.000000e+00 -5.735762e-01
      outer loop
         vertex 1.511843e+01 3.000000e+00 5.375000e+00
         vertex 1.539338e+01 0.000000e+00 5.767666e+00
         vertex 1.511843e+01 0.000000e+00 5.375000e+00
      endloop
   endfacet
   facet normal 9.063077e-01 0.000000e+00 -4.226184e-01
      outer loop
         vertex 1.511843e+01 3.000000e+00 5.375000e+00
         vertex 1.511843e+01 0.000000e+00 5.375000e+00
         vertex 1.491585e+01 3.000000e+00 4.940555e+00
      endloop
   endfacet
   facet normal 9.063077e-01 0.000000e+00 -4.226184e-01
      outer loop
         vertex 1.491585e+01 3.000000e+00 4.940555e+00
         vertex 1.511843e+01 0.000000e+00 5.375000e+00
         vertex 1.491585e+01 0.000000e+00 4.940555e+00
      endloop
   endfacet
   facet normal 9.659258e-01 0.000000e+00 -2.588191e-01
      outer loop
         vertex 1.491585e+01 3.000000e+00 4.940555e+00
         vertex 1.491585e+01 0.000000e+00 4.940555e+00
         vertex 1.479178e+01 3.000000e+00 4.477533e+00
      endloop
   endfacet
   facet normal 9.659258e-01 0.000000e+00 -2.588191e-01
      outer loop
         vertex 1.479178e+01 3.000000e+00 4.477533e+00
         vertex 1.491585e+01 0.000000e+00 4.940555e+00
         vertex 1.479178e+01 0.000000e+00 4.477533e+00
      endloop
   endfacet
   facet normal 9.961947e-01 0.000000e+00 -8.715565e-02
      outer loop
         vertex 1.479178e+01 3.000000e+00 4.477533e+00
         vertex 1.479178e+01 0.000000e+00 4.477533e+00
         vertex 1.475000e+01 3.000000e+00 4.000000e+00
      endloop
   endfacet
   facet normal 9.961947e-01 0.000000e+00 -8.715565e-02
      outer loop
         vertex 1.475000e+01 3.000000e+00 4.000000e+00
         vertex 1.479178e+01 0.000000e+00 4.477533e+00
         vertex 1.475000e+01 0.000000e+00 4.000000e+00
      endloop
   endfacet
   facet normal 0.000000e+00 -1.000000e+00 0.000000e+00
      outer loop
         vertex 1.915000e+01 3.000000e+00 4.000000e+00
         vertex 2.025000e+01 3.000000e+00 4.000000e+00
         vertex 1.912493e+01 3.000000e+00 4.286519e+00
      endloop
   endfacet
   facet normal 0.000000e+00 -1.000000e+00 0.000000e+00
      outer loop
         vertex 1.912493e+01 3.000000e+00 4.286519e+00
         vertex 2.025000e+01 3.000000e+00 4.000000e+00
         vertex 2.020822e+01 3.000000e+00 4.477533e+00
      endloop
   endfacet
   facet normal 0.000000e+00 -1.000000e+00 0.000000e+00
      outer loop
         vertex 1.912493e+01 3.000000e+00 4.286519e+00
         vertex 2.020822e+01 3.000000e+00 4.477533e+00
         vertex 1.905049e+01 3.000000e+00 4.564334e+00
      endloop
   endfacet
   facet normal 0.000000e+00 -1.000000e+00 0.000000e+00
      outer loop
         vertex 1.905049e+01 3.000000e+00 4.564334e+00
         vertex 2.020822e+01 3.000000e+00 4.477533e+00
         vertex 2.008415e+01 3.000000e+00 4.940555e+00
      endloop
   endfacet
   facet normal 0.000000e+00 -1.000000e+00 0.000000e+00
      outer loop
         vertex 1.905049e+01 3.000000e+00 4.564334e+00
         vertex 2.008415e+01 3.000000e+00 4.940555e+00
         vertex 1.892894e+01 3.000000e+00 4.825000e+00
      endloop
   endfacet
   facet normal 0.000000e+00 -1.000000e+00 0.000000e+00
      outer loop
         vertex 1.892894e+01 3.000000e+00 4.825000e+00
         vertex 2.008415e+01 3.000000e+00 4.940555e+00
         vertex 1.988157e+01 3.000000e+00 5.375000e+00
      endloop
   endfacet
   facet normal 0.000000e+00 -1.000000e+00 0.000000e+00
      outer loop
         vertex 1.892894e+01 3.000000e+00 4.825000e+00
         vertex 1.988157e+01 3.000000e+00 5.375000e+00
         vertex 1.876397e+01 3.000000e+00 5.060599e+00
      endloop
   endfacet
   facet normal 0.000000e+00 -1.000000e+00 0.000000e+00
      outer loop
         vertex 1.876397e+01 3.000000e+00 5.060599e+00
         vertex 1.988157e+01 3.000000e+00 5.375000e+00
         vertex 1.960662e+01 3.000000e+00 5.767666e+00
      endloop
   endfacet
   facet normal 0.000000e+00 -1.000000e+00 0.000000e+00
      outer loop
         vertex 1.876397e+01 3.000000e+00 5.060599e+00
         vertex 1.960662e+01 3.000000e+00 5.767666e+00
         vertex 1.856060e+01 3.000000e+00 5.263973e+00
      endloop
   endfacet
   facet normal 0.000000e+00 -1.000000e+00 0.000000e+00
      outer loop
         vertex 1.856060e+01 3.000000e+00 5.263973e+00
         vertex 1.960662e+01 3.000000e+00 5.767666e+00
         vertex 1.926767e+01 3.000000e+00 6.106623e+00
      endloop
   endfacet
   facet normal 0.000000e+00 -1.000000e+00 0.000000e+00
      outer loop
         vertex 1.856060e+01 3.000000e+00 5.263973e+00
         vertex 1.926767e+01 3.000000e+00 6.106623e+00
         vertex 1.832500e+01 3.000000e+00 5.428942e+00
      endloop
   endfacet
   facet normal 0.000000e+00 -1.000000e+00 0.000000e+00
      outer loop
         vertex 1.832500e+01 3.000000e+00 5.428942e+00
         vertex 1.926767e+01 3.000000e+00 6.106623e+00
         vertex 1.887500e+01 3.000000e+00 6.381570e+00
      endloop
   endfacet
   facet normal 0.000000e+00 -1.000000e+00 0.000000e+00
      outer loop
         vertex 1.832500e+01 3.000000e+00 5.428942e+00
         vertex 1.887500e+01 3.000000e+00 6.381570e+00
         vertex 1.806433e+01 3.000000e+00 5.550493e+00
      endloop
   endfacet
   facet normal 0.000000e+00 -1.000000e+00 0.000000e+00
      outer loop
         vertex 1.806433e+01 3.000000e+00 5.550493e+00
         vertex 1.887500e+01 3.000000e+00 6.381570e+00
         vertex 1.844056e+01 3.000000e+00 6.584154e+00
      endloop
   endfacet
   facet normal 0.000000e+00 -1.000000e+00 0.000000e+00
      outer loop
         vertex 1.806433e+01 3.000000e+00 5.550493e+00
         vertex 1.844056e+01 3.000000e+00 6.584154e+00
         vertex 1.778652e+01 3.000000e+00 5.624933e+00
      endloop
   endfacet
   facet normal 0.000000e+00 -1.000000e+00 0.000000e+00
      outer loop
         vertex 1.778652e+01 3.000000e+00 5.624933e+00
         vertex 1.844056e+01 3.000000e+00 6.584154e+00
         vertex 1.797753e+01 3.000000e+00 6.708222e+00
      endloop
   endfacet
   facet normal 0.000000e+00 -1.000000e+00 0.000000e+00
      outer loop
         vertex 1.778652e+01 3.000000e+00 5.624933e+00
         vertex 1.797753e+01 3.000000e+00 6.708222e+00
         vertex 1.750000e+01 3.000000e+00 5.650000e+00
      endloop
   endfacet
   facet normal 0.000000e+00 -1.000000e+00 0.000000e+00
      outer loop
         vertex 1.750000e+01 3.000000e+00 5.650000e+00
         vertex 1.797753e+01 3.000000e+00 6.708222e+00
         vertex 1.750000e+01 3.000000e+00 6.750000e+00
      endloop
   endfacet
   facet normal -0.000000e+00 -1.000000e+00 0.000000e+00
      outer loop
         vertex 1.750000e+01 3.000000e+00 5.650000e+00
         vertex 1.750000e+01 3.000000e+00 6.750000e+00
         vertex 1.721348e+01 3.000000e+00 5.624933e+00
      endloop
   endfacet
   facet normal 0.000000e+00 -1.000000e+00 0.000000e+00
      outer loop
         vertex 1.721348e+01 3.000000e+00 5.624933e+00
         vertex 1.750000e+01 3.000000e+00 6.750000e+00
         vertex 1.702247e+01 3.000000e+00 6.708222e+00
      endloop
   endfacet
   facet normal -0.000000e+00 -1.000000e+00 0.000000e+00
      outer loop
         vertex 1.721348e+01 3.000000e+00 5.624933e+00
         vertex 1.702247e+01 3.000000e+00 6.708222e+00
         vertex 1.693567e+01 3.000000e+00 5.550493e+00
      endloop
   endfacet
   facet normal 0.000000e+00 -1.000000e+00 0.000000e+00
      outer loop
         vertex 1.693567e+01 3.000000e+00 5.550493e+00
         vertex 1.702247e+01 3.000000e+00 6.708222e+00
         vertex 1.655944e+01 3.000000e+00 6.584154e+00
      endloop
   endfacet
   facet normal -0.000000e+00 -1.000000e+00 0.000000e+00
      outer loop
         vertex 1.693567e+01 3.000000e+00 5.550493e+00
         vertex 1.655944e+01 3.000000e+00 6.584154e+00
         vertex 1.667500e+01 3.000000e+00 5.428942e+00
      endloop
   endfacet
   facet normal 0.000000e+00 -1.000000e+00 0.000000e+00
      outer loop
         vertex 1.667500e+01 3.000000e+00 5.428942e+00
         vertex 1.655944e+01 3.000000e+00 6.584154e+00
         vertex 1.612500e+01 3.000000e+00 6.381570e+00
      endloop
   endfacet
   facet normal -0.000000e+00 -1.000000e+00 0.000000e+00
      outer loop
         vertex 1.667500e+01 3.000000e+00 5.428942e+00
         vertex 1.612500e+01 3.000000e+00 6.381570e+00
         vertex 1.643940e+01 3.000000e+00 5.263973e+00
      endloop
   endfacet
   facet normal 0.000000e+00 -1.000000e+00 0.000000e+00
      outer loop
         vertex 1.643940e+01 3.000000e+00 5.263973e+00
         vertex 1.612500e+01 3.000000e+00 6.381570e+00
         vertex 1.573233e+01 3.000000e+00 6.106623e+00
      endloop
   endfacet
   facet normal -0.000000e+00 -1.000000e+00 0.000000e+00
      outer loop
         vertex 1.643940e+01 3.000000e+00 5.263973e+00
         vertex 1.573233e+01 3.000000e+00 6.106623e+00
         vertex 1.623603e+01 3.000000e+00 5.060599e+00
      endloop
   endfacet
   facet normal 0.000000e+00 -1.000000e+00 0.000000e+00
      outer loop
         vertex 1.623603e+01 3.000000e+00 5.060599e+00
         vertex 1.573233e+01 3.000000e+00 6.106623e+00
         vertex 1.539338e+01 3.000000e+00 5.767666e+00
      endloop
   endfacet
   facet normal -0.000000e+00 -1.000000e+00 0.000000e+00
      outer loop
         vertex 1.623603e+01 3.000000e+00 5.060599e+00
         vertex 1.539338e+01 3.000000e+00 5.767666e+00
         vertex 1.607106e+01 3.000000e+00 4.825000e+00
      endloop
   endfacet
   facet normal 0.000000e+00 -1.000000e+00 0.000000e+00
      outer loop
         vertex 1.607106e+01 3.000000e+00 4.825000e+00
         vertex 1.539338e+01 3.000000e+00 5.767666e+00
         vertex 1.511843e+01 3.000000e+00 5.375000e+00
      endloop
   endfacet
   facet normal -0.000000e+00 -1.000000e+00 0.000000e+00
      outer loop
         vertex 1.607106e+01 3.000000e+00 4.825000e+00
         vertex 1.511843e+01 3.000000e+00 5.375000e+00
         vertex 1.594951e+01 3.000000e+00 4.564334e+00
      endloop
   endfacet
   facet normal 0.000000e+00 -1.000000e+00 0.000000e+00
      outer loop
         vertex 1.594951e+01 3.000000e+00 4.564334e+00
         vertex 1.511843e+01 3.000000e+00 5.375000e+00
         vertex 1.491585e+01 3.000000e+00 4.940555e+00
      endloop
   endfacet
   facet normal -0.000000e+00 -1.000000e+00 0.000000e+00
      outer loop
         vertex 1.594951e+01 3.000000e+00 4.564334e+00
         vertex 1.491585e+01 3.000000e+00 4.940555e+00
         vertex 1.587507e+01 3.000000e+00 4.286519e+00
      endloop
   endfacet
   facet normal 0.000000e+00 -1.000000e+00 0.000000e+00
      outer loop
         vertex 1.587507e+01 3.000000e+00 4.286519e+00
         vertex 1.491585e+01 3.000000e+00 4.940555e+00
         vertex 1.479178e+01 3.000000e+00 4.477533e+00
      endloop
   endfacet
   facet normal -0.000000e+00 -1.000000e+00 0.000000e+00
      outer loop
         vertex 1.587507e+01 3.000000e+00 4.286519e+00
         vertex 1.479178e+01 3.000000e+00 4.477533e+00
         vertex 1.585000e+01 3.000000e+00 4.000000e+00
      endloop
   endfacet
   facet normal 0.000000e+00 -1.000000e+00 0.000000e+00
      outer loop
         vertex 1.585000e+01 3.000000e+00 4.000000e+00
         vertex 1.479178e+01 3.000000e+00 4.477533e+00
         vertex 1.475000e+01 3.000000e+00 4.000000e+00
      endloop
   endfacet
   facet normal -0.000000e+00 -1.000000e+00 -0.000000e+00
      outer loop
         vertex 1.585000e+01 3.000000e+00 4.000000e+00
         vertex 1.475000e+01 3.000000e+00 4.000000e+00
         vertex 1.587507e+01 3.000000e+00 3.713480e+00
      endloop
   endfacet
   facet normal -0.000000e+00 -1.000000e+00 0.000000e+00
      outer loop
         vertex 1.587507e+01 3.000000e+00 3.713480e+00
         vertex 1.475000e+01 3.000000e+00 4.000000e+00
         vertex 1.479178e+01 3.000000e+00 3.522468e+00
      endloop
   endfacet
   facet normal 0.000000e+00 -1.000000e+00 -0.000000e+00
      outer loop
         vertex 1.587507e+01 3.000000e+00 3.713480e+00
         vertex 1.479178e+01 3.000000e+00 3.522468e+00
         vertex 1.594951e+01 3.000000e+00 3.435667e+00
      endloop
   endfacet
   facet normal -0.000000e+00 -1.000000e+00 0.000000e+00
      outer loop
         vertex 1.594951e+01 3.000000e+00 3.435667e+00
         vertex 1.479178e+01 3.000000e+00 3.522468e+00
         vertex 1.491585e+01 3.000000e+00 3.059445e+00
      endloop
   endfacet
   facet normal 0.000000e+00 -1.000000e+00 -0.000000e+00
      outer loop
         vertex 1.594951e+01 3.000000e+00 3.435667e+00
         vertex 1.491585e+01 3.000000e+00 3.059445e+00
         vertex 1.607106e+01 3.000000e+00 3.175000e+00
      endloop
   endfacet
   facet normal 0.000000e+00 -1.000000e+00 0.000000e+00
      outer loop
         vertex 1.607106e+01 3.000000e+00 3.175000e+00
         vertex 1.491585e+01 3.000000e+00 3.059445e+00
         vertex 1.511843e+01 3.000000e+00 2.625000e+00
      endloop
   endfacet
   facet normal 0.000000e+00 -1.000000e+00 -0.000000e+00
      outer loop
         vertex 1.607106e+01 3.000000e+00 3.175000e+00
         vertex 1.511843e+01 3.000000e+00 2.625000e+00
         vertex 1.623603e+01 3.000000e+00 2.939400e+00
      endloop
   endfacet
   facet normal 0.000000e+00 -1.000000e+00 0.000000e+00
      outer loop
         vertex 1.623603e+01 3.000000e+00 2.939400e+00
         vertex 1.511843e+01 3.000000e+00 2.625000e+00
         vertex 1.539338e+01 3.000000e+00 2.232335e+00
      endloop
   endfacet
   facet normal 0.000000e+00 -1.000000e+00 -0.000000e+00
      outer loop
         vertex 1.623603e+01 3.000000e+00 2.939400e+00
         vertex 1.539338e+01 3.000000e+00 2.232335e+00
         vertex 1.643940e+01 3.000000e+00 2.736026e+00
      endloop
   endfacet
   facet normal 0.000000e+00 -1.000000e+00 0.000000e+00
      outer loop
         vertex 1.643940e+01 3.000000e+00 2.736026e+00
         vertex 1.539338e+01 3.000000e+00 2.232335e+00
         vertex 1.573233e+01 3.000000e+00 1.893378e+00
      endloop
   endfacet
   facet normal 0.000000e+00 -1.000000e+00 -0.000000e+00
      outer loop
         vertex 1.643940e+01 3.000000e+00 2.736026e+00
         vertex 1.573233e+01 3.000000e+00 1.893378e+00
         vertex 1.667500e+01 3.000000e+00 2.571058e+00
      endloop
   endfacet
   facet normal 0.000000e+00 -1.000000e+00 0.000000e+00
      outer loop
         vertex 1.667500e+01 3.000000e+00 2.571058e+00
         vertex 1.573233e+01 3.000000e+00 1.893378e+00
         vertex 1.612500e+01 3.000000e+00 1.618430e+00
      endloop
   endfacet
   facet normal 0.000000e+00 -1.000000e+00 -0.000000e+00
      outer loop
         vertex 1.667500e+01 3.000000e+00 2.571058e+00
         vertex 1.612500e+01 3.000000e+00 1.618430e+00
         vertex 1.693567e+01 3.000000e+00 2.449507e+00
      endloop
   endfacet
   facet normal 0.000000e+00 -1.000000e+00 0.000000e+00
      outer loop
         vertex 1.693567e+01 3.000000e+00 2.449507e+00
         vertex 1.612500e+01 3.000000e+00 1.618430e+00
         vertex 1.655944e+01 3.000000e+00 1.415845e+00
      endloop
   endfacet
   facet normal 0.000000e+00 -1.000000e+00 -0.000000e+00
      outer loop
         vertex 1.693567e+01 3.000000e+00 2.449507e+00
         vertex 1.655944e+01 3.000000e+00 1.415845e+00
         vertex 1.721348e+01 3.000000e+00 2.375067e+00
      endloop
   endfacet
   facet normal 0.000000e+00 -1.000000e+00 0.000000e+00
      outer loop
         vertex 1.721348e+01 3.000000e+00 2.375067e+00
         vertex 1.655944e+01 3.000000e+00 1.415845e+00
         vertex 1.702247e+01 3.000000e+00 1.291778e+00
      endloop
   endfacet
   facet normal 0.000000e+00 -1.000000e+00 -0.000000e+00
      outer loop
         vertex 1.721348e+01 3.000000e+00 2.375067e+00
         vertex 1.702247e+01 3.000000e+00 1.291778e+00
         vertex 1.750000e+01 3.000000e+00 2.350000e+00
      endloop
   endfacet
   facet normal 0.000000e+00 -1.000000e+00 0.000000e+00
      outer loop
         vertex 1.750000e+01 3.000000e+00 2.350000e+00
         vertex 1.702247e+01 3.000000e+00 1.291778e+00
         vertex 1.750000e+01 3.000000e+00 1.250001e+00
      endloop
   endfacet
   facet normal 0.000000e+00 -1.000000e+00 -0.000000e+00
      outer loop
         vertex 1.750000e+01 3.000000e+00 2.350000e+00
         vertex 1.750000e+01 3.000000e+00 1.250001e+00
         vertex 1.778652e+01 3.000000e+00 2.375067e+00
      endloop
   endfacet
   facet normal 0.000000e+00 -1.000000e+00 -0.000000e+00
      outer loop
         vertex 1.778652e+01 3.000000e+00 2.375067e+00
         vertex 1.750000e+01 3.000000e+00 1.250001e+00
         vertex 1.797753e+01 3.000000e+00 1.291778e+00
      endloop
   endfacet
   facet normal 0.000000e+00 -1.000000e+00 0.000000e+00
      outer loop
         vertex 1.778652e+01 3.000000e+00 2.375067e+00
         vertex 1.797753e+01 3.000000e+00 1.291778e+00
         vertex 1.806433e+01 3.000000e+00 2.449507e+00
      endloop
   endfacet
   facet normal 0.000000e+00 -1.000000e+00 -0.000000e+00
      outer loop
         vertex 1.806433e+01 3.000000e+00 2.449507e+00
         vertex 1.797753e+01 3.000000e+00 1.291778e+00
         vertex 1.844056e+01 3.000000e+00 1.415845e+00
      endloop
   endfacet
   facet normal 0.000000e+00 -1.000000e+00 0.000000e+00
      outer loop
         vertex 1.806433e+01 3.000000e+00 2.449507e+00
         vertex 1.844056e+01 3.000000e+00 1.415845e+00
         vertex 1.832500e+01 3.000000e+00 2.571058e+00
      endloop
   endfacet
   facet normal 0.000000e+00 -1.000000e+00 0.000000e+00
      outer loop
         vertex 1.832500e+01 3.000000e+00 2.571058e+00
         vertex 1.844056e+01 3.000000e+00 1.415845e+00
         vertex 1.887500e+01 3.000000e+00 1.618430e+00
      endloop
   endfacet
   facet normal 0.000000e+00 -1.000000e+00 0.000000e+00
      outer loop
         vertex 1.832500e+01 3.000000e+00 2.571058e+00
         vertex 1.887500e+01 3.000000e+00 1.618430e+00
         vertex 1.856060e+01 3.000000e+00 2.736026e+00
      endloop
   endfacet
   facet normal 0.000000e+00 -1.000000e+00 0.000000e+00
      outer loop
         vertex 1.856060e+01 3.000000e+00 2.736026e+00
         vertex 1.887500e+01 3.000000e+00 1.618430e+00
         vertex 1.926767e+01 3.000000e+00 1.893378e+00
      endloop
   endfacet
   facet normal 0.000000e+00 -1.000000e+00 0.000000e+00
      outer loop
         vertex 1.856060e+01 3.000000e+00 2.736026e+00
         vertex 1.926767e+01 3.000000e+00 1.893378e+00
         vertex 1.876397e+01 3.000000e+00 2.939400e+00
      endloop
   endfacet
   facet normal 0.000000e+00 -1.000000e+00 0.000000e+00
      outer loop
         vertex 1.876397e+01 3.000000e+00 2.939400e+00
         vertex 1.926767e+01 3.000000e+00 1.893378e+00
         vertex 1.960662e+01 3.000000e+00 2.232335e+00
      endloop
   endfacet
   facet normal 0.000000e+00 -1.000000e+00 0.000000e+00
      outer loop
         vertex 1.876397e+01 3.000000e+00 2.939400e+00
         vertex 1.960662e+01 3.000000e+00 2.232335e+00
         vertex 1.892894e+01 3.000000e+00 3.175000e+00
      endloop
   endfacet
   facet normal 0.000000e+00 -1.000000e+00 0.000000e+00
      outer loop
         vertex 1.892894e+01 3.000000e+00 3.175000e+00
         vertex 1.960662e+01 3.000000e+00 2.232335e+00
         vertex 1.988157e+01 3.000000e+00 2.625000e+00
      endloop
   endfacet
   facet normal 0.000000e+00 -1.000000e+00 0.000000e+00
      outer loop
         vertex 1.892894e+01 3.000000e+00 3.175000e+00
         vertex 1.988157e+01 3.000000e+00 2.625000e+00
         vertex 1.905049e+01 3.000000e+00 3.435667e+00
      endloop
   endfacet
   facet normal 0.000000e+00 -1.000000e+00 0.000000e+00
      outer loop
         vertex 1.905049e+01 3.000000e+00 3.435667e+00
         vertex 1.988157e+01 3.000000e+00 2.625000e+00
         vertex 2.008415e+01 3.000000e+00 3.059445e+00
      endloop
   endfacet
   facet normal 0.000000e+00 -1.000000e+00 0.000000e+00
      outer loop
         vertex 1.905049e+01 3.000000e+00 3.435667e+00
         vertex 2.008415e+01 3.000000e+00 3.059445e+00
         vertex 1.912493e+01 3.000000e+00 3.713480e+00
      endloop
   endfacet
   facet normal 0.000000e+00 -1.000000e+00 0.000000e+00
      outer loop
         vertex 1.912493e+01 3.000000e+00 3.713480e+00
         vertex 2.008415e+01 3.000000e+00 3.059445e+00
         vertex 2.020822e+01 3.000000e+00 3.522468e+00
      endloop
   endfacet
   facet normal 0.000000e+00 -1.000000e+00 0.000000e+00
      outer loop
         vertex 1.912493e+01 3.000000e+00 3.713480e+00
         vertex 2.020822e+01 3.000000e+00 3.522468e+00
         vertex 1.915000e+01 3.000000e+00 4.000000e+00
      endloop
   endfacet
   facet normal 0.000000e+00 -1.000000e+00 0.000000e+00
      outer loop
         vertex 1.915000e+01 3.000000e+00 4.000000e+00
         vertex 2.020822e+01 3.000000e+00 3.522468e+00
         vertex 2.025000e+01 3.000000e+00 4.000000e+00
      endloop
   endfacet
   facet normal 5.735766e-01 0.000000e+00 -8.191520e-01
      outer loop
         vertex 4.433657e+00 3.000000e+00 1.313157e+01
         vertex 4.433657e+00 0.000000e+00 1.313157e+01
         vertex 4.040991e+00 3.000000e+00 1.285662e+01
      endloop
   endfacet
   facet normal 5.735766e-01 0.000000e+00 -8.191520e-01
      outer loop
         vertex 4.040991e+00 3.000000e+00 1.285662e+01
         vertex 4.433657e+00 0.000000e+00 1.313157e+01
         vertex 4.040991e+00 0.000000e+00 1.285662e+01
      endloop
   endfacet
   facet normal 7.071073e-01 0.000000e+00 -7.071063e-01
      outer loop
         vertex 4.040991e+00 3.000000e+00 1.285662e+01
         vertex 4.040991e+00 0.000000e+00 1.285662e+01
         vertex 3.702035e+00 3.000000e+00 1.251767e+01
      endloop
   endfacet
   facet normal 7.071073e-01 0.000000e+00 -7.071063e-01
      outer loop
         vertex 3.702035e+00 3.000000e+00 1.251767e+01
         vertex 4.040991e+00 0.000000e+00 1.285662e+01
         vertex 3.702035e+00 0.000000e+00 1.251767e+01
      endloop
   endfacet
   facet normal 8.191520e-01 0.000000e+00 -5.735766e-01
      outer loop
         vertex 3.702035e+00 3.000000e+00 1.251767e+01
         vertex 3.702035e+00 0.000000e+00 1.251767e+01
         vertex 3.427087e+00 3.000000e+00 1.212500e+01
      endloop
   endfacet
   facet normal 8.191520e-01 0.000000e+00 -5.735766e-01
      outer loop
         vertex 3.427087e+00 3.000000e+00 1.212500e+01
         vertex 3.702035e+00 0.000000e+00 1.251767e+01
         vertex 3.427087e+00 0.000000e+00 1.212500e+01
      endloop
   endfacet
   facet normal 9.063075e-01 0.000000e+00 -4.226188e-01
      outer loop
         vertex 3.427087e+00 3.000000e+00 1.212500e+01
         vertex 3.427087e+00 0.000000e+00 1.212500e+01
         vertex 3.224502e+00 3.000000e+00 1.169056e+01
      endloop
   endfacet
   facet normal 9.063075e-01 0.000000e+00 -4.226188e-01
      outer loop
         vertex 3.224502e+00 3.000000e+00 1.169056e+01
         vertex 3.427087e+00 0.000000e+00 1.212500e+01
         vertex 3.224502e+00 0.000000e+00 1.169056e+01
      endloop
   endfacet
   facet normal 9.659261e-01 0.000000e+00 -2.588181e-01
      outer loop
         vertex 3.224502e+00 3.000000e+00 1.169056e+01
         vertex 3.224502e+00 0.000000e+00 1.169056e+01
         vertex 3.100436e+00 3.000000e+00 1.122753e+01
      endloop
   endfacet
   facet normal 9.659261e-01 0.000000e+00 -2.588181e-01
      outer loop
         vertex 3.100436e+00 3.000000e+00 1.122753e+01
         vertex 3.224502e+00 0.000000e+00 1.169056e+01
         vertex 3.100436e+00 0.000000e+00 1.122753e+01
      endloop
   endfacet
   facet normal 9.961946e-01 0.000000e+00 -8.715661e-02
      outer loop
         vertex 3.100436e+00 3.000000e+00 1.122753e+01
         vertex 3.100436e+00 0.000000e+00 1.122753e+01
         vertex 3.058657e+00 3.000000e+00 1.075000e+01
      endloop
   endfacet
   facet normal 9.961946e-01 0.000000e+00 -8.715661e-02
      outer loop
         vertex 3.058657e+00 3.000000e+00 1.075000e+01
         vertex 3.100436e+00 0.000000e+00 1.122753e+01
         vertex 3.058657e+00 0.000000e+00 1.075000e+01
      endloop
   endfacet
   facet normal 9.961946e-01 0.000000e+00 8.715670e-02
      outer loop
         vertex 3.058657e+00 3.000000e+00 1.075000e+01
         vertex 3.058657e+00 0.000000e+00 1.075000e+01
         vertex 3.100436e+00 3.000000e+00 1.027247e+01
      endloop
   endfacet
   facet normal 9.961946e-01 0.000000e+00 8.715670e-02
      outer loop
         vertex 3.100436e+00 3.000000e+00 1.027247e+01
         vertex 3.058657e+00 0.000000e+00 1.075000e+01
         vertex 3.100436e+00 0.000000e+00 1.027247e+01
      endloop
   endfacet
   facet normal 9.659261e-01 0.000000e+00 2.588181e-01
      outer loop
         vertex 3.100436e+00 3.000000e+00 1.027247e+01
         vertex 3.100436e+00 0.000000e+00 1.027247e+01
         vertex 3.224502e+00 3.000000e+00 9.809445e+00
      endloop
   endfacet
   facet normal 9.659261e-01 0.000000e+00 2.588181e-01
      outer loop
         vertex 3.224502e+00 3.000000e+00 9.809445e+00
         vertex 3.100436e+00 0.000000e+00 1.027247e+01
         vertex 3.224502e+00 0.000000e+00 9.809445e+00
      endloop
   endfacet
   facet normal 9.063075e-01 0.000000e+00 4.226188e-01
      outer loop
         vertex 3.224502e+00 3.000000e+00 9.809445e+00
         vertex 3.224502e+00 0.000000e+00 9.809445e+00
         vertex 3.427087e+00 3.000000e+00 9.375000e+00
      endloop
   endfacet
   facet normal 9.063075e-01 0.000000e+00 4.226188e-01
      outer loop
         vertex 3.427087e+00 3.000000e+00 9.375000e+00
         vertex 3.224502e+00 0.000000e+00 9.809445e+00
         vertex 3.427087e+00 0.000000e+00 9.375000e+00
      endloop
   endfacet
   facet normal 8.191520e-01 0.000000e+00 5.735766e-01
      outer loop
         vertex 3.427087e+00 3.000000e+00 9.375000e+00
         vertex 3.427087e+00 0.000000e+00 9.375000e+00
         vertex 3.702035e+00 3.000000e+00 8.982334e+00
      endloop
   endfacet
   facet normal 8.191520e-01 0.000000e+00 5.735766e-01
      outer loop
         vertex 3.702035e+00 3.000000e+00 8.982334e+00
         vertex 3.427087e+00 0.000000e+00 9.375000e+00
         vertex 3.702035e+00 0.000000e+00 8.982334e+00
      endloop
   endfacet
   facet normal 7.071078e-01 0.000000e+00 7.071058e-01
      outer loop
         vertex 3.702035e+00 3.000000e+00 8.982334e+00
         vertex 3.702035e+00 0.000000e+00 8.982334e+00
         vertex 4.040991e+00 3.000000e+00 8.643378e+00
      endloop
   endfacet
   facet normal 7.071078e-01 0.000000e+00 7.071058e-01
      outer loop
         vertex 4.040991e+00 3.000000e+00 8.643378e+00
         vertex 3.702035e+00 0.000000e+00 8.982334e+00
         vertex 4.040991e+00 0.000000e+00 8.643378e+00
      endloop
   endfacet
   facet normal 5.735753e-01 0.000000e+00 8.191529e-01
      outer loop
         vertex 4.040991e+00 3.000000e+00 8.643378e+00
         vertex 4.040991e+00 0.000000e+00 8.643378e+00
         vertex 4.433657e+00 3.000000e+00 8.368431e+00
      endloop
   endfacet
   facet normal 5.735753e-01 0.000000e+00 8.191529e-01
      outer loop
         vertex 4.433657e+00 3.000000e+00 8.368431e+00
         vertex 4.040991e+00 0.000000e+00 8.643378e+00
         vertex 4.433657e+00 0.000000e+00 8.368431e+00
      endloop
   endfacet
   facet normal 4.226188e-01 0.000000e+00 9.063075e-01
      outer loop
         vertex 4.433657e+00 3.000000e+00 8.368431e+00
         vertex 4.433657e+00 0.000000e+00 8.368431e+00
         vertex 4.868101e+00 3.000000e+00 8.165846e+00
      endloop
   endfacet
   facet normal 4.226188e-01 0.000000e+00 9.063075e-01
      outer loop
         vertex 4.868101e+00 3.000000e+00 8.165846e+00
         vertex 4.433657e+00 0.000000e+00 8.368431e+00
         vertex 4.868101e+00 0.000000e+00 8.165846e+00
      endloop
   endfacet
   facet normal 2.588200e-01 0.000000e+00 9.659256e-01
      outer loop
         vertex 4.868101e+00 3.000000e+00 8.165846e+00
         vertex 4.868101e+00 0.000000e+00 8.165846e+00
         vertex 5.331124e+00 3.000000e+00 8.041779e+00
      endloop
   endfacet
   facet normal 2.588200e-01 0.000000e+00 9.659256e-01
      outer loop
         vertex 5.331124e+00 3.000000e+00 8.041779e+00
         vertex 4.868101e+00 0.000000e+00 8.165846e+00
         vertex 5.331124e+00 0.000000e+00 8.041779e+00
      endloop
   endfacet
   facet normal 8.715468e-02 0.000000e+00 9.961948e-01
      outer loop
         vertex 5.331124e+00 3.000000e+00 8.041779e+00
         vertex 5.331124e+00 0.000000e+00 8.041779e+00
         vertex 5.808657e+00 3.000000e+00 8.000000e+00
      endloop
   endfacet
   facet normal 8.715468e-02 0.000000e+00 9.961948e-01
      outer loop
         vertex 5.808657e+00 3.000000e+00 8.000000e+00
         vertex 5.331124e+00 0.000000e+00 8.041779e+00
         vertex 5.808657e+00 0.000000e+00 8.000000e+00
      endloop
   endfacet
   facet normal -8.715468e-02 0.000000e+00 9.961948e-01
      outer loop
         vertex 5.808657e+00 3.000000e+00 8.000000e+00
         vertex 5.808657e+00 0.000000e+00 8.000000e+00
         vertex 6.286190e+00 3.000000e+00 8.041779e+00
      endloop
   endfacet
   facet normal -8.715468e-02 0.000000e+00 9.961948e-01
      outer loop
         vertex 6.286190e+00 3.000000e+00 8.041779e+00
         vertex 5.808657e+00 0.000000e+00 8.000000e+00
         vertex 6.286190e+00 0.000000e+00 8.041779e+00
      endloop
   endfacet
   facet normal -2.588200e-01 0.000000e+00 9.659256e-01
      outer loop
         vertex 6.286190e+00 3.000000e+00 8.041779e+00
         vertex 6.286190e+00 0.000000e+00 8.041779e+00
         vertex 6.749213e+00 3.000000e+00 8.165846e+00
      endloop
   endfacet
   facet normal -2.588200e-01 0.000000e+00 9.659256e-01
      outer loop
         vertex 6.749213e+00 3.000000e+00 8.165846e+00
         vertex 6.286190e+00 0.000000e+00 8.041779e+00
         vertex 6.749213e+00 0.000000e+00 8.165846e+00
      endloop
   endfacet
   facet normal -4.226188e-01 0.000000e+00 9.063075e-01
      outer loop
         vertex 6.749213e+00 3.000000e+00 8.165846e+00
         vertex 6.749213e+00 0.000000e+00 8.165846e+00
         vertex 7.183657e+00 3.000000e+00 8.368431e+00
      endloop
   endfacet
   facet normal -4.226188e-01 0.000000e+00 9.063075e-01
      outer loop
         vertex 7.183657e+00 3.000000e+00 8.368431e+00
         vertex 6.749213e+00 0.000000e+00 8.165846e+00
         vertex 7.183657e+00 0.000000e+00 8.368431e+00
      endloop
   endfacet
   facet normal -5.735753e-01 0.000000e+00 8.191529e-01
      outer loop
         vertex 7.183657e+00 3.000000e+00 8.368431e+00
         vertex 7.183657e+00 0.000000e+00 8.368431e+00
         vertex 7.576323e+00 3.000000e+00 8.643378e+00
      endloop
   endfacet
   facet normal -5.735753e-01 0.000000e+00 8.191529e-01
      outer loop
         vertex 7.576323e+00 3.000000e+00 8.643378e+00
         vertex 7.183657e+00 0.000000e+00 8.368431e+00
         vertex 7.576323e+00 0.000000e+00 8.643378e+00
      endloop
   endfacet
   facet normal -7.071078e-01 0.000000e+00 7.071058e-01
      outer loop
         vertex 7.576323e+00 3.000000e+00 8.643378e+00
         vertex 7.576323e+00 0.000000e+00 8.643378e+00
         vertex 7.915279e+00 3.000000e+00 8.982334e+00
      endloop
   endfacet
   facet normal -7.071078e-01 0.000000e+00 7.071058e-01
      outer loop
         vertex 7.915279e+00 3.000000e+00 8.982334e+00
         vertex 7.576323e+00 0.000000e+00 8.643378e+00
         vertex 7.915279e+00 0.000000e+00 8.982334e+00
      endloop
   endfacet
   facet normal -8.191520e-01 0.000000e+00 5.735766e-01
      outer loop
         vertex 7.915279e+00 3.000000e+00 8.982334e+00
         vertex 7.915279e+00 0.000000e+00 8.982334e+00
         vertex 8.190227e+00 3.000000e+00 9.375000e+00
      endloop
   endfacet
   facet normal -8.191520e-01 0.000000e+00 5.735766e-01
      outer loop
         vertex 8.190227e+00 3.000000e+00 9.375000e+00
         vertex 7.915279e+00 0.000000e+00 8.982334e+00
         vertex 8.190227e+00 0.000000e+00 9.375000e+00
      endloop
   endfacet
   facet normal -9.063075e-01 0.000000e+00 4.226188e-01
      outer loop
         vertex 8.190227e+00 3.000000e+00 9.375000e+00
         vertex 8.190227e+00 0.000000e+00 9.375000e+00
         vertex 8.392812e+00 3.000000e+00 9.809445e+00
      endloop
   endfacet
   facet normal -9.063075e-01 0.000000e+00 4.226188e-01
      outer loop
         vertex 8.392812e+00 3.000000e+00 9.809445e+00
         vertex 8.190227e+00 0.000000e+00 9.375000e+00
         vertex 8.392812e+00 0.000000e+00 9.809445e+00
      endloop
   endfacet
   facet normal -9.659256e-01 0.000000e+00 2.588200e-01
      outer loop
         vertex 8.392812e+00 3.000000e+00 9.809445e+00
         vertex 8.392812e+00 0.000000e+00 9.809445e+00
         vertex 8.516879e+00 3.000000e+00 1.027247e+01
      endloop
   endfacet
   facet normal -9.659256e-01 0.000000e+00 2.588200e-01
      outer loop
         vertex 8.516879e+00 3.000000e+00 1.027247e+01
         vertex 8.392812e+00 0.000000e+00 9.809445e+00
         vertex 8.516879e+00 0.000000e+00 1.027247e+01
      endloop
   endfacet
   facet normal -9.961948e-01 0.000000e+00 8.715477e-02
      outer loop
         vertex 8.516879e+00 3.000000e+00 1.027247e+01
         vertex 8.516879e+00 0.000000e+00 1.027247e+01
         vertex 8.558657e+00 3.000000e+00 1.075000e+01
      endloop
   endfacet
   facet normal -9.961948e-01 0.000000e+00 8.715477e-02
      outer loop
         vertex 8.558657e+00 3.000000e+00 1.075000e+01
         vertex 8.516879e+00 0.000000e+00 1.027247e+01
         vertex 8.558657e+00 0.000000e+00 1.075000e+01
      endloop
   endfacet
   facet normal -9.961948e-01 -0.000000e+00 -8.715468e-02
      outer loop
         vertex 8.558657e+00 3.000000e+00 1.075000e+01
         vertex 8.558657e+00 0.000000e+00 1.075000e+01
         vertex 8.516879e+00 3.000000e+00 1.122753e+01
      endloop
   endfacet
   facet normal -9.961948e-01 -0.000000e+00 -8.715468e-02
      outer loop
         vertex 8.516879e+00 3.000000e+00 1.122753e+01
         vertex 8.558657e+00 0.000000e+00 1.075000e+01
         vertex 8.516879e+00 0.000000e+00 1.122753e+01
      endloop
   endfacet
   facet normal -9.659256e-01 -0.000000e+00 -2.588200e-01
      outer loop
         vertex 8.516879e+00 3.000000e+00 1.122753e+01
         vertex 8.516879e+00 0.000000e+00 1.122753e+01
         vertex 8.392812e+00 3.000000e+00 1.169056e+01
      endloop
   endfacet
   facet normal -9.659256e-01 -0.000000e+00 -2.588200e-01
      outer loop
         vertex 8.392812e+00 3.000000e+00 1.169056e+01
         vertex 8.516879e+00 0.000000e+00 1.122753e+01
         vertex 8.392812e+00 0.000000e+00 1.169056e+01
      endloop
   endfacet
   facet normal -9.063075e-01 -0.000000e+00 -4.226188e-01
      outer loop
         vertex 8.392812e+00 3.000000e+00 1.169056e+01
         vertex 8.392812e+00 0.000000e+00 1.169056e+01
         vertex 8.190227e+00 3.000000e+00 1.212500e+01
      endloop
   endfacet
   facet normal -9.063075e-01 -0.000000e+00 -4.226188e-01
      outer loop
         vertex 8.190227e+00 3.000000e+00 1.212500e+01
         vertex 8.392812e+00 0.000000e+00 1.169056e+01
         vertex 8.190227e+00 0.000000e+00 1.212500e+01
      endloop
   endfacet
   facet normal -8.191520e-01 -0.000000e+00 -5.735766e-01
      outer loop
         vertex 8.190227e+00 3.000000e+00 1.212500e+01
         vertex 8.190227e+00 0.000000e+00 1.212500e+01
         vertex 7.915279e+00 3.000000e+00 1.251767e+01
      endloop
   endfacet
   facet normal -8.191520e-01 -0.000000e+00 -5.735766e-01
      outer loop
         vertex 7.915279e+00 3.000000e+00 1.251767e+01
         vertex 8.190227e+00 0.000000e+00 1.212500e+01
         vertex 7.915279e+00 0.000000e+00 1.251767e+01
      endloop
   endfacet
   facet normal -7.071073e-01 -0.000000e+00 -7.071063e-01
      outer loop
         vertex 7.915279e+00 3.000000e+00 1.251767e+01
         vertex 7.915279e+00 0.000000e+00 1.251767e+01
         vertex 7.576323e+00 3.000000e+00 1.285662e+01
      endloop
   endfacet
   facet normal -7.071073e-01 -0.000000e+00 -7.071063e-01
      outer loop
         vertex 7.576323e+00 3.000000e+00 1.285662e+01
         vertex 7.915279e+00 0.000000e+00 1.251767e+01
         vertex 7.576323e+00 0.000000e+00 1.285662e+01
      endloop
   endfacet
   facet normal -5.735766e-01 -0.000000e+00 -8.191520e-01
      outer loop
         vertex 7.576323e+00 3.000000e+00 1.285662e+01
         vertex 7.576323e+00 0.000000e+00 1.285662e+01
         vertex 7.183657e+00 3.000000e+00 1.313157e+01
      endloop
   endfacet
   facet normal -5.735766e-01 -0.000000e+00 -8.191520e-01
      outer loop
         vertex 7.183657e+00 3.000000e+00 1.313157e+01
         vertex 7.576323e+00 0.000000e+00 1.285662e+01
         vertex 7.183657e+00 0.000000e+00 1.313157e+01
      endloop
   endfacet
   facet normal -4.226180e-01 -0.000000e+00 -9.063079e-01
      outer loop
         vertex 7.183657e+00 3.000000e+00 1.313157e+01
         vertex 7.183657e+00 0.000000e+00 1.313157e+01
         vertex 6.749213e+00 3.000000e+00 1.333415e+01
      endloop
   endfacet
   facet normal -4.226180e-01 -0.000000e+00 -9.063079e-01
      outer loop
         vertex 6.749213e+00 3.000000e+00 1.333415e+01
         vertex 7.183657e+00 0.000000e+00 1.313157e+01
         vertex 6.749213e+00 0.000000e+00 1.333415e+01
      endloop
   endfacet
   facet normal -2.588191e-01 -0.000000e+00 -9.659258e-01
      outer loop
         vertex 6.749213e+00 3.000000e+00 1.333415e+01
         vertex 6.749213e+00 0.000000e+00 1.333415e+01
         vertex 6.286190e+00 3.000000e+00 1.345822e+01
      endloop
   endfacet
   facet normal -2.588191e-01 -0.000000e+00 -9.659258e-01
      outer loop
         vertex 6.286190e+00 3.000000e+00 1.345822e+01
         vertex 6.749213e+00 0.000000e+00 1.333415e+01
         vertex 6.286190e+00 0.000000e+00 1.345822e+01
      endloop
   endfacet
   facet normal -8.715565e-02 -0.000000e+00 -9.961947e-01
      outer loop
         vertex 6.286190e+00 3.000000e+00 1.345822e+01
         vertex 6.286190e+00 0.000000e+00 1.345822e+01
         vertex 5.808657e+00 3.000000e+00 1.350000e+01
      endloop
   endfacet
   facet normal -8.715565e-02 -0.000000e+00 -9.961947e-01
      outer loop
         vertex 5.808657e+00 3.000000e+00 1.350000e+01
         vertex 6.286190e+00 0.000000e+00 1.345822e+01
         vertex 5.808657e+00 0.000000e+00 1.350000e+01
      endloop
   endfacet
   facet normal 8.715565e-02 0.000000e+00 -9.961947e-01
      outer loop
         vertex 5.808657e+00 3.000000e+00 1.350000e+01
         vertex 5.808657e+00 0.000000e+00 1.350000e+01
         vertex 5.331124e+00 3.000000e+00 1.345822e+01
      endloop
   endfacet
   facet normal 8.715565e-02 0.000000e+00 -9.961947e-01
      outer loop
         vertex 5.331124e+00 3.000000e+00 1.345822e+01
         vertex 5.808657e+00 0.000000e+00 1.350000e+01
         vertex 5.331124e+00 0.000000e+00 1.345822e+01
      endloop
   endfacet
   facet normal 2.588191e-01 0.000000e+00 -9.659258e-01
      outer loop
         vertex 5.331124e+00 3.000000e+00 1.345822e+01
         vertex 5.331124e+00 0.000000e+00 1.345822e+01
         vertex 4.868101e+00 3.000000e+00 1.333415e+01
      endloop
   endfacet
   facet normal 2.588191e-01 0.000000e+00 -9.659258e-01
      outer loop
         vertex 4.868101e+00 3.000000e+00 1.333415e+01
         vertex 5.331124e+00 0.000000e+00 1.345822e+01
         vertex 4.868101e+00 0.000000e+00 1.333415e+01
      endloop
   endfacet
   facet normal 4.226180e-01 0.000000e+00 -9.063079e-01
      outer loop
         vertex 4.868101e+00 3.000000e+00 1.333415e+01
         vertex 4.868101e+00 0.000000e+00 1.333415e+01
         vertex 4.433657e+00 3.000000e+00 1.313157e+01
      endloop
   endfacet
   facet normal 4.226180e-01 0.000000e+00 -9.063079e-01
      outer loop
         vertex 4.433657e+00 3.000000e+00 1.313157e+01
         vertex 4.868101e+00 0.000000e+00 1.333415e+01
         vertex 4.433657e+00 0.000000e+00 1.313157e+01
      endloop
   endfacet
   facet normal -0.000000e+00 -1.000000e+00 0.000000e+00
      outer loop
         vertex 5.244324e+00 3.000000e+00 1.230049e+01
         vertex 4.868101e+00 3.000000e+00 1.333415e+01
         vertex 4.983657e+00 3.000000e+00 1.217894e+01
      endloop
   endfacet
   facet normal 0.000000e+00 -1.000000e+00 0.000000e+00
      outer loop
         vertex 4.983657e+00 3.000000e+00 1.217894e+01
         vertex 4.868101e+00 3.000000e+00 1.333415e+01
         vertex 4.433657e+00 3.000000e+00 1.313157e+01
      endloop
   endfacet
   facet normal -0.000000e+00 -1.000000e+00 0.000000e+00
      outer loop
         vertex 4.983657e+00 3.000000e+00 1.217894e+01
         vertex 4.433657e+00 3.000000e+00 1.313157e+01
         vertex 4.748058e+00 3.000000e+00 1.201397e+01
      endloop
   endfacet
   facet normal 0.000000e+00 -1.000000e+00 0.000000e+00
      outer loop
         vertex 4.748058e+00 3.000000e+00 1.201397e+01
         vertex 4.433657e+00 3.000000e+00 1.313157e+01
         vertex 4.040991e+00 3.000000e+00 1.285662e+01
      endloop
   endfacet
   facet normal -0.000000e+00 -1.000000e+00 0.000000e+00
      outer loop
         vertex 4.748058e+00 3.000000e+00 1.201397e+01
         vertex 4.040991e+00 3.000000e+00 1.285662e+01
         vertex 4.544684e+00 3.000000e+00 1.181060e+01
      endloop
   endfacet
   facet normal 0.000000e+00 -1.000000e+00 0.000000e+00
      outer loop
         vertex 4.544684e+00 3.000000e+00 1.181060e+01
         vertex 4.040991e+00 3.000000e+00 1.285662e+01
         vertex 3.702035e+00 3.000000e+00 1.251767e+01
      endloop
   endfacet
   facet normal -0.000000e+00 -1.000000e+00 0.000000e+00
      outer loop
         vertex 4.544684e+00 3.000000e+00 1.181060e+01
         vertex 3.702035e+00 3.000000e+00 1.251767e+01
         vertex 4.379715e+00 3.000000e+00 1.157500e+01
      endloop
   endfacet
   facet normal 0.000000e+00 -1.000000e+00 0.000000e+00
      outer loop
         vertex 4.379715e+00 3.000000e+00 1.157500e+01
         vertex 3.702035e+00 3.000000e+00 1.251767e+01
         vertex 3.427087e+00 3.000000e+00 1.212500e+01
      endloop
   endfacet
   facet normal -0.000000e+00 -1.000000e+00 0.000000e+00
      outer loop
         vertex 4.379715e+00 3.000000e+00 1.157500e+01
         vertex 3.427087e+00 3.000000e+00 1.212500e+01
         vertex 4.258164e+00 3.000000e+00 1.131433e+01
      endloop
   endfacet
   facet normal 0.000000e+00 -1.000000e+00 0.000000e+00
      outer loop
         vertex 4.258164e+00 3.000000e+00 1.131433e+01
         vertex 3.427087e+00 3.000000e+00 1.212500e+01
         vertex 3.224502e+00 3.000000e+00 1.169056e+01
      endloop
   endfacet
   facet normal -0.000000e+00 -1.000000e+00 0.000000e+00
      outer loop
         vertex 4.258164e+00 3.000000e+00 1.131433e+01
         vertex 3.224502e+00 3.000000e+00 1.169056e+01
         vertex 4.183725e+00 3.000000e+00 1.103652e+01
      endloop
   endfacet
   facet normal 0.000000e+00 -1.000000e+00 0.000000e+00
      outer loop
         vertex 4.183725e+00 3.000000e+00 1.103652e+01
         vertex 3.224502e+00 3.000000e+00 1.169056e+01
         vertex 3.100436e+00 3.000000e+00 1.122753e+01
      endloop
   endfacet
   facet normal -0.000000e+00 -1.000000e+00 0.000000e+00
      outer loop
         vertex 4.183725e+00 3.000000e+00 1.103652e+01
         vertex 3.100436e+00 3.000000e+00 1.122753e+01
         vertex 4.158657e+00 3.000000e+00 1.075000e+01
      endloop
   endfacet
   facet normal 0.000000e+00 -1.000000e+00 0.000000e+00
      outer loop
         vertex 4.158657e+00 3.000000e+00 1.075000e+01
         vertex 3.100436e+00 3.000000e+00 1.122753e+01
         vertex 3.058657e+00 3.000000e+00 1.075000e+01
      endloop
   endfacet
   facet normal -0.000000e+00 -1.000000e+00 -0.000000e+00
      outer loop
         vertex 4.158657e+00 3.000000e+00 1.075000e+01
         vertex 3.058657e+00 3.000000e+00 1.075000e+01
         vertex 4.183725e+00 3.000000e+00 1.046348e+01
      endloop
   endfacet
   facet normal -0.000000e+00 -1.000000e+00 0.000000e+00
      outer loop
         vertex 4.183725e+00 3.000000e+00 1.046348e+01
         vertex 3.058657e+00 3.000000e+00 1.075000e+01
         vertex 3.100436e+00 3.000000e+00 1.027247e+01
      endloop
   endfacet
   facet normal 0.000000e+00 -1.000000e+00 -0.000000e+00
      outer loop
         vertex 4.183725e+00 3.000000e+00 1.046348e+01
         vertex 3.100436e+00 3.000000e+00 1.027247e+01
         vertex 4.258164e+00 3.000000e+00 1.018567e+01
      endloop
   endfacet
   facet normal -0.000000e+00 -1.000000e+00 0.000000e+00
      outer loop
         vertex 4.258164e+00 3.000000e+00 1.018567e+01
         vertex 3.100436e+00 3.000000e+00 1.027247e+01
         vertex 3.224502e+00 3.000000e+00 9.809445e+00
      endloop
   endfacet
   facet normal 0.000000e+00 -1.000000e+00 -0.000000e+00
      outer loop
         vertex 4.258164e+00 3.000000e+00 1.018567e+01
         vertex 3.224502e+00 3.000000e+00 9.809445e+00
         vertex 4.379715e+00 3.000000e+00 9.925000e+00
      endloop
   endfacet
   facet normal 0.000000e+00 -1.000000e+00 0.000000e+00
      outer loop
         vertex 4.379715e+00 3.000000e+00 9.925000e+00
         vertex 3.224502e+00 3.000000e+00 9.809445e+00
         vertex 3.427087e+00 3.000000e+00 9.375000e+00
      endloop
   endfacet
   facet normal 0.000000e+00 -1.000000e+00 -0.000000e+00
      outer loop
         vertex 4.379715e+00 3.000000e+00 9.925000e+00
         vertex 3.427087e+00 3.000000e+00 9.375000e+00
         vertex 4.544684e+00 3.000000e+00 9.689400e+00
      endloop
   endfacet
   facet normal 0.000000e+00 -1.000000e+00 0.000000e+00
      outer loop
         vertex 4.544684e+00 3.000000e+00 9.689400e+00
         vertex 3.427087e+00 3.000000e+00 9.375000e+00
         vertex 3.702035e+00 3.000000e+00 8.982334e+00
      endloop
   endfacet
   facet normal 0.000000e+00 -1.000000e+00 -0.000000e+00
      outer loop
         vertex 4.544684e+00 3.000000e+00 9.689400e+00
         vertex 3.702035e+00 3.000000e+00 8.982334e+00
         vertex 4.748058e+00 3.000000e+00 9.486027e+00
      endloop
   endfacet
   facet normal 0.000000e+00 -1.000000e+00 0.000000e+00
      outer loop
         vertex 4.748058e+00 3.000000e+00 9.486027e+00
         vertex 3.702035e+00 3.000000e+00 8.982334e+00
         vertex 4.040991e+00 3.000000e+00 8.643378e+00
      endloop
   endfacet
   facet normal 0.000000e+00 -1.000000e+00 -0.000000e+00
      outer loop
         vertex 4.748058e+00 3.000000e+00 9.486027e+00
         vertex 4.040991e+00 3.000000e+00 8.643378e+00
         vertex 4.983657e+00 3.000000e+00 9.321058e+00
      endloop
   endfacet
   facet normal 0.000000e+00 -1.000000e+00 0.000000e+00
      outer loop
         vertex 4.983657e+00 3.000000e+00 9.321058e+00
         vertex 4.040991e+00 3.000000e+00 8.643378e+00
         vertex 4.433657e+00 3.000000e+00 8.368431e+00
      endloop
   endfacet
   facet normal 0.000000e+00 -1.000000e+00 -0.000000e+00
      outer loop
         vertex 4.983657e+00 3.000000e+00 9.321058e+00
         vertex 4.433657e+00 3.000000e+00 8.368431e+00
         vertex 5.244324e+00 3.000000e+00 9.199508e+00
      endloop
   endfacet
   facet normal 0.000000e+00 -1.000000e+00 0.000000e+00
      outer loop
         vertex 5.244324e+00 3.000000e+00 9.199508e+00
         vertex 4.433657e+00 3.000000e+00 8.368431e+00
         vertex 4.868101e+00 3.000000e+00 8.165846e+00
      endloop
   endfacet
   facet normal 0.000000e+00 -1.000000e+00 -0.000000e+00
      outer loop
         vertex 5.244324e+00 3.000000e+00 9.199508e+00
         vertex 4.868101e+00 3.000000e+00 8.165846e+00
         vertex 5.522138e+00 3.000000e+00 9.125067e+00
      endloop
   endfacet
   facet normal 0.000000e+00 -1.000000e+00 0.000000e+00
      outer loop
         vertex 5.522138e+00 3.000000e+00 9.125067e+00
         vertex 4.868101e+00 3.000000e+00 8.165846e+00
         vertex 5.331124e+00 3.000000e+00 8.041779e+00
      endloop
   endfacet
   facet normal 0.000000e+00 -1.000000e+00 -0.000000e+00
      outer loop
         vertex 5.522138e+00 3.000000e+00 9.125067e+00
         vertex 5.331124e+00 3.000000e+00 8.041779e+00
         vertex 5.808657e+00 3.000000e+00 9.100000e+00
      endloop
   endfacet
   facet normal 0.000000e+00 -1.000000e+00 -0.000000e+00
      outer loop
         vertex 5.808657e+00 3.000000e+00 9.100000e+00
         vertex 5.331124e+00 3.000000e+00 8.041779e+00
         vertex 5.808657e+00 3.000000e+00 8.000000e+00
      endloop
   endfacet
   facet normal 0.000000e+00 -1.000000e+00 0.000000e+00
      outer loop
         vertex 5.808657e+00 3.000000e+00 9.100000e+00
         vertex 5.808657e+00 3.000000e+00 8.000000e+00
         vertex 6.095177e+00 3.000000e+00 9.125067e+00
      endloop
   endfacet
   facet normal 0.000000e+00 -1.000000e+00 -0.000000e+00
      outer loop
         vertex 6.095177e+00 3.000000e+00 9.125067e+00
         vertex 5.808657e+00 3.000000e+00 8.000000e+00
         vertex 6.286190e+00 3.000000e+00 8.041779e+00
      endloop
   endfacet
   facet normal 0.000000e+00 -1.000000e+00 0.000000e+00
      outer loop
         vertex 6.095177e+00 3.000000e+00 9.125067e+00
         vertex 6.286190e+00 3.000000e+00 8.041779e+00
         vertex 6.372990e+00 3.000000e+00 9.199508e+00
      endloop
   endfacet
   facet normal 0.000000e+00 -1.000000e+00 -0.000000e+00
      outer loop
         vertex 6.372990e+00 3.000000e+00 9.199508e+00
         vertex 6.286190e+00 3.000000e+00 8.041779e+00
         vertex 6.749213e+00 3.000000e+00 8.165846e+00
      endloop
   endfacet
   facet normal 0.000000e+00 -1.000000e+00 0.000000e+00
      outer loop
         vertex 6.372990e+00 3.000000e+00 9.199508e+00
         vertex 6.749213e+00 3.000000e+00 8.165846e+00
         vertex 6.633657e+00 3.000000e+00 9.321058e+00
      endloop
   endfacet
   facet normal 0.000000e+00 -1.000000e+00 0.000000e+00
      outer loop
         vertex 6.633657e+00 3.000000e+00 9.321058e+00
         vertex 6.749213e+00 3.000000e+00 8.165846e+00
         vertex 7.183657e+00 3.000000e+00 8.368431e+00
      endloop
   endfacet
   facet normal 0.000000e+00 -1.000000e+00 0.000000e+00
      outer loop
         vertex 6.633657e+00 3.000000e+00 9.321058e+00
         vertex 7.183657e+00 3.000000e+00 8.368431e+00
         vertex 6.869256e+00 3.000000e+00 9.486027e+00
      endloop
   endfacet
   facet normal 0.000000e+00 -1.000000e+00 0.000000e+00
      outer loop
         vertex 6.869256e+00 3.000000e+00 9.486027e+00
         vertex 7.183657e+00 3.000000e+00 8.368431e+00
         vertex 7.576323e+00 3.000000e+00 8.643378e+00
      endloop
   endfacet
   facet normal 0.000000e+00 -1.000000e+00 0.000000e+00
      outer loop
         vertex 6.869256e+00 3.000000e+00 9.486027e+00
         vertex 7.576323e+00 3.000000e+00 8.643378e+00
         vertex 7.072630e+00 3.000000e+00 9.689400e+00
      endloop
   endfacet
   facet normal 0.000000e+00 -1.000000e+00 0.000000e+00
      outer loop
         vertex 7.072630e+00 3.000000e+00 9.689400e+00
         vertex 7.576323e+00 3.000000e+00 8.643378e+00
         vertex 7.915279e+00 3.000000e+00 8.982334e+00
      endloop
   endfacet
   facet normal 0.000000e+00 -1.000000e+00 0.000000e+00
      outer loop
         vertex 7.072630e+00 3.000000e+00 9.689400e+00
         vertex 7.915279e+00 3.000000e+00 8.982334e+00
         vertex 7.237599e+00 3.000000e+00 9.925000e+00
      endloop
   endfacet
   facet normal 0.000000e+00 -1.000000e+00 0.000000e+00
      outer loop
         vertex 7.237599e+00 3.000000e+00 9.925000e+00
         vertex 7.915279e+00 3.000000e+00 8.982334e+00
         vertex 8.190227e+00 3.000000e+00 9.375000e+00
      endloop
   endfacet
   facet normal 0.000000e+00 -1.000000e+00 0.000000e+00
      outer loop
         vertex 7.237599e+00 3.000000e+00 9.925000e+00
         vertex 8.190227e+00 3.000000e+00 9.375000e+00
         vertex 7.359150e+00 3.000000e+00 1.018567e+01
      endloop
   endfacet
   facet normal 0.000000e+00 -1.000000e+00 0.000000e+00
      outer loop
         vertex 7.359150e+00 3.000000e+00 1.018567e+01
         vertex 8.190227e+00 3.000000e+00 9.375000e+00
         vertex 8.392812e+00 3.000000e+00 9.809445e+00
      endloop
   endfacet
   facet normal 0.000000e+00 -1.000000e+00 0.000000e+00
      outer loop
         vertex 7.359150e+00 3.000000e+00 1.018567e+01
         vertex 8.392812e+00 3.000000e+00 9.809445e+00
         vertex 7.433590e+00 3.000000e+00 1.046348e+01
      endloop
   endfacet
   facet normal 0.000000e+00 -1.000000e+00 0.000000e+00
      outer loop
         vertex 7.433590e+00 3.000000e+00 1.046348e+01
         vertex 8.392812e+00 3.000000e+00 9.809445e+00
         vertex 8.516879e+00 3.000000e+00 1.027247e+01
      endloop
   endfacet
   facet normal 0.000000e+00 -1.000000e+00 0.000000e+00
      outer loop
         vertex 7.433590e+00 3.000000e+00 1.046348e+01
         vertex 8.516879e+00 3.000000e+00 1.027247e+01
         vertex 7.458657e+00 3.000000e+00 1.075000e+01
      endloop
   endfacet
   facet normal 0.000000e+00 -1.000000e+00 0.000000e+00
      outer loop
         vertex 7.458657e+00 3.000000e+00 1.075000e+01
         vertex 8.516879e+00 3.000000e+00 1.027247e+01
         vertex 8.558657e+00 3.000000e+00 1.075000e+01
      endloop
   endfacet
   facet normal 0.000000e+00 -1.000000e+00 0.000000e+00
      outer loop
         vertex 7.458657e+00 3.000000e+00 1.075000e+01
         vertex 8.558657e+00 3.000000e+00 1.075000e+01
         vertex 7.433590e+00 3.000000e+00 1.103652e+01
      endloop
   endfacet
   facet normal 0.000000e+00 -1.000000e+00 0.000000e+00
      outer loop
         vertex 7.433590e+00 3.000000e+00 1.103652e+01
         vertex 8.558657e+00 3.000000e+00 1.075000e+01
         vertex 8.516879e+00 3.000000e+00 1.122753e+01
      endloop
   endfacet
   facet normal 0.000000e+00 -1.000000e+00 0.000000e+00
      outer loop
         vertex 7.433590e+00 3.000000e+00 1.103652e+01
         vertex 8.516879e+00 3.000000e+00 1.122753e+01
         vertex 7.359150e+00 3.000000e+00 1.131433e+01
      endloop
   endfacet
   facet normal 0.000000e+00 -1.000000e+00 0.000000e+00
      outer loop
         vertex 7.359150e+00 3.000000e+00 1.131433e+01
         vertex 8.516879e+00 3.000000e+00 1.122753e+01
         vertex 8.392812e+00 3.000000e+00 1.169056e+01
      endloop
   endfacet
   facet normal 0.000000e+00 -1.000000e+00 0.000000e+00
      outer loop
         vertex 7.359150e+00 3.000000e+00 1.131433e+01
         vertex 8.392812e+00 3.000000e+00 1.169056e+01
         vertex 7.237599e+00 3.000000e+00 1.157500e+01
      endloop
   endfacet
   facet normal 0.000000e+00 -1.000000e+00 0.000000e+00
      outer loop
         vertex 7.237599e+00 3.000000e+00 1.157500e+01
         vertex 8.392812e+00 3.000000e+00 1.169056e+01
         vertex 8.190227e+00 3.000000e+00 1.212500e+01
      endloop
   endfacet
   facet normal 0.000000e+00 -1.000000e+00 0.000000e+00
      outer loop
         vertex 7.237599e+00 3.000000e+00 1.157500e+01
         vertex 8.190227e+00 3.000000e+00 1.212500e+01
         vertex 7.072630e+00 3.000000e+00 1.181060e+01
      endloop
   endfacet
   facet normal 0.000000e+00 -1.000000e+00 0.000000e+00
      outer loop
         vertex 7.072630e+00 3.000000e+00 1.181060e+01
         vertex 8.190227e+00 3.000000e+00 1.212500e+01
         vertex 7.915279e+00 3.000000e+00 1.251767e+01
      endloop
   endfacet
   facet normal 0.000000e+00 -1.000000e+00 0.000000e+00
      outer loop
         vertex 7.072630e+00 3.000000e+00 1.181060e+01
         vertex 7.915279e+00 3.000000e+00 1.251767e+01
         vertex 6.869256e+00 3.000000e+00 1.201397e+01
      endloop
   endfacet
   facet normal 0.000000e+00 -1.000000e+00 0.000000e+00
      outer loop
         vertex 6.869256e+00 3.000000e+00 1.201397e+01
         vertex 7.915279e+00 3.000000e+00 1.251767e+01
         vertex 7.576323e+00 3.000000e+00 1.285662e+01
      endloop
   endfacet
   facet normal 0.000000e+00 -1.000000e+00 0.000000e+00
      outer loop
         vertex 6.869256e+00 3.000000e+00 1.201397e+01
         vertex 7.576323e+00 3.000000e+00 1.285662e+01
         vertex 6.633657e+00 3.000000e+00 1.217894e+01
      endloop
   endfacet
   facet normal 0.000000e+00 -1.000000e+00 0.000000e+00
      outer loop
         vertex 6.633657e+00 3.000000e+00 1.217894e+01
         vertex 7.576323e+00 3.000000e+00 1.285662e+01
         vertex 7.183657e+00 3.000000e+00 1.313157e+01
      endloop
   endfacet
   facet normal 0.000000e+00 -1.000000e+00 0.000000e+00
      outer loop
         vertex 6.633657e+00 3.000000e+00 1.217894e+01
         vertex 7.183657e+00 3.000000e+00 1.313157e+01
         vertex 6.372990e+00 3.000000e+00 1.230049e+01
      endloop
   endfacet
   facet normal 0.000000e+00 -1.000000e+00 0.000000e+00
      outer loop
         vertex 6.372990e+00 3.000000e+00 1.230049e+01
         vertex 7.183657e+00 3.000000e+00 1.313157e+01
         vertex 6.749213e+00 3.000000e+00 1.333415e+01
      endloop
   endfacet
   facet normal 0.000000e+00 -1.000000e+00 0.000000e+00
      outer loop
         vertex 6.372990e+00 3.000000e+00 1.230049e+01
         vertex 6.749213e+00 3.000000e+00 1.333415e+01
         vertex 6.095177e+00 3.000000e+00 1.237493e+01
      endloop
   endfacet
   facet normal 0.000000e+00 -1.000000e+00 0.000000e+00
      outer loop
         vertex 6.095177e+00 3.000000e+00 1.237493e+01
         vertex 6.749213e+00 3.000000e+00 1.333415e+01
         vertex 6.286190e+00 3.000000e+00 1.345822e+01
      endloop
   endfacet
   facet normal 0.000000e+00 -1.000000e+00 0.000000e+00
      outer loop
         vertex 6.095177e+00 3.000000e+00 1.237493e+01
         vertex 6.286190e+00 3.000000e+00 1.345822e+01
         vertex 5.808657e+00 3.000000e+00 1.240000e+01
      endloop
   endfacet
   facet normal 0.000000e+00 -1.000000e+00 0.000000e+00
      outer loop
         vertex 5.808657e+00 3.000000e+00 1.240000e+01
         vertex 6.286190e+00 3.000000e+00 1.345822e+01
         vertex 5.808657e+00 3.000000e+00 1.350000e+01
      endloop
   endfacet
   facet normal -0.000000e+00 -1.000000e+00 0.000000e+00
      outer loop
         vertex 5.808657e+00 3.000000e+00 1.240000e+01
         vertex 5.808657e+00 3.000000e+00 1.350000e+01
         vertex 5.522138e+00 3.000000e+00 1.237493e+01
      endloop
   endfacet
   facet normal 0.000000e+00 -1.000000e+00 0.000000e+00
      outer loop
         vertex 5.522138e+00 3.000000e+00 1.237493e+01
         vertex 5.808657e+00 3.000000e+00 1.350000e+01
         vertex 5.331124e+00 3.000000e+00 1.345822e+01
      endloop
   endfacet
   facet normal -0.000000e+00 -1.000000e+00 0.000000e+00
      outer loop
         vertex 5.522138e+00 3.000000e+00 1.237493e+01
         vertex 5.331124e+00 3.000000e+00 1.345822e+01
         vertex 5.244324e+00 3.000000e+00 1.230049e+01
      endloop
   endfacet
   facet normal 0.000000e+00 -1.000000e+00 0.000000e+00
      outer loop
         vertex 5.244324e+00 3.000000e+00 1.230049e+01
         vertex 5.331124e+00 3.000000e+00 1.345822e+01
         vertex 4.868101e+00 3.000000e+00 1.333415e+01
      endloop
   endfacet
   facet normal -4.226188e-01 -0.000000e+00 -9.063075e-01
      outer loop
         vertex 7.183657e+00 3.000000e+00 2.663157e+01
         vertex 7.183657e+00 0.000000e+00 2.663157e+01
         vertex 6.749213e+00 3.000000e+00 2.683415e+01
      endloop
   endfacet
   facet normal -4.226188e-01 -0.000000e+00 -9.063075e-01
      outer loop
         vertex 6.749213e+00 3.000000e+00 2.683415e+01
         vertex 7.183657e+00 0.000000e+00 2.663157e+01
         vertex 6.749213e+00 0.000000e+00 2.683415e+01
      endloop
   endfacet
   facet normal -2.588200e-01 -0.000000e+00 -9.659256e-01
      outer loop
         vertex 6.749213e+00 3.000000e+00 2.683415e+01
         vertex 6.749213e+00 0.000000e+00 2.683415e+01
         vertex 6.286190e+00 3.000000e+00 2.695822e+01
      endloop
   endfacet
   facet normal -2.588200e-01 -0.000000e+00 -9.659256e-01
      outer loop
         vertex 6.286190e+00 3.000000e+00 2.695822e+01
         vertex 6.749213e+00 0.000000e+00 2.683415e+01
         vertex 6.286190e+00 0.000000e+00 2.695822e+01
      endloop
   endfacet
   facet normal -8.715468e-02 -0.000000e+00 -9.961948e-01
      outer loop
         vertex 6.286190e+00 3.000000e+00 2.695822e+01
         vertex 6.286190e+00 0.000000e+00 2.695822e+01
         vertex 5.808657e+00 3.000000e+00 2.700000e+01
      endloop
   endfacet
   facet normal -8.715468e-02 -0.000000e+00 -9.961948e-01
      outer loop
         vertex 5.808657e+00 3.000000e+00 2.700000e+01
         vertex 6.286190e+00 0.000000e+00 2.695822e+01
         vertex 5.808657e+00 0.000000e+00 2.700000e+01
      endloop
   endfacet
   facet normal 8.715468e-02 0.000000e+00 -9.961948e-01
      outer loop
         vertex 5.808657e+00 3.000000e+00 2.700000e+01
         vertex 5.808657e+00 0.000000e+00 2.700000e+01
         vertex 5.331124e+00 3.000000e+00 2.695822e+01
      endloop
   endfacet
   facet normal 8.715468e-02 0.000000e+00 -9.961948e-01
      outer loop
         vertex 5.331124e+00 3.000000e+00 2.695822e+01
         vertex 5.808657e+00 0.000000e+00 2.700000e+01
         vertex 5.331124e+00 0.000000e+00 2.695822e+01
      endloop
   endfacet
   facet normal 2.588200e-01 0.000000e+00 -9.659256e-01
      outer loop
         vertex 5.331124e+00 3.000000e+00 2.695822e+01
         vertex 5.331124e+00 0.000000e+00 2.695822e+01
         vertex 4.868101e+00 3.000000e+00 2.683415e+01
      endloop
   endfacet
   facet normal 2.588200e-01 0.000000e+00 -9.659256e-01
      outer loop
         vertex 4.868101e+00 3.000000e+00 2.683415e+01
         vertex 5.331124e+00 0.000000e+00 2.695822e+01
         vertex 4.868101e+00 0.000000e+00 2.683415e+01
      endloop
   endfacet
   facet normal 4.226188e-01 0.000000e+00 -9.063075e-01
      outer loop
         vertex 4.868101e+00 3.000000e+00 2.683415e+01
         vertex 4.868101e+00 0.000000e+00 2.683415e+01
         vertex 4.433657e+00 3.000000e+00 2.663157e+01
      endloop
   endfacet
   facet normal 4.226188e-01 0.000000e+00 -9.063075e-01
      outer loop
         vertex 4.433657e+00 3.000000e+00 2.663157e+01
         vertex 4.868101e+00 0.000000e+00 2.683415e+01
         vertex 4.433657e+00 0.000000e+00 2.663157e+01
      endloop
   endfacet
   facet normal 5.735753e-01 0.000000e+00 -8.191529e-01
      outer loop
         vertex 4.433657e+00 3.000000e+00 2.663157e+01
         vertex 4.433657e+00 0.000000e+00 2.663157e+01
         vertex 4.040991e+00 3.000000e+00 2.635662e+01
      endloop
   endfacet
   facet normal 5.735753e-01 0.000000e+00 -8.191529e-01
      outer loop
         vertex 4.040991e+00 3.000000e+00 2.635662e+01
         vertex 4.433657e+00 0.000000e+00 2.663157e+01
         vertex 4.040991e+00 0.000000e+00 2.635662e+01
      endloop
   endfacet
   facet normal 7.071078e-01 0.000000e+00 -7.071058e-01
      outer loop
         vertex 4.040991e+00 3.000000e+00 2.635662e+01
         vertex 4.040991e+00 0.000000e+00 2.635662e+01
         vertex 3.702035e+00 3.000000e+00 2.601767e+01
      endloop
   endfacet
   facet normal 7.071078e-01 0.000000e+00 -7.071058e-01
      outer loop
         vertex 3.702035e+00 3.000000e+00 2.601767e+01
         vertex 4.040991e+00 0.000000e+00 2.635662e+01
         vertex 3.702035e+00 0.000000e+00 2.601767e+01
      endloop
   endfacet
   facet normal 8.191520e-01 0.000000e+00 -5.735766e-01
      outer loop
         vertex 3.702035e+00 3.000000e+00 2.601767e+01
         vertex 3.702035e+00 0.000000e+00 2.601767e+01
         vertex 3.427087e+00 3.000000e+00 2.562500e+01
      endloop
   endfacet
   facet normal 8.191520e-01 0.000000e+00 -5.735766e-01
      outer loop
         vertex 3.427087e+00 3.000000e+00 2.562500e+01
         vertex 3.702035e+00 0.000000e+00 2.601767e+01
         vertex 3.427087e+00 0.000000e+00 2.562500e+01
      endloop
   endfacet
   facet normal 9.063075e-01 0.000000e+00 -4.226188e-01
      outer loop
         vertex 3.427087e+00 3.000000e+00 2.562500e+01
         vertex 3.427087e+00 0.000000e+00 2.562500e+01
         vertex 3.224502e+00 3.000000e+00 2.519056e+01
      endloop
   endfacet
   facet normal 9.063075e-01 0.000000e+00 -4.226188e-01
      outer loop
         vertex 3.224502e+00 3.000000e+00 2.519056e+01
         vertex 3.427087e+00 0.000000e+00 2.562500e+01
         vertex 3.224502e+00 0.000000e+00 2.519056e+01
      endloop
   endfacet
   facet normal 9.659261e-01 0.000000e+00 -2.588181e-01
      outer loop
         vertex 3.224502e+00 3.000000e+00 2.519056e+01
         vertex 3.224502e+00 0.000000e+00 2.519056e+01
         vertex 3.100436e+00 3.000000e+00 2.472753e+01
      endloop
   endfacet
   facet normal 9.659261e-01 0.000000e+00 -2.588181e-01
      outer loop
         vertex 3.100436e+00 3.000000e+00 2.472753e+01
         vertex 3.224502e+00 0.000000e+00 2.519056e+01
         vertex 3.100436e+00 0.000000e+00 2.472753e+01
      endloop
   endfacet
   facet normal 9.961946e-01 0.000000e+00 -8.715670e-02
      outer loop
         vertex 3.100436e+00 3.000000e+00 2.472753e+01
         vertex 3.100436e+00 0.000000e+00 2.472753e+01
         vertex 3.058657e+00 3.000000e+00 2.425000e+01
      endloop
   endfacet
   facet normal 9.961946e-01 0.000000e+00 -8.715670e-02
      outer loop
         vertex 3.058657e+00 3.000000e+00 2.425000e+01
         vertex 3.100436e+00 0.000000e+00 2.472753e+01
         vertex 3.058657e+00 0.000000e+00 2.425000e+01
      endloop
   endfacet
   facet normal 9.961946e-01 0.000000e+00 8.715661e-02
      outer loop
         vertex 3.058657e+00 3.000000e+00 2.425000e+01
         vertex 3.058657e+00 0.000000e+00 2.425000e+01
         vertex 3.100436e+00 3.000000e+00 2.377247e+01
      endloop
   endfacet
   facet normal 9.961946e-01 0.000000e+00 8.715661e-02
      outer loop
         vertex 3.100436e+00 3.000000e+00 2.377247e+01
         vertex 3.058657e+00 0.000000e+00 2.425000e+01
         vertex 3.100436e+00 0.000000e+00 2.377247e+01
      endloop
   endfacet
   facet normal 9.659261e-01 0.000000e+00 2.588181e-01
      outer loop
         vertex 3.100436e+00 3.000000e+00 2.377247e+01
         vertex 3.100436e+00 0.000000e+00 2.377247e+01
         vertex 3.224502e+00 3.000000e+00 2.330944e+01
      endloop
   endfacet
   facet normal 9.659261e-01 0.000000e+00 2.588181e-01
      outer loop
         vertex 3.224502e+00 3.000000e+00 2.330944e+01
         vertex 3.100436e+00 0.000000e+00 2.377247e+01
         vertex 3.224502e+00 0.000000e+00 2.330944e+01
      endloop
   endfacet
   facet normal 9.063075e-01 0.000000e+00 4.226188e-01
      outer loop
         vertex 3.224502e+00 3.000000e+00 2.330944e+01
         vertex 3.224502e+00 0.000000e+00 2.330944e+01
         vertex 3.427087e+00 3.000000e+00 2.287500e+01
      endloop
   endfacet
   facet normal 9.063075e-01 0.000000e+00 4.226188e-01
      outer loop
         vertex 3.427087e+00 3.000000e+00 2.287500e+01
         vertex 3.224502e+00 0.000000e+00 2.330944e+01
         vertex 3.427087e+00 0.000000e+00 2.287500e+01
      endloop
   endfacet
   facet normal 8.191520e-01 0.000000e+00 5.735766e-01
      outer loop
         vertex 3.427087e+00 3.000000e+00 2.287500e+01
         vertex 3.427087e+00 0.000000e+00 2.287500e+01
         vertex 3.702035e+00 3.000000e+00 2.248233e+01
      endloop
   endfacet
   facet normal 8.191520e-01 0.000000e+00 5.735766e-01
      outer loop
         vertex 3.702035e+00 3.000000e+00 2.248233e+01
         vertex 3.427087e+00 0.000000e+00 2.287500e+01
         vertex 3.702035e+00 0.000000e+00 2.248233e+01
      endloop
   endfacet
   facet normal 7.071073e-01 0.000000e+00 7.071063e-01
      outer loop
         vertex 3.702035e+00 3.000000e+00 2.248233e+01
         vertex 3.702035e+00 0.000000e+00 2.248233e+01
         vertex 4.040991e+00 3.000000e+00 2.214338e+01
      endloop
   endfacet
   facet normal 7.071073e-01 0.000000e+00 7.071063e-01
      outer loop
         vertex 4.040991e+00 3.000000e+00 2.214338e+01
         vertex 3.702035e+00 0.000000e+00 2.248233e+01
         vertex 4.040991e+00 0.000000e+00 2.214338e+01
      endloop
   endfacet
   facet normal 5.735766e-01 0.000000e+00 8.191520e-01
      outer loop
         vertex 4.040991e+00 3.000000e+00 2.214338e+01
         vertex 4.040991e+00 0.000000e+00 2.214338e+01
         vertex 4.433657e+00 3.000000e+00 2.186843e+01
      endloop
   endfacet
   facet normal 5.735766e-01 0.000000e+00 8.191520e-01
      outer loop
         vertex 4.433657e+00 3.000000e+00 2.186843e+01
         vertex 4.040991e+00 0.000000e+00 2.214338e+01
         vertex 4.433657e+00 0.000000e+00 2.186843e+01
      endloop
   endfacet
   facet normal 4.226180e-01 0.000000e+00 9.063079e-01
      outer loop
         vertex 4.433657e+00 3.000000e+00 2.186843e+01
         vertex 4.433657e+00 0.000000e+00 2.186843e+01
         vertex 4.868101e+00 3.000000e+00 2.166585e+01
      endloop
   endfacet
   facet normal 4.226180e-01 0.000000e+00 9.063079e-01
      outer loop
         vertex 4.868101e+00 3.000000e+00 2.166585e+01
         vertex 4.433657e+00 0.000000e+00 2.186843e+01
         vertex 4.868101e+00 0.000000e+00 2.166585e+01
      endloop
   endfacet
   facet normal 2.588191e-01 0.000000e+00 9.659258e-01
      outer loop
         vertex 4.868101e+00 3.000000e+00 2.166585e+01
         vertex 4.868101e+00 0.000000e+00 2.166585e+01
         vertex 5.331124e+00 3.000000e+00 2.154178e+01
      endloop
   endfacet
   facet normal 2.588191e-01 0.000000e+00 9.659258e-01
      outer loop
         vertex 5.331124e+00 3.000000e+00 2.154178e+01
         vertex 4.868101e+00 0.000000e+00 2.166585e+01
         vertex 5.331124e+00 0.000000e+00 2.154178e+01
      endloop
   endfacet
   facet normal 8.715565e-02 0.000000e+00 9.961947e-01
      outer loop
         vertex 5.331124e+00 3.000000e+00 2.154178e+01
         vertex 5.331124e+00 0.000000e+00 2.154178e+01
         vertex 5.808657e+00 3.000000e+00 2.150000e+01
      endloop
   endfacet
   facet normal 8.715565e-02 0.000000e+00 9.961947e-01
      outer loop
         vertex 5.808657e+00 3.000000e+00 2.150000e+01
         vertex 5.331124e+00 0.000000e+00 2.154178e+01
         vertex 5.808657e+00 0.000000e+00 2.150000e+01
      endloop
   endfacet
   facet normal -8.715565e-02 0.000000e+00 9.961947e-01
      outer loop
         vertex 5.808657e+00 3.000000e+00 2.150000e+01
         vertex 5.808657e+00 0.000000e+00 2.150000e+01
         vertex 6.286190e+00 3.000000e+00 2.154178e+01
      endloop
   endfacet
   facet normal -8.715565e-02 0.000000e+00 9.961947e-01
      outer loop
         vertex 6.286190e+00 3.000000e+00 2.154178e+01
         vertex 5.808657e+00 0.000000e+00 2.150000e+01
         vertex 6.286190e+00 0.000000e+00 2.154178e+01
      endloop
   endfacet
   facet normal -2.588191e-01 0.000000e+00 9.659258e-01
      outer loop
         vertex 6.286190e+00 3.000000e+00 2.154178e+01
         vertex 6.286190e+00 0.000000e+00 2.154178e+01
         vertex 6.749213e+00 3.000000e+00 2.166585e+01
      endloop
   endfacet
   facet normal -2.588191e-01 0.000000e+00 9.659258e-01
      outer loop
         vertex 6.749213e+00 3.000000e+00 2.166585e+01
         vertex 6.286190e+00 0.000000e+00 2.154178e+01
         vertex 6.749213e+00 0.000000e+00 2.166585e+01
      endloop
   endfacet
   facet normal -4.226180e-01 0.000000e+00 9.063079e-01
      outer loop
         vertex 6.749213e+00 3.000000e+00 2.166585e+01
         vertex 6.749213e+00 0.000000e+00 2.166585e+01
         vertex 7.183657e+00 3.000000e+00 2.186843e+01
      endloop
   endfacet
   facet normal -4.226180e-01 0.000000e+00 9.063079e-01
      outer loop
         vertex 7.183657e+00 3.000000e+00 2.186843e+01
         vertex 6.749213e+00 0.000000e+00 2.166585e+01
         vertex 7.183657e+00 0.000000e+00 2.186843e+01
      endloop
   endfacet
   facet normal -5.735766e-01 0.000000e+00 8.191520e-01
      outer loop
         vertex 7.183657e+00 3.000000e+00 2.186843e+01
         vertex 7.183657e+00 0.000000e+00 2.186843e+01
         vertex 7.576323e+00 3.000000e+00 2.214338e+01
      endloop
   endfacet
   facet normal -5.735766e-01 0.000000e+00 8.191520e-01
      outer loop
         vertex 7.576323e+00 3.000000e+00 2.214338e+01
         vertex 7.183657e+00 0.000000e+00 2.186843e+01
         vertex 7.576323e+00 0.000000e+00 2.214338e+01
      endloop
   endfacet
   facet normal -7.071073e-01 0.000000e+00 7.071063e-01
      outer loop
         vertex 7.576323e+00 3.000000e+00 2.214338e+01
         vertex 7.576323e+00 0.000000e+00 2.214338e+01
         vertex 7.915279e+00 3.000000e+00 2.248233e+01
      endloop
   endfacet
   facet normal -7.071073e-01 0.000000e+00 7.071063e-01
      outer loop
         vertex 7.915279e+00 3.000000e+00 2.248233e+01
         vertex 7.576323e+00 0.000000e+00 2.214338e+01
         vertex 7.915279e+00 0.000000e+00 2.248233e+01
      endloop
   endfacet
   facet normal -8.191520e-01 0.000000e+00 5.735766e-01
      outer loop
         vertex 7.915279e+00 3.000000e+00 2.248233e+01
         vertex 7.915279e+00 0.000000e+00 2.248233e+01
         vertex 8.190227e+00 3.000000e+00 2.287500e+01
      endloop
   endfacet
   facet normal -8.191520e-01 0.000000e+00 5.735766e-01
      outer loop
         vertex 8.190227e+00 3.000000e+00 2.287500e+01
         vertex 7.915279e+00 0.000000e+00 2.248233e+01
         vertex 8.190227e+00 0.000000e+00 2.287500e+01
      endloop
   endfacet
   facet normal -9.063075e-01 0.000000e+00 4.226188e-01
      outer loop
         vertex 8.190227e+00 3.000000e+00 2.287500e+01
         vertex 8.190227e+00 0.000000e+00 2.287500e+01
         vertex 8.392812e+00 3.000000e+00 2.330944e+01
      endloop
   endfacet
   facet normal -9.063075e-01 0.000000e+00 4.226188e-01
      outer loop
         vertex 8.392812e+00 3.000000e+00 2.330944e+01
         vertex 8.190227e+00 0.000000e+00 2.287500e+01
         vertex 8.392812e+00 0.000000e+00 2.330944e+01
      endloop
   endfacet
   facet normal -9.659256e-01 0.000000e+00 2.588200e-01
      outer loop
         vertex 8.392812e+00 3.000000e+00 2.330944e+01
         vertex 8.392812e+00 0.000000e+00 2.330944e+01
         vertex 8.516879e+00 3.000000e+00 2.377247e+01
      endloop
   endfacet
   facet normal -9.659256e-01 0.000000e+00 2.588200e-01
      outer loop
         vertex 8.516879e+00 3.000000e+00 2.377247e+01
         vertex 8.392812e+00 0.000000e+00 2.330944e+01
         vertex 8.516879e+00 0.000000e+00 2.377247e+01
      endloop
   endfacet
   facet normal -9.961948e-01 0.000000e+00 8.715468e-02
      outer loop
         vertex 8.516879e+00 3.000000e+00 2.377247e+01
         vertex 8.516879e+00 0.000000e+00 2.377247e+01
         vertex 8.558657e+00 3.000000e+00 2.425000e+01
      endloop
   endfacet
   facet normal -9.961948e-01 0.000000e+00 8.715468e-02
      outer loop
         vertex 8.558657e+00 3.000000e+00 2.425000e+01
         vertex 8.516879e+00 0.000000e+00 2.377247e+01
         vertex 8.558657e+00 0.000000e+00 2.425000e+01
      endloop
   endfacet
   facet normal -9.961948e-01 -0.000000e+00 -8.715477e-02
      outer loop
         vertex 8.558657e+00 3.000000e+00 2.425000e+01
         vertex 8.558657e+00 0.000000e+00 2.425000e+01
         vertex 8.516879e+00 3.000000e+00 2.472753e+01
      endloop
   endfacet
   facet normal -9.961948e-01 -0.000000e+00 -8.715477e-02
      outer loop
         vertex 8.516879e+00 3.000000e+00 2.472753e+01
         vertex 8.558657e+00 0.000000e+00 2.425000e+01
         vertex 8.516879e+00 0.000000e+00 2.472753e+01
      endloop
   endfacet
   facet normal -9.659256e-01 -0.000000e+00 -2.588200e-01
      outer loop
         vertex 8.516879e+00 3.000000e+00 2.472753e+01
         vertex 8.516879e+00 0.000000e+00 2.472753e+01
         vertex 8.392812e+00 3.000000e+00 2.519056e+01
      endloop
   endfacet
   facet normal -9.659256e-01 -0.000000e+00 -2.588200e-01
      outer loop
         vertex 8.392812e+00 3.000000e+00 2.519056e+01
         vertex 8.516879e+00 0.000000e+00 2.472753e+01
         vertex 8.392812e+00 0.000000e+00 2.519056e+01
      endloop
   endfacet
   facet normal -9.063075e-01 -0.000000e+00 -4.226188e-01
      outer loop
         vertex 8.392812e+00 3.000000e+00 2.519056e+01
         vertex 8.392812e+00 0.000000e+00 2.519056e+01
         vertex 8.190227e+00 3.000000e+00 2.562500e+01
      endloop
   endfacet
   facet normal -9.063075e-01 -0.000000e+00 -4.226188e-01
      outer loop
         vertex 8.190227e+00 3.000000e+00 2.562500e+01
         vertex 8.392812e+00 0.000000e+00 2.519056e+01
         vertex 8.190227e+00 0.000000e+00 2.562500e+01
      endloop
   endfacet
   facet normal -8.191520e-01 -0.000000e+00 -5.735766e-01
      outer loop
         vertex 8.190227e+00 3.000000e+00 2.562500e+01
         vertex 8.190227e+00 0.000000e+00 2.562500e+01
         vertex 7.915279e+00 3.000000e+00 2.601767e+01
      endloop
   endfacet
   facet normal -8.191520e-01 -0.000000e+00 -5.735766e-01
      outer loop
         vertex 7.915279e+00 3.000000e+00 2.601767e+01
         vertex 8.190227e+00 0.000000e+00 2.562500e+01
         vertex 7.915279e+00 0.000000e+00 2.601767e+01
      endloop
   endfacet
   facet normal -7.071078e-01 -0.000000e+00 -7.071058e-01
      outer loop
         vertex 7.915279e+00 3.000000e+00 2.601767e+01
         vertex 7.915279e+00 0.000000e+00 2.601767e+01
         vertex 7.576323e+00 3.000000e+00 2.635662e+01
      endloop
   endfacet
   facet normal -7.071078e-01 -0.000000e+00 -7.071058e-01
      outer loop
         vertex 7.576323e+00 3.000000e+00 2.635662e+01
         vertex 7.915279e+00 0.000000e+00 2.601767e+01
         vertex 7.576323e+00 0.000000e+00 2.635662e+01
      endloop
   endfacet
   facet normal -5.735753e-01 -0.000000e+00 -8.191529e-01
      outer loop
         vertex 7.576323e+00 3.000000e+00 2.635662e+01
         vertex 7.576323e+00 0.000000e+00 2.635662e+01
         vertex 7.183657e+00 3.000000e+00 2.663157e+01
      endloop
   endfacet
   facet normal -5.735753e-01 -0.000000e+00 -8.191529e-01
      outer loop
         vertex 7.183657e+00 3.000000e+00 2.663157e+01
         vertex 7.576323e+00 0.000000e+00 2.635662e+01
         vertex 7.183657e+00 0.000000e+00 2.663157e+01
      endloop
   endfacet
   facet normal -0.000000e+00 -1.000000e+00 0.000000e+00
      outer loop
         vertex 5.522138e+00 3.000000e+00 2.587493e+01
         vertex 5.331124e+00 3.000000e+00 2.695822e+01
         vertex 5.244324e+00 3.000000e+00 2.580049e+01
      endloop
   endfacet
   facet normal 0.000000e+00 -1.000000e+00 0.000000e+00
      outer loop
         vertex 5.244324e+00 3.000000e+00 2.580049e+01
         vertex 5.331124e+00 3.000000e+00 2.695822e+01
         vertex 4.868101e+00 3.000000e+00 2.683415e+01
      endloop
   endfacet
   facet normal -0.000000e+00 -1.000000e+00 0.000000e+00
      outer loop
         vertex 5.244324e+00 3.000000e+00 2.580049e+01
         vertex 4.868101e+00 3.000000e+00 2.683415e+01
         vertex 4.983657e+00 3.000000e+00 2.567894e+01
      endloop
   endfacet
   facet normal 0.000000e+00 -1.000000e+00 0.000000e+00
      outer loop
         vertex 4.983657e+00 3.000000e+00 2.567894e+01
         vertex 4.868101e+00 3.000000e+00 2.683415e+01
         vertex 4.433657e+00 3.000000e+00 2.663157e+01
      endloop
   endfacet
   facet normal -0.000000e+00 -1.000000e+00 0.000000e+00
      outer loop
         vertex 4.983657e+00 3.000000e+00 2.567894e+01
         vertex 4.433657e+00 3.000000e+00 2.663157e+01
         vertex 4.748058e+00 3.000000e+00 2.551397e+01
      endloop
   endfacet
   facet normal 0.000000e+00 -1.000000e+00 0.000000e+00
      outer loop
         vertex 4.748058e+00 3.000000e+00 2.551397e+01
         vertex 4.433657e+00 3.000000e+00 2.663157e+01
         vertex 4.040991e+00 3.000000e+00 2.635662e+01
      endloop
   endfacet
   facet normal -0.000000e+00 -1.000000e+00 0.000000e+00
      outer loop
         vertex 4.748058e+00 3.000000e+00 2.551397e+01
         vertex 4.040991e+00 3.000000e+00 2.635662e+01
         vertex 4.544684e+00 3.000000e+00 2.531060e+01
      endloop
   endfacet
   facet normal 0.000000e+00 -1.000000e+00 0.000000e+00
      outer loop
         vertex 4.544684e+00 3.000000e+00 2.531060e+01
         vertex 4.040991e+00 3.000000e+00 2.635662e+01
         vertex 3.702035e+00 3.000000e+00 2.601767e+01
      endloop
   endfacet
   facet normal -0.000000e+00 -1.000000e+00 0.000000e+00
      outer loop
         vertex 4.544684e+00 3.000000e+00 2.531060e+01
         vertex 3.702035e+00 3.000000e+00 2.601767e+01
         vertex 4.379715e+00 3.000000e+00 2.507500e+01
      endloop
   endfacet
   facet normal 0.000000e+00 -1.000000e+00 0.000000e+00
      outer loop
         vertex 4.379715e+00 3.000000e+00 2.507500e+01
         vertex 3.702035e+00 3.000000e+00 2.601767e+01
         vertex 3.427087e+00 3.000000e+00 2.562500e+01
      endloop
   endfacet
   facet normal -0.000000e+00 -1.000000e+00 0.000000e+00
      outer loop
         vertex 4.379715e+00 3.000000e+00 2.507500e+01
         vertex 3.427087e+00 3.000000e+00 2.562500e+01
         vertex 4.258164e+00 3.000000e+00 2.481433e+01
      endloop
   endfacet
   facet normal 0.000000e+00 -1.000000e+00 0.000000e+00
      outer loop
         vertex 4.258164e+00 3.000000e+00 2.481433e+01
         vertex 3.427087e+00 3.000000e+00 2.562500e+01
         vertex 3.224502e+00 3.000000e+00 2.519056e+01
      endloop
   endfacet
   facet normal -0.000000e+00 -1.000000e+00 0.000000e+00
      outer loop
         vertex 4.258164e+00 3.000000e+00 2.481433e+01
         vertex 3.224502e+00 3.000000e+00 2.519056e+01
         vertex 4.183725e+00 3.000000e+00 2.453652e+01
      endloop
   endfacet
   facet normal 0.000000e+00 -1.000000e+00 0.000000e+00
      outer loop
         vertex 4.183725e+00 3.000000e+00 2.453652e+01
         vertex 3.224502e+00 3.000000e+00 2.519056e+01
         vertex 3.100436e+00 3.000000e+00 2.472753e+01
      endloop
   endfacet
   facet normal -0.000000e+00 -1.000000e+00 0.000000e+00
      outer loop
         vertex 4.183725e+00 3.000000e+00 2.453652e+01
         vertex 3.100436e+00 3.000000e+00 2.472753e+01
         vertex 4.158657e+00 3.000000e+00 2.425000e+01
      endloop
   endfacet
   facet normal 0.000000e+00 -1.000000e+00 0.000000e+00
      outer loop
         vertex 4.158657e+00 3.000000e+00 2.425000e+01
         vertex 3.100436e+00 3.000000e+00 2.472753e+01
         vertex 3.058657e+00 3.000000e+00 2.425000e+01
      endloop
   endfacet
   facet normal -0.000000e+00 -1.000000e+00 -0.000000e+00
      outer loop
         vertex 4.158657e+00 3.000000e+00 2.425000e+01
         vertex 3.058657e+00 3.000000e+00 2.425000e+01
         vertex 4.183725e+00 3.000000e+00 2.396348e+01
      endloop
   endfacet
   facet normal -0.000000e+00 -1.000000e+00 0.000000e+00
      outer loop
         vertex 4.183725e+00 3.000000e+00 2.396348e+01
         vertex 3.058657e+00 3.000000e+00 2.425000e+01
         vertex 3.100436e+00 3.000000e+00 2.377247e+01
      endloop
   endfacet
   facet normal 0.000000e+00 -1.000000e+00 -0.000000e+00
      outer loop
         vertex 4.183725e+00 3.000000e+00 2.396348e+01
         vertex 3.100436e+00 3.000000e+00 2.377247e+01
         vertex 4.258164e+00 3.000000e+00 2.368567e+01
      endloop
   endfacet
   facet normal -0.000000e+00 -1.000000e+00 0.000000e+00
      outer loop
         vertex 4.258164e+00 3.000000e+00 2.368567e+01
         vertex 3.100436e+00 3.000000e+00 2.377247e+01
         vertex 3.224502e+00 3.000000e+00 2.330944e+01
      endloop
   endfacet
   facet normal 0.000000e+00 -1.000000e+00 -0.000000e+00
      outer loop
         vertex 4.258164e+00 3.000000e+00 2.368567e+01
         vertex 3.224502e+00 3.000000e+00 2.330944e+01
         vertex 4.379715e+00 3.000000e+00 2.342500e+01
      endloop
   endfacet
   facet normal 0.000000e+00 -1.000000e+00 0.000000e+00
      outer loop
         vertex 4.379715e+00 3.000000e+00 2.342500e+01
         vertex 3.224502e+00 3.000000e+00 2.330944e+01
         vertex 3.427087e+00 3.000000e+00 2.287500e+01
      endloop
   endfacet
   facet normal 0.000000e+00 -1.000000e+00 -0.000000e+00
      outer loop
         vertex 4.379715e+00 3.000000e+00 2.342500e+01
         vertex 3.427087e+00 3.000000e+00 2.287500e+01
         vertex 4.544684e+00 3.000000e+00 2.318940e+01
      endloop
   endfacet
   facet normal 0.000000e+00 -1.000000e+00 0.000000e+00
      outer loop
         vertex 4.544684e+00 3.000000e+00 2.318940e+01
         vertex 3.427087e+00 3.000000e+00 2.287500e+01
         vertex 3.702035e+00 3.000000e+00 2.248233e+01
      endloop
   endfacet
   facet normal 0.000000e+00 -1.000000e+00 -0.000000e+00
      outer loop
         vertex 4.544684e+00 3.000000e+00 2.318940e+01
         vertex 3.702035e+00 3.000000e+00 2.248233e+01
         vertex 4.748058e+00 3.000000e+00 2.298603e+01
      endloop
   endfacet
   facet normal 0.000000e+00 -1.000000e+00 0.000000e+00
      outer loop
         vertex 4.748058e+00 3.000000e+00 2.298603e+01
         vertex 3.702035e+00 3.000000e+00 2.248233e+01
         vertex 4.040991e+00 3.000000e+00 2.214338e+01
      endloop
   endfacet
   facet normal 0.000000e+00 -1.000000e+00 -0.000000e+00
      outer loop
         vertex 4.748058e+00 3.000000e+00 2.298603e+01
         vertex 4.040991e+00 3.000000e+00 2.214338e+01
         vertex 4.983657e+00 3.000000e+00 2.282106e+01
      endloop
   endfacet
   facet normal 0.000000e+00 -1.000000e+00 0.000000e+00
      outer loop
         vertex 4.983657e+00 3.000000e+00 2.282106e+01
         vertex 4.040991e+00 3.000000e+00 2.214338e+01
         vertex 4.433657e+00 3.000000e+00 2.186843e+01
      endloop
   endfacet
   facet normal 0.000000e+00 -1.000000e+00 -0.000000e+00
      outer loop
         vertex 4.983657e+00 3.000000e+00 2.282106e+01
         vertex 4.433657e+00 3.000000e+00 2.186843e+01
         vertex 5.244324e+00 3.000000e+00 2.269951e+01
      endloop
   endfacet
   facet normal 0.000000e+00 -1.000000e+00 0.000000e+00
      outer loop
         vertex 5.244324e+00 3.000000e+00 2.269951e+01
         vertex 4.433657e+00 3.000000e+00 2.186843e+01
         vertex 4.868101e+00 3.000000e+00 2.166585e+01
      endloop
   endfacet
   facet normal 0.000000e+00 -1.000000e+00 -0.000000e+00
      outer loop
         vertex 5.244324e+00 3.000000e+00 2.269951e+01
         vertex 4.868101e+00 3.000000e+00 2.166585e+01
         vertex 5.522138e+00 3.000000e+00 2.262507e+01
      endloop
   endfacet
   facet normal 0.000000e+00 -1.000000e+00 0.000000e+00
      outer loop
         vertex 5.522138e+00 3.000000e+00 2.262507e+01
         vertex 4.868101e+00 3.000000e+00 2.166585e+01
         vertex 5.331124e+00 3.000000e+00 2.154178e+01
      endloop
   endfacet
   facet normal 0.000000e+00 -1.000000e+00 -0.000000e+00
      outer loop
         vertex 5.522138e+00 3.000000e+00 2.262507e+01
         vertex 5.331124e+00 3.000000e+00 2.154178e+01
         vertex 5.808657e+00 3.000000e+00 2.260000e+01
      endloop
   endfacet
   facet normal 0.000000e+00 -1.000000e+00 -0.000000e+00
      outer loop
         vertex 5.808657e+00 3.000000e+00 2.260000e+01
         vertex 5.331124e+00 3.000000e+00 2.154178e+01
         vertex 5.808657e+00 3.000000e+00 2.150000e+01
      endloop
   endfacet
   facet normal 0.000000e+00 -1.000000e+00 0.000000e+00
      outer loop
         vertex 5.808657e+00 3.000000e+00 2.260000e+01
         vertex 5.808657e+00 3.000000e+00 2.150000e+01
         vertex 6.095177e+00 3.000000e+00 2.262507e+01
      endloop
   endfacet
   facet normal 0.000000e+00 -1.000000e+00 -0.000000e+00
      outer loop
         vertex 6.095177e+00 3.000000e+00 2.262507e+01
         vertex 5.808657e+00 3.000000e+00 2.150000e+01
         vertex 6.286190e+00 3.000000e+00 2.154178e+01
      endloop
   endfacet
   facet normal 0.000000e+00 -1.000000e+00 0.000000e+00
      outer loop
         vertex 6.095177e+00 3.000000e+00 2.262507e+01
         vertex 6.286190e+00 3.000000e+00 2.154178e+01
         vertex 6.372990e+00 3.000000e+00 2.269951e+01
      endloop
   endfacet
   facet normal 0.000000e+00 -1.000000e+00 -0.000000e+00
      outer loop
         vertex 6.372990e+00 3.000000e+00 2.269951e+01
         vertex 6.286190e+00 3.000000e+00 2.154178e+01
         vertex 6.749213e+00 3.000000e+00 2.166585e+01
      endloop
   endfacet
   facet normal 0.000000e+00 -1.000000e+00 0.000000e+00
      outer loop
         vertex 6.372990e+00 3.000000e+00 2.269951e+01
         vertex 6.749213e+00 3.000000e+00 2.166585e+01
         vertex 6.633657e+00 3.000000e+00 2.282106e+01
      endloop
   endfacet
   facet normal 0.000000e+00 -1.000000e+00 0.000000e+00
      outer loop
         vertex 6.633657e+00 3.000000e+00 2.282106e+01
         vertex 6.749213e+00 3.000000e+00 2.166585e+01
         vertex 7.183657e+00 3.000000e+00 2.186843e+01
      endloop
   endfacet
   facet normal 0.000000e+00 -1.000000e+00 0.000000e+00
      outer loop
         vertex 6.633657e+00 3.000000e+00 2.282106e+01
         vertex 7.183657e+00 3.000000e+00 2.186843e+01
         vertex 6.869256e+00 3.000000e+00 2.298603e+01
      endloop
   endfacet
   facet normal 0.000000e+00 -1.000000e+00 0.000000e+00
      outer loop
         vertex 6.869256e+00 3.000000e+00 2.298603e+01
         vertex 7.183657e+00 3.000000e+00 2.186843e+01
         vertex 7.576323e+00 3.000000e+00 2.214338e+01
      endloop
   endfacet
   facet normal 0.000000e+00 -1.000000e+00 0.000000e+00
      outer loop
         vertex 6.869256e+00 3.000000e+00 2.298603e+01
         vertex 7.576323e+00 3.000000e+00 2.214338e+01
         vertex 7.072630e+00 3.000000e+00 2.318940e+01
      endloop
   endfacet
   facet normal 0.000000e+00 -1.000000e+00 0.000000e+00
      outer loop
         vertex 7.072630e+00 3.000000e+00 2.318940e+01
         vertex 7.576323e+00 3.000000e+00 2.214338e+01
         vertex 7.915279e+00 3.000000e+00 2.248233e+01
      endloop
   endfacet
   facet normal 0.000000e+00 -1.000000e+00 0.000000e+00
      outer loop
         vertex 7.072630e+00 3.000000e+00 2.318940e+01
         vertex 7.915279e+00 3.000000e+00 2.248233e+01
         vertex 7.237599e+00 3.000000e+00 2.342500e+01
      endloop
   endfacet
   facet normal 0.000000e+00 -1.000000e+00 0.000000e+00
      outer loop
         vertex 7.237599e+00 3.000000e+00 2.342500e+01
         vertex 7.915279e+00 3.000000e+00 2.248233e+01
         vertex 8.190227e+00 3.000000e+00 2.287500e+01
      endloop
   endfacet
   facet normal 0.000000e+00 -1.000000e+00 0.000000e+00
      outer loop
         vertex 7.237599e+00 3.000000e+00 2.342500e+01
         vertex 8.190227e+00 3.000000e+00 2.287500e+01
         vertex 7.359150e+00 3.000000e+00 2.368567e+01
      endloop
   endfacet
   facet normal 0.000000e+00 -1.000000e+00 0.000000e+00
      outer loop
         vertex 7.359150e+00 3.000000e+00 2.368567e+01
         vertex 8.190227e+00 3.000000e+00 2.287500e+01
         vertex 8.392812e+00 3.000000e+00 2.330944e+01
      endloop
   endfacet
   facet normal 0.000000e+00 -1.000000e+00 0.000000e+00
      outer loop
         vertex 7.359150e+00 3.000000e+00 2.368567e+01
         vertex 8.392812e+00 3.000000e+00 2.330944e+01
         vertex 7.433590e+00 3.000000e+00 2.396348e+01
      endloop
   endfacet
   facet normal 0.000000e+00 -1.000000e+00 0.000000e+00
      outer loop
         vertex 7.433590e+00 3.000000e+00 2.396348e+01
         vertex 8.392812e+00 3.000000e+00 2.330944e+01
         vertex 8.516879e+00 3.000000e+00 2.377247e+01
      endloop
   endfacet
   facet normal 0.000000e+00 -1.000000e+00 0.000000e+00
      outer loop
         vertex 7.433590e+00 3.000000e+00 2.396348e+01
         vertex 8.516879e+00 3.000000e+00 2.377247e+01
         vertex 7.458657e+00 3.000000e+00 2.425000e+01
      endloop
   endfacet
   facet normal 0.000000e+00 -1.000000e+00 0.000000e+00
      outer loop
         vertex 7.458657e+00 3.000000e+00 2.425000e+01
         vertex 8.516879e+00 3.000000e+00 2.377247e+01
         vertex 8.558657e+00 3.000000e+00 2.425000e+01
      endloop
   endfacet
   facet normal 0.000000e+00 -1.000000e+00 0.000000e+00
      outer loop
         vertex 7.458657e+00 3.000000e+00 2.425000e+01
         vertex 8.558657e+00 3.000000e+00 2.425000e+01
         vertex 7.433590e+00 3.000000e+00 2.453652e+01
      endloop
   endfacet
   facet normal 0.000000e+00 -1.000000e+00 0.000000e+00
      outer loop
         vertex 7.433590e+00 3.000000e+00 2.453652e+01
         vertex 8.558657e+00 3.000000e+00 2.425000e+01
         vertex 8.516879e+00 3.000000e+00 2.472753e+01
      endloop
   endfacet
   facet normal 0.000000e+00 -1.000000e+00 0.000000e+00
      outer loop
         vertex 7.433590e+00 3.000000e+00 2.453652e+01
         vertex 8.516879e+00 3.000000e+00 2.472753e+01
         vertex 7.359150e+00 3.000000e+00 2.481433e+01
      endloop
   endfacet
   facet normal 0.000000e+00 -1.000000e+00 0.000000e+00
      outer loop
         vertex 7.359150e+00 3.000000e+00 2.481433e+01
         vertex 8.516879e+00 3.000000e+00 2.472753e+01
         vertex 8.392812e+00 3.000000e+00 2.519056e+01
      endloop
   endfacet
   facet normal 0.000000e+00 -1.000000e+00 0.000000e+00
      outer loop
         vertex 7.359150e+00 3.000000e+00 2.481433e+01
         vertex 8.392812e+00 3.000000e+00 2.519056e+01
         vertex 7.237599e+00 3.000000e+00 2.507500e+01
      endloop
   endfacet
   facet normal 0.000000e+00 -1.000000e+00 0.000000e+00
      outer loop
         vertex 7.237599e+00 3.000000e+00 2.507500e+01
         vertex 8.392812e+00 3.000000e+00 2.519056e+01
         vertex 8.190227e+00 3.000000e+00 2.562500e+01
      endloop
   endfacet
   facet normal 0.000000e+00 -1.000000e+00 0.000000e+00
      outer loop
         vertex 7.237599e+00 3.000000e+00 2.507500e+01
         vertex 8.190227e+00 3.000000e+00 2.562500e+01
         vertex 7.072630e+00 3.000000e+00 2.531060e+01
      endloop
   endfacet
   facet normal 0.000000e+00 -1.000000e+00 0.000000e+00
      outer loop
         vertex 7.072630e+00 3.000000e+00 2.531060e+01
         vertex 8.190227e+00 3.000000e+00 2.562500e+01
         vertex 7.915279e+00 3.000000e+00 2.601767e+01
      endloop
   endfacet
   facet normal 0.000000e+00 -1.000000e+00 0.000000e+00
      outer loop
         vertex 7.072630e+00 3.000000e+00 2.531060e+01
         vertex 7.915279e+00 3.000000e+00 2.601767e+01
         vertex 6.869256e+00 3.000000e+00 2.551397e+01
      endloop
   endfacet
   facet normal 0.000000e+00 -1.000000e+00 0.000000e+00
      outer loop
         vertex 6.869256e+00 3.000000e+00 2.551397e+01
         vertex 7.915279e+00 3.000000e+00 2.601767e+01
         vertex 7.576323e+00 3.000000e+00 2.635662e+01
      endloop
   endfacet
   facet normal 0.000000e+00 -1.000000e+00 0.000000e+00
      outer loop
         vertex 6.869256e+00 3.000000e+00 2.551397e+01
         vertex 7.576323e+00 3.000000e+00 2.635662e+01
         vertex 6.633657e+00 3.000000e+00 2.567894e+01
      endloop
   endfacet
   facet normal 0.000000e+00 -1.000000e+00 0.000000e+00
      outer loop
         vertex 6.633657e+00 3.000000e+00 2.567894e+01
         vertex 7.576323e+00 3.000000e+00 2.635662e+01
         vertex 7.183657e+00 3.000000e+00 2.663157e+01
      endloop
   endfacet
   facet normal 0.000000e+00 -1.000000e+00 0.000000e+00
      outer loop
         vertex 6.633657e+00 3.000000e+00 2.567894e+01
         vertex 7.183657e+00 3.000000e+00 2.663157e+01
         vertex 6.372990e+00 3.000000e+00 2.580049e+01
      endloop
   endfacet
   facet normal 0.000000e+00 -1.000000e+00 0.000000e+00
      outer loop
         vertex 6.372990e+00 3.000000e+00 2.580049e+01
         vertex 7.183657e+00 3.000000e+00 2.663157e+01
         vertex 6.749213e+00 3.000000e+00 2.683415e+01
      endloop
   endfacet
   facet normal 0.000000e+00 -1.000000e+00 0.000000e+00
      outer loop
         vertex 6.372990e+00 3.000000e+00 2.580049e+01
         vertex 6.749213e+00 3.000000e+00 2.683415e+01
         vertex 6.095177e+00 3.000000e+00 2.587493e+01
      endloop
   endfacet
   facet normal 0.000000e+00 -1.000000e+00 0.000000e+00
      outer loop
         vertex 6.095177e+00 3.000000e+00 2.587493e+01
         vertex 6.749213e+00 3.000000e+00 2.683415e+01
         vertex 6.286190e+00 3.000000e+00 2.695822e+01
      endloop
   endfacet
   facet normal 0.000000e+00 -1.000000e+00 0.000000e+00
      outer loop
         vertex 6.095177e+00 3.000000e+00 2.587493e+01
         vertex 6.286190e+00 3.000000e+00 2.695822e+01
         vertex 5.808657e+00 3.000000e+00 2.590000e+01
      endloop
   endfacet
   facet normal 0.000000e+00 -1.000000e+00 0.000000e+00
      outer loop
         vertex 5.808657e+00 3.000000e+00 2.590000e+01
         vertex 6.286190e+00 3.000000e+00 2.695822e+01
         vertex 5.808657e+00 3.000000e+00 2.700000e+01
      endloop
   endfacet
   facet normal -0.000000e+00 -1.000000e+00 0.000000e+00
      outer loop
         vertex 5.808657e+00 3.000000e+00 2.590000e+01
         vertex 5.808657e+00 3.000000e+00 2.700000e+01
         vertex 5.522138e+00 3.000000e+00 2.587493e+01
      endloop
   endfacet
   facet normal 0.000000e+00 -1.000000e+00 0.000000e+00
      outer loop
         vertex 5.522138e+00 3.000000e+00 2.587493e+01
         vertex 5.808657e+00 3.000000e+00 2.700000e+01
         vertex 5.331124e+00 3.000000e+00 2.695822e+01
      endloop
   endfacet
   facet normal 6.760372e-01 0.000000e+00 7.368675e-01
      outer loop
         vertex 1.966198e+01 8.000000e+00 7.735139e+01
         vertex 1.966198e+01 0.000000e+00 7.735139e+01
         vertex 2.442318e+01 8.000000e+00 7.298324e+01
      endloop
   endfacet
   facet normal 6.760372e-01 0.000000e+00 7.368675e-01
      outer loop
         vertex 2.442318e+01 8.000000e+00 7.298324e+01
         vertex 1.966198e+01 0.000000e+00 7.735139e+01
         vertex 2.442318e+01 0.000000e+00 7.298324e+01
      endloop
   endfacet
   facet normal 7.347079e-01 -0.000000e+00 6.783836e-01
      outer loop
         vertex 1.966198e+01 0.000000e+00 7.735139e+01
         vertex 1.966198e+01 8.000000e+00 7.735139e+01
         vertex 1.960585e+01 0.000000e+00 7.741219e+01
      endloop
   endfacet
   facet normal 7.347079e-01 -0.000000e+00 6.783836e-01
      outer loop
         vertex 1.960585e+01 0.000000e+00 7.741219e+01
         vertex 1.966198e+01 8.000000e+00 7.735139e+01
         vertex 1.960585e+01 8.000000e+00 7.741219e+01
      endloop
   endfacet
   facet normal 8.365168e-01 -0.000000e+00 5.479413e-01
      outer loop
         vertex 1.960585e+01 0.000000e+00 7.741219e+01
         vertex 1.960585e+01 8.000000e+00 7.741219e+01
         vertex 1.956050e+01 0.000000e+00 7.748141e+01
      endloop
   endfacet
   facet normal 8.365168e-01 -0.000000e+00 5.479413e-01
      outer loop
         vertex 1.956050e+01 0.000000e+00 7.748141e+01
         vertex 1.960585e+01 8.000000e+00 7.741219e+01
         vertex 1.956050e+01 8.000000e+00 7.748141e+01
      endloop
   endfacet
   facet normal 9.154336e-01 -0.000000e+00 4.024690e-01
      outer loop
         vertex 1.956050e+01 0.000000e+00 7.748141e+01
         vertex 1.956050e+01 8.000000e+00 7.748141e+01
         vertex 1.952720e+01 0.000000e+00 7.755716e+01
      endloop
   endfacet
   facet normal 9.154336e-01 -0.000000e+00 4.024690e-01
      outer loop
         vertex 1.952720e+01 0.000000e+00 7.755716e+01
         vertex 1.956050e+01 8.000000e+00 7.748141e+01
         vertex 1.952720e+01 8.000000e+00 7.755716e+01
      endloop
   endfacet
   facet normal 9.692757e-01 -0.000000e+00 2.459768e-01
      outer loop
         vertex 1.952720e+01 0.000000e+00 7.755716e+01
         vertex 1.952720e+01 8.000000e+00 7.755716e+01
         vertex 1.950685e+01 0.000000e+00 7.763736e+01
      endloop
   endfacet
   facet normal 9.692757e-01 -0.000000e+00 2.459768e-01
      outer loop
         vertex 1.950685e+01 0.000000e+00 7.763736e+01
         vertex 1.952720e+01 8.000000e+00 7.755716e+01
         vertex 1.950685e+01 8.000000e+00 7.763736e+01
      endloop
   endfacet
   facet normal 9.965706e-01 -0.000000e+00 8.274741e-02
      outer loop
         vertex 1.950685e+01 0.000000e+00 7.763736e+01
         vertex 1.950685e+01 8.000000e+00 7.763736e+01
         vertex 1.950000e+01 0.000000e+00 7.771982e+01
      endloop
   endfacet
   facet normal 9.965706e-01 -0.000000e+00 8.274741e-02
      outer loop
         vertex 1.950000e+01 0.000000e+00 7.771982e+01
         vertex 1.950685e+01 8.000000e+00 7.763736e+01
         vertex 1.950000e+01 8.000000e+00 7.771982e+01
      endloop
   endfacet
   facet normal 1.000000e+00 0.000000e+00 0.000000e+00
      outer loop
         vertex 1.950000e+01 8.000000e+00 8.025048e+01
         vertex 1.950000e+01 0.000000e+00 8.025048e+01
         vertex 1.950000e+01 8.000000e+00 7.771982e+01
      endloop
   endfacet
   facet normal 1.000000e+00 0.000000e+00 0.000000e+00
      outer loop
         vertex 1.950000e+01 8.000000e+00 7.771982e+01
         vertex 1.950000e+01 0.000000e+00 8.025048e+01
         vertex 1.950000e+01 0.000000e+00 7.771982e+01
      endloop
   endfacet
   facet normal 9.963888e-01 0.000000e+00 -8.490803e-02
      outer loop
         vertex 1.950000e+01 0.000000e+00 8.025048e+01
         vertex 1.950000e+01 8.000000e+00 8.025048e+01
         vertex 1.950721e+01 0.000000e+00 8.033508e+01
      endloop
   endfacet
   facet normal 9.963888e-01 0.000000e+00 -8.490803e-02
      outer loop
         vertex 1.950721e+01 0.000000e+00 8.033508e+01
         vertex 1.950000e+01 8.000000e+00 8.025048e+01
         vertex 1.950721e+01 8.000000e+00 8.033508e+01
      endloop
   endfacet
   facet normal 9.676567e-01 0.000000e+00 -2.522709e-01
      outer loop
         vertex 1.950721e+01 0.000000e+00 8.033508e+01
         vertex 1.950721e+01 8.000000e+00 8.033508e+01
         vertex 1.952863e+01 0.000000e+00 8.041725e+01
      endloop
   endfacet
   facet normal 9.676567e-01 0.000000e+00 -2.522709e-01
      outer loop
         vertex 1.952863e+01 0.000000e+00 8.041725e+01
         vertex 1.950721e+01 8.000000e+00 8.033508e+01
         vertex 1.952863e+01 8.000000e+00 8.041725e+01
      endloop
   endfacet
   facet normal 9.110130e-01 0.000000e+00 -4.123777e-01
      outer loop
         vertex 1.952863e+01 0.000000e+00 8.041725e+01
         vertex 1.952863e+01 8.000000e+00 8.041725e+01
         vertex 1.956364e+01 0.000000e+00 8.049460e+01
      endloop
   endfacet
   facet normal 9.110130e-01 0.000000e+00 -4.123777e-01
      outer loop
         vertex 1.956364e+01 0.000000e+00 8.049460e+01
         vertex 1.952863e+01 8.000000e+00 8.041725e+01
         vertex 1.956364e+01 8.000000e+00 8.049460e+01
      endloop
   endfacet
   facet normal 8.280954e-01 0.000000e+00 -5.605872e-01
      outer loop
         vertex 1.956364e+01 0.000000e+00 8.049460e+01
         vertex 1.956364e+01 8.000000e+00 8.049460e+01
         vertex 1.961124e+01 0.000000e+00 8.056491e+01
      endloop
   endfacet
   facet normal 8.280954e-01 0.000000e+00 -5.605872e-01
      outer loop
         vertex 1.961124e+01 0.000000e+00 8.056491e+01
         vertex 1.956364e+01 8.000000e+00 8.049460e+01
         vertex 1.961124e+01 8.000000e+00 8.056491e+01
      endloop
   endfacet
   facet normal 7.213436e-01 0.000000e+00 -6.925773e-01
      outer loop
         vertex 1.961124e+01 0.000000e+00 8.056491e+01
         vertex 1.961124e+01 8.000000e+00 8.056491e+01
         vertex 1.967005e+01 0.000000e+00 8.062616e+01
      endloop
   endfacet
   facet normal 7.213436e-01 0.000000e+00 -6.925773e-01
      outer loop
         vertex 1.967005e+01 0.000000e+00 8.062616e+01
         vertex 1.961124e+01 8.000000e+00 8.056491e+01
         vertex 1.967005e+01 8.000000e+00 8.062616e+01
      endloop
   endfacet
   facet normal 5.937093e-01 0.000000e+00 -8.046796e-01
      outer loop
         vertex 1.967005e+01 0.000000e+00 8.062616e+01
         vertex 1.967005e+01 8.000000e+00 8.062616e+01
         vertex 1.973837e+01 0.000000e+00 8.067657e+01
      endloop
   endfacet
   facet normal 5.937093e-01 0.000000e+00 -8.046796e-01
      outer loop
         vertex 1.973837e+01 0.000000e+00 8.067657e+01
         vertex 1.967005e+01 8.000000e+00 8.062616e+01
         vertex 1.973837e+01 8.000000e+00 8.067657e+01
      endloop
   endfacet
   facet normal 4.490060e-01 0.000000e+00 -8.935287e-01
      outer loop
         vertex 1.973837e+01 0.000000e+00 8.067657e+01
         vertex 1.973837e+01 8.000000e+00 8.067657e+01
         vertex 1.981424e+01 0.000000e+00 8.071470e+01
      endloop
   endfacet
   facet normal 4.490060e-01 0.000000e+00 -8.935287e-01
      outer loop
         vertex 1.981424e+01 0.000000e+00 8.071470e+01
         vertex 1.973837e+01 8.000000e+00 8.067657e+01
         vertex 1.981424e+01 8.000000e+00 8.071470e+01
      endloop
   endfacet
   facet normal 2.913245e-01 0.000000e+00 -9.566243e-01
      outer loop
         vertex 1.981424e+01 0.000000e+00 8.071470e+01
         vertex 1.981424e+01 8.000000e+00 8.071470e+01
         vertex 1.989547e+01 0.000000e+00 8.073943e+01
      endloop
   endfacet
   facet normal 2.913245e-01 0.000000e+00 -9.566243e-01
      outer loop
         vertex 1.989547e+01 0.000000e+00 8.073943e+01
         vertex 1.981424e+01 8.000000e+00 8.071470e+01
         vertex 1.989547e+01 8.000000e+00 8.073943e+01
      endloop
   endfacet
   facet normal 1.253036e-01 0.000000e+00 -9.921184e-01
      outer loop
         vertex 1.989547e+01 0.000000e+00 8.073943e+01
         vertex 1.989547e+01 8.000000e+00 8.073943e+01
         vertex 1.997971e+01 0.000000e+00 8.075007e+01
      endloop
   endfacet
   facet normal 1.253036e-01 0.000000e+00 -9.921184e-01
      outer loop
         vertex 1.997971e+01 0.000000e+00 8.075007e+01
         vertex 1.989547e+01 8.000000e+00 8.073943e+01
         vertex 1.997971e+01 8.000000e+00 8.075007e+01
      endloop
   endfacet
   facet normal -4.440049e-02 0.000000e+00 -9.990138e-01
      outer loop
         vertex 1.997971e+01 0.000000e+00 8.075007e+01
         vertex 1.997971e+01 8.000000e+00 8.075007e+01
         vertex 2.006453e+01 0.000000e+00 8.074630e+01
      endloop
   endfacet
   facet normal -4.440049e-02 0.000000e+00 -9.990138e-01
      outer loop
         vertex 2.006453e+01 0.000000e+00 8.074630e+01
         vertex 1.997971e+01 8.000000e+00 8.075007e+01
         vertex 2.006453e+01 8.000000e+00 8.074630e+01
      endloop
   endfacet
   facet normal -2.127894e-01 0.000000e+00 -9.770981e-01
      outer loop
         vertex 2.006453e+01 0.000000e+00 8.074630e+01
         vertex 2.006453e+01 8.000000e+00 8.074630e+01
         vertex 2.014750e+01 0.000000e+00 8.072823e+01
      endloop
   endfacet
   facet normal -2.127894e-01 0.000000e+00 -9.770981e-01
      outer loop
         vertex 2.014750e+01 0.000000e+00 8.072823e+01
         vertex 2.006453e+01 8.000000e+00 8.074630e+01
         vertex 2.014750e+01 8.000000e+00 8.072823e+01
      endloop
   endfacet
   facet normal -3.751141e-01 0.000000e+00 -9.269787e-01
      outer loop
         vertex 2.014750e+01 0.000000e+00 8.072823e+01
         vertex 2.014750e+01 8.000000e+00 8.072823e+01
         vertex 2.022621e+01 0.000000e+00 8.069638e+01
      endloop
   endfacet
   facet normal -3.751141e-01 0.000000e+00 -9.269787e-01
      outer loop
         vertex 2.022621e+01 0.000000e+00 8.069638e+01
         vertex 2.014750e+01 8.000000e+00 8.072823e+01
         vertex 2.022621e+01 8.000000e+00 8.069638e+01
      endloop
   endfacet
   facet normal -5.264931e-01 0.000000e+00 -8.501794e-01
      outer loop
         vertex 2.022621e+01 0.000000e+00 8.069638e+01
         vertex 2.022621e+01 8.000000e+00 8.069638e+01
         vertex 2.029840e+01 0.000000e+00 8.065168e+01
      endloop
   endfacet
   facet normal -5.264931e-01 0.000000e+00 -8.501794e-01
      outer loop
         vertex 2.029840e+01 0.000000e+00 8.065168e+01
         vertex 2.022621e+01 8.000000e+00 8.069638e+01
         vertex 2.029840e+01 8.000000e+00 8.065168e+01
      endloop
   endfacet
   facet normal -6.627624e-01 0.000000e+00 -7.488297e-01
      outer loop
         vertex 2.029840e+01 0.000000e+00 8.065168e+01
         vertex 2.029840e+01 8.000000e+00 8.065168e+01
         vertex 2.036198e+01 0.000000e+00 8.059541e+01
      endloop
   endfacet
   facet normal -6.627624e-01 0.000000e+00 -7.488297e-01
      outer loop
         vertex 2.036198e+01 0.000000e+00 8.059541e+01
         vertex 2.029840e+01 8.000000e+00 8.065168e+01
         vertex 2.036198e+01 8.000000e+00 8.059541e+01
      endloop
   endfacet
   facet normal -7.239541e-01 0.000000e+00 -6.898482e-01
      outer loop
         vertex 2.036198e+01 0.000000e+00 8.059541e+01
         vertex 2.036198e+01 8.000000e+00 8.059541e+01
         vertex 2.490109e+01 0.000000e+00 7.583188e+01
      endloop
   endfacet
   facet normal -7.239541e-01 0.000000e+00 -6.898482e-01
      outer loop
         vertex 2.490109e+01 0.000000e+00 7.583188e+01
         vertex 2.036198e+01 8.000000e+00 8.059541e+01
         vertex 2.490109e+01 8.000000e+00 7.583188e+01
      endloop
   endfacet
   facet normal -7.781527e-01 0.000000e+00 -6.280752e-01
      outer loop
         vertex 2.490109e+01 0.000000e+00 7.583188e+01
         vertex 2.490109e+01 8.000000e+00 7.583188e+01
         vertex 2.495267e+01 0.000000e+00 7.576798e+01
      endloop
   endfacet
   facet normal -7.781527e-01 0.000000e+00 -6.280752e-01
      outer loop
         vertex 2.495267e+01 0.000000e+00 7.576798e+01
         vertex 2.490109e+01 8.000000e+00 7.583188e+01
         vertex 2.495267e+01 8.000000e+00 7.576798e+01
      endloop
   endfacet
   facet normal -8.704623e-01 0.000000e+00 -4.922351e-01
      outer loop
         vertex 2.495267e+01 0.000000e+00 7.576798e+01
         vertex 2.495267e+01 8.000000e+00 7.576798e+01
         vertex 2.499309e+01 0.000000e+00 7.569650e+01
      endloop
   endfacet
   facet normal -8.704623e-01 0.000000e+00 -4.922351e-01
      outer loop
         vertex 2.499309e+01 0.000000e+00 7.569650e+01
         vertex 2.495267e+01 8.000000e+00 7.576798e+01
         vertex 2.499309e+01 8.000000e+00 7.569650e+01
      endloop
   endfacet
   facet normal -9.392876e-01 0.000000e+00 -3.431310e-01
      outer loop
         vertex 2.499309e+01 0.000000e+00 7.569650e+01
         vertex 2.499309e+01 8.000000e+00 7.569650e+01
         vertex 2.502126e+01 0.000000e+00 7.561938e+01
      endloop
   endfacet
   facet normal -9.392876e-01 0.000000e+00 -3.431310e-01
      outer loop
         vertex 2.502126e+01 0.000000e+00 7.561938e+01
         vertex 2.499309e+01 8.000000e+00 7.569650e+01
         vertex 2.502126e+01 8.000000e+00 7.561938e+01
      endloop
   endfacet
   facet normal -9.827806e-01 0.000000e+00 -1.847761e-01
      outer loop
         vertex 2.502126e+01 0.000000e+00 7.561938e+01
         vertex 2.502126e+01 8.000000e+00 7.561938e+01
         vertex 2.503643e+01 0.000000e+00 7.553868e+01
      endloop
   endfacet
   facet normal -9.827806e-01 0.000000e+00 -1.847761e-01
      outer loop
         vertex 2.503643e+01 0.000000e+00 7.553868e+01
         vertex 2.502126e+01 8.000000e+00 7.561938e+01
         vertex 2.503643e+01 8.000000e+00 7.553868e+01
      endloop
   endfacet
   facet normal -9.946348e-01 -0.000000e+00 -1.034483e-01
      outer loop
         vertex 2.525852e+01 8.000000e+00 7.340340e+01
         vertex 2.525852e+01 0.000000e+00 7.340340e+01
         vertex 2.503643e+01 8.000000e+00 7.553868e+01
      endloop
   endfacet
   facet normal -9.946348e-01 -0.000000e+00 -1.034483e-01
      outer loop
         vertex 2.503643e+01 8.000000e+00 7.553868e+01
         vertex 2.525852e+01 0.000000e+00 7.340340e+01
         vertex 2.503643e+01 0.000000e+00 7.553868e+01
      endloop
   endfacet
   facet normal -9.998500e-01 0.000000e+00 -1.731740e-02
      outer loop
         vertex 2.525852e+01 0.000000e+00 7.340340e+01
         vertex 2.525852e+01 8.000000e+00 7.340340e+01
         vertex 2.526001e+01 0.000000e+00 7.331721e+01
      endloop
   endfacet
   facet normal -9.998500e-01 0.000000e+00 -1.731740e-02
      outer loop
         vertex 2.526001e+01 0.000000e+00 7.331721e+01
         vertex 2.525852e+01 8.000000e+00 7.340340e+01
         vertex 2.526001e+01 8.000000e+00 7.331721e+01
      endloop
   endfacet
   facet normal -9.879630e-01 0.000000e+00 1.546906e-01
      outer loop
         vertex 2.526001e+01 0.000000e+00 7.331721e+01
         vertex 2.526001e+01 8.000000e+00 7.331721e+01
         vertex 2.524667e+01 0.000000e+00 7.323204e+01
      endloop
   endfacet
   facet normal -9.879630e-01 0.000000e+00 1.546906e-01
      outer loop
         vertex 2.524667e+01 0.000000e+00 7.323204e+01
         vertex 2.526001e+01 8.000000e+00 7.331721e+01
         vertex 2.524667e+01 8.000000e+00 7.323204e+01
      endloop
   endfacet
   facet normal -9.467098e-01 0.000000e+00 3.220879e-01
      outer loop
         vertex 2.524667e+01 0.000000e+00 7.323204e+01
         vertex 2.524667e+01 8.000000e+00 7.323204e+01
         vertex 2.521891e+01 0.000000e+00 7.315042e+01
      endloop
   endfacet
   facet normal -9.467098e-01 0.000000e+00 3.220879e-01
      outer loop
         vertex 2.521891e+01 0.000000e+00 7.315042e+01
         vertex 2.524667e+01 8.000000e+00 7.323204e+01
         vertex 2.521891e+01 8.000000e+00 7.315042e+01
      endloop
   endfacet
   facet normal -8.773126e-01 0.000000e+00 4.799194e-01
      outer loop
         vertex 2.521891e+01 0.000000e+00 7.315042e+01
         vertex 2.521891e+01 8.000000e+00 7.315042e+01
         vertex 2.517753e+01 0.000000e+00 7.307479e+01
      endloop
   endfacet
   facet normal -8.773126e-01 0.000000e+00 4.799194e-01
      outer loop
         vertex 2.517753e+01 0.000000e+00 7.307479e+01
         vertex 2.521891e+01 8.000000e+00 7.315042e+01
         vertex 2.517753e+01 8.000000e+00 7.307479e+01
      endloop
   endfacet
   facet normal -7.818407e-01 0.000000e+00 6.234783e-01
      outer loop
         vertex 2.517753e+01 0.000000e+00 7.307479e+01
         vertex 2.517753e+01 8.000000e+00 7.307479e+01
         vertex 2.512378e+01 0.000000e+00 7.300739e+01
      endloop
   endfacet
   facet normal -7.818407e-01 0.000000e+00 6.234783e-01
      outer loop
         vertex 2.512378e+01 0.000000e+00 7.300739e+01
         vertex 2.517753e+01 8.000000e+00 7.307479e+01
         vertex 2.512378e+01 8.000000e+00 7.300739e+01
      endloop
   endfacet
   facet normal -6.631103e-01 0.000000e+00 7.485217e-01
      outer loop
         vertex 2.512378e+01 0.000000e+00 7.300739e+01
         vertex 2.512378e+01 8.000000e+00 7.300739e+01
         vertex 2.505926e+01 0.000000e+00 7.295023e+01
      endloop
   endfacet
   facet normal -6.631103e-01 0.000000e+00 7.485217e-01
      outer loop
         vertex 2.505926e+01 0.000000e+00 7.295023e+01
         vertex 2.512378e+01 8.000000e+00 7.300739e+01
         vertex 2.505926e+01 8.000000e+00 7.295023e+01
      endloop
   endfacet
   facet normal -5.246928e-01 0.000000e+00 8.512916e-01
      outer loop
         vertex 2.505926e+01 0.000000e+00 7.295023e+01
         vertex 2.505926e+01 8.000000e+00 7.295023e+01
         vertex 2.498587e+01 0.000000e+00 7.290499e+01
      endloop
   endfacet
   facet normal -5.246928e-01 0.000000e+00 8.512916e-01
      outer loop
         vertex 2.498587e+01 0.000000e+00 7.290499e+01
         vertex 2.505926e+01 8.000000e+00 7.295023e+01
         vertex 2.498587e+01 8.000000e+00 7.290499e+01
      endloop
   endfacet
   facet normal -3.706418e-01 0.000000e+00 9.287759e-01
      outer loop
         vertex 2.498587e+01 0.000000e+00 7.290499e+01
         vertex 2.498587e+01 8.000000e+00 7.290499e+01
         vertex 2.490580e+01 0.000000e+00 7.287304e+01
      endloop
   endfacet
   facet normal -3.706418e-01 0.000000e+00 9.287759e-01
      outer loop
         vertex 2.490580e+01 0.000000e+00 7.287304e+01
         vertex 2.498587e+01 8.000000e+00 7.290499e+01
         vertex 2.490580e+01 8.000000e+00 7.287304e+01
      endloop
   endfacet
   facet normal -2.056086e-01 0.000000e+00 9.786343e-01
      outer loop
         vertex 2.490580e+01 0.000000e+00 7.287304e+01
         vertex 2.490580e+01 8.000000e+00 7.287304e+01
         vertex 2.482144e+01 0.000000e+00 7.285532e+01
      endloop
   endfacet
   facet normal -2.056086e-01 0.000000e+00 9.786343e-01
      outer loop
         vertex 2.482144e+01 0.000000e+00 7.285532e+01
         vertex 2.490580e+01 8.000000e+00 7.287304e+01
         vertex 2.482144e+01 8.000000e+00 7.285532e+01
      endloop
   endfacet
   facet normal -3.444088e-02 0.000000e+00 9.994067e-01
      outer loop
         vertex 2.482144e+01 0.000000e+00 7.285532e+01
         vertex 2.482144e+01 8.000000e+00 7.285532e+01
         vertex 2.473528e+01 0.000000e+00 7.285235e+01
      endloop
   endfacet
   facet normal -3.444088e-02 0.000000e+00 9.994067e-01
      outer loop
         vertex 2.473528e+01 0.000000e+00 7.285235e+01
         vertex 2.482144e+01 8.000000e+00 7.285532e+01
         vertex 2.473528e+01 8.000000e+00 7.285235e+01
      endloop
   endfacet
   facet normal 1.377209e-01 -0.000000e+00 9.904711e-01
      outer loop
         vertex 2.473528e+01 0.000000e+00 7.285235e+01
         vertex 2.473528e+01 8.000000e+00 7.285235e+01
         vertex 2.464990e+01 0.000000e+00 7.286422e+01
      endloop
   endfacet
   facet normal 1.377209e-01 -0.000000e+00 9.904711e-01
      outer loop
         vertex 2.464990e+01 0.000000e+00 7.286422e+01
         vertex 2.473528e+01 8.000000e+00 7.285235e+01
         vertex 2.464990e+01 8.000000e+00 7.286422e+01
      endloop
   endfacet
   facet normal 3.058198e-01 -0.000000e+00 9.520894e-01
      outer loop
         vertex 2.464990e+01 0.000000e+00 7.286422e+01
         vertex 2.464990e+01 8.000000e+00 7.286422e+01
         vertex 2.456782e+01 0.000000e+00 7.289059e+01
      endloop
   endfacet
   facet normal 3.058198e-01 -0.000000e+00 9.520894e-01
      outer loop
         vertex 2.456782e+01 0.000000e+00 7.289059e+01
         vertex 2.464990e+01 8.000000e+00 7.286422e+01
         vertex 2.456782e+01 8.000000e+00 7.289059e+01
      endloop
   endfacet
   facet normal 4.648049e-01 -0.000000e+00 8.854131e-01
      outer loop
         vertex 2.456782e+01 0.000000e+00 7.289059e+01
         vertex 2.456782e+01 8.000000e+00 7.289059e+01
         vertex 2.449149e+01 0.000000e+00 7.293065e+01
      endloop
   endfacet
   facet normal 4.648049e-01 -0.000000e+00 8.854131e-01
      outer loop
         vertex 2.449149e+01 0.000000e+00 7.293065e+01
         vertex 2.456782e+01 8.000000e+00 7.289059e+01
         vertex 2.449149e+01 8.000000e+00 7.293065e+01
      endloop
   endfacet
   facet normal 6.099989e-01 -0.000000e+00 7.924022e-01
      outer loop
         vertex 2.449149e+01 0.000000e+00 7.293065e+01
         vertex 2.449149e+01 8.000000e+00 7.293065e+01
         vertex 2.442318e+01 0.000000e+00 7.298324e+01
      endloop
   endfacet
   facet normal 6.099989e-01 -0.000000e+00 7.924022e-01
      outer loop
         vertex 2.442318e+01 0.000000e+00 7.298324e+01
         vertex 2.449149e+01 8.000000e+00 7.293065e+01
         vertex 2.442318e+01 8.000000e+00 7.298324e+01
      endloop
   endfacet
   facet normal 7.239541e-01 0.000000e+00 -6.898482e-01
      outer loop
         vertex 1.463802e+01 8.000000e+00 8.059541e+01
         vertex 1.463802e+01 0.000000e+00 8.059541e+01
         vertex 1.009891e+01 8.000000e+00 7.583188e+01
      endloop
   endfacet
   facet normal 7.239541e-01 0.000000e+00 -6.898482e-01
      outer loop
         vertex 1.009891e+01 8.000000e+00 7.583188e+01
         vertex 1.463802e+01 0.000000e+00 8.059541e+01
         vertex 1.009891e+01 0.000000e+00 7.583188e+01
      endloop
   endfacet
   facet normal 6.627624e-01 0.000000e+00 -7.488297e-01
      outer loop
         vertex 1.463802e+01 0.000000e+00 8.059541e+01
         vertex 1.463802e+01 8.000000e+00 8.059541e+01
         vertex 1.470161e+01 0.000000e+00 8.065168e+01
      endloop
   endfacet
   facet normal 6.627624e-01 0.000000e+00 -7.488297e-01
      outer loop
         vertex 1.470161e+01 0.000000e+00 8.065168e+01
         vertex 1.463802e+01 8.000000e+00 8.059541e+01
         vertex 1.470161e+01 8.000000e+00 8.065168e+01
      endloop
   endfacet
   facet normal 5.264931e-01 0.000000e+00 -8.501794e-01
      outer loop
         vertex 1.470161e+01 0.000000e+00 8.065168e+01
         vertex 1.470161e+01 8.000000e+00 8.065168e+01
         vertex 1.477379e+01 0.000000e+00 8.069638e+01
      endloop
   endfacet
   facet normal 5.264931e-01 0.000000e+00 -8.501794e-01
      outer loop
         vertex 1.477379e+01 0.000000e+00 8.069638e+01
         vertex 1.470161e+01 8.000000e+00 8.065168e+01
         vertex 1.477379e+01 8.000000e+00 8.069638e+01
      endloop
   endfacet
   facet normal 3.751141e-01 0.000000e+00 -9.269787e-01
      outer loop
         vertex 1.477379e+01 0.000000e+00 8.069638e+01
         vertex 1.477379e+01 8.000000e+00 8.069638e+01
         vertex 1.485250e+01 0.000000e+00 8.072823e+01
      endloop
   endfacet
   facet normal 3.751141e-01 0.000000e+00 -9.269787e-01
      outer loop
         vertex 1.485250e+01 0.000000e+00 8.072823e+01
         vertex 1.477379e+01 8.000000e+00 8.069638e+01
         vertex 1.485250e+01 8.000000e+00 8.072823e+01
      endloop
   endfacet
   facet normal 2.127894e-01 0.000000e+00 -9.770981e-01
      outer loop
         vertex 1.485250e+01 0.000000e+00 8.072823e+01
         vertex 1.485250e+01 8.000000e+00 8.072823e+01
         vertex 1.493547e+01 0.000000e+00 8.074630e+01
      endloop
   endfacet
   facet normal 2.127894e-01 0.000000e+00 -9.770981e-01
      outer loop
         vertex 1.493547e+01 0.000000e+00 8.074630e+01
         vertex 1.485250e+01 8.000000e+00 8.072823e+01
         vertex 1.493547e+01 8.000000e+00 8.074630e+01
      endloop
   endfacet
   facet normal 4.440049e-02 0.000000e+00 -9.990138e-01
      outer loop
         vertex 1.493547e+01 0.000000e+00 8.074630e+01
         vertex 1.493547e+01 8.000000e+00 8.074630e+01
         vertex 1.502029e+01 0.000000e+00 8.075007e+01
      endloop
   endfacet
   facet normal 4.440049e-02 0.000000e+00 -9.990138e-01
      outer loop
         vertex 1.502029e+01 0.000000e+00 8.075007e+01
         vertex 1.493547e+01 8.000000e+00 8.074630e+01
         vertex 1.502029e+01 8.000000e+00 8.075007e+01
      endloop
   endfacet
   facet normal -1.253036e-01 0.000000e+00 -9.921184e-01
      outer loop
         vertex 1.502029e+01 0.000000e+00 8.075007e+01
         vertex 1.502029e+01 8.000000e+00 8.075007e+01
         vertex 1.510453e+01 0.000000e+00 8.073943e+01
      endloop
   endfacet
   facet normal -1.253036e-01 0.000000e+00 -9.921184e-01
      outer loop
         vertex 1.510453e+01 0.000000e+00 8.073943e+01
         vertex 1.502029e+01 8.000000e+00 8.075007e+01
         vertex 1.510453e+01 8.000000e+00 8.073943e+01
      endloop
   endfacet
   facet normal -2.913245e-01 0.000000e+00 -9.566243e-01
      outer loop
         vertex 1.510453e+01 0.000000e+00 8.073943e+01
         vertex 1.510453e+01 8.000000e+00 8.073943e+01
         vertex 1.518576e+01 0.000000e+00 8.071470e+01
      endloop
   endfacet
   facet normal -2.913245e-01 0.000000e+00 -9.566243e-01
      outer loop
         vertex 1.518576e+01 0.000000e+00 8.071470e+01
         vertex 1.510453e+01 8.000000e+00 8.073943e+01
         vertex 1.518576e+01 8.000000e+00 8.071470e+01
      endloop
   endfacet
   facet normal -4.490060e-01 0.000000e+00 -8.935287e-01
      outer loop
         vertex 1.518576e+01 0.000000e+00 8.071470e+01
         vertex 1.518576e+01 8.000000e+00 8.071470e+01
         vertex 1.526163e+01 0.000000e+00 8.067657e+01
      endloop
   endfacet
   facet normal -4.490060e-01 0.000000e+00 -8.935287e-01
      outer loop
         vertex 1.526163e+01 0.000000e+00 8.067657e+01
         vertex 1.518576e+01 8.000000e+00 8.071470e+01
         vertex 1.526163e+01 8.000000e+00 8.067657e+01
      endloop
   endfacet
   facet normal -5.937093e-01 0.000000e+00 -8.046796e-01
      outer loop
         vertex 1.526163e+01 0.000000e+00 8.067657e+01
         vertex 1.526163e+01 8.000000e+00 8.067657e+01
         vertex 1.532995e+01 0.000000e+00 8.062616e+01
      endloop
   endfacet
   facet normal -5.937093e-01 0.000000e+00 -8.046796e-01
      outer loop
         vertex 1.532995e+01 0.000000e+00 8.062616e+01
         vertex 1.526163e+01 8.000000e+00 8.067657e+01
         vertex 1.532995e+01 8.000000e+00 8.062616e+01
      endloop
   endfacet
   facet normal -7.213436e-01 0.000000e+00 -6.925773e-01
      outer loop
         vertex 1.532995e+01 0.000000e+00 8.062616e+01
         vertex 1.532995e+01 8.000000e+00 8.062616e+01
         vertex 1.538876e+01 0.000000e+00 8.056491e+01
      endloop
   endfacet
   facet normal -7.213436e-01 0.000000e+00 -6.925773e-01
      outer loop
         vertex 1.538876e+01 0.000000e+00 8.056491e+01
         vertex 1.532995e+01 8.000000e+00 8.062616e+01
         vertex 1.538876e+01 8.000000e+00 8.056491e+01
      endloop
   endfacet
   facet normal -8.280954e-01 0.000000e+00 -5.605872e-01
      outer loop
         vertex 1.538876e+01 0.000000e+00 8.056491e+01
         vertex 1.538876e+01 8.000000e+00 8.056491e+01
         vertex 1.543636e+01 0.000000e+00 8.049460e+01
      endloop
   endfacet
   facet normal -8.280954e-01 0.000000e+00 -5.605872e-01
      outer loop
         vertex 1.543636e+01 0.000000e+00 8.049460e+01
         vertex 1.538876e+01 8.000000e+00 8.056491e+01
         vertex 1.543636e+01 8.000000e+00 8.049460e+01
      endloop
   endfacet
   facet normal -9.110130e-01 0.000000e+00 -4.123777e-01
      outer loop
         vertex 1.543636e+01 0.000000e+00 8.049460e+01
         vertex 1.543636e+01 8.000000e+00 8.049460e+01
         vertex 1.547137e+01 0.000000e+00 8.041725e+01
      endloop
   endfacet
   facet normal -9.110130e-01 0.000000e+00 -4.123777e-01
      outer loop
         vertex 1.547137e+01 0.000000e+00 8.041725e+01
         vertex 1.543636e+01 8.000000e+00 8.049460e+01
         vertex 1.547137e+01 8.000000e+00 8.041725e+01
      endloop
   endfacet
   facet normal -9.676567e-01 0.000000e+00 -2.522709e-01
      outer loop
         vertex 1.547137e+01 0.000000e+00 8.041725e+01
         vertex 1.547137e+01 8.000000e+00 8.041725e+01
         vertex 1.549279e+01 0.000000e+00 8.033508e+01
      endloop
   endfacet
   facet normal -9.676567e-01 0.000000e+00 -2.522709e-01
      outer loop
         vertex 1.549279e+01 0.000000e+00 8.033508e+01
         vertex 1.547137e+01 8.000000e+00 8.041725e+01
         vertex 1.549279e+01 8.000000e+00 8.033508e+01
      endloop
   endfacet
   facet normal -9.963888e-01 0.000000e+00 -8.490803e-02
      outer loop
         vertex 1.549279e+01 0.000000e+00 8.033508e+01
         vertex 1.549279e+01 8.000000e+00 8.033508e+01
         vertex 1.550000e+01 0.000000e+00 8.025048e+01
      endloop
   endfacet
   facet normal -9.963888e-01 0.000000e+00 -8.490803e-02
      outer loop
         vertex 1.550000e+01 0.000000e+00 8.025048e+01
         vertex 1.549279e+01 8.000000e+00 8.033508e+01
         vertex 1.550000e+01 8.000000e+00 8.025048e+01
      endloop
   endfacet
   facet normal -1.000000e+00 0.000000e+00 0.000000e+00
      outer loop
         vertex 1.550000e+01 0.000000e+00 8.025048e+01
         vertex 1.550000e+01 8.000000e+00 8.025048e+01
         vertex 1.550000e+01 0.000000e+00 7.771982e+01
      endloop
   endfacet
   facet normal -1.000000e+00 0.000000e+00 0.000000e+00
      outer loop
         vertex 1.550000e+01 0.000000e+00 7.771982e+01
         vertex 1.550000e+01 8.000000e+00 8.025048e+01
         vertex 1.550000e+01 8.000000e+00 7.771982e+01
      endloop
   endfacet
   facet normal -9.965706e-01 0.000000e+00 8.274741e-02
      outer loop
         vertex 1.550000e+01 0.000000e+00 7.771982e+01
         vertex 1.550000e+01 8.000000e+00 7.771982e+01
         vertex 1.549315e+01 0.000000e+00 7.763736e+01
      endloop
   endfacet
   facet normal -9.965706e-01 0.000000e+00 8.274741e-02
      outer loop
         vertex 1.549315e+01 0.000000e+00 7.763736e+01
         vertex 1.550000e+01 8.000000e+00 7.771982e+01
         vertex 1.549315e+01 8.000000e+00 7.763736e+01
      endloop
   endfacet
   facet normal -9.692757e-01 0.000000e+00 2.459768e-01
      outer loop
         vertex 1.549315e+01 0.000000e+00 7.763736e+01
         vertex 1.549315e+01 8.000000e+00 7.763736e+01
         vertex 1.547280e+01 0.000000e+00 7.755716e+01
      endloop
   endfacet
   facet normal -9.692757e-01 0.000000e+00 2.459768e-01
      outer loop
         vertex 1.547280e+01 0.000000e+00 7.755716e+01
         vertex 1.549315e+01 8.000000e+00 7.763736e+01
         vertex 1.547280e+01 8.000000e+00 7.755716e+01
      endloop
   endfacet
   facet normal -9.154336e-01 0.000000e+00 4.024690e-01
      outer loop
         vertex 1.547280e+01 0.000000e+00 7.755716e+01
         vertex 1.547280e+01 8.000000e+00 7.755716e+01
         vertex 1.543950e+01 0.000000e+00 7.748141e+01
      endloop
   endfacet
   facet normal -9.154336e-01 0.000000e+00 4.024690e-01
      outer loop
         vertex 1.543950e+01 0.000000e+00 7.748141e+01
         vertex 1.547280e+01 8.000000e+00 7.755716e+01
         vertex 1.543950e+01 8.000000e+00 7.748141e+01
      endloop
   endfacet
   facet normal -8.365168e-01 0.000000e+00 5.479413e-01
      outer loop
         vertex 1.543950e+01 0.000000e+00 7.748141e+01
         vertex 1.543950e+01 8.000000e+00 7.748141e+01
         vertex 1.539415e+01 0.000000e+00 7.741219e+01
      endloop
   endfacet
   facet normal -8.365168e-01 0.000000e+00 5.479413e-01
      outer loop
         vertex 1.539415e+01 0.000000e+00 7.741219e+01
         vertex 1.543950e+01 8.000000e+00 7.748141e+01
         vertex 1.539415e+01 8.000000e+00 7.741219e+01
      endloop
   endfacet
   facet normal -7.347079e-01 0.000000e+00 6.783836e-01
      outer loop
         vertex 1.539415e+01 0.000000e+00 7.741219e+01
         vertex 1.539415e+01 8.000000e+00 7.741219e+01
         vertex 1.533802e+01 0.000000e+00 7.735139e+01
      endloop
   endfacet
   facet normal -7.347079e-01 0.000000e+00 6.783836e-01
      outer loop
         vertex 1.533802e+01 0.000000e+00 7.735139e+01
         vertex 1.539415e+01 8.000000e+00 7.741219e+01
         vertex 1.533802e+01 8.000000e+00 7.735139e+01
      endloop
   endfacet
   facet normal -6.760372e-01 0.000000e+00 7.368675e-01
      outer loop
         vertex 1.057682e+01 8.000000e+00 7.298324e+01
         vertex 1.057682e+01 0.000000e+00 7.298324e+01
         vertex 1.533802e+01 8.000000e+00 7.735139e+01
      endloop
   endfacet
   facet normal -6.760372e-01 0.000000e+00 7.368675e-01
      outer loop
         vertex 1.533802e+01 8.000000e+00 7.735139e+01
         vertex 1.057682e+01 0.000000e+00 7.298324e+01
         vertex 1.533802e+01 0.000000e+00 7.735139e+01
      endloop
   endfacet
   facet normal -6.099989e-01 0.000000e+00 7.924022e-01
      outer loop
         vertex 1.057682e+01 0.000000e+00 7.298324e+01
         vertex 1.057682e+01 8.000000e+00 7.298324e+01
         vertex 1.050851e+01 0.000000e+00 7.293065e+01
      endloop
   endfacet
   facet normal -6.099989e-01 0.000000e+00 7.924022e-01
      outer loop
         vertex 1.050851e+01 0.000000e+00 7.293065e+01
         vertex 1.057682e+01 8.000000e+00 7.298324e+01
         vertex 1.050851e+01 8.000000e+00 7.293065e+01
      endloop
   endfacet
   facet normal -4.648049e-01 0.000000e+00 8.854131e-01
      outer loop
         vertex 1.050851e+01 0.000000e+00 7.293065e+01
         vertex 1.050851e+01 8.000000e+00 7.293065e+01
         vertex 1.043218e+01 0.000000e+00 7.289059e+01
      endloop
   endfacet
   facet normal -4.648049e-01 0.000000e+00 8.854131e-01
      outer loop
         vertex 1.043218e+01 0.000000e+00 7.289059e+01
         vertex 1.050851e+01 8.000000e+00 7.293065e+01
         vertex 1.043218e+01 8.000000e+00 7.289059e+01
      endloop
   endfacet
   facet normal -3.058198e-01 0.000000e+00 9.520894e-01
      outer loop
         vertex 1.043218e+01 0.000000e+00 7.289059e+01
         vertex 1.043218e+01 8.000000e+00 7.289059e+01
         vertex 1.035010e+01 0.000000e+00 7.286422e+01
      endloop
   endfacet
   facet normal -3.058198e-01 0.000000e+00 9.520894e-01
      outer loop
         vertex 1.035010e+01 0.000000e+00 7.286422e+01
         vertex 1.043218e+01 8.000000e+00 7.289059e+01
         vertex 1.035010e+01 8.000000e+00 7.286422e+01
      endloop
   endfacet
   facet normal -1.377209e-01 0.000000e+00 9.904711e-01
      outer loop
         vertex 1.035010e+01 0.000000e+00 7.286422e+01
         vertex 1.035010e+01 8.000000e+00 7.286422e+01
         vertex 1.026472e+01 0.000000e+00 7.285235e+01
      endloop
   endfacet
   facet normal -1.377209e-01 0.000000e+00 9.904711e-01
      outer loop
         vertex 1.026472e+01 0.000000e+00 7.285235e+01
         vertex 1.035010e+01 8.000000e+00 7.286422e+01
         vertex 1.026472e+01 8.000000e+00 7.285235e+01
      endloop
   endfacet
   facet normal 3.444088e-02 -0.000000e+00 9.994067e-01
      outer loop
         vertex 1.026472e+01 0.000000e+00 7.285235e+01
         vertex 1.026472e+01 8.000000e+00 7.285235e+01
         vertex 1.017856e+01 0.000000e+00 7.285532e+01
      endloop
   endfacet
   facet normal 3.444088e-02 -0.000000e+00 9.994067e-01
      outer loop
         vertex 1.017856e+01 0.000000e+00 7.285532e+01
         vertex 1.026472e+01 8.000000e+00 7.285235e+01
         vertex 1.017856e+01 8.000000e+00 7.285532e+01
      endloop
   endfacet
   facet normal 2.056086e-01 -0.000000e+00 9.786343e-01
      outer loop
         vertex 1.017856e+01 0.000000e+00 7.285532e+01
         vertex 1.017856e+01 8.000000e+00 7.285532e+01
         vertex 1.009420e+01 0.000000e+00 7.287304e+01
      endloop
   endfacet
   facet normal 2.056086e-01 -0.000000e+00 9.786343e-01
      outer loop
         vertex 1.009420e+01 0.000000e+00 7.287304e+01
         vertex 1.017856e+01 8.000000e+00 7.285532e+01
         vertex 1.009420e+01 8.000000e+00 7.287304e+01
      endloop
   endfacet
   facet normal 3.706418e-01 -0.000000e+00 9.287759e-01
      outer loop
         vertex 1.009420e+01 0.000000e+00 7.287304e+01
         vertex 1.009420e+01 8.000000e+00 7.287304e+01
         vertex 1.001413e+01 0.000000e+00 7.290499e+01
      endloop
   endfacet
   facet normal 3.706418e-01 -0.000000e+00 9.287759e-01
      outer loop
         vertex 1.001413e+01 0.000000e+00 7.290499e+01
         vertex 1.009420e+01 8.000000e+00 7.287304e+01
         vertex 1.001413e+01 8.000000e+00 7.290499e+01
      endloop
   endfacet
   facet normal 5.246928e-01 -0.000000e+00 8.512916e-01
      outer loop
         vertex 1.001413e+01 0.000000e+00 7.290499e+01
         vertex 1.001413e+01 8.000000e+00 7.290499e+01
         vertex 9.940743e+00 0.000000e+00 7.295023e+01
      endloop
   endfacet
   facet normal 5.246928e-01 -0.000000e+00 8.512916e-01
      outer loop
         vertex 9.940743e+00 0.000000e+00 7.295023e+01
         vertex 1.001413e+01 8.000000e+00 7.290499e+01
         vertex 9.940743e+00 8.000000e+00 7.295023e+01
      endloop
   endfacet
   facet normal 6.631103e-01 -0.000000e+00 7.485217e-01
      outer loop
         vertex 9.940743e+00 0.000000e+00 7.295023e+01
         vertex 9.940743e+00 8.000000e+00 7.295023e+01
         vertex 9.876215e+00 0.000000e+00 7.300739e+01
      endloop
   endfacet
   facet normal 6.631103e-01 -0.000000e+00 7.485217e-01
      outer loop
         vertex 9.876215e+00 0.000000e+00 7.300739e+01
         vertex 9.940743e+00 8.000000e+00 7.295023e+01
         vertex 9.876215e+00 8.000000e+00 7.300739e+01
      endloop
   endfacet
   facet normal 7.818407e-01 -0.000000e+00 6.234783e-01
      outer loop
         vertex 9.876215e+00 0.000000e+00 7.300739e+01
         vertex 9.876215e+00 8.000000e+00 7.300739e+01
         vertex 9.822466e+00 0.000000e+00 7.307479e+01
      endloop
   endfacet
   facet normal 7.818407e-01 -0.000000e+00 6.234783e-01
      outer loop
         vertex 9.822466e+00 0.000000e+00 7.307479e+01
         vertex 9.876215e+00 8.000000e+00 7.300739e+01
         vertex 9.822466e+00 8.000000e+00 7.307479e+01
      endloop
   endfacet
   facet normal 8.773126e-01 -0.000000e+00 4.799194e-01
      outer loop
         vertex 9.822466e+00 0.000000e+00 7.307479e+01
         vertex 9.822466e+00 8.000000e+00 7.307479e+01
         vertex 9.781093e+00 0.000000e+00 7.315042e+01
      endloop
   endfacet
   facet normal 8.773126e-01 -0.000000e+00 4.799194e-01
      outer loop
         vertex 9.781093e+00 0.000000e+00 7.315042e+01
         vertex 9.822466e+00 8.000000e+00 7.307479e+01
         vertex 9.781093e+00 8.000000e+00 7.315042e+01
      endloop
   endfacet
   facet normal 9.467098e-01 -0.000000e+00 3.220879e-01
      outer loop
         vertex 9.781093e+00 0.000000e+00 7.315042e+01
         vertex 9.781093e+00 8.000000e+00 7.315042e+01
         vertex 9.753327e+00 0.000000e+00 7.323204e+01
      endloop
   endfacet
   facet normal 9.467098e-01 -0.000000e+00 3.220879e-01
      outer loop
         vertex 9.753327e+00 0.000000e+00 7.323204e+01
         vertex 9.781093e+00 8.000000e+00 7.315042e+01
         vertex 9.753327e+00 8.000000e+00 7.323204e+01
      endloop
   endfacet
   facet normal 9.879630e-01 -0.000000e+00 1.546906e-01
      outer loop
         vertex 9.753327e+00 0.000000e+00 7.323204e+01
         vertex 9.753327e+00 8.000000e+00 7.323204e+01
         vertex 9.739992e+00 0.000000e+00 7.331721e+01
      endloop
   endfacet
   facet normal 9.879630e-01 -0.000000e+00 1.546906e-01
      outer loop
         vertex 9.739992e+00 0.000000e+00 7.331721e+01
         vertex 9.753327e+00 8.000000e+00 7.323204e+01
         vertex 9.739992e+00 8.000000e+00 7.331721e+01
      endloop
   endfacet
   facet normal 9.998500e-01 0.000000e+00 -1.731740e-02
      outer loop
         vertex 9.739992e+00 0.000000e+00 7.331721e+01
         vertex 9.739992e+00 8.000000e+00 7.331721e+01
         vertex 9.741485e+00 0.000000e+00 7.340340e+01
      endloop
   endfacet
   facet normal 9.998500e-01 0.000000e+00 -1.731740e-02
      outer loop
         vertex 9.741485e+00 0.000000e+00 7.340340e+01
         vertex 9.739992e+00 8.000000e+00 7.331721e+01
         vertex 9.741485e+00 8.000000e+00 7.340340e+01
      endloop
   endfacet
   facet normal 9.946348e-01 0.000000e+00 -1.034483e-01
      outer loop
         vertex 9.963567e+00 8.000000e+00 7.553868e+01
         vertex 9.963567e+00 0.000000e+00 7.553868e+01
         vertex 9.741485e+00 8.000000e+00 7.340340e+01
      endloop
   endfacet
   facet normal 9.946348e-01 0.000000e+00 -1.034483e-01
      outer loop
         vertex 9.741485e+00 8.000000e+00 7.340340e+01
         vertex 9.963567e+00 0.000000e+00 7.553868e+01
         vertex 9.741485e+00 0.000000e+00 7.340340e+01
      endloop
   endfacet
   facet normal 9.827806e-01 0.000000e+00 -1.847761e-01
      outer loop
         vertex 9.963567e+00 0.000000e+00 7.553868e+01
         vertex 9.963567e+00 8.000000e+00 7.553868e+01
         vertex 9.978739e+00 0.000000e+00 7.561938e+01
      endloop
   endfacet
   facet normal 9.827806e-01 0.000000e+00 -1.847761e-01
      outer loop
         vertex 9.978739e+00 0.000000e+00 7.561938e+01
         vertex 9.963567e+00 8.000000e+00 7.553868e+01
         vertex 9.978739e+00 8.000000e+00 7.561938e+01
      endloop
   endfacet
   facet normal 9.392876e-01 0.000000e+00 -3.431310e-01
      outer loop
         vertex 9.978739e+00 0.000000e+00 7.561938e+01
         vertex 9.978739e+00 8.000000e+00 7.561938e+01
         vertex 1.000691e+01 0.000000e+00 7.569650e+01
      endloop
   endfacet
   facet normal 9.392876e-01 0.000000e+00 -3.431310e-01
      outer loop
         vertex 1.000691e+01 0.000000e+00 7.569650e+01
         vertex 9.978739e+00 8.000000e+00 7.561938e+01
         vertex 1.000691e+01 8.000000e+00 7.569650e+01
      endloop
   endfacet
   facet normal 8.704623e-01 0.000000e+00 -4.922351e-01
      outer loop
         vertex 1.000691e+01 0.000000e+00 7.569650e+01
         vertex 1.000691e+01 8.000000e+00 7.569650e+01
         vertex 1.004733e+01 0.000000e+00 7.576798e+01
      endloop
   endfacet
   facet normal 8.704623e-01 0.000000e+00 -4.922351e-01
      outer loop
         vertex 1.004733e+01 0.000000e+00 7.576798e+01
         vertex 1.000691e+01 8.000000e+00 7.569650e+01
         vertex 1.004733e+01 8.000000e+00 7.576798e+01
      endloop
   endfacet
   facet normal 7.781527e-01 0.000000e+00 -6.280752e-01
      outer loop
         vertex 1.004733e+01 0.000000e+00 7.576798e+01
         vertex 1.004733e+01 8.000000e+00 7.576798e+01
         vertex 1.009891e+01 0.000000e+00 7.583188e+01
      endloop
   endfacet
   facet normal 7.781527e-01 0.000000e+00 -6.280752e-01
      outer loop
         vertex 1.009891e+01 0.000000e+00 7.583188e+01
         vertex 1.004733e+01 8.000000e+00 7.576798e+01
         vertex 1.009891e+01 8.000000e+00 7.583188e+01
      endloop
   endfacet
   facet normal 6.760368e-01 0.000000e+00 7.368678e-01
      outer loop
         vertex 1.966198e+01 8.000000e+00 6.785139e+01
         vertex 1.966198e+01 0.000000e+00 6.785139e+01
         vertex 2.442318e+01 8.000000e+00 6.348324e+01
      endloop
   endfacet
   facet normal 6.760368e-01 0.000000e+00 7.368678e-01
      outer loop
         vertex 2.442318e+01 8.000000e+00 6.348324e+01
         vertex 1.966198e+01 0.000000e+00 6.785139e+01
         vertex 2.442318e+01 0.000000e+00 6.348324e+01
      endloop
   endfacet
   facet normal 7.347079e-01 -0.000000e+00 6.783836e-01
      outer loop
         vertex 1.966198e+01 0.000000e+00 6.785139e+01
         vertex 1.966198e+01 8.000000e+00 6.785139e+01
         vertex 1.960585e+01 0.000000e+00 6.791219e+01
      endloop
   endfacet
   facet normal 7.347079e-01 -0.000000e+00 6.783836e-01
      outer loop
         vertex 1.960585e+01 0.000000e+00 6.791219e+01
         vertex 1.966198e+01 8.000000e+00 6.785139e+01
         vertex 1.960585e+01 8.000000e+00 6.791219e+01
      endloop
   endfacet
   facet normal 8.365168e-01 -0.000000e+00 5.479413e-01
      outer loop
         vertex 1.960585e+01 0.000000e+00 6.791219e+01
         vertex 1.960585e+01 8.000000e+00 6.791219e+01
         vertex 1.956050e+01 0.000000e+00 6.798141e+01
      endloop
   endfacet
   facet normal 8.365168e-01 -0.000000e+00 5.479413e-01
      outer loop
         vertex 1.956050e+01 0.000000e+00 6.798141e+01
         vertex 1.960585e+01 8.000000e+00 6.791219e+01
         vertex 1.956050e+01 8.000000e+00 6.798141e+01
      endloop
   endfacet
   facet normal 9.154336e-01 -0.000000e+00 4.024690e-01
      outer loop
         vertex 1.956050e+01 0.000000e+00 6.798141e+01
         vertex 1.956050e+01 8.000000e+00 6.798141e+01
         vertex 1.952720e+01 0.000000e+00 6.805716e+01
      endloop
   endfacet
   facet normal 9.154336e-01 -0.000000e+00 4.024690e-01
      outer loop
         vertex 1.952720e+01 0.000000e+00 6.805716e+01
         vertex 1.956050e+01 8.000000e+00 6.798141e+01
         vertex 1.952720e+01 8.000000e+00 6.805716e+01
      endloop
   endfacet
   facet normal 9.692757e-01 -0.000000e+00 2.459768e-01
      outer loop
         vertex 1.952720e+01 0.000000e+00 6.805716e+01
         vertex 1.952720e+01 8.000000e+00 6.805716e+01
         vertex 1.950685e+01 0.000000e+00 6.813736e+01
      endloop
   endfacet
   facet normal 9.692757e-01 -0.000000e+00 2.459768e-01
      outer loop
         vertex 1.950685e+01 0.000000e+00 6.813736e+01
         vertex 1.952720e+01 8.000000e+00 6.805716e+01
         vertex 1.950685e+01 8.000000e+00 6.813736e+01
      endloop
   endfacet
   facet normal 9.965706e-01 -0.000000e+00 8.274741e-02
      outer loop
         vertex 1.950685e+01 0.000000e+00 6.813736e+01
         vertex 1.950685e+01 8.000000e+00 6.813736e+01
         vertex 1.950000e+01 0.000000e+00 6.821982e+01
      endloop
   endfacet
   facet normal 9.965706e-01 -0.000000e+00 8.274741e-02
      outer loop
         vertex 1.950000e+01 0.000000e+00 6.821982e+01
         vertex 1.950685e+01 8.000000e+00 6.813736e+01
         vertex 1.950000e+01 8.000000e+00 6.821982e+01
      endloop
   endfacet
   facet normal 1.000000e+00 0.000000e+00 0.000000e+00
      outer loop
         vertex 1.950000e+01 8.000000e+00 7.075048e+01
         vertex 1.950000e+01 0.000000e+00 7.075048e+01
         vertex 1.950000e+01 8.000000e+00 6.821982e+01
      endloop
   endfacet
   facet normal 1.000000e+00 0.000000e+00 0.000000e+00
      outer loop
         vertex 1.950000e+01 8.000000e+00 6.821982e+01
         vertex 1.950000e+01 0.000000e+00 7.075048e+01
         vertex 1.950000e+01 0.000000e+00 6.821982e+01
      endloop
   endfacet
   facet normal 9.963888e-01 0.000000e+00 -8.490803e-02
      outer loop
         vertex 1.950000e+01 0.000000e+00 7.075048e+01
         vertex 1.950000e+01 8.000000e+00 7.075048e+01
         vertex 1.950721e+01 0.000000e+00 7.083509e+01
      endloop
   endfacet
   facet normal 9.963888e-01 0.000000e+00 -8.490803e-02
      outer loop
         vertex 1.950721e+01 0.000000e+00 7.083509e+01
         vertex 1.950000e+01 8.000000e+00 7.075048e+01
         vertex 1.950721e+01 8.000000e+00 7.083509e+01
      endloop
   endfacet
   facet normal 9.676539e-01 0.000000e+00 -2.522816e-01
      outer loop
         vertex 1.950721e+01 0.000000e+00 7.083509e+01
         vertex 1.950721e+01 8.000000e+00 7.083509e+01
         vertex 1.952863e+01 0.000000e+00 7.091725e+01
      endloop
   endfacet
   facet normal 9.676539e-01 0.000000e+00 -2.522816e-01
      outer loop
         vertex 1.952863e+01 0.000000e+00 7.091725e+01
         vertex 1.950721e+01 8.000000e+00 7.083509e+01
         vertex 1.952863e+01 8.000000e+00 7.091725e+01
      endloop
   endfacet
   facet normal 9.110204e-01 0.000000e+00 -4.123612e-01
      outer loop
         vertex 1.952863e+01 0.000000e+00 7.091725e+01
         vertex 1.952863e+01 8.000000e+00 7.091725e+01
         vertex 1.956364e+01 0.000000e+00 7.099460e+01
      endloop
   endfacet
   facet normal 9.110204e-01 0.000000e+00 -4.123612e-01
      outer loop
         vertex 1.956364e+01 0.000000e+00 7.099460e+01
         vertex 1.952863e+01 8.000000e+00 7.091725e+01
         vertex 1.956364e+01 8.000000e+00 7.099460e+01
      endloop
   endfacet
   facet normal 8.280954e-01 0.000000e+00 -5.605872e-01
      outer loop
         vertex 1.956364e+01 0.000000e+00 7.099460e+01
         vertex 1.956364e+01 8.000000e+00 7.099460e+01
         vertex 1.961124e+01 0.000000e+00 7.106491e+01
      endloop
   endfacet
   facet normal 8.280954e-01 0.000000e+00 -5.605872e-01
      outer loop
         vertex 1.961124e+01 0.000000e+00 7.106491e+01
         vertex 1.956364e+01 8.000000e+00 7.099460e+01
         vertex 1.961124e+01 8.000000e+00 7.106491e+01
      endloop
   endfacet
   facet normal 7.213226e-01 0.000000e+00 -6.925992e-01
      outer loop
         vertex 1.961124e+01 0.000000e+00 7.106491e+01
         vertex 1.961124e+01 8.000000e+00 7.106491e+01
         vertex 1.967005e+01 0.000000e+00 7.112616e+01
      endloop
   endfacet
   facet normal 7.213226e-01 0.000000e+00 -6.925992e-01
      outer loop
         vertex 1.967005e+01 0.000000e+00 7.112616e+01
         vertex 1.961124e+01 8.000000e+00 7.106491e+01
         vertex 1.967005e+01 8.000000e+00 7.112616e+01
      endloop
   endfacet
   facet normal 5.937093e-01 0.000000e+00 -8.046796e-01
      outer loop
         vertex 1.967005e+01 0.000000e+00 7.112616e+01
         vertex 1.967005e+01 8.000000e+00 7.112616e+01
         vertex 1.973837e+01 0.000000e+00 7.117657e+01
      endloop
   endfacet
   facet normal 5.937093e-01 0.000000e+00 -8.046796e-01
      outer loop
         vertex 1.973837e+01 0.000000e+00 7.117657e+01
         vertex 1.967005e+01 8.000000e+00 7.112616e+01
         vertex 1.973837e+01 8.000000e+00 7.117657e+01
      endloop
   endfacet
   facet normal 4.490060e-01 0.000000e+00 -8.935287e-01
      outer loop
         vertex 1.973837e+01 0.000000e+00 7.117657e+01
         vertex 1.973837e+01 8.000000e+00 7.117657e+01
         vertex 1.981424e+01 0.000000e+00 7.121470e+01
      endloop
   endfacet
   facet normal 4.490060e-01 0.000000e+00 -8.935287e-01
      outer loop
         vertex 1.981424e+01 0.000000e+00 7.121470e+01
         vertex 1.973837e+01 8.000000e+00 7.117657e+01
         vertex 1.981424e+01 8.000000e+00 7.121470e+01
      endloop
   endfacet
   facet normal 2.913245e-01 0.000000e+00 -9.566243e-01
      outer loop
         vertex 1.981424e+01 0.000000e+00 7.121470e+01
         vertex 1.981424e+01 8.000000e+00 7.121470e+01
         vertex 1.989547e+01 0.000000e+00 7.123943e+01
      endloop
   endfacet
   facet normal 2.913245e-01 0.000000e+00 -9.566243e-01
      outer loop
         vertex 1.989547e+01 0.000000e+00 7.123943e+01
         vertex 1.981424e+01 8.000000e+00 7.121470e+01
         vertex 1.989547e+01 8.000000e+00 7.123943e+01
      endloop
   endfacet
   facet normal 1.253036e-01 0.000000e+00 -9.921184e-01
      outer loop
         vertex 1.989547e+01 0.000000e+00 7.123943e+01
         vertex 1.989547e+01 8.000000e+00 7.123943e+01
         vertex 1.997971e+01 0.000000e+00 7.125007e+01
      endloop
   endfacet
   facet normal 1.253036e-01 0.000000e+00 -9.921184e-01
      outer loop
         vertex 1.997971e+01 0.000000e+00 7.125007e+01
         vertex 1.989547e+01 8.000000e+00 7.123943e+01
         vertex 1.997971e+01 8.000000e+00 7.125007e+01
      endloop
   endfacet
   facet normal -4.440049e-02 0.000000e+00 -9.990138e-01
      outer loop
         vertex 1.997971e+01 0.000000e+00 7.125007e+01
         vertex 1.997971e+01 8.000000e+00 7.125007e+01
         vertex 2.006453e+01 0.000000e+00 7.124630e+01
      endloop
   endfacet
   facet normal -4.440049e-02 0.000000e+00 -9.990138e-01
      outer loop
         vertex 2.006453e+01 0.000000e+00 7.124630e+01
         vertex 1.997971e+01 8.000000e+00 7.125007e+01
         vertex 2.006453e+01 8.000000e+00 7.124630e+01
      endloop
   endfacet
   facet normal -2.128313e-01 0.000000e+00 -9.770890e-01
      outer loop
         vertex 2.006453e+01 0.000000e+00 7.124630e+01
         vertex 2.006453e+01 8.000000e+00 7.124630e+01
         vertex 2.014750e+01 0.000000e+00 7.122823e+01
      endloop
   endfacet
   facet normal -2.128313e-01 0.000000e+00 -9.770890e-01
      outer loop
         vertex 2.014750e+01 0.000000e+00 7.122823e+01
         vertex 2.006453e+01 8.000000e+00 7.124630e+01
         vertex 2.014750e+01 8.000000e+00 7.122823e+01
      endloop
   endfacet
   facet normal -3.750386e-01 0.000000e+00 -9.270092e-01
      outer loop
         vertex 2.014750e+01 0.000000e+00 7.122823e+01
         vertex 2.014750e+01 8.000000e+00 7.122823e+01
         vertex 2.022621e+01 0.000000e+00 7.119639e+01
      endloop
   endfacet
   facet normal -3.750386e-01 0.000000e+00 -9.270092e-01
      outer loop
         vertex 2.022621e+01 0.000000e+00 7.119639e+01
         vertex 2.014750e+01 8.000000e+00 7.122823e+01
         vertex 2.022621e+01 8.000000e+00 7.119639e+01
      endloop
   endfacet
   facet normal -5.264931e-01 0.000000e+00 -8.501794e-01
      outer loop
         vertex 2.022621e+01 0.000000e+00 7.119639e+01
         vertex 2.022621e+01 8.000000e+00 7.119639e+01
         vertex 2.029840e+01 0.000000e+00 7.115168e+01
      endloop
   endfacet
   facet normal -5.264931e-01 0.000000e+00 -8.501794e-01
      outer loop
         vertex 2.029840e+01 0.000000e+00 7.115168e+01
         vertex 2.022621e+01 8.000000e+00 7.119639e+01
         vertex 2.029840e+01 8.000000e+00 7.115168e+01
      endloop
   endfacet
   facet normal -6.627870e-01 0.000000e+00 -7.488080e-01
      outer loop
         vertex 2.029840e+01 0.000000e+00 7.115168e+01
         vertex 2.029840e+01 8.000000e+00 7.115168e+01
         vertex 2.036198e+01 0.000000e+00 7.109541e+01
      endloop
   endfacet
   facet normal -6.627870e-01 0.000000e+00 -7.488080e-01
      outer loop
         vertex 2.036198e+01 0.000000e+00 7.109541e+01
         vertex 2.029840e+01 8.000000e+00 7.115168e+01
         vertex 2.036198e+01 8.000000e+00 7.109541e+01
      endloop
   endfacet
   facet normal -7.239541e-01 0.000000e+00 -6.898482e-01
      outer loop
         vertex 2.036198e+01 0.000000e+00 7.109541e+01
         vertex 2.036198e+01 8.000000e+00 7.109541e+01
         vertex 2.490109e+01 0.000000e+00 6.633188e+01
      endloop
   endfacet
   facet normal -7.239541e-01 0.000000e+00 -6.898482e-01
      outer loop
         vertex 2.490109e+01 0.000000e+00 6.633188e+01
         vertex 2.036198e+01 8.000000e+00 7.109541e+01
         vertex 2.490109e+01 8.000000e+00 6.633188e+01
      endloop
   endfacet
   facet normal -7.781527e-01 0.000000e+00 -6.280752e-01
      outer loop
         vertex 2.490109e+01 0.000000e+00 6.633188e+01
         vertex 2.490109e+01 8.000000e+00 6.633188e+01
         vertex 2.495267e+01 0.000000e+00 6.626798e+01
      endloop
   endfacet
   facet normal -7.781527e-01 0.000000e+00 -6.280752e-01
      outer loop
         vertex 2.495267e+01 0.000000e+00 6.626798e+01
         vertex 2.490109e+01 8.000000e+00 6.633188e+01
         vertex 2.495267e+01 8.000000e+00 6.626798e+01
      endloop
   endfacet
   facet normal -8.704623e-01 0.000000e+00 -4.922351e-01
      outer loop
         vertex 2.495267e+01 0.000000e+00 6.626798e+01
         vertex 2.495267e+01 8.000000e+00 6.626798e+01
         vertex 2.499309e+01 0.000000e+00 6.619650e+01
      endloop
   endfacet
   facet normal -8.704623e-01 0.000000e+00 -4.922351e-01
      outer loop
         vertex 2.499309e+01 0.000000e+00 6.619650e+01
         vertex 2.495267e+01 8.000000e+00 6.626798e+01
         vertex 2.499309e+01 8.000000e+00 6.619650e+01
      endloop
   endfacet
   facet normal -9.392876e-01 0.000000e+00 -3.431310e-01
      outer loop
         vertex 2.499309e+01 0.000000e+00 6.619650e+01
         vertex 2.499309e+01 8.000000e+00 6.619650e+01
         vertex 2.502126e+01 0.000000e+00 6.611937e+01
      endloop
   endfacet
   facet normal -9.392876e-01 0.000000e+00 -3.431310e-01
      outer loop
         vertex 2.502126e+01 0.000000e+00 6.611937e+01
         vertex 2.499309e+01 8.000000e+00 6.619650e+01
         vertex 2.502126e+01 8.000000e+00 6.611937e+01
      endloop
   endfacet
   facet normal -9.827806e-01 0.000000e+00 -1.847761e-01
      outer loop
         vertex 2.502126e+01 0.000000e+00 6.611937e+01
         vertex 2.502126e+01 8.000000e+00 6.611937e+01
         vertex 2.503643e+01 0.000000e+00 6.603868e+01
      endloop
   endfacet
   facet normal -9.827806e-01 0.000000e+00 -1.847761e-01
      outer loop
         vertex 2.503643e+01 0.000000e+00 6.603868e+01
         vertex 2.502126e+01 8.000000e+00 6.611937e+01
         vertex 2.503643e+01 8.000000e+00 6.603868e+01
      endloop
   endfacet
   facet normal -9.946348e-01 -0.000000e+00 -1.034483e-01
      outer loop
         vertex 2.525852e+01 8.000000e+00 6.390340e+01
         vertex 2.525852e+01 0.000000e+00 6.390340e+01
         vertex 2.503643e+01 8.000000e+00 6.603868e+01
      endloop
   endfacet
   facet normal -9.946348e-01 -0.000000e+00 -1.034483e-01
      outer loop
         vertex 2.503643e+01 8.000000e+00 6.603868e+01
         vertex 2.525852e+01 0.000000e+00 6.390340e+01
         vertex 2.503643e+01 0.000000e+00 6.603868e+01
      endloop
   endfacet
   facet normal -9.998500e-01 0.000000e+00 -1.731740e-02
      outer loop
         vertex 2.525852e+01 0.000000e+00 6.390340e+01
         vertex 2.525852e+01 8.000000e+00 6.390340e+01
         vertex 2.526001e+01 0.000000e+00 6.381720e+01
      endloop
   endfacet
   facet normal -9.998500e-01 0.000000e+00 -1.731740e-02
      outer loop
         vertex 2.526001e+01 0.000000e+00 6.381720e+01
         vertex 2.525852e+01 8.000000e+00 6.390340e+01
         vertex 2.526001e+01 8.000000e+00 6.381720e+01
      endloop
   endfacet
   facet normal -9.879630e-01 0.000000e+00 1.546906e-01
      outer loop
         vertex 2.526001e+01 0.000000e+00 6.381720e+01
         vertex 2.526001e+01 8.000000e+00 6.381720e+01
         vertex 2.524667e+01 0.000000e+00 6.373204e+01
      endloop
   endfacet
   facet normal -9.879630e-01 0.000000e+00 1.546906e-01
      outer loop
         vertex 2.524667e+01 0.000000e+00 6.373204e+01
         vertex 2.526001e+01 8.000000e+00 6.381720e+01
         vertex 2.524667e+01 8.000000e+00 6.373204e+01
      endloop
   endfacet
   facet normal -9.467098e-01 0.000000e+00 3.220879e-01
      outer loop
         vertex 2.524667e+01 0.000000e+00 6.373204e+01
         vertex 2.524667e+01 8.000000e+00 6.373204e+01
         vertex 2.521891e+01 0.000000e+00 6.365042e+01
      endloop
   endfacet
   facet normal -9.467098e-01 0.000000e+00 3.220879e-01
      outer loop
         vertex 2.521891e+01 0.000000e+00 6.365042e+01
         vertex 2.524667e+01 8.000000e+00 6.373204e+01
         vertex 2.521891e+01 8.000000e+00 6.365042e+01
      endloop
   endfacet
   facet normal -8.773126e-01 0.000000e+00 4.799194e-01
      outer loop
         vertex 2.521891e+01 0.000000e+00 6.365042e+01
         vertex 2.521891e+01 8.000000e+00 6.365042e+01
         vertex 2.517753e+01 0.000000e+00 6.357479e+01
      endloop
   endfacet
   facet normal -8.773126e-01 0.000000e+00 4.799194e-01
      outer loop
         vertex 2.517753e+01 0.000000e+00 6.357479e+01
         vertex 2.521891e+01 8.000000e+00 6.365042e+01
         vertex 2.517753e+01 8.000000e+00 6.357479e+01
      endloop
   endfacet
   facet normal -7.818407e-01 0.000000e+00 6.234783e-01
      outer loop
         vertex 2.517753e+01 0.000000e+00 6.357479e+01
         vertex 2.517753e+01 8.000000e+00 6.357479e+01
         vertex 2.512378e+01 0.000000e+00 6.350739e+01
      endloop
   endfacet
   facet normal -7.818407e-01 0.000000e+00 6.234783e-01
      outer loop
         vertex 2.512378e+01 0.000000e+00 6.350739e+01
         vertex 2.517753e+01 8.000000e+00 6.357479e+01
         vertex 2.512378e+01 8.000000e+00 6.350739e+01
      endloop
   endfacet
   facet normal -6.631103e-01 0.000000e+00 7.485217e-01
      outer loop
         vertex 2.512378e+01 0.000000e+00 6.350739e+01
         vertex 2.512378e+01 8.000000e+00 6.350739e+01
         vertex 2.505926e+01 0.000000e+00 6.345023e+01
      endloop
   endfacet
   facet normal -6.631103e-01 0.000000e+00 7.485217e-01
      outer loop
         vertex 2.505926e+01 0.000000e+00 6.345023e+01
         vertex 2.512378e+01 8.000000e+00 6.350739e+01
         vertex 2.505926e+01 8.000000e+00 6.345023e+01
      endloop
   endfacet
   facet normal -5.246615e-01 0.000000e+00 8.513109e-01
      outer loop
         vertex 2.505926e+01 0.000000e+00 6.345023e+01
         vertex 2.505926e+01 8.000000e+00 6.345023e+01
         vertex 2.498587e+01 0.000000e+00 6.340500e+01
      endloop
   endfacet
   facet normal -5.246615e-01 0.000000e+00 8.513109e-01
      outer loop
         vertex 2.498587e+01 0.000000e+00 6.340500e+01
         vertex 2.505926e+01 8.000000e+00 6.345023e+01
         vertex 2.498587e+01 8.000000e+00 6.340500e+01
      endloop
   endfacet
   facet normal -3.706790e-01 0.000000e+00 9.287610e-01
      outer loop
         vertex 2.498587e+01 0.000000e+00 6.340500e+01
         vertex 2.498587e+01 8.000000e+00 6.340500e+01
         vertex 2.490580e+01 0.000000e+00 6.337304e+01
      endloop
   endfacet
   facet normal -3.706790e-01 0.000000e+00 9.287610e-01
      outer loop
         vertex 2.490580e+01 0.000000e+00 6.337304e+01
         vertex 2.498587e+01 8.000000e+00 6.340500e+01
         vertex 2.490580e+01 8.000000e+00 6.337304e+01
      endloop
   endfacet
   facet normal -2.056086e-01 0.000000e+00 9.786343e-01
      outer loop
         vertex 2.490580e+01 0.000000e+00 6.337304e+01
         vertex 2.490580e+01 8.000000e+00 6.337304e+01
         vertex 2.482144e+01 0.000000e+00 6.335532e+01
      endloop
   endfacet
   facet normal -2.056086e-01 0.000000e+00 9.786343e-01
      outer loop
         vertex 2.482144e+01 0.000000e+00 6.335532e+01
         vertex 2.490580e+01 8.000000e+00 6.337304e+01
         vertex 2.482144e+01 8.000000e+00 6.335532e+01
      endloop
   endfacet
   facet normal -3.444088e-02 0.000000e+00 9.994067e-01
      outer loop
         vertex 2.482144e+01 0.000000e+00 6.335532e+01
         vertex 2.482144e+01 8.000000e+00 6.335532e+01
         vertex 2.473528e+01 0.000000e+00 6.335235e+01
      endloop
   endfacet
   facet normal -3.444088e-02 0.000000e+00 9.994067e-01
      outer loop
         vertex 2.473528e+01 0.000000e+00 6.335235e+01
         vertex 2.482144e+01 8.000000e+00 6.335532e+01
         vertex 2.473528e+01 8.000000e+00 6.335235e+01
      endloop
   endfacet
   facet normal 1.377209e-01 -0.000000e+00 9.904711e-01
      outer loop
         vertex 2.473528e+01 0.000000e+00 6.335235e+01
         vertex 2.473528e+01 8.000000e+00 6.335235e+01
         vertex 2.464990e+01 0.000000e+00 6.336422e+01
      endloop
   endfacet
   facet normal 1.377209e-01 -0.000000e+00 9.904711e-01
      outer loop
         vertex 2.464990e+01 0.000000e+00 6.336422e+01
         vertex 2.473528e+01 8.000000e+00 6.335235e+01
         vertex 2.464990e+01 8.000000e+00 6.336422e+01
      endloop
   endfacet
   facet normal 3.058198e-01 -0.000000e+00 9.520894e-01
      outer loop
         vertex 2.464990e+01 0.000000e+00 6.336422e+01
         vertex 2.464990e+01 8.000000e+00 6.336422e+01
         vertex 2.456782e+01 0.000000e+00 6.339058e+01
      endloop
   endfacet
   facet normal 3.058198e-01 -0.000000e+00 9.520894e-01
      outer loop
         vertex 2.456782e+01 0.000000e+00 6.339058e+01
         vertex 2.464990e+01 8.000000e+00 6.336422e+01
         vertex 2.456782e+01 8.000000e+00 6.339058e+01
      endloop
   endfacet
   facet normal 4.648388e-01 -0.000000e+00 8.853953e-01
      outer loop
         vertex 2.456782e+01 0.000000e+00 6.339058e+01
         vertex 2.456782e+01 8.000000e+00 6.339058e+01
         vertex 2.449149e+01 0.000000e+00 6.343066e+01
      endloop
   endfacet
   facet normal 4.648388e-01 -0.000000e+00 8.853953e-01
      outer loop
         vertex 2.449149e+01 0.000000e+00 6.343066e+01
         vertex 2.456782e+01 8.000000e+00 6.339058e+01
         vertex 2.449149e+01 8.000000e+00 6.343066e+01
      endloop
   endfacet
   facet normal 6.099989e-01 -0.000000e+00 7.924022e-01
      outer loop
         vertex 2.449149e+01 0.000000e+00 6.343066e+01
         vertex 2.449149e+01 8.000000e+00 6.343066e+01
         vertex 2.442318e+01 0.000000e+00 6.348324e+01
      endloop
   endfacet
   facet normal 6.099989e-01 -0.000000e+00 7.924022e-01
      outer loop
         vertex 2.442318e+01 0.000000e+00 6.348324e+01
         vertex 2.449149e+01 8.000000e+00 6.343066e+01
         vertex 2.442318e+01 8.000000e+00 6.348324e+01
      endloop
   endfacet
   facet normal 7.239541e-01 0.000000e+00 -6.898482e-01
      outer loop
         vertex 1.463802e+01 8.000000e+00 7.109541e+01
         vertex 1.463802e+01 0.000000e+00 7.109541e+01
         vertex 1.009891e+01 8.000000e+00 6.633188e+01
      endloop
   endfacet
   facet normal 7.239541e-01 0.000000e+00 -6.898482e-01
      outer loop
         vertex 1.009891e+01 8.000000e+00 6.633188e+01
         vertex 1.463802e+01 0.000000e+00 7.109541e+01
         vertex 1.009891e+01 0.000000e+00 6.633188e+01
      endloop
   endfacet
   facet normal 6.627870e-01 0.000000e+00 -7.488080e-01
      outer loop
         vertex 1.463802e+01 0.000000e+00 7.109541e+01
         vertex 1.463802e+01 8.000000e+00 7.109541e+01
         vertex 1.470161e+01 0.000000e+00 7.115168e+01
      endloop
   endfacet
   facet normal 6.627870e-01 0.000000e+00 -7.488080e-01
      outer loop
         vertex 1.470161e+01 0.000000e+00 7.115168e+01
         vertex 1.463802e+01 8.000000e+00 7.109541e+01
         vertex 1.470161e+01 8.000000e+00 7.115168e+01
      endloop
   endfacet
   facet normal 5.264931e-01 0.000000e+00 -8.501794e-01
      outer loop
         vertex 1.470161e+01 0.000000e+00 7.115168e+01
         vertex 1.470161e+01 8.000000e+00 7.115168e+01
         vertex 1.477379e+01 0.000000e+00 7.119639e+01
      endloop
   endfacet
   facet normal 5.264931e-01 0.000000e+00 -8.501794e-01
      outer loop
         vertex 1.477379e+01 0.000000e+00 7.119639e+01
         vertex 1.470161e+01 8.000000e+00 7.115168e+01
         vertex 1.477379e+01 8.000000e+00 7.119639e+01
      endloop
   endfacet
   facet normal 3.750386e-01 0.000000e+00 -9.270092e-01
      outer loop
         vertex 1.477379e+01 0.000000e+00 7.119639e+01
         vertex 1.477379e+01 8.000000e+00 7.119639e+01
         vertex 1.485250e+01 0.000000e+00 7.122823e+01
      endloop
   endfacet
   facet normal 3.750386e-01 0.000000e+00 -9.270092e-01
      outer loop
         vertex 1.485250e+01 0.000000e+00 7.122823e+01
         vertex 1.477379e+01 8.000000e+00 7.119639e+01
         vertex 1.485250e+01 8.000000e+00 7.122823e+01
      endloop
   endfacet
   facet normal 2.128313e-01 0.000000e+00 -9.770890e-01
      outer loop
         vertex 1.485250e+01 0.000000e+00 7.122823e+01
         vertex 1.485250e+01 8.000000e+00 7.122823e+01
         vertex 1.493547e+01 0.000000e+00 7.124630e+01
      endloop
   endfacet
   facet normal 2.128313e-01 0.000000e+00 -9.770890e-01
      outer loop
         vertex 1.493547e+01 0.000000e+00 7.124630e+01
         vertex 1.485250e+01 8.000000e+00 7.122823e+01
         vertex 1.493547e+01 8.000000e+00 7.124630e+01
      endloop
   endfacet
   facet normal 4.440049e-02 0.000000e+00 -9.990138e-01
      outer loop
         vertex 1.493547e+01 0.000000e+00 7.124630e+01
         vertex 1.493547e+01 8.000000e+00 7.124630e+01
         vertex 1.502029e+01 0.000000e+00 7.125007e+01
      endloop
   endfacet
   facet normal 4.440049e-02 0.000000e+00 -9.990138e-01
      outer loop
         vertex 1.502029e+01 0.000000e+00 7.125007e+01
         vertex 1.493547e+01 8.000000e+00 7.124630e+01
         vertex 1.502029e+01 8.000000e+00 7.125007e+01
      endloop
   endfacet
   facet normal -1.253036e-01 0.000000e+00 -9.921184e-01
      outer loop
         vertex 1.502029e+01 0.000000e+00 7.125007e+01
         vertex 1.502029e+01 8.000000e+00 7.125007e+01
         vertex 1.510453e+01 0.000000e+00 7.123943e+01
      endloop
   endfacet
   facet normal -1.253036e-01 0.000000e+00 -9.921184e-01
      outer loop
         vertex 1.510453e+01 0.000000e+00 7.123943e+01
         vertex 1.502029e+01 8.000000e+00 7.125007e+01
         vertex 1.510453e+01 8.000000e+00 7.123943e+01
      endloop
   endfacet
   facet normal -2.913245e-01 0.000000e+00 -9.566243e-01
      outer loop
         vertex 1.510453e+01 0.000000e+00 7.123943e+01
         vertex 1.510453e+01 8.000000e+00 7.123943e+01
         vertex 1.518576e+01 0.000000e+00 7.121470e+01
      endloop
   endfacet
   facet normal -2.913245e-01 0.000000e+00 -9.566243e-01
      outer loop
         vertex 1.518576e+01 0.000000e+00 7.121470e+01
         vertex 1.510453e+01 8.000000e+00 7.123943e+01
         vertex 1.518576e+01 8.000000e+00 7.121470e+01
      endloop
   endfacet
   facet normal -4.490060e-01 0.000000e+00 -8.935287e-01
      outer loop
         vertex 1.518576e+01 0.000000e+00 7.121470e+01
         vertex 1.518576e+01 8.000000e+00 7.121470e+01
         vertex 1.526163e+01 0.000000e+00 7.117657e+01
      endloop
   endfacet
   facet normal -4.490060e-01 0.000000e+00 -8.935287e-01
      outer loop
         vertex 1.526163e+01 0.000000e+00 7.117657e+01
         vertex 1.518576e+01 8.000000e+00 7.121470e+01
         vertex 1.526163e+01 8.000000e+00 7.117657e+01
      endloop
   endfacet
   facet normal -5.937093e-01 0.000000e+00 -8.046796e-01
      outer loop
         vertex 1.526163e+01 0.000000e+00 7.117657e+01
         vertex 1.526163e+01 8.000000e+00 7.117657e+01
         vertex 1.532995e+01 0.000000e+00 7.112616e+01
      endloop
   endfacet
   facet normal -5.937093e-01 0.000000e+00 -8.046796e-01
      outer loop
         vertex 1.532995e+01 0.000000e+00 7.112616e+01
         vertex 1.526163e+01 8.000000e+00 7.117657e+01
         vertex 1.532995e+01 8.000000e+00 7.112616e+01
      endloop
   endfacet
   facet normal -7.213226e-01 0.000000e+00 -6.925992e-01
      outer loop
         vertex 1.532995e+01 0.000000e+00 7.112616e+01
         vertex 1.532995e+01 8.000000e+00 7.112616e+01
         vertex 1.538876e+01 0.000000e+00 7.106491e+01
      endloop
   endfacet
   facet normal -7.213226e-01 0.000000e+00 -6.925992e-01
      outer loop
         vertex 1.538876e+01 0.000000e+00 7.106491e+01
         vertex 1.532995e+01 8.000000e+00 7.112616e+01
         vertex 1.538876e+01 8.000000e+00 7.106491e+01
      endloop
   endfacet
   facet normal -8.280954e-01 0.000000e+00 -5.605872e-01
      outer loop
         vertex 1.538876e+01 0.000000e+00 7.106491e+01
         vertex 1.538876e+01 8.000000e+00 7.106491e+01
         vertex 1.543636e+01 0.000000e+00 7.099460e+01
      endloop
   endfacet
   facet normal -8.280954e-01 0.000000e+00 -5.605872e-01
      outer loop
         vertex 1.543636e+01 0.000000e+00 7.099460e+01
         vertex 1.538876e+01 8.000000e+00 7.106491e+01
         vertex 1.543636e+01 8.000000e+00 7.099460e+01
      endloop
   endfacet
   facet normal -9.110204e-01 0.000000e+00 -4.123612e-01
      outer loop
         vertex 1.543636e+01 0.000000e+00 7.099460e+01
         vertex 1.543636e+01 8.000000e+00 7.099460e+01
         vertex 1.547137e+01 0.000000e+00 7.091725e+01
      endloop
   endfacet
   facet normal -9.110204e-01 0.000000e+00 -4.123612e-01
      outer loop
         vertex 1.547137e+01 0.000000e+00 7.091725e+01
         vertex 1.543636e+01 8.000000e+00 7.099460e+01
         vertex 1.547137e+01 8.000000e+00 7.091725e+01
      endloop
   endfacet
   facet normal -9.676539e-01 0.000000e+00 -2.522816e-01
      outer loop
         vertex 1.547137e+01 0.000000e+00 7.091725e+01
         vertex 1.547137e+01 8.000000e+00 7.091725e+01
         vertex 1.549279e+01 0.000000e+00 7.083509e+01
      endloop
   endfacet
   facet normal -9.676539e-01 0.000000e+00 -2.522816e-01
      outer loop
         vertex 1.549279e+01 0.000000e+00 7.083509e+01
         vertex 1.547137e+01 8.000000e+00 7.091725e+01
         vertex 1.549279e+01 8.000000e+00 7.083509e+01
      endloop
   endfacet
   facet normal -9.963888e-01 0.000000e+00 -8.490803e-02
      outer loop
         vertex 1.549279e+01 0.000000e+00 7.083509e+01
         vertex 1.549279e+01 8.000000e+00 7.083509e+01
         vertex 1.550000e+01 0.000000e+00 7.075048e+01
      endloop
   endfacet
   facet normal -9.963888e-01 0.000000e+00 -8.490803e-02
      outer loop
         vertex 1.550000e+01 0.000000e+00 7.075048e+01
         vertex 1.549279e+01 8.000000e+00 7.083509e+01
         vertex 1.550000e+01 8.000000e+00 7.075048e+01
      endloop
   endfacet
   facet normal -1.000000e+00 0.000000e+00 0.000000e+00
      outer loop
         vertex 1.550000e+01 0.000000e+00 7.075048e+01
         vertex 1.550000e+01 8.000000e+00 7.075048e+01
         vertex 1.550000e+01 0.000000e+00 6.821982e+01
      endloop
   endfacet
   facet normal -1.000000e+00 0.000000e+00 0.000000e+00
      outer loop
         vertex 1.550000e+01 0.000000e+00 6.821982e+01
         vertex 1.550000e+01 8.000000e+00 7.075048e+01
         vertex 1.550000e+01 8.000000e+00 6.821982e+01
      endloop
   endfacet
   facet normal -9.965706e-01 0.000000e+00 8.274741e-02
      outer loop
         vertex 1.550000e+01 0.000000e+00 6.821982e+01
         vertex 1.550000e+01 8.000000e+00 6.821982e+01
         vertex 1.549315e+01 0.000000e+00 6.813736e+01
      endloop
   endfacet
   facet normal -9.965706e-01 0.000000e+00 8.274741e-02
      outer loop
         vertex 1.549315e+01 0.000000e+00 6.813736e+01
         vertex 1.550000e+01 8.000000e+00 6.821982e+01
         vertex 1.549315e+01 8.000000e+00 6.813736e+01
      endloop
   endfacet
   facet normal -9.692757e-01 0.000000e+00 2.459768e-01
      outer loop
         vertex 1.549315e+01 0.000000e+00 6.813736e+01
         vertex 1.549315e+01 8.000000e+00 6.813736e+01
         vertex 1.547280e+01 0.000000e+00 6.805716e+01
      endloop
   endfacet
   facet normal -9.692757e-01 0.000000e+00 2.459768e-01
      outer loop
         vertex 1.547280e+01 0.000000e+00 6.805716e+01
         vertex 1.549315e+01 8.000000e+00 6.813736e+01
         vertex 1.547280e+01 8.000000e+00 6.805716e+01
      endloop
   endfacet
   facet normal -9.154336e-01 0.000000e+00 4.024690e-01
      outer loop
         vertex 1.547280e+01 0.000000e+00 6.805716e+01
         vertex 1.547280e+01 8.000000e+00 6.805716e+01
         vertex 1.543950e+01 0.000000e+00 6.798141e+01
      endloop
   endfacet
   facet normal -9.154336e-01 0.000000e+00 4.024690e-01
      outer loop
         vertex 1.543950e+01 0.000000e+00 6.798141e+01
         vertex 1.547280e+01 8.000000e+00 6.805716e+01
         vertex 1.543950e+01 8.000000e+00 6.798141e+01
      endloop
   endfacet
   facet normal -8.365168e-01 0.000000e+00 5.479413e-01
      outer loop
         vertex 1.543950e+01 0.000000e+00 6.798141e+01
         vertex 1.543950e+01 8.000000e+00 6.798141e+01
         vertex 1.539415e+01 0.000000e+00 6.791219e+01
      endloop
   endfacet
   facet normal -8.365168e-01 0.000000e+00 5.479413e-01
      outer loop
         vertex 1.539415e+01 0.000000e+00 6.791219e+01
         vertex 1.543950e+01 8.000000e+00 6.798141e+01
         vertex 1.539415e+01 8.000000e+00 6.791219e+01
      endloop
   endfacet
   facet normal -7.347079e-01 0.000000e+00 6.783836e-01
      outer loop
         vertex 1.539415e+01 0.000000e+00 6.791219e+01
         vertex 1.539415e+01 8.000000e+00 6.791219e+01
         vertex 1.533802e+01 0.000000e+00 6.785139e+01
      endloop
   endfacet
   facet normal -7.347079e-01 0.000000e+00 6.783836e-01
      outer loop
         vertex 1.533802e+01 0.000000e+00 6.785139e+01
         vertex 1.539415e+01 8.000000e+00 6.791219e+01
         vertex 1.533802e+01 8.000000e+00 6.785139e+01
      endloop
   endfacet
   facet normal -6.760368e-01 0.000000e+00 7.368678e-01
      outer loop
         vertex 1.057682e+01 8.000000e+00 6.348324e+01
         vertex 1.057682e+01 0.000000e+00 6.348324e+01
         vertex 1.533802e+01 8.000000e+00 6.785139e+01
      endloop
   endfacet
   facet normal -6.760368e-01 0.000000e+00 7.368678e-01
      outer loop
         vertex 1.533802e+01 8.000000e+00 6.785139e+01
         vertex 1.057682e+01 0.000000e+00 6.348324e+01
         vertex 1.533802e+01 0.000000e+00 6.785139e+01
      endloop
   endfacet
   facet normal -6.099989e-01 0.000000e+00 7.924022e-01
      outer loop
         vertex 1.057682e+01 0.000000e+00 6.348324e+01
         vertex 1.057682e+01 8.000000e+00 6.348324e+01
         vertex 1.050851e+01 0.000000e+00 6.343066e+01
      endloop
   endfacet
   facet normal -6.099989e-01 0.000000e+00 7.924022e-01
      outer loop
         vertex 1.050851e+01 0.000000e+00 6.343066e+01
         vertex 1.057682e+01 8.000000e+00 6.348324e+01
         vertex 1.050851e+01 8.000000e+00 6.343066e+01
      endloop
   endfacet
   facet normal -4.648388e-01 0.000000e+00 8.853953e-01
      outer loop
         vertex 1.050851e+01 0.000000e+00 6.343066e+01
         vertex 1.050851e+01 8.000000e+00 6.343066e+01
         vertex 1.043218e+01 0.000000e+00 6.339058e+01
      endloop
   endfacet
   facet normal -4.648388e-01 0.000000e+00 8.853953e-01
      outer loop
         vertex 1.043218e+01 0.000000e+00 6.339058e+01
         vertex 1.050851e+01 8.000000e+00 6.343066e+01
         vertex 1.043218e+01 8.000000e+00 6.339058e+01
      endloop
   endfacet
   facet normal -3.058198e-01 0.000000e+00 9.520894e-01
      outer loop
         vertex 1.043218e+01 0.000000e+00 6.339058e+01
         vertex 1.043218e+01 8.000000e+00 6.339058e+01
         vertex 1.035010e+01 0.000000e+00 6.336422e+01
      endloop
   endfacet
   facet normal -3.058198e-01 0.000000e+00 9.520894e-01
      outer loop
         vertex 1.035010e+01 0.000000e+00 6.336422e+01
         vertex 1.043218e+01 8.000000e+00 6.339058e+01
         vertex 1.035010e+01 8.000000e+00 6.336422e+01
      endloop
   endfacet
   facet normal -1.377209e-01 0.000000e+00 9.904711e-01
      outer loop
         vertex 1.035010e+01 0.000000e+00 6.336422e+01
         vertex 1.035010e+01 8.000000e+00 6.336422e+01
         vertex 1.026472e+01 0.000000e+00 6.335235e+01
      endloop
   endfacet
   facet normal -1.377209e-01 0.000000e+00 9.904711e-01
      outer loop
         vertex 1.026472e+01 0.000000e+00 6.335235e+01
         vertex 1.035010e+01 8.000000e+00 6.336422e+01
         vertex 1.026472e+01 8.000000e+00 6.335235e+01
      endloop
   endfacet
   facet normal 3.444088e-02 -0.000000e+00 9.994067e-01
      outer loop
         vertex 1.026472e+01 0.000000e+00 6.335235e+01
         vertex 1.026472e+01 8.000000e+00 6.335235e+01
         vertex 1.017856e+01 0.000000e+00 6.335532e+01
      endloop
   endfacet
   facet normal 3.444088e-02 -0.000000e+00 9.994067e-01
      outer loop
         vertex 1.017856e+01 0.000000e+00 6.335532e+01
         vertex 1.026472e+01 8.000000e+00 6.335235e+01
         vertex 1.017856e+01 8.000000e+00 6.335532e+01
      endloop
   endfacet
   facet normal 2.056086e-01 -0.000000e+00 9.786343e-01
      outer loop
         vertex 1.017856e+01 0.000000e+00 6.335532e+01
         vertex 1.017856e+01 8.000000e+00 6.335532e+01
         vertex 1.009420e+01 0.000000e+00 6.337304e+01
      endloop
   endfacet
   facet normal 2.056086e-01 -0.000000e+00 9.786343e-01
      outer loop
         vertex 1.009420e+01 0.000000e+00 6.337304e+01
         vertex 1.017856e+01 8.000000e+00 6.335532e+01
         vertex 1.009420e+01 8.000000e+00 6.337304e+01
      endloop
   endfacet
   facet normal 3.706790e-01 -0.000000e+00 9.287610e-01
      outer loop
         vertex 1.009420e+01 0.000000e+00 6.337304e+01
         vertex 1.009420e+01 8.000000e+00 6.337304e+01
         vertex 1.001413e+01 0.000000e+00 6.340500e+01
      endloop
   endfacet
   facet normal 3.706790e-01 -0.000000e+00 9.287610e-01
      outer loop
         vertex 1.001413e+01 0.000000e+00 6.340500e+01
         vertex 1.009420e+01 8.000000e+00 6.337304e+01
         vertex 1.001413e+01 8.000000e+00 6.340500e+01
      endloop
   endfacet
   facet normal 5.246615e-01 -0.000000e+00 8.513109e-01
      outer loop
         vertex 1.001413e+01 0.000000e+00 6.340500e+01
         vertex 1.001413e+01 8.000000e+00 6.340500e+01
         vertex 9.940743e+00 0.000000e+00 6.345023e+01
      endloop
   endfacet
   facet normal 5.246615e-01 -0.000000e+00 8.513109e-01
      outer loop
         vertex 9.940743e+00 0.000000e+00 6.345023e+01
         vertex 1.001413e+01 8.000000e+00 6.340500e+01
         vertex 9.940743e+00 8.000000e+00 6.345023e+01
      endloop
   endfacet
   facet normal 6.631103e-01 -0.000000e+00 7.485217e-01
      outer loop
         vertex 9.940743e+00 0.000000e+00 6.345023e+01
         vertex 9.940743e+00 8.000000e+00 6.345023e+01
         vertex 9.876215e+00 0.000000e+00 6.350739e+01
      endloop
   endfacet
   facet normal 6.631103e-01 -0.000000e+00 7.485217e-01
      outer loop
         vertex 9.876215e+00 0.000000e+00 6.350739e+01
         vertex 9.940743e+00 8.000000e+00 6.345023e+01
         vertex 9.876215e+00 8.000000e+00 6.350739e+01
      endloop
   endfacet
   facet normal 7.818407e-01 -0.000000e+00 6.234783e-01
      outer loop
         vertex 9.876215e+00 0.000000e+00 6.350739e+01
         vertex 9.876215e+00 8.000000e+00 6.350739e+01
         vertex 9.822466e+00 0.000000e+00 6.357479e+01
      endloop
   endfacet
   facet normal 7.818407e-01 -0.000000e+00 6.234783e-01
      outer loop
         vertex 9.822466e+00 0.000000e+00 6.357479e+01
         vertex 9.876215e+00 8.000000e+00 6.350739e+01
         vertex 9.822466e+00 8.000000e+00 6.357479e+01
      endloop
   endfacet
   facet normal 8.773126e-01 -0.000000e+00 4.799194e-01
      outer loop
         vertex 9.822466e+00 0.000000e+00 6.357479e+01
         vertex 9.822466e+00 8.000000e+00 6.357479e+01
         vertex 9.781093e+00 0.000000e+00 6.365042e+01
      endloop
   endfacet
   facet normal 8.773126e-01 -0.000000e+00 4.799194e-01
      outer loop
         vertex 9.781093e+00 0.000000e+00 6.365042e+01
         vertex 9.822466e+00 8.000000e+00 6.357479e+01
         vertex 9.781093e+00 8.000000e+00 6.365042e+01
      endloop
   endfacet
   facet normal 9.467098e-01 -0.000000e+00 3.220879e-01
      outer loop
         vertex 9.781093e+00 0.000000e+00 6.365042e+01
         vertex 9.781093e+00 8.000000e+00 6.365042e+01
         vertex 9.753327e+00 0.000000e+00 6.373204e+01
      endloop
   endfacet
   facet normal 9.467098e-01 -0.000000e+00 3.220879e-01
      outer loop
         vertex 9.753327e+00 0.000000e+00 6.373204e+01
         vertex 9.781093e+00 8.000000e+00 6.365042e+01
         vertex 9.753327e+00 8.000000e+00 6.373204e+01
      endloop
   endfacet
   facet normal 9.879630e-01 -0.000000e+00 1.546906e-01
      outer loop
         vertex 9.753327e+00 0.000000e+00 6.373204e+01
         vertex 9.753327e+00 8.000000e+00 6.373204e+01
         vertex 9.739992e+00 0.000000e+00 6.381720e+01
      endloop
   endfacet
   facet normal 9.879630e-01 -0.000000e+00 1.546906e-01
      outer loop
         vertex 9.739992e+00 0.000000e+00 6.381720e+01
         vertex 9.753327e+00 8.000000e+00 6.373204e+01
         vertex 9.739992e+00 8.000000e+00 6.381720e+01
      endloop
   endfacet
   facet normal 9.998500e-01 0.000000e+00 -1.731740e-02
      outer loop
         vertex 9.739992e+00 0.000000e+00 6.381720e+01
         vertex 9.739992e+00 8.000000e+00 6.381720e+01
         vertex 9.741485e+00 0.000000e+00 6.390340e+01
      endloop
   endfacet
   facet normal 9.998500e-01 0.000000e+00 -1.731740e-02
      outer loop
         vertex 9.741485e+00 0.000000e+00 6.390340e+01
         vertex 9.739992e+00 8.000000e+00 6.381720e+01
         vertex 9.741485e+00 8.000000e+00 6.390340e+01
      endloop
   endfacet
   facet normal 9.946348e-01 0.000000e+00 -1.034483e-01
      outer loop
         vertex 9.963567e+00 8.000000e+00 6.603868e+01
         vertex 9.963567e+00 0.000000e+00 6.603868e+01
         vertex 9.741485e+00 8.000000e+00 6.390340e+01
      endloop
   endfacet
   facet normal 9.946348e-01 0.000000e+00 -1.034483e-01
      outer loop
         vertex 9.741485e+00 8.000000e+00 6.390340e+01
         vertex 9.963567e+00 0.000000e+00 6.603868e+01
         vertex 9.741485e+00 0.000000e+00 6.390340e+01
      endloop
   endfacet
   facet normal 9.827806e-01 0.000000e+00 -1.847761e-01
      outer loop
         vertex 9.963567e+00 0.000000e+00 6.603868e+01
         vertex 9.963567e+00 8.000000e+00 6.603868e+01
         vertex 9.978739e+00 0.000000e+00 6.611937e+01
      endloop
   endfacet
   facet normal 9.827806e-01 0.000000e+00 -1.847761e-01
      outer loop
         vertex 9.978739e+00 0.000000e+00 6.611937e+01
         vertex 9.963567e+00 8.000000e+00 6.603868e+01
         vertex 9.978739e+00 8.000000e+00 6.611937e+01
      endloop
   endfacet
   facet normal 9.392876e-01 0.000000e+00 -3.431310e-01
      outer loop
         vertex 9.978739e+00 0.000000e+00 6.611937e+01
         vertex 9.978739e+00 8.000000e+00 6.611937e+01
         vertex 1.000691e+01 0.000000e+00 6.619650e+01
      endloop
   endfacet
   facet normal 9.392876e-01 0.000000e+00 -3.431310e-01
      outer loop
         vertex 1.000691e+01 0.000000e+00 6.619650e+01
         vertex 9.978739e+00 8.000000e+00 6.611937e+01
         vertex 1.000691e+01 8.000000e+00 6.619650e+01
      endloop
   endfacet
   facet normal 8.704623e-01 0.000000e+00 -4.922351e-01
      outer loop
         vertex 1.000691e+01 0.000000e+00 6.619650e+01
         vertex 1.000691e+01 8.000000e+00 6.619650e+01
         vertex 1.004733e+01 0.000000e+00 6.626798e+01
      endloop
   endfacet
   facet normal 8.704623e-01 0.000000e+00 -4.922351e-01
      outer loop
         vertex 1.004733e+01 0.000000e+00 6.626798e+01
         vertex 1.000691e+01 8.000000e+00 6.619650e+01
         vertex 1.004733e+01 8.000000e+00 6.626798e+01
      endloop
   endfacet
   facet normal 7.781527e-01 0.000000e+00 -6.280752e-01
      outer loop
         vertex 1.004733e+01 0.000000e+00 6.626798e+01
         vertex 1.004733e+01 8.000000e+00 6.626798e+01
         vertex 1.009891e+01 0.000000e+00 6.633188e+01
      endloop
   endfacet
   facet normal 7.781527e-01 0.000000e+00 -6.280752e-01
      outer loop
         vertex 1.009891e+01 0.000000e+00 6.633188e+01
         vertex 1.004733e+01 8.000000e+00 6.626798e+01
         vertex 1.009891e+01 8.000000e+00 6.633188e+01
      endloop
   endfacet
   facet normal 6.760372e-01 0.000000e+00 7.368675e-01
      outer loop
         vertex 1.966198e+01 8.000000e+00 5.835139e+01
         vertex 1.966198e+01 0.000000e+00 5.835139e+01
         vertex 2.442318e+01 8.000000e+00 5.398324e+01
      endloop
   endfacet
   facet normal 6.760372e-01 0.000000e+00 7.368675e-01
      outer loop
         vertex 2.442318e+01 8.000000e+00 5.398324e+01
         vertex 1.966198e+01 0.000000e+00 5.835139e+01
         vertex 2.442318e+01 0.000000e+00 5.398324e+01
      endloop
   endfacet
   facet normal 7.346871e-01 -0.000000e+00 6.784061e-01
      outer loop
         vertex 1.966198e+01 0.000000e+00 5.835139e+01
         vertex 1.966198e+01 8.000000e+00 5.835139e+01
         vertex 1.960585e+01 0.000000e+00 5.841218e+01
      endloop
   endfacet
   facet normal 7.346871e-01 -0.000000e+00 6.784061e-01
      outer loop
         vertex 1.960585e+01 0.000000e+00 5.841218e+01
         vertex 1.966198e+01 8.000000e+00 5.835139e+01
         vertex 1.960585e+01 8.000000e+00 5.841218e+01
      endloop
   endfacet
   facet normal 8.365168e-01 -0.000000e+00 5.479413e-01
      outer loop
         vertex 1.960585e+01 0.000000e+00 5.841218e+01
         vertex 1.960585e+01 8.000000e+00 5.841218e+01
         vertex 1.956050e+01 0.000000e+00 5.848140e+01
      endloop
   endfacet
   facet normal 8.365168e-01 -0.000000e+00 5.479413e-01
      outer loop
         vertex 1.956050e+01 0.000000e+00 5.848140e+01
         vertex 1.960585e+01 8.000000e+00 5.841218e+01
         vertex 1.956050e+01 8.000000e+00 5.848140e+01
      endloop
   endfacet
   facet normal 9.154336e-01 -0.000000e+00 4.024690e-01
      outer loop
         vertex 1.956050e+01 0.000000e+00 5.848140e+01
         vertex 1.956050e+01 8.000000e+00 5.848140e+01
         vertex 1.952720e+01 0.000000e+00 5.855715e+01
      endloop
   endfacet
   facet normal 9.154336e-01 -0.000000e+00 4.024690e-01
      outer loop
         vertex 1.952720e+01 0.000000e+00 5.855715e+01
         vertex 1.956050e+01 8.000000e+00 5.848140e+01
         vertex 1.952720e+01 8.000000e+00 5.855715e+01
      endloop
   endfacet
   facet normal 9.692757e-01 -0.000000e+00 2.459768e-01
      outer loop
         vertex 1.952720e+01 0.000000e+00 5.855715e+01
         vertex 1.952720e+01 8.000000e+00 5.855715e+01
         vertex 1.950685e+01 0.000000e+00 5.863736e+01
      endloop
   endfacet
   facet normal 9.692757e-01 -0.000000e+00 2.459768e-01
      outer loop
         vertex 1.950685e+01 0.000000e+00 5.863736e+01
         vertex 1.952720e+01 8.000000e+00 5.855715e+01
         vertex 1.950685e+01 8.000000e+00 5.863736e+01
      endloop
   endfacet
   facet normal 9.965706e-01 -0.000000e+00 8.274741e-02
      outer loop
         vertex 1.950685e+01 0.000000e+00 5.863736e+01
         vertex 1.950685e+01 8.000000e+00 5.863736e+01
         vertex 1.950000e+01 0.000000e+00 5.871982e+01
      endloop
   endfacet
   facet normal 9.965706e-01 -0.000000e+00 8.274741e-02
      outer loop
         vertex 1.950000e+01 0.000000e+00 5.871982e+01
         vertex 1.950685e+01 8.000000e+00 5.863736e+01
         vertex 1.950000e+01 8.000000e+00 5.871982e+01
      endloop
   endfacet
   facet normal 1.000000e+00 0.000000e+00 0.000000e+00
      outer loop
         vertex 1.950000e+01 8.000000e+00 6.125048e+01
         vertex 1.950000e+01 0.000000e+00 6.125048e+01
         vertex 1.950000e+01 8.000000e+00 5.871982e+01
      endloop
   endfacet
   facet normal 1.000000e+00 0.000000e+00 0.000000e+00
      outer loop
         vertex 1.950000e+01 8.000000e+00 5.871982e+01
         vertex 1.950000e+01 0.000000e+00 6.125048e+01
         vertex 1.950000e+01 0.000000e+00 5.871982e+01
      endloop
   endfacet
   facet normal 9.963888e-01 0.000000e+00 -8.490803e-02
      outer loop
         vertex 1.950000e+01 0.000000e+00 6.125048e+01
         vertex 1.950000e+01 8.000000e+00 6.125048e+01
         vertex 1.950721e+01 0.000000e+00 6.133508e+01
      endloop
   endfacet
   facet normal 9.963888e-01 0.000000e+00 -8.490803e-02
      outer loop
         vertex 1.950721e+01 0.000000e+00 6.133508e+01
         vertex 1.950000e+01 8.000000e+00 6.125048e+01
         vertex 1.950721e+01 8.000000e+00 6.133508e+01
      endloop
   endfacet
   facet normal 9.676539e-01 0.000000e+00 -2.522816e-01
      outer loop
         vertex 1.950721e+01 0.000000e+00 6.133508e+01
         vertex 1.950721e+01 8.000000e+00 6.133508e+01
         vertex 1.952863e+01 0.000000e+00 6.141725e+01
      endloop
   endfacet
   facet normal 9.676539e-01 0.000000e+00 -2.522816e-01
      outer loop
         vertex 1.952863e+01 0.000000e+00 6.141725e+01
         vertex 1.950721e+01 8.000000e+00 6.133508e+01
         vertex 1.952863e+01 8.000000e+00 6.141725e+01
      endloop
   endfacet
   facet normal 9.110204e-01 0.000000e+00 -4.123612e-01
      outer loop
         vertex 1.952863e+01 0.000000e+00 6.141725e+01
         vertex 1.952863e+01 8.000000e+00 6.141725e+01
         vertex 1.956364e+01 0.000000e+00 6.149460e+01
      endloop
   endfacet
   facet normal 9.110204e-01 0.000000e+00 -4.123612e-01
      outer loop
         vertex 1.956364e+01 0.000000e+00 6.149460e+01
         vertex 1.952863e+01 8.000000e+00 6.141725e+01
         vertex 1.956364e+01 8.000000e+00 6.149460e+01
      endloop
   endfacet
   facet normal 8.280954e-01 0.000000e+00 -5.605872e-01
      outer loop
         vertex 1.956364e+01 0.000000e+00 6.149460e+01
         vertex 1.956364e+01 8.000000e+00 6.149460e+01
         vertex 1.961124e+01 0.000000e+00 6.156491e+01
      endloop
   endfacet
   facet normal 8.280954e-01 0.000000e+00 -5.605872e-01
      outer loop
         vertex 1.961124e+01 0.000000e+00 6.156491e+01
         vertex 1.956364e+01 8.000000e+00 6.149460e+01
         vertex 1.961124e+01 8.000000e+00 6.156491e+01
      endloop
   endfacet
   facet normal 7.213226e-01 0.000000e+00 -6.925992e-01
      outer loop
         vertex 1.961124e+01 0.000000e+00 6.156491e+01
         vertex 1.961124e+01 8.000000e+00 6.156491e+01
         vertex 1.967005e+01 0.000000e+00 6.162616e+01
      endloop
   endfacet
   facet normal 7.213226e-01 0.000000e+00 -6.925992e-01
      outer loop
         vertex 1.967005e+01 0.000000e+00 6.162616e+01
         vertex 1.961124e+01 8.000000e+00 6.156491e+01
         vertex 1.967005e+01 8.000000e+00 6.162616e+01
      endloop
   endfacet
   facet normal 5.937093e-01 0.000000e+00 -8.046796e-01
      outer loop
         vertex 1.967005e+01 0.000000e+00 6.162616e+01
         vertex 1.967005e+01 8.000000e+00 6.162616e+01
         vertex 1.973837e+01 0.000000e+00 6.167657e+01
      endloop
   endfacet
   facet normal 5.937093e-01 0.000000e+00 -8.046796e-01
      outer loop
         vertex 1.973837e+01 0.000000e+00 6.167657e+01
         vertex 1.967005e+01 8.000000e+00 6.162616e+01
         vertex 1.973837e+01 8.000000e+00 6.167657e+01
      endloop
   endfacet
   facet normal 4.490060e-01 0.000000e+00 -8.935287e-01
      outer loop
         vertex 1.973837e+01 0.000000e+00 6.167657e+01
         vertex 1.973837e+01 8.000000e+00 6.167657e+01
         vertex 1.981424e+01 0.000000e+00 6.171470e+01
      endloop
   endfacet
   facet normal 4.490060e-01 0.000000e+00 -8.935287e-01
      outer loop
         vertex 1.981424e+01 0.000000e+00 6.171470e+01
         vertex 1.973837e+01 8.000000e+00 6.167657e+01
         vertex 1.981424e+01 8.000000e+00 6.171470e+01
      endloop
   endfacet
   facet normal 2.913647e-01 0.000000e+00 -9.566121e-01
      outer loop
         vertex 1.981424e+01 0.000000e+00 6.171470e+01
         vertex 1.981424e+01 8.000000e+00 6.171470e+01
         vertex 1.989547e+01 0.000000e+00 6.173944e+01
      endloop
   endfacet
   facet normal 2.913647e-01 0.000000e+00 -9.566121e-01
      outer loop
         vertex 1.989547e+01 0.000000e+00 6.173944e+01
         vertex 1.981424e+01 8.000000e+00 6.171470e+01
         vertex 1.989547e+01 8.000000e+00 6.173944e+01
      endloop
   endfacet
   facet normal 1.252604e-01 0.000000e+00 -9.921239e-01
      outer loop
         vertex 1.989547e+01 0.000000e+00 6.173944e+01
         vertex 1.989547e+01 8.000000e+00 6.173944e+01
         vertex 1.997971e+01 0.000000e+00 6.175007e+01
      endloop
   endfacet
   facet normal 1.252604e-01 0.000000e+00 -9.921239e-01
      outer loop
         vertex 1.997971e+01 0.000000e+00 6.175007e+01
         vertex 1.989547e+01 8.000000e+00 6.173944e+01
         vertex 1.997971e+01 8.000000e+00 6.175007e+01
      endloop
   endfacet
   facet normal -4.440049e-02 0.000000e+00 -9.990138e-01
      outer loop
         vertex 1.997971e+01 0.000000e+00 6.175007e+01
         vertex 1.997971e+01 8.000000e+00 6.175007e+01
         vertex 2.006453e+01 0.000000e+00 6.174630e+01
      endloop
   endfacet
   facet normal -4.440049e-02 0.000000e+00 -9.990138e-01
      outer loop
         vertex 2.006453e+01 0.000000e+00 6.174630e+01
         vertex 1.997971e+01 8.000000e+00 6.175007e+01
         vertex 2.006453e+01 8.000000e+00 6.174630e+01
      endloop
   endfacet
   facet normal -2.127894e-01 0.000000e+00 -9.770981e-01
      outer loop
         vertex 2.006453e+01 0.000000e+00 6.174630e+01
         vertex 2.006453e+01 8.000000e+00 6.174630e+01
         vertex 2.014750e+01 0.000000e+00 6.172823e+01
      endloop
   endfacet
   facet normal -2.127894e-01 0.000000e+00 -9.770981e-01
      outer loop
         vertex 2.014750e+01 0.000000e+00 6.172823e+01
         vertex 2.006453e+01 8.000000e+00 6.174630e+01
         vertex 2.014750e+01 8.000000e+00 6.172823e+01
      endloop
   endfacet
   facet normal -3.750764e-01 0.000000e+00 -9.269939e-01
      outer loop
         vertex 2.014750e+01 0.000000e+00 6.172823e+01
         vertex 2.014750e+01 8.000000e+00 6.172823e+01
         vertex 2.022621e+01 0.000000e+00 6.169639e+01
      endloop
   endfacet
   facet normal -3.750764e-01 0.000000e+00 -9.269939e-01
      outer loop
         vertex 2.022621e+01 0.000000e+00 6.169639e+01
         vertex 2.014750e+01 8.000000e+00 6.172823e+01
         vertex 2.022621e+01 8.000000e+00 6.169639e+01
      endloop
   endfacet
   facet normal -5.264931e-01 0.000000e+00 -8.501794e-01
      outer loop
         vertex 2.022621e+01 0.000000e+00 6.169639e+01
         vertex 2.022621e+01 8.000000e+00 6.169639e+01
         vertex 2.029840e+01 0.000000e+00 6.165168e+01
      endloop
   endfacet
   facet normal -5.264931e-01 0.000000e+00 -8.501794e-01
      outer loop
         vertex 2.029840e+01 0.000000e+00 6.165168e+01
         vertex 2.022621e+01 8.000000e+00 6.169639e+01
         vertex 2.029840e+01 8.000000e+00 6.165168e+01
      endloop
   endfacet
   facet normal -6.627624e-01 0.000000e+00 -7.488297e-01
      outer loop
         vertex 2.029840e+01 0.000000e+00 6.165168e+01
         vertex 2.029840e+01 8.000000e+00 6.165168e+01
         vertex 2.036198e+01 0.000000e+00 6.159541e+01
      endloop
   endfacet
   facet normal -6.627624e-01 0.000000e+00 -7.488297e-01
      outer loop
         vertex 2.036198e+01 0.000000e+00 6.159541e+01
         vertex 2.029840e+01 8.000000e+00 6.165168e+01
         vertex 2.036198e+01 8.000000e+00 6.159541e+01
      endloop
   endfacet
   facet normal -7.239544e-01 0.000000e+00 -6.898479e-01
      outer loop
         vertex 2.036198e+01 0.000000e+00 6.159541e+01
         vertex 2.036198e+01 8.000000e+00 6.159541e+01
         vertex 2.490109e+01 0.000000e+00 5.683188e+01
      endloop
   endfacet
   facet normal -7.239544e-01 0.000000e+00 -6.898479e-01
      outer loop
         vertex 2.490109e+01 0.000000e+00 5.683188e+01
         vertex 2.036198e+01 8.000000e+00 6.159541e+01
         vertex 2.490109e+01 8.000000e+00 5.683188e+01
      endloop
   endfacet
   facet normal -7.781527e-01 0.000000e+00 -6.280752e-01
      outer loop
         vertex 2.490109e+01 0.000000e+00 5.683188e+01
         vertex 2.490109e+01 8.000000e+00 5.683188e+01
         vertex 2.495267e+01 0.000000e+00 5.676798e+01
      endloop
   endfacet
   facet normal -7.781527e-01 0.000000e+00 -6.280752e-01
      outer loop
         vertex 2.495267e+01 0.000000e+00 5.676798e+01
         vertex 2.490109e+01 8.000000e+00 5.683188e+01
         vertex 2.495267e+01 8.000000e+00 5.676798e+01
      endloop
   endfacet
   facet normal -8.704623e-01 0.000000e+00 -4.922351e-01
      outer loop
         vertex 2.495267e+01 0.000000e+00 5.676798e+01
         vertex 2.495267e+01 8.000000e+00 5.676798e+01
         vertex 2.499309e+01 0.000000e+00 5.669650e+01
      endloop
   endfacet
   facet normal -8.704623e-01 0.000000e+00 -4.922351e-01
      outer loop
         vertex 2.499309e+01 0.000000e+00 5.669650e+01
         vertex 2.495267e+01 8.000000e+00 5.676798e+01
         vertex 2.499309e+01 8.000000e+00 5.669650e+01
      endloop
   endfacet
   facet normal -9.392822e-01 0.000000e+00 -3.431456e-01
      outer loop
         vertex 2.499309e+01 0.000000e+00 5.669650e+01
         vertex 2.499309e+01 8.000000e+00 5.669650e+01
         vertex 2.502126e+01 0.000000e+00 5.661938e+01
      endloop
   endfacet
   facet normal -9.392822e-01 0.000000e+00 -3.431456e-01
      outer loop
         vertex 2.502126e+01 0.000000e+00 5.661938e+01
         vertex 2.499309e+01 8.000000e+00 5.669650e+01
         vertex 2.502126e+01 8.000000e+00 5.661938e+01
      endloop
   endfacet
   facet normal -9.827822e-01 0.000000e+00 -1.847679e-01
      outer loop
         vertex 2.502126e+01 0.000000e+00 5.661938e+01
         vertex 2.502126e+01 8.000000e+00 5.661938e+01
         vertex 2.503643e+01 0.000000e+00 5.653868e+01
      endloop
   endfacet
   facet normal -9.827822e-01 0.000000e+00 -1.847679e-01
      outer loop
         vertex 2.503643e+01 0.000000e+00 5.653868e+01
         vertex 2.502126e+01 8.000000e+00 5.661938e+01
         vertex 2.503643e+01 8.000000e+00 5.653868e+01
      endloop
   endfacet
   facet normal -9.946348e-01 -0.000000e+00 -1.034483e-01
      outer loop
         vertex 2.525852e+01 8.000000e+00 5.440340e+01
         vertex 2.525852e+01 0.000000e+00 5.440340e+01
         vertex 2.503643e+01 8.000000e+00 5.653868e+01
      endloop
   endfacet
   facet normal -9.946348e-01 -0.000000e+00 -1.034483e-01
      outer loop
         vertex 2.503643e+01 8.000000e+00 5.653868e+01
         vertex 2.525852e+01 0.000000e+00 5.440340e+01
         vertex 2.503643e+01 0.000000e+00 5.653868e+01
      endloop
   endfacet
   facet normal -9.998500e-01 0.000000e+00 -1.731740e-02
      outer loop
         vertex 2.525852e+01 0.000000e+00 5.440340e+01
         vertex 2.525852e+01 8.000000e+00 5.440340e+01
         vertex 2.526001e+01 0.000000e+00 5.431720e+01
      endloop
   endfacet
   facet normal -9.998500e-01 0.000000e+00 -1.731740e-02
      outer loop
         vertex 2.526001e+01 0.000000e+00 5.431720e+01
         vertex 2.525852e+01 8.000000e+00 5.440340e+01
         vertex 2.526001e+01 8.000000e+00 5.431720e+01
      endloop
   endfacet
   facet normal -9.879630e-01 0.000000e+00 1.546906e-01
      outer loop
         vertex 2.526001e+01 0.000000e+00 5.431720e+01
         vertex 2.526001e+01 8.000000e+00 5.431720e+01
         vertex 2.524667e+01 0.000000e+00 5.423204e+01
      endloop
   endfacet
   facet normal -9.879630e-01 0.000000e+00 1.546906e-01
      outer loop
         vertex 2.524667e+01 0.000000e+00 5.423204e+01
         vertex 2.526001e+01 8.000000e+00 5.431720e+01
         vertex 2.524667e+01 8.000000e+00 5.423204e+01
      endloop
   endfacet
   facet normal -9.467098e-01 0.000000e+00 3.220879e-01
      outer loop
         vertex 2.524667e+01 0.000000e+00 5.423204e+01
         vertex 2.524667e+01 8.000000e+00 5.423204e+01
         vertex 2.521891e+01 0.000000e+00 5.415042e+01
      endloop
   endfacet
   facet normal -9.467098e-01 0.000000e+00 3.220879e-01
      outer loop
         vertex 2.521891e+01 0.000000e+00 5.415042e+01
         vertex 2.524667e+01 8.000000e+00 5.423204e+01
         vertex 2.521891e+01 8.000000e+00 5.415042e+01
      endloop
   endfacet
   facet normal -8.773126e-01 0.000000e+00 4.799194e-01
      outer loop
         vertex 2.521891e+01 0.000000e+00 5.415042e+01
         vertex 2.521891e+01 8.000000e+00 5.415042e+01
         vertex 2.517753e+01 0.000000e+00 5.407479e+01
      endloop
   endfacet
   facet normal -8.773126e-01 0.000000e+00 4.799194e-01
      outer loop
         vertex 2.517753e+01 0.000000e+00 5.407479e+01
         vertex 2.521891e+01 8.000000e+00 5.415042e+01
         vertex 2.517753e+01 8.000000e+00 5.407479e+01
      endloop
   endfacet
   facet normal -7.818239e-01 0.000000e+00 6.234993e-01
      outer loop
         vertex 2.517753e+01 0.000000e+00 5.407479e+01
         vertex 2.517753e+01 8.000000e+00 5.407479e+01
         vertex 2.512378e+01 0.000000e+00 5.400739e+01
      endloop
   endfacet
   facet normal -7.818239e-01 0.000000e+00 6.234993e-01
      outer loop
         vertex 2.512378e+01 0.000000e+00 5.400739e+01
         vertex 2.517753e+01 8.000000e+00 5.407479e+01
         vertex 2.512378e+01 8.000000e+00 5.400739e+01
      endloop
   endfacet
   facet normal -6.631345e-01 0.000000e+00 7.485002e-01
      outer loop
         vertex 2.512378e+01 0.000000e+00 5.400739e+01
         vertex 2.512378e+01 8.000000e+00 5.400739e+01
         vertex 2.505926e+01 0.000000e+00 5.395023e+01
      endloop
   endfacet
   facet normal -6.631345e-01 0.000000e+00 7.485002e-01
      outer loop
         vertex 2.505926e+01 0.000000e+00 5.395023e+01
         vertex 2.512378e+01 8.000000e+00 5.400739e+01
         vertex 2.505926e+01 8.000000e+00 5.395023e+01
      endloop
   endfacet
   facet normal -5.246615e-01 0.000000e+00 8.513109e-01
      outer loop
         vertex 2.505926e+01 0.000000e+00 5.395023e+01
         vertex 2.505926e+01 8.000000e+00 5.395023e+01
         vertex 2.498587e+01 0.000000e+00 5.390500e+01
      endloop
   endfacet
   facet normal -5.246615e-01 0.000000e+00 8.513109e-01
      outer loop
         vertex 2.498587e+01 0.000000e+00 5.390500e+01
         vertex 2.505926e+01 8.000000e+00 5.395023e+01
         vertex 2.498587e+01 8.000000e+00 5.390500e+01
      endloop
   endfacet
   facet normal -3.706790e-01 0.000000e+00 9.287610e-01
      outer loop
         vertex 2.498587e+01 0.000000e+00 5.390500e+01
         vertex 2.498587e+01 8.000000e+00 5.390500e+01
         vertex 2.490580e+01 0.000000e+00 5.387304e+01
      endloop
   endfacet
   facet normal -3.706790e-01 0.000000e+00 9.287610e-01
      outer loop
         vertex 2.490580e+01 0.000000e+00 5.387304e+01
         vertex 2.498587e+01 8.000000e+00 5.390500e+01
         vertex 2.490580e+01 8.000000e+00 5.387304e+01
      endloop
   endfacet
   facet normal -2.056086e-01 0.000000e+00 9.786343e-01
      outer loop
         vertex 2.490580e+01 0.000000e+00 5.387304e+01
         vertex 2.490580e+01 8.000000e+00 5.387304e+01
         vertex 2.482144e+01 0.000000e+00 5.385532e+01
      endloop
   endfacet
   facet normal -2.056086e-01 0.000000e+00 9.786343e-01
      outer loop
         vertex 2.482144e+01 0.000000e+00 5.385532e+01
         vertex 2.490580e+01 8.000000e+00 5.387304e+01
         vertex 2.482144e+01 8.000000e+00 5.385532e+01
      endloop
   endfacet
   facet normal -3.444088e-02 0.000000e+00 9.994067e-01
      outer loop
         vertex 2.482144e+01 0.000000e+00 5.385532e+01
         vertex 2.482144e+01 8.000000e+00 5.385532e+01
         vertex 2.473528e+01 0.000000e+00 5.385235e+01
      endloop
   endfacet
   facet normal -3.444088e-02 0.000000e+00 9.994067e-01
      outer loop
         vertex 2.473528e+01 0.000000e+00 5.385235e+01
         vertex 2.482144e+01 8.000000e+00 5.385532e+01
         vertex 2.473528e+01 8.000000e+00 5.385235e+01
      endloop
   endfacet
   facet normal 1.377209e-01 -0.000000e+00 9.904711e-01
      outer loop
         vertex 2.473528e+01 0.000000e+00 5.385235e+01
         vertex 2.473528e+01 8.000000e+00 5.385235e+01
         vertex 2.464990e+01 0.000000e+00 5.386422e+01
      endloop
   endfacet
   facet normal 1.377209e-01 -0.000000e+00 9.904711e-01
      outer loop
         vertex 2.464990e+01 0.000000e+00 5.386422e+01
         vertex 2.473528e+01 8.000000e+00 5.385235e+01
         vertex 2.464990e+01 8.000000e+00 5.386422e+01
      endloop
   endfacet
   facet normal 3.058198e-01 -0.000000e+00 9.520894e-01
      outer loop
         vertex 2.464990e+01 0.000000e+00 5.386422e+01
         vertex 2.464990e+01 8.000000e+00 5.386422e+01
         vertex 2.456782e+01 0.000000e+00 5.389058e+01
      endloop
   endfacet
   facet normal 3.058198e-01 -0.000000e+00 9.520894e-01
      outer loop
         vertex 2.456782e+01 0.000000e+00 5.389058e+01
         vertex 2.464990e+01 8.000000e+00 5.386422e+01
         vertex 2.456782e+01 8.000000e+00 5.389058e+01
      endloop
   endfacet
   facet normal 4.648388e-01 -0.000000e+00 8.853953e-01
      outer loop
         vertex 2.456782e+01 0.000000e+00 5.389058e+01
         vertex 2.456782e+01 8.000000e+00 5.389058e+01
         vertex 2.449149e+01 0.000000e+00 5.393066e+01
      endloop
   endfacet
   facet normal 4.648388e-01 -0.000000e+00 8.853953e-01
      outer loop
         vertex 2.449149e+01 0.000000e+00 5.393066e+01
         vertex 2.456782e+01 8.000000e+00 5.389058e+01
         vertex 2.449149e+01 8.000000e+00 5.393066e+01
      endloop
   endfacet
   facet normal 6.099989e-01 -0.000000e+00 7.924022e-01
      outer loop
         vertex 2.449149e+01 0.000000e+00 5.393066e+01
         vertex 2.449149e+01 8.000000e+00 5.393066e+01
         vertex 2.442318e+01 0.000000e+00 5.398324e+01
      endloop
   endfacet
   facet normal 6.099989e-01 -0.000000e+00 7.924022e-01
      outer loop
         vertex 2.442318e+01 0.000000e+00 5.398324e+01
         vertex 2.449149e+01 8.000000e+00 5.393066e+01
         vertex 2.442318e+01 8.000000e+00 5.398324e+01
      endloop
   endfacet
   facet normal 7.239544e-01 0.000000e+00 -6.898479e-01
      outer loop
         vertex 1.463802e+01 8.000000e+00 6.159541e+01
         vertex 1.463802e+01 0.000000e+00 6.159541e+01
         vertex 1.009891e+01 8.000000e+00 5.683188e+01
      endloop
   endfacet
   facet normal 7.239544e-01 0.000000e+00 -6.898479e-01
      outer loop
         vertex 1.009891e+01 8.000000e+00 5.683188e+01
         vertex 1.463802e+01 0.000000e+00 6.159541e+01
         vertex 1.009891e+01 0.000000e+00 5.683188e+01
      endloop
   endfacet
   facet normal 6.627624e-01 0.000000e+00 -7.488297e-01
      outer loop
         vertex 1.463802e+01 0.000000e+00 6.159541e+01
         vertex 1.463802e+01 8.000000e+00 6.159541e+01
         vertex 1.470161e+01 0.000000e+00 6.165168e+01
      endloop
   endfacet
   facet normal 6.627624e-01 0.000000e+00 -7.488297e-01
      outer loop
         vertex 1.470161e+01 0.000000e+00 6.165168e+01
         vertex 1.463802e+01 8.000000e+00 6.159541e+01
         vertex 1.470161e+01 8.000000e+00 6.165168e+01
      endloop
   endfacet
   facet normal 5.264931e-01 0.000000e+00 -8.501794e-01
      outer loop
         vertex 1.470161e+01 0.000000e+00 6.165168e+01
         vertex 1.470161e+01 8.000000e+00 6.165168e+01
         vertex 1.477379e+01 0.000000e+00 6.169639e+01
      endloop
   endfacet
   facet normal 5.264931e-01 0.000000e+00 -8.501794e-01
      outer loop
         vertex 1.477379e+01 0.000000e+00 6.169639e+01
         vertex 1.470161e+01 8.000000e+00 6.165168e+01
         vertex 1.477379e+01 8.000000e+00 6.169639e+01
      endloop
   endfacet
   facet normal 3.750764e-01 0.000000e+00 -9.269939e-01
      outer loop
         vertex 1.477379e+01 0.000000e+00 6.169639e+01
         vertex 1.477379e+01 8.000000e+00 6.169639e+01
         vertex 1.485250e+01 0.000000e+00 6.172823e+01
      endloop
   endfacet
   facet normal 3.750764e-01 0.000000e+00 -9.269939e-01
      outer loop
         vertex 1.485250e+01 0.000000e+00 6.172823e+01
         vertex 1.477379e+01 8.000000e+00 6.169639e+01
         vertex 1.485250e+01 8.000000e+00 6.172823e+01
      endloop
   endfacet
   facet normal 2.127894e-01 0.000000e+00 -9.770981e-01
      outer loop
         vertex 1.485250e+01 0.000000e+00 6.172823e+01
         vertex 1.485250e+01 8.000000e+00 6.172823e+01
         vertex 1.493547e+01 0.000000e+00 6.174630e+01
      endloop
   endfacet
   facet normal 2.127894e-01 0.000000e+00 -9.770981e-01
      outer loop
         vertex 1.493547e+01 0.000000e+00 6.174630e+01
         vertex 1.485250e+01 8.000000e+00 6.172823e+01
         vertex 1.493547e+01 8.000000e+00 6.174630e+01
      endloop
   endfacet
   facet normal 4.440049e-02 0.000000e+00 -9.990138e-01
      outer loop
         vertex 1.493547e+01 0.000000e+00 6.174630e+01
         vertex 1.493547e+01 8.000000e+00 6.174630e+01
         vertex 1.502029e+01 0.000000e+00 6.175007e+01
      endloop
   endfacet
   facet normal 4.440049e-02 0.000000e+00 -9.990138e-01
      outer loop
         vertex 1.502029e+01 0.000000e+00 6.175007e+01
         vertex 1.493547e+01 8.000000e+00 6.174630e+01
         vertex 1.502029e+01 8.000000e+00 6.175007e+01
      endloop
   endfacet
   facet normal -1.252604e-01 0.000000e+00 -9.921239e-01
      outer loop
         vertex 1.502029e+01 0.000000e+00 6.175007e+01
         vertex 1.502029e+01 8.000000e+00 6.175007e+01
         vertex 1.510453e+01 0.000000e+00 6.173944e+01
      endloop
   endfacet
   facet normal -1.252604e-01 0.000000e+00 -9.921239e-01
      outer loop
         vertex 1.510453e+01 0.000000e+00 6.173944e+01
         vertex 1.502029e+01 8.000000e+00 6.175007e+01
         vertex 1.510453e+01 8.000000e+00 6.173944e+01
      endloop
   endfacet
   facet normal -2.913647e-01 0.000000e+00 -9.566121e-01
      outer loop
         vertex 1.510453e+01 0.000000e+00 6.173944e+01
         vertex 1.510453e+01 8.000000e+00 6.173944e+01
         vertex 1.518576e+01 0.000000e+00 6.171470e+01
      endloop
   endfacet
   facet normal -2.913647e-01 0.000000e+00 -9.566121e-01
      outer loop
         vertex 1.518576e+01 0.000000e+00 6.171470e+01
         vertex 1.510453e+01 8.000000e+00 6.173944e+01
         vertex 1.518576e+01 8.000000e+00 6.171470e+01
      endloop
   endfacet
   facet normal -4.490060e-01 0.000000e+00 -8.935287e-01
      outer loop
         vertex 1.518576e+01 0.000000e+00 6.171470e+01
         vertex 1.518576e+01 8.000000e+00 6.171470e+01
         vertex 1.526163e+01 0.000000e+00 6.167657e+01
      endloop
   endfacet
   facet normal -4.490060e-01 0.000000e+00 -8.935287e-01
      outer loop
         vertex 1.526163e+01 0.000000e+00 6.167657e+01
         vertex 1.518576e+01 8.000000e+00 6.171470e+01
         vertex 1.526163e+01 8.000000e+00 6.167657e+01
      endloop
   endfacet
   facet normal -5.937093e-01 0.000000e+00 -8.046796e-01
      outer loop
         vertex 1.526163e+01 0.000000e+00 6.167657e+01
         vertex 1.526163e+01 8.000000e+00 6.167657e+01
         vertex 1.532995e+01 0.000000e+00 6.162616e+01
      endloop
   endfacet
   facet normal -5.937093e-01 0.000000e+00 -8.046796e-01
      outer loop
         vertex 1.532995e+01 0.000000e+00 6.162616e+01
         vertex 1.526163e+01 8.000000e+00 6.167657e+01
         vertex 1.532995e+01 8.000000e+00 6.162616e+01
      endloop
   endfacet
   facet normal -7.213226e-01 0.000000e+00 -6.925992e-01
      outer loop
         vertex 1.532995e+01 0.000000e+00 6.162616e+01
         vertex 1.532995e+01 8.000000e+00 6.162616e+01
         vertex 1.538876e+01 0.000000e+00 6.156491e+01
      endloop
   endfacet
   facet normal -7.213226e-01 0.000000e+00 -6.925992e-01
      outer loop
         vertex 1.538876e+01 0.000000e+00 6.156491e+01
         vertex 1.532995e+01 8.000000e+00 6.162616e+01
         vertex 1.538876e+01 8.000000e+00 6.156491e+01
      endloop
   endfacet
   facet normal -8.280954e-01 0.000000e+00 -5.605872e-01
      outer loop
         vertex 1.538876e+01 0.000000e+00 6.156491e+01
         vertex 1.538876e+01 8.000000e+00 6.156491e+01
         vertex 1.543636e+01 0.000000e+00 6.149460e+01
      endloop
   endfacet
   facet normal -8.280954e-01 0.000000e+00 -5.605872e-01
      outer loop
         vertex 1.543636e+01 0.000000e+00 6.149460e+01
         vertex 1.538876e+01 8.000000e+00 6.156491e+01
         vertex 1.543636e+01 8.000000e+00 6.149460e+01
      endloop
   endfacet
   facet normal -9.110204e-01 0.000000e+00 -4.123612e-01
      outer loop
         vertex 1.543636e+01 0.000000e+00 6.149460e+01
         vertex 1.543636e+01 8.000000e+00 6.149460e+01
         vertex 1.547137e+01 0.000000e+00 6.141725e+01
      endloop
   endfacet
   facet normal -9.110204e-01 0.000000e+00 -4.123612e-01
      outer loop
         vertex 1.547137e+01 0.000000e+00 6.141725e+01
         vertex 1.543636e+01 8.000000e+00 6.149460e+01
         vertex 1.547137e+01 8.000000e+00 6.141725e+01
      endloop
   endfacet
   facet normal -9.676539e-01 0.000000e+00 -2.522816e-01
      outer loop
         vertex 1.547137e+01 0.000000e+00 6.141725e+01
         vertex 1.547137e+01 8.000000e+00 6.141725e+01
         vertex 1.549279e+01 0.000000e+00 6.133508e+01
      endloop
   endfacet
   facet normal -9.676539e-01 0.000000e+00 -2.522816e-01
      outer loop
         vertex 1.549279e+01 0.000000e+00 6.133508e+01
         vertex 1.547137e+01 8.000000e+00 6.141725e+01
         vertex 1.549279e+01 8.000000e+00 6.133508e+01
      endloop
   endfacet
   facet normal -9.963888e-01 0.000000e+00 -8.490803e-02
      outer loop
         vertex 1.549279e+01 0.000000e+00 6.133508e+01
         vertex 1.549279e+01 8.000000e+00 6.133508e+01
         vertex 1.550000e+01 0.000000e+00 6.125048e+01
      endloop
   endfacet
   facet normal -9.963888e-01 0.000000e+00 -8.490803e-02
      outer loop
         vertex 1.550000e+01 0.000000e+00 6.125048e+01
         vertex 1.549279e+01 8.000000e+00 6.133508e+01
         vertex 1.550000e+01 8.000000e+00 6.125048e+01
      endloop
   endfacet
   facet normal -1.000000e+00 0.000000e+00 0.000000e+00
      outer loop
         vertex 1.550000e+01 0.000000e+00 6.125048e+01
         vertex 1.550000e+01 8.000000e+00 6.125048e+01
         vertex 1.550000e+01 0.000000e+00 5.871982e+01
      endloop
   endfacet
   facet normal -1.000000e+00 0.000000e+00 0.000000e+00
      outer loop
         vertex 1.550000e+01 0.000000e+00 5.871982e+01
         vertex 1.550000e+01 8.000000e+00 6.125048e+01
         vertex 1.550000e+01 8.000000e+00 5.871982e+01
      endloop
   endfacet
   facet normal -9.965706e-01 0.000000e+00 8.274741e-02
      outer loop
         vertex 1.550000e+01 0.000000e+00 5.871982e+01
         vertex 1.550000e+01 8.000000e+00 5.871982e+01
         vertex 1.549315e+01 0.000000e+00 5.863736e+01
      endloop
   endfacet
   facet normal -9.965706e-01 0.000000e+00 8.274741e-02
      outer loop
         vertex 1.549315e+01 0.000000e+00 5.863736e+01
         vertex 1.550000e+01 8.000000e+00 5.871982e+01
         vertex 1.549315e+01 8.000000e+00 5.863736e+01
      endloop
   endfacet
   facet normal -9.692757e-01 0.000000e+00 2.459768e-01
      outer loop
         vertex 1.549315e+01 0.000000e+00 5.863736e+01
         vertex 1.549315e+01 8.000000e+00 5.863736e+01
         vertex 1.547280e+01 0.000000e+00 5.855715e+01
      endloop
   endfacet
   facet normal -9.692757e-01 0.000000e+00 2.459768e-01
      outer loop
         vertex 1.547280e+01 0.000000e+00 5.855715e+01
         vertex 1.549315e+01 8.000000e+00 5.863736e+01
         vertex 1.547280e+01 8.000000e+00 5.855715e+01
      endloop
   endfacet
   facet normal -9.154336e-01 0.000000e+00 4.024690e-01
      outer loop
         vertex 1.547280e+01 0.000000e+00 5.855715e+01
         vertex 1.547280e+01 8.000000e+00 5.855715e+01
         vertex 1.543950e+01 0.000000e+00 5.848140e+01
      endloop
   endfacet
   facet normal -9.154336e-01 0.000000e+00 4.024690e-01
      outer loop
         vertex 1.543950e+01 0.000000e+00 5.848140e+01
         vertex 1.547280e+01 8.000000e+00 5.855715e+01
         vertex 1.543950e+01 8.000000e+00 5.848140e+01
      endloop
   endfacet
   facet normal -8.365168e-01 0.000000e+00 5.479413e-01
      outer loop
         vertex 1.543950e+01 0.000000e+00 5.848140e+01
         vertex 1.543950e+01 8.000000e+00 5.848140e+01
         vertex 1.539415e+01 0.000000e+00 5.841218e+01
      endloop
   endfacet
   facet normal -8.365168e-01 0.000000e+00 5.479413e-01
      outer loop
         vertex 1.539415e+01 0.000000e+00 5.841218e+01
         vertex 1.543950e+01 8.000000e+00 5.848140e+01
         vertex 1.539415e+01 8.000000e+00 5.841218e+01
      endloop
   endfacet
   facet normal -7.346871e-01 0.000000e+00 6.784061e-01
      outer loop
         vertex 1.539415e+01 0.000000e+00 5.841218e+01
         vertex 1.539415e+01 8.000000e+00 5.841218e+01
         vertex 1.533802e+01 0.000000e+00 5.835139e+01
      endloop
   endfacet
   facet normal -7.346871e-01 0.000000e+00 6.784061e-01
      outer loop
         vertex 1.533802e+01 0.000000e+00 5.835139e+01
         vertex 1.539415e+01 8.000000e+00 5.841218e+01
         vertex 1.533802e+01 8.000000e+00 5.835139e+01
      endloop
   endfacet
   facet normal -6.760372e-01 0.000000e+00 7.368675e-01
      outer loop
         vertex 1.057682e+01 8.000000e+00 5.398324e+01
         vertex 1.057682e+01 0.000000e+00 5.398324e+01
         vertex 1.533802e+01 8.000000e+00 5.835139e+01
      endloop
   endfacet
   facet normal -6.760372e-01 0.000000e+00 7.368675e-01
      outer loop
         vertex 1.533802e+01 8.000000e+00 5.835139e+01
         vertex 1.057682e+01 0.000000e+00 5.398324e+01
         vertex 1.533802e+01 0.000000e+00 5.835139e+01
      endloop
   endfacet
   facet normal -6.099989e-01 0.000000e+00 7.924022e-01
      outer loop
         vertex 1.057682e+01 0.000000e+00 5.398324e+01
         vertex 1.057682e+01 8.000000e+00 5.398324e+01
         vertex 1.050851e+01 0.000000e+00 5.393066e+01
      endloop
   endfacet
   facet normal -6.099989e-01 0.000000e+00 7.924022e-01
      outer loop
         vertex 1.050851e+01 0.000000e+00 5.393066e+01
         vertex 1.057682e+01 8.000000e+00 5.398324e+01
         vertex 1.050851e+01 8.000000e+00 5.393066e+01
      endloop
   endfacet
   facet normal -4.648388e-01 0.000000e+00 8.853953e-01
      outer loop
         vertex 1.050851e+01 0.000000e+00 5.393066e+01
         vertex 1.050851e+01 8.000000e+00 5.393066e+01
         vertex 1.043218e+01 0.000000e+00 5.389058e+01
      endloop
   endfacet
   facet normal -4.648388e-01 0.000000e+00 8.853953e-01
      outer loop
         vertex 1.043218e+01 0.000000e+00 5.389058e+01
         vertex 1.050851e+01 8.000000e+00 5.393066e+01
         vertex 1.043218e+01 8.000000e+00 5.389058e+01
      endloop
   endfacet
   facet normal -3.058198e-01 0.000000e+00 9.520894e-01
      outer loop
         vertex 1.043218e+01 0.000000e+00 5.389058e+01
         vertex 1.043218e+01 8.000000e+00 5.389058e+01
         vertex 1.035010e+01 0.000000e+00 5.386422e+01
      endloop
   endfacet
   facet normal -3.058198e-01 0.000000e+00 9.520894e-01
      outer loop
         vertex 1.035010e+01 0.000000e+00 5.386422e+01
         vertex 1.043218e+01 8.000000e+00 5.389058e+01
         vertex 1.035010e+01 8.000000e+00 5.386422e+01
      endloop
   endfacet
   facet normal -1.377209e-01 0.000000e+00 9.904711e-01
      outer loop
         vertex 1.035010e+01 0.000000e+00 5.386422e+01
         vertex 1.035010e+01 8.000000e+00 5.386422e+01
         vertex 1.026472e+01 0.000000e+00 5.385235e+01
      endloop
   endfacet
   facet normal -1.377209e-01 0.000000e+00 9.904711e-01
      outer loop
         vertex 1.026472e+01 0.000000e+00 5.385235e+01
         vertex 1.035010e+01 8.000000e+00 5.386422e+01
         vertex 1.026472e+01 8.000000e+00 5.385235e+01
      endloop
   endfacet
   facet normal 3.444088e-02 -0.000000e+00 9.994067e-01
      outer loop
         vertex 1.026472e+01 0.000000e+00 5.385235e+01
         vertex 1.026472e+01 8.000000e+00 5.385235e+01
         vertex 1.017856e+01 0.000000e+00 5.385532e+01
      endloop
   endfacet
   facet normal 3.444088e-02 -0.000000e+00 9.994067e-01
      outer loop
         vertex 1.017856e+01 0.000000e+00 5.385532e+01
         vertex 1.026472e+01 8.000000e+00 5.385235e+01
         vertex 1.017856e+01 8.000000e+00 5.385532e+01
      endloop
   endfacet
   facet normal 2.056086e-01 -0.000000e+00 9.786343e-01
      outer loop
         vertex 1.017856e+01 0.000000e+00 5.385532e+01
         vertex 1.017856e+01 8.000000e+00 5.385532e+01
         vertex 1.009420e+01 0.000000e+00 5.387304e+01
      endloop
   endfacet
   facet normal 2.056086e-01 -0.000000e+00 9.786343e-01
      outer loop
         vertex 1.009420e+01 0.000000e+00 5.387304e+01
         vertex 1.017856e+01 8.000000e+00 5.385532e+01
         vertex 1.009420e+01 8.000000e+00 5.387304e+01
      endloop
   endfacet
   facet normal 3.706790e-01 -0.000000e+00 9.287610e-01
      outer loop
         vertex 1.009420e+01 0.000000e+00 5.387304e+01
         vertex 1.009420e+01 8.000000e+00 5.387304e+01
         vertex 1.001413e+01 0.000000e+00 5.390500e+01
      endloop
   endfacet
   facet normal 3.706790e-01 -0.000000e+00 9.287610e-01
      outer loop
         vertex 1.001413e+01 0.000000e+00 5.390500e+01
         vertex 1.009420e+01 8.000000e+00 5.387304e+01
         vertex 1.001413e+01 8.000000e+00 5.390500e+01
      endloop
   endfacet
   facet normal 5.246615e-01 -0.000000e+00 8.513109e-01
      outer loop
         vertex 1.001413e+01 0.000000e+00 5.390500e+01
         vertex 1.001413e+01 8.000000e+00 5.390500e+01
         vertex 9.940743e+00 0.000000e+00 5.395023e+01
      endloop
   endfacet
   facet normal 5.246615e-01 -0.000000e+00 8.513109e-01
      outer loop
         vertex 9.940743e+00 0.000000e+00 5.395023e+01
         vertex 1.001413e+01 8.000000e+00 5.390500e+01
         vertex 9.940743e+00 8.000000e+00 5.395023e+01
      endloop
   endfacet
   facet normal 6.631345e-01 -0.000000e+00 7.485002e-01
      outer loop
         vertex 9.940743e+00 0.000000e+00 5.395023e+01
         vertex 9.940743e+00 8.000000e+00 5.395023e+01
         vertex 9.876215e+00 0.000000e+00 5.400739e+01
      endloop
   endfacet
   facet normal 6.631345e-01 -0.000000e+00 7.485002e-01
      outer loop
         vertex 9.876215e+00 0.000000e+00 5.400739e+01
         vertex 9.940743e+00 8.000000e+00 5.395023e+01
         vertex 9.876215e+00 8.000000e+00 5.400739e+01
      endloop
   endfacet
   facet normal 7.818239e-01 -0.000000e+00 6.234993e-01
      outer loop
         vertex 9.876215e+00 0.000000e+00 5.400739e+01
         vertex 9.876215e+00 8.000000e+00 5.400739e+01
         vertex 9.822466e+00 0.000000e+00 5.407479e+01
      endloop
   endfacet
   facet normal 7.818239e-01 -0.000000e+00 6.234993e-01
      outer loop
         vertex 9.822466e+00 0.000000e+00 5.407479e+01
         vertex 9.876215e+00 8.000000e+00 5.400739e+01
         vertex 9.822466e+00 8.000000e+00 5.407479e+01
      endloop
   endfacet
   facet normal 8.773126e-01 -0.000000e+00 4.799194e-01
      outer loop
         vertex 9.822466e+00 0.000000e+00 5.407479e+01
         vertex 9.822466e+00 8.000000e+00 5.407479e+01
         vertex 9.781093e+00 0.000000e+00 5.415042e+01
      endloop
   endfacet
   facet normal 8.773126e-01 -0.000000e+00 4.799194e-01
      outer loop
         vertex 9.781093e+00 0.000000e+00 5.415042e+01
         vertex 9.822466e+00 8.000000e+00 5.407479e+01
         vertex 9.781093e+00 8.000000e+00 5.415042e+01
      endloop
   endfacet
   facet normal 9.467098e-01 -0.000000e+00 3.220879e-01
      outer loop
         vertex 9.781093e+00 0.000000e+00 5.415042e+01
         vertex 9.781093e+00 8.000000e+00 5.415042e+01
         vertex 9.753327e+00 0.000000e+00 5.423204e+01
      endloop
   endfacet
   facet normal 9.467098e-01 -0.000000e+00 3.220879e-01
      outer loop
         vertex 9.753327e+00 0.000000e+00 5.423204e+01
         vertex 9.781093e+00 8.000000e+00 5.415042e+01
         vertex 9.753327e+00 8.000000e+00 5.423204e+01
      endloop
   endfacet
   facet normal 9.879630e-01 -0.000000e+00 1.546906e-01
      outer loop
         vertex 9.753327e+00 0.000000e+00 5.423204e+01
         vertex 9.753327e+00 8.000000e+00 5.423204e+01
         vertex 9.739992e+00 0.000000e+00 5.431720e+01
      endloop
   endfacet
   facet normal 9.879630e-01 -0.000000e+00 1.546906e-01
      outer loop
         vertex 9.739992e+00 0.000000e+00 5.431720e+01
         vertex 9.753327e+00 8.000000e+00 5.423204e+01
         vertex 9.739992e+00 8.000000e+00 5.431720e+01
      endloop
   endfacet
   facet normal 9.998500e-01 0.000000e+00 -1.731740e-02
      outer loop
         vertex 9.739992e+00 0.000000e+00 5.431720e+01
         vertex 9.739992e+00 8.000000e+00 5.431720e+01
         vertex 9.741485e+00 0.000000e+00 5.440340e+01
      endloop
   endfacet
   facet normal 9.998500e-01 0.000000e+00 -1.731740e-02
      outer loop
         vertex 9.741485e+00 0.000000e+00 5.440340e+01
         vertex 9.739992e+00 8.000000e+00 5.431720e+01
         vertex 9.741485e+00 8.000000e+00 5.440340e+01
      endloop
   endfacet
   facet normal 9.946348e-01 0.000000e+00 -1.034483e-01
      outer loop
         vertex 9.963567e+00 8.000000e+00 5.653868e+01
         vertex 9.963567e+00 0.000000e+00 5.653868e+01
         vertex 9.741485e+00 8.000000e+00 5.440340e+01
      endloop
   endfacet
   facet normal 9.946348e-01 0.000000e+00 -1.034483e-01
      outer loop
         vertex 9.741485e+00 8.000000e+00 5.440340e+01
         vertex 9.963567e+00 0.000000e+00 5.653868e+01
         vertex 9.741485e+00 0.000000e+00 5.440340e+01
      endloop
   endfacet
   facet normal 9.827822e-01 0.000000e+00 -1.847679e-01
      outer loop
         vertex 9.963567e+00 0.000000e+00 5.653868e+01
         vertex 9.963567e+00 8.000000e+00 5.653868e+01
         vertex 9.978739e+00 0.000000e+00 5.661938e+01
      endloop
   endfacet
   facet normal 9.827822e-01 0.000000e+00 -1.847679e-01
      outer loop
         vertex 9.978739e+00 0.000000e+00 5.661938e+01
         vertex 9.963567e+00 8.000000e+00 5.653868e+01
         vertex 9.978739e+00 8.000000e+00 5.661938e+01
      endloop
   endfacet
   facet normal 9.392822e-01 0.000000e+00 -3.431456e-01
      outer loop
         vertex 9.978739e+00 0.000000e+00 5.661938e+01
         vertex 9.978739e+00 8.000000e+00 5.661938e+01
         vertex 1.000691e+01 0.000000e+00 5.669650e+01
      endloop
   endfacet
   facet normal 9.392822e-01 0.000000e+00 -3.431456e-01
      outer loop
         vertex 1.000691e+01 0.000000e+00 5.669650e+01
         vertex 9.978739e+00 8.000000e+00 5.661938e+01
         vertex 1.000691e+01 8.000000e+00 5.669650e+01
      endloop
   endfacet
   facet normal 8.704623e-01 0.000000e+00 -4.922351e-01
      outer loop
         vertex 1.000691e+01 0.000000e+00 5.669650e+01
         vertex 1.000691e+01 8.000000e+00 5.669650e+01
         vertex 1.004733e+01 0.000000e+00 5.676798e+01
      endloop
   endfacet
   facet normal 8.704623e-01 0.000000e+00 -4.922351e-01
      outer loop
         vertex 1.004733e+01 0.000000e+00 5.676798e+01
         vertex 1.000691e+01 8.000000e+00 5.669650e+01
         vertex 1.004733e+01 8.000000e+00 5.676798e+01
      endloop
   endfacet
   facet normal 7.781527e-01 0.000000e+00 -6.280752e-01
      outer loop
         vertex 1.004733e+01 0.000000e+00 5.676798e+01
         vertex 1.004733e+01 8.000000e+00 5.676798e+01
         vertex 1.009891e+01 0.000000e+00 5.683188e+01
      endloop
   endfacet
   facet normal 7.781527e-01 0.000000e+00 -6.280752e-01
      outer loop
         vertex 1.009891e+01 0.000000e+00 5.683188e+01
         vertex 1.004733e+01 8.000000e+00 5.676798e+01
         vertex 1.009891e+01 8.000000e+00 5.683188e+01
      endloop
   endfacet
   facet normal -9.986578e-01 -0.000000e+00 -5.179363e-02
      outer loop
         vertex 0.000000e+00 8.000000e+00 1.750000e+01
         vertex 9.389035e-02 8.000000e+00 1.568966e+01
         vertex 0.000000e+00 0.000000e+00 1.750000e+01
      endloop
   endfacet
   facet normal -9.971903e-01 -5.207344e-03 -7.472902e-02
      outer loop
         vertex 0.000000e+00 0.000000e+00 1.750000e+01
         vertex 9.389035e-02 8.000000e+00 1.568966e+01
         vertex 1.954604e-01 0.000000e+00 1.489176e+01
      endloop
   endfacet
   facet normal -9.919948e-01 0.000000e+00 -1.262785e-01
      outer loop
         vertex 9.389035e-02 8.000000e+00 1.568966e+01
         vertex 1.954604e-01 8.000000e+00 1.489176e+01
         vertex 1.954604e-01 0.000000e+00 1.489176e+01
      endloop
   endfacet
   facet normal -9.749279e-01 0.000000e+00 -2.225208e-01
      outer loop
         vertex 1.954604e-01 0.000000e+00 1.489176e+01
         vertex 1.954604e-01 8.000000e+00 1.489176e+01
         vertex 7.774755e-01 8.000000e+00 1.234178e+01
      endloop
   endfacet
   facet normal -9.749279e-01 0.000000e+00 -2.225208e-01
      outer loop
         vertex 1.954604e-01 0.000000e+00 1.489176e+01
         vertex 7.774755e-01 8.000000e+00 1.234178e+01
         vertex 7.774755e-01 0.000000e+00 1.234178e+01
      endloop
   endfacet
   facet normal -9.308738e-01 0.000000e+00 -3.653410e-01
      outer loop
         vertex 7.774755e-01 0.000000e+00 1.234178e+01
         vertex 7.774755e-01 8.000000e+00 1.234178e+01
         vertex 1.733044e+00 8.000000e+00 9.907035e+00
      endloop
   endfacet
   facet normal -9.308738e-01 0.000000e+00 -3.653410e-01
      outer loop
         vertex 7.774755e-01 0.000000e+00 1.234178e+01
         vertex 1.733044e+00 8.000000e+00 9.907035e+00
         vertex 1.733044e+00 0.000000e+00 9.907035e+00
      endloop
   endfacet
   facet normal -8.660253e-01 0.000000e+00 -5.000002e-01
      outer loop
         vertex 1.733044e+00 0.000000e+00 9.907035e+00
         vertex 1.733044e+00 8.000000e+00 9.907035e+00
         vertex 3.040821e+00 8.000000e+00 7.641899e+00
      endloop
   endfacet
   facet normal -8.660253e-01 0.000000e+00 -5.000002e-01
      outer loop
         vertex 1.733044e+00 0.000000e+00 9.907035e+00
         vertex 3.040821e+00 8.000000e+00 7.641899e+00
         vertex 3.040821e+00 0.000000e+00 7.641899e+00
      endloop
   endfacet
   facet normal -7.818316e-01 0.000000e+00 -6.234897e-01
      outer loop
         vertex 3.040821e+00 0.000000e+00 7.641899e+00
         vertex 3.040821e+00 8.000000e+00 7.641899e+00
         vertex 4.671592e+00 8.000000e+00 5.596977e+00
      endloop
   endfacet
   facet normal -7.818316e-01 0.000000e+00 -6.234897e-01
      outer loop
         vertex 3.040821e+00 0.000000e+00 7.641899e+00
         vertex 4.671592e+00 8.000000e+00 5.596977e+00
         vertex 4.671592e+00 0.000000e+00 5.596977e+00
      endloop
   endfacet
   facet normal -6.801726e-01 0.000000e+00 -7.330520e-01
      outer loop
         vertex 4.671592e+00 0.000000e+00 5.596977e+00
         vertex 4.671592e+00 8.000000e+00 5.596977e+00
         vertex 6.588928e+00 8.000000e+00 3.817949e+00
      endloop
   endfacet
   facet normal -6.801726e-01 0.000000e+00 -7.330520e-01
      outer loop
         vertex 4.671592e+00 0.000000e+00 5.596977e+00
         vertex 6.588928e+00 8.000000e+00 3.817949e+00
         vertex 6.588928e+00 0.000000e+00 3.817949e+00
      endloop
   endfacet
   facet normal -5.633202e-01 0.000000e+00 -8.262387e-01
      outer loop
         vertex 6.588928e+00 0.000000e+00 3.817949e+00
         vertex 6.588928e+00 8.000000e+00 3.817949e+00
         vertex 8.750000e+00 8.000000e+00 2.344555e+00
      endloop
   endfacet
   facet normal -5.633202e-01 0.000000e+00 -8.262387e-01
      outer loop
         vertex 6.588928e+00 0.000000e+00 3.817949e+00
         vertex 8.750000e+00 8.000000e+00 2.344555e+00
         vertex 8.750000e+00 0.000000e+00 2.344555e+00
      endloop
   endfacet
   facet normal -4.338836e-01 0.000000e+00 -9.009690e-01
      outer loop
         vertex 8.750000e+00 0.000000e+00 2.344555e+00
         vertex 8.750000e+00 8.000000e+00 2.344555e+00
         vertex 1.110653e+01 8.000000e+00 1.209710e+00
      endloop
   endfacet
   facet normal -4.338836e-01 0.000000e+00 -9.009690e-01
      outer loop
         vertex 8.750000e+00 0.000000e+00 2.344555e+00
         vertex 1.110653e+01 8.000000e+00 1.209710e+00
         vertex 1.110653e+01 0.000000e+00 1.209710e+00
      endloop
   endfacet
   facet normal -2.947555e-01 0.000000e+00 -9.555727e-01
      outer loop
         vertex 1.110653e+01 0.000000e+00 1.209710e+00
         vertex 1.110653e+01 8.000000e+00 1.209710e+00
         vertex 1.360588e+01 8.000000e+00 4.387610e-01
      endloop
   endfacet
   facet normal -2.947555e-01 0.000000e+00 -9.555727e-01
      outer loop
         vertex 1.110653e+01 0.000000e+00 1.209710e+00
         vertex 1.360588e+01 8.000000e+00 4.387610e-01
         vertex 1.360588e+01 0.000000e+00 4.387610e-01
      endloop
   endfacet
   facet normal -1.490421e-01 0.000000e+00 -9.888309e-01
      outer loop
         vertex 1.360588e+01 0.000000e+00 4.387610e-01
         vertex 1.360588e+01 8.000000e+00 4.387610e-01
         vertex 1.619222e+01 8.000000e+00 4.893355e-02
      endloop
   endfacet
   facet normal -1.490421e-01 0.000000e+00 -9.888309e-01
      outer loop
         vertex 1.360588e+01 0.000000e+00 4.387610e-01
         vertex 1.619222e+01 8.000000e+00 4.893355e-02
         vertex 1.619222e+01 0.000000e+00 4.893355e-02
      endloop
   endfacet
   facet normal 0.000000e+00 0.000000e+00 -1.000000e+00
      outer loop
         vertex 1.619222e+01 0.000000e+00 4.893355e-02
         vertex 1.619222e+01 8.000000e+00 4.893355e-02
         vertex 1.880778e+01 8.000000e+00 4.893355e-02
      endloop
   endfacet
   facet normal 0.000000e+00 0.000000e+00 -1.000000e+00
      outer loop
         vertex 1.619222e+01 0.000000e+00 4.893355e-02
         vertex 1.880778e+01 8.000000e+00 4.893355e-02
         vertex 1.880778e+01 0.000000e+00 4.893355e-02
      endloop
   endfacet
   facet normal 1.490421e-01 0.000000e+00 -9.888309e-01
      outer loop
         vertex 1.880778e+01 0.000000e+00 4.893355e-02
         vertex 1.880778e+01 8.000000e+00 4.893355e-02
         vertex 2.139412e+01 8.000000e+00 4.387610e-01
      endloop
   endfacet
   facet normal 1.490421e-01 0.000000e+00 -9.888309e-01
      outer loop
         vertex 1.880778e+01 0.000000e+00 4.893355e-02
         vertex 2.139412e+01 8.000000e+00 4.387610e-01
         vertex 2.139412e+01 0.000000e+00 4.387610e-01
      endloop
   endfacet
   facet normal 2.947555e-01 0.000000e+00 -9.555727e-01
      outer loop
         vertex 2.139412e+01 0.000000e+00 4.387610e-01
         vertex 2.139412e+01 8.000000e+00 4.387610e-01
         vertex 2.389347e+01 8.000000e+00 1.209710e+00
      endloop
   endfacet
   facet normal 2.947555e-01 0.000000e+00 -9.555727e-01
      outer loop
         vertex 2.139412e+01 0.000000e+00 4.387610e-01
         vertex 2.389347e+01 8.000000e+00 1.209710e+00
         vertex 2.389347e+01 0.000000e+00 1.209710e+00
      endloop
   endfacet
   facet normal 4.338836e-01 0.000000e+00 -9.009690e-01
      outer loop
         vertex 2.389347e+01 0.000000e+00 1.209710e+00
         vertex 2.389347e+01 8.000000e+00 1.209710e+00
         vertex 2.625000e+01 8.000000e+00 2.344555e+00
      endloop
   endfacet
   facet normal 4.338836e-01 0.000000e+00 -9.009690e-01
      outer loop
         vertex 2.389347e+01 0.000000e+00 1.209710e+00
         vertex 2.625000e+01 8.000000e+00 2.344555e+00
         vertex 2.625000e+01 0.000000e+00 2.344555e+00
      endloop
   endfacet
   facet normal 5.633202e-01 0.000000e+00 -8.262387e-01
      outer loop
         vertex 2.625000e+01 0.000000e+00 2.344555e+00
         vertex 2.625000e+01 8.000000e+00 2.344555e+00
         vertex 2.841107e+01 8.000000e+00 3.817949e+00
      endloop
   endfacet
   facet normal 5.633202e-01 0.000000e+00 -8.262387e-01
      outer loop
         vertex 2.625000e+01 0.000000e+00 2.344555e+00
         vertex 2.841107e+01 8.000000e+00 3.817949e+00
         vertex 2.841107e+01 0.000000e+00 3.817949e+00
      endloop
   endfacet
   facet normal 6.801726e-01 0.000000e+00 -7.330520e-01
      outer loop
         vertex 2.841107e+01 0.000000e+00 3.817949e+00
         vertex 2.841107e+01 8.000000e+00 3.817949e+00
         vertex 3.032841e+01 8.000000e+00 5.596977e+00
      endloop
   endfacet
   facet normal 6.801726e-01 0.000000e+00 -7.330520e-01
      outer loop
         vertex 2.841107e+01 0.000000e+00 3.817949e+00
         vertex 3.032841e+01 8.000000e+00 5.596977e+00
         vertex 3.032841e+01 0.000000e+00 5.596977e+00
      endloop
   endfacet
   facet normal 7.818316e-01 0.000000e+00 -6.234897e-01
      outer loop
         vertex 3.032841e+01 0.000000e+00 5.596977e+00
         vertex 3.032841e+01 8.000000e+00 5.596977e+00
         vertex 3.195918e+01 8.000000e+00 7.641899e+00
      endloop
   endfacet
   facet normal 7.818316e-01 0.000000e+00 -6.234897e-01
      outer loop
         vertex 3.032841e+01 0.000000e+00 5.596977e+00
         vertex 3.195918e+01 8.000000e+00 7.641899e+00
         vertex 3.195918e+01 0.000000e+00 7.641899e+00
      endloop
   endfacet
   facet normal 8.660253e-01 0.000000e+00 -5.000002e-01
      outer loop
         vertex 3.195918e+01 0.000000e+00 7.641899e+00
         vertex 3.195918e+01 8.000000e+00 7.641899e+00
         vertex 3.326696e+01 8.000000e+00 9.907035e+00
      endloop
   endfacet
   facet normal 8.660253e-01 0.000000e+00 -5.000002e-01
      outer loop
         vertex 3.195918e+01 0.000000e+00 7.641899e+00
         vertex 3.326696e+01 8.000000e+00 9.907035e+00
         vertex 3.326696e+01 0.000000e+00 9.907035e+00
      endloop
   endfacet
   facet normal 9.308738e-01 0.000000e+00 -3.653410e-01
      outer loop
         vertex 3.326696e+01 0.000000e+00 9.907035e+00
         vertex 3.326696e+01 8.000000e+00 9.907035e+00
         vertex 3.422252e+01 8.000000e+00 1.234178e+01
      endloop
   endfacet
   facet normal 9.308738e-01 0.000000e+00 -3.653410e-01
      outer loop
         vertex 3.326696e+01 0.000000e+00 9.907035e+00
         vertex 3.422252e+01 8.000000e+00 1.234178e+01
         vertex 3.422252e+01 0.000000e+00 1.234178e+01
      endloop
   endfacet
   facet normal 9.749279e-01 0.000000e+00 -2.225208e-01
      outer loop
         vertex 3.422252e+01 0.000000e+00 1.234178e+01
         vertex 3.422252e+01 8.000000e+00 1.234178e+01
         vertex 3.480454e+01 8.000000e+00 1.489176e+01
      endloop
   endfacet
   facet normal 9.749279e-01 0.000000e+00 -2.225208e-01
      outer loop
         vertex 3.422252e+01 0.000000e+00 1.234178e+01
         vertex 3.480454e+01 8.000000e+00 1.489176e+01
         vertex 3.480454e+01 0.000000e+00 1.489176e+01
      endloop
   endfacet
   facet normal 9.972038e-01 0.000000e+00 -7.473004e-02
      outer loop
         vertex 3.480454e+01 0.000000e+00 1.489176e+01
         vertex 3.480454e+01 8.000000e+00 1.489176e+01
         vertex 3.500000e+01 8.000000e+00 1.750000e+01
      endloop
   endfacet
   facet normal 9.972038e-01 0.000000e+00 -7.473004e-02
      outer loop
         vertex 3.480454e+01 0.000000e+00 1.489176e+01
         vertex 3.500000e+01 8.000000e+00 1.750000e+01
         vertex 3.500000e+01 0.000000e+00 1.750000e+01
      endloop
   endfacet
   facet normal -9.986578e-01 0.000000e+00 5.179363e-02
      outer loop
         vertex 9.389035e-02 8.000000e+00 1.931034e+01
         vertex 0.000000e+00 8.000000e+00 1.750000e+01
         vertex 9.389035e-02 0.000000e+00 1.931034e+01
      endloop
   endfacet
   facet normal -9.986578e-01 0.000000e+00 5.179363e-02
      outer loop
         vertex 9.389035e-02 0.000000e+00 1.931034e+01
         vertex 0.000000e+00 8.000000e+00 1.750000e+01
         vertex 0.000000e+00 0.000000e+00 1.750000e+01
      endloop
   endfacet
   facet normal 9.820160e-01 -0.000000e+00 1.887975e-01
      outer loop
         vertex 2.744635e+01 0.000000e+00 9.103448e+01
         vertex 2.744635e+01 8.000000e+00 9.103448e+01
         vertex 2.712087e+01 8.000000e+00 9.272741e+01
      endloop
   endfacet
   facet normal 9.820160e-01 0.000000e+00 1.887975e-01
      outer loop
         vertex 2.744635e+01 0.000000e+00 9.103448e+01
         vertex 2.712087e+01 8.000000e+00 9.272741e+01
         vertex 2.712087e+01 0.000000e+00 9.272741e+01
      endloop
   endfacet
   facet normal 9.349975e-01 -0.000000e+00 3.546542e-01
      outer loop
         vertex 2.712087e+01 0.000000e+00 9.272741e+01
         vertex 2.712087e+01 8.000000e+00 9.272741e+01
         vertex 2.650947e+01 8.000000e+00 9.433928e+01
      endloop
   endfacet
   facet normal 9.349975e-01 0.000000e+00 3.546542e-01
      outer loop
         vertex 2.712087e+01 0.000000e+00 9.272741e+01
         vertex 2.650947e+01 8.000000e+00 9.433928e+01
         vertex 2.650947e+01 0.000000e+00 9.433928e+01
      endloop
   endfacet
   facet normal 8.601913e-01 -0.000000e+00 5.099716e-01
      outer loop
         vertex 2.650947e+01 0.000000e+00 9.433928e+01
         vertex 2.650947e+01 8.000000e+00 9.433928e+01
         vertex 2.563032e+01 8.000000e+00 9.582219e+01
      endloop
   endfacet
   facet normal 8.601913e-01 0.000000e+00 5.099716e-01
      outer loop
         vertex 2.650947e+01 0.000000e+00 9.433928e+01
         vertex 2.563032e+01 8.000000e+00 9.582219e+01
         vertex 2.563032e+01 0.000000e+00 9.582219e+01
      endloop
   endfacet
   facet normal 7.598205e-01 -0.000000e+00 6.501329e-01
      outer loop
         vertex 2.563032e+01 0.000000e+00 9.582219e+01
         vertex 2.563032e+01 8.000000e+00 9.582219e+01
         vertex 2.450953e+01 8.000000e+00 9.713207e+01
      endloop
   endfacet
   facet normal 7.598205e-01 0.000000e+00 6.501329e-01
      outer loop
         vertex 2.563032e+01 0.000000e+00 9.582219e+01
         vertex 2.450953e+01 8.000000e+00 9.713207e+01
         vertex 2.450953e+01 0.000000e+00 9.713207e+01
      endloop
   endfacet
   facet normal 6.368684e-01 -0.000000e+00 7.709725e-01
      outer loop
         vertex 2.450953e+01 0.000000e+00 9.713207e+01
         vertex 2.450953e+01 8.000000e+00 9.713207e+01
         vertex 2.318043e+01 8.000000e+00 9.822999e+01
      endloop
   endfacet
   facet normal 6.368684e-01 0.000000e+00 7.709725e-01
      outer loop
         vertex 2.450953e+01 0.000000e+00 9.713207e+01
         vertex 2.318043e+01 8.000000e+00 9.822999e+01
         vertex 2.318043e+01 0.000000e+00 9.822999e+01
      endloop
   endfacet
   facet normal 4.949868e-01 -0.000000e+00 8.689005e-01
      outer loop
         vertex 2.318043e+01 0.000000e+00 9.822999e+01
         vertex 2.318043e+01 8.000000e+00 9.822999e+01
         vertex 2.168251e+01 8.000000e+00 9.908331e+01
      endloop
   endfacet
   facet normal 4.949868e-01 0.000000e+00 8.689005e-01
      outer loop
         vertex 2.318043e+01 0.000000e+00 9.822999e+01
         vertex 2.168251e+01 8.000000e+00 9.908331e+01
         vertex 2.168251e+01 0.000000e+00 9.908331e+01
      endloop
   endfacet
   facet normal 3.384009e-01 -0.000000e+00 9.410020e-01
      outer loop
         vertex 2.168251e+01 0.000000e+00 9.908331e+01
         vertex 2.168251e+01 8.000000e+00 9.908331e+01
         vertex 2.006028e+01 8.000000e+00 9.966669e+01
      endloop
   endfacet
   facet normal 3.384009e-01 0.000000e+00 9.410020e-01
      outer loop
         vertex 2.168251e+01 0.000000e+00 9.908331e+01
         vertex 2.006028e+01 8.000000e+00 9.966669e+01
         vertex 2.006028e+01 0.000000e+00 9.966669e+01
      endloop
   endfacet
   facet normal 1.717505e-01 -0.000000e+00 9.851405e-01
      outer loop
         vertex 2.006028e+01 0.000000e+00 9.966669e+01
         vertex 2.006028e+01 8.000000e+00 9.966669e+01
         vertex 1.836197e+01 8.000000e+00 9.996278e+01
      endloop
   endfacet
   facet normal 1.717505e-01 0.000000e+00 9.851405e-01
      outer loop
         vertex 2.006028e+01 0.000000e+00 9.966669e+01
         vertex 1.836197e+01 8.000000e+00 9.996278e+01
         vertex 1.836197e+01 0.000000e+00 9.996278e+01
      endloop
   endfacet
   facet normal 0.000000e+00 -0.000000e+00 1.000000e+00
      outer loop
         vertex 1.836197e+01 0.000000e+00 9.996278e+01
         vertex 1.836197e+01 8.000000e+00 9.996278e+01
         vertex 1.663803e+01 8.000000e+00 9.996278e+01
      endloop
   endfacet
   facet normal 0.000000e+00 0.000000e+00 1.000000e+00
      outer loop
         vertex 1.836197e+01 0.000000e+00 9.996278e+01
         vertex 1.663803e+01 8.000000e+00 9.996278e+01
         vertex 1.663803e+01 0.000000e+00 9.996278e+01
      endloop
   endfacet
   facet normal -1.717505e-01 0.000000e+00 9.851405e-01
      outer loop
         vertex 1.663803e+01 0.000000e+00 9.996278e+01
         vertex 1.663803e+01 8.000000e+00 9.996278e+01
         vertex 1.493972e+01 8.000000e+00 9.966669e+01
      endloop
   endfacet
   facet normal -1.717505e-01 0.000000e+00 9.851405e-01
      outer loop
         vertex 1.663803e+01 0.000000e+00 9.996278e+01
         vertex 1.493972e+01 8.000000e+00 9.966669e+01
         vertex 1.493972e+01 0.000000e+00 9.966669e+01
      endloop
   endfacet
   facet normal -3.384009e-01 0.000000e+00 9.410020e-01
      outer loop
         vertex 1.493972e+01 0.000000e+00 9.966669e+01
         vertex 1.493972e+01 8.000000e+00 9.966669e+01
         vertex 1.331750e+01 8.000000e+00 9.908331e+01
      endloop
   endfacet
   facet normal -3.384009e-01 0.000000e+00 9.410020e-01
      outer loop
         vertex 1.493972e+01 0.000000e+00 9.966669e+01
         vertex 1.331750e+01 8.000000e+00 9.908331e+01
         vertex 1.331750e+01 0.000000e+00 9.908331e+01
      endloop
   endfacet
   facet normal -4.949868e-01 0.000000e+00 8.689005e-01
      outer loop
         vertex 1.331750e+01 0.000000e+00 9.908331e+01
         vertex 1.331750e+01 8.000000e+00 9.908331e+01
         vertex 1.181957e+01 8.000000e+00 9.822999e+01
      endloop
   endfacet
   facet normal -4.949868e-01 0.000000e+00 8.689005e-01
      outer loop
         vertex 1.331750e+01 0.000000e+00 9.908331e+01
         vertex 1.181957e+01 8.000000e+00 9.822999e+01
         vertex 1.181957e+01 0.000000e+00 9.822999e+01
      endloop
   endfacet
   facet normal -6.368684e-01 0.000000e+00 7.709725e-01
      outer loop
         vertex 1.181957e+01 0.000000e+00 9.822999e+01
         vertex 1.181957e+01 8.000000e+00 9.822999e+01
         vertex 1.049047e+01 8.000000e+00 9.713207e+01
      endloop
   endfacet
   facet normal -6.368684e-01 0.000000e+00 7.709725e-01
      outer loop
         vertex 1.181957e+01 0.000000e+00 9.822999e+01
         vertex 1.049047e+01 8.000000e+00 9.713207e+01
         vertex 1.049047e+01 0.000000e+00 9.713207e+01
      endloop
   endfacet
   facet normal -7.598205e-01 0.000000e+00 6.501329e-01
      outer loop
         vertex 1.049047e+01 0.000000e+00 9.713207e+01
         vertex 1.049047e+01 8.000000e+00 9.713207e+01
         vertex 9.369683e+00 8.000000e+00 9.582219e+01
      endloop
   endfacet
   facet normal -7.598205e-01 0.000000e+00 6.501329e-01
      outer loop
         vertex 1.049047e+01 0.000000e+00 9.713207e+01
         vertex 9.369683e+00 8.000000e+00 9.582219e+01
         vertex 9.369683e+00 0.000000e+00 9.582219e+01
      endloop
   endfacet
   facet normal -8.601913e-01 0.000000e+00 5.099716e-01
      outer loop
         vertex 9.369683e+00 0.000000e+00 9.582219e+01
         vertex 9.369683e+00 8.000000e+00 9.582219e+01
         vertex 8.490526e+00 8.000000e+00 9.433928e+01
      endloop
   endfacet
   facet normal -8.601913e-01 0.000000e+00 5.099716e-01
      outer loop
         vertex 9.369683e+00 0.000000e+00 9.582219e+01
         vertex 8.490526e+00 8.000000e+00 9.433928e+01
         vertex 8.490526e+00 0.000000e+00 9.433928e+01
      endloop
   endfacet
   facet normal -9.349975e-01 0.000000e+00 3.546542e-01
      outer loop
         vertex 8.490526e+00 0.000000e+00 9.433928e+01
         vertex 8.490526e+00 8.000000e+00 9.433928e+01
         vertex 7.879126e+00 8.000000e+00 9.272741e+01
      endloop
   endfacet
   facet normal -9.349975e-01 0.000000e+00 3.546542e-01
      outer loop
         vertex 8.490526e+00 0.000000e+00 9.433928e+01
         vertex 7.879126e+00 8.000000e+00 9.272741e+01
         vertex 7.879126e+00 0.000000e+00 9.272741e+01
      endloop
   endfacet
   facet normal -9.820160e-01 0.000000e+00 1.887975e-01
      outer loop
         vertex 7.879126e+00 0.000000e+00 9.272741e+01
         vertex 7.879126e+00 8.000000e+00 9.272741e+01
         vertex 7.553652e+00 8.000000e+00 9.103448e+01
      endloop
   endfacet
   facet normal -9.820160e-01 0.000000e+00 1.887975e-01
      outer loop
         vertex 7.879126e+00 0.000000e+00 9.272741e+01
         vertex 7.553652e+00 8.000000e+00 9.103448e+01
         vertex 7.553652e+00 0.000000e+00 9.103448e+01
      endloop
   endfacet
   facet normal -9.946348e-01 0.000000e+00 1.034482e-01
      outer loop
         vertex 7.584542e-01 8.000000e+00 2.570000e+01
         vertex 9.389035e-02 8.000000e+00 1.931034e+01
         vertex 9.389035e-02 0.000000e+00 1.931034e+01
      endloop
   endfacet
   facet normal -9.946348e-01 0.000000e+00 1.034483e-01
      outer loop
         vertex 7.553652e+00 0.000000e+00 9.103448e+01
         vertex 7.553652e+00 8.000000e+00 9.103448e+01
         vertex 6.619235e+00 0.000000e+00 8.205024e+01
      endloop
   endfacet
   facet normal -9.946348e-01 0.000000e+00 1.034483e-01
      outer loop
         vertex 6.619235e+00 0.000000e+00 8.205024e+01
         vertex 7.553652e+00 8.000000e+00 9.103448e+01
         vertex 6.619235e+00 8.000000e+00 8.205024e+01
      endloop
   endfacet
   facet normal -9.946348e-01 0.000000e+00 1.034483e-01
      outer loop
         vertex 6.619235e+00 0.000000e+00 8.205024e+01
         vertex 6.619235e+00 8.000000e+00 8.205024e+01
         vertex 5.579258e+00 0.000000e+00 7.205108e+01
      endloop
   endfacet
   facet normal -9.946348e-01 0.000000e+00 1.034483e-01
      outer loop
         vertex 5.579258e+00 0.000000e+00 7.205108e+01
         vertex 6.619235e+00 8.000000e+00 8.205024e+01
         vertex 5.579258e+00 8.000000e+00 7.205108e+01
      endloop
   endfacet
   facet normal -9.946348e-01 0.000000e+00 1.034483e-01
      outer loop
         vertex 5.579258e+00 0.000000e+00 7.205108e+01
         vertex 5.579258e+00 8.000000e+00 7.205108e+01
         vertex 4.591199e+00 0.000000e+00 6.255108e+01
      endloop
   endfacet
   facet normal -9.946348e-01 0.000000e+00 1.034483e-01
      outer loop
         vertex 4.591199e+00 0.000000e+00 6.255108e+01
         vertex 5.579258e+00 8.000000e+00 7.205108e+01
         vertex 4.591199e+00 8.000000e+00 6.255108e+01
      endloop
   endfacet
   facet normal -9.946348e-01 0.000000e+00 1.034482e-01
      outer loop
         vertex 4.591199e+00 0.000000e+00 6.255108e+01
         vertex 4.591199e+00 8.000000e+00 6.255108e+01
         vertex 3.564112e+00 0.000000e+00 5.267584e+01
      endloop
   endfacet
   facet normal -9.946348e-01 0.000000e+00 1.034482e-01
      outer loop
         vertex 3.564112e+00 0.000000e+00 5.267584e+01
         vertex 4.591199e+00 8.000000e+00 6.255108e+01
         vertex 3.564112e+00 8.000000e+00 5.267584e+01
      endloop
   endfacet
   facet normal -9.946348e-01 0.000000e+00 1.034483e-01
      outer loop
         vertex 3.564112e+00 0.000000e+00 5.267584e+01
         vertex 3.564112e+00 8.000000e+00 5.267584e+01
         vertex 1.730472e+00 0.000000e+00 3.504575e+01
      endloop
   endfacet
   facet normal -9.946348e-01 -3.026457e-08 1.034483e-01
      outer loop
         vertex 1.730472e+00 0.000000e+00 3.504575e+01
         vertex 3.564112e+00 8.000000e+00 5.267584e+01
         vertex 1.629507e+00 8.000000e+00 3.407500e+01
      endloop
   endfacet
   facet normal -9.946348e-01 -2.175676e-08 1.034484e-01
      outer loop
         vertex 1.730472e+00 0.000000e+00 3.504575e+01
         vertex 1.629507e+00 8.000000e+00 3.407500e+01
         vertex 9.586662e-01 0.000000e+00 2.762500e+01
      endloop
   endfacet
   facet normal -9.946348e-01 2.344308e-08 1.034483e-01
      outer loop
         vertex 9.586662e-01 0.000000e+00 2.762500e+01
         vertex 1.629507e+00 8.000000e+00 3.407500e+01
         vertex 7.584542e-01 8.000000e+00 2.570000e+01
      endloop
   endfacet
   facet normal -9.946349e-01 -4.631629e-08 1.034480e-01
      outer loop
         vertex 9.586662e-01 0.000000e+00 2.762500e+01
         vertex 7.584542e-01 8.000000e+00 2.570000e+01
         vertex 8.156579e-01 0.000000e+00 2.625000e+01
      endloop
   endfacet
   facet normal -9.946348e-01 -3.173811e-08 1.034482e-01
      outer loop
         vertex 8.156579e-01 0.000000e+00 2.625000e+01
         vertex 7.584542e-01 8.000000e+00 2.570000e+01
         vertex 9.389035e-02 0.000000e+00 1.931034e+01
      endloop
   endfacet
   facet normal 0.000000e+00 1.000000e+00 0.000000e+00
      outer loop
         vertex 2.501754e+01 8.000000e+00 2.023616e+01
         vertex 2.442820e+01 8.000000e+00 2.150000e+01
         vertex 2.470560e+01 8.000000e+00 2.570000e+01
      endloop
   endfacet
   facet normal 0.000000e+00 1.000000e+00 0.000000e+00
      outer loop
         vertex 1.417500e+01 8.000000e+00 8.424093e+01
         vertex 1.522557e+01 8.000000e+00 8.375105e+01
         vertex 1.567500e+01 8.000000e+00 8.205024e+01
      endloop
   endfacet
   facet normal 0.000000e+00 1.000000e+00 0.000000e+00
      outer loop
         vertex 2.813074e+01 8.000000e+00 9.486027e+00
         vertex 2.836634e+01 8.000000e+00 9.321058e+00
         vertex 2.652067e+01 8.000000e+00 9.300000e+00
      endloop
   endfacet
   facet normal -0.000000e+00 1.000000e+00 0.000000e+00
      outer loop
         vertex 2.975568e+01 8.000000e+00 9.199508e+00
         vertex 3.001634e+01 8.000000e+00 9.321058e+00
         vertex 3.195918e+01 8.000000e+00 7.641899e+00
      endloop
   endfacet
   facet normal -0.000000e+00 1.000000e+00 0.000000e+00
      outer loop
         vertex 8.490526e+00 8.000000e+00 9.433928e+01
         vertex 9.369683e+00 8.000000e+00 9.582219e+01
         vertex 9.619401e+00 8.000000e+00 8.205024e+01
      endloop
   endfacet
   facet normal 0.000000e+00 1.000000e+00 0.000000e+00
      outer loop
         vertex 8.490526e+00 8.000000e+00 9.433928e+01
         vertex 9.619401e+00 8.000000e+00 8.205024e+01
         vertex 7.879126e+00 8.000000e+00 9.272741e+01
      endloop
   endfacet
   facet normal 0.000000e+00 1.000000e+00 -0.000000e+00
      outer loop
         vertex 6.095177e+00 8.000000e+00 2.587493e+01
         vertex 5.808657e+00 8.000000e+00 2.590000e+01
         vertex 9.619401e+00 8.000000e+00 3.407500e+01
      endloop
   endfacet
   facet normal 0.000000e+00 1.000000e+00 -0.000000e+00
      outer loop
         vertex 5.808657e+00 8.000000e+00 2.590000e+01
         vertex 1.629507e+00 8.000000e+00 3.407500e+01
         vertex 9.619401e+00 8.000000e+00 3.407500e+01
      endloop
   endfacet
   facet normal 0.000000e+00 1.000000e+00 0.000000e+00
      outer loop
         vertex 9.619401e+00 8.000000e+00 3.407500e+01
         vertex 1.629507e+00 8.000000e+00 3.407500e+01
         vertex 3.564112e+00 8.000000e+00 5.267584e+01
      endloop
   endfacet
   facet normal 0.000000e+00 1.000000e+00 -0.000000e+00
      outer loop
         vertex 9.619401e+00 8.000000e+00 3.407500e+01
         vertex 3.564112e+00 8.000000e+00 5.267584e+01
         vertex 9.619401e+00 8.000000e+00 5.267584e+01
      endloop
   endfacet
   facet normal 0.000000e+00 1.000000e+00 0.000000e+00
      outer loop
         vertex 9.619401e+00 8.000000e+00 5.267584e+01
         vertex 3.564112e+00 8.000000e+00 5.267584e+01
         vertex 4.591199e+00 8.000000e+00 6.255108e+01
      endloop
   endfacet
   facet normal 0.000000e+00 1.000000e+00 -0.000000e+00
      outer loop
         vertex 9.619401e+00 8.000000e+00 5.267584e+01
         vertex 4.591199e+00 8.000000e+00 6.255108e+01
         vertex 9.619401e+00 8.000000e+00 6.255108e+01
      endloop
   endfacet
   facet normal 0.000000e+00 1.000000e+00 0.000000e+00
      outer loop
         vertex 9.619401e+00 8.000000e+00 6.255108e+01
         vertex 4.591199e+00 8.000000e+00 6.255108e+01
         vertex 5.579258e+00 8.000000e+00 7.205108e+01
      endloop
   endfacet
   facet normal 0.000000e+00 1.000000e+00 -0.000000e+00
      outer loop
         vertex 9.619401e+00 8.000000e+00 6.255108e+01
         vertex 5.579258e+00 8.000000e+00 7.205108e+01
         vertex 9.619401e+00 8.000000e+00 7.205108e+01
      endloop
   endfacet
   facet normal 0.000000e+00 1.000000e+00 0.000000e+00
      outer loop
         vertex 9.619401e+00 8.000000e+00 7.205108e+01
         vertex 5.579258e+00 8.000000e+00 7.205108e+01
         vertex 6.619235e+00 8.000000e+00 8.205024e+01
      endloop
   endfacet
   facet normal 0.000000e+00 1.000000e+00 -0.000000e+00
      outer loop
         vertex 9.619401e+00 8.000000e+00 7.205108e+01
         vertex 6.619235e+00 8.000000e+00 8.205024e+01
         vertex 9.619401e+00 8.000000e+00 8.205024e+01
      endloop
   endfacet
   facet normal 0.000000e+00 1.000000e+00 0.000000e+00
      outer loop
         vertex 9.619401e+00 8.000000e+00 8.205024e+01
         vertex 6.619235e+00 8.000000e+00 8.205024e+01
         vertex 7.553652e+00 8.000000e+00 9.103448e+01
      endloop
   endfacet
   facet normal 0.000000e+00 1.000000e+00 0.000000e+00
      outer loop
         vertex 9.619401e+00 8.000000e+00 8.205024e+01
         vertex 7.553652e+00 8.000000e+00 9.103448e+01
         vertex 7.879126e+00 8.000000e+00 9.272741e+01
      endloop
   endfacet
   facet normal 0.000000e+00 1.000000e+00 0.000000e+00
      outer loop
         vertex 5.808657e+00 8.000000e+00 2.590000e+01
         vertex 5.522138e+00 8.000000e+00 2.587493e+01
         vertex 1.629507e+00 8.000000e+00 3.407500e+01
      endloop
   endfacet
   facet normal 0.000000e+00 1.000000e+00 0.000000e+00
      outer loop
         vertex 1.629507e+00 8.000000e+00 3.407500e+01
         vertex 5.522138e+00 8.000000e+00 2.587493e+01
         vertex 5.244324e+00 8.000000e+00 2.580049e+01
      endloop
   endfacet
   facet normal 0.000000e+00 1.000000e+00 0.000000e+00
      outer loop
         vertex 1.629507e+00 8.000000e+00 3.407500e+01
         vertex 5.244324e+00 8.000000e+00 2.580049e+01
         vertex 7.584542e-01 8.000000e+00 2.570000e+01
      endloop
   endfacet
   facet normal -0.000000e+00 1.000000e+00 0.000000e+00
      outer loop
         vertex 7.584542e-01 8.000000e+00 2.570000e+01
         vertex 5.244324e+00 8.000000e+00 2.580049e+01
         vertex 4.983657e+00 8.000000e+00 2.567894e+01
      endloop
   endfacet
   facet normal 0.000000e+00 1.000000e+00 0.000000e+00
      outer loop
         vertex 7.584542e-01 8.000000e+00 2.570000e+01
         vertex 4.983657e+00 8.000000e+00 2.567894e+01
         vertex 4.748058e+00 8.000000e+00 2.551397e+01
      endloop
   endfacet
   facet normal 0.000000e+00 1.000000e+00 0.000000e+00
      outer loop
         vertex 4.748058e+00 8.000000e+00 2.551397e+01
         vertex 4.544684e+00 8.000000e+00 2.531060e+01
         vertex 7.584542e-01 8.000000e+00 2.570000e+01
      endloop
   endfacet
   facet normal 0.000000e+00 1.000000e+00 0.000000e+00
      outer loop
         vertex 7.584542e-01 8.000000e+00 2.570000e+01
         vertex 4.544684e+00 8.000000e+00 2.531060e+01
         vertex 4.379715e+00 8.000000e+00 2.507500e+01
      endloop
   endfacet
   facet normal 0.000000e+00 1.000000e+00 0.000000e+00
      outer loop
         vertex 7.584542e-01 8.000000e+00 2.570000e+01
         vertex 4.379715e+00 8.000000e+00 2.507500e+01
         vertex 4.258164e+00 8.000000e+00 2.481433e+01
      endloop
   endfacet
   facet normal -0.000000e+00 1.000000e+00 0.000000e+00
      outer loop
         vertex 7.072630e+00 8.000000e+00 2.318940e+01
         vertex 7.237599e+00 8.000000e+00 2.342500e+01
         vertex 9.621538e+00 8.000000e+00 1.888919e+01
      endloop
   endfacet
   facet normal 0.000000e+00 1.000000e+00 -0.000000e+00
      outer loop
         vertex 7.072630e+00 8.000000e+00 2.531060e+01
         vertex 6.869256e+00 8.000000e+00 2.551397e+01
         vertex 9.619401e+00 8.000000e+00 2.570000e+01
      endloop
   endfacet
   facet normal 0.000000e+00 1.000000e+00 0.000000e+00
      outer loop
         vertex 9.619401e+00 8.000000e+00 2.570000e+01
         vertex 6.869256e+00 8.000000e+00 2.551397e+01
         vertex 6.633657e+00 8.000000e+00 2.567894e+01
      endloop
   endfacet
   facet normal 0.000000e+00 1.000000e+00 -0.000000e+00
      outer loop
         vertex 9.619401e+00 8.000000e+00 2.570000e+01
         vertex 6.633657e+00 8.000000e+00 2.567894e+01
         vertex 9.619401e+00 8.000000e+00 3.407500e+01
      endloop
   endfacet
   facet normal 0.000000e+00 1.000000e+00 0.000000e+00
      outer loop
         vertex 9.619401e+00 8.000000e+00 3.407500e+01
         vertex 6.633657e+00 8.000000e+00 2.567894e+01
         vertex 6.372990e+00 8.000000e+00 2.580049e+01
      endloop
   endfacet
   facet normal 0.000000e+00 1.000000e+00 0.000000e+00
      outer loop
         vertex 9.619401e+00 8.000000e+00 3.407500e+01
         vertex 6.372990e+00 8.000000e+00 2.580049e+01
         vertex 6.095177e+00 8.000000e+00 2.587493e+01
      endloop
   endfacet
   facet normal 0.000000e+00 1.000000e+00 0.000000e+00
      outer loop
         vertex 4.258164e+00 8.000000e+00 2.368567e+01
         vertex 9.389035e-02 8.000000e+00 1.931034e+01
         vertex 4.183725e+00 8.000000e+00 2.396348e+01
      endloop
   endfacet
   facet normal 0.000000e+00 1.000000e+00 0.000000e+00
      outer loop
         vertex 4.183725e+00 8.000000e+00 2.396348e+01
         vertex 9.389035e-02 8.000000e+00 1.931034e+01
         vertex 7.584542e-01 8.000000e+00 2.570000e+01
      endloop
   endfacet
   facet normal 0.000000e+00 1.000000e+00 0.000000e+00
      outer loop
         vertex 4.258164e+00 8.000000e+00 2.368567e+01
         vertex 4.379715e+00 8.000000e+00 2.342500e+01
         vertex 9.389035e-02 8.000000e+00 1.931034e+01
      endloop
   endfacet
   facet normal 0.000000e+00 1.000000e+00 0.000000e+00
      outer loop
         vertex 9.389035e-02 8.000000e+00 1.931034e+01
         vertex 4.379715e+00 8.000000e+00 2.342500e+01
         vertex 4.544684e+00 8.000000e+00 2.318940e+01
      endloop
   endfacet
   facet normal -0.000000e+00 1.000000e+00 0.000000e+00
      outer loop
         vertex 9.389035e-02 8.000000e+00 1.931034e+01
         vertex 4.544684e+00 8.000000e+00 2.318940e+01
         vertex 0.000000e+00 8.000000e+00 1.750000e+01
      endloop
   endfacet
   facet normal 0.000000e+00 1.000000e+00 0.000000e+00
      outer loop
         vertex 0.000000e+00 8.000000e+00 1.750000e+01
         vertex 4.544684e+00 8.000000e+00 2.318940e+01
         vertex 4.748058e+00 8.000000e+00 2.298603e+01
      endloop
   endfacet
   facet normal 0.000000e+00 1.000000e+00 0.000000e+00
      outer loop
         vertex 0.000000e+00 8.000000e+00 1.750000e+01
         vertex 4.748058e+00 8.000000e+00 2.298603e+01
         vertex 4.983657e+00 8.000000e+00 2.282106e+01
      endloop
   endfacet
   facet normal 0.000000e+00 1.000000e+00 0.000000e+00
      outer loop
         vertex 7.359150e+00 8.000000e+00 2.368567e+01
         vertex 7.433590e+00 8.000000e+00 2.396348e+01
         vertex 9.619401e+00 8.000000e+00 2.570000e+01
      endloop
   endfacet
   facet normal 0.000000e+00 1.000000e+00 0.000000e+00
      outer loop
         vertex 9.619401e+00 8.000000e+00 2.570000e+01
         vertex 7.433590e+00 8.000000e+00 2.396348e+01
         vertex 7.458657e+00 8.000000e+00 2.425000e+01
      endloop
   endfacet
   facet normal 0.000000e+00 1.000000e+00 0.000000e+00
      outer loop
         vertex 9.619401e+00 8.000000e+00 2.570000e+01
         vertex 7.458657e+00 8.000000e+00 2.425000e+01
         vertex 7.433590e+00 8.000000e+00 2.453652e+01
      endloop
   endfacet
   facet normal 0.000000e+00 1.000000e+00 0.000000e+00
      outer loop
         vertex 4.258164e+00 8.000000e+00 2.481433e+01
         vertex 4.183725e+00 8.000000e+00 2.453652e+01
         vertex 7.584542e-01 8.000000e+00 2.570000e+01
      endloop
   endfacet
   facet normal 0.000000e+00 1.000000e+00 0.000000e+00
      outer loop
         vertex 7.584542e-01 8.000000e+00 2.570000e+01
         vertex 4.183725e+00 8.000000e+00 2.453652e+01
         vertex 4.158657e+00 8.000000e+00 2.425000e+01
      endloop
   endfacet
   facet normal 0.000000e+00 1.000000e+00 0.000000e+00
      outer loop
         vertex 7.584542e-01 8.000000e+00 2.570000e+01
         vertex 4.158657e+00 8.000000e+00 2.425000e+01
         vertex 4.183725e+00 8.000000e+00 2.396348e+01
      endloop
   endfacet
   facet normal 0.000000e+00 1.000000e+00 0.000000e+00
      outer loop
         vertex 4.983657e+00 8.000000e+00 2.282106e+01
         vertex 5.244324e+00 8.000000e+00 2.269951e+01
         vertex 0.000000e+00 8.000000e+00 1.750000e+01
      endloop
   endfacet
   facet normal 0.000000e+00 1.000000e+00 0.000000e+00
      outer loop
         vertex 0.000000e+00 8.000000e+00 1.750000e+01
         vertex 5.244324e+00 8.000000e+00 2.269951e+01
         vertex 5.522138e+00 8.000000e+00 2.262507e+01
      endloop
   endfacet
   facet normal 0.000000e+00 1.000000e+00 0.000000e+00
      outer loop
         vertex 0.000000e+00 8.000000e+00 1.750000e+01
         vertex 5.522138e+00 8.000000e+00 2.262507e+01
         vertex 9.500000e+00 8.000000e+00 1.750000e+01
      endloop
   endfacet
   facet normal 0.000000e+00 1.000000e+00 0.000000e+00
      outer loop
         vertex 9.500000e+00 8.000000e+00 1.750000e+01
         vertex 5.522138e+00 8.000000e+00 2.262507e+01
         vertex 5.808657e+00 8.000000e+00 2.260000e+01
      endloop
   endfacet
   facet normal 0.000000e+00 1.000000e+00 0.000000e+00
      outer loop
         vertex 9.500000e+00 8.000000e+00 1.750000e+01
         vertex 5.808657e+00 8.000000e+00 2.260000e+01
         vertex 6.095177e+00 8.000000e+00 2.262507e+01
      endloop
   endfacet
   facet normal 0.000000e+00 1.000000e+00 -0.000000e+00
      outer loop
         vertex 7.433590e+00 8.000000e+00 2.453652e+01
         vertex 7.359150e+00 8.000000e+00 2.481433e+01
         vertex 9.619401e+00 8.000000e+00 2.570000e+01
      endloop
   endfacet
   facet normal 0.000000e+00 1.000000e+00 0.000000e+00
      outer loop
         vertex 9.619401e+00 8.000000e+00 2.570000e+01
         vertex 7.359150e+00 8.000000e+00 2.481433e+01
         vertex 7.237599e+00 8.000000e+00 2.507500e+01
      endloop
   endfacet
   facet normal 0.000000e+00 1.000000e+00 0.000000e+00
      outer loop
         vertex 9.619401e+00 8.000000e+00 2.570000e+01
         vertex 7.237599e+00 8.000000e+00 2.507500e+01
         vertex 7.072630e+00 8.000000e+00 2.531060e+01
      endloop
   endfacet
   facet normal -0.000000e+00 1.000000e+00 0.000000e+00
      outer loop
         vertex 6.095177e+00 8.000000e+00 2.262507e+01
         vertex 6.372990e+00 8.000000e+00 2.269951e+01
         vertex 9.500000e+00 8.000000e+00 1.750000e+01
      endloop
   endfacet
   facet normal 0.000000e+00 1.000000e+00 0.000000e+00
      outer loop
         vertex 9.500000e+00 8.000000e+00 1.750000e+01
         vertex 6.372990e+00 8.000000e+00 2.269951e+01
         vertex 6.633657e+00 8.000000e+00 2.282106e+01
      endloop
   endfacet
   facet normal 0.000000e+00 1.000000e+00 -0.000000e+00
      outer loop
         vertex 9.500000e+00 8.000000e+00 1.750000e+01
         vertex 6.633657e+00 8.000000e+00 2.282106e+01
         vertex 9.621538e+00 8.000000e+00 1.888919e+01
      endloop
   endfacet
   facet normal 0.000000e+00 1.000000e+00 0.000000e+00
      outer loop
         vertex 9.621538e+00 8.000000e+00 1.888919e+01
         vertex 6.633657e+00 8.000000e+00 2.282106e+01
         vertex 6.869256e+00 8.000000e+00 2.298603e+01
      endloop
   endfacet
   facet normal 0.000000e+00 1.000000e+00 0.000000e+00
      outer loop
         vertex 9.621538e+00 8.000000e+00 1.888919e+01
         vertex 6.869256e+00 8.000000e+00 2.298603e+01
         vertex 7.072630e+00 8.000000e+00 2.318940e+01
      endloop
   endfacet
   facet normal 0.000000e+00 1.000000e+00 0.000000e+00
      outer loop
         vertex 9.619401e+00 8.000000e+00 9.300000e+00
         vertex 6.633657e+00 8.000000e+00 9.321058e+00
         vertex 6.869256e+00 8.000000e+00 9.486027e+00
      endloop
   endfacet
   facet normal -0.000000e+00 1.000000e+00 0.000000e+00
      outer loop
         vertex 6.869256e+00 8.000000e+00 9.486027e+00
         vertex 7.072630e+00 8.000000e+00 9.689400e+00
         vertex 9.619401e+00 8.000000e+00 9.300000e+00
      endloop
   endfacet
   facet normal 0.000000e+00 1.000000e+00 0.000000e+00
      outer loop
         vertex 9.619401e+00 8.000000e+00 9.300000e+00
         vertex 7.072630e+00 8.000000e+00 9.689400e+00
         vertex 7.237599e+00 8.000000e+00 9.925000e+00
      endloop
   endfacet
   facet normal 0.000000e+00 1.000000e+00 0.000000e+00
      outer loop
         vertex 9.619401e+00 8.000000e+00 9.300000e+00
         vertex 7.237599e+00 8.000000e+00 9.925000e+00
         vertex 7.359150e+00 8.000000e+00 1.018567e+01
      endloop
   endfacet
   facet normal -0.000000e+00 1.000000e+00 0.000000e+00
      outer loop
         vertex 7.359150e+00 8.000000e+00 1.018567e+01
         vertex 7.433590e+00 8.000000e+00 1.046348e+01
         vertex 9.619401e+00 8.000000e+00 9.300000e+00
      endloop
   endfacet
   facet normal 0.000000e+00 1.000000e+00 0.000000e+00
      outer loop
         vertex 9.619401e+00 8.000000e+00 9.300000e+00
         vertex 7.433590e+00 8.000000e+00 1.046348e+01
         vertex 7.458657e+00 8.000000e+00 1.075000e+01
      endloop
   endfacet
   facet normal 0.000000e+00 1.000000e+00 0.000000e+00
      outer loop
         vertex 9.619401e+00 8.000000e+00 9.300000e+00
         vertex 7.458657e+00 8.000000e+00 1.075000e+01
         vertex 7.433590e+00 8.000000e+00 1.103652e+01
      endloop
   endfacet
   facet normal 0.000000e+00 1.000000e+00 0.000000e+00
      outer loop
         vertex 7.774755e-01 8.000000e+00 1.234178e+01
         vertex 4.183725e+00 8.000000e+00 1.103652e+01
         vertex 1.733044e+00 8.000000e+00 9.907035e+00
      endloop
   endfacet
   facet normal 0.000000e+00 1.000000e+00 0.000000e+00
      outer loop
         vertex 1.733044e+00 8.000000e+00 9.907035e+00
         vertex 4.183725e+00 8.000000e+00 1.103652e+01
         vertex 4.158657e+00 8.000000e+00 1.075000e+01
      endloop
   endfacet
   facet normal 0.000000e+00 1.000000e+00 0.000000e+00
      outer loop
         vertex 9.621538e+00 8.000000e+00 1.611081e+01
         vertex 7.359150e+00 8.000000e+00 1.131433e+01
         vertex 7.237599e+00 8.000000e+00 1.157500e+01
      endloop
   endfacet
   facet normal 0.000000e+00 1.000000e+00 0.000000e+00
      outer loop
         vertex 5.244324e+00 8.000000e+00 1.230049e+01
         vertex 4.983657e+00 8.000000e+00 1.217894e+01
         vertex 0.000000e+00 8.000000e+00 1.750000e+01
      endloop
   endfacet
   facet normal 0.000000e+00 1.000000e+00 0.000000e+00
      outer loop
         vertex 0.000000e+00 8.000000e+00 1.750000e+01
         vertex 4.983657e+00 8.000000e+00 1.217894e+01
         vertex 4.748058e+00 8.000000e+00 1.201397e+01
      endloop
   endfacet
   facet normal 0.000000e+00 1.000000e+00 0.000000e+00
      outer loop
         vertex 0.000000e+00 8.000000e+00 1.750000e+01
         vertex 4.748058e+00 8.000000e+00 1.201397e+01
         vertex 9.389035e-02 8.000000e+00 1.568966e+01
      endloop
   endfacet
   facet normal 0.000000e+00 1.000000e+00 0.000000e+00
      outer loop
         vertex 9.389035e-02 8.000000e+00 1.568966e+01
         vertex 4.748058e+00 8.000000e+00 1.201397e+01
         vertex 4.544684e+00 8.000000e+00 1.181060e+01
      endloop
   endfacet
   facet normal 0.000000e+00 1.000000e+00 0.000000e+00
      outer loop
         vertex 9.389035e-02 8.000000e+00 1.568966e+01
         vertex 4.544684e+00 8.000000e+00 1.181060e+01
         vertex 1.954604e-01 8.000000e+00 1.489176e+01
      endloop
   endfacet
   facet normal 0.000000e+00 1.000000e+00 0.000000e+00
      outer loop
         vertex 1.954604e-01 8.000000e+00 1.489176e+01
         vertex 4.544684e+00 8.000000e+00 1.181060e+01
         vertex 4.379715e+00 8.000000e+00 1.157500e+01
      endloop
   endfacet
   facet normal 0.000000e+00 1.000000e+00 0.000000e+00
      outer loop
         vertex 1.954604e-01 8.000000e+00 1.489176e+01
         vertex 4.379715e+00 8.000000e+00 1.157500e+01
         vertex 7.774755e-01 8.000000e+00 1.234178e+01
      endloop
   endfacet
   facet normal 0.000000e+00 1.000000e+00 0.000000e+00
      outer loop
         vertex 7.774755e-01 8.000000e+00 1.234178e+01
         vertex 4.379715e+00 8.000000e+00 1.157500e+01
         vertex 4.258164e+00 8.000000e+00 1.131433e+01
      endloop
   endfacet
   facet normal 0.000000e+00 1.000000e+00 0.000000e+00
      outer loop
         vertex 7.774755e-01 8.000000e+00 1.234178e+01
         vertex 4.258164e+00 8.000000e+00 1.131433e+01
         vertex 4.183725e+00 8.000000e+00 1.103652e+01
      endloop
   endfacet
   facet normal 0.000000e+00 1.000000e+00 0.000000e+00
      outer loop
         vertex 4.158657e+00 8.000000e+00 1.075000e+01
         vertex 4.183725e+00 8.000000e+00 1.046348e+01
         vertex 1.733044e+00 8.000000e+00 9.907035e+00
      endloop
   endfacet
   facet normal 0.000000e+00 1.000000e+00 0.000000e+00
      outer loop
         vertex 1.733044e+00 8.000000e+00 9.907035e+00
         vertex 4.183725e+00 8.000000e+00 1.046348e+01
         vertex 4.258164e+00 8.000000e+00 1.018567e+01
      endloop
   endfacet
   facet normal -0.000000e+00 1.000000e+00 0.000000e+00
      outer loop
         vertex 1.733044e+00 8.000000e+00 9.907035e+00
         vertex 4.258164e+00 8.000000e+00 1.018567e+01
         vertex 3.040821e+00 8.000000e+00 7.641899e+00
      endloop
   endfacet
   facet normal 0.000000e+00 1.000000e+00 0.000000e+00
      outer loop
         vertex 3.040821e+00 8.000000e+00 7.641899e+00
         vertex 4.258164e+00 8.000000e+00 1.018567e+01
         vertex 4.379715e+00 8.000000e+00 9.925000e+00
      endloop
   endfacet
   facet normal 0.000000e+00 1.000000e+00 0.000000e+00
      outer loop
         vertex 3.040821e+00 8.000000e+00 7.641899e+00
         vertex 4.379715e+00 8.000000e+00 9.925000e+00
         vertex 4.544684e+00 8.000000e+00 9.689400e+00
      endloop
   endfacet
   facet normal 0.000000e+00 1.000000e+00 -0.000000e+00
      outer loop
         vertex 7.237599e+00 8.000000e+00 1.157500e+01
         vertex 7.072630e+00 8.000000e+00 1.181060e+01
         vertex 9.621538e+00 8.000000e+00 1.611081e+01
      endloop
   endfacet
   facet normal 0.000000e+00 1.000000e+00 0.000000e+00
      outer loop
         vertex 9.621538e+00 8.000000e+00 1.611081e+01
         vertex 7.072630e+00 8.000000e+00 1.181060e+01
         vertex 6.869256e+00 8.000000e+00 1.201397e+01
      endloop
   endfacet
   facet normal 0.000000e+00 1.000000e+00 0.000000e+00
      outer loop
         vertex 9.621538e+00 8.000000e+00 1.611081e+01
         vertex 6.869256e+00 8.000000e+00 1.201397e+01
         vertex 9.500000e+00 8.000000e+00 1.750000e+01
      endloop
   endfacet
   facet normal 0.000000e+00 1.000000e+00 0.000000e+00
      outer loop
         vertex 9.500000e+00 8.000000e+00 1.750000e+01
         vertex 6.869256e+00 8.000000e+00 1.201397e+01
         vertex 6.633657e+00 8.000000e+00 1.217894e+01
      endloop
   endfacet
   facet normal 0.000000e+00 1.000000e+00 0.000000e+00
      outer loop
         vertex 9.500000e+00 8.000000e+00 1.750000e+01
         vertex 6.633657e+00 8.000000e+00 1.217894e+01
         vertex 6.372990e+00 8.000000e+00 1.230049e+01
      endloop
   endfacet
   facet normal 0.000000e+00 1.000000e+00 -0.000000e+00
      outer loop
         vertex 6.372990e+00 8.000000e+00 1.230049e+01
         vertex 6.095177e+00 8.000000e+00 1.237493e+01
         vertex 9.500000e+00 8.000000e+00 1.750000e+01
      endloop
   endfacet
   facet normal 0.000000e+00 1.000000e+00 0.000000e+00
      outer loop
         vertex 9.500000e+00 8.000000e+00 1.750000e+01
         vertex 6.095177e+00 8.000000e+00 1.237493e+01
         vertex 5.808657e+00 8.000000e+00 1.240000e+01
      endloop
   endfacet
   facet normal 0.000000e+00 1.000000e+00 0.000000e+00
      outer loop
         vertex 9.500000e+00 8.000000e+00 1.750000e+01
         vertex 5.808657e+00 8.000000e+00 1.240000e+01
         vertex 0.000000e+00 8.000000e+00 1.750000e+01
      endloop
   endfacet
   facet normal 0.000000e+00 1.000000e+00 0.000000e+00
      outer loop
         vertex 0.000000e+00 8.000000e+00 1.750000e+01
         vertex 5.808657e+00 8.000000e+00 1.240000e+01
         vertex 5.522138e+00 8.000000e+00 1.237493e+01
      endloop
   endfacet
   facet normal 0.000000e+00 1.000000e+00 0.000000e+00
      outer loop
         vertex 0.000000e+00 8.000000e+00 1.750000e+01
         vertex 5.522138e+00 8.000000e+00 1.237493e+01
         vertex 5.244324e+00 8.000000e+00 1.230049e+01
      endloop
   endfacet
   facet normal 0.000000e+00 1.000000e+00 0.000000e+00
      outer loop
         vertex 4.544684e+00 8.000000e+00 9.689400e+00
         vertex 4.748058e+00 8.000000e+00 9.486027e+00
         vertex 3.040821e+00 8.000000e+00 7.641899e+00
      endloop
   endfacet
   facet normal 0.000000e+00 1.000000e+00 0.000000e+00
      outer loop
         vertex 3.040821e+00 8.000000e+00 7.641899e+00
         vertex 4.748058e+00 8.000000e+00 9.486027e+00
         vertex 4.983657e+00 8.000000e+00 9.321058e+00
      endloop
   endfacet
   facet normal 0.000000e+00 1.000000e+00 0.000000e+00
      outer loop
         vertex 3.040821e+00 8.000000e+00 7.641899e+00
         vertex 4.983657e+00 8.000000e+00 9.321058e+00
         vertex 5.244324e+00 8.000000e+00 9.199508e+00
      endloop
   endfacet
   facet normal 0.000000e+00 1.000000e+00 0.000000e+00
      outer loop
         vertex 5.244324e+00 8.000000e+00 9.199508e+00
         vertex 5.522138e+00 8.000000e+00 9.125067e+00
         vertex 3.040821e+00 8.000000e+00 7.641899e+00
      endloop
   endfacet
   facet normal 0.000000e+00 1.000000e+00 0.000000e+00
      outer loop
         vertex 3.040821e+00 8.000000e+00 7.641899e+00
         vertex 5.522138e+00 8.000000e+00 9.125067e+00
         vertex 5.808657e+00 8.000000e+00 9.100000e+00
      endloop
   endfacet
   facet normal -0.000000e+00 1.000000e+00 0.000000e+00
      outer loop
         vertex 3.040821e+00 8.000000e+00 7.641899e+00
         vertex 5.808657e+00 8.000000e+00 9.100000e+00
         vertex 9.619401e+00 8.000000e+00 7.375000e+00
      endloop
   endfacet
   facet normal 0.000000e+00 1.000000e+00 0.000000e+00
      outer loop
         vertex 9.619401e+00 8.000000e+00 7.375000e+00
         vertex 5.808657e+00 8.000000e+00 9.100000e+00
         vertex 6.095177e+00 8.000000e+00 9.125067e+00
      endloop
   endfacet
   facet normal 0.000000e+00 1.000000e+00 0.000000e+00
      outer loop
         vertex 9.619401e+00 8.000000e+00 7.375000e+00
         vertex 6.095177e+00 8.000000e+00 9.125067e+00
         vertex 6.372990e+00 8.000000e+00 9.199508e+00
      endloop
   endfacet
   facet normal 0.000000e+00 1.000000e+00 -0.000000e+00
      outer loop
         vertex 8.750000e+00 8.000000e+00 2.344555e+00
         vertex 6.588928e+00 8.000000e+00 3.817949e+00
         vertex 9.619401e+00 8.000000e+00 7.375000e+00
      endloop
   endfacet
   facet normal 0.000000e+00 1.000000e+00 0.000000e+00
      outer loop
         vertex 9.619401e+00 8.000000e+00 7.375000e+00
         vertex 6.588928e+00 8.000000e+00 3.817949e+00
         vertex 4.671592e+00 8.000000e+00 5.596977e+00
      endloop
   endfacet
   facet normal 0.000000e+00 1.000000e+00 0.000000e+00
      outer loop
         vertex 9.619401e+00 8.000000e+00 7.375000e+00
         vertex 4.671592e+00 8.000000e+00 5.596977e+00
         vertex 3.040821e+00 8.000000e+00 7.641899e+00
      endloop
   endfacet
   facet normal -0.000000e+00 1.000000e+00 0.000000e+00
      outer loop
         vertex 8.750000e+00 8.000000e+00 2.344555e+00
         vertex 9.619401e+00 8.000000e+00 7.375000e+00
         vertex 1.110653e+01 8.000000e+00 1.209710e+00
      endloop
   endfacet
   facet normal 0.000000e+00 1.000000e+00 -0.000000e+00
      outer loop
         vertex 1.110653e+01 8.000000e+00 1.209710e+00
         vertex 9.619401e+00 8.000000e+00 7.375000e+00
         vertex 1.567500e+01 8.000000e+00 7.375000e+00
      endloop
   endfacet
   facet normal -0.000000e+00 1.000000e+00 0.000000e+00
      outer loop
         vertex 1.110653e+01 8.000000e+00 1.209710e+00
         vertex 1.567500e+01 8.000000e+00 7.375000e+00
         vertex 1.360588e+01 8.000000e+00 4.387610e-01
      endloop
   endfacet
   facet normal -0.000000e+00 1.000000e+00 0.000000e+00
      outer loop
         vertex 1.567500e+01 8.000000e+00 7.375000e+00
         vertex 1.932500e+01 8.000000e+00 7.375000e+00
         vertex 1.750000e+01 8.000000e+00 5.650000e+00
      endloop
   endfacet
   facet normal 0.000000e+00 1.000000e+00 -0.000000e+00
      outer loop
         vertex 1.856060e+01 8.000000e+00 5.263973e+00
         vertex 1.832500e+01 8.000000e+00 5.428942e+00
         vertex 1.932500e+01 8.000000e+00 7.375000e+00
      endloop
   endfacet
   facet normal 0.000000e+00 1.000000e+00 0.000000e+00
      outer loop
         vertex 1.750000e+01 8.000000e+00 5.650000e+00
         vertex 1.721348e+01 8.000000e+00 5.624933e+00
         vertex 1.567500e+01 8.000000e+00 7.375000e+00
      endloop
   endfacet
   facet normal 0.000000e+00 1.000000e+00 0.000000e+00
      outer loop
         vertex 1.567500e+01 8.000000e+00 7.375000e+00
         vertex 1.721348e+01 8.000000e+00 5.624933e+00
         vertex 1.693567e+01 8.000000e+00 5.550493e+00
      endloop
   endfacet
   facet normal 0.000000e+00 1.000000e+00 0.000000e+00
      outer loop
         vertex 1.567500e+01 8.000000e+00 7.375000e+00
         vertex 1.693567e+01 8.000000e+00 5.550493e+00
         vertex 1.667500e+01 8.000000e+00 5.428942e+00
      endloop
   endfacet
   facet normal 0.000000e+00 1.000000e+00 0.000000e+00
      outer loop
         vertex 1.667500e+01 8.000000e+00 5.428942e+00
         vertex 1.643940e+01 8.000000e+00 5.263973e+00
         vertex 1.567500e+01 8.000000e+00 7.375000e+00
      endloop
   endfacet
   facet normal 0.000000e+00 1.000000e+00 0.000000e+00
      outer loop
         vertex 1.567500e+01 8.000000e+00 7.375000e+00
         vertex 1.643940e+01 8.000000e+00 5.263973e+00
         vertex 1.623603e+01 8.000000e+00 5.060599e+00
      endloop
   endfacet
   facet normal 0.000000e+00 1.000000e+00 0.000000e+00
      outer loop
         vertex 1.567500e+01 8.000000e+00 7.375000e+00
         vertex 1.623603e+01 8.000000e+00 5.060599e+00
         vertex 1.607106e+01 8.000000e+00 4.825000e+00
      endloop
   endfacet
   facet normal 0.000000e+00 1.000000e+00 0.000000e+00
      outer loop
         vertex 1.607106e+01 8.000000e+00 4.825000e+00
         vertex 1.594951e+01 8.000000e+00 4.564334e+00
         vertex 1.567500e+01 8.000000e+00 7.375000e+00
      endloop
   endfacet
   facet normal 0.000000e+00 1.000000e+00 0.000000e+00
      outer loop
         vertex 1.567500e+01 8.000000e+00 7.375000e+00
         vertex 1.594951e+01 8.000000e+00 4.564334e+00
         vertex 1.587507e+01 8.000000e+00 4.286519e+00
      endloop
   endfacet
   facet normal 0.000000e+00 1.000000e+00 0.000000e+00
      outer loop
         vertex 1.567500e+01 8.000000e+00 7.375000e+00
         vertex 1.587507e+01 8.000000e+00 4.286519e+00
         vertex 1.360588e+01 8.000000e+00 4.387610e-01
      endloop
   endfacet
   facet normal 0.000000e+00 1.000000e+00 0.000000e+00
      outer loop
         vertex 1.360588e+01 8.000000e+00 4.387610e-01
         vertex 1.587507e+01 8.000000e+00 4.286519e+00
         vertex 1.585000e+01 8.000000e+00 4.000000e+00
      endloop
   endfacet
   facet normal 0.000000e+00 1.000000e+00 -0.000000e+00
      outer loop
         vertex 1.832500e+01 8.000000e+00 5.428942e+00
         vertex 1.806433e+01 8.000000e+00 5.550493e+00
         vertex 1.932500e+01 8.000000e+00 7.375000e+00
      endloop
   endfacet
   facet normal 0.000000e+00 1.000000e+00 0.000000e+00
      outer loop
         vertex 1.932500e+01 8.000000e+00 7.375000e+00
         vertex 1.806433e+01 8.000000e+00 5.550493e+00
         vertex 1.778652e+01 8.000000e+00 5.624933e+00
      endloop
   endfacet
   facet normal 0.000000e+00 1.000000e+00 0.000000e+00
      outer loop
         vertex 1.932500e+01 8.000000e+00 7.375000e+00
         vertex 1.778652e+01 8.000000e+00 5.624933e+00
         vertex 1.750000e+01 8.000000e+00 5.650000e+00
      endloop
   endfacet
   facet normal 0.000000e+00 1.000000e+00 0.000000e+00
      outer loop
         vertex 1.585000e+01 8.000000e+00 4.000000e+00
         vertex 1.587507e+01 8.000000e+00 3.713480e+00
         vertex 1.360588e+01 8.000000e+00 4.387610e-01
      endloop
   endfacet
   facet normal 0.000000e+00 1.000000e+00 0.000000e+00
      outer loop
         vertex 1.360588e+01 8.000000e+00 4.387610e-01
         vertex 1.587507e+01 8.000000e+00 3.713480e+00
         vertex 1.594951e+01 8.000000e+00 3.435667e+00
      endloop
   endfacet
   facet normal 0.000000e+00 1.000000e+00 0.000000e+00
      outer loop
         vertex 1.360588e+01 8.000000e+00 4.387610e-01
         vertex 1.594951e+01 8.000000e+00 3.435667e+00
         vertex 1.607106e+01 8.000000e+00 3.175000e+00
      endloop
   endfacet
   facet normal 0.000000e+00 1.000000e+00 0.000000e+00
      outer loop
         vertex 1.856060e+01 8.000000e+00 2.736026e+00
         vertex 2.139412e+01 8.000000e+00 4.387610e-01
         vertex 1.832500e+01 8.000000e+00 2.571058e+00
      endloop
   endfacet
   facet normal 0.000000e+00 1.000000e+00 0.000000e+00
      outer loop
         vertex 1.832500e+01 8.000000e+00 2.571058e+00
         vertex 2.139412e+01 8.000000e+00 4.387610e-01
         vertex 1.880778e+01 8.000000e+00 4.893355e-02
      endloop
   endfacet
   facet normal 0.000000e+00 1.000000e+00 0.000000e+00
      outer loop
         vertex 1.832500e+01 8.000000e+00 2.571058e+00
         vertex 1.880778e+01 8.000000e+00 4.893355e-02
         vertex 1.806433e+01 8.000000e+00 2.449507e+00
      endloop
   endfacet
   facet normal 0.000000e+00 1.000000e+00 0.000000e+00
      outer loop
         vertex 1.607106e+01 8.000000e+00 3.175000e+00
         vertex 1.623603e+01 8.000000e+00 2.939400e+00
         vertex 1.360588e+01 8.000000e+00 4.387610e-01
      endloop
   endfacet
   facet normal 0.000000e+00 1.000000e+00 0.000000e+00
      outer loop
         vertex 1.360588e+01 8.000000e+00 4.387610e-01
         vertex 1.623603e+01 8.000000e+00 2.939400e+00
         vertex 1.643940e+01 8.000000e+00 2.736026e+00
      endloop
   endfacet
   facet normal -0.000000e+00 1.000000e+00 0.000000e+00
      outer loop
         vertex 1.360588e+01 8.000000e+00 4.387610e-01
         vertex 1.643940e+01 8.000000e+00 2.736026e+00
         vertex 1.619222e+01 8.000000e+00 4.893355e-02
      endloop
   endfacet
   facet normal 0.000000e+00 1.000000e+00 0.000000e+00
      outer loop
         vertex 1.619222e+01 8.000000e+00 4.893355e-02
         vertex 1.643940e+01 8.000000e+00 2.736026e+00
         vertex 1.667500e+01 8.000000e+00 2.571058e+00
      endloop
   endfacet
   facet normal 0.000000e+00 1.000000e+00 0.000000e+00
      outer loop
         vertex 1.619222e+01 8.000000e+00 4.893355e-02
         vertex 1.667500e+01 8.000000e+00 2.571058e+00
         vertex 1.693567e+01 8.000000e+00 2.449507e+00
      endloop
   endfacet
   facet normal -0.000000e+00 1.000000e+00 0.000000e+00
      outer loop
         vertex 1.856060e+01 8.000000e+00 2.736026e+00
         vertex 1.876397e+01 8.000000e+00 2.939400e+00
         vertex 2.139412e+01 8.000000e+00 4.387610e-01
      endloop
   endfacet
   facet normal 0.000000e+00 1.000000e+00 0.000000e+00
      outer loop
         vertex 2.139412e+01 8.000000e+00 4.387610e-01
         vertex 1.876397e+01 8.000000e+00 2.939400e+00
         vertex 1.892894e+01 8.000000e+00 3.175000e+00
      endloop
   endfacet
   facet normal 0.000000e+00 1.000000e+00 0.000000e+00
      outer loop
         vertex 2.139412e+01 8.000000e+00 4.387610e-01
         vertex 1.892894e+01 8.000000e+00 3.175000e+00
         vertex 1.905049e+01 8.000000e+00 3.435667e+00
      endloop
   endfacet
   facet normal -0.000000e+00 1.000000e+00 0.000000e+00
      outer loop
         vertex 1.905049e+01 8.000000e+00 3.435667e+00
         vertex 1.912493e+01 8.000000e+00 3.713480e+00
         vertex 2.139412e+01 8.000000e+00 4.387610e-01
      endloop
   endfacet
   facet normal 0.000000e+00 1.000000e+00 0.000000e+00
      outer loop
         vertex 2.139412e+01 8.000000e+00 4.387610e-01
         vertex 1.912493e+01 8.000000e+00 3.713480e+00
         vertex 1.915000e+01 8.000000e+00 4.000000e+00
      endloop
   endfacet
   facet normal 0.000000e+00 1.000000e+00 0.000000e+00
      outer loop
         vertex 2.139412e+01 8.000000e+00 4.387610e-01
         vertex 1.915000e+01 8.000000e+00 4.000000e+00
         vertex 1.912493e+01 8.000000e+00 4.286519e+00
      endloop
   endfacet
   facet normal 0.000000e+00 1.000000e+00 0.000000e+00
      outer loop
         vertex 1.693567e+01 8.000000e+00 2.449507e+00
         vertex 1.721348e+01 8.000000e+00 2.375067e+00
         vertex 1.619222e+01 8.000000e+00 4.893355e-02
      endloop
   endfacet
   facet normal 0.000000e+00 1.000000e+00 0.000000e+00
      outer loop
         vertex 1.619222e+01 8.000000e+00 4.893355e-02
         vertex 1.721348e+01 8.000000e+00 2.375067e+00
         vertex 1.750000e+01 8.000000e+00 2.350000e+00
      endloop
   endfacet
   facet normal 0.000000e+00 1.000000e+00 0.000000e+00
      outer loop
         vertex 1.619222e+01 8.000000e+00 4.893355e-02
         vertex 1.750000e+01 8.000000e+00 2.350000e+00
         vertex 1.880778e+01 8.000000e+00 4.893355e-02
      endloop
   endfacet
   facet normal 0.000000e+00 1.000000e+00 0.000000e+00
      outer loop
         vertex 1.880778e+01 8.000000e+00 4.893355e-02
         vertex 1.750000e+01 8.000000e+00 2.350000e+00
         vertex 1.778652e+01 8.000000e+00 2.375067e+00
      endloop
   endfacet
   facet normal 0.000000e+00 1.000000e+00 0.000000e+00
      outer loop
         vertex 1.880778e+01 8.000000e+00 4.893355e-02
         vertex 1.778652e+01 8.000000e+00 2.375067e+00
         vertex 1.806433e+01 8.000000e+00 2.449507e+00
      endloop
   endfacet
   facet normal 0.000000e+00 1.000000e+00 -0.000000e+00
      outer loop
         vertex 1.905049e+01 8.000000e+00 4.564334e+00
         vertex 1.892894e+01 8.000000e+00 4.825000e+00
         vertex 1.932500e+01 8.000000e+00 7.375000e+00
      endloop
   endfacet
   facet normal 0.000000e+00 1.000000e+00 0.000000e+00
      outer loop
         vertex 1.932500e+01 8.000000e+00 7.375000e+00
         vertex 1.892894e+01 8.000000e+00 4.825000e+00
         vertex 1.876397e+01 8.000000e+00 5.060599e+00
      endloop
   endfacet
   facet normal 0.000000e+00 1.000000e+00 0.000000e+00
      outer loop
         vertex 1.932500e+01 8.000000e+00 7.375000e+00
         vertex 1.876397e+01 8.000000e+00 5.060599e+00
         vertex 1.856060e+01 8.000000e+00 5.263973e+00
      endloop
   endfacet
   facet normal 0.000000e+00 1.000000e+00 0.000000e+00
      outer loop
         vertex 2.652067e+01 8.000000e+00 7.375000e+00
         vertex 2.389347e+01 8.000000e+00 1.209710e+00
         vertex 2.470560e+01 8.000000e+00 7.375000e+00
      endloop
   endfacet
   facet normal 0.000000e+00 1.000000e+00 0.000000e+00
      outer loop
         vertex 2.470560e+01 8.000000e+00 7.375000e+00
         vertex 2.389347e+01 8.000000e+00 1.209710e+00
         vertex 2.139412e+01 8.000000e+00 4.387610e-01
      endloop
   endfacet
   facet normal 0.000000e+00 1.000000e+00 0.000000e+00
      outer loop
         vertex 2.470560e+01 8.000000e+00 7.375000e+00
         vertex 2.139412e+01 8.000000e+00 4.387610e-01
         vertex 1.932500e+01 8.000000e+00 7.375000e+00
      endloop
   endfacet
   facet normal 0.000000e+00 1.000000e+00 0.000000e+00
      outer loop
         vertex 1.932500e+01 8.000000e+00 7.375000e+00
         vertex 2.139412e+01 8.000000e+00 4.387610e-01
         vertex 1.912493e+01 8.000000e+00 4.286519e+00
      endloop
   endfacet
   facet normal 0.000000e+00 1.000000e+00 0.000000e+00
      outer loop
         vertex 1.932500e+01 8.000000e+00 7.375000e+00
         vertex 1.912493e+01 8.000000e+00 4.286519e+00
         vertex 1.905049e+01 8.000000e+00 4.564334e+00
      endloop
   endfacet
   facet normal -0.000000e+00 1.000000e+00 0.000000e+00
      outer loop
         vertex 2.652067e+01 8.000000e+00 7.375000e+00
         vertex 3.195918e+01 8.000000e+00 7.641899e+00
         vertex 3.032841e+01 8.000000e+00 5.596977e+00
      endloop
   endfacet
   facet normal 0.000000e+00 1.000000e+00 0.000000e+00
      outer loop
         vertex 3.032841e+01 8.000000e+00 5.596977e+00
         vertex 2.841107e+01 8.000000e+00 3.817949e+00
         vertex 2.652067e+01 8.000000e+00 7.375000e+00
      endloop
   endfacet
   facet normal 0.000000e+00 1.000000e+00 0.000000e+00
      outer loop
         vertex 2.652067e+01 8.000000e+00 7.375000e+00
         vertex 2.841107e+01 8.000000e+00 3.817949e+00
         vertex 2.625000e+01 8.000000e+00 2.344555e+00
      endloop
   endfacet
   facet normal 0.000000e+00 1.000000e+00 0.000000e+00
      outer loop
         vertex 2.652067e+01 8.000000e+00 7.375000e+00
         vertex 2.625000e+01 8.000000e+00 2.344555e+00
         vertex 2.389347e+01 8.000000e+00 1.209710e+00
      endloop
   endfacet
   facet normal 0.000000e+00 1.000000e+00 0.000000e+00
      outer loop
         vertex 2.836634e+01 8.000000e+00 9.321058e+00
         vertex 2.862701e+01 8.000000e+00 9.199508e+00
         vertex 2.652067e+01 8.000000e+00 7.375000e+00
      endloop
   endfacet
   facet normal 0.000000e+00 1.000000e+00 0.000000e+00
      outer loop
         vertex 2.862701e+01 8.000000e+00 9.199508e+00
         vertex 2.890482e+01 8.000000e+00 9.125067e+00
         vertex 2.652067e+01 8.000000e+00 7.375000e+00
      endloop
   endfacet
   facet normal 0.000000e+00 1.000000e+00 0.000000e+00
      outer loop
         vertex 2.652067e+01 8.000000e+00 7.375000e+00
         vertex 2.890482e+01 8.000000e+00 9.125067e+00
         vertex 2.919134e+01 8.000000e+00 9.100000e+00
      endloop
   endfacet
   facet normal 0.000000e+00 1.000000e+00 0.000000e+00
      outer loop
         vertex 2.652067e+01 8.000000e+00 7.375000e+00
         vertex 2.919134e+01 8.000000e+00 9.100000e+00
         vertex 3.195918e+01 8.000000e+00 7.641899e+00
      endloop
   endfacet
   facet normal 0.000000e+00 1.000000e+00 0.000000e+00
      outer loop
         vertex 3.195918e+01 8.000000e+00 7.641899e+00
         vertex 2.919134e+01 8.000000e+00 9.100000e+00
         vertex 2.947786e+01 8.000000e+00 9.125067e+00
      endloop
   endfacet
   facet normal 0.000000e+00 1.000000e+00 0.000000e+00
      outer loop
         vertex 3.195918e+01 8.000000e+00 7.641899e+00
         vertex 2.947786e+01 8.000000e+00 9.125067e+00
         vertex 2.975568e+01 8.000000e+00 9.199508e+00
      endloop
   endfacet
   facet normal 0.000000e+00 1.000000e+00 0.000000e+00
      outer loop
         vertex 2.890482e+01 8.000000e+00 1.237493e+01
         vertex 2.862701e+01 8.000000e+00 1.230049e+01
         vertex 2.652067e+01 8.000000e+00 1.750000e+01
      endloop
   endfacet
   facet normal 0.000000e+00 1.000000e+00 0.000000e+00
      outer loop
         vertex 2.652067e+01 8.000000e+00 1.750000e+01
         vertex 2.862701e+01 8.000000e+00 1.230049e+01
         vertex 2.836634e+01 8.000000e+00 1.217894e+01
      endloop
   endfacet
   facet normal 0.000000e+00 1.000000e+00 0.000000e+00
      outer loop
         vertex 2.652067e+01 8.000000e+00 9.300000e+00
         vertex 2.756641e+01 8.000000e+00 1.046348e+01
         vertex 2.764085e+01 8.000000e+00 1.018567e+01
      endloop
   endfacet
   facet normal 0.000000e+00 1.000000e+00 0.000000e+00
      outer loop
         vertex 2.764085e+01 8.000000e+00 1.018567e+01
         vertex 2.776240e+01 8.000000e+00 9.925000e+00
         vertex 2.652067e+01 8.000000e+00 9.300000e+00
      endloop
   endfacet
   facet normal 0.000000e+00 1.000000e+00 0.000000e+00
      outer loop
         vertex 2.652067e+01 8.000000e+00 9.300000e+00
         vertex 2.776240e+01 8.000000e+00 9.925000e+00
         vertex 2.792737e+01 8.000000e+00 9.689400e+00
      endloop
   endfacet
   facet normal 0.000000e+00 1.000000e+00 0.000000e+00
      outer loop
         vertex 2.652067e+01 8.000000e+00 9.300000e+00
         vertex 2.792737e+01 8.000000e+00 9.689400e+00
         vertex 2.813074e+01 8.000000e+00 9.486027e+00
      endloop
   endfacet
   facet normal 0.000000e+00 1.000000e+00 0.000000e+00
      outer loop
         vertex 2.836634e+01 8.000000e+00 1.217894e+01
         vertex 2.813074e+01 8.000000e+00 1.201397e+01
         vertex 2.652067e+01 8.000000e+00 1.750000e+01
      endloop
   endfacet
   facet normal 0.000000e+00 1.000000e+00 0.000000e+00
      outer loop
         vertex 2.652067e+01 8.000000e+00 1.750000e+01
         vertex 2.813074e+01 8.000000e+00 1.201397e+01
         vertex 2.792737e+01 8.000000e+00 1.181060e+01
      endloop
   endfacet
   facet normal 0.000000e+00 1.000000e+00 0.000000e+00
      outer loop
         vertex 2.652067e+01 8.000000e+00 1.750000e+01
         vertex 2.792737e+01 8.000000e+00 1.181060e+01
         vertex 2.776240e+01 8.000000e+00 1.157500e+01
      endloop
   endfacet
   facet normal 0.000000e+00 1.000000e+00 0.000000e+00
      outer loop
         vertex 2.776240e+01 8.000000e+00 1.157500e+01
         vertex 2.764085e+01 8.000000e+00 1.131433e+01
         vertex 2.652067e+01 8.000000e+00 1.750000e+01
      endloop
   endfacet
   facet normal 0.000000e+00 1.000000e+00 0.000000e+00
      outer loop
         vertex 2.652067e+01 8.000000e+00 1.750000e+01
         vertex 2.764085e+01 8.000000e+00 1.131433e+01
         vertex 2.756641e+01 8.000000e+00 1.103652e+01
      endloop
   endfacet
   facet normal 0.000000e+00 1.000000e+00 0.000000e+00
      outer loop
         vertex 2.652067e+01 8.000000e+00 1.750000e+01
         vertex 2.756641e+01 8.000000e+00 1.103652e+01
         vertex 2.652067e+01 8.000000e+00 9.300000e+00
      endloop
   endfacet
   facet normal 0.000000e+00 1.000000e+00 0.000000e+00
      outer loop
         vertex 2.652067e+01 8.000000e+00 9.300000e+00
         vertex 2.756641e+01 8.000000e+00 1.103652e+01
         vertex 2.754134e+01 8.000000e+00 1.075000e+01
      endloop
   endfacet
   facet normal 0.000000e+00 1.000000e+00 0.000000e+00
      outer loop
         vertex 2.652067e+01 8.000000e+00 9.300000e+00
         vertex 2.754134e+01 8.000000e+00 1.075000e+01
         vertex 2.756641e+01 8.000000e+00 1.046348e+01
      endloop
   endfacet
   facet normal -0.000000e+00 1.000000e+00 0.000000e+00
      outer loop
         vertex 3.001634e+01 8.000000e+00 9.321058e+00
         vertex 3.025194e+01 8.000000e+00 9.486027e+00
         vertex 3.195918e+01 8.000000e+00 7.641899e+00
      endloop
   endfacet
   facet normal 0.000000e+00 1.000000e+00 0.000000e+00
      outer loop
         vertex 3.195918e+01 8.000000e+00 7.641899e+00
         vertex 3.025194e+01 8.000000e+00 9.486027e+00
         vertex 3.045532e+01 8.000000e+00 9.689400e+00
      endloop
   endfacet
   facet normal 0.000000e+00 1.000000e+00 -0.000000e+00
      outer loop
         vertex 3.195918e+01 8.000000e+00 7.641899e+00
         vertex 3.045532e+01 8.000000e+00 9.689400e+00
         vertex 3.326696e+01 8.000000e+00 9.907035e+00
      endloop
   endfacet
   facet normal 0.000000e+00 1.000000e+00 0.000000e+00
      outer loop
         vertex 3.326696e+01 8.000000e+00 9.907035e+00
         vertex 3.045532e+01 8.000000e+00 9.689400e+00
         vertex 3.062029e+01 8.000000e+00 9.925000e+00
      endloop
   endfacet
   facet normal 0.000000e+00 1.000000e+00 0.000000e+00
      outer loop
         vertex 3.326696e+01 8.000000e+00 9.907035e+00
         vertex 3.062029e+01 8.000000e+00 9.925000e+00
         vertex 3.074184e+01 8.000000e+00 1.018567e+01
      endloop
   endfacet
   facet normal 0.000000e+00 1.000000e+00 0.000000e+00
      outer loop
         vertex 3.480454e+01 8.000000e+00 1.489176e+01
         vertex 3.422252e+01 8.000000e+00 1.234178e+01
         vertex 3.074184e+01 8.000000e+00 1.131433e+01
      endloop
   endfacet
   facet normal -0.000000e+00 1.000000e+00 0.000000e+00
      outer loop
         vertex 3.074184e+01 8.000000e+00 1.018567e+01
         vertex 3.081628e+01 8.000000e+00 1.046348e+01
         vertex 3.326696e+01 8.000000e+00 9.907035e+00
      endloop
   endfacet
   facet normal 0.000000e+00 1.000000e+00 0.000000e+00
      outer loop
         vertex 3.326696e+01 8.000000e+00 9.907035e+00
         vertex 3.081628e+01 8.000000e+00 1.046348e+01
         vertex 3.084134e+01 8.000000e+00 1.075000e+01
      endloop
   endfacet
   facet normal 0.000000e+00 1.000000e+00 -0.000000e+00
      outer loop
         vertex 3.326696e+01 8.000000e+00 9.907035e+00
         vertex 3.084134e+01 8.000000e+00 1.075000e+01
         vertex 3.422252e+01 8.000000e+00 1.234178e+01
      endloop
   endfacet
   facet normal 0.000000e+00 1.000000e+00 0.000000e+00
      outer loop
         vertex 3.422252e+01 8.000000e+00 1.234178e+01
         vertex 3.084134e+01 8.000000e+00 1.075000e+01
         vertex 3.081628e+01 8.000000e+00 1.103652e+01
      endloop
   endfacet
   facet normal 0.000000e+00 1.000000e+00 0.000000e+00
      outer loop
         vertex 3.422252e+01 8.000000e+00 1.234178e+01
         vertex 3.081628e+01 8.000000e+00 1.103652e+01
         vertex 3.074184e+01 8.000000e+00 1.131433e+01
      endloop
   endfacet
   facet normal 0.000000e+00 1.000000e+00 -0.000000e+00
      outer loop
         vertex 3.074184e+01 8.000000e+00 1.131433e+01
         vertex 3.062029e+01 8.000000e+00 1.157500e+01
         vertex 3.480454e+01 8.000000e+00 1.489176e+01
      endloop
   endfacet
   facet normal 0.000000e+00 1.000000e+00 0.000000e+00
      outer loop
         vertex 3.480454e+01 8.000000e+00 1.489176e+01
         vertex 3.062029e+01 8.000000e+00 1.157500e+01
         vertex 3.045532e+01 8.000000e+00 1.181060e+01
      endloop
   endfacet
   facet normal 0.000000e+00 1.000000e+00 -0.000000e+00
      outer loop
         vertex 3.480454e+01 8.000000e+00 1.489176e+01
         vertex 3.045532e+01 8.000000e+00 1.181060e+01
         vertex 3.500000e+01 8.000000e+00 1.750000e+01
      endloop
   endfacet
   facet normal 0.000000e+00 1.000000e+00 0.000000e+00
      outer loop
         vertex 3.500000e+01 8.000000e+00 1.750000e+01
         vertex 3.045532e+01 8.000000e+00 1.181060e+01
         vertex 3.025194e+01 8.000000e+00 1.201397e+01
      endloop
   endfacet
   facet normal 0.000000e+00 1.000000e+00 0.000000e+00
      outer loop
         vertex 3.500000e+01 8.000000e+00 1.750000e+01
         vertex 3.025194e+01 8.000000e+00 1.201397e+01
         vertex 3.001634e+01 8.000000e+00 1.217894e+01
      endloop
   endfacet
   facet normal 0.000000e+00 1.000000e+00 -0.000000e+00
      outer loop
         vertex 3.001634e+01 8.000000e+00 1.217894e+01
         vertex 2.975568e+01 8.000000e+00 1.230049e+01
         vertex 3.500000e+01 8.000000e+00 1.750000e+01
      endloop
   endfacet
   facet normal 0.000000e+00 1.000000e+00 0.000000e+00
      outer loop
         vertex 3.500000e+01 8.000000e+00 1.750000e+01
         vertex 2.975568e+01 8.000000e+00 1.230049e+01
         vertex 2.947786e+01 8.000000e+00 1.237493e+01
      endloop
   endfacet
   facet normal 0.000000e+00 1.000000e+00 0.000000e+00
      outer loop
         vertex 3.500000e+01 8.000000e+00 1.750000e+01
         vertex 2.947786e+01 8.000000e+00 1.237493e+01
         vertex 2.652067e+01 8.000000e+00 1.750000e+01
      endloop
   endfacet
   facet normal 0.000000e+00 1.000000e+00 0.000000e+00
      outer loop
         vertex 2.652067e+01 8.000000e+00 1.750000e+01
         vertex 2.947786e+01 8.000000e+00 1.237493e+01
         vertex 2.919134e+01 8.000000e+00 1.240000e+01
      endloop
   endfacet
   facet normal 0.000000e+00 1.000000e+00 0.000000e+00
      outer loop
         vertex 2.652067e+01 8.000000e+00 1.750000e+01
         vertex 2.919134e+01 8.000000e+00 1.240000e+01
         vertex 2.890482e+01 8.000000e+00 1.237493e+01
      endloop
   endfacet
   facet normal 0.000000e+00 1.000000e+00 0.000000e+00
      outer loop
         vertex 2.756641e+01 8.000000e+00 2.453652e+01
         vertex 2.754134e+01 8.000000e+00 2.425000e+01
         vertex 2.652067e+01 8.000000e+00 2.570000e+01
      endloop
   endfacet
   facet normal 0.000000e+00 1.000000e+00 0.000000e+00
      outer loop
         vertex 2.813074e+01 8.000000e+00 2.551397e+01
         vertex 2.792737e+01 8.000000e+00 2.531060e+01
         vertex 2.652067e+01 8.000000e+00 2.570000e+01
      endloop
   endfacet
   facet normal -0.000000e+00 1.000000e+00 0.000000e+00
      outer loop
         vertex 3.062029e+01 8.000000e+00 2.342500e+01
         vertex 3.074184e+01 8.000000e+00 2.368567e+01
         vertex 3.490611e+01 8.000000e+00 1.931034e+01
      endloop
   endfacet
   facet normal 0.000000e+00 1.000000e+00 0.000000e+00
      outer loop
         vertex 2.792737e+01 8.000000e+00 2.531060e+01
         vertex 2.776240e+01 8.000000e+00 2.507500e+01
         vertex 2.652067e+01 8.000000e+00 2.570000e+01
      endloop
   endfacet
   facet normal 0.000000e+00 1.000000e+00 0.000000e+00
      outer loop
         vertex 2.652067e+01 8.000000e+00 2.570000e+01
         vertex 2.776240e+01 8.000000e+00 2.507500e+01
         vertex 2.764085e+01 8.000000e+00 2.481433e+01
      endloop
   endfacet
   facet normal 0.000000e+00 1.000000e+00 0.000000e+00
      outer loop
         vertex 2.652067e+01 8.000000e+00 2.570000e+01
         vertex 2.764085e+01 8.000000e+00 2.481433e+01
         vertex 2.756641e+01 8.000000e+00 2.453652e+01
      endloop
   endfacet
   facet normal 0.000000e+00 1.000000e+00 0.000000e+00
      outer loop
         vertex 3.490611e+01 8.000000e+00 1.931034e+01
         vertex 3.074184e+01 8.000000e+00 2.368567e+01
         vertex 3.424155e+01 8.000000e+00 2.570000e+01
      endloop
   endfacet
   facet normal 0.000000e+00 1.000000e+00 0.000000e+00
      outer loop
         vertex 3.424155e+01 8.000000e+00 2.570000e+01
         vertex 3.074184e+01 8.000000e+00 2.368567e+01
         vertex 3.081628e+01 8.000000e+00 2.396348e+01
      endloop
   endfacet
   facet normal 0.000000e+00 1.000000e+00 0.000000e+00
      outer loop
         vertex 3.424155e+01 8.000000e+00 2.570000e+01
         vertex 3.081628e+01 8.000000e+00 2.396348e+01
         vertex 3.084134e+01 8.000000e+00 2.425000e+01
      endloop
   endfacet
   facet normal 0.000000e+00 1.000000e+00 0.000000e+00
      outer loop
         vertex 3.424155e+01 8.000000e+00 2.570000e+01
         vertex 3.062029e+01 8.000000e+00 2.507500e+01
         vertex 3.045532e+01 8.000000e+00 2.531060e+01
      endloop
   endfacet
   facet normal 0.000000e+00 1.000000e+00 -0.000000e+00
      outer loop
         vertex 3.084134e+01 8.000000e+00 2.425000e+01
         vertex 3.081628e+01 8.000000e+00 2.453652e+01
         vertex 3.424155e+01 8.000000e+00 2.570000e+01
      endloop
   endfacet
   facet normal 0.000000e+00 1.000000e+00 0.000000e+00
      outer loop
         vertex 3.424155e+01 8.000000e+00 2.570000e+01
         vertex 3.081628e+01 8.000000e+00 2.453652e+01
         vertex 3.074184e+01 8.000000e+00 2.481433e+01
      endloop
   endfacet
   facet normal 0.000000e+00 1.000000e+00 0.000000e+00
      outer loop
         vertex 3.424155e+01 8.000000e+00 2.570000e+01
         vertex 3.074184e+01 8.000000e+00 2.481433e+01
         vertex 3.062029e+01 8.000000e+00 2.507500e+01
      endloop
   endfacet
   facet normal 0.000000e+00 1.000000e+00 0.000000e+00
      outer loop
         vertex 2.756641e+01 8.000000e+00 2.396348e+01
         vertex 2.764085e+01 8.000000e+00 2.368567e+01
         vertex 2.652067e+01 8.000000e+00 1.750000e+01
      endloop
   endfacet
   facet normal 0.000000e+00 1.000000e+00 0.000000e+00
      outer loop
         vertex 2.652067e+01 8.000000e+00 1.750000e+01
         vertex 2.764085e+01 8.000000e+00 2.368567e+01
         vertex 2.776240e+01 8.000000e+00 2.342500e+01
      endloop
   endfacet
   facet normal 0.000000e+00 1.000000e+00 0.000000e+00
      outer loop
         vertex 2.652067e+01 8.000000e+00 1.750000e+01
         vertex 2.776240e+01 8.000000e+00 2.342500e+01
         vertex 2.792737e+01 8.000000e+00 2.318940e+01
      endloop
   endfacet
   facet normal 0.000000e+00 1.000000e+00 0.000000e+00
      outer loop
         vertex 2.792737e+01 8.000000e+00 2.318940e+01
         vertex 2.813074e+01 8.000000e+00 2.298603e+01
         vertex 2.652067e+01 8.000000e+00 1.750000e+01
      endloop
   endfacet
   facet normal 0.000000e+00 1.000000e+00 0.000000e+00
      outer loop
         vertex 2.652067e+01 8.000000e+00 1.750000e+01
         vertex 2.813074e+01 8.000000e+00 2.298603e+01
         vertex 2.836634e+01 8.000000e+00 2.282106e+01
      endloop
   endfacet
   facet normal 0.000000e+00 1.000000e+00 0.000000e+00
      outer loop
         vertex 2.652067e+01 8.000000e+00 1.750000e+01
         vertex 2.836634e+01 8.000000e+00 2.282106e+01
         vertex 2.862701e+01 8.000000e+00 2.269951e+01
      endloop
   endfacet
   facet normal 0.000000e+00 1.000000e+00 0.000000e+00
      outer loop
         vertex 2.862701e+01 8.000000e+00 2.269951e+01
         vertex 2.890482e+01 8.000000e+00 2.262507e+01
         vertex 2.652067e+01 8.000000e+00 1.750000e+01
      endloop
   endfacet
   facet normal 0.000000e+00 1.000000e+00 0.000000e+00
      outer loop
         vertex 2.652067e+01 8.000000e+00 1.750000e+01
         vertex 2.890482e+01 8.000000e+00 2.262507e+01
         vertex 2.919134e+01 8.000000e+00 2.260000e+01
      endloop
   endfacet
   facet normal 0.000000e+00 1.000000e+00 0.000000e+00
      outer loop
         vertex 2.652067e+01 8.000000e+00 1.750000e+01
         vertex 2.919134e+01 8.000000e+00 2.260000e+01
         vertex 3.500000e+01 8.000000e+00 1.750000e+01
      endloop
   endfacet
   facet normal 0.000000e+00 1.000000e+00 0.000000e+00
      outer loop
         vertex 3.500000e+01 8.000000e+00 1.750000e+01
         vertex 2.919134e+01 8.000000e+00 2.260000e+01
         vertex 2.947786e+01 8.000000e+00 2.262507e+01
      endloop
   endfacet
   facet normal 0.000000e+00 1.000000e+00 0.000000e+00
      outer loop
         vertex 3.500000e+01 8.000000e+00 1.750000e+01
         vertex 2.947786e+01 8.000000e+00 2.262507e+01
         vertex 2.975568e+01 8.000000e+00 2.269951e+01
      endloop
   endfacet
   facet normal -0.000000e+00 1.000000e+00 0.000000e+00
      outer loop
         vertex 2.975568e+01 8.000000e+00 2.269951e+01
         vertex 3.001634e+01 8.000000e+00 2.282106e+01
         vertex 3.500000e+01 8.000000e+00 1.750000e+01
      endloop
   endfacet
   facet normal 0.000000e+00 1.000000e+00 0.000000e+00
      outer loop
         vertex 3.500000e+01 8.000000e+00 1.750000e+01
         vertex 3.001634e+01 8.000000e+00 2.282106e+01
         vertex 3.025194e+01 8.000000e+00 2.298603e+01
      endloop
   endfacet
   facet normal 0.000000e+00 1.000000e+00 0.000000e+00
      outer loop
         vertex 3.500000e+01 8.000000e+00 1.750000e+01
         vertex 3.025194e+01 8.000000e+00 2.298603e+01
         vertex 3.490611e+01 8.000000e+00 1.931034e+01
      endloop
   endfacet
   facet normal 0.000000e+00 1.000000e+00 0.000000e+00
      outer loop
         vertex 3.490611e+01 8.000000e+00 1.931034e+01
         vertex 3.025194e+01 8.000000e+00 2.298603e+01
         vertex 3.045532e+01 8.000000e+00 2.318940e+01
      endloop
   endfacet
   facet normal 0.000000e+00 1.000000e+00 0.000000e+00
      outer loop
         vertex 3.490611e+01 8.000000e+00 1.931034e+01
         vertex 3.045532e+01 8.000000e+00 2.318940e+01
         vertex 3.062029e+01 8.000000e+00 2.342500e+01
      endloop
   endfacet
   facet normal 0.000000e+00 1.000000e+00 0.000000e+00
      outer loop
         vertex 2.947786e+01 8.000000e+00 2.587493e+01
         vertex 2.919134e+01 8.000000e+00 2.590000e+01
         vertex 2.652067e+01 8.000000e+00 3.407500e+01
      endloop
   endfacet
   facet normal 0.000000e+00 1.000000e+00 0.000000e+00
      outer loop
         vertex 2.919134e+01 8.000000e+00 2.590000e+01
         vertex 2.890482e+01 8.000000e+00 2.587493e+01
         vertex 2.652067e+01 8.000000e+00 3.407500e+01
      endloop
   endfacet
   facet normal 0.000000e+00 1.000000e+00 0.000000e+00
      outer loop
         vertex 2.652067e+01 8.000000e+00 3.407500e+01
         vertex 2.890482e+01 8.000000e+00 2.587493e+01
         vertex 2.862701e+01 8.000000e+00 2.580049e+01
      endloop
   endfacet
   facet normal 0.000000e+00 1.000000e+00 0.000000e+00
      outer loop
         vertex 2.652067e+01 8.000000e+00 3.407500e+01
         vertex 2.862701e+01 8.000000e+00 2.580049e+01
         vertex 2.652067e+01 8.000000e+00 2.570000e+01
      endloop
   endfacet
   facet normal -0.000000e+00 1.000000e+00 0.000000e+00
      outer loop
         vertex 2.652067e+01 8.000000e+00 2.570000e+01
         vertex 2.862701e+01 8.000000e+00 2.580049e+01
         vertex 2.836634e+01 8.000000e+00 2.567894e+01
      endloop
   endfacet
   facet normal 0.000000e+00 1.000000e+00 0.000000e+00
      outer loop
         vertex 2.652067e+01 8.000000e+00 2.570000e+01
         vertex 2.836634e+01 8.000000e+00 2.567894e+01
         vertex 2.813074e+01 8.000000e+00 2.551397e+01
      endloop
   endfacet
   facet normal 0.000000e+00 1.000000e+00 -0.000000e+00
      outer loop
         vertex 3.045532e+01 8.000000e+00 2.531060e+01
         vertex 3.025194e+01 8.000000e+00 2.551397e+01
         vertex 3.424155e+01 8.000000e+00 2.570000e+01
      endloop
   endfacet
   facet normal 0.000000e+00 1.000000e+00 0.000000e+00
      outer loop
         vertex 3.424155e+01 8.000000e+00 2.570000e+01
         vertex 3.025194e+01 8.000000e+00 2.551397e+01
         vertex 3.001634e+01 8.000000e+00 2.567894e+01
      endloop
   endfacet
   facet normal 0.000000e+00 1.000000e+00 0.000000e+00
      outer loop
         vertex 3.424155e+01 8.000000e+00 2.570000e+01
         vertex 3.001634e+01 8.000000e+00 2.567894e+01
         vertex 3.337049e+01 8.000000e+00 3.407500e+01
      endloop
   endfacet
   facet normal 0.000000e+00 1.000000e+00 0.000000e+00
      outer loop
         vertex 3.337049e+01 8.000000e+00 3.407500e+01
         vertex 3.001634e+01 8.000000e+00 2.567894e+01
         vertex 2.975568e+01 8.000000e+00 2.580049e+01
      endloop
   endfacet
   facet normal 0.000000e+00 1.000000e+00 0.000000e+00
      outer loop
         vertex 3.337049e+01 8.000000e+00 3.407500e+01
         vertex 2.975568e+01 8.000000e+00 2.580049e+01
         vertex 2.947786e+01 8.000000e+00 2.587493e+01
      endloop
   endfacet
   facet normal 0.000000e+00 1.000000e+00 -0.000000e+00
      outer loop
         vertex 2.947786e+01 8.000000e+00 2.587493e+01
         vertex 2.652067e+01 8.000000e+00 3.407500e+01
         vertex 3.337049e+01 8.000000e+00 3.407500e+01
      endloop
   endfacet
   facet normal 0.000000e+00 1.000000e+00 0.000000e+00
      outer loop
         vertex 3.337049e+01 8.000000e+00 3.407500e+01
         vertex 2.652067e+01 8.000000e+00 3.407500e+01
         vertex 2.652067e+01 8.000000e+00 5.267584e+01
      endloop
   endfacet
   facet normal 0.000000e+00 1.000000e+00 0.000000e+00
      outer loop
         vertex 3.337049e+01 8.000000e+00 3.407500e+01
         vertex 2.652067e+01 8.000000e+00 5.267584e+01
         vertex 3.143589e+01 8.000000e+00 5.267584e+01
      endloop
   endfacet
   facet normal 0.000000e+00 1.000000e+00 0.000000e+00
      outer loop
         vertex 3.143589e+01 8.000000e+00 5.267584e+01
         vertex 2.652067e+01 8.000000e+00 5.267584e+01
         vertex 2.652067e+01 8.000000e+00 6.255108e+01
      endloop
   endfacet
   facet normal 0.000000e+00 1.000000e+00 0.000000e+00
      outer loop
         vertex 3.143589e+01 8.000000e+00 5.267584e+01
         vertex 2.652067e+01 8.000000e+00 6.255108e+01
         vertex 3.040880e+01 8.000000e+00 6.255108e+01
      endloop
   endfacet
   facet normal 0.000000e+00 1.000000e+00 0.000000e+00
      outer loop
         vertex 3.040880e+01 8.000000e+00 6.255108e+01
         vertex 2.652067e+01 8.000000e+00 6.255108e+01
         vertex 2.652067e+01 8.000000e+00 7.205108e+01
      endloop
   endfacet
   facet normal 0.000000e+00 1.000000e+00 0.000000e+00
      outer loop
         vertex 3.040880e+01 8.000000e+00 6.255108e+01
         vertex 2.652067e+01 8.000000e+00 7.205108e+01
         vertex 2.942074e+01 8.000000e+00 7.205108e+01
      endloop
   endfacet
   facet normal 0.000000e+00 1.000000e+00 0.000000e+00
      outer loop
         vertex 2.942074e+01 8.000000e+00 7.205108e+01
         vertex 2.652067e+01 8.000000e+00 7.205108e+01
         vertex 2.652067e+01 8.000000e+00 8.205024e+01
      endloop
   endfacet
   facet normal 0.000000e+00 1.000000e+00 0.000000e+00
      outer loop
         vertex 2.942074e+01 8.000000e+00 7.205108e+01
         vertex 2.652067e+01 8.000000e+00 8.205024e+01
         vertex 2.838077e+01 8.000000e+00 8.205024e+01
      endloop
   endfacet
   facet normal 0.000000e+00 1.000000e+00 0.000000e+00
      outer loop
         vertex 2.650947e+01 8.000000e+00 9.433928e+01
         vertex 2.712087e+01 8.000000e+00 9.272741e+01
         vertex 2.652067e+01 8.000000e+00 8.205024e+01
      endloop
   endfacet
   facet normal 0.000000e+00 1.000000e+00 0.000000e+00
      outer loop
         vertex 2.652067e+01 8.000000e+00 8.205024e+01
         vertex 2.712087e+01 8.000000e+00 9.272741e+01
         vertex 2.744635e+01 8.000000e+00 9.103448e+01
      endloop
   endfacet
   facet normal 0.000000e+00 1.000000e+00 0.000000e+00
      outer loop
         vertex 2.652067e+01 8.000000e+00 8.205024e+01
         vertex 2.744635e+01 8.000000e+00 9.103448e+01
         vertex 2.838077e+01 8.000000e+00 8.205024e+01
      endloop
   endfacet
   facet normal 0.000000e+00 1.000000e+00 0.000000e+00
      outer loop
         vertex 1.932500e+01 8.000000e+00 8.205024e+01
         vertex 1.977443e+01 8.000000e+00 8.375105e+01
         vertex 2.470560e+01 8.000000e+00 8.205024e+01
      endloop
   endfacet
   facet normal 0.000000e+00 1.000000e+00 0.000000e+00
      outer loop
         vertex 2.470560e+01 8.000000e+00 8.205024e+01
         vertex 1.977443e+01 8.000000e+00 8.375105e+01
         vertex 2.082500e+01 8.000000e+00 8.424093e+01
      endloop
   endfacet
   facet normal -0.000000e+00 1.000000e+00 0.000000e+00
      outer loop
         vertex 2.082500e+01 8.000000e+00 8.424093e+01
         vertex 2.177454e+01 8.000000e+00 8.490581e+01
         vertex 2.470560e+01 8.000000e+00 8.205024e+01
      endloop
   endfacet
   facet normal 0.000000e+00 1.000000e+00 0.000000e+00
      outer loop
         vertex 2.470560e+01 8.000000e+00 8.205024e+01
         vertex 2.177454e+01 8.000000e+00 8.490581e+01
         vertex 2.259420e+01 8.000000e+00 8.572547e+01
      endloop
   endfacet
   facet normal 0.000000e+00 1.000000e+00 0.000000e+00
      outer loop
         vertex 2.470560e+01 8.000000e+00 8.205024e+01
         vertex 2.259420e+01 8.000000e+00 8.572547e+01
         vertex 2.325907e+01 8.000000e+00 8.667500e+01
      endloop
   endfacet
   facet normal 0.000000e+00 1.000000e+00 -0.000000e+00
      outer loop
         vertex 2.404897e+01 8.000000e+00 9.115476e+01
         vertex 2.374896e+01 8.000000e+00 9.227444e+01
         vertex 2.450953e+01 8.000000e+00 9.713207e+01
      endloop
   endfacet
   facet normal 0.000000e+00 1.000000e+00 0.000000e+00
      outer loop
         vertex 2.450953e+01 8.000000e+00 9.713207e+01
         vertex 2.374896e+01 8.000000e+00 9.227444e+01
         vertex 2.325907e+01 8.000000e+00 9.332500e+01
      endloop
   endfacet
   facet normal -0.000000e+00 1.000000e+00 0.000000e+00
      outer loop
         vertex 2.325907e+01 8.000000e+00 8.667500e+01
         vertex 2.374896e+01 8.000000e+00 8.772557e+01
         vertex 2.470560e+01 8.000000e+00 8.205024e+01
      endloop
   endfacet
   facet normal 0.000000e+00 1.000000e+00 0.000000e+00
      outer loop
         vertex 2.470560e+01 8.000000e+00 8.205024e+01
         vertex 2.374896e+01 8.000000e+00 8.772557e+01
         vertex 2.404897e+01 8.000000e+00 8.884524e+01
      endloop
   endfacet
   facet normal 0.000000e+00 1.000000e+00 0.000000e+00
      outer loop
         vertex 2.470560e+01 8.000000e+00 8.205024e+01
         vertex 2.404897e+01 8.000000e+00 8.884524e+01
         vertex 2.415000e+01 8.000000e+00 9.000000e+01
      endloop
   endfacet
   facet normal 0.000000e+00 1.000000e+00 0.000000e+00
      outer loop
         vertex 2.650947e+01 8.000000e+00 9.433928e+01
         vertex 2.652067e+01 8.000000e+00 8.205024e+01
         vertex 2.563032e+01 8.000000e+00 9.582219e+01
      endloop
   endfacet
   facet normal 0.000000e+00 1.000000e+00 0.000000e+00
      outer loop
         vertex 2.563032e+01 8.000000e+00 9.582219e+01
         vertex 2.652067e+01 8.000000e+00 8.205024e+01
         vertex 2.470560e+01 8.000000e+00 8.205024e+01
      endloop
   endfacet
   facet normal 0.000000e+00 1.000000e+00 0.000000e+00
      outer loop
         vertex 2.563032e+01 8.000000e+00 9.582219e+01
         vertex 2.470560e+01 8.000000e+00 8.205024e+01
         vertex 2.450953e+01 8.000000e+00 9.713207e+01
      endloop
   endfacet
   facet normal 0.000000e+00 1.000000e+00 0.000000e+00
      outer loop
         vertex 2.450953e+01 8.000000e+00 9.713207e+01
         vertex 2.470560e+01 8.000000e+00 8.205024e+01
         vertex 2.415000e+01 8.000000e+00 9.000000e+01
      endloop
   endfacet
   facet normal 0.000000e+00 1.000000e+00 0.000000e+00
      outer loop
         vertex 2.450953e+01 8.000000e+00 9.713207e+01
         vertex 2.415000e+01 8.000000e+00 9.000000e+01
         vertex 2.404897e+01 8.000000e+00 9.115476e+01
      endloop
   endfacet
   facet normal 0.000000e+00 1.000000e+00 -0.000000e+00
      outer loop
         vertex 2.325907e+01 8.000000e+00 9.332500e+01
         vertex 2.259420e+01 8.000000e+00 9.427454e+01
         vertex 2.450953e+01 8.000000e+00 9.713207e+01
      endloop
   endfacet
   facet normal 0.000000e+00 1.000000e+00 0.000000e+00
      outer loop
         vertex 2.450953e+01 8.000000e+00 9.713207e+01
         vertex 2.259420e+01 8.000000e+00 9.427454e+01
         vertex 2.177454e+01 8.000000e+00 9.509420e+01
      endloop
   endfacet
   facet normal 0.000000e+00 1.000000e+00 0.000000e+00
      outer loop
         vertex 2.450953e+01 8.000000e+00 9.713207e+01
         vertex 2.177454e+01 8.000000e+00 9.509420e+01
         vertex 2.318043e+01 8.000000e+00 9.822999e+01
      endloop
   endfacet
   facet normal 0.000000e+00 1.000000e+00 0.000000e+00
      outer loop
         vertex 2.318043e+01 8.000000e+00 9.822999e+01
         vertex 2.177454e+01 8.000000e+00 9.509420e+01
         vertex 2.082500e+01 8.000000e+00 9.575907e+01
      endloop
   endfacet
   facet normal 0.000000e+00 1.000000e+00 0.000000e+00
      outer loop
         vertex 2.318043e+01 8.000000e+00 9.822999e+01
         vertex 2.082500e+01 8.000000e+00 9.575907e+01
         vertex 2.168251e+01 8.000000e+00 9.908331e+01
      endloop
   endfacet
   facet normal 0.000000e+00 1.000000e+00 0.000000e+00
      outer loop
         vertex 2.168251e+01 8.000000e+00 9.908331e+01
         vertex 2.082500e+01 8.000000e+00 9.575907e+01
         vertex 1.977443e+01 8.000000e+00 9.624896e+01
      endloop
   endfacet
   facet normal 0.000000e+00 1.000000e+00 0.000000e+00
      outer loop
         vertex 2.168251e+01 8.000000e+00 9.908331e+01
         vertex 1.977443e+01 8.000000e+00 9.624896e+01
         vertex 2.006028e+01 8.000000e+00 9.966669e+01
      endloop
   endfacet
   facet normal 0.000000e+00 1.000000e+00 0.000000e+00
      outer loop
         vertex 2.006028e+01 8.000000e+00 9.966669e+01
         vertex 1.977443e+01 8.000000e+00 9.624896e+01
         vertex 1.865476e+01 8.000000e+00 9.654897e+01
      endloop
   endfacet
   facet normal 0.000000e+00 1.000000e+00 0.000000e+00
      outer loop
         vertex 2.006028e+01 8.000000e+00 9.966669e+01
         vertex 1.865476e+01 8.000000e+00 9.654897e+01
         vertex 1.836197e+01 8.000000e+00 9.996278e+01
      endloop
   endfacet
   facet normal 0.000000e+00 1.000000e+00 0.000000e+00
      outer loop
         vertex 1.836197e+01 8.000000e+00 9.996278e+01
         vertex 1.865476e+01 8.000000e+00 9.654897e+01
         vertex 1.750000e+01 8.000000e+00 9.665000e+01
      endloop
   endfacet
   facet normal 0.000000e+00 1.000000e+00 0.000000e+00
      outer loop
         vertex 1.836197e+01 8.000000e+00 9.996278e+01
         vertex 1.750000e+01 8.000000e+00 9.665000e+01
         vertex 1.663803e+01 8.000000e+00 9.996278e+01
      endloop
   endfacet
   facet normal 0.000000e+00 1.000000e+00 0.000000e+00
      outer loop
         vertex 1.663803e+01 8.000000e+00 9.996278e+01
         vertex 1.750000e+01 8.000000e+00 9.665000e+01
         vertex 1.634524e+01 8.000000e+00 9.654897e+01
      endloop
   endfacet
   facet normal 0.000000e+00 1.000000e+00 0.000000e+00
      outer loop
         vertex 1.663803e+01 8.000000e+00 9.996278e+01
         vertex 1.634524e+01 8.000000e+00 9.654897e+01
         vertex 1.493972e+01 8.000000e+00 9.966669e+01
      endloop
   endfacet
   facet normal 0.000000e+00 1.000000e+00 0.000000e+00
      outer loop
         vertex 1.493972e+01 8.000000e+00 9.966669e+01
         vertex 1.634524e+01 8.000000e+00 9.654897e+01
         vertex 1.522557e+01 8.000000e+00 9.624896e+01
      endloop
   endfacet
   facet normal 0.000000e+00 1.000000e+00 0.000000e+00
      outer loop
         vertex 1.493972e+01 8.000000e+00 9.966669e+01
         vertex 1.522557e+01 8.000000e+00 9.624896e+01
         vertex 1.331750e+01 8.000000e+00 9.908331e+01
      endloop
   endfacet
   facet normal 0.000000e+00 1.000000e+00 0.000000e+00
      outer loop
         vertex 1.331750e+01 8.000000e+00 9.908331e+01
         vertex 1.522557e+01 8.000000e+00 9.624896e+01
         vertex 1.417500e+01 8.000000e+00 9.575907e+01
      endloop
   endfacet
   facet normal 0.000000e+00 1.000000e+00 0.000000e+00
      outer loop
         vertex 1.331750e+01 8.000000e+00 9.908331e+01
         vertex 1.417500e+01 8.000000e+00 9.575907e+01
         vertex 1.181957e+01 8.000000e+00 9.822999e+01
      endloop
   endfacet
   facet normal 0.000000e+00 1.000000e+00 0.000000e+00
      outer loop
         vertex 1.181957e+01 8.000000e+00 9.822999e+01
         vertex 1.417500e+01 8.000000e+00 9.575907e+01
         vertex 1.049047e+01 8.000000e+00 9.713207e+01
      endloop
   endfacet
   facet normal 0.000000e+00 1.000000e+00 0.000000e+00
      outer loop
         vertex 1.049047e+01 8.000000e+00 9.713207e+01
         vertex 1.417500e+01 8.000000e+00 9.575907e+01
         vertex 1.322546e+01 8.000000e+00 9.509420e+01
      endloop
   endfacet
   facet normal 0.000000e+00 1.000000e+00 0.000000e+00
      outer loop
         vertex 1.049047e+01 8.000000e+00 9.713207e+01
         vertex 1.322546e+01 8.000000e+00 9.509420e+01
         vertex 9.369683e+00 8.000000e+00 9.582219e+01
      endloop
   endfacet
   facet normal 0.000000e+00 1.000000e+00 0.000000e+00
      outer loop
         vertex 1.125104e+01 8.000000e+00 8.772557e+01
         vertex 1.174093e+01 8.000000e+00 8.667500e+01
         vertex 9.619401e+00 8.000000e+00 8.205024e+01
      endloop
   endfacet
   facet normal 0.000000e+00 1.000000e+00 0.000000e+00
      outer loop
         vertex 9.619401e+00 8.000000e+00 8.205024e+01
         vertex 1.174093e+01 8.000000e+00 8.667500e+01
         vertex 1.240580e+01 8.000000e+00 8.572547e+01
      endloop
   endfacet
   facet normal 0.000000e+00 1.000000e+00 0.000000e+00
      outer loop
         vertex 9.619401e+00 8.000000e+00 8.205024e+01
         vertex 1.240580e+01 8.000000e+00 8.572547e+01
         vertex 1.322546e+01 8.000000e+00 8.490581e+01
      endloop
   endfacet
   facet normal 0.000000e+00 1.000000e+00 0.000000e+00
      outer loop
         vertex 1.322546e+01 8.000000e+00 9.509420e+01
         vertex 1.240580e+01 8.000000e+00 9.427454e+01
         vertex 9.369683e+00 8.000000e+00 9.582219e+01
      endloop
   endfacet
   facet normal 0.000000e+00 1.000000e+00 0.000000e+00
      outer loop
         vertex 9.369683e+00 8.000000e+00 9.582219e+01
         vertex 1.240580e+01 8.000000e+00 9.427454e+01
         vertex 1.174093e+01 8.000000e+00 9.332500e+01
      endloop
   endfacet
   facet normal 0.000000e+00 1.000000e+00 0.000000e+00
      outer loop
         vertex 9.369683e+00 8.000000e+00 9.582219e+01
         vertex 1.174093e+01 8.000000e+00 9.332500e+01
         vertex 1.125104e+01 8.000000e+00 9.227444e+01
      endloop
   endfacet
   facet normal 0.000000e+00 1.000000e+00 0.000000e+00
      outer loop
         vertex 1.125104e+01 8.000000e+00 9.227444e+01
         vertex 1.095103e+01 8.000000e+00 9.115476e+01
         vertex 9.369683e+00 8.000000e+00 9.582219e+01
      endloop
   endfacet
   facet normal 0.000000e+00 1.000000e+00 0.000000e+00
      outer loop
         vertex 9.369683e+00 8.000000e+00 9.582219e+01
         vertex 1.095103e+01 8.000000e+00 9.115476e+01
         vertex 1.085000e+01 8.000000e+00 9.000000e+01
      endloop
   endfacet
   facet normal 0.000000e+00 1.000000e+00 0.000000e+00
      outer loop
         vertex 9.369683e+00 8.000000e+00 9.582219e+01
         vertex 1.085000e+01 8.000000e+00 9.000000e+01
         vertex 9.619401e+00 8.000000e+00 8.205024e+01
      endloop
   endfacet
   facet normal 0.000000e+00 1.000000e+00 0.000000e+00
      outer loop
         vertex 9.619401e+00 8.000000e+00 8.205024e+01
         vertex 1.085000e+01 8.000000e+00 9.000000e+01
         vertex 1.095103e+01 8.000000e+00 8.884524e+01
      endloop
   endfacet
   facet normal 0.000000e+00 1.000000e+00 0.000000e+00
      outer loop
         vertex 9.619401e+00 8.000000e+00 8.205024e+01
         vertex 1.095103e+01 8.000000e+00 8.884524e+01
         vertex 1.125104e+01 8.000000e+00 8.772557e+01
      endloop
   endfacet
   facet normal -0.000000e+00 1.000000e+00 0.000000e+00
      outer loop
         vertex 2.512378e+01 8.000000e+00 5.400739e+01
         vertex 2.517753e+01 8.000000e+00 5.407479e+01
         vertex 2.652067e+01 8.000000e+00 5.267584e+01
      endloop
   endfacet
   facet normal 0.000000e+00 1.000000e+00 0.000000e+00
      outer loop
         vertex 2.652067e+01 8.000000e+00 5.267584e+01
         vertex 2.517753e+01 8.000000e+00 5.407479e+01
         vertex 2.521891e+01 8.000000e+00 5.415042e+01
      endloop
   endfacet
   facet normal 0.000000e+00 1.000000e+00 0.000000e+00
      outer loop
         vertex 2.652067e+01 8.000000e+00 5.267584e+01
         vertex 2.521891e+01 8.000000e+00 5.415042e+01
         vertex 2.524667e+01 8.000000e+00 5.423204e+01
      endloop
   endfacet
   facet normal -0.000000e+00 1.000000e+00 0.000000e+00
      outer loop
         vertex 2.490580e+01 8.000000e+00 5.387304e+01
         vertex 2.498587e+01 8.000000e+00 5.390500e+01
         vertex 2.652067e+01 8.000000e+00 5.267584e+01
      endloop
   endfacet
   facet normal 0.000000e+00 1.000000e+00 0.000000e+00
      outer loop
         vertex 2.652067e+01 8.000000e+00 5.267584e+01
         vertex 2.498587e+01 8.000000e+00 5.390500e+01
         vertex 2.505926e+01 8.000000e+00 5.395023e+01
      endloop
   endfacet
   facet normal 0.000000e+00 1.000000e+00 0.000000e+00
      outer loop
         vertex 2.652067e+01 8.000000e+00 5.267584e+01
         vertex 2.505926e+01 8.000000e+00 5.395023e+01
         vertex 2.512378e+01 8.000000e+00 5.400739e+01
      endloop
   endfacet
   facet normal -0.000000e+00 1.000000e+00 0.000000e+00
      outer loop
         vertex 2.524667e+01 8.000000e+00 5.423204e+01
         vertex 2.526001e+01 8.000000e+00 5.431720e+01
         vertex 2.652067e+01 8.000000e+00 5.267584e+01
      endloop
   endfacet
   facet normal 0.000000e+00 1.000000e+00 0.000000e+00
      outer loop
         vertex 2.652067e+01 8.000000e+00 5.267584e+01
         vertex 2.526001e+01 8.000000e+00 5.431720e+01
         vertex 2.525852e+01 8.000000e+00 5.440340e+01
      endloop
   endfacet
   facet normal 0.000000e+00 1.000000e+00 -0.000000e+00
      outer loop
         vertex 2.652067e+01 8.000000e+00 5.267584e+01
         vertex 2.525852e+01 8.000000e+00 5.440340e+01
         vertex 2.652067e+01 8.000000e+00 6.255108e+01
      endloop
   endfacet
   facet normal 0.000000e+00 1.000000e+00 0.000000e+00
      outer loop
         vertex 2.652067e+01 8.000000e+00 6.255108e+01
         vertex 2.525852e+01 8.000000e+00 5.440340e+01
         vertex 2.503643e+01 8.000000e+00 5.653868e+01
      endloop
   endfacet
   facet normal 0.000000e+00 1.000000e+00 0.000000e+00
      outer loop
         vertex 2.652067e+01 8.000000e+00 6.255108e+01
         vertex 2.503643e+01 8.000000e+00 5.653868e+01
         vertex 2.502126e+01 8.000000e+00 5.661938e+01
      endloop
   endfacet
   facet normal 0.000000e+00 1.000000e+00 0.000000e+00
      outer loop
         vertex 2.442318e+01 8.000000e+00 5.398324e+01
         vertex 2.449149e+01 8.000000e+00 5.393066e+01
         vertex 2.470560e+01 8.000000e+00 5.267584e+01
      endloop
   endfacet
   facet normal 0.000000e+00 1.000000e+00 0.000000e+00
      outer loop
         vertex 2.470560e+01 8.000000e+00 5.267584e+01
         vertex 2.449149e+01 8.000000e+00 5.393066e+01
         vertex 2.456782e+01 8.000000e+00 5.389058e+01
      endloop
   endfacet
   facet normal 0.000000e+00 1.000000e+00 0.000000e+00
      outer loop
         vertex 2.456782e+01 8.000000e+00 5.389058e+01
         vertex 2.464990e+01 8.000000e+00 5.386422e+01
         vertex 2.470560e+01 8.000000e+00 5.267584e+01
      endloop
   endfacet
   facet normal 0.000000e+00 1.000000e+00 -0.000000e+00
      outer loop
         vertex 2.470560e+01 8.000000e+00 5.267584e+01
         vertex 2.464990e+01 8.000000e+00 5.386422e+01
         vertex 2.473528e+01 8.000000e+00 5.385235e+01
      endloop
   endfacet
   facet normal 0.000000e+00 1.000000e+00 0.000000e+00
      outer loop
         vertex 2.470560e+01 8.000000e+00 5.267584e+01
         vertex 2.473528e+01 8.000000e+00 5.385235e+01
         vertex 2.482144e+01 8.000000e+00 5.385532e+01
      endloop
   endfacet
   facet normal 0.000000e+00 1.000000e+00 -0.000000e+00
      outer loop
         vertex 2.502126e+01 8.000000e+00 5.661938e+01
         vertex 2.499309e+01 8.000000e+00 5.669650e+01
         vertex 2.652067e+01 8.000000e+00 6.255108e+01
      endloop
   endfacet
   facet normal 0.000000e+00 1.000000e+00 0.000000e+00
      outer loop
         vertex 2.652067e+01 8.000000e+00 6.255108e+01
         vertex 2.499309e+01 8.000000e+00 5.669650e+01
         vertex 2.495267e+01 8.000000e+00 5.676798e+01
      endloop
   endfacet
   facet normal 0.000000e+00 1.000000e+00 0.000000e+00
      outer loop
         vertex 2.652067e+01 8.000000e+00 6.255108e+01
         vertex 2.495267e+01 8.000000e+00 5.676798e+01
         vertex 2.470560e+01 8.000000e+00 6.255108e+01
      endloop
   endfacet
   facet normal 0.000000e+00 1.000000e+00 0.000000e+00
      outer loop
         vertex 2.470560e+01 8.000000e+00 6.255108e+01
         vertex 2.495267e+01 8.000000e+00 5.676798e+01
         vertex 2.490109e+01 8.000000e+00 5.683188e+01
      endloop
   endfacet
   facet normal 0.000000e+00 1.000000e+00 0.000000e+00
      outer loop
         vertex 2.470560e+01 8.000000e+00 6.255108e+01
         vertex 2.490109e+01 8.000000e+00 5.683188e+01
         vertex 2.036198e+01 8.000000e+00 6.159541e+01
      endloop
   endfacet
   facet normal 0.000000e+00 1.000000e+00 -0.000000e+00
      outer loop
         vertex 2.036198e+01 8.000000e+00 6.159541e+01
         vertex 2.029840e+01 8.000000e+00 6.165168e+01
         vertex 2.470560e+01 8.000000e+00 6.255108e+01
      endloop
   endfacet
   facet normal 0.000000e+00 1.000000e+00 0.000000e+00
      outer loop
         vertex 2.470560e+01 8.000000e+00 6.255108e+01
         vertex 2.029840e+01 8.000000e+00 6.165168e+01
         vertex 2.022621e+01 8.000000e+00 6.169639e+01
      endloop
   endfacet
   facet normal 0.000000e+00 1.000000e+00 0.000000e+00
      outer loop
         vertex 2.470560e+01 8.000000e+00 6.255108e+01
         vertex 2.022621e+01 8.000000e+00 6.169639e+01
         vertex 1.932500e+01 8.000000e+00 6.255108e+01
      endloop
   endfacet
   facet normal 0.000000e+00 1.000000e+00 0.000000e+00
      outer loop
         vertex 1.932500e+01 8.000000e+00 6.255108e+01
         vertex 2.022621e+01 8.000000e+00 6.169639e+01
         vertex 2.014750e+01 8.000000e+00 6.172823e+01
      endloop
   endfacet
   facet normal 0.000000e+00 1.000000e+00 0.000000e+00
      outer loop
         vertex 1.932500e+01 8.000000e+00 6.255108e+01
         vertex 2.014750e+01 8.000000e+00 6.172823e+01
         vertex 2.006453e+01 8.000000e+00 6.174630e+01
      endloop
   endfacet
   facet normal 0.000000e+00 1.000000e+00 0.000000e+00
      outer loop
         vertex 2.006453e+01 8.000000e+00 6.174630e+01
         vertex 1.997971e+01 8.000000e+00 6.175007e+01
         vertex 1.932500e+01 8.000000e+00 6.255108e+01
      endloop
   endfacet
   facet normal 0.000000e+00 1.000000e+00 0.000000e+00
      outer loop
         vertex 1.932500e+01 8.000000e+00 6.255108e+01
         vertex 1.997971e+01 8.000000e+00 6.175007e+01
         vertex 1.989547e+01 8.000000e+00 6.173944e+01
      endloop
   endfacet
   facet normal 0.000000e+00 1.000000e+00 0.000000e+00
      outer loop
         vertex 1.932500e+01 8.000000e+00 6.255108e+01
         vertex 1.989547e+01 8.000000e+00 6.173944e+01
         vertex 1.981424e+01 8.000000e+00 6.171470e+01
      endloop
   endfacet
   facet normal 0.000000e+00 1.000000e+00 0.000000e+00
      outer loop
         vertex 1.981424e+01 8.000000e+00 6.171470e+01
         vertex 1.973837e+01 8.000000e+00 6.167657e+01
         vertex 1.932500e+01 8.000000e+00 6.255108e+01
      endloop
   endfacet
   facet normal 0.000000e+00 1.000000e+00 0.000000e+00
      outer loop
         vertex 1.932500e+01 8.000000e+00 6.255108e+01
         vertex 1.973837e+01 8.000000e+00 6.167657e+01
         vertex 1.967005e+01 8.000000e+00 6.162616e+01
      endloop
   endfacet
   facet normal 0.000000e+00 1.000000e+00 0.000000e+00
      outer loop
         vertex 1.932500e+01 8.000000e+00 6.255108e+01
         vertex 1.967005e+01 8.000000e+00 6.162616e+01
         vertex 1.961124e+01 8.000000e+00 6.156491e+01
      endloop
   endfacet
   facet normal 0.000000e+00 1.000000e+00 0.000000e+00
      outer loop
         vertex 1.961124e+01 8.000000e+00 6.156491e+01
         vertex 1.956364e+01 8.000000e+00 6.149460e+01
         vertex 1.932500e+01 8.000000e+00 6.255108e+01
      endloop
   endfacet
   facet normal 0.000000e+00 1.000000e+00 0.000000e+00
      outer loop
         vertex 1.932500e+01 8.000000e+00 6.255108e+01
         vertex 1.956364e+01 8.000000e+00 6.149460e+01
         vertex 1.952863e+01 8.000000e+00 6.141725e+01
      endloop
   endfacet
   facet normal 0.000000e+00 1.000000e+00 0.000000e+00
      outer loop
         vertex 1.932500e+01 8.000000e+00 6.255108e+01
         vertex 1.952863e+01 8.000000e+00 6.141725e+01
         vertex 1.950721e+01 8.000000e+00 6.133508e+01
      endloop
   endfacet
   facet normal 0.000000e+00 1.000000e+00 0.000000e+00
      outer loop
         vertex 1.952720e+01 8.000000e+00 5.855715e+01
         vertex 1.956050e+01 8.000000e+00 5.848140e+01
         vertex 1.932500e+01 8.000000e+00 5.267584e+01
      endloop
   endfacet
   facet normal 0.000000e+00 1.000000e+00 0.000000e+00
      outer loop
         vertex 1.932500e+01 8.000000e+00 5.267584e+01
         vertex 1.956050e+01 8.000000e+00 5.848140e+01
         vertex 1.960585e+01 8.000000e+00 5.841218e+01
      endloop
   endfacet
   facet normal 0.000000e+00 1.000000e+00 0.000000e+00
      outer loop
         vertex 1.932500e+01 8.000000e+00 5.267584e+01
         vertex 1.960585e+01 8.000000e+00 5.841218e+01
         vertex 1.966198e+01 8.000000e+00 5.835139e+01
      endloop
   endfacet
   facet normal 0.000000e+00 1.000000e+00 0.000000e+00
      outer loop
         vertex 1.950721e+01 8.000000e+00 6.133508e+01
         vertex 1.950000e+01 8.000000e+00 6.125048e+01
         vertex 1.932500e+01 8.000000e+00 6.255108e+01
      endloop
   endfacet
   facet normal 0.000000e+00 1.000000e+00 0.000000e+00
      outer loop
         vertex 1.932500e+01 8.000000e+00 6.255108e+01
         vertex 1.950000e+01 8.000000e+00 6.125048e+01
         vertex 1.950000e+01 8.000000e+00 5.871982e+01
      endloop
   endfacet
   facet normal 0.000000e+00 1.000000e+00 0.000000e+00
      outer loop
         vertex 1.932500e+01 8.000000e+00 6.255108e+01
         vertex 1.950000e+01 8.000000e+00 5.871982e+01
         vertex 1.932500e+01 8.000000e+00 5.267584e+01
      endloop
   endfacet
   facet normal 0.000000e+00 1.000000e+00 0.000000e+00
      outer loop
         vertex 1.932500e+01 8.000000e+00 5.267584e+01
         vertex 1.950000e+01 8.000000e+00 5.871982e+01
         vertex 1.950685e+01 8.000000e+00 5.863736e+01
      endloop
   endfacet
   facet normal 0.000000e+00 1.000000e+00 0.000000e+00
      outer loop
         vertex 1.932500e+01 8.000000e+00 5.267584e+01
         vertex 1.950685e+01 8.000000e+00 5.863736e+01
         vertex 1.952720e+01 8.000000e+00 5.855715e+01
      endloop
   endfacet
   facet normal -0.000000e+00 1.000000e+00 0.000000e+00
      outer loop
         vertex 2.482144e+01 8.000000e+00 6.335532e+01
         vertex 2.490580e+01 8.000000e+00 6.337304e+01
         vertex 2.470560e+01 8.000000e+00 6.255108e+01
      endloop
   endfacet
   facet normal 0.000000e+00 1.000000e+00 0.000000e+00
      outer loop
         vertex 2.652067e+01 8.000000e+00 6.255108e+01
         vertex 2.505926e+01 8.000000e+00 6.345023e+01
         vertex 2.512378e+01 8.000000e+00 6.350739e+01
      endloop
   endfacet
   facet normal -0.000000e+00 1.000000e+00 0.000000e+00
      outer loop
         vertex 2.512378e+01 8.000000e+00 6.350739e+01
         vertex 2.517753e+01 8.000000e+00 6.357479e+01
         vertex 2.652067e+01 8.000000e+00 6.255108e+01
      endloop
   endfacet
   facet normal 0.000000e+00 1.000000e+00 0.000000e+00
      outer loop
         vertex 2.652067e+01 8.000000e+00 6.255108e+01
         vertex 2.517753e+01 8.000000e+00 6.357479e+01
         vertex 2.521891e+01 8.000000e+00 6.365042e+01
      endloop
   endfacet
   facet normal 0.000000e+00 1.000000e+00 0.000000e+00
      outer loop
         vertex 2.652067e+01 8.000000e+00 6.255108e+01
         vertex 2.521891e+01 8.000000e+00 6.365042e+01
         vertex 2.524667e+01 8.000000e+00 6.373204e+01
      endloop
   endfacet
   facet normal 0.000000e+00 1.000000e+00 0.000000e+00
      outer loop
         vertex 2.470560e+01 8.000000e+00 6.255108e+01
         vertex 2.490580e+01 8.000000e+00 6.337304e+01
         vertex 2.652067e+01 8.000000e+00 6.255108e+01
      endloop
   endfacet
   facet normal 0.000000e+00 1.000000e+00 0.000000e+00
      outer loop
         vertex 2.652067e+01 8.000000e+00 6.255108e+01
         vertex 2.490580e+01 8.000000e+00 6.337304e+01
         vertex 2.498587e+01 8.000000e+00 6.340500e+01
      endloop
   endfacet
   facet normal 0.000000e+00 1.000000e+00 0.000000e+00
      outer loop
         vertex 2.652067e+01 8.000000e+00 6.255108e+01
         vertex 2.498587e+01 8.000000e+00 6.340500e+01
         vertex 2.505926e+01 8.000000e+00 6.345023e+01
      endloop
   endfacet
   facet normal -0.000000e+00 1.000000e+00 0.000000e+00
      outer loop
         vertex 2.524667e+01 8.000000e+00 6.373204e+01
         vertex 2.526001e+01 8.000000e+00 6.381720e+01
         vertex 2.652067e+01 8.000000e+00 6.255108e+01
      endloop
   endfacet
   facet normal 0.000000e+00 1.000000e+00 0.000000e+00
      outer loop
         vertex 2.652067e+01 8.000000e+00 6.255108e+01
         vertex 2.526001e+01 8.000000e+00 6.381720e+01
         vertex 2.525852e+01 8.000000e+00 6.390340e+01
      endloop
   endfacet
   facet normal 0.000000e+00 1.000000e+00 -0.000000e+00
      outer loop
         vertex 2.652067e+01 8.000000e+00 6.255108e+01
         vertex 2.525852e+01 8.000000e+00 6.390340e+01
         vertex 2.652067e+01 8.000000e+00 7.205108e+01
      endloop
   endfacet
   facet normal 0.000000e+00 1.000000e+00 0.000000e+00
      outer loop
         vertex 2.652067e+01 8.000000e+00 7.205108e+01
         vertex 2.525852e+01 8.000000e+00 6.390340e+01
         vertex 2.503643e+01 8.000000e+00 6.603868e+01
      endloop
   endfacet
   facet normal 0.000000e+00 1.000000e+00 0.000000e+00
      outer loop
         vertex 2.652067e+01 8.000000e+00 7.205108e+01
         vertex 2.503643e+01 8.000000e+00 6.603868e+01
         vertex 2.502126e+01 8.000000e+00 6.611937e+01
      endloop
   endfacet
   facet normal 0.000000e+00 1.000000e+00 0.000000e+00
      outer loop
         vertex 2.456782e+01 8.000000e+00 6.339058e+01
         vertex 2.464990e+01 8.000000e+00 6.336422e+01
         vertex 2.470560e+01 8.000000e+00 6.255108e+01
      endloop
   endfacet
   facet normal 0.000000e+00 1.000000e+00 -0.000000e+00
      outer loop
         vertex 2.470560e+01 8.000000e+00 6.255108e+01
         vertex 2.464990e+01 8.000000e+00 6.336422e+01
         vertex 2.473528e+01 8.000000e+00 6.335235e+01
      endloop
   endfacet
   facet normal 0.000000e+00 1.000000e+00 0.000000e+00
      outer loop
         vertex 2.470560e+01 8.000000e+00 6.255108e+01
         vertex 2.473528e+01 8.000000e+00 6.335235e+01
         vertex 2.482144e+01 8.000000e+00 6.335532e+01
      endloop
   endfacet
   facet normal 0.000000e+00 1.000000e+00 -0.000000e+00
      outer loop
         vertex 2.502126e+01 8.000000e+00 6.611937e+01
         vertex 2.499309e+01 8.000000e+00 6.619650e+01
         vertex 2.652067e+01 8.000000e+00 7.205108e+01
      endloop
   endfacet
   facet normal 0.000000e+00 1.000000e+00 0.000000e+00
      outer loop
         vertex 2.652067e+01 8.000000e+00 7.205108e+01
         vertex 2.499309e+01 8.000000e+00 6.619650e+01
         vertex 2.495267e+01 8.000000e+00 6.626798e+01
      endloop
   endfacet
   facet normal 0.000000e+00 1.000000e+00 0.000000e+00
      outer loop
         vertex 2.652067e+01 8.000000e+00 7.205108e+01
         vertex 2.495267e+01 8.000000e+00 6.626798e+01
         vertex 2.470560e+01 8.000000e+00 7.205108e+01
      endloop
   endfacet
   facet normal 0.000000e+00 1.000000e+00 0.000000e+00
      outer loop
         vertex 2.470560e+01 8.000000e+00 7.205108e+01
         vertex 2.495267e+01 8.000000e+00 6.626798e+01
         vertex 2.490109e+01 8.000000e+00 6.633188e+01
      endloop
   endfacet
   facet normal 0.000000e+00 1.000000e+00 0.000000e+00
      outer loop
         vertex 2.470560e+01 8.000000e+00 7.205108e+01
         vertex 2.490109e+01 8.000000e+00 6.633188e+01
         vertex 2.036198e+01 8.000000e+00 7.109541e+01
      endloop
   endfacet
   facet normal 0.000000e+00 1.000000e+00 -0.000000e+00
      outer loop
         vertex 2.036198e+01 8.000000e+00 7.109541e+01
         vertex 2.029840e+01 8.000000e+00 7.115168e+01
         vertex 2.470560e+01 8.000000e+00 7.205108e+01
      endloop
   endfacet
   facet normal 0.000000e+00 1.000000e+00 0.000000e+00
      outer loop
         vertex 2.470560e+01 8.000000e+00 7.205108e+01
         vertex 2.029840e+01 8.000000e+00 7.115168e+01
         vertex 2.022621e+01 8.000000e+00 7.119639e+01
      endloop
   endfacet
   facet normal 0.000000e+00 1.000000e+00 0.000000e+00
      outer loop
         vertex 2.470560e+01 8.000000e+00 7.205108e+01
         vertex 2.022621e+01 8.000000e+00 7.119639e+01
         vertex 1.932500e+01 8.000000e+00 7.205108e+01
      endloop
   endfacet
   facet normal 0.000000e+00 1.000000e+00 0.000000e+00
      outer loop
         vertex 1.932500e+01 8.000000e+00 7.205108e+01
         vertex 2.022621e+01 8.000000e+00 7.119639e+01
         vertex 2.014750e+01 8.000000e+00 7.122823e+01
      endloop
   endfacet
   facet normal 0.000000e+00 1.000000e+00 0.000000e+00
      outer loop
         vertex 1.932500e+01 8.000000e+00 7.205108e+01
         vertex 2.014750e+01 8.000000e+00 7.122823e+01
         vertex 2.006453e+01 8.000000e+00 7.124630e+01
      endloop
   endfacet
   facet normal 0.000000e+00 1.000000e+00 0.000000e+00
      outer loop
         vertex 2.006453e+01 8.000000e+00 7.124630e+01
         vertex 1.997971e+01 8.000000e+00 7.125007e+01
         vertex 1.932500e+01 8.000000e+00 7.205108e+01
      endloop
   endfacet
   facet normal 0.000000e+00 1.000000e+00 0.000000e+00
      outer loop
         vertex 1.932500e+01 8.000000e+00 7.205108e+01
         vertex 1.997971e+01 8.000000e+00 7.125007e+01
         vertex 1.989547e+01 8.000000e+00 7.123943e+01
      endloop
   endfacet
   facet normal 0.000000e+00 1.000000e+00 0.000000e+00
      outer loop
         vertex 1.932500e+01 8.000000e+00 7.205108e+01
         vertex 1.989547e+01 8.000000e+00 7.123943e+01
         vertex 1.981424e+01 8.000000e+00 7.121470e+01
      endloop
   endfacet
   facet normal 0.000000e+00 1.000000e+00 0.000000e+00
      outer loop
         vertex 1.981424e+01 8.000000e+00 7.121470e+01
         vertex 1.973837e+01 8.000000e+00 7.117657e+01
         vertex 1.932500e+01 8.000000e+00 7.205108e+01
      endloop
   endfacet
   facet normal 0.000000e+00 1.000000e+00 0.000000e+00
      outer loop
         vertex 1.932500e+01 8.000000e+00 7.205108e+01
         vertex 1.973837e+01 8.000000e+00 7.117657e+01
         vertex 1.967005e+01 8.000000e+00 7.112616e+01
      endloop
   endfacet
   facet normal 0.000000e+00 1.000000e+00 0.000000e+00
      outer loop
         vertex 1.932500e+01 8.000000e+00 7.205108e+01
         vertex 1.967005e+01 8.000000e+00 7.112616e+01
         vertex 1.961124e+01 8.000000e+00 7.106491e+01
      endloop
   endfacet
   facet normal 0.000000e+00 1.000000e+00 0.000000e+00
      outer loop
         vertex 1.961124e+01 8.000000e+00 7.106491e+01
         vertex 1.956364e+01 8.000000e+00 7.099460e+01
         vertex 1.932500e+01 8.000000e+00 7.205108e+01
      endloop
   endfacet
   facet normal 0.000000e+00 1.000000e+00 0.000000e+00
      outer loop
         vertex 1.932500e+01 8.000000e+00 7.205108e+01
         vertex 1.956364e+01 8.000000e+00 7.099460e+01
         vertex 1.952863e+01 8.000000e+00 7.091725e+01
      endloop
   endfacet
   facet normal 0.000000e+00 1.000000e+00 0.000000e+00
      outer loop
         vertex 1.932500e+01 8.000000e+00 7.205108e+01
         vertex 1.952863e+01 8.000000e+00 7.091725e+01
         vertex 1.950721e+01 8.000000e+00 7.083509e+01
      endloop
   endfacet
   facet normal 0.000000e+00 1.000000e+00 0.000000e+00
      outer loop
         vertex 1.956050e+01 8.000000e+00 6.798141e+01
         vertex 1.960585e+01 8.000000e+00 6.791219e+01
         vertex 1.932500e+01 8.000000e+00 6.255108e+01
      endloop
   endfacet
   facet normal 0.000000e+00 1.000000e+00 0.000000e+00
      outer loop
         vertex 1.956050e+01 8.000000e+00 6.798141e+01
         vertex 1.932500e+01 8.000000e+00 6.255108e+01
         vertex 1.952720e+01 8.000000e+00 6.805716e+01
      endloop
   endfacet
   facet normal 0.000000e+00 1.000000e+00 0.000000e+00
      outer loop
         vertex 1.960585e+01 8.000000e+00 6.791219e+01
         vertex 1.966198e+01 8.000000e+00 6.785139e+01
         vertex 1.932500e+01 8.000000e+00 6.255108e+01
      endloop
   endfacet
   facet normal 0.000000e+00 1.000000e+00 0.000000e+00
      outer loop
         vertex 1.932500e+01 8.000000e+00 6.255108e+01
         vertex 1.966198e+01 8.000000e+00 6.785139e+01
         vertex 2.442318e+01 8.000000e+00 6.348324e+01
      endloop
   endfacet
   facet normal 0.000000e+00 1.000000e+00 0.000000e+00
      outer loop
         vertex 1.932500e+01 8.000000e+00 6.255108e+01
         vertex 2.442318e+01 8.000000e+00 6.348324e+01
         vertex 2.470560e+01 8.000000e+00 6.255108e+01
      endloop
   endfacet
   facet normal 0.000000e+00 1.000000e+00 0.000000e+00
      outer loop
         vertex 2.470560e+01 8.000000e+00 6.255108e+01
         vertex 2.442318e+01 8.000000e+00 6.348324e+01
         vertex 2.449149e+01 8.000000e+00 6.343066e+01
      endloop
   endfacet
   facet normal 0.000000e+00 1.000000e+00 0.000000e+00
      outer loop
         vertex 2.470560e+01 8.000000e+00 6.255108e+01
         vertex 2.449149e+01 8.000000e+00 6.343066e+01
         vertex 2.456782e+01 8.000000e+00 6.339058e+01
      endloop
   endfacet
   facet normal 0.000000e+00 1.000000e+00 0.000000e+00
      outer loop
         vertex 1.950721e+01 8.000000e+00 7.083509e+01
         vertex 1.950000e+01 8.000000e+00 7.075048e+01
         vertex 1.932500e+01 8.000000e+00 7.205108e+01
      endloop
   endfacet
   facet normal 0.000000e+00 1.000000e+00 0.000000e+00
      outer loop
         vertex 1.932500e+01 8.000000e+00 7.205108e+01
         vertex 1.950000e+01 8.000000e+00 7.075048e+01
         vertex 1.950000e+01 8.000000e+00 6.821982e+01
      endloop
   endfacet
   facet normal 0.000000e+00 1.000000e+00 0.000000e+00
      outer loop
         vertex 1.932500e+01 8.000000e+00 7.205108e+01
         vertex 1.950000e+01 8.000000e+00 6.821982e+01
         vertex 1.932500e+01 8.000000e+00 6.255108e+01
      endloop
   endfacet
   facet normal 0.000000e+00 1.000000e+00 0.000000e+00
      outer loop
         vertex 1.932500e+01 8.000000e+00 6.255108e+01
         vertex 1.950000e+01 8.000000e+00 6.821982e+01
         vertex 1.950685e+01 8.000000e+00 6.813736e+01
      endloop
   endfacet
   facet normal 0.000000e+00 1.000000e+00 0.000000e+00
      outer loop
         vertex 1.932500e+01 8.000000e+00 6.255108e+01
         vertex 1.950685e+01 8.000000e+00 6.813736e+01
         vertex 1.952720e+01 8.000000e+00 6.805716e+01
      endloop
   endfacet
   facet normal -0.000000e+00 1.000000e+00 0.000000e+00
      outer loop
         vertex 2.482144e+01 8.000000e+00 7.285532e+01
         vertex 2.490580e+01 8.000000e+00 7.287304e+01
         vertex 2.470560e+01 8.000000e+00 7.205108e+01
      endloop
   endfacet
   facet normal 0.000000e+00 1.000000e+00 0.000000e+00
      outer loop
         vertex 2.652067e+01 8.000000e+00 7.205108e+01
         vertex 2.505926e+01 8.000000e+00 7.295023e+01
         vertex 2.512378e+01 8.000000e+00 7.300739e+01
      endloop
   endfacet
   facet normal -0.000000e+00 1.000000e+00 0.000000e+00
      outer loop
         vertex 2.512378e+01 8.000000e+00 7.300739e+01
         vertex 2.517753e+01 8.000000e+00 7.307479e+01
         vertex 2.652067e+01 8.000000e+00 7.205108e+01
      endloop
   endfacet
   facet normal 0.000000e+00 1.000000e+00 0.000000e+00
      outer loop
         vertex 2.652067e+01 8.000000e+00 7.205108e+01
         vertex 2.517753e+01 8.000000e+00 7.307479e+01
         vertex 2.521891e+01 8.000000e+00 7.315042e+01
      endloop
   endfacet
   facet normal 0.000000e+00 1.000000e+00 0.000000e+00
      outer loop
         vertex 2.652067e+01 8.000000e+00 7.205108e+01
         vertex 2.521891e+01 8.000000e+00 7.315042e+01
         vertex 2.524667e+01 8.000000e+00 7.323204e+01
      endloop
   endfacet
   facet normal 0.000000e+00 1.000000e+00 0.000000e+00
      outer loop
         vertex 2.470560e+01 8.000000e+00 7.205108e+01
         vertex 2.490580e+01 8.000000e+00 7.287304e+01
         vertex 2.652067e+01 8.000000e+00 7.205108e+01
      endloop
   endfacet
   facet normal 0.000000e+00 1.000000e+00 0.000000e+00
      outer loop
         vertex 2.652067e+01 8.000000e+00 7.205108e+01
         vertex 2.490580e+01 8.000000e+00 7.287304e+01
         vertex 2.498587e+01 8.000000e+00 7.290499e+01
      endloop
   endfacet
   facet normal 0.000000e+00 1.000000e+00 0.000000e+00
      outer loop
         vertex 2.652067e+01 8.000000e+00 7.205108e+01
         vertex 2.498587e+01 8.000000e+00 7.290499e+01
         vertex 2.505926e+01 8.000000e+00 7.295023e+01
      endloop
   endfacet
   facet normal -0.000000e+00 1.000000e+00 0.000000e+00
      outer loop
         vertex 2.524667e+01 8.000000e+00 7.323204e+01
         vertex 2.526001e+01 8.000000e+00 7.331721e+01
         vertex 2.652067e+01 8.000000e+00 7.205108e+01
      endloop
   endfacet
   facet normal 0.000000e+00 1.000000e+00 0.000000e+00
      outer loop
         vertex 2.652067e+01 8.000000e+00 7.205108e+01
         vertex 2.526001e+01 8.000000e+00 7.331721e+01
         vertex 2.525852e+01 8.000000e+00 7.340340e+01
      endloop
   endfacet
   facet normal 0.000000e+00 1.000000e+00 -0.000000e+00
      outer loop
         vertex 2.652067e+01 8.000000e+00 7.205108e+01
         vertex 2.525852e+01 8.000000e+00 7.340340e+01
         vertex 2.652067e+01 8.000000e+00 8.205024e+01
      endloop
   endfacet
   facet normal 0.000000e+00 1.000000e+00 0.000000e+00
      outer loop
         vertex 2.652067e+01 8.000000e+00 8.205024e+01
         vertex 2.525852e+01 8.000000e+00 7.340340e+01
         vertex 2.503643e+01 8.000000e+00 7.553868e+01
      endloop
   endfacet
   facet normal 0.000000e+00 1.000000e+00 0.000000e+00
      outer loop
         vertex 2.652067e+01 8.000000e+00 8.205024e+01
         vertex 2.503643e+01 8.000000e+00 7.553868e+01
         vertex 2.502126e+01 8.000000e+00 7.561938e+01
      endloop
   endfacet
   facet normal 0.000000e+00 1.000000e+00 0.000000e+00
      outer loop
         vertex 2.456782e+01 8.000000e+00 7.289059e+01
         vertex 2.464990e+01 8.000000e+00 7.286422e+01
         vertex 2.470560e+01 8.000000e+00 7.205108e+01
      endloop
   endfacet
   facet normal 0.000000e+00 1.000000e+00 -0.000000e+00
      outer loop
         vertex 2.470560e+01 8.000000e+00 7.205108e+01
         vertex 2.464990e+01 8.000000e+00 7.286422e+01
         vertex 2.473528e+01 8.000000e+00 7.285235e+01
      endloop
   endfacet
   facet normal 0.000000e+00 1.000000e+00 0.000000e+00
      outer loop
         vertex 2.470560e+01 8.000000e+00 7.205108e+01
         vertex 2.473528e+01 8.000000e+00 7.285235e+01
         vertex 2.482144e+01 8.000000e+00 7.285532e+01
      endloop
   endfacet
   facet normal 0.000000e+00 1.000000e+00 0.000000e+00
      outer loop
         vertex 1.997971e+01 8.000000e+00 8.075007e+01
         vertex 1.989547e+01 8.000000e+00 8.073943e+01
         vertex 1.932500e+01 8.000000e+00 8.205024e+01
      endloop
   endfacet
   facet normal 0.000000e+00 1.000000e+00 -0.000000e+00
      outer loop
         vertex 2.502126e+01 8.000000e+00 7.561938e+01
         vertex 2.499309e+01 8.000000e+00 7.569650e+01
         vertex 2.652067e+01 8.000000e+00 8.205024e+01
      endloop
   endfacet
   facet normal 0.000000e+00 1.000000e+00 0.000000e+00
      outer loop
         vertex 2.652067e+01 8.000000e+00 8.205024e+01
         vertex 2.499309e+01 8.000000e+00 7.569650e+01
         vertex 2.495267e+01 8.000000e+00 7.576798e+01
      endloop
   endfacet
   facet normal 0.000000e+00 1.000000e+00 0.000000e+00
      outer loop
         vertex 2.652067e+01 8.000000e+00 8.205024e+01
         vertex 2.495267e+01 8.000000e+00 7.576798e+01
         vertex 2.470560e+01 8.000000e+00 8.205024e+01
      endloop
   endfacet
   facet normal 0.000000e+00 1.000000e+00 0.000000e+00
      outer loop
         vertex 2.470560e+01 8.000000e+00 8.205024e+01
         vertex 2.495267e+01 8.000000e+00 7.576798e+01
         vertex 2.490109e+01 8.000000e+00 7.583188e+01
      endloop
   endfacet
   facet normal 0.000000e+00 1.000000e+00 0.000000e+00
      outer loop
         vertex 2.470560e+01 8.000000e+00 8.205024e+01
         vertex 2.490109e+01 8.000000e+00 7.583188e+01
         vertex 2.036198e+01 8.000000e+00 8.059541e+01
      endloop
   endfacet
   facet normal -0.000000e+00 1.000000e+00 -0.000000e+00
      outer loop
         vertex 1.997971e+01 8.000000e+00 8.075007e+01
         vertex 1.932500e+01 8.000000e+00 8.205024e+01
         vertex 2.006453e+01 8.000000e+00 8.074630e+01
      endloop
   endfacet
   facet normal 0.000000e+00 1.000000e+00 -0.000000e+00
      outer loop
         vertex 2.036198e+01 8.000000e+00 8.059541e+01
         vertex 2.029840e+01 8.000000e+00 8.065168e+01
         vertex 2.470560e+01 8.000000e+00 8.205024e+01
      endloop
   endfacet
   facet normal 0.000000e+00 1.000000e+00 0.000000e+00
      outer loop
         vertex 2.470560e+01 8.000000e+00 8.205024e+01
         vertex 2.029840e+01 8.000000e+00 8.065168e+01
         vertex 2.022621e+01 8.000000e+00 8.069638e+01
      endloop
   endfacet
   facet normal 0.000000e+00 1.000000e+00 0.000000e+00
      outer loop
         vertex 2.470560e+01 8.000000e+00 8.205024e+01
         vertex 2.022621e+01 8.000000e+00 8.069638e+01
         vertex 1.932500e+01 8.000000e+00 8.205024e+01
      endloop
   endfacet
   facet normal 0.000000e+00 1.000000e+00 0.000000e+00
      outer loop
         vertex 1.932500e+01 8.000000e+00 8.205024e+01
         vertex 2.022621e+01 8.000000e+00 8.069638e+01
         vertex 2.014750e+01 8.000000e+00 8.072823e+01
      endloop
   endfacet
   facet normal 0.000000e+00 1.000000e+00 0.000000e+00
      outer loop
         vertex 1.932500e+01 8.000000e+00 8.205024e+01
         vertex 2.014750e+01 8.000000e+00 8.072823e+01
         vertex 2.006453e+01 8.000000e+00 8.074630e+01
      endloop
   endfacet
   facet normal 0.000000e+00 1.000000e+00 0.000000e+00
      outer loop
         vertex 1.932500e+01 8.000000e+00 8.205024e+01
         vertex 1.952863e+01 8.000000e+00 8.041725e+01
         vertex 1.950721e+01 8.000000e+00 8.033508e+01
      endloop
   endfacet
   facet normal 0.000000e+00 1.000000e+00 0.000000e+00
      outer loop
         vertex 1.989547e+01 8.000000e+00 8.073943e+01
         vertex 1.981424e+01 8.000000e+00 8.071470e+01
         vertex 1.932500e+01 8.000000e+00 8.205024e+01
      endloop
   endfacet
   facet normal 0.000000e+00 1.000000e+00 0.000000e+00
      outer loop
         vertex 1.932500e+01 8.000000e+00 8.205024e+01
         vertex 1.981424e+01 8.000000e+00 8.071470e+01
         vertex 1.973837e+01 8.000000e+00 8.067657e+01
      endloop
   endfacet
   facet normal 0.000000e+00 1.000000e+00 0.000000e+00
      outer loop
         vertex 1.932500e+01 8.000000e+00 8.205024e+01
         vertex 1.973837e+01 8.000000e+00 8.067657e+01
         vertex 1.967005e+01 8.000000e+00 8.062616e+01
      endloop
   endfacet
   facet normal 0.000000e+00 1.000000e+00 0.000000e+00
      outer loop
         vertex 1.967005e+01 8.000000e+00 8.062616e+01
         vertex 1.961124e+01 8.000000e+00 8.056491e+01
         vertex 1.932500e+01 8.000000e+00 8.205024e+01
      endloop
   endfacet
   facet normal 0.000000e+00 1.000000e+00 0.000000e+00
      outer loop
         vertex 1.932500e+01 8.000000e+00 8.205024e+01
         vertex 1.961124e+01 8.000000e+00 8.056491e+01
         vertex 1.956364e+01 8.000000e+00 8.049460e+01
      endloop
   endfacet
   facet normal 0.000000e+00 1.000000e+00 0.000000e+00
      outer loop
         vertex 1.932500e+01 8.000000e+00 8.205024e+01
         vertex 1.956364e+01 8.000000e+00 8.049460e+01
         vertex 1.952863e+01 8.000000e+00 8.041725e+01
      endloop
   endfacet
   facet normal 0.000000e+00 1.000000e+00 0.000000e+00
      outer loop
         vertex 1.960585e+01 8.000000e+00 7.741219e+01
         vertex 1.932500e+01 8.000000e+00 7.205108e+01
         vertex 1.956050e+01 8.000000e+00 7.748141e+01
      endloop
   endfacet
   facet normal 0.000000e+00 1.000000e+00 0.000000e+00
      outer loop
         vertex 1.956050e+01 8.000000e+00 7.748141e+01
         vertex 1.932500e+01 8.000000e+00 7.205108e+01
         vertex 1.952720e+01 8.000000e+00 7.755716e+01
      endloop
   endfacet
   facet normal 0.000000e+00 1.000000e+00 0.000000e+00
      outer loop
         vertex 1.960585e+01 8.000000e+00 7.741219e+01
         vertex 1.966198e+01 8.000000e+00 7.735139e+01
         vertex 1.932500e+01 8.000000e+00 7.205108e+01
      endloop
   endfacet
   facet normal 0.000000e+00 1.000000e+00 0.000000e+00
      outer loop
         vertex 1.932500e+01 8.000000e+00 7.205108e+01
         vertex 1.966198e+01 8.000000e+00 7.735139e+01
         vertex 2.442318e+01 8.000000e+00 7.298324e+01
      endloop
   endfacet
   facet normal 0.000000e+00 1.000000e+00 0.000000e+00
      outer loop
         vertex 1.932500e+01 8.000000e+00 7.205108e+01
         vertex 2.442318e+01 8.000000e+00 7.298324e+01
         vertex 2.470560e+01 8.000000e+00 7.205108e+01
      endloop
   endfacet
   facet normal 0.000000e+00 1.000000e+00 0.000000e+00
      outer loop
         vertex 2.470560e+01 8.000000e+00 7.205108e+01
         vertex 2.442318e+01 8.000000e+00 7.298324e+01
         vertex 2.449149e+01 8.000000e+00 7.293065e+01
      endloop
   endfacet
   facet normal 0.000000e+00 1.000000e+00 0.000000e+00
      outer loop
         vertex 2.470560e+01 8.000000e+00 7.205108e+01
         vertex 2.449149e+01 8.000000e+00 7.293065e+01
         vertex 2.456782e+01 8.000000e+00 7.289059e+01
      endloop
   endfacet
   facet normal 0.000000e+00 1.000000e+00 0.000000e+00
      outer loop
         vertex 1.950721e+01 8.000000e+00 8.033508e+01
         vertex 1.950000e+01 8.000000e+00 8.025048e+01
         vertex 1.932500e+01 8.000000e+00 8.205024e+01
      endloop
   endfacet
   facet normal 0.000000e+00 1.000000e+00 0.000000e+00
      outer loop
         vertex 1.932500e+01 8.000000e+00 8.205024e+01
         vertex 1.950000e+01 8.000000e+00 8.025048e+01
         vertex 1.950000e+01 8.000000e+00 7.771982e+01
      endloop
   endfacet
   facet normal 0.000000e+00 1.000000e+00 0.000000e+00
      outer loop
         vertex 1.932500e+01 8.000000e+00 8.205024e+01
         vertex 1.950000e+01 8.000000e+00 7.771982e+01
         vertex 1.932500e+01 8.000000e+00 7.205108e+01
      endloop
   endfacet
   facet normal 0.000000e+00 1.000000e+00 0.000000e+00
      outer loop
         vertex 1.932500e+01 8.000000e+00 7.205108e+01
         vertex 1.950000e+01 8.000000e+00 7.771982e+01
         vertex 1.950685e+01 8.000000e+00 7.763736e+01
      endloop
   endfacet
   facet normal 0.000000e+00 1.000000e+00 0.000000e+00
      outer loop
         vertex 1.932500e+01 8.000000e+00 7.205108e+01
         vertex 1.950685e+01 8.000000e+00 7.763736e+01
         vertex 1.952720e+01 8.000000e+00 7.755716e+01
      endloop
   endfacet
   facet normal 0.000000e+00 1.000000e+00 0.000000e+00
      outer loop
         vertex 1.611081e+01 8.000000e+00 2.537846e+01
         vertex 1.476384e+01 8.000000e+00 2.501754e+01
         vertex 9.619401e+00 8.000000e+00 2.570000e+01
      endloop
   endfacet
   facet normal 0.000000e+00 1.000000e+00 0.000000e+00
      outer loop
         vertex 9.619401e+00 8.000000e+00 2.570000e+01
         vertex 1.476384e+01 8.000000e+00 2.501754e+01
         vertex 1.350000e+01 8.000000e+00 2.442820e+01
      endloop
   endfacet
   facet normal 0.000000e+00 1.000000e+00 0.000000e+00
      outer loop
         vertex 1.350000e+01 8.000000e+00 2.442820e+01
         vertex 1.235770e+01 8.000000e+00 2.362836e+01
         vertex 9.619401e+00 8.000000e+00 2.570000e+01
      endloop
   endfacet
   facet normal 0.000000e+00 1.000000e+00 0.000000e+00
      outer loop
         vertex 9.619401e+00 8.000000e+00 2.570000e+01
         vertex 1.235770e+01 8.000000e+00 2.362836e+01
         vertex 1.137164e+01 8.000000e+00 2.264230e+01
      endloop
   endfacet
   facet normal 0.000000e+00 1.000000e+00 0.000000e+00
      outer loop
         vertex 9.619401e+00 8.000000e+00 2.570000e+01
         vertex 1.137164e+01 8.000000e+00 2.264230e+01
         vertex 1.057180e+01 8.000000e+00 2.150000e+01
      endloop
   endfacet
   facet normal -0.000000e+00 1.000000e+00 0.000000e+00
      outer loop
         vertex 7.237599e+00 8.000000e+00 2.342500e+01
         vertex 7.359150e+00 8.000000e+00 2.368567e+01
         vertex 9.621538e+00 8.000000e+00 1.888919e+01
      endloop
   endfacet
   facet normal 0.000000e+00 1.000000e+00 0.000000e+00
      outer loop
         vertex 9.621538e+00 8.000000e+00 1.888919e+01
         vertex 7.359150e+00 8.000000e+00 2.368567e+01
         vertex 9.619401e+00 8.000000e+00 2.570000e+01
      endloop
   endfacet
   facet normal 0.000000e+00 1.000000e+00 -0.000000e+00
      outer loop
         vertex 9.621538e+00 8.000000e+00 1.888919e+01
         vertex 9.619401e+00 8.000000e+00 2.570000e+01
         vertex 9.982459e+00 8.000000e+00 2.023616e+01
      endloop
   endfacet
   facet normal 0.000000e+00 1.000000e+00 -0.000000e+00
      outer loop
         vertex 9.982459e+00 8.000000e+00 2.023616e+01
         vertex 9.619401e+00 8.000000e+00 2.570000e+01
         vertex 1.057180e+01 8.000000e+00 2.150000e+01
      endloop
   endfacet
   facet normal 0.000000e+00 1.000000e+00 0.000000e+00
      outer loop
         vertex 2.023616e+01 8.000000e+00 2.501754e+01
         vertex 1.888919e+01 8.000000e+00 2.537846e+01
         vertex 1.932500e+01 8.000000e+00 2.570000e+01
      endloop
   endfacet
   facet normal 0.000000e+00 1.000000e+00 0.000000e+00
      outer loop
         vertex 1.932500e+01 8.000000e+00 2.570000e+01
         vertex 1.888919e+01 8.000000e+00 2.537846e+01
         vertex 1.750000e+01 8.000000e+00 2.550000e+01
      endloop
   endfacet
   facet normal 0.000000e+00 1.000000e+00 0.000000e+00
      outer loop
         vertex 1.932500e+01 8.000000e+00 2.570000e+01
         vertex 1.750000e+01 8.000000e+00 2.550000e+01
         vertex 1.567500e+01 8.000000e+00 2.570000e+01
      endloop
   endfacet
   facet normal 0.000000e+00 1.000000e+00 -0.000000e+00
      outer loop
         vertex 2.442820e+01 8.000000e+00 2.150000e+01
         vertex 2.362836e+01 8.000000e+00 2.264230e+01
         vertex 2.470560e+01 8.000000e+00 2.570000e+01
      endloop
   endfacet
   facet normal 0.000000e+00 1.000000e+00 0.000000e+00
      outer loop
         vertex 2.470560e+01 8.000000e+00 2.570000e+01
         vertex 2.362836e+01 8.000000e+00 2.264230e+01
         vertex 2.264230e+01 8.000000e+00 2.362836e+01
      endloop
   endfacet
   facet normal 0.000000e+00 1.000000e+00 0.000000e+00
      outer loop
         vertex 2.470560e+01 8.000000e+00 2.570000e+01
         vertex 2.264230e+01 8.000000e+00 2.362836e+01
         vertex 2.150000e+01 8.000000e+00 2.442820e+01
      endloop
   endfacet
   facet normal -0.000000e+00 1.000000e+00 -0.000000e+00
      outer loop
         vertex 2.550000e+01 8.000000e+00 1.750000e+01
         vertex 2.537846e+01 8.000000e+00 1.888919e+01
         vertex 2.652067e+01 8.000000e+00 1.750000e+01
      endloop
   endfacet
   facet normal 0.000000e+00 1.000000e+00 -0.000000e+00
      outer loop
         vertex 2.652067e+01 8.000000e+00 1.750000e+01
         vertex 2.537846e+01 8.000000e+00 1.888919e+01
         vertex 2.652067e+01 8.000000e+00 2.570000e+01
      endloop
   endfacet
   facet normal 0.000000e+00 1.000000e+00 0.000000e+00
      outer loop
         vertex 2.652067e+01 8.000000e+00 1.750000e+01
         vertex 2.652067e+01 8.000000e+00 2.570000e+01
         vertex 2.756641e+01 8.000000e+00 2.396348e+01
      endloop
   endfacet
   facet normal 0.000000e+00 1.000000e+00 0.000000e+00
      outer loop
         vertex 2.756641e+01 8.000000e+00 2.396348e+01
         vertex 2.652067e+01 8.000000e+00 2.570000e+01
         vertex 2.754134e+01 8.000000e+00 2.425000e+01
      endloop
   endfacet
   facet normal 0.000000e+00 1.000000e+00 0.000000e+00
      outer loop
         vertex 2.470560e+01 8.000000e+00 9.300000e+00
         vertex 2.150000e+01 8.000000e+00 1.057180e+01
         vertex 2.264230e+01 8.000000e+00 1.137164e+01
      endloop
   endfacet
   facet normal -0.000000e+00 1.000000e+00 0.000000e+00
      outer loop
         vertex 2.264230e+01 8.000000e+00 1.137164e+01
         vertex 2.362836e+01 8.000000e+00 1.235770e+01
         vertex 2.470560e+01 8.000000e+00 9.300000e+00
      endloop
   endfacet
   facet normal 0.000000e+00 1.000000e+00 0.000000e+00
      outer loop
         vertex 2.470560e+01 8.000000e+00 9.300000e+00
         vertex 2.362836e+01 8.000000e+00 1.235770e+01
         vertex 2.442820e+01 8.000000e+00 1.350000e+01
      endloop
   endfacet
   facet normal 0.000000e+00 1.000000e+00 -0.000000e+00
      outer loop
         vertex 2.470560e+01 8.000000e+00 9.300000e+00
         vertex 2.442820e+01 8.000000e+00 1.350000e+01
         vertex 2.652067e+01 8.000000e+00 9.300000e+00
      endloop
   endfacet
   facet normal 0.000000e+00 1.000000e+00 0.000000e+00
      outer loop
         vertex 2.652067e+01 8.000000e+00 9.300000e+00
         vertex 2.442820e+01 8.000000e+00 1.350000e+01
         vertex 2.501754e+01 8.000000e+00 1.476384e+01
      endloop
   endfacet
   facet normal 0.000000e+00 1.000000e+00 -0.000000e+00
      outer loop
         vertex 2.652067e+01 8.000000e+00 9.300000e+00
         vertex 2.501754e+01 8.000000e+00 1.476384e+01
         vertex 2.652067e+01 8.000000e+00 1.750000e+01
      endloop
   endfacet
   facet normal 0.000000e+00 1.000000e+00 0.000000e+00
      outer loop
         vertex 2.652067e+01 8.000000e+00 1.750000e+01
         vertex 2.501754e+01 8.000000e+00 1.476384e+01
         vertex 2.537846e+01 8.000000e+00 1.611081e+01
      endloop
   endfacet
   facet normal 0.000000e+00 1.000000e+00 0.000000e+00
      outer loop
         vertex 2.652067e+01 8.000000e+00 1.750000e+01
         vertex 2.537846e+01 8.000000e+00 1.611081e+01
         vertex 2.550000e+01 8.000000e+00 1.750000e+01
      endloop
   endfacet
   facet normal 0.000000e+00 1.000000e+00 0.000000e+00
      outer loop
         vertex 1.567500e+01 8.000000e+00 9.300000e+00
         vertex 1.750000e+01 8.000000e+00 9.500000e+00
         vertex 1.932500e+01 8.000000e+00 9.300000e+00
      endloop
   endfacet
   facet normal 0.000000e+00 1.000000e+00 0.000000e+00
      outer loop
         vertex 1.932500e+01 8.000000e+00 9.300000e+00
         vertex 1.750000e+01 8.000000e+00 9.500000e+00
         vertex 1.888919e+01 8.000000e+00 9.621538e+00
      endloop
   endfacet
   facet normal 0.000000e+00 1.000000e+00 -0.000000e+00
      outer loop
         vertex 1.932500e+01 8.000000e+00 9.300000e+00
         vertex 1.888919e+01 8.000000e+00 9.621538e+00
         vertex 2.470560e+01 8.000000e+00 9.300000e+00
      endloop
   endfacet
   facet normal 0.000000e+00 1.000000e+00 0.000000e+00
      outer loop
         vertex 2.470560e+01 8.000000e+00 9.300000e+00
         vertex 1.888919e+01 8.000000e+00 9.621538e+00
         vertex 2.023616e+01 8.000000e+00 9.982459e+00
      endloop
   endfacet
   facet normal 0.000000e+00 1.000000e+00 0.000000e+00
      outer loop
         vertex 2.470560e+01 8.000000e+00 9.300000e+00
         vertex 2.023616e+01 8.000000e+00 9.982459e+00
         vertex 2.150000e+01 8.000000e+00 1.057180e+01
      endloop
   endfacet
   facet normal 0.000000e+00 1.000000e+00 0.000000e+00
      outer loop
         vertex 9.982459e+00 8.000000e+00 1.476384e+01
         vertex 9.619401e+00 8.000000e+00 9.300000e+00
         vertex 9.621538e+00 8.000000e+00 1.611081e+01
      endloop
   endfacet
   facet normal 0.000000e+00 1.000000e+00 0.000000e+00
      outer loop
         vertex 9.621538e+00 8.000000e+00 1.611081e+01
         vertex 9.619401e+00 8.000000e+00 9.300000e+00
         vertex 7.433590e+00 8.000000e+00 1.103652e+01
      endloop
   endfacet
   facet normal 0.000000e+00 1.000000e+00 0.000000e+00
      outer loop
         vertex 9.621538e+00 8.000000e+00 1.611081e+01
         vertex 7.433590e+00 8.000000e+00 1.103652e+01
         vertex 7.359150e+00 8.000000e+00 1.131433e+01
      endloop
   endfacet
   facet normal 0.000000e+00 1.000000e+00 0.000000e+00
      outer loop
         vertex 9.982459e+00 8.000000e+00 1.476384e+01
         vertex 1.057180e+01 8.000000e+00 1.350000e+01
         vertex 9.619401e+00 8.000000e+00 9.300000e+00
      endloop
   endfacet
   facet normal 0.000000e+00 1.000000e+00 0.000000e+00
      outer loop
         vertex 9.619401e+00 8.000000e+00 9.300000e+00
         vertex 1.057180e+01 8.000000e+00 1.350000e+01
         vertex 1.137164e+01 8.000000e+00 1.235770e+01
      endloop
   endfacet
   facet normal 0.000000e+00 1.000000e+00 0.000000e+00
      outer loop
         vertex 9.619401e+00 8.000000e+00 9.300000e+00
         vertex 1.137164e+01 8.000000e+00 1.235770e+01
         vertex 1.235770e+01 8.000000e+00 1.137164e+01
      endloop
   endfacet
   facet normal 0.000000e+00 1.000000e+00 0.000000e+00
      outer loop
         vertex 1.235770e+01 8.000000e+00 1.137164e+01
         vertex 1.350000e+01 8.000000e+00 1.057180e+01
         vertex 9.619401e+00 8.000000e+00 9.300000e+00
      endloop
   endfacet
   facet normal 0.000000e+00 1.000000e+00 0.000000e+00
      outer loop
         vertex 9.619401e+00 8.000000e+00 9.300000e+00
         vertex 1.350000e+01 8.000000e+00 1.057180e+01
         vertex 1.476384e+01 8.000000e+00 9.982459e+00
      endloop
   endfacet
   facet normal 0.000000e+00 1.000000e+00 0.000000e+00
      outer loop
         vertex 9.619401e+00 8.000000e+00 9.300000e+00
         vertex 1.476384e+01 8.000000e+00 9.982459e+00
         vertex 1.567500e+01 8.000000e+00 9.300000e+00
      endloop
   endfacet
   facet normal 0.000000e+00 1.000000e+00 -0.000000e+00
      outer loop
         vertex 1.567500e+01 8.000000e+00 9.300000e+00
         vertex 1.476384e+01 8.000000e+00 9.982459e+00
         vertex 1.611081e+01 8.000000e+00 9.621538e+00
      endloop
   endfacet
   facet normal 0.000000e+00 1.000000e+00 0.000000e+00
      outer loop
         vertex 1.567500e+01 8.000000e+00 9.300000e+00
         vertex 1.611081e+01 8.000000e+00 9.621538e+00
         vertex 1.750000e+01 8.000000e+00 9.500000e+00
      endloop
   endfacet
   facet normal 0.000000e+00 1.000000e+00 0.000000e+00
      outer loop
         vertex 1.634524e+01 8.000000e+00 8.345103e+01
         vertex 1.750000e+01 8.000000e+00 8.335000e+01
         vertex 1.932500e+01 8.000000e+00 8.205024e+01
      endloop
   endfacet
   facet normal 0.000000e+00 1.000000e+00 0.000000e+00
      outer loop
         vertex 1.932500e+01 8.000000e+00 8.205024e+01
         vertex 1.750000e+01 8.000000e+00 8.335000e+01
         vertex 1.865476e+01 8.000000e+00 8.345103e+01
      endloop
   endfacet
   facet normal 0.000000e+00 1.000000e+00 -0.000000e+00
      outer loop
         vertex 1.932500e+01 8.000000e+00 8.205024e+01
         vertex 1.865476e+01 8.000000e+00 8.345103e+01
         vertex 1.977443e+01 8.000000e+00 8.375105e+01
      endloop
   endfacet
   facet normal 0.000000e+00 1.000000e+00 0.000000e+00
      outer loop
         vertex 1.562061e+01 8.000000e+00 5.018404e+01
         vertex 1.553038e+01 8.000000e+00 4.984730e+01
         vertex 9.619401e+00 8.000000e+00 5.267584e+01
      endloop
   endfacet
   facet normal 0.000000e+00 1.000000e+00 0.000000e+00
      outer loop
         vertex 9.619401e+00 8.000000e+00 5.267584e+01
         vertex 1.553038e+01 8.000000e+00 4.984730e+01
         vertex 1.550000e+01 8.000000e+00 4.950000e+01
      endloop
   endfacet
   facet normal 0.000000e+00 1.000000e+00 0.000000e+00
      outer loop
         vertex 9.619401e+00 8.000000e+00 5.267584e+01
         vertex 1.550000e+01 8.000000e+00 4.950000e+01
         vertex 9.619401e+00 8.000000e+00 3.407500e+01
      endloop
   endfacet
   facet normal 0.000000e+00 1.000000e+00 0.000000e+00
      outer loop
         vertex 9.619401e+00 8.000000e+00 3.407500e+01
         vertex 1.550000e+01 8.000000e+00 4.950000e+01
         vertex 1.550000e+01 8.000000e+00 3.750000e+01
      endloop
   endfacet
   facet normal 0.000000e+00 1.000000e+00 0.000000e+00
      outer loop
         vertex 9.619401e+00 8.000000e+00 3.407500e+01
         vertex 1.550000e+01 8.000000e+00 3.750000e+01
         vertex 1.553038e+01 8.000000e+00 3.715270e+01
      endloop
   endfacet
   facet normal -0.000000e+00 1.000000e+00 0.000000e+00
      outer loop
         vertex 1.784730e+01 8.000000e+00 5.146961e+01
         vertex 1.932500e+01 8.000000e+00 5.267584e+01
         vertex 1.818404e+01 8.000000e+00 5.137938e+01
      endloop
   endfacet
   facet normal -0.000000e+00 1.000000e+00 0.000000e+00
      outer loop
         vertex 1.818404e+01 8.000000e+00 5.137938e+01
         vertex 1.932500e+01 8.000000e+00 5.267584e+01
         vertex 1.850000e+01 8.000000e+00 5.123205e+01
      endloop
   endfacet
   facet normal 0.000000e+00 1.000000e+00 0.000000e+00
      outer loop
         vertex 1.932500e+01 8.000000e+00 5.267584e+01
         vertex 1.937939e+01 8.000000e+00 5.018404e+01
         vertex 1.923205e+01 8.000000e+00 5.050000e+01
      endloop
   endfacet
   facet normal 0.000000e+00 1.000000e+00 -0.000000e+00
      outer loop
         vertex 1.923205e+01 8.000000e+00 5.050000e+01
         vertex 1.903209e+01 8.000000e+00 5.078558e+01
         vertex 1.932500e+01 8.000000e+00 5.267584e+01
      endloop
   endfacet
   facet normal 0.000000e+00 1.000000e+00 0.000000e+00
      outer loop
         vertex 1.932500e+01 8.000000e+00 5.267584e+01
         vertex 1.903209e+01 8.000000e+00 5.078558e+01
         vertex 1.878558e+01 8.000000e+00 5.103209e+01
      endloop
   endfacet
   facet normal 0.000000e+00 1.000000e+00 0.000000e+00
      outer loop
         vertex 1.932500e+01 8.000000e+00 5.267584e+01
         vertex 1.878558e+01 8.000000e+00 5.103209e+01
         vertex 1.850000e+01 8.000000e+00 5.123205e+01
      endloop
   endfacet
   facet normal 0.000000e+00 1.000000e+00 0.000000e+00
      outer loop
         vertex 1.750000e+01 8.000000e+00 5.150000e+01
         vertex 1.715270e+01 8.000000e+00 5.146961e+01
         vertex 1.567500e+01 8.000000e+00 5.267584e+01
      endloop
   endfacet
   facet normal 0.000000e+00 1.000000e+00 0.000000e+00
      outer loop
         vertex 1.567500e+01 8.000000e+00 5.267584e+01
         vertex 1.715270e+01 8.000000e+00 5.146961e+01
         vertex 1.681596e+01 8.000000e+00 5.137938e+01
      endloop
   endfacet
   facet normal 0.000000e+00 1.000000e+00 0.000000e+00
      outer loop
         vertex 1.567500e+01 8.000000e+00 5.267584e+01
         vertex 1.681596e+01 8.000000e+00 5.137938e+01
         vertex 1.650000e+01 8.000000e+00 5.123205e+01
      endloop
   endfacet
   facet normal 0.000000e+00 1.000000e+00 0.000000e+00
      outer loop
         vertex 1.650000e+01 8.000000e+00 5.123205e+01
         vertex 1.621442e+01 8.000000e+00 5.103209e+01
         vertex 1.567500e+01 8.000000e+00 5.267584e+01
      endloop
   endfacet
   facet normal 0.000000e+00 1.000000e+00 0.000000e+00
      outer loop
         vertex 1.567500e+01 8.000000e+00 5.267584e+01
         vertex 1.621442e+01 8.000000e+00 5.103209e+01
         vertex 1.596791e+01 8.000000e+00 5.078558e+01
      endloop
   endfacet
   facet normal 0.000000e+00 1.000000e+00 0.000000e+00
      outer loop
         vertex 1.567500e+01 8.000000e+00 5.267584e+01
         vertex 1.596791e+01 8.000000e+00 5.078558e+01
         vertex 1.576795e+01 8.000000e+00 5.050000e+01
      endloop
   endfacet
   facet normal 0.000000e+00 1.000000e+00 0.000000e+00
      outer loop
         vertex 1.966198e+01 8.000000e+00 5.835139e+01
         vertex 2.442318e+01 8.000000e+00 5.398324e+01
         vertex 1.932500e+01 8.000000e+00 5.267584e+01
      endloop
   endfacet
   facet normal 0.000000e+00 1.000000e+00 0.000000e+00
      outer loop
         vertex 1.932500e+01 8.000000e+00 5.267584e+01
         vertex 2.442318e+01 8.000000e+00 5.398324e+01
         vertex 2.470560e+01 8.000000e+00 5.267584e+01
      endloop
   endfacet
   facet normal -0.000000e+00 1.000000e+00 0.000000e+00
      outer loop
         vertex 1.932500e+01 8.000000e+00 5.267584e+01
         vertex 2.470560e+01 8.000000e+00 5.267584e+01
         vertex 1.937939e+01 8.000000e+00 5.018404e+01
      endloop
   endfacet
   facet normal -0.000000e+00 1.000000e+00 0.000000e+00
      outer loop
         vertex 1.937939e+01 8.000000e+00 5.018404e+01
         vertex 2.470560e+01 8.000000e+00 5.267584e+01
         vertex 1.946962e+01 8.000000e+00 4.984730e+01
      endloop
   endfacet
   facet normal -0.000000e+00 1.000000e+00 0.000000e+00
      outer loop
         vertex 1.937939e+01 8.000000e+00 3.681596e+01
         vertex 1.946962e+01 8.000000e+00 3.715270e+01
         vertex 2.470560e+01 8.000000e+00 3.407500e+01
      endloop
   endfacet
   facet normal 0.000000e+00 1.000000e+00 0.000000e+00
      outer loop
         vertex 2.470560e+01 8.000000e+00 3.407500e+01
         vertex 1.946962e+01 8.000000e+00 3.715270e+01
         vertex 1.950000e+01 8.000000e+00 3.750000e+01
      endloop
   endfacet
   facet normal 0.000000e+00 1.000000e+00 -0.000000e+00
      outer loop
         vertex 2.470560e+01 8.000000e+00 3.407500e+01
         vertex 1.950000e+01 8.000000e+00 3.750000e+01
         vertex 2.470560e+01 8.000000e+00 5.267584e+01
      endloop
   endfacet
   facet normal 0.000000e+00 1.000000e+00 0.000000e+00
      outer loop
         vertex 2.470560e+01 8.000000e+00 5.267584e+01
         vertex 1.950000e+01 8.000000e+00 3.750000e+01
         vertex 1.950000e+01 8.000000e+00 4.950000e+01
      endloop
   endfacet
   facet normal 0.000000e+00 1.000000e+00 0.000000e+00
      outer loop
         vertex 2.470560e+01 8.000000e+00 5.267584e+01
         vertex 1.950000e+01 8.000000e+00 4.950000e+01
         vertex 1.946962e+01 8.000000e+00 4.984730e+01
      endloop
   endfacet
   facet normal 0.000000e+00 1.000000e+00 -0.000000e+00
      outer loop
         vertex 1.567500e+01 8.000000e+00 3.407500e+01
         vertex 1.562061e+01 8.000000e+00 3.681596e+01
         vertex 1.576795e+01 8.000000e+00 3.650000e+01
      endloop
   endfacet
   facet normal 0.000000e+00 1.000000e+00 0.000000e+00
      outer loop
         vertex 1.576795e+01 8.000000e+00 3.650000e+01
         vertex 1.596791e+01 8.000000e+00 3.621442e+01
         vertex 1.567500e+01 8.000000e+00 3.407500e+01
      endloop
   endfacet
   facet normal 0.000000e+00 1.000000e+00 0.000000e+00
      outer loop
         vertex 1.567500e+01 8.000000e+00 3.407500e+01
         vertex 1.596791e+01 8.000000e+00 3.621442e+01
         vertex 1.621442e+01 8.000000e+00 3.596791e+01
      endloop
   endfacet
   facet normal 0.000000e+00 1.000000e+00 0.000000e+00
      outer loop
         vertex 1.567500e+01 8.000000e+00 3.407500e+01
         vertex 1.621442e+01 8.000000e+00 3.596791e+01
         vertex 1.650000e+01 8.000000e+00 3.576795e+01
      endloop
   endfacet
   facet normal -0.000000e+00 1.000000e+00 0.000000e+00
      outer loop
         vertex 1.784730e+01 8.000000e+00 3.553038e+01
         vertex 1.818404e+01 8.000000e+00 3.562061e+01
         vertex 1.932500e+01 8.000000e+00 3.407500e+01
      endloop
   endfacet
   facet normal 0.000000e+00 1.000000e+00 0.000000e+00
      outer loop
         vertex 1.932500e+01 8.000000e+00 3.407500e+01
         vertex 1.818404e+01 8.000000e+00 3.562061e+01
         vertex 1.850000e+01 8.000000e+00 3.576795e+01
      endloop
   endfacet
   facet normal 0.000000e+00 1.000000e+00 0.000000e+00
      outer loop
         vertex 1.650000e+01 8.000000e+00 3.576795e+01
         vertex 1.681596e+01 8.000000e+00 3.562061e+01
         vertex 1.567500e+01 8.000000e+00 3.407500e+01
      endloop
   endfacet
   facet normal 0.000000e+00 1.000000e+00 0.000000e+00
      outer loop
         vertex 1.567500e+01 8.000000e+00 3.407500e+01
         vertex 1.681596e+01 8.000000e+00 3.562061e+01
         vertex 1.715270e+01 8.000000e+00 3.553038e+01
      endloop
   endfacet
   facet normal 0.000000e+00 1.000000e+00 0.000000e+00
      outer loop
         vertex 1.567500e+01 8.000000e+00 3.407500e+01
         vertex 1.715270e+01 8.000000e+00 3.553038e+01
         vertex 1.932500e+01 8.000000e+00 3.407500e+01
      endloop
   endfacet
   facet normal 0.000000e+00 1.000000e+00 0.000000e+00
      outer loop
         vertex 1.932500e+01 8.000000e+00 3.407500e+01
         vertex 1.715270e+01 8.000000e+00 3.553038e+01
         vertex 1.750000e+01 8.000000e+00 3.550000e+01
      endloop
   endfacet
   facet normal 0.000000e+00 1.000000e+00 0.000000e+00
      outer loop
         vertex 1.932500e+01 8.000000e+00 3.407500e+01
         vertex 1.750000e+01 8.000000e+00 3.550000e+01
         vertex 1.784730e+01 8.000000e+00 3.553038e+01
      endloop
   endfacet
   facet normal -0.000000e+00 1.000000e+00 0.000000e+00
      outer loop
         vertex 1.850000e+01 8.000000e+00 3.576795e+01
         vertex 1.878558e+01 8.000000e+00 3.596791e+01
         vertex 1.932500e+01 8.000000e+00 3.407500e+01
      endloop
   endfacet
   facet normal 0.000000e+00 1.000000e+00 0.000000e+00
      outer loop
         vertex 1.932500e+01 8.000000e+00 3.407500e+01
         vertex 1.878558e+01 8.000000e+00 3.596791e+01
         vertex 1.903209e+01 8.000000e+00 3.621442e+01
      endloop
   endfacet
   facet normal 0.000000e+00 1.000000e+00 0.000000e+00
      outer loop
         vertex 1.932500e+01 8.000000e+00 3.407500e+01
         vertex 1.903209e+01 8.000000e+00 3.621442e+01
         vertex 1.923205e+01 8.000000e+00 3.650000e+01
      endloop
   endfacet
   facet normal 0.000000e+00 1.000000e+00 0.000000e+00
      outer loop
         vertex 1.001413e+01 8.000000e+00 7.290499e+01
         vertex 1.009420e+01 8.000000e+00 7.287304e+01
         vertex 9.619401e+00 8.000000e+00 7.205108e+01
      endloop
   endfacet
   facet normal 0.000000e+00 1.000000e+00 0.000000e+00
      outer loop
         vertex 9.619401e+00 8.000000e+00 7.205108e+01
         vertex 1.009420e+01 8.000000e+00 7.287304e+01
         vertex 1.017856e+01 8.000000e+00 7.285532e+01
      endloop
   endfacet
   facet normal 0.000000e+00 1.000000e+00 0.000000e+00
      outer loop
         vertex 1.567500e+01 8.000000e+00 8.205024e+01
         vertex 1.526163e+01 8.000000e+00 8.067657e+01
         vertex 1.518576e+01 8.000000e+00 8.071470e+01
      endloop
   endfacet
   facet normal 0.000000e+00 1.000000e+00 0.000000e+00
      outer loop
         vertex 9.753327e+00 8.000000e+00 7.323204e+01
         vertex 9.781093e+00 8.000000e+00 7.315042e+01
         vertex 9.619401e+00 8.000000e+00 7.205108e+01
      endloop
   endfacet
   facet normal 0.000000e+00 1.000000e+00 0.000000e+00
      outer loop
         vertex 9.619401e+00 8.000000e+00 7.205108e+01
         vertex 9.781093e+00 8.000000e+00 7.315042e+01
         vertex 9.822466e+00 8.000000e+00 7.307479e+01
      endloop
   endfacet
   facet normal 0.000000e+00 1.000000e+00 0.000000e+00
      outer loop
         vertex 1.017856e+01 8.000000e+00 7.285532e+01
         vertex 1.026472e+01 8.000000e+00 7.285235e+01
         vertex 9.619401e+00 8.000000e+00 7.205108e+01
      endloop
   endfacet
   facet normal 0.000000e+00 1.000000e+00 0.000000e+00
      outer loop
         vertex 9.619401e+00 8.000000e+00 7.205108e+01
         vertex 1.026472e+01 8.000000e+00 7.285235e+01
         vertex 1.035010e+01 8.000000e+00 7.286422e+01
      endloop
   endfacet
   facet normal 0.000000e+00 1.000000e+00 0.000000e+00
      outer loop
         vertex 9.619401e+00 8.000000e+00 7.205108e+01
         vertex 1.035010e+01 8.000000e+00 7.286422e+01
         vertex 1.567500e+01 8.000000e+00 7.205108e+01
      endloop
   endfacet
   facet normal 0.000000e+00 1.000000e+00 0.000000e+00
      outer loop
         vertex 9.822466e+00 8.000000e+00 7.307479e+01
         vertex 9.876215e+00 8.000000e+00 7.300739e+01
         vertex 9.619401e+00 8.000000e+00 7.205108e+01
      endloop
   endfacet
   facet normal 0.000000e+00 1.000000e+00 0.000000e+00
      outer loop
         vertex 9.619401e+00 8.000000e+00 7.205108e+01
         vertex 9.876215e+00 8.000000e+00 7.300739e+01
         vertex 9.940743e+00 8.000000e+00 7.295023e+01
      endloop
   endfacet
   facet normal 0.000000e+00 1.000000e+00 0.000000e+00
      outer loop
         vertex 9.619401e+00 8.000000e+00 7.205108e+01
         vertex 9.940743e+00 8.000000e+00 7.295023e+01
         vertex 1.001413e+01 8.000000e+00 7.290499e+01
      endloop
   endfacet
   facet normal -0.000000e+00 1.000000e+00 0.000000e+00
      outer loop
         vertex 1.543636e+01 8.000000e+00 8.049460e+01
         vertex 1.567500e+01 8.000000e+00 8.205024e+01
         vertex 1.547137e+01 8.000000e+00 8.041725e+01
      endloop
   endfacet
   facet normal -0.000000e+00 1.000000e+00 0.000000e+00
      outer loop
         vertex 1.547137e+01 8.000000e+00 8.041725e+01
         vertex 1.567500e+01 8.000000e+00 8.205024e+01
         vertex 1.549279e+01 8.000000e+00 8.033508e+01
      endloop
   endfacet
   facet normal 0.000000e+00 1.000000e+00 -0.000000e+00
      outer loop
         vertex 1.543636e+01 8.000000e+00 8.049460e+01
         vertex 1.538876e+01 8.000000e+00 8.056491e+01
         vertex 1.567500e+01 8.000000e+00 8.205024e+01
      endloop
   endfacet
   facet normal 0.000000e+00 1.000000e+00 0.000000e+00
      outer loop
         vertex 1.567500e+01 8.000000e+00 8.205024e+01
         vertex 1.538876e+01 8.000000e+00 8.056491e+01
         vertex 1.532995e+01 8.000000e+00 8.062616e+01
      endloop
   endfacet
   facet normal 0.000000e+00 1.000000e+00 0.000000e+00
      outer loop
         vertex 1.567500e+01 8.000000e+00 8.205024e+01
         vertex 1.532995e+01 8.000000e+00 8.062616e+01
         vertex 1.526163e+01 8.000000e+00 8.067657e+01
      endloop
   endfacet
   facet normal 0.000000e+00 1.000000e+00 -0.000000e+00
      outer loop
         vertex 1.518576e+01 8.000000e+00 8.071470e+01
         vertex 1.510453e+01 8.000000e+00 8.073943e+01
         vertex 1.567500e+01 8.000000e+00 8.205024e+01
      endloop
   endfacet
   facet normal 0.000000e+00 1.000000e+00 0.000000e+00
      outer loop
         vertex 1.567500e+01 8.000000e+00 8.205024e+01
         vertex 1.510453e+01 8.000000e+00 8.073943e+01
         vertex 1.502029e+01 8.000000e+00 8.075007e+01
      endloop
   endfacet
   facet normal 0.000000e+00 1.000000e+00 0.000000e+00
      outer loop
         vertex 1.567500e+01 8.000000e+00 8.205024e+01
         vertex 1.502029e+01 8.000000e+00 8.075007e+01
         vertex 1.493547e+01 8.000000e+00 8.074630e+01
      endloop
   endfacet
   facet normal 0.000000e+00 1.000000e+00 0.000000e+00
      outer loop
         vertex 1.567500e+01 8.000000e+00 7.205108e+01
         vertex 1.543950e+01 8.000000e+00 7.748141e+01
         vertex 1.547280e+01 8.000000e+00 7.755716e+01
      endloop
   endfacet
   facet normal -0.000000e+00 1.000000e+00 0.000000e+00
      outer loop
         vertex 1.035010e+01 8.000000e+00 7.286422e+01
         vertex 1.043218e+01 8.000000e+00 7.289059e+01
         vertex 1.567500e+01 8.000000e+00 7.205108e+01
      endloop
   endfacet
   facet normal 0.000000e+00 1.000000e+00 0.000000e+00
      outer loop
         vertex 1.567500e+01 8.000000e+00 7.205108e+01
         vertex 1.043218e+01 8.000000e+00 7.289059e+01
         vertex 1.050851e+01 8.000000e+00 7.293065e+01
      endloop
   endfacet
   facet normal 0.000000e+00 1.000000e+00 0.000000e+00
      outer loop
         vertex 1.567500e+01 8.000000e+00 7.205108e+01
         vertex 1.050851e+01 8.000000e+00 7.293065e+01
         vertex 1.057682e+01 8.000000e+00 7.298324e+01
      endloop
   endfacet
   facet normal 0.000000e+00 1.000000e+00 -0.000000e+00
      outer loop
         vertex 1.493547e+01 8.000000e+00 8.074630e+01
         vertex 1.485250e+01 8.000000e+00 8.072823e+01
         vertex 1.567500e+01 8.000000e+00 8.205024e+01
      endloop
   endfacet
   facet normal 0.000000e+00 1.000000e+00 0.000000e+00
      outer loop
         vertex 1.567500e+01 8.000000e+00 8.205024e+01
         vertex 1.485250e+01 8.000000e+00 8.072823e+01
         vertex 9.619401e+00 8.000000e+00 8.205024e+01
      endloop
   endfacet
   facet normal 0.000000e+00 1.000000e+00 0.000000e+00
      outer loop
         vertex 1.567500e+01 8.000000e+00 8.205024e+01
         vertex 9.619401e+00 8.000000e+00 8.205024e+01
         vertex 1.417500e+01 8.000000e+00 8.424093e+01
      endloop
   endfacet
   facet normal 0.000000e+00 1.000000e+00 0.000000e+00
      outer loop
         vertex 1.417500e+01 8.000000e+00 8.424093e+01
         vertex 9.619401e+00 8.000000e+00 8.205024e+01
         vertex 1.322546e+01 8.000000e+00 8.490581e+01
      endloop
   endfacet
   facet normal 0.000000e+00 1.000000e+00 0.000000e+00
      outer loop
         vertex 9.619401e+00 8.000000e+00 8.205024e+01
         vertex 1.000691e+01 8.000000e+00 7.569650e+01
         vertex 9.978739e+00 8.000000e+00 7.561938e+01
      endloop
   endfacet
   facet normal -0.000000e+00 1.000000e+00 0.000000e+00
      outer loop
         vertex 1.057682e+01 8.000000e+00 7.298324e+01
         vertex 1.533802e+01 8.000000e+00 7.735139e+01
         vertex 1.567500e+01 8.000000e+00 7.205108e+01
      endloop
   endfacet
   facet normal 0.000000e+00 1.000000e+00 0.000000e+00
      outer loop
         vertex 1.567500e+01 8.000000e+00 7.205108e+01
         vertex 1.533802e+01 8.000000e+00 7.735139e+01
         vertex 1.539415e+01 8.000000e+00 7.741219e+01
      endloop
   endfacet
   facet normal 0.000000e+00 1.000000e+00 0.000000e+00
      outer loop
         vertex 1.567500e+01 8.000000e+00 7.205108e+01
         vertex 1.539415e+01 8.000000e+00 7.741219e+01
         vertex 1.543950e+01 8.000000e+00 7.748141e+01
      endloop
   endfacet
   facet normal 0.000000e+00 1.000000e+00 0.000000e+00
      outer loop
         vertex 1.485250e+01 8.000000e+00 8.072823e+01
         vertex 1.477379e+01 8.000000e+00 8.069638e+01
         vertex 9.619401e+00 8.000000e+00 8.205024e+01
      endloop
   endfacet
   facet normal 0.000000e+00 1.000000e+00 0.000000e+00
      outer loop
         vertex 9.619401e+00 8.000000e+00 8.205024e+01
         vertex 1.477379e+01 8.000000e+00 8.069638e+01
         vertex 1.470161e+01 8.000000e+00 8.065168e+01
      endloop
   endfacet
   facet normal 0.000000e+00 1.000000e+00 0.000000e+00
      outer loop
         vertex 9.619401e+00 8.000000e+00 8.205024e+01
         vertex 1.470161e+01 8.000000e+00 8.065168e+01
         vertex 1.463802e+01 8.000000e+00 8.059541e+01
      endloop
   endfacet
   facet normal -0.000000e+00 1.000000e+00 0.000000e+00
      outer loop
         vertex 1.547280e+01 8.000000e+00 7.755716e+01
         vertex 1.549315e+01 8.000000e+00 7.763736e+01
         vertex 1.567500e+01 8.000000e+00 7.205108e+01
      endloop
   endfacet
   facet normal 0.000000e+00 1.000000e+00 0.000000e+00
      outer loop
         vertex 1.567500e+01 8.000000e+00 7.205108e+01
         vertex 1.549315e+01 8.000000e+00 7.763736e+01
         vertex 1.550000e+01 8.000000e+00 7.771982e+01
      endloop
   endfacet
   facet normal 0.000000e+00 1.000000e+00 -0.000000e+00
      outer loop
         vertex 1.567500e+01 8.000000e+00 7.205108e+01
         vertex 1.550000e+01 8.000000e+00 7.771982e+01
         vertex 1.567500e+01 8.000000e+00 8.205024e+01
      endloop
   endfacet
   facet normal 0.000000e+00 1.000000e+00 0.000000e+00
      outer loop
         vertex 1.567500e+01 8.000000e+00 8.205024e+01
         vertex 1.550000e+01 8.000000e+00 7.771982e+01
         vertex 1.550000e+01 8.000000e+00 8.025048e+01
      endloop
   endfacet
   facet normal 0.000000e+00 1.000000e+00 0.000000e+00
      outer loop
         vertex 1.567500e+01 8.000000e+00 8.205024e+01
         vertex 1.550000e+01 8.000000e+00 8.025048e+01
         vertex 1.549279e+01 8.000000e+00 8.033508e+01
      endloop
   endfacet
   facet normal 0.000000e+00 1.000000e+00 0.000000e+00
      outer loop
         vertex 1.463802e+01 8.000000e+00 8.059541e+01
         vertex 1.009891e+01 8.000000e+00 7.583188e+01
         vertex 9.619401e+00 8.000000e+00 8.205024e+01
      endloop
   endfacet
   facet normal 0.000000e+00 1.000000e+00 0.000000e+00
      outer loop
         vertex 9.619401e+00 8.000000e+00 8.205024e+01
         vertex 1.009891e+01 8.000000e+00 7.583188e+01
         vertex 1.004733e+01 8.000000e+00 7.576798e+01
      endloop
   endfacet
   facet normal 0.000000e+00 1.000000e+00 0.000000e+00
      outer loop
         vertex 9.619401e+00 8.000000e+00 8.205024e+01
         vertex 1.004733e+01 8.000000e+00 7.576798e+01
         vertex 1.000691e+01 8.000000e+00 7.569650e+01
      endloop
   endfacet
   facet normal 0.000000e+00 1.000000e+00 0.000000e+00
      outer loop
         vertex 9.978739e+00 8.000000e+00 7.561938e+01
         vertex 9.963567e+00 8.000000e+00 7.553868e+01
         vertex 9.619401e+00 8.000000e+00 8.205024e+01
      endloop
   endfacet
   facet normal 0.000000e+00 1.000000e+00 0.000000e+00
      outer loop
         vertex 9.619401e+00 8.000000e+00 8.205024e+01
         vertex 9.963567e+00 8.000000e+00 7.553868e+01
         vertex 9.741485e+00 8.000000e+00 7.340340e+01
      endloop
   endfacet
   facet normal 0.000000e+00 1.000000e+00 0.000000e+00
      outer loop
         vertex 9.619401e+00 8.000000e+00 8.205024e+01
         vertex 9.741485e+00 8.000000e+00 7.340340e+01
         vertex 9.619401e+00 8.000000e+00 7.205108e+01
      endloop
   endfacet
   facet normal 0.000000e+00 1.000000e+00 0.000000e+00
      outer loop
         vertex 9.619401e+00 8.000000e+00 7.205108e+01
         vertex 9.741485e+00 8.000000e+00 7.340340e+01
         vertex 9.739992e+00 8.000000e+00 7.331721e+01
      endloop
   endfacet
   facet normal 0.000000e+00 1.000000e+00 0.000000e+00
      outer loop
         vertex 9.619401e+00 8.000000e+00 7.205108e+01
         vertex 9.739992e+00 8.000000e+00 7.331721e+01
         vertex 9.753327e+00 8.000000e+00 7.323204e+01
      endloop
   endfacet
   facet normal 0.000000e+00 1.000000e+00 0.000000e+00
      outer loop
         vertex 1.001413e+01 8.000000e+00 6.340500e+01
         vertex 1.009420e+01 8.000000e+00 6.337304e+01
         vertex 9.619401e+00 8.000000e+00 6.255108e+01
      endloop
   endfacet
   facet normal 0.000000e+00 1.000000e+00 0.000000e+00
      outer loop
         vertex 9.619401e+00 8.000000e+00 6.255108e+01
         vertex 1.009420e+01 8.000000e+00 6.337304e+01
         vertex 1.017856e+01 8.000000e+00 6.335532e+01
      endloop
   endfacet
   facet normal 0.000000e+00 1.000000e+00 0.000000e+00
      outer loop
         vertex 9.619401e+00 8.000000e+00 6.255108e+01
         vertex 1.017856e+01 8.000000e+00 6.335532e+01
         vertex 1.026472e+01 8.000000e+00 6.335235e+01
      endloop
   endfacet
   facet normal 0.000000e+00 1.000000e+00 -0.000000e+00
      outer loop
         vertex 1.532995e+01 8.000000e+00 7.112616e+01
         vertex 1.526163e+01 8.000000e+00 7.117657e+01
         vertex 1.567500e+01 8.000000e+00 7.205108e+01
      endloop
   endfacet
   facet normal 0.000000e+00 1.000000e+00 0.000000e+00
      outer loop
         vertex 9.753327e+00 8.000000e+00 6.373204e+01
         vertex 9.781093e+00 8.000000e+00 6.365042e+01
         vertex 9.619401e+00 8.000000e+00 6.255108e+01
      endloop
   endfacet
   facet normal 0.000000e+00 1.000000e+00 0.000000e+00
      outer loop
         vertex 9.619401e+00 8.000000e+00 6.255108e+01
         vertex 9.781093e+00 8.000000e+00 6.365042e+01
         vertex 9.822466e+00 8.000000e+00 6.357479e+01
      endloop
   endfacet
   facet normal 0.000000e+00 1.000000e+00 0.000000e+00
      outer loop
         vertex 9.822466e+00 8.000000e+00 6.357479e+01
         vertex 9.876215e+00 8.000000e+00 6.350739e+01
         vertex 9.619401e+00 8.000000e+00 6.255108e+01
      endloop
   endfacet
   facet normal 0.000000e+00 1.000000e+00 0.000000e+00
      outer loop
         vertex 9.619401e+00 8.000000e+00 6.255108e+01
         vertex 9.876215e+00 8.000000e+00 6.350739e+01
         vertex 9.940743e+00 8.000000e+00 6.345023e+01
      endloop
   endfacet
   facet normal 0.000000e+00 1.000000e+00 0.000000e+00
      outer loop
         vertex 9.619401e+00 8.000000e+00 6.255108e+01
         vertex 9.940743e+00 8.000000e+00 6.345023e+01
         vertex 1.001413e+01 8.000000e+00 6.340500e+01
      endloop
   endfacet
   facet normal 0.000000e+00 1.000000e+00 -0.000000e+00
      outer loop
         vertex 1.526163e+01 8.000000e+00 7.117657e+01
         vertex 1.518576e+01 8.000000e+00 7.121470e+01
         vertex 1.567500e+01 8.000000e+00 7.205108e+01
      endloop
   endfacet
   facet normal 0.000000e+00 1.000000e+00 0.000000e+00
      outer loop
         vertex 1.567500e+01 8.000000e+00 7.205108e+01
         vertex 1.518576e+01 8.000000e+00 7.121470e+01
         vertex 1.510453e+01 8.000000e+00 7.123943e+01
      endloop
   endfacet
   facet normal 0.000000e+00 1.000000e+00 0.000000e+00
      outer loop
         vertex 1.567500e+01 8.000000e+00 7.205108e+01
         vertex 1.510453e+01 8.000000e+00 7.123943e+01
         vertex 1.502029e+01 8.000000e+00 7.125007e+01
      endloop
   endfacet
   facet normal 0.000000e+00 1.000000e+00 0.000000e+00
      outer loop
         vertex 1.567500e+01 8.000000e+00 7.205108e+01
         vertex 1.549279e+01 8.000000e+00 7.083509e+01
         vertex 1.547137e+01 8.000000e+00 7.091725e+01
      endloop
   endfacet
   facet normal 0.000000e+00 1.000000e+00 0.000000e+00
      outer loop
         vertex 9.619401e+00 8.000000e+00 7.205108e+01
         vertex 1.000691e+01 8.000000e+00 6.619650e+01
         vertex 9.978739e+00 8.000000e+00 6.611937e+01
      endloop
   endfacet
   facet normal 0.000000e+00 1.000000e+00 0.000000e+00
      outer loop
         vertex 1.567500e+01 8.000000e+00 6.255108e+01
         vertex 1.543950e+01 8.000000e+00 6.798141e+01
         vertex 1.547280e+01 8.000000e+00 6.805716e+01
      endloop
   endfacet
   facet normal 0.000000e+00 1.000000e+00 -0.000000e+00
      outer loop
         vertex 1.547137e+01 8.000000e+00 7.091725e+01
         vertex 1.543636e+01 8.000000e+00 7.099460e+01
         vertex 1.567500e+01 8.000000e+00 7.205108e+01
      endloop
   endfacet
   facet normal 0.000000e+00 1.000000e+00 0.000000e+00
      outer loop
         vertex 1.567500e+01 8.000000e+00 7.205108e+01
         vertex 1.543636e+01 8.000000e+00 7.099460e+01
         vertex 1.538876e+01 8.000000e+00 7.106491e+01
      endloop
   endfacet
   facet normal 0.000000e+00 1.000000e+00 0.000000e+00
      outer loop
         vertex 1.567500e+01 8.000000e+00 7.205108e+01
         vertex 1.538876e+01 8.000000e+00 7.106491e+01
         vertex 1.532995e+01 8.000000e+00 7.112616e+01
      endloop
   endfacet
   facet normal 0.000000e+00 1.000000e+00 0.000000e+00
      outer loop
         vertex 9.619401e+00 8.000000e+00 7.205108e+01
         vertex 1.470161e+01 8.000000e+00 7.115168e+01
         vertex 1.463802e+01 8.000000e+00 7.109541e+01
      endloop
   endfacet
   facet normal -0.000000e+00 1.000000e+00 0.000000e+00
      outer loop
         vertex 1.035010e+01 8.000000e+00 6.336422e+01
         vertex 1.043218e+01 8.000000e+00 6.339058e+01
         vertex 1.567500e+01 8.000000e+00 6.255108e+01
      endloop
   endfacet
   facet normal 0.000000e+00 1.000000e+00 0.000000e+00
      outer loop
         vertex 1.567500e+01 8.000000e+00 6.255108e+01
         vertex 1.043218e+01 8.000000e+00 6.339058e+01
         vertex 1.050851e+01 8.000000e+00 6.343066e+01
      endloop
   endfacet
   facet normal 0.000000e+00 1.000000e+00 0.000000e+00
      outer loop
         vertex 1.567500e+01 8.000000e+00 6.255108e+01
         vertex 1.050851e+01 8.000000e+00 6.343066e+01
         vertex 1.057682e+01 8.000000e+00 6.348324e+01
      endloop
   endfacet
   facet normal 0.000000e+00 1.000000e+00 -0.000000e+00
      outer loop
         vertex 1.502029e+01 8.000000e+00 7.125007e+01
         vertex 1.493547e+01 8.000000e+00 7.124630e+01
         vertex 1.567500e+01 8.000000e+00 7.205108e+01
      endloop
   endfacet
   facet normal 0.000000e+00 1.000000e+00 0.000000e+00
      outer loop
         vertex 1.567500e+01 8.000000e+00 7.205108e+01
         vertex 1.493547e+01 8.000000e+00 7.124630e+01
         vertex 1.485250e+01 8.000000e+00 7.122823e+01
      endloop
   endfacet
   facet normal 0.000000e+00 1.000000e+00 0.000000e+00
      outer loop
         vertex 1.567500e+01 8.000000e+00 7.205108e+01
         vertex 1.485250e+01 8.000000e+00 7.122823e+01
         vertex 9.619401e+00 8.000000e+00 7.205108e+01
      endloop
   endfacet
   facet normal 0.000000e+00 1.000000e+00 0.000000e+00
      outer loop
         vertex 9.619401e+00 8.000000e+00 7.205108e+01
         vertex 1.485250e+01 8.000000e+00 7.122823e+01
         vertex 1.477379e+01 8.000000e+00 7.119639e+01
      endloop
   endfacet
   facet normal 0.000000e+00 1.000000e+00 0.000000e+00
      outer loop
         vertex 9.619401e+00 8.000000e+00 7.205108e+01
         vertex 1.477379e+01 8.000000e+00 7.119639e+01
         vertex 1.470161e+01 8.000000e+00 7.115168e+01
      endloop
   endfacet
   facet normal 0.000000e+00 1.000000e+00 0.000000e+00
      outer loop
         vertex 1.463802e+01 8.000000e+00 7.109541e+01
         vertex 1.009891e+01 8.000000e+00 6.633188e+01
         vertex 9.619401e+00 8.000000e+00 7.205108e+01
      endloop
   endfacet
   facet normal 0.000000e+00 1.000000e+00 0.000000e+00
      outer loop
         vertex 9.619401e+00 8.000000e+00 7.205108e+01
         vertex 1.009891e+01 8.000000e+00 6.633188e+01
         vertex 1.004733e+01 8.000000e+00 6.626798e+01
      endloop
   endfacet
   facet normal 0.000000e+00 1.000000e+00 0.000000e+00
      outer loop
         vertex 9.619401e+00 8.000000e+00 7.205108e+01
         vertex 1.004733e+01 8.000000e+00 6.626798e+01
         vertex 1.000691e+01 8.000000e+00 6.619650e+01
      endloop
   endfacet
   facet normal 0.000000e+00 1.000000e+00 0.000000e+00
      outer loop
         vertex 9.978739e+00 8.000000e+00 6.611937e+01
         vertex 9.963567e+00 8.000000e+00 6.603868e+01
         vertex 9.619401e+00 8.000000e+00 7.205108e+01
      endloop
   endfacet
   facet normal 0.000000e+00 1.000000e+00 0.000000e+00
      outer loop
         vertex 9.619401e+00 8.000000e+00 7.205108e+01
         vertex 9.963567e+00 8.000000e+00 6.603868e+01
         vertex 9.741485e+00 8.000000e+00 6.390340e+01
      endloop
   endfacet
   facet normal 0.000000e+00 1.000000e+00 0.000000e+00
      outer loop
         vertex 9.619401e+00 8.000000e+00 7.205108e+01
         vertex 9.741485e+00 8.000000e+00 6.390340e+01
         vertex 9.619401e+00 8.000000e+00 6.255108e+01
      endloop
   endfacet
   facet normal 0.000000e+00 1.000000e+00 0.000000e+00
      outer loop
         vertex 9.619401e+00 8.000000e+00 6.255108e+01
         vertex 9.741485e+00 8.000000e+00 6.390340e+01
         vertex 9.739992e+00 8.000000e+00 6.381720e+01
      endloop
   endfacet
   facet normal 0.000000e+00 1.000000e+00 0.000000e+00
      outer loop
         vertex 9.619401e+00 8.000000e+00 6.255108e+01
         vertex 9.739992e+00 8.000000e+00 6.381720e+01
         vertex 9.753327e+00 8.000000e+00 6.373204e+01
      endloop
   endfacet
   facet normal -0.000000e+00 1.000000e+00 0.000000e+00
      outer loop
         vertex 1.057682e+01 8.000000e+00 6.348324e+01
         vertex 1.533802e+01 8.000000e+00 6.785139e+01
         vertex 1.567500e+01 8.000000e+00 6.255108e+01
      endloop
   endfacet
   facet normal 0.000000e+00 1.000000e+00 0.000000e+00
      outer loop
         vertex 1.567500e+01 8.000000e+00 6.255108e+01
         vertex 1.533802e+01 8.000000e+00 6.785139e+01
         vertex 1.539415e+01 8.000000e+00 6.791219e+01
      endloop
   endfacet
   facet normal 0.000000e+00 1.000000e+00 0.000000e+00
      outer loop
         vertex 1.567500e+01 8.000000e+00 6.255108e+01
         vertex 1.539415e+01 8.000000e+00 6.791219e+01
         vertex 1.543950e+01 8.000000e+00 6.798141e+01
      endloop
   endfacet
   facet normal -0.000000e+00 1.000000e+00 0.000000e+00
      outer loop
         vertex 1.547280e+01 8.000000e+00 6.805716e+01
         vertex 1.549315e+01 8.000000e+00 6.813736e+01
         vertex 1.567500e+01 8.000000e+00 6.255108e+01
      endloop
   endfacet
   facet normal 0.000000e+00 1.000000e+00 0.000000e+00
      outer loop
         vertex 1.567500e+01 8.000000e+00 6.255108e+01
         vertex 1.549315e+01 8.000000e+00 6.813736e+01
         vertex 1.550000e+01 8.000000e+00 6.821982e+01
      endloop
   endfacet
   facet normal 0.000000e+00 1.000000e+00 -0.000000e+00
      outer loop
         vertex 1.567500e+01 8.000000e+00 6.255108e+01
         vertex 1.550000e+01 8.000000e+00 6.821982e+01
         vertex 1.567500e+01 8.000000e+00 7.205108e+01
      endloop
   endfacet
   facet normal 0.000000e+00 1.000000e+00 0.000000e+00
      outer loop
         vertex 1.567500e+01 8.000000e+00 7.205108e+01
         vertex 1.550000e+01 8.000000e+00 6.821982e+01
         vertex 1.550000e+01 8.000000e+00 7.075048e+01
      endloop
   endfacet
   facet normal 0.000000e+00 1.000000e+00 0.000000e+00
      outer loop
         vertex 1.567500e+01 8.000000e+00 7.205108e+01
         vertex 1.550000e+01 8.000000e+00 7.075048e+01
         vertex 1.549279e+01 8.000000e+00 7.083509e+01
      endloop
   endfacet
   facet normal 0.000000e+00 1.000000e+00 0.000000e+00
      outer loop
         vertex 1.026472e+01 8.000000e+00 5.385235e+01
         vertex 9.619401e+00 8.000000e+00 5.267584e+01
         vertex 1.017856e+01 8.000000e+00 5.385532e+01
      endloop
   endfacet
   facet normal 0.000000e+00 1.000000e+00 0.000000e+00
      outer loop
         vertex 1.017856e+01 8.000000e+00 5.385532e+01
         vertex 9.619401e+00 8.000000e+00 5.267584e+01
         vertex 1.009420e+01 8.000000e+00 5.387304e+01
      endloop
   endfacet
   facet normal -0.000000e+00 1.000000e+00 0.000000e+00
      outer loop
         vertex 1.026472e+01 8.000000e+00 5.385235e+01
         vertex 1.035010e+01 8.000000e+00 5.386422e+01
         vertex 9.619401e+00 8.000000e+00 5.267584e+01
      endloop
   endfacet
   facet normal 0.000000e+00 1.000000e+00 0.000000e+00
      outer loop
         vertex 9.619401e+00 8.000000e+00 5.267584e+01
         vertex 1.035010e+01 8.000000e+00 5.386422e+01
         vertex 1.567500e+01 8.000000e+00 5.267584e+01
      endloop
   endfacet
   facet normal -0.000000e+00 1.000000e+00 0.000000e+00
      outer loop
         vertex 9.619401e+00 8.000000e+00 5.267584e+01
         vertex 1.567500e+01 8.000000e+00 5.267584e+01
         vertex 1.562061e+01 8.000000e+00 5.018404e+01
      endloop
   endfacet
   facet normal 0.000000e+00 1.000000e+00 0.000000e+00
      outer loop
         vertex 1.562061e+01 8.000000e+00 5.018404e+01
         vertex 1.567500e+01 8.000000e+00 5.267584e+01
         vertex 1.576795e+01 8.000000e+00 5.050000e+01
      endloop
   endfacet
   facet normal 0.000000e+00 1.000000e+00 0.000000e+00
      outer loop
         vertex 9.753327e+00 8.000000e+00 5.423204e+01
         vertex 9.781093e+00 8.000000e+00 5.415042e+01
         vertex 9.619401e+00 8.000000e+00 5.267584e+01
      endloop
   endfacet
   facet normal 0.000000e+00 1.000000e+00 0.000000e+00
      outer loop
         vertex 9.619401e+00 8.000000e+00 5.267584e+01
         vertex 9.781093e+00 8.000000e+00 5.415042e+01
         vertex 9.822466e+00 8.000000e+00 5.407479e+01
      endloop
   endfacet
   facet normal 0.000000e+00 1.000000e+00 0.000000e+00
      outer loop
         vertex 9.619401e+00 8.000000e+00 5.267584e+01
         vertex 9.822466e+00 8.000000e+00 5.407479e+01
         vertex 9.876215e+00 8.000000e+00 5.400739e+01
      endloop
   endfacet
   facet normal 0.000000e+00 1.000000e+00 0.000000e+00
      outer loop
         vertex 9.876215e+00 8.000000e+00 5.400739e+01
         vertex 9.940743e+00 8.000000e+00 5.395023e+01
         vertex 9.619401e+00 8.000000e+00 5.267584e+01
      endloop
   endfacet
   facet normal 0.000000e+00 1.000000e+00 0.000000e+00
      outer loop
         vertex 9.619401e+00 8.000000e+00 5.267584e+01
         vertex 9.940743e+00 8.000000e+00 5.395023e+01
         vertex 1.001413e+01 8.000000e+00 5.390500e+01
      endloop
   endfacet
   facet normal 0.000000e+00 1.000000e+00 0.000000e+00
      outer loop
         vertex 9.619401e+00 8.000000e+00 5.267584e+01
         vertex 1.001413e+01 8.000000e+00 5.390500e+01
         vertex 1.009420e+01 8.000000e+00 5.387304e+01
      endloop
   endfacet
   facet normal 0.000000e+00 1.000000e+00 -0.000000e+00
      outer loop
         vertex 1.532995e+01 8.000000e+00 6.162616e+01
         vertex 1.526163e+01 8.000000e+00 6.167657e+01
         vertex 1.567500e+01 8.000000e+00 6.255108e+01
      endloop
   endfacet
   facet normal 0.000000e+00 1.000000e+00 0.000000e+00
      outer loop
         vertex 1.567500e+01 8.000000e+00 6.255108e+01
         vertex 1.526163e+01 8.000000e+00 6.167657e+01
         vertex 1.518576e+01 8.000000e+00 6.171470e+01
      endloop
   endfacet
   facet normal 0.000000e+00 1.000000e+00 -0.000000e+00
      outer loop
         vertex 1.518576e+01 8.000000e+00 6.171470e+01
         vertex 1.510453e+01 8.000000e+00 6.173944e+01
         vertex 1.567500e+01 8.000000e+00 6.255108e+01
      endloop
   endfacet
   facet normal 0.000000e+00 1.000000e+00 0.000000e+00
      outer loop
         vertex 1.567500e+01 8.000000e+00 6.255108e+01
         vertex 1.510453e+01 8.000000e+00 6.173944e+01
         vertex 1.502029e+01 8.000000e+00 6.175007e+01
      endloop
   endfacet
   facet normal 0.000000e+00 1.000000e+00 0.000000e+00
      outer loop
         vertex 1.567500e+01 8.000000e+00 6.255108e+01
         vertex 1.502029e+01 8.000000e+00 6.175007e+01
         vertex 1.493547e+01 8.000000e+00 6.174630e+01
      endloop
   endfacet
   facet normal 0.000000e+00 1.000000e+00 0.000000e+00
      outer loop
         vertex 1.567500e+01 8.000000e+00 6.255108e+01
         vertex 1.549279e+01 8.000000e+00 6.133508e+01
         vertex 1.547137e+01 8.000000e+00 6.141725e+01
      endloop
   endfacet
   facet normal 0.000000e+00 1.000000e+00 0.000000e+00
      outer loop
         vertex 9.619401e+00 8.000000e+00 6.255108e+01
         vertex 1.000691e+01 8.000000e+00 5.669650e+01
         vertex 9.978739e+00 8.000000e+00 5.661938e+01
      endloop
   endfacet
   facet normal 0.000000e+00 1.000000e+00 0.000000e+00
      outer loop
         vertex 1.567500e+01 8.000000e+00 5.267584e+01
         vertex 1.543950e+01 8.000000e+00 5.848140e+01
         vertex 1.547280e+01 8.000000e+00 5.855715e+01
      endloop
   endfacet
   facet normal 0.000000e+00 1.000000e+00 -0.000000e+00
      outer loop
         vertex 1.547137e+01 8.000000e+00 6.141725e+01
         vertex 1.543636e+01 8.000000e+00 6.149460e+01
         vertex 1.567500e+01 8.000000e+00 6.255108e+01
      endloop
   endfacet
   facet normal 0.000000e+00 1.000000e+00 0.000000e+00
      outer loop
         vertex 1.567500e+01 8.000000e+00 6.255108e+01
         vertex 1.543636e+01 8.000000e+00 6.149460e+01
         vertex 1.538876e+01 8.000000e+00 6.156491e+01
      endloop
   endfacet
   facet normal 0.000000e+00 1.000000e+00 0.000000e+00
      outer loop
         vertex 1.567500e+01 8.000000e+00 6.255108e+01
         vertex 1.538876e+01 8.000000e+00 6.156491e+01
         vertex 1.532995e+01 8.000000e+00 6.162616e+01
      endloop
   endfacet
   facet normal 0.000000e+00 1.000000e+00 -0.000000e+00
      outer loop
         vertex 1.493547e+01 8.000000e+00 6.174630e+01
         vertex 1.485250e+01 8.000000e+00 6.172823e+01
         vertex 1.567500e+01 8.000000e+00 6.255108e+01
      endloop
   endfacet
   facet normal 0.000000e+00 1.000000e+00 0.000000e+00
      outer loop
         vertex 1.567500e+01 8.000000e+00 6.255108e+01
         vertex 1.485250e+01 8.000000e+00 6.172823e+01
         vertex 9.619401e+00 8.000000e+00 6.255108e+01
      endloop
   endfacet
   facet normal 0.000000e+00 1.000000e+00 0.000000e+00
      outer loop
         vertex 1.567500e+01 8.000000e+00 6.255108e+01
         vertex 9.619401e+00 8.000000e+00 6.255108e+01
         vertex 1.035010e+01 8.000000e+00 6.336422e+01
      endloop
   endfacet
   facet normal 0.000000e+00 1.000000e+00 0.000000e+00
      outer loop
         vertex 1.035010e+01 8.000000e+00 6.336422e+01
         vertex 9.619401e+00 8.000000e+00 6.255108e+01
         vertex 1.026472e+01 8.000000e+00 6.335235e+01
      endloop
   endfacet
   facet normal 0.000000e+00 1.000000e+00 0.000000e+00
      outer loop
         vertex 1.485250e+01 8.000000e+00 6.172823e+01
         vertex 1.477379e+01 8.000000e+00 6.169639e+01
         vertex 9.619401e+00 8.000000e+00 6.255108e+01
      endloop
   endfacet
   facet normal 0.000000e+00 1.000000e+00 0.000000e+00
      outer loop
         vertex 9.619401e+00 8.000000e+00 6.255108e+01
         vertex 1.477379e+01 8.000000e+00 6.169639e+01
         vertex 1.470161e+01 8.000000e+00 6.165168e+01
      endloop
   endfacet
   facet normal 0.000000e+00 1.000000e+00 0.000000e+00
      outer loop
         vertex 9.619401e+00 8.000000e+00 6.255108e+01
         vertex 1.470161e+01 8.000000e+00 6.165168e+01
         vertex 1.463802e+01 8.000000e+00 6.159541e+01
      endloop
   endfacet
   facet normal -0.000000e+00 1.000000e+00 0.000000e+00
      outer loop
         vertex 1.035010e+01 8.000000e+00 5.386422e+01
         vertex 1.043218e+01 8.000000e+00 5.389058e+01
         vertex 1.567500e+01 8.000000e+00 5.267584e+01
      endloop
   endfacet
   facet normal 0.000000e+00 1.000000e+00 0.000000e+00
      outer loop
         vertex 1.567500e+01 8.000000e+00 5.267584e+01
         vertex 1.043218e+01 8.000000e+00 5.389058e+01
         vertex 1.050851e+01 8.000000e+00 5.393066e+01
      endloop
   endfacet
   facet normal 0.000000e+00 1.000000e+00 0.000000e+00
      outer loop
         vertex 1.567500e+01 8.000000e+00 5.267584e+01
         vertex 1.050851e+01 8.000000e+00 5.393066e+01
         vertex 1.057682e+01 8.000000e+00 5.398324e+01
      endloop
   endfacet
   facet normal 0.000000e+00 1.000000e+00 0.000000e+00
      outer loop
         vertex 1.463802e+01 8.000000e+00 6.159541e+01
         vertex 1.009891e+01 8.000000e+00 5.683188e+01
         vertex 9.619401e+00 8.000000e+00 6.255108e+01
      endloop
   endfacet
   facet normal 0.000000e+00 1.000000e+00 0.000000e+00
      outer loop
         vertex 9.619401e+00 8.000000e+00 6.255108e+01
         vertex 1.009891e+01 8.000000e+00 5.683188e+01
         vertex 1.004733e+01 8.000000e+00 5.676798e+01
      endloop
   endfacet
   facet normal 0.000000e+00 1.000000e+00 0.000000e+00
      outer loop
         vertex 9.619401e+00 8.000000e+00 6.255108e+01
         vertex 1.004733e+01 8.000000e+00 5.676798e+01
         vertex 1.000691e+01 8.000000e+00 5.669650e+01
      endloop
   endfacet
   facet normal 0.000000e+00 1.000000e+00 0.000000e+00
      outer loop
         vertex 9.978739e+00 8.000000e+00 5.661938e+01
         vertex 9.963567e+00 8.000000e+00 5.653868e+01
         vertex 9.619401e+00 8.000000e+00 6.255108e+01
      endloop
   endfacet
   facet normal 0.000000e+00 1.000000e+00 0.000000e+00
      outer loop
         vertex 9.619401e+00 8.000000e+00 6.255108e+01
         vertex 9.963567e+00 8.000000e+00 5.653868e+01
         vertex 9.741485e+00 8.000000e+00 5.440340e+01
      endloop
   endfacet
   facet normal 0.000000e+00 1.000000e+00 0.000000e+00
      outer loop
         vertex 9.619401e+00 8.000000e+00 6.255108e+01
         vertex 9.741485e+00 8.000000e+00 5.440340e+01
         vertex 9.619401e+00 8.000000e+00 5.267584e+01
      endloop
   endfacet
   facet normal 0.000000e+00 1.000000e+00 0.000000e+00
      outer loop
         vertex 9.619401e+00 8.000000e+00 5.267584e+01
         vertex 9.741485e+00 8.000000e+00 5.440340e+01
         vertex 9.739992e+00 8.000000e+00 5.431720e+01
      endloop
   endfacet
   facet normal 0.000000e+00 1.000000e+00 0.000000e+00
      outer loop
         vertex 9.619401e+00 8.000000e+00 5.267584e+01
         vertex 9.739992e+00 8.000000e+00 5.431720e+01
         vertex 9.753327e+00 8.000000e+00 5.423204e+01
      endloop
   endfacet
   facet normal -0.000000e+00 1.000000e+00 0.000000e+00
      outer loop
         vertex 1.057682e+01 8.000000e+00 5.398324e+01
         vertex 1.533802e+01 8.000000e+00 5.835139e+01
         vertex 1.567500e+01 8.000000e+00 5.267584e+01
      endloop
   endfacet
   facet normal 0.000000e+00 1.000000e+00 0.000000e+00
      outer loop
         vertex 1.567500e+01 8.000000e+00 5.267584e+01
         vertex 1.533802e+01 8.000000e+00 5.835139e+01
         vertex 1.539415e+01 8.000000e+00 5.841218e+01
      endloop
   endfacet
   facet normal 0.000000e+00 1.000000e+00 0.000000e+00
      outer loop
         vertex 1.567500e+01 8.000000e+00 5.267584e+01
         vertex 1.539415e+01 8.000000e+00 5.841218e+01
         vertex 1.543950e+01 8.000000e+00 5.848140e+01
      endloop
   endfacet
   facet normal -0.000000e+00 1.000000e+00 0.000000e+00
      outer loop
         vertex 1.547280e+01 8.000000e+00 5.855715e+01
         vertex 1.549315e+01 8.000000e+00 5.863736e+01
         vertex 1.567500e+01 8.000000e+00 5.267584e+01
      endloop
   endfacet
   facet normal 0.000000e+00 1.000000e+00 0.000000e+00
      outer loop
         vertex 1.567500e+01 8.000000e+00 5.267584e+01
         vertex 1.549315e+01 8.000000e+00 5.863736e+01
         vertex 1.550000e+01 8.000000e+00 5.871982e+01
      endloop
   endfacet
   facet normal 0.000000e+00 1.000000e+00 -0.000000e+00
      outer loop
         vertex 1.567500e+01 8.000000e+00 5.267584e+01
         vertex 1.550000e+01 8.000000e+00 5.871982e+01
         vertex 1.567500e+01 8.000000e+00 6.255108e+01
      endloop
   endfacet
   facet normal 0.000000e+00 1.000000e+00 0.000000e+00
      outer loop
         vertex 1.567500e+01 8.000000e+00 6.255108e+01
         vertex 1.550000e+01 8.000000e+00 5.871982e+01
         vertex 1.550000e+01 8.000000e+00 6.125048e+01
      endloop
   endfacet
   facet normal 0.000000e+00 1.000000e+00 0.000000e+00
      outer loop
         vertex 1.567500e+01 8.000000e+00 6.255108e+01
         vertex 1.550000e+01 8.000000e+00 6.125048e+01
         vertex 1.549279e+01 8.000000e+00 6.133508e+01
      endloop
   endfacet
   facet normal 0.000000e+00 1.000000e+00 0.000000e+00
      outer loop
         vertex 1.522557e+01 8.000000e+00 8.375105e+01
         vertex 1.634524e+01 8.000000e+00 8.345103e+01
         vertex 1.567500e+01 8.000000e+00 8.205024e+01
      endloop
   endfacet
   facet normal 0.000000e+00 1.000000e+00 0.000000e+00
      outer loop
         vertex 1.567500e+01 8.000000e+00 8.205024e+01
         vertex 1.634524e+01 8.000000e+00 8.345103e+01
         vertex 1.932500e+01 8.000000e+00 8.205024e+01
      endloop
   endfacet
   facet normal -0.000000e+00 1.000000e+00 0.000000e+00
      outer loop
         vertex 1.567500e+01 8.000000e+00 8.205024e+01
         vertex 1.932500e+01 8.000000e+00 8.205024e+01
         vertex 1.567500e+01 8.000000e+00 7.205108e+01
      endloop
   endfacet
   facet normal 0.000000e+00 1.000000e+00 0.000000e+00
      outer loop
         vertex 1.567500e+01 8.000000e+00 7.205108e+01
         vertex 1.932500e+01 8.000000e+00 8.205024e+01
         vertex 1.932500e+01 8.000000e+00 7.205108e+01
      endloop
   endfacet
   facet normal -0.000000e+00 1.000000e+00 0.000000e+00
      outer loop
         vertex 1.567500e+01 8.000000e+00 7.205108e+01
         vertex 1.932500e+01 8.000000e+00 7.205108e+01
         vertex 1.567500e+01 8.000000e+00 6.255108e+01
      endloop
   endfacet
   facet normal 0.000000e+00 1.000000e+00 0.000000e+00
      outer loop
         vertex 1.567500e+01 8.000000e+00 6.255108e+01
         vertex 1.932500e+01 8.000000e+00 7.205108e+01
         vertex 1.932500e+01 8.000000e+00 6.255108e+01
      endloop
   endfacet
   facet normal -0.000000e+00 1.000000e+00 0.000000e+00
      outer loop
         vertex 1.567500e+01 8.000000e+00 6.255108e+01
         vertex 1.932500e+01 8.000000e+00 6.255108e+01
         vertex 1.567500e+01 8.000000e+00 5.267584e+01
      endloop
   endfacet
   facet normal 0.000000e+00 1.000000e+00 0.000000e+00
      outer loop
         vertex 1.567500e+01 8.000000e+00 5.267584e+01
         vertex 1.932500e+01 8.000000e+00 6.255108e+01
         vertex 1.932500e+01 8.000000e+00 5.267584e+01
      endloop
   endfacet
   facet normal -0.000000e+00 1.000000e+00 0.000000e+00
      outer loop
         vertex 1.567500e+01 8.000000e+00 5.267584e+01
         vertex 1.932500e+01 8.000000e+00 5.267584e+01
         vertex 1.750000e+01 8.000000e+00 5.150000e+01
      endloop
   endfacet
   facet normal -0.000000e+00 1.000000e+00 0.000000e+00
      outer loop
         vertex 1.750000e+01 8.000000e+00 5.150000e+01
         vertex 1.932500e+01 8.000000e+00 5.267584e+01
         vertex 1.784730e+01 8.000000e+00 5.146961e+01
      endloop
   endfacet
   facet normal 0.000000e+00 1.000000e+00 0.000000e+00
      outer loop
         vertex 1.553038e+01 8.000000e+00 3.715270e+01
         vertex 1.562061e+01 8.000000e+00 3.681596e+01
         vertex 9.619401e+00 8.000000e+00 3.407500e+01
      endloop
   endfacet
   facet normal 0.000000e+00 1.000000e+00 0.000000e+00
      outer loop
         vertex 9.619401e+00 8.000000e+00 3.407500e+01
         vertex 1.562061e+01 8.000000e+00 3.681596e+01
         vertex 1.567500e+01 8.000000e+00 3.407500e+01
      endloop
   endfacet
   facet normal -0.000000e+00 1.000000e+00 0.000000e+00
      outer loop
         vertex 9.619401e+00 8.000000e+00 3.407500e+01
         vertex 1.567500e+01 8.000000e+00 3.407500e+01
         vertex 9.619401e+00 8.000000e+00 2.570000e+01
      endloop
   endfacet
   facet normal 0.000000e+00 1.000000e+00 0.000000e+00
      outer loop
         vertex 9.619401e+00 8.000000e+00 2.570000e+01
         vertex 1.567500e+01 8.000000e+00 3.407500e+01
         vertex 1.567500e+01 8.000000e+00 2.570000e+01
      endloop
   endfacet
   facet normal -0.000000e+00 1.000000e+00 0.000000e+00
      outer loop
         vertex 9.619401e+00 8.000000e+00 2.570000e+01
         vertex 1.567500e+01 8.000000e+00 2.570000e+01
         vertex 1.611081e+01 8.000000e+00 2.537846e+01
      endloop
   endfacet
   facet normal 0.000000e+00 1.000000e+00 -0.000000e+00
      outer loop
         vertex 1.611081e+01 8.000000e+00 2.537846e+01
         vertex 1.567500e+01 8.000000e+00 2.570000e+01
         vertex 1.750000e+01 8.000000e+00 2.550000e+01
      endloop
   endfacet
   facet normal 0.000000e+00 1.000000e+00 -0.000000e+00
      outer loop
         vertex 1.667500e+01 8.000000e+00 3.242894e+01
         vertex 1.567500e+01 8.000000e+00 3.407500e+01
         vertex 1.693567e+01 8.000000e+00 3.255049e+01
      endloop
   endfacet
   facet normal 0.000000e+00 1.000000e+00 -0.000000e+00
      outer loop
         vertex 1.693567e+01 8.000000e+00 3.255049e+01
         vertex 1.567500e+01 8.000000e+00 3.407500e+01
         vertex 1.721348e+01 8.000000e+00 3.262493e+01
      endloop
   endfacet
   facet normal 0.000000e+00 1.000000e+00 0.000000e+00
      outer loop
         vertex 1.567500e+01 8.000000e+00 3.407500e+01
         vertex 1.607106e+01 8.000000e+00 3.182500e+01
         vertex 1.594951e+01 8.000000e+00 3.156433e+01
      endloop
   endfacet
   facet normal 0.000000e+00 1.000000e+00 0.000000e+00
      outer loop
         vertex 1.594951e+01 8.000000e+00 3.043567e+01
         vertex 1.607106e+01 8.000000e+00 3.017500e+01
         vertex 1.567500e+01 8.000000e+00 2.570000e+01
      endloop
   endfacet
   facet normal 0.000000e+00 1.000000e+00 0.000000e+00
      outer loop
         vertex 1.567500e+01 8.000000e+00 2.570000e+01
         vertex 1.607106e+01 8.000000e+00 3.017500e+01
         vertex 1.623603e+01 8.000000e+00 2.993940e+01
      endloop
   endfacet
   facet normal -0.000000e+00 1.000000e+00 0.000000e+00
      outer loop
         vertex 1.806433e+01 8.000000e+00 2.944951e+01
         vertex 1.832500e+01 8.000000e+00 2.957106e+01
         vertex 1.932500e+01 8.000000e+00 2.570000e+01
      endloop
   endfacet
   facet normal 0.000000e+00 1.000000e+00 0.000000e+00
      outer loop
         vertex 1.932500e+01 8.000000e+00 2.570000e+01
         vertex 1.832500e+01 8.000000e+00 2.957106e+01
         vertex 1.856060e+01 8.000000e+00 2.973603e+01
      endloop
   endfacet
   facet normal 0.000000e+00 1.000000e+00 -0.000000e+00
      outer loop
         vertex 1.856060e+01 8.000000e+00 3.226397e+01
         vertex 1.832500e+01 8.000000e+00 3.242894e+01
         vertex 1.932500e+01 8.000000e+00 3.407500e+01
      endloop
   endfacet
   facet normal 0.000000e+00 1.000000e+00 0.000000e+00
      outer loop
         vertex 1.667500e+01 8.000000e+00 3.242894e+01
         vertex 1.643940e+01 8.000000e+00 3.226397e+01
         vertex 1.567500e+01 8.000000e+00 3.407500e+01
      endloop
   endfacet
   facet normal 0.000000e+00 1.000000e+00 0.000000e+00
      outer loop
         vertex 1.567500e+01 8.000000e+00 3.407500e+01
         vertex 1.643940e+01 8.000000e+00 3.226397e+01
         vertex 1.623603e+01 8.000000e+00 3.206060e+01
      endloop
   endfacet
   facet normal 0.000000e+00 1.000000e+00 0.000000e+00
      outer loop
         vertex 1.567500e+01 8.000000e+00 3.407500e+01
         vertex 1.623603e+01 8.000000e+00 3.206060e+01
         vertex 1.607106e+01 8.000000e+00 3.182500e+01
      endloop
   endfacet
   facet normal 0.000000e+00 1.000000e+00 0.000000e+00
      outer loop
         vertex 1.594951e+01 8.000000e+00 3.156433e+01
         vertex 1.587507e+01 8.000000e+00 3.128652e+01
         vertex 1.567500e+01 8.000000e+00 3.407500e+01
      endloop
   endfacet
   facet normal 0.000000e+00 1.000000e+00 0.000000e+00
      outer loop
         vertex 1.567500e+01 8.000000e+00 3.407500e+01
         vertex 1.587507e+01 8.000000e+00 3.128652e+01
         vertex 1.585000e+01 8.000000e+00 3.100000e+01
      endloop
   endfacet
   facet normal 0.000000e+00 1.000000e+00 0.000000e+00
      outer loop
         vertex 1.567500e+01 8.000000e+00 3.407500e+01
         vertex 1.585000e+01 8.000000e+00 3.100000e+01
         vertex 1.567500e+01 8.000000e+00 2.570000e+01
      endloop
   endfacet
   facet normal 0.000000e+00 1.000000e+00 0.000000e+00
      outer loop
         vertex 1.567500e+01 8.000000e+00 2.570000e+01
         vertex 1.585000e+01 8.000000e+00 3.100000e+01
         vertex 1.587507e+01 8.000000e+00 3.071348e+01
      endloop
   endfacet
   facet normal 0.000000e+00 1.000000e+00 0.000000e+00
      outer loop
         vertex 1.567500e+01 8.000000e+00 2.570000e+01
         vertex 1.587507e+01 8.000000e+00 3.071348e+01
         vertex 1.594951e+01 8.000000e+00 3.043567e+01
      endloop
   endfacet
   facet normal 0.000000e+00 1.000000e+00 0.000000e+00
      outer loop
         vertex 1.623603e+01 8.000000e+00 2.993940e+01
         vertex 1.643940e+01 8.000000e+00 2.973603e+01
         vertex 1.567500e+01 8.000000e+00 2.570000e+01
      endloop
   endfacet
   facet normal 0.000000e+00 1.000000e+00 0.000000e+00
      outer loop
         vertex 1.567500e+01 8.000000e+00 2.570000e+01
         vertex 1.643940e+01 8.000000e+00 2.973603e+01
         vertex 1.667500e+01 8.000000e+00 2.957106e+01
      endloop
   endfacet
   facet normal 0.000000e+00 1.000000e+00 0.000000e+00
      outer loop
         vertex 1.567500e+01 8.000000e+00 2.570000e+01
         vertex 1.667500e+01 8.000000e+00 2.957106e+01
         vertex 1.693567e+01 8.000000e+00 2.944951e+01
      endloop
   endfacet
   facet normal 0.000000e+00 1.000000e+00 -0.000000e+00
      outer loop
         vertex 1.832500e+01 8.000000e+00 3.242894e+01
         vertex 1.806433e+01 8.000000e+00 3.255049e+01
         vertex 1.932500e+01 8.000000e+00 3.407500e+01
      endloop
   endfacet
   facet normal 0.000000e+00 1.000000e+00 0.000000e+00
      outer loop
         vertex 1.932500e+01 8.000000e+00 3.407500e+01
         vertex 1.806433e+01 8.000000e+00 3.255049e+01
         vertex 1.778652e+01 8.000000e+00 3.262493e+01
      endloop
   endfacet
   facet normal 0.000000e+00 1.000000e+00 0.000000e+00
      outer loop
         vertex 1.932500e+01 8.000000e+00 3.407500e+01
         vertex 1.778652e+01 8.000000e+00 3.262493e+01
         vertex 1.567500e+01 8.000000e+00 3.407500e+01
      endloop
   endfacet
   facet normal 0.000000e+00 1.000000e+00 0.000000e+00
      outer loop
         vertex 1.567500e+01 8.000000e+00 3.407500e+01
         vertex 1.778652e+01 8.000000e+00 3.262493e+01
         vertex 1.750000e+01 8.000000e+00 3.265000e+01
      endloop
   endfacet
   facet normal 0.000000e+00 1.000000e+00 0.000000e+00
      outer loop
         vertex 1.567500e+01 8.000000e+00 3.407500e+01
         vertex 1.750000e+01 8.000000e+00 3.265000e+01
         vertex 1.721348e+01 8.000000e+00 3.262493e+01
      endloop
   endfacet
   facet normal 0.000000e+00 1.000000e+00 0.000000e+00
      outer loop
         vertex 1.693567e+01 8.000000e+00 2.944951e+01
         vertex 1.721348e+01 8.000000e+00 2.937507e+01
         vertex 1.567500e+01 8.000000e+00 2.570000e+01
      endloop
   endfacet
   facet normal 0.000000e+00 1.000000e+00 0.000000e+00
      outer loop
         vertex 1.567500e+01 8.000000e+00 2.570000e+01
         vertex 1.721348e+01 8.000000e+00 2.937507e+01
         vertex 1.750000e+01 8.000000e+00 2.935000e+01
      endloop
   endfacet
   facet normal 0.000000e+00 1.000000e+00 0.000000e+00
      outer loop
         vertex 1.567500e+01 8.000000e+00 2.570000e+01
         vertex 1.750000e+01 8.000000e+00 2.935000e+01
         vertex 1.932500e+01 8.000000e+00 2.570000e+01
      endloop
   endfacet
   facet normal 0.000000e+00 1.000000e+00 0.000000e+00
      outer loop
         vertex 1.932500e+01 8.000000e+00 2.570000e+01
         vertex 1.750000e+01 8.000000e+00 2.935000e+01
         vertex 1.778652e+01 8.000000e+00 2.937507e+01
      endloop
   endfacet
   facet normal 0.000000e+00 1.000000e+00 0.000000e+00
      outer loop
         vertex 1.932500e+01 8.000000e+00 2.570000e+01
         vertex 1.778652e+01 8.000000e+00 2.937507e+01
         vertex 1.806433e+01 8.000000e+00 2.944951e+01
      endloop
   endfacet
   facet normal -0.000000e+00 1.000000e+00 0.000000e+00
      outer loop
         vertex 1.856060e+01 8.000000e+00 2.973603e+01
         vertex 1.876397e+01 8.000000e+00 2.993940e+01
         vertex 1.932500e+01 8.000000e+00 2.570000e+01
      endloop
   endfacet
   facet normal 0.000000e+00 1.000000e+00 0.000000e+00
      outer loop
         vertex 1.932500e+01 8.000000e+00 2.570000e+01
         vertex 1.876397e+01 8.000000e+00 2.993940e+01
         vertex 1.892894e+01 8.000000e+00 3.017500e+01
      endloop
   endfacet
   facet normal 0.000000e+00 1.000000e+00 0.000000e+00
      outer loop
         vertex 1.932500e+01 8.000000e+00 2.570000e+01
         vertex 1.892894e+01 8.000000e+00 3.017500e+01
         vertex 1.905049e+01 8.000000e+00 3.043567e+01
      endloop
   endfacet
   facet normal -0.000000e+00 1.000000e+00 0.000000e+00
      outer loop
         vertex 1.905049e+01 8.000000e+00 3.043567e+01
         vertex 1.912493e+01 8.000000e+00 3.071348e+01
         vertex 1.932500e+01 8.000000e+00 2.570000e+01
      endloop
   endfacet
   facet normal 0.000000e+00 1.000000e+00 0.000000e+00
      outer loop
         vertex 1.932500e+01 8.000000e+00 2.570000e+01
         vertex 1.912493e+01 8.000000e+00 3.071348e+01
         vertex 1.915000e+01 8.000000e+00 3.100000e+01
      endloop
   endfacet
   facet normal 0.000000e+00 1.000000e+00 -0.000000e+00
      outer loop
         vertex 1.932500e+01 8.000000e+00 2.570000e+01
         vertex 1.915000e+01 8.000000e+00 3.100000e+01
         vertex 1.932500e+01 8.000000e+00 3.407500e+01
      endloop
   endfacet
   facet normal 0.000000e+00 1.000000e+00 0.000000e+00
      outer loop
         vertex 1.932500e+01 8.000000e+00 3.407500e+01
         vertex 1.915000e+01 8.000000e+00 3.100000e+01
         vertex 1.912493e+01 8.000000e+00 3.128652e+01
      endloop
   endfacet
   facet normal 0.000000e+00 1.000000e+00 0.000000e+00
      outer loop
         vertex 1.932500e+01 8.000000e+00 3.407500e+01
         vertex 1.912493e+01 8.000000e+00 3.128652e+01
         vertex 1.905049e+01 8.000000e+00 3.156433e+01
      endloop
   endfacet
   facet normal 0.000000e+00 1.000000e+00 -0.000000e+00
      outer loop
         vertex 1.905049e+01 8.000000e+00 3.156433e+01
         vertex 1.892894e+01 8.000000e+00 3.182500e+01
         vertex 1.932500e+01 8.000000e+00 3.407500e+01
      endloop
   endfacet
   facet normal 0.000000e+00 1.000000e+00 0.000000e+00
      outer loop
         vertex 1.932500e+01 8.000000e+00 3.407500e+01
         vertex 1.892894e+01 8.000000e+00 3.182500e+01
         vertex 1.876397e+01 8.000000e+00 3.206060e+01
      endloop
   endfacet
   facet normal 0.000000e+00 1.000000e+00 0.000000e+00
      outer loop
         vertex 1.932500e+01 8.000000e+00 3.407500e+01
         vertex 1.876397e+01 8.000000e+00 3.206060e+01
         vertex 1.856060e+01 8.000000e+00 3.226397e+01
      endloop
   endfacet
   facet normal -0.000000e+00 1.000000e+00 0.000000e+00
      outer loop
         vertex 1.923205e+01 8.000000e+00 3.650000e+01
         vertex 1.937939e+01 8.000000e+00 3.681596e+01
         vertex 1.932500e+01 8.000000e+00 3.407500e+01
      endloop
   endfacet
   facet normal 0.000000e+00 1.000000e+00 0.000000e+00
      outer loop
         vertex 1.932500e+01 8.000000e+00 3.407500e+01
         vertex 1.937939e+01 8.000000e+00 3.681596e+01
         vertex 2.470560e+01 8.000000e+00 3.407500e+01
      endloop
   endfacet
   facet normal -0.000000e+00 1.000000e+00 0.000000e+00
      outer loop
         vertex 1.932500e+01 8.000000e+00 3.407500e+01
         vertex 2.470560e+01 8.000000e+00 3.407500e+01
         vertex 1.932500e+01 8.000000e+00 2.570000e+01
      endloop
   endfacet
   facet normal 0.000000e+00 1.000000e+00 0.000000e+00
      outer loop
         vertex 1.932500e+01 8.000000e+00 2.570000e+01
         vertex 2.470560e+01 8.000000e+00 3.407500e+01
         vertex 2.470560e+01 8.000000e+00 2.570000e+01
      endloop
   endfacet
   facet normal -0.000000e+00 1.000000e+00 0.000000e+00
      outer loop
         vertex 1.932500e+01 8.000000e+00 2.570000e+01
         vertex 2.470560e+01 8.000000e+00 2.570000e+01
         vertex 2.023616e+01 8.000000e+00 2.501754e+01
      endloop
   endfacet
   facet normal -0.000000e+00 1.000000e+00 0.000000e+00
      outer loop
         vertex 2.023616e+01 8.000000e+00 2.501754e+01
         vertex 2.470560e+01 8.000000e+00 2.570000e+01
         vertex 2.150000e+01 8.000000e+00 2.442820e+01
      endloop
   endfacet
   facet normal -0.000000e+00 1.000000e+00 0.000000e+00
      outer loop
         vertex 2.482144e+01 8.000000e+00 5.385532e+01
         vertex 2.490580e+01 8.000000e+00 5.387304e+01
         vertex 2.470560e+01 8.000000e+00 5.267584e+01
      endloop
   endfacet
   facet normal 0.000000e+00 1.000000e+00 0.000000e+00
      outer loop
         vertex 2.470560e+01 8.000000e+00 5.267584e+01
         vertex 2.490580e+01 8.000000e+00 5.387304e+01
         vertex 2.652067e+01 8.000000e+00 5.267584e+01
      endloop
   endfacet
   facet normal -0.000000e+00 1.000000e+00 0.000000e+00
      outer loop
         vertex 2.470560e+01 8.000000e+00 5.267584e+01
         vertex 2.652067e+01 8.000000e+00 5.267584e+01
         vertex 2.470560e+01 8.000000e+00 3.407500e+01
      endloop
   endfacet
   facet normal 0.000000e+00 1.000000e+00 0.000000e+00
      outer loop
         vertex 2.470560e+01 8.000000e+00 3.407500e+01
         vertex 2.652067e+01 8.000000e+00 5.267584e+01
         vertex 2.652067e+01 8.000000e+00 3.407500e+01
      endloop
   endfacet
   facet normal -0.000000e+00 1.000000e+00 0.000000e+00
      outer loop
         vertex 2.470560e+01 8.000000e+00 3.407500e+01
         vertex 2.652067e+01 8.000000e+00 3.407500e+01
         vertex 2.470560e+01 8.000000e+00 2.570000e+01
      endloop
   endfacet
   facet normal 0.000000e+00 1.000000e+00 0.000000e+00
      outer loop
         vertex 2.470560e+01 8.000000e+00 2.570000e+01
         vertex 2.652067e+01 8.000000e+00 3.407500e+01
         vertex 2.652067e+01 8.000000e+00 2.570000e+01
      endloop
   endfacet
   facet normal -0.000000e+00 1.000000e+00 0.000000e+00
      outer loop
         vertex 2.470560e+01 8.000000e+00 2.570000e+01
         vertex 2.652067e+01 8.000000e+00 2.570000e+01
         vertex 2.501754e+01 8.000000e+00 2.023616e+01
      endloop
   endfacet
   facet normal -0.000000e+00 1.000000e+00 0.000000e+00
      outer loop
         vertex 2.501754e+01 8.000000e+00 2.023616e+01
         vertex 2.652067e+01 8.000000e+00 2.570000e+01
         vertex 2.537846e+01 8.000000e+00 1.888919e+01
      endloop
   endfacet
   facet normal 0.000000e+00 1.000000e+00 0.000000e+00
      outer loop
         vertex 2.836634e+01 8.000000e+00 9.321058e+00
         vertex 2.652067e+01 8.000000e+00 7.375000e+00
         vertex 2.652067e+01 8.000000e+00 9.300000e+00
      endloop
   endfacet
   facet normal 0.000000e+00 1.000000e+00 0.000000e+00
      outer loop
         vertex 2.652067e+01 8.000000e+00 9.300000e+00
         vertex 2.652067e+01 8.000000e+00 7.375000e+00
         vertex 2.470560e+01 8.000000e+00 7.375000e+00
      endloop
   endfacet
   facet normal 0.000000e+00 1.000000e+00 0.000000e+00
      outer loop
         vertex 2.652067e+01 8.000000e+00 9.300000e+00
         vertex 2.470560e+01 8.000000e+00 7.375000e+00
         vertex 2.470560e+01 8.000000e+00 9.300000e+00
      endloop
   endfacet
   facet normal 0.000000e+00 1.000000e+00 0.000000e+00
      outer loop
         vertex 2.470560e+01 8.000000e+00 9.300000e+00
         vertex 2.470560e+01 8.000000e+00 7.375000e+00
         vertex 1.932500e+01 8.000000e+00 7.375000e+00
      endloop
   endfacet
   facet normal 0.000000e+00 1.000000e+00 0.000000e+00
      outer loop
         vertex 2.470560e+01 8.000000e+00 9.300000e+00
         vertex 1.932500e+01 8.000000e+00 7.375000e+00
         vertex 1.932500e+01 8.000000e+00 9.300000e+00
      endloop
   endfacet
   facet normal 0.000000e+00 1.000000e+00 0.000000e+00
      outer loop
         vertex 1.932500e+01 8.000000e+00 9.300000e+00
         vertex 1.932500e+01 8.000000e+00 7.375000e+00
         vertex 1.567500e+01 8.000000e+00 7.375000e+00
      endloop
   endfacet
   facet normal 0.000000e+00 1.000000e+00 0.000000e+00
      outer loop
         vertex 1.932500e+01 8.000000e+00 9.300000e+00
         vertex 1.567500e+01 8.000000e+00 7.375000e+00
         vertex 1.567500e+01 8.000000e+00 9.300000e+00
      endloop
   endfacet
   facet normal 0.000000e+00 1.000000e+00 0.000000e+00
      outer loop
         vertex 1.567500e+01 8.000000e+00 9.300000e+00
         vertex 1.567500e+01 8.000000e+00 7.375000e+00
         vertex 9.619401e+00 8.000000e+00 7.375000e+00
      endloop
   endfacet
   facet normal 0.000000e+00 1.000000e+00 0.000000e+00
      outer loop
         vertex 1.567500e+01 8.000000e+00 9.300000e+00
         vertex 9.619401e+00 8.000000e+00 7.375000e+00
         vertex 9.619401e+00 8.000000e+00 9.300000e+00
      endloop
   endfacet
   facet normal 0.000000e+00 1.000000e+00 0.000000e+00
      outer loop
         vertex 9.619401e+00 8.000000e+00 9.300000e+00
         vertex 9.619401e+00 8.000000e+00 7.375000e+00
         vertex 6.372990e+00 8.000000e+00 9.199508e+00
      endloop
   endfacet
   facet normal 0.000000e+00 1.000000e+00 0.000000e+00
      outer loop
         vertex 9.619401e+00 8.000000e+00 9.300000e+00
         vertex 6.372990e+00 8.000000e+00 9.199508e+00
         vertex 6.633657e+00 8.000000e+00 9.321058e+00
      endloop
   endfacet
   facet normal 9.986578e-01 0.000000e+00 5.179363e-02
      outer loop
         vertex 3.500000e+01 8.000000e+00 1.750000e+01
         vertex 3.490611e+01 8.000000e+00 1.931034e+01
         vertex 3.500000e+01 0.000000e+00 1.750000e+01
      endloop
   endfacet
   facet normal 9.986578e-01 0.000000e+00 5.179363e-02
      outer loop
         vertex 3.500000e+01 0.000000e+00 1.750000e+01
         vertex 3.490611e+01 8.000000e+00 1.931034e+01
         vertex 3.490611e+01 0.000000e+00 1.931034e+01
      endloop
   endfacet
   facet normal 9.946348e-01 0.000000e+00 1.034483e-01
      outer loop
         vertex 2.744635e+01 8.000000e+00 9.103448e+01
         vertex 2.744635e+01 0.000000e+00 9.103448e+01
         vertex 2.838077e+01 8.000000e+00 8.205024e+01
      endloop
   endfacet
   facet normal 9.946348e-01 0.000000e+00 1.034483e-01
      outer loop
         vertex 2.838077e+01 8.000000e+00 8.205024e+01
         vertex 2.744635e+01 0.000000e+00 9.103448e+01
         vertex 2.838077e+01 0.000000e+00 8.205024e+01
      endloop
   endfacet
   facet normal 9.946348e-01 0.000000e+00 1.034483e-01
      outer loop
         vertex 2.838077e+01 8.000000e+00 8.205024e+01
         vertex 2.838077e+01 0.000000e+00 8.205024e+01
         vertex 2.942074e+01 8.000000e+00 7.205108e+01
      endloop
   endfacet
   facet normal 9.946348e-01 0.000000e+00 1.034483e-01
      outer loop
         vertex 2.942074e+01 8.000000e+00 7.205108e+01
         vertex 2.838077e+01 0.000000e+00 8.205024e+01
         vertex 2.942074e+01 0.000000e+00 7.205108e+01
      endloop
   endfacet
   facet normal 9.946348e-01 0.000000e+00 1.034483e-01
      outer loop
         vertex 2.942074e+01 8.000000e+00 7.205108e+01
         vertex 2.942074e+01 0.000000e+00 7.205108e+01
         vertex 3.040880e+01 8.000000e+00 6.255108e+01
      endloop
   endfacet
   facet normal 9.946348e-01 0.000000e+00 1.034483e-01
      outer loop
         vertex 3.040880e+01 8.000000e+00 6.255108e+01
         vertex 2.942074e+01 0.000000e+00 7.205108e+01
         vertex 3.040880e+01 0.000000e+00 6.255108e+01
      endloop
   endfacet
   facet normal 9.946348e-01 0.000000e+00 1.034482e-01
      outer loop
         vertex 3.040880e+01 8.000000e+00 6.255108e+01
         vertex 3.040880e+01 0.000000e+00 6.255108e+01
         vertex 3.143589e+01 8.000000e+00 5.267584e+01
      endloop
   endfacet
   facet normal 9.946348e-01 0.000000e+00 1.034482e-01
      outer loop
         vertex 3.143589e+01 8.000000e+00 5.267584e+01
         vertex 3.040880e+01 0.000000e+00 6.255108e+01
         vertex 3.143589e+01 0.000000e+00 5.267584e+01
      endloop
   endfacet
   facet normal 9.946348e-01 0.000000e+00 1.034483e-01
      outer loop
         vertex 3.143589e+01 8.000000e+00 5.267584e+01
         vertex 3.143589e+01 0.000000e+00 5.267584e+01
         vertex 3.337049e+01 8.000000e+00 3.407500e+01
      endloop
   endfacet
   facet normal 9.946348e-01 -3.193101e-08 1.034483e-01
      outer loop
         vertex 3.337049e+01 8.000000e+00 3.407500e+01
         vertex 3.143589e+01 0.000000e+00 5.267584e+01
         vertex 3.326953e+01 0.000000e+00 3.504575e+01
      endloop
   endfacet
   facet normal 9.946348e-01 -0.000000e+00 1.034482e-01
      outer loop
         vertex 3.490611e+01 0.000000e+00 1.931034e+01
         vertex 3.490611e+01 8.000000e+00 1.931034e+01
         vertex 3.418434e+01 0.000000e+00 2.625000e+01
      endloop
   endfacet
   facet normal 9.946348e-01 -3.447002e-08 1.034482e-01
      outer loop
         vertex 3.418434e+01 0.000000e+00 2.625000e+01
         vertex 3.490611e+01 8.000000e+00 1.931034e+01
         vertex 3.424155e+01 8.000000e+00 2.570000e+01
      endloop
   endfacet
   facet normal 9.946349e-01 -4.631629e-08 1.034480e-01
      outer loop
         vertex 3.418434e+01 0.000000e+00 2.625000e+01
         vertex 3.424155e+01 8.000000e+00 2.570000e+01
         vertex 3.404133e+01 0.000000e+00 2.762500e+01
      endloop
   endfacet
   facet normal 9.946348e-01 2.344308e-08 1.034483e-01
      outer loop
         vertex 3.404133e+01 0.000000e+00 2.762500e+01
         vertex 3.424155e+01 8.000000e+00 2.570000e+01
         vertex 3.337049e+01 8.000000e+00 3.407500e+01
      endloop
   endfacet
   facet normal 9.946348e-01 -2.561972e-08 1.034484e-01
      outer loop
         vertex 3.404133e+01 0.000000e+00 2.762500e+01
         vertex 3.337049e+01 8.000000e+00 3.407500e+01
         vertex 3.347067e+01 0.000000e+00 3.311180e+01
      endloop
   endfacet
   facet normal 9.946348e-01 -2.340622e-08 1.034484e-01
      outer loop
         vertex 3.347067e+01 0.000000e+00 3.311180e+01
         vertex 3.337049e+01 8.000000e+00 3.407500e+01
         vertex 3.326953e+01 0.000000e+00 3.504575e+01
      endloop
   endfacet
   facet normal 0.000000e+00 -1.000000e+00 0.000000e+00
      outer loop
         vertex 2.362836e+01 0.000000e+00 2.264230e+01
         vertex 2.442820e+01 0.000000e+00 2.150000e+01
         vertex 2.470560e+01 0.000000e+00 2.625000e+01
      endloop
   endfacet
   facet normal 0.000000e+00 -1.000000e+00 -0.000000e+00
      outer loop
         vertex 2.000321e+01 0.000000e+00 3.459150e+01
         vertex 1.992857e+01 0.000000e+00 3.453003e+01
         vertex 2.470560e+01 0.000000e+00 2.762500e+01
      endloop
   endfacet
   facet normal 0.000000e+00 -1.000000e+00 0.000000e+00
      outer loop
         vertex 1.110653e+01 0.000000e+00 1.209710e+00
         vertex 1.029440e+01 0.000000e+00 7.375000e+00
         vertex 9.029329e+00 0.000000e+00 7.375000e+00
      endloop
   endfacet
   facet normal 0.000000e+00 -1.000000e+00 0.000000e+00
      outer loop
         vertex 2.781634e+01 0.000000e+00 8.368431e+00
         vertex 2.742368e+01 0.000000e+00 8.643378e+00
         vertex 2.597067e+01 0.000000e+00 8.750000e+00
      endloop
   endfacet
   facet normal 0.000000e+00 -1.000000e+00 -0.000000e+00
      outer loop
         vertex 3.129796e+01 0.000000e+00 8.982334e+00
         vertex 3.095901e+01 0.000000e+00 8.643378e+00
         vertex 3.195918e+01 0.000000e+00 7.641899e+00
      endloop
   endfacet
   facet normal 0.000000e+00 -1.000000e+00 -0.000000e+00
      outer loop
         vertex 2.650947e+01 0.000000e+00 9.433928e+01
         vertex 2.597067e+01 0.000000e+00 8.205024e+01
         vertex 2.712087e+01 0.000000e+00 9.272741e+01
      endloop
   endfacet
   facet normal 0.000000e+00 -1.000000e+00 -0.000000e+00
      outer loop
         vertex 2.712087e+01 0.000000e+00 9.272741e+01
         vertex 2.597067e+01 0.000000e+00 8.205024e+01
         vertex 2.744635e+01 0.000000e+00 9.103448e+01
      endloop
   endfacet
   facet normal 0.000000e+00 -1.000000e+00 -0.000000e+00
      outer loop
         vertex 2.744635e+01 0.000000e+00 9.103448e+01
         vertex 2.597067e+01 0.000000e+00 8.205024e+01
         vertex 2.838077e+01 0.000000e+00 8.205024e+01
      endloop
   endfacet
   facet normal -0.000000e+00 -1.000000e+00 0.000000e+00
      outer loop
         vertex 2.838077e+01 0.000000e+00 8.205024e+01
         vertex 2.597067e+01 0.000000e+00 8.205024e+01
         vertex 2.597067e+01 0.000000e+00 7.205108e+01
      endloop
   endfacet
   facet normal 0.000000e+00 -1.000000e+00 -0.000000e+00
      outer loop
         vertex 2.838077e+01 0.000000e+00 8.205024e+01
         vertex 2.597067e+01 0.000000e+00 7.205108e+01
         vertex 2.942074e+01 0.000000e+00 7.205108e+01
      endloop
   endfacet
   facet normal -0.000000e+00 -1.000000e+00 0.000000e+00
      outer loop
         vertex 2.942074e+01 0.000000e+00 7.205108e+01
         vertex 2.597067e+01 0.000000e+00 7.205108e+01
         vertex 2.597067e+01 0.000000e+00 6.255108e+01
      endloop
   endfacet
   facet normal 0.000000e+00 -1.000000e+00 -0.000000e+00
      outer loop
         vertex 2.942074e+01 0.000000e+00 7.205108e+01
         vertex 2.597067e+01 0.000000e+00 6.255108e+01
         vertex 3.040880e+01 0.000000e+00 6.255108e+01
      endloop
   endfacet
   facet normal -0.000000e+00 -1.000000e+00 0.000000e+00
      outer loop
         vertex 3.040880e+01 0.000000e+00 6.255108e+01
         vertex 2.597067e+01 0.000000e+00 6.255108e+01
         vertex 2.597067e+01 0.000000e+00 5.267584e+01
      endloop
   endfacet
   facet normal 0.000000e+00 -1.000000e+00 -0.000000e+00
      outer loop
         vertex 3.040880e+01 0.000000e+00 6.255108e+01
         vertex 2.597067e+01 0.000000e+00 5.267584e+01
         vertex 3.143589e+01 0.000000e+00 5.267584e+01
      endloop
   endfacet
   facet normal -0.000000e+00 -1.000000e+00 0.000000e+00
      outer loop
         vertex 3.143589e+01 0.000000e+00 5.267584e+01
         vertex 2.597067e+01 0.000000e+00 5.267584e+01
         vertex 2.597067e+01 0.000000e+00 3.504575e+01
      endloop
   endfacet
   facet normal 0.000000e+00 -1.000000e+00 -0.000000e+00
      outer loop
         vertex 3.143589e+01 0.000000e+00 5.267584e+01
         vertex 2.597067e+01 0.000000e+00 3.504575e+01
         vertex 3.326953e+01 0.000000e+00 3.504575e+01
      endloop
   endfacet
   facet normal 0.000000e+00 -1.000000e+00 0.000000e+00
      outer loop
         vertex 3.347067e+01 0.000000e+00 3.311180e+01
         vertex 3.347067e+01 0.000000e+00 2.762500e+01
         vertex 3.404133e+01 0.000000e+00 2.762500e+01
      endloop
   endfacet
   facet normal -0.000000e+00 -1.000000e+00 0.000000e+00
      outer loop
         vertex 3.404133e+01 0.000000e+00 2.762500e+01
         vertex 3.347067e+01 0.000000e+00 2.762500e+01
         vertex 3.347067e+01 0.000000e+00 2.625000e+01
      endloop
   endfacet
   facet normal 0.000000e+00 -1.000000e+00 -0.000000e+00
      outer loop
         vertex 3.404133e+01 0.000000e+00 2.762500e+01
         vertex 3.347067e+01 0.000000e+00 2.625000e+01
         vertex 3.418434e+01 0.000000e+00 2.625000e+01
      endloop
   endfacet
   facet normal -0.000000e+00 -1.000000e+00 -0.000000e+00
      outer loop
         vertex 3.418434e+01 0.000000e+00 2.625000e+01
         vertex 3.347067e+01 0.000000e+00 2.625000e+01
         vertex 3.490611e+01 0.000000e+00 1.931034e+01
      endloop
   endfacet
   facet normal -0.000000e+00 -1.000000e+00 0.000000e+00
      outer loop
         vertex 3.490611e+01 0.000000e+00 1.931034e+01
         vertex 3.347067e+01 0.000000e+00 2.625000e+01
         vertex 3.347067e+01 0.000000e+00 1.750000e+01
      endloop
   endfacet
   facet normal 0.000000e+00 -1.000000e+00 -0.000000e+00
      outer loop
         vertex 3.490611e+01 0.000000e+00 1.931034e+01
         vertex 3.347067e+01 0.000000e+00 1.750000e+01
         vertex 3.500000e+01 0.000000e+00 1.750000e+01
      endloop
   endfacet
   facet normal 0.000000e+00 -1.000000e+00 0.000000e+00
      outer loop
         vertex 3.326696e+01 0.000000e+00 9.907035e+00
         vertex 3.422252e+01 0.000000e+00 1.234178e+01
         vertex 3.347067e+01 0.000000e+00 1.750000e+01
      endloop
   endfacet
   facet normal 0.000000e+00 -1.000000e+00 0.000000e+00
      outer loop
         vertex 3.347067e+01 0.000000e+00 1.750000e+01
         vertex 3.422252e+01 0.000000e+00 1.234178e+01
         vertex 3.480454e+01 0.000000e+00 1.489176e+01
      endloop
   endfacet
   facet normal 0.000000e+00 -1.000000e+00 0.000000e+00
      outer loop
         vertex 3.347067e+01 0.000000e+00 1.750000e+01
         vertex 3.480454e+01 0.000000e+00 1.489176e+01
         vertex 3.500000e+01 0.000000e+00 1.750000e+01
      endloop
   endfacet
   facet normal 0.000000e+00 -1.000000e+00 0.000000e+00
      outer loop
         vertex 2.742368e+01 0.000000e+00 8.643378e+00
         vertex 2.708472e+01 0.000000e+00 8.982334e+00
         vertex 2.597067e+01 0.000000e+00 8.750000e+00
      endloop
   endfacet
   facet normal 0.000000e+00 -1.000000e+00 0.000000e+00
      outer loop
         vertex 2.597067e+01 0.000000e+00 8.750000e+00
         vertex 2.708472e+01 0.000000e+00 8.982334e+00
         vertex 2.680977e+01 0.000000e+00 9.375000e+00
      endloop
   endfacet
   facet normal 0.000000e+00 -1.000000e+00 0.000000e+00
      outer loop
         vertex 2.597067e+01 0.000000e+00 8.750000e+00
         vertex 2.680977e+01 0.000000e+00 9.375000e+00
         vertex 2.660719e+01 0.000000e+00 9.809445e+00
      endloop
   endfacet
   facet normal 0.000000e+00 -1.000000e+00 -0.000000e+00
      outer loop
         vertex 3.194134e+01 0.000000e+00 1.075000e+01
         vertex 3.189956e+01 0.000000e+00 1.027247e+01
         vertex 3.326696e+01 0.000000e+00 9.907035e+00
      endloop
   endfacet
   facet normal -0.000000e+00 -1.000000e+00 0.000000e+00
      outer loop
         vertex 3.326696e+01 0.000000e+00 9.907035e+00
         vertex 3.189956e+01 0.000000e+00 1.027247e+01
         vertex 3.177550e+01 0.000000e+00 9.809445e+00
      endloop
   endfacet
   facet normal 0.000000e+00 -1.000000e+00 0.000000e+00
      outer loop
         vertex 3.326696e+01 0.000000e+00 9.907035e+00
         vertex 3.177550e+01 0.000000e+00 9.809445e+00
         vertex 3.195918e+01 0.000000e+00 7.641899e+00
      endloop
   endfacet
   facet normal 0.000000e+00 -1.000000e+00 0.000000e+00
      outer loop
         vertex 3.195918e+01 0.000000e+00 7.641899e+00
         vertex 3.177550e+01 0.000000e+00 9.809445e+00
         vertex 3.157291e+01 0.000000e+00 9.375000e+00
      endloop
   endfacet
   facet normal 0.000000e+00 -1.000000e+00 0.000000e+00
      outer loop
         vertex 3.195918e+01 0.000000e+00 7.641899e+00
         vertex 3.157291e+01 0.000000e+00 9.375000e+00
         vertex 3.129796e+01 0.000000e+00 8.982334e+00
      endloop
   endfacet
   facet normal 0.000000e+00 -1.000000e+00 0.000000e+00
      outer loop
         vertex 3.013190e+01 0.000000e+00 1.333415e+01
         vertex 3.056634e+01 0.000000e+00 1.313157e+01
         vertex 3.347067e+01 0.000000e+00 1.750000e+01
      endloop
   endfacet
   facet normal 0.000000e+00 -1.000000e+00 0.000000e+00
      outer loop
         vertex 3.347067e+01 0.000000e+00 1.750000e+01
         vertex 3.056634e+01 0.000000e+00 1.313157e+01
         vertex 3.095901e+01 0.000000e+00 1.285662e+01
      endloop
   endfacet
   facet normal 0.000000e+00 -1.000000e+00 0.000000e+00
      outer loop
         vertex 3.347067e+01 0.000000e+00 1.750000e+01
         vertex 3.095901e+01 0.000000e+00 1.285662e+01
         vertex 3.129796e+01 0.000000e+00 1.251767e+01
      endloop
   endfacet
   facet normal -0.000000e+00 -1.000000e+00 0.000000e+00
      outer loop
         vertex 2.648312e+01 0.000000e+00 1.122753e+01
         vertex 2.597067e+01 0.000000e+00 1.750000e+01
         vertex 2.644134e+01 0.000000e+00 1.075000e+01
      endloop
   endfacet
   facet normal -0.000000e+00 -1.000000e+00 0.000000e+00
      outer loop
         vertex 2.644134e+01 0.000000e+00 1.075000e+01
         vertex 2.597067e+01 0.000000e+00 1.750000e+01
         vertex 2.597067e+01 0.000000e+00 8.750000e+00
      endloop
   endfacet
   facet normal 0.000000e+00 -1.000000e+00 -0.000000e+00
      outer loop
         vertex 2.644134e+01 0.000000e+00 1.075000e+01
         vertex 2.597067e+01 0.000000e+00 8.750000e+00
         vertex 2.648312e+01 0.000000e+00 1.027247e+01
      endloop
   endfacet
   facet normal 0.000000e+00 -1.000000e+00 -0.000000e+00
      outer loop
         vertex 2.648312e+01 0.000000e+00 1.027247e+01
         vertex 2.597067e+01 0.000000e+00 8.750000e+00
         vertex 2.660719e+01 0.000000e+00 9.809445e+00
      endloop
   endfacet
   facet normal 0.000000e+00 -1.000000e+00 0.000000e+00
      outer loop
         vertex 3.129796e+01 0.000000e+00 1.251767e+01
         vertex 3.157291e+01 0.000000e+00 1.212500e+01
         vertex 3.347067e+01 0.000000e+00 1.750000e+01
      endloop
   endfacet
   facet normal 0.000000e+00 -1.000000e+00 0.000000e+00
      outer loop
         vertex 3.347067e+01 0.000000e+00 1.750000e+01
         vertex 3.157291e+01 0.000000e+00 1.212500e+01
         vertex 3.177550e+01 0.000000e+00 1.169056e+01
      endloop
   endfacet
   facet normal 0.000000e+00 -1.000000e+00 0.000000e+00
      outer loop
         vertex 3.347067e+01 0.000000e+00 1.750000e+01
         vertex 3.177550e+01 0.000000e+00 1.169056e+01
         vertex 3.326696e+01 0.000000e+00 9.907035e+00
      endloop
   endfacet
   facet normal 0.000000e+00 -1.000000e+00 0.000000e+00
      outer loop
         vertex 3.326696e+01 0.000000e+00 9.907035e+00
         vertex 3.177550e+01 0.000000e+00 1.169056e+01
         vertex 3.189956e+01 0.000000e+00 1.122753e+01
      endloop
   endfacet
   facet normal 0.000000e+00 -1.000000e+00 0.000000e+00
      outer loop
         vertex 3.326696e+01 0.000000e+00 9.907035e+00
         vertex 3.189956e+01 0.000000e+00 1.122753e+01
         vertex 3.194134e+01 0.000000e+00 1.075000e+01
      endloop
   endfacet
   facet normal 0.000000e+00 -1.000000e+00 0.000000e+00
      outer loop
         vertex 2.648312e+01 0.000000e+00 1.122753e+01
         vertex 2.660719e+01 0.000000e+00 1.169056e+01
         vertex 2.597067e+01 0.000000e+00 1.750000e+01
      endloop
   endfacet
   facet normal 0.000000e+00 -1.000000e+00 0.000000e+00
      outer loop
         vertex 2.597067e+01 0.000000e+00 1.750000e+01
         vertex 2.660719e+01 0.000000e+00 1.169056e+01
         vertex 2.680977e+01 0.000000e+00 1.212500e+01
      endloop
   endfacet
   facet normal 0.000000e+00 -1.000000e+00 0.000000e+00
      outer loop
         vertex 2.597067e+01 0.000000e+00 1.750000e+01
         vertex 2.680977e+01 0.000000e+00 1.212500e+01
         vertex 2.708472e+01 0.000000e+00 1.251767e+01
      endloop
   endfacet
   facet normal 0.000000e+00 -1.000000e+00 0.000000e+00
      outer loop
         vertex 2.708472e+01 0.000000e+00 1.251767e+01
         vertex 2.742368e+01 0.000000e+00 1.285662e+01
         vertex 2.597067e+01 0.000000e+00 1.750000e+01
      endloop
   endfacet
   facet normal 0.000000e+00 -1.000000e+00 0.000000e+00
      outer loop
         vertex 2.597067e+01 0.000000e+00 1.750000e+01
         vertex 2.742368e+01 0.000000e+00 1.285662e+01
         vertex 2.781634e+01 0.000000e+00 1.313157e+01
      endloop
   endfacet
   facet normal 0.000000e+00 -1.000000e+00 0.000000e+00
      outer loop
         vertex 2.597067e+01 0.000000e+00 1.750000e+01
         vertex 2.781634e+01 0.000000e+00 1.313157e+01
         vertex 2.825079e+01 0.000000e+00 1.333415e+01
      endloop
   endfacet
   facet normal 0.000000e+00 -1.000000e+00 0.000000e+00
      outer loop
         vertex 2.825079e+01 0.000000e+00 1.333415e+01
         vertex 2.871381e+01 0.000000e+00 1.345822e+01
         vertex 2.597067e+01 0.000000e+00 1.750000e+01
      endloop
   endfacet
   facet normal 0.000000e+00 -1.000000e+00 0.000000e+00
      outer loop
         vertex 2.597067e+01 0.000000e+00 1.750000e+01
         vertex 2.871381e+01 0.000000e+00 1.345822e+01
         vertex 2.919134e+01 0.000000e+00 1.350000e+01
      endloop
   endfacet
   facet normal 0.000000e+00 -1.000000e+00 0.000000e+00
      outer loop
         vertex 2.597067e+01 0.000000e+00 1.750000e+01
         vertex 2.919134e+01 0.000000e+00 1.350000e+01
         vertex 3.347067e+01 0.000000e+00 1.750000e+01
      endloop
   endfacet
   facet normal 0.000000e+00 -1.000000e+00 0.000000e+00
      outer loop
         vertex 3.347067e+01 0.000000e+00 1.750000e+01
         vertex 2.919134e+01 0.000000e+00 1.350000e+01
         vertex 2.966888e+01 0.000000e+00 1.345822e+01
      endloop
   endfacet
   facet normal 0.000000e+00 -1.000000e+00 0.000000e+00
      outer loop
         vertex 3.347067e+01 0.000000e+00 1.750000e+01
         vertex 2.966888e+01 0.000000e+00 1.345822e+01
         vertex 3.013190e+01 0.000000e+00 1.333415e+01
      endloop
   endfacet
   facet normal 0.000000e+00 -1.000000e+00 -0.000000e+00
      outer loop
         vertex 3.095901e+01 0.000000e+00 8.643378e+00
         vertex 3.056634e+01 0.000000e+00 8.368431e+00
         vertex 3.195918e+01 0.000000e+00 7.641899e+00
      endloop
   endfacet
   facet normal 0.000000e+00 -1.000000e+00 0.000000e+00
      outer loop
         vertex 3.195918e+01 0.000000e+00 7.641899e+00
         vertex 3.056634e+01 0.000000e+00 8.368431e+00
         vertex 3.013190e+01 0.000000e+00 8.165846e+00
      endloop
   endfacet
   facet normal 0.000000e+00 -1.000000e+00 0.000000e+00
      outer loop
         vertex 3.195918e+01 0.000000e+00 7.641899e+00
         vertex 3.013190e+01 0.000000e+00 8.165846e+00
         vertex 2.966888e+01 0.000000e+00 8.041779e+00
      endloop
   endfacet
   facet normal -0.000000e+00 -1.000000e+00 0.000000e+00
      outer loop
         vertex 2.919134e+01 0.000000e+00 8.000000e+00
         vertex 2.871381e+01 0.000000e+00 8.041779e+00
         vertex 2.597067e+01 0.000000e+00 7.375000e+00
      endloop
   endfacet
   facet normal 0.000000e+00 -1.000000e+00 0.000000e+00
      outer loop
         vertex 2.597067e+01 0.000000e+00 7.375000e+00
         vertex 2.871381e+01 0.000000e+00 8.041779e+00
         vertex 2.825079e+01 0.000000e+00 8.165846e+00
      endloop
   endfacet
   facet normal 0.000000e+00 -1.000000e+00 -0.000000e+00
      outer loop
         vertex 2.966888e+01 0.000000e+00 8.041779e+00
         vertex 2.919134e+01 0.000000e+00 8.000000e+00
         vertex 3.195918e+01 0.000000e+00 7.641899e+00
      endloop
   endfacet
   facet normal -0.000000e+00 -1.000000e+00 0.000000e+00
      outer loop
         vertex 3.195918e+01 0.000000e+00 7.641899e+00
         vertex 2.919134e+01 0.000000e+00 8.000000e+00
         vertex 2.597067e+01 0.000000e+00 7.375000e+00
      endloop
   endfacet
   facet normal 0.000000e+00 -1.000000e+00 0.000000e+00
      outer loop
         vertex 3.195918e+01 0.000000e+00 7.641899e+00
         vertex 2.597067e+01 0.000000e+00 7.375000e+00
         vertex 3.032841e+01 0.000000e+00 5.596977e+00
      endloop
   endfacet
   facet normal -0.000000e+00 -1.000000e+00 0.000000e+00
      outer loop
         vertex 3.032841e+01 0.000000e+00 5.596977e+00
         vertex 2.597067e+01 0.000000e+00 7.375000e+00
         vertex 2.841107e+01 0.000000e+00 3.817949e+00
      endloop
   endfacet
   facet normal 0.000000e+00 -1.000000e+00 0.000000e+00
      outer loop
         vertex 1.844056e+01 0.000000e+00 6.584154e+00
         vertex 1.887500e+01 0.000000e+00 6.381570e+00
         vertex 2.470560e+01 0.000000e+00 7.375000e+00
      endloop
   endfacet
   facet normal 0.000000e+00 -1.000000e+00 0.000000e+00
      outer loop
         vertex 1.844056e+01 0.000000e+00 6.584154e+00
         vertex 2.470560e+01 0.000000e+00 7.375000e+00
         vertex 1.797753e+01 0.000000e+00 6.708222e+00
      endloop
   endfacet
   facet normal 0.000000e+00 -1.000000e+00 0.000000e+00
      outer loop
         vertex 1.797753e+01 0.000000e+00 6.708222e+00
         vertex 2.470560e+01 0.000000e+00 7.375000e+00
         vertex 1.750000e+01 0.000000e+00 7.375000e+00
      endloop
   endfacet
   facet normal 0.000000e+00 -1.000000e+00 0.000000e+00
      outer loop
         vertex 1.797753e+01 0.000000e+00 6.708222e+00
         vertex 1.750000e+01 0.000000e+00 7.375000e+00
         vertex 1.750000e+01 0.000000e+00 6.750000e+00
      endloop
   endfacet
   facet normal 0.000000e+00 -1.000000e+00 0.000000e+00
      outer loop
         vertex 1.887500e+01 0.000000e+00 6.381570e+00
         vertex 1.926767e+01 0.000000e+00 6.106623e+00
         vertex 2.470560e+01 0.000000e+00 7.375000e+00
      endloop
   endfacet
   facet normal 0.000000e+00 -1.000000e+00 0.000000e+00
      outer loop
         vertex 2.470560e+01 0.000000e+00 7.375000e+00
         vertex 1.926767e+01 0.000000e+00 6.106623e+00
         vertex 1.960662e+01 0.000000e+00 5.767666e+00
      endloop
   endfacet
   facet normal 0.000000e+00 -1.000000e+00 0.000000e+00
      outer loop
         vertex 2.470560e+01 0.000000e+00 7.375000e+00
         vertex 1.960662e+01 0.000000e+00 5.767666e+00
         vertex 1.988157e+01 0.000000e+00 5.375000e+00
      endloop
   endfacet
   facet normal -0.000000e+00 -1.000000e+00 0.000000e+00
      outer loop
         vertex 2.139412e+01 0.000000e+00 4.387610e-01
         vertex 1.926767e+01 0.000000e+00 1.893378e+00
         vertex 1.880778e+01 0.000000e+00 4.893355e-02
      endloop
   endfacet
   facet normal 0.000000e+00 -1.000000e+00 0.000000e+00
      outer loop
         vertex 1.880778e+01 0.000000e+00 4.893355e-02
         vertex 1.926767e+01 0.000000e+00 1.893378e+00
         vertex 1.887500e+01 0.000000e+00 1.618430e+00
      endloop
   endfacet
   facet normal 0.000000e+00 -1.000000e+00 0.000000e+00
      outer loop
         vertex 1.988157e+01 0.000000e+00 5.375000e+00
         vertex 2.008415e+01 0.000000e+00 4.940555e+00
         vertex 2.470560e+01 0.000000e+00 7.375000e+00
      endloop
   endfacet
   facet normal 0.000000e+00 -1.000000e+00 0.000000e+00
      outer loop
         vertex 2.470560e+01 0.000000e+00 7.375000e+00
         vertex 2.008415e+01 0.000000e+00 4.940555e+00
         vertex 2.020822e+01 0.000000e+00 4.477533e+00
      endloop
   endfacet
   facet normal 0.000000e+00 -1.000000e+00 0.000000e+00
      outer loop
         vertex 2.470560e+01 0.000000e+00 7.375000e+00
         vertex 2.020822e+01 0.000000e+00 4.477533e+00
         vertex 2.025000e+01 0.000000e+00 4.000000e+00
      endloop
   endfacet
   facet normal 0.000000e+00 -1.000000e+00 -0.000000e+00
      outer loop
         vertex 2.020822e+01 0.000000e+00 3.522468e+00
         vertex 2.008415e+01 0.000000e+00 3.059445e+00
         vertex 2.389347e+01 0.000000e+00 1.209710e+00
      endloop
   endfacet
   facet normal 0.000000e+00 -1.000000e+00 0.000000e+00
      outer loop
         vertex 2.389347e+01 0.000000e+00 1.209710e+00
         vertex 2.008415e+01 0.000000e+00 3.059445e+00
         vertex 1.988157e+01 0.000000e+00 2.625000e+00
      endloop
   endfacet
   facet normal -0.000000e+00 -1.000000e+00 0.000000e+00
      outer loop
         vertex 2.389347e+01 0.000000e+00 1.209710e+00
         vertex 1.988157e+01 0.000000e+00 2.625000e+00
         vertex 2.139412e+01 0.000000e+00 4.387610e-01
      endloop
   endfacet
   facet normal 0.000000e+00 -1.000000e+00 0.000000e+00
      outer loop
         vertex 2.139412e+01 0.000000e+00 4.387610e-01
         vertex 1.988157e+01 0.000000e+00 2.625000e+00
         vertex 1.960662e+01 0.000000e+00 2.232335e+00
      endloop
   endfacet
   facet normal 0.000000e+00 -1.000000e+00 0.000000e+00
      outer loop
         vertex 2.139412e+01 0.000000e+00 4.387610e-01
         vertex 1.960662e+01 0.000000e+00 2.232335e+00
         vertex 1.926767e+01 0.000000e+00 1.893378e+00
      endloop
   endfacet
   facet normal -0.000000e+00 -1.000000e+00 0.000000e+00
      outer loop
         vertex 2.841107e+01 0.000000e+00 3.817949e+00
         vertex 2.597067e+01 0.000000e+00 7.375000e+00
         vertex 2.625000e+01 0.000000e+00 2.344555e+00
      endloop
   endfacet
   facet normal 0.000000e+00 -1.000000e+00 0.000000e+00
      outer loop
         vertex 2.625000e+01 0.000000e+00 2.344555e+00
         vertex 2.597067e+01 0.000000e+00 7.375000e+00
         vertex 2.470560e+01 0.000000e+00 7.375000e+00
      endloop
   endfacet
   facet normal -0.000000e+00 -1.000000e+00 0.000000e+00
      outer loop
         vertex 2.625000e+01 0.000000e+00 2.344555e+00
         vertex 2.470560e+01 0.000000e+00 7.375000e+00
         vertex 2.389347e+01 0.000000e+00 1.209710e+00
      endloop
   endfacet
   facet normal 0.000000e+00 -1.000000e+00 0.000000e+00
      outer loop
         vertex 2.389347e+01 0.000000e+00 1.209710e+00
         vertex 2.470560e+01 0.000000e+00 7.375000e+00
         vertex 2.025000e+01 0.000000e+00 4.000000e+00
      endloop
   endfacet
   facet normal 0.000000e+00 -1.000000e+00 0.000000e+00
      outer loop
         vertex 2.389347e+01 0.000000e+00 1.209710e+00
         vertex 2.025000e+01 0.000000e+00 4.000000e+00
         vertex 2.020822e+01 0.000000e+00 3.522468e+00
      endloop
   endfacet
   facet normal 0.000000e+00 -1.000000e+00 0.000000e+00
      outer loop
         vertex 1.887500e+01 0.000000e+00 1.618430e+00
         vertex 1.844056e+01 0.000000e+00 1.415845e+00
         vertex 1.880778e+01 0.000000e+00 4.893355e-02
      endloop
   endfacet
   facet normal 0.000000e+00 -1.000000e+00 0.000000e+00
      outer loop
         vertex 1.880778e+01 0.000000e+00 4.893355e-02
         vertex 1.844056e+01 0.000000e+00 1.415845e+00
         vertex 1.797753e+01 0.000000e+00 1.291778e+00
      endloop
   endfacet
   facet normal 0.000000e+00 -1.000000e+00 0.000000e+00
      outer loop
         vertex 1.880778e+01 0.000000e+00 4.893355e-02
         vertex 1.797753e+01 0.000000e+00 1.291778e+00
         vertex 1.619222e+01 0.000000e+00 4.893355e-02
      endloop
   endfacet
   facet normal 0.000000e+00 -1.000000e+00 0.000000e+00
      outer loop
         vertex 1.619222e+01 0.000000e+00 4.893355e-02
         vertex 1.797753e+01 0.000000e+00 1.291778e+00
         vertex 1.750000e+01 0.000000e+00 1.250001e+00
      endloop
   endfacet
   facet normal 0.000000e+00 -1.000000e+00 0.000000e+00
      outer loop
         vertex 1.619222e+01 0.000000e+00 4.893355e-02
         vertex 1.750000e+01 0.000000e+00 1.250001e+00
         vertex 1.702247e+01 0.000000e+00 1.291778e+00
      endloop
   endfacet
   facet normal 0.000000e+00 -1.000000e+00 0.000000e+00
      outer loop
         vertex 1.539338e+01 0.000000e+00 5.767666e+00
         vertex 1.573233e+01 0.000000e+00 6.106623e+00
         vertex 1.029440e+01 0.000000e+00 7.375000e+00
      endloop
   endfacet
   facet normal 0.000000e+00 -1.000000e+00 -0.000000e+00
      outer loop
         vertex 1.511843e+01 0.000000e+00 2.625000e+00
         vertex 1.110653e+01 0.000000e+00 1.209710e+00
         vertex 1.539338e+01 0.000000e+00 2.232335e+00
      endloop
   endfacet
   facet normal 0.000000e+00 -1.000000e+00 0.000000e+00
      outer loop
         vertex 1.539338e+01 0.000000e+00 2.232335e+00
         vertex 1.110653e+01 0.000000e+00 1.209710e+00
         vertex 1.360588e+01 0.000000e+00 4.387610e-01
      endloop
   endfacet
   facet normal -0.000000e+00 -1.000000e+00 0.000000e+00
      outer loop
         vertex 1.511843e+01 0.000000e+00 2.625000e+00
         vertex 1.491585e+01 0.000000e+00 3.059445e+00
         vertex 1.110653e+01 0.000000e+00 1.209710e+00
      endloop
   endfacet
   facet normal 0.000000e+00 -1.000000e+00 0.000000e+00
      outer loop
         vertex 1.110653e+01 0.000000e+00 1.209710e+00
         vertex 1.491585e+01 0.000000e+00 3.059445e+00
         vertex 1.479178e+01 0.000000e+00 3.522468e+00
      endloop
   endfacet
   facet normal 0.000000e+00 -1.000000e+00 0.000000e+00
      outer loop
         vertex 1.110653e+01 0.000000e+00 1.209710e+00
         vertex 1.479178e+01 0.000000e+00 3.522468e+00
         vertex 1.029440e+01 0.000000e+00 7.375000e+00
      endloop
   endfacet
   facet normal 0.000000e+00 -1.000000e+00 0.000000e+00
      outer loop
         vertex 1.029440e+01 0.000000e+00 7.375000e+00
         vertex 1.479178e+01 0.000000e+00 3.522468e+00
         vertex 1.475000e+01 0.000000e+00 4.000000e+00
      endloop
   endfacet
   facet normal 0.000000e+00 -1.000000e+00 0.000000e+00
      outer loop
         vertex 1.029440e+01 0.000000e+00 7.375000e+00
         vertex 1.475000e+01 0.000000e+00 4.000000e+00
         vertex 1.479178e+01 0.000000e+00 4.477533e+00
      endloop
   endfacet
   facet normal -0.000000e+00 -1.000000e+00 0.000000e+00
      outer loop
         vertex 1.702247e+01 0.000000e+00 1.291778e+00
         vertex 1.655944e+01 0.000000e+00 1.415845e+00
         vertex 1.619222e+01 0.000000e+00 4.893355e-02
      endloop
   endfacet
   facet normal 0.000000e+00 -1.000000e+00 0.000000e+00
      outer loop
         vertex 1.619222e+01 0.000000e+00 4.893355e-02
         vertex 1.655944e+01 0.000000e+00 1.415845e+00
         vertex 1.612500e+01 0.000000e+00 1.618430e+00
      endloop
   endfacet
   facet normal 0.000000e+00 -1.000000e+00 0.000000e+00
      outer loop
         vertex 1.619222e+01 0.000000e+00 4.893355e-02
         vertex 1.612500e+01 0.000000e+00 1.618430e+00
         vertex 1.360588e+01 0.000000e+00 4.387610e-01
      endloop
   endfacet
   facet normal 0.000000e+00 -1.000000e+00 0.000000e+00
      outer loop
         vertex 1.360588e+01 0.000000e+00 4.387610e-01
         vertex 1.612500e+01 0.000000e+00 1.618430e+00
         vertex 1.573233e+01 0.000000e+00 1.893378e+00
      endloop
   endfacet
   facet normal 0.000000e+00 -1.000000e+00 0.000000e+00
      outer loop
         vertex 1.360588e+01 0.000000e+00 4.387610e-01
         vertex 1.573233e+01 0.000000e+00 1.893378e+00
         vertex 1.539338e+01 0.000000e+00 2.232335e+00
      endloop
   endfacet
   facet normal 0.000000e+00 -1.000000e+00 0.000000e+00
      outer loop
         vertex 1.479178e+01 0.000000e+00 4.477533e+00
         vertex 1.491585e+01 0.000000e+00 4.940555e+00
         vertex 1.029440e+01 0.000000e+00 7.375000e+00
      endloop
   endfacet
   facet normal 0.000000e+00 -1.000000e+00 0.000000e+00
      outer loop
         vertex 1.029440e+01 0.000000e+00 7.375000e+00
         vertex 1.491585e+01 0.000000e+00 4.940555e+00
         vertex 1.511843e+01 0.000000e+00 5.375000e+00
      endloop
   endfacet
   facet normal 0.000000e+00 -1.000000e+00 0.000000e+00
      outer loop
         vertex 1.029440e+01 0.000000e+00 7.375000e+00
         vertex 1.511843e+01 0.000000e+00 5.375000e+00
         vertex 1.539338e+01 0.000000e+00 5.767666e+00
      endloop
   endfacet
   facet normal 0.000000e+00 -1.000000e+00 0.000000e+00
      outer loop
         vertex 1.573233e+01 0.000000e+00 6.106623e+00
         vertex 1.612500e+01 0.000000e+00 6.381570e+00
         vertex 1.029440e+01 0.000000e+00 7.375000e+00
      endloop
   endfacet
   facet normal 0.000000e+00 -1.000000e+00 0.000000e+00
      outer loop
         vertex 1.029440e+01 0.000000e+00 7.375000e+00
         vertex 1.612500e+01 0.000000e+00 6.381570e+00
         vertex 1.655944e+01 0.000000e+00 6.584154e+00
      endloop
   endfacet
   facet normal 0.000000e+00 -1.000000e+00 0.000000e+00
      outer loop
         vertex 1.029440e+01 0.000000e+00 7.375000e+00
         vertex 1.655944e+01 0.000000e+00 6.584154e+00
         vertex 1.750000e+01 0.000000e+00 7.375000e+00
      endloop
   endfacet
   facet normal 0.000000e+00 -1.000000e+00 0.000000e+00
      outer loop
         vertex 1.750000e+01 0.000000e+00 7.375000e+00
         vertex 1.655944e+01 0.000000e+00 6.584154e+00
         vertex 1.702247e+01 0.000000e+00 6.708222e+00
      endloop
   endfacet
   facet normal 0.000000e+00 -1.000000e+00 -0.000000e+00
      outer loop
         vertex 1.750000e+01 0.000000e+00 7.375000e+00
         vertex 1.702247e+01 0.000000e+00 6.708222e+00
         vertex 1.750000e+01 0.000000e+00 6.750000e+00
      endloop
   endfacet
   facet normal -0.000000e+00 -1.000000e+00 0.000000e+00
      outer loop
         vertex 9.029329e+00 0.000000e+00 7.375000e+00
         vertex 3.040821e+00 0.000000e+00 7.641899e+00
         vertex 4.671592e+00 0.000000e+00 5.596977e+00
      endloop
   endfacet
   facet normal 0.000000e+00 -1.000000e+00 0.000000e+00
      outer loop
         vertex 4.671592e+00 0.000000e+00 5.596977e+00
         vertex 6.588928e+00 0.000000e+00 3.817949e+00
         vertex 9.029329e+00 0.000000e+00 7.375000e+00
      endloop
   endfacet
   facet normal 0.000000e+00 -1.000000e+00 0.000000e+00
      outer loop
         vertex 9.029329e+00 0.000000e+00 7.375000e+00
         vertex 6.588928e+00 0.000000e+00 3.817949e+00
         vertex 8.750000e+00 0.000000e+00 2.344555e+00
      endloop
   endfacet
   facet normal 0.000000e+00 -1.000000e+00 -0.000000e+00
      outer loop
         vertex 9.029329e+00 0.000000e+00 7.375000e+00
         vertex 8.750000e+00 0.000000e+00 2.344555e+00
         vertex 1.110653e+01 0.000000e+00 1.209710e+00
      endloop
   endfacet
   facet normal 0.000000e+00 -1.000000e+00 0.000000e+00
      outer loop
         vertex 3.040821e+00 0.000000e+00 7.641899e+00
         vertex 4.868101e+00 0.000000e+00 8.165846e+00
         vertex 4.433657e+00 0.000000e+00 8.368431e+00
      endloop
   endfacet
   facet normal 0.000000e+00 -1.000000e+00 -0.000000e+00
      outer loop
         vertex 7.576323e+00 0.000000e+00 8.643378e+00
         vertex 7.183657e+00 0.000000e+00 8.368431e+00
         vertex 9.029329e+00 0.000000e+00 7.375000e+00
      endloop
   endfacet
   facet normal 0.000000e+00 -1.000000e+00 0.000000e+00
      outer loop
         vertex 9.029329e+00 0.000000e+00 7.375000e+00
         vertex 7.183657e+00 0.000000e+00 8.368431e+00
         vertex 6.749213e+00 0.000000e+00 8.165846e+00
      endloop
   endfacet
   facet normal 0.000000e+00 -1.000000e+00 -0.000000e+00
      outer loop
         vertex 6.749213e+00 0.000000e+00 8.165846e+00
         vertex 6.286190e+00 0.000000e+00 8.041779e+00
         vertex 9.029329e+00 0.000000e+00 7.375000e+00
      endloop
   endfacet
   facet normal 0.000000e+00 -1.000000e+00 0.000000e+00
      outer loop
         vertex 9.029329e+00 0.000000e+00 7.375000e+00
         vertex 6.286190e+00 0.000000e+00 8.041779e+00
         vertex 5.808657e+00 0.000000e+00 8.000000e+00
      endloop
   endfacet
   facet normal 0.000000e+00 -1.000000e+00 0.000000e+00
      outer loop
         vertex 9.029329e+00 0.000000e+00 7.375000e+00
         vertex 5.808657e+00 0.000000e+00 8.000000e+00
         vertex 3.040821e+00 0.000000e+00 7.641899e+00
      endloop
   endfacet
   facet normal 0.000000e+00 -1.000000e+00 0.000000e+00
      outer loop
         vertex 3.040821e+00 0.000000e+00 7.641899e+00
         vertex 5.808657e+00 0.000000e+00 8.000000e+00
         vertex 5.331124e+00 0.000000e+00 8.041779e+00
      endloop
   endfacet
   facet normal 0.000000e+00 -1.000000e+00 0.000000e+00
      outer loop
         vertex 3.040821e+00 0.000000e+00 7.641899e+00
         vertex 5.331124e+00 0.000000e+00 8.041779e+00
         vertex 4.868101e+00 0.000000e+00 8.165846e+00
      endloop
   endfacet
   facet normal 0.000000e+00 -1.000000e+00 -0.000000e+00
      outer loop
         vertex 8.558657e+00 0.000000e+00 1.075000e+01
         vertex 8.516879e+00 0.000000e+00 1.027247e+01
         vertex 9.029329e+00 0.000000e+00 8.750000e+00
      endloop
   endfacet
   facet normal -0.000000e+00 -1.000000e+00 0.000000e+00
      outer loop
         vertex 4.433657e+00 0.000000e+00 8.368431e+00
         vertex 4.040991e+00 0.000000e+00 8.643378e+00
         vertex 3.040821e+00 0.000000e+00 7.641899e+00
      endloop
   endfacet
   facet normal 0.000000e+00 -1.000000e+00 0.000000e+00
      outer loop
         vertex 3.040821e+00 0.000000e+00 7.641899e+00
         vertex 4.040991e+00 0.000000e+00 8.643378e+00
         vertex 3.702035e+00 0.000000e+00 8.982334e+00
      endloop
   endfacet
   facet normal 0.000000e+00 -1.000000e+00 0.000000e+00
      outer loop
         vertex 3.040821e+00 0.000000e+00 7.641899e+00
         vertex 3.702035e+00 0.000000e+00 8.982334e+00
         vertex 1.733044e+00 0.000000e+00 9.907035e+00
      endloop
   endfacet
   facet normal 0.000000e+00 -1.000000e+00 0.000000e+00
      outer loop
         vertex 1.733044e+00 0.000000e+00 9.907035e+00
         vertex 3.702035e+00 0.000000e+00 8.982334e+00
         vertex 3.427087e+00 0.000000e+00 9.375000e+00
      endloop
   endfacet
   facet normal 0.000000e+00 -1.000000e+00 0.000000e+00
      outer loop
         vertex 1.733044e+00 0.000000e+00 9.907035e+00
         vertex 3.427087e+00 0.000000e+00 9.375000e+00
         vertex 3.224502e+00 0.000000e+00 9.809445e+00
      endloop
   endfacet
   facet normal 0.000000e+00 -1.000000e+00 0.000000e+00
      outer loop
         vertex 3.224502e+00 0.000000e+00 9.809445e+00
         vertex 3.100436e+00 0.000000e+00 1.027247e+01
         vertex 1.733044e+00 0.000000e+00 9.907035e+00
      endloop
   endfacet
   facet normal 0.000000e+00 -1.000000e+00 0.000000e+00
      outer loop
         vertex 1.733044e+00 0.000000e+00 9.907035e+00
         vertex 3.100436e+00 0.000000e+00 1.027247e+01
         vertex 3.058657e+00 0.000000e+00 1.075000e+01
      endloop
   endfacet
   facet normal 0.000000e+00 -1.000000e+00 0.000000e+00
      outer loop
         vertex 1.733044e+00 0.000000e+00 9.907035e+00
         vertex 3.058657e+00 0.000000e+00 1.075000e+01
         vertex 7.774755e-01 0.000000e+00 1.234178e+01
      endloop
   endfacet
   facet normal 0.000000e+00 -1.000000e+00 0.000000e+00
      outer loop
         vertex 9.029329e+00 0.000000e+00 1.750000e+01
         vertex 8.516879e+00 0.000000e+00 1.122753e+01
         vertex 8.558657e+00 0.000000e+00 1.075000e+01
      endloop
   endfacet
   facet normal 0.000000e+00 -1.000000e+00 -0.000000e+00
      outer loop
         vertex 8.516879e+00 0.000000e+00 1.027247e+01
         vertex 8.392812e+00 0.000000e+00 9.809445e+00
         vertex 9.029329e+00 0.000000e+00 8.750000e+00
      endloop
   endfacet
   facet normal 0.000000e+00 -1.000000e+00 0.000000e+00
      outer loop
         vertex 9.029329e+00 0.000000e+00 8.750000e+00
         vertex 8.392812e+00 0.000000e+00 9.809445e+00
         vertex 8.190227e+00 0.000000e+00 9.375000e+00
      endloop
   endfacet
   facet normal 0.000000e+00 -1.000000e+00 0.000000e+00
      outer loop
         vertex 9.029329e+00 0.000000e+00 8.750000e+00
         vertex 8.190227e+00 0.000000e+00 9.375000e+00
         vertex 7.915279e+00 0.000000e+00 8.982334e+00
      endloop
   endfacet
   facet normal 0.000000e+00 -1.000000e+00 0.000000e+00
      outer loop
         vertex 3.058657e+00 0.000000e+00 1.075000e+01
         vertex 3.100436e+00 0.000000e+00 1.122753e+01
         vertex 7.774755e-01 0.000000e+00 1.234178e+01
      endloop
   endfacet
   facet normal 0.000000e+00 -1.000000e+00 0.000000e+00
      outer loop
         vertex 7.774755e-01 0.000000e+00 1.234178e+01
         vertex 3.100436e+00 0.000000e+00 1.122753e+01
         vertex 3.224502e+00 0.000000e+00 1.169056e+01
      endloop
   endfacet
   facet normal 0.000000e+00 -1.000000e+00 0.000000e+00
      outer loop
         vertex 7.774755e-01 0.000000e+00 1.234178e+01
         vertex 3.224502e+00 0.000000e+00 1.169056e+01
         vertex 1.954604e-01 0.000000e+00 1.489176e+01
      endloop
   endfacet
   facet normal 0.000000e+00 -1.000000e+00 0.000000e+00
      outer loop
         vertex 6.286190e+00 0.000000e+00 1.345822e+01
         vertex 6.749213e+00 0.000000e+00 1.333415e+01
         vertex 9.029329e+00 0.000000e+00 1.750000e+01
      endloop
   endfacet
   facet normal 0.000000e+00 -1.000000e+00 0.000000e+00
      outer loop
         vertex 6.749213e+00 0.000000e+00 1.333415e+01
         vertex 7.183657e+00 0.000000e+00 1.313157e+01
         vertex 9.029329e+00 0.000000e+00 1.750000e+01
      endloop
   endfacet
   facet normal 0.000000e+00 -1.000000e+00 0.000000e+00
      outer loop
         vertex 9.029329e+00 0.000000e+00 1.750000e+01
         vertex 7.183657e+00 0.000000e+00 1.313157e+01
         vertex 7.576323e+00 0.000000e+00 1.285662e+01
      endloop
   endfacet
   facet normal 0.000000e+00 -1.000000e+00 0.000000e+00
      outer loop
         vertex 9.029329e+00 0.000000e+00 1.750000e+01
         vertex 7.576323e+00 0.000000e+00 1.285662e+01
         vertex 7.915279e+00 0.000000e+00 1.251767e+01
      endloop
   endfacet
   facet normal 0.000000e+00 -1.000000e+00 0.000000e+00
      outer loop
         vertex 4.433657e+00 0.000000e+00 1.313157e+01
         vertex 4.868101e+00 0.000000e+00 1.333415e+01
         vertex 0.000000e+00 0.000000e+00 1.750000e+01
      endloop
   endfacet
   facet normal 0.000000e+00 -1.000000e+00 0.000000e+00
      outer loop
         vertex 0.000000e+00 0.000000e+00 1.750000e+01
         vertex 4.868101e+00 0.000000e+00 1.333415e+01
         vertex 5.331124e+00 0.000000e+00 1.345822e+01
      endloop
   endfacet
   facet normal 0.000000e+00 -1.000000e+00 0.000000e+00
      outer loop
         vertex 0.000000e+00 0.000000e+00 1.750000e+01
         vertex 5.331124e+00 0.000000e+00 1.345822e+01
         vertex 9.029329e+00 0.000000e+00 1.750000e+01
      endloop
   endfacet
   facet normal 0.000000e+00 -1.000000e+00 0.000000e+00
      outer loop
         vertex 9.029329e+00 0.000000e+00 1.750000e+01
         vertex 5.331124e+00 0.000000e+00 1.345822e+01
         vertex 5.808657e+00 0.000000e+00 1.350000e+01
      endloop
   endfacet
   facet normal 0.000000e+00 -1.000000e+00 0.000000e+00
      outer loop
         vertex 9.029329e+00 0.000000e+00 1.750000e+01
         vertex 5.808657e+00 0.000000e+00 1.350000e+01
         vertex 6.286190e+00 0.000000e+00 1.345822e+01
      endloop
   endfacet
   facet normal 0.000000e+00 -1.000000e+00 0.000000e+00
      outer loop
         vertex 7.915279e+00 0.000000e+00 1.251767e+01
         vertex 8.190227e+00 0.000000e+00 1.212500e+01
         vertex 9.029329e+00 0.000000e+00 1.750000e+01
      endloop
   endfacet
   facet normal 0.000000e+00 -1.000000e+00 0.000000e+00
      outer loop
         vertex 9.029329e+00 0.000000e+00 1.750000e+01
         vertex 8.190227e+00 0.000000e+00 1.212500e+01
         vertex 8.392812e+00 0.000000e+00 1.169056e+01
      endloop
   endfacet
   facet normal 0.000000e+00 -1.000000e+00 0.000000e+00
      outer loop
         vertex 9.029329e+00 0.000000e+00 1.750000e+01
         vertex 8.392812e+00 0.000000e+00 1.169056e+01
         vertex 8.516879e+00 0.000000e+00 1.122753e+01
      endloop
   endfacet
   facet normal 0.000000e+00 -1.000000e+00 0.000000e+00
      outer loop
         vertex 3.224502e+00 0.000000e+00 1.169056e+01
         vertex 3.427087e+00 0.000000e+00 1.212500e+01
         vertex 1.954604e-01 0.000000e+00 1.489176e+01
      endloop
   endfacet
   facet normal 0.000000e+00 -1.000000e+00 0.000000e+00
      outer loop
         vertex 1.954604e-01 0.000000e+00 1.489176e+01
         vertex 3.427087e+00 0.000000e+00 1.212500e+01
         vertex 3.702035e+00 0.000000e+00 1.251767e+01
      endloop
   endfacet
   facet normal 0.000000e+00 -1.000000e+00 0.000000e+00
      outer loop
         vertex 1.954604e-01 0.000000e+00 1.489176e+01
         vertex 3.702035e+00 0.000000e+00 1.251767e+01
         vertex 0.000000e+00 0.000000e+00 1.750000e+01
      endloop
   endfacet
   facet normal 0.000000e+00 -1.000000e+00 0.000000e+00
      outer loop
         vertex 0.000000e+00 0.000000e+00 1.750000e+01
         vertex 3.702035e+00 0.000000e+00 1.251767e+01
         vertex 4.040991e+00 0.000000e+00 1.285662e+01
      endloop
   endfacet
   facet normal 0.000000e+00 -1.000000e+00 0.000000e+00
      outer loop
         vertex 0.000000e+00 0.000000e+00 1.750000e+01
         vertex 4.040991e+00 0.000000e+00 1.285662e+01
         vertex 4.433657e+00 0.000000e+00 1.313157e+01
      endloop
   endfacet
   facet normal 0.000000e+00 -1.000000e+00 -0.000000e+00
      outer loop
         vertex 8.558657e+00 0.000000e+00 2.425000e+01
         vertex 8.516879e+00 0.000000e+00 2.377247e+01
         vertex 9.029329e+00 0.000000e+00 1.750000e+01
      endloop
   endfacet
   facet normal 0.000000e+00 -1.000000e+00 0.000000e+00
      outer loop
         vertex 9.029329e+00 0.000000e+00 2.625000e+01
         vertex 7.915279e+00 0.000000e+00 2.601767e+01
         vertex 8.190227e+00 0.000000e+00 2.562500e+01
      endloop
   endfacet
   facet normal 0.000000e+00 -1.000000e+00 0.000000e+00
      outer loop
         vertex 8.190227e+00 0.000000e+00 2.562500e+01
         vertex 8.392812e+00 0.000000e+00 2.519056e+01
         vertex 9.029329e+00 0.000000e+00 2.625000e+01
      endloop
   endfacet
   facet normal 0.000000e+00 -1.000000e+00 0.000000e+00
      outer loop
         vertex 9.029329e+00 0.000000e+00 2.625000e+01
         vertex 8.392812e+00 0.000000e+00 2.519056e+01
         vertex 8.516879e+00 0.000000e+00 2.472753e+01
      endloop
   endfacet
   facet normal 0.000000e+00 -1.000000e+00 0.000000e+00
      outer loop
         vertex 9.029329e+00 0.000000e+00 2.625000e+01
         vertex 8.516879e+00 0.000000e+00 2.472753e+01
         vertex 8.558657e+00 0.000000e+00 2.425000e+01
      endloop
   endfacet
   facet normal 0.000000e+00 -1.000000e+00 0.000000e+00
      outer loop
         vertex 3.100436e+00 0.000000e+00 2.472753e+01
         vertex 3.224502e+00 0.000000e+00 2.519056e+01
         vertex 8.156579e-01 0.000000e+00 2.625000e+01
      endloop
   endfacet
   facet normal 0.000000e+00 -1.000000e+00 0.000000e+00
      outer loop
         vertex 8.156579e-01 0.000000e+00 2.625000e+01
         vertex 3.224502e+00 0.000000e+00 2.519056e+01
         vertex 3.427087e+00 0.000000e+00 2.562500e+01
      endloop
   endfacet
   facet normal -0.000000e+00 -1.000000e+00 0.000000e+00
      outer loop
         vertex 3.427087e+00 0.000000e+00 2.287500e+01
         vertex 3.224502e+00 0.000000e+00 2.330944e+01
         vertex 9.389035e-02 0.000000e+00 1.931034e+01
      endloop
   endfacet
   facet normal 0.000000e+00 -1.000000e+00 0.000000e+00
      outer loop
         vertex 9.389035e-02 0.000000e+00 1.931034e+01
         vertex 3.224502e+00 0.000000e+00 2.330944e+01
         vertex 3.100436e+00 0.000000e+00 2.377247e+01
      endloop
   endfacet
   facet normal 0.000000e+00 -1.000000e+00 0.000000e+00
      outer loop
         vertex 9.389035e-02 0.000000e+00 1.931034e+01
         vertex 3.100436e+00 0.000000e+00 2.377247e+01
         vertex 8.156579e-01 0.000000e+00 2.625000e+01
      endloop
   endfacet
   facet normal 0.000000e+00 -1.000000e+00 0.000000e+00
      outer loop
         vertex 8.156579e-01 0.000000e+00 2.625000e+01
         vertex 3.100436e+00 0.000000e+00 2.377247e+01
         vertex 3.058657e+00 0.000000e+00 2.425000e+01
      endloop
   endfacet
   facet normal 0.000000e+00 -1.000000e+00 0.000000e+00
      outer loop
         vertex 8.156579e-01 0.000000e+00 2.625000e+01
         vertex 3.058657e+00 0.000000e+00 2.425000e+01
         vertex 3.100436e+00 0.000000e+00 2.472753e+01
      endloop
   endfacet
   facet normal 0.000000e+00 -1.000000e+00 -0.000000e+00
      outer loop
         vertex 8.516879e+00 0.000000e+00 2.377247e+01
         vertex 8.392812e+00 0.000000e+00 2.330944e+01
         vertex 9.029329e+00 0.000000e+00 1.750000e+01
      endloop
   endfacet
   facet normal 0.000000e+00 -1.000000e+00 0.000000e+00
      outer loop
         vertex 9.029329e+00 0.000000e+00 1.750000e+01
         vertex 8.392812e+00 0.000000e+00 2.330944e+01
         vertex 8.190227e+00 0.000000e+00 2.287500e+01
      endloop
   endfacet
   facet normal 0.000000e+00 -1.000000e+00 0.000000e+00
      outer loop
         vertex 9.029329e+00 0.000000e+00 1.750000e+01
         vertex 8.190227e+00 0.000000e+00 2.287500e+01
         vertex 7.915279e+00 0.000000e+00 2.248233e+01
      endloop
   endfacet
   facet normal 0.000000e+00 -1.000000e+00 -0.000000e+00
      outer loop
         vertex 7.915279e+00 0.000000e+00 2.248233e+01
         vertex 7.576323e+00 0.000000e+00 2.214338e+01
         vertex 9.029329e+00 0.000000e+00 1.750000e+01
      endloop
   endfacet
   facet normal 0.000000e+00 -1.000000e+00 0.000000e+00
      outer loop
         vertex 9.029329e+00 0.000000e+00 1.750000e+01
         vertex 7.576323e+00 0.000000e+00 2.214338e+01
         vertex 7.183657e+00 0.000000e+00 2.186843e+01
      endloop
   endfacet
   facet normal 0.000000e+00 -1.000000e+00 0.000000e+00
      outer loop
         vertex 9.029329e+00 0.000000e+00 1.750000e+01
         vertex 7.183657e+00 0.000000e+00 2.186843e+01
         vertex 6.749213e+00 0.000000e+00 2.166585e+01
      endloop
   endfacet
   facet normal 0.000000e+00 -1.000000e+00 -0.000000e+00
      outer loop
         vertex 6.749213e+00 0.000000e+00 2.166585e+01
         vertex 6.286190e+00 0.000000e+00 2.154178e+01
         vertex 9.029329e+00 0.000000e+00 1.750000e+01
      endloop
   endfacet
   facet normal 0.000000e+00 -1.000000e+00 0.000000e+00
      outer loop
         vertex 9.029329e+00 0.000000e+00 1.750000e+01
         vertex 6.286190e+00 0.000000e+00 2.154178e+01
         vertex 5.808657e+00 0.000000e+00 2.150000e+01
      endloop
   endfacet
   facet normal -0.000000e+00 -1.000000e+00 0.000000e+00
      outer loop
         vertex 9.029329e+00 0.000000e+00 1.750000e+01
         vertex 5.808657e+00 0.000000e+00 2.150000e+01
         vertex 0.000000e+00 0.000000e+00 1.750000e+01
      endloop
   endfacet
   facet normal 0.000000e+00 -1.000000e+00 0.000000e+00
      outer loop
         vertex 0.000000e+00 0.000000e+00 1.750000e+01
         vertex 5.808657e+00 0.000000e+00 2.150000e+01
         vertex 5.331124e+00 0.000000e+00 2.154178e+01
      endloop
   endfacet
   facet normal 0.000000e+00 -1.000000e+00 0.000000e+00
      outer loop
         vertex 0.000000e+00 0.000000e+00 1.750000e+01
         vertex 5.331124e+00 0.000000e+00 2.154178e+01
         vertex 4.868101e+00 0.000000e+00 2.166585e+01
      endloop
   endfacet
   facet normal -0.000000e+00 -1.000000e+00 0.000000e+00
      outer loop
         vertex 4.868101e+00 0.000000e+00 2.166585e+01
         vertex 4.433657e+00 0.000000e+00 2.186843e+01
         vertex 0.000000e+00 0.000000e+00 1.750000e+01
      endloop
   endfacet
   facet normal 0.000000e+00 -1.000000e+00 0.000000e+00
      outer loop
         vertex 0.000000e+00 0.000000e+00 1.750000e+01
         vertex 4.433657e+00 0.000000e+00 2.186843e+01
         vertex 4.040991e+00 0.000000e+00 2.214338e+01
      endloop
   endfacet
   facet normal 0.000000e+00 -1.000000e+00 0.000000e+00
      outer loop
         vertex 0.000000e+00 0.000000e+00 1.750000e+01
         vertex 4.040991e+00 0.000000e+00 2.214338e+01
         vertex 9.389035e-02 0.000000e+00 1.931034e+01
      endloop
   endfacet
   facet normal 0.000000e+00 -1.000000e+00 0.000000e+00
      outer loop
         vertex 9.389035e-02 0.000000e+00 1.931034e+01
         vertex 4.040991e+00 0.000000e+00 2.214338e+01
         vertex 3.702035e+00 0.000000e+00 2.248233e+01
      endloop
   endfacet
   facet normal 0.000000e+00 -1.000000e+00 0.000000e+00
      outer loop
         vertex 9.389035e-02 0.000000e+00 1.931034e+01
         vertex 3.702035e+00 0.000000e+00 2.248233e+01
         vertex 3.427087e+00 0.000000e+00 2.287500e+01
      endloop
   endfacet
   facet normal 0.000000e+00 -1.000000e+00 0.000000e+00
      outer loop
         vertex 3.427087e+00 0.000000e+00 2.562500e+01
         vertex 3.702035e+00 0.000000e+00 2.601767e+01
         vertex 8.156579e-01 0.000000e+00 2.625000e+01
      endloop
   endfacet
   facet normal 0.000000e+00 -1.000000e+00 0.000000e+00
      outer loop
         vertex 8.156579e-01 0.000000e+00 2.625000e+01
         vertex 3.702035e+00 0.000000e+00 2.601767e+01
         vertex 4.040991e+00 0.000000e+00 2.635662e+01
      endloop
   endfacet
   facet normal 0.000000e+00 -1.000000e+00 0.000000e+00
      outer loop
         vertex 8.156579e-01 0.000000e+00 2.625000e+01
         vertex 4.040991e+00 0.000000e+00 2.635662e+01
         vertex 9.586662e-01 0.000000e+00 2.762500e+01
      endloop
   endfacet
   facet normal 0.000000e+00 -1.000000e+00 0.000000e+00
      outer loop
         vertex 9.586662e-01 0.000000e+00 2.762500e+01
         vertex 4.040991e+00 0.000000e+00 2.635662e+01
         vertex 4.433657e+00 0.000000e+00 2.663157e+01
      endloop
   endfacet
   facet normal 0.000000e+00 -1.000000e+00 0.000000e+00
      outer loop
         vertex 5.808657e+00 0.000000e+00 2.700000e+01
         vertex 6.286190e+00 0.000000e+00 2.695822e+01
         vertex 9.029329e+00 0.000000e+00 2.762500e+01
      endloop
   endfacet
   facet normal 0.000000e+00 -1.000000e+00 0.000000e+00
      outer loop
         vertex 6.286190e+00 0.000000e+00 2.695822e+01
         vertex 6.749213e+00 0.000000e+00 2.683415e+01
         vertex 9.029329e+00 0.000000e+00 2.762500e+01
      endloop
   endfacet
   facet normal 0.000000e+00 -1.000000e+00 0.000000e+00
      outer loop
         vertex 9.029329e+00 0.000000e+00 2.762500e+01
         vertex 6.749213e+00 0.000000e+00 2.683415e+01
         vertex 7.183657e+00 0.000000e+00 2.663157e+01
      endloop
   endfacet
   facet normal 0.000000e+00 -1.000000e+00 -0.000000e+00
      outer loop
         vertex 9.029329e+00 0.000000e+00 2.762500e+01
         vertex 7.183657e+00 0.000000e+00 2.663157e+01
         vertex 9.029329e+00 0.000000e+00 2.625000e+01
      endloop
   endfacet
   facet normal 0.000000e+00 -1.000000e+00 0.000000e+00
      outer loop
         vertex 9.029329e+00 0.000000e+00 2.625000e+01
         vertex 7.183657e+00 0.000000e+00 2.663157e+01
         vertex 7.576323e+00 0.000000e+00 2.635662e+01
      endloop
   endfacet
   facet normal -0.000000e+00 -1.000000e+00 0.000000e+00
      outer loop
         vertex 9.029329e+00 0.000000e+00 2.625000e+01
         vertex 7.576323e+00 0.000000e+00 2.635662e+01
         vertex 7.915279e+00 0.000000e+00 2.601767e+01
      endloop
   endfacet
   facet normal 0.000000e+00 -1.000000e+00 0.000000e+00
      outer loop
         vertex 4.433657e+00 0.000000e+00 2.663157e+01
         vertex 4.868101e+00 0.000000e+00 2.683415e+01
         vertex 9.586662e-01 0.000000e+00 2.762500e+01
      endloop
   endfacet
   facet normal 0.000000e+00 -1.000000e+00 0.000000e+00
      outer loop
         vertex 9.586662e-01 0.000000e+00 2.762500e+01
         vertex 4.868101e+00 0.000000e+00 2.683415e+01
         vertex 5.331124e+00 0.000000e+00 2.695822e+01
      endloop
   endfacet
   facet normal 0.000000e+00 -1.000000e+00 0.000000e+00
      outer loop
         vertex 9.586662e-01 0.000000e+00 2.762500e+01
         vertex 5.331124e+00 0.000000e+00 2.695822e+01
         vertex 5.808657e+00 0.000000e+00 2.700000e+01
      endloop
   endfacet
   facet normal 0.000000e+00 -1.000000e+00 0.000000e+00
      outer loop
         vertex 5.808657e+00 0.000000e+00 2.700000e+01
         vertex 9.029329e+00 0.000000e+00 2.762500e+01
         vertex 9.586662e-01 0.000000e+00 2.762500e+01
      endloop
   endfacet
   facet normal 0.000000e+00 -1.000000e+00 0.000000e+00
      outer loop
         vertex 9.586662e-01 0.000000e+00 2.762500e+01
         vertex 9.029329e+00 0.000000e+00 2.762500e+01
         vertex 9.029329e+00 0.000000e+00 3.504575e+01
      endloop
   endfacet
   facet normal 0.000000e+00 -1.000000e+00 0.000000e+00
      outer loop
         vertex 9.586662e-01 0.000000e+00 2.762500e+01
         vertex 9.029329e+00 0.000000e+00 3.504575e+01
         vertex 1.730472e+00 0.000000e+00 3.504575e+01
      endloop
   endfacet
   facet normal 0.000000e+00 -1.000000e+00 0.000000e+00
      outer loop
         vertex 1.730472e+00 0.000000e+00 3.504575e+01
         vertex 9.029329e+00 0.000000e+00 3.504575e+01
         vertex 9.029329e+00 0.000000e+00 5.267584e+01
      endloop
   endfacet
   facet normal 0.000000e+00 -1.000000e+00 0.000000e+00
      outer loop
         vertex 1.730472e+00 0.000000e+00 3.504575e+01
         vertex 9.029329e+00 0.000000e+00 5.267584e+01
         vertex 3.564112e+00 0.000000e+00 5.267584e+01
      endloop
   endfacet
   facet normal 0.000000e+00 -1.000000e+00 0.000000e+00
      outer loop
         vertex 3.564112e+00 0.000000e+00 5.267584e+01
         vertex 9.029329e+00 0.000000e+00 5.267584e+01
         vertex 9.029329e+00 0.000000e+00 6.255108e+01
      endloop
   endfacet
   facet normal 0.000000e+00 -1.000000e+00 0.000000e+00
      outer loop
         vertex 3.564112e+00 0.000000e+00 5.267584e+01
         vertex 9.029329e+00 0.000000e+00 6.255108e+01
         vertex 4.591199e+00 0.000000e+00 6.255108e+01
      endloop
   endfacet
   facet normal 0.000000e+00 -1.000000e+00 0.000000e+00
      outer loop
         vertex 4.591199e+00 0.000000e+00 6.255108e+01
         vertex 9.029329e+00 0.000000e+00 6.255108e+01
         vertex 9.029329e+00 0.000000e+00 7.205108e+01
      endloop
   endfacet
   facet normal 0.000000e+00 -1.000000e+00 0.000000e+00
      outer loop
         vertex 4.591199e+00 0.000000e+00 6.255108e+01
         vertex 9.029329e+00 0.000000e+00 7.205108e+01
         vertex 5.579258e+00 0.000000e+00 7.205108e+01
      endloop
   endfacet
   facet normal 0.000000e+00 -1.000000e+00 0.000000e+00
      outer loop
         vertex 5.579258e+00 0.000000e+00 7.205108e+01
         vertex 9.029329e+00 0.000000e+00 7.205108e+01
         vertex 9.029329e+00 0.000000e+00 8.205024e+01
      endloop
   endfacet
   facet normal 0.000000e+00 -1.000000e+00 0.000000e+00
      outer loop
         vertex 5.579258e+00 0.000000e+00 7.205108e+01
         vertex 9.029329e+00 0.000000e+00 8.205024e+01
         vertex 6.619235e+00 0.000000e+00 8.205024e+01
      endloop
   endfacet
   facet normal 0.000000e+00 -1.000000e+00 -0.000000e+00
      outer loop
         vertex 8.490526e+00 0.000000e+00 9.433928e+01
         vertex 7.879126e+00 0.000000e+00 9.272741e+01
         vertex 9.029329e+00 0.000000e+00 8.205024e+01
      endloop
   endfacet
   facet normal 0.000000e+00 -1.000000e+00 0.000000e+00
      outer loop
         vertex 9.029329e+00 0.000000e+00 8.205024e+01
         vertex 7.879126e+00 0.000000e+00 9.272741e+01
         vertex 7.553652e+00 0.000000e+00 9.103448e+01
      endloop
   endfacet
   facet normal 0.000000e+00 -1.000000e+00 0.000000e+00
      outer loop
         vertex 9.029329e+00 0.000000e+00 8.205024e+01
         vertex 7.553652e+00 0.000000e+00 9.103448e+01
         vertex 6.619235e+00 0.000000e+00 8.205024e+01
      endloop
   endfacet
   facet normal 0.000000e+00 -1.000000e+00 0.000000e+00
      outer loop
         vertex 8.490526e+00 0.000000e+00 9.433928e+01
         vertex 9.029329e+00 0.000000e+00 8.205024e+01
         vertex 9.369683e+00 0.000000e+00 9.582219e+01
      endloop
   endfacet
   facet normal 0.000000e+00 -1.000000e+00 -0.000000e+00
      outer loop
         vertex 9.369683e+00 0.000000e+00 9.582219e+01
         vertex 9.029329e+00 0.000000e+00 8.205024e+01
         vertex 1.029440e+01 0.000000e+00 8.205024e+01
      endloop
   endfacet
   facet normal 0.000000e+00 -1.000000e+00 0.000000e+00
      outer loop
         vertex 9.369683e+00 0.000000e+00 9.582219e+01
         vertex 1.029440e+01 0.000000e+00 8.205024e+01
         vertex 1.049047e+01 0.000000e+00 9.713207e+01
      endloop
   endfacet
   facet normal 0.000000e+00 -1.000000e+00 0.000000e+00
      outer loop
         vertex 1.750000e+01 0.000000e+00 8.205024e+01
         vertex 1.750000e+01 0.000000e+00 8.335000e+01
         vertex 1.634524e+01 0.000000e+00 8.345103e+01
      endloop
   endfacet
   facet normal 0.000000e+00 -1.000000e+00 0.000000e+00
      outer loop
         vertex 1.029440e+01 0.000000e+00 8.205024e+01
         vertex 1.417500e+01 0.000000e+00 8.424093e+01
         vertex 1.322546e+01 0.000000e+00 8.490581e+01
      endloop
   endfacet
   facet normal 0.000000e+00 -1.000000e+00 0.000000e+00
      outer loop
         vertex 1.750000e+01 0.000000e+00 8.205024e+01
         vertex 1.634524e+01 0.000000e+00 8.345103e+01
         vertex 1.029440e+01 0.000000e+00 8.205024e+01
      endloop
   endfacet
   facet normal 0.000000e+00 -1.000000e+00 0.000000e+00
      outer loop
         vertex 1.029440e+01 0.000000e+00 8.205024e+01
         vertex 1.634524e+01 0.000000e+00 8.345103e+01
         vertex 1.522557e+01 0.000000e+00 8.375105e+01
      endloop
   endfacet
   facet normal 0.000000e+00 -1.000000e+00 0.000000e+00
      outer loop
         vertex 1.029440e+01 0.000000e+00 8.205024e+01
         vertex 1.522557e+01 0.000000e+00 8.375105e+01
         vertex 1.417500e+01 0.000000e+00 8.424093e+01
      endloop
   endfacet
   facet normal 0.000000e+00 -1.000000e+00 0.000000e+00
      outer loop
         vertex 1.125104e+01 0.000000e+00 9.227444e+01
         vertex 1.174093e+01 0.000000e+00 9.332500e+01
         vertex 1.049047e+01 0.000000e+00 9.713207e+01
      endloop
   endfacet
   facet normal 0.000000e+00 -1.000000e+00 0.000000e+00
      outer loop
         vertex 1.174093e+01 0.000000e+00 9.332500e+01
         vertex 1.240580e+01 0.000000e+00 9.427454e+01
         vertex 1.049047e+01 0.000000e+00 9.713207e+01
      endloop
   endfacet
   facet normal 0.000000e+00 -1.000000e+00 0.000000e+00
      outer loop
         vertex 1.049047e+01 0.000000e+00 9.713207e+01
         vertex 1.240580e+01 0.000000e+00 9.427454e+01
         vertex 1.322546e+01 0.000000e+00 9.509420e+01
      endloop
   endfacet
   facet normal 0.000000e+00 -1.000000e+00 0.000000e+00
      outer loop
         vertex 1.049047e+01 0.000000e+00 9.713207e+01
         vertex 1.322546e+01 0.000000e+00 9.509420e+01
         vertex 1.181957e+01 0.000000e+00 9.822999e+01
      endloop
   endfacet
   facet normal 0.000000e+00 -1.000000e+00 0.000000e+00
      outer loop
         vertex 1.181957e+01 0.000000e+00 9.822999e+01
         vertex 1.322546e+01 0.000000e+00 9.509420e+01
         vertex 1.417500e+01 0.000000e+00 9.575907e+01
      endloop
   endfacet
   facet normal 0.000000e+00 -1.000000e+00 0.000000e+00
      outer loop
         vertex 1.181957e+01 0.000000e+00 9.822999e+01
         vertex 1.417500e+01 0.000000e+00 9.575907e+01
         vertex 1.331750e+01 0.000000e+00 9.908331e+01
      endloop
   endfacet
   facet normal 0.000000e+00 -1.000000e+00 0.000000e+00
      outer loop
         vertex 1.331750e+01 0.000000e+00 9.908331e+01
         vertex 1.417500e+01 0.000000e+00 9.575907e+01
         vertex 1.522557e+01 0.000000e+00 9.624896e+01
      endloop
   endfacet
   facet normal 0.000000e+00 -1.000000e+00 0.000000e+00
      outer loop
         vertex 1.331750e+01 0.000000e+00 9.908331e+01
         vertex 1.522557e+01 0.000000e+00 9.624896e+01
         vertex 1.493972e+01 0.000000e+00 9.966669e+01
      endloop
   endfacet
   facet normal 0.000000e+00 -1.000000e+00 0.000000e+00
      outer loop
         vertex 1.493972e+01 0.000000e+00 9.966669e+01
         vertex 1.522557e+01 0.000000e+00 9.624896e+01
         vertex 1.634524e+01 0.000000e+00 9.654897e+01
      endloop
   endfacet
   facet normal 0.000000e+00 -1.000000e+00 0.000000e+00
      outer loop
         vertex 1.493972e+01 0.000000e+00 9.966669e+01
         vertex 1.634524e+01 0.000000e+00 9.654897e+01
         vertex 1.663803e+01 0.000000e+00 9.996278e+01
      endloop
   endfacet
   facet normal 0.000000e+00 -1.000000e+00 -0.000000e+00
      outer loop
         vertex 1.663803e+01 0.000000e+00 9.996278e+01
         vertex 1.634524e+01 0.000000e+00 9.654897e+01
         vertex 1.750000e+01 0.000000e+00 9.665000e+01
      endloop
   endfacet
   facet normal 0.000000e+00 -1.000000e+00 0.000000e+00
      outer loop
         vertex 1.663803e+01 0.000000e+00 9.996278e+01
         vertex 1.750000e+01 0.000000e+00 9.665000e+01
         vertex 1.836197e+01 0.000000e+00 9.996278e+01
      endloop
   endfacet
   facet normal -0.000000e+00 -1.000000e+00 0.000000e+00
      outer loop
         vertex 1.322546e+01 0.000000e+00 8.490581e+01
         vertex 1.240580e+01 0.000000e+00 8.572547e+01
         vertex 1.029440e+01 0.000000e+00 8.205024e+01
      endloop
   endfacet
   facet normal 0.000000e+00 -1.000000e+00 0.000000e+00
      outer loop
         vertex 1.029440e+01 0.000000e+00 8.205024e+01
         vertex 1.240580e+01 0.000000e+00 8.572547e+01
         vertex 1.174093e+01 0.000000e+00 8.667500e+01
      endloop
   endfacet
   facet normal 0.000000e+00 -1.000000e+00 0.000000e+00
      outer loop
         vertex 1.029440e+01 0.000000e+00 8.205024e+01
         vertex 1.174093e+01 0.000000e+00 8.667500e+01
         vertex 1.125104e+01 0.000000e+00 8.772557e+01
      endloop
   endfacet
   facet normal -0.000000e+00 -1.000000e+00 0.000000e+00
      outer loop
         vertex 1.125104e+01 0.000000e+00 8.772557e+01
         vertex 1.095103e+01 0.000000e+00 8.884524e+01
         vertex 1.029440e+01 0.000000e+00 8.205024e+01
      endloop
   endfacet
   facet normal 0.000000e+00 -1.000000e+00 0.000000e+00
      outer loop
         vertex 1.029440e+01 0.000000e+00 8.205024e+01
         vertex 1.095103e+01 0.000000e+00 8.884524e+01
         vertex 1.085000e+01 0.000000e+00 9.000000e+01
      endloop
   endfacet
   facet normal 0.000000e+00 -1.000000e+00 0.000000e+00
      outer loop
         vertex 1.029440e+01 0.000000e+00 8.205024e+01
         vertex 1.085000e+01 0.000000e+00 9.000000e+01
         vertex 1.049047e+01 0.000000e+00 9.713207e+01
      endloop
   endfacet
   facet normal 0.000000e+00 -1.000000e+00 0.000000e+00
      outer loop
         vertex 1.049047e+01 0.000000e+00 9.713207e+01
         vertex 1.085000e+01 0.000000e+00 9.000000e+01
         vertex 1.095103e+01 0.000000e+00 9.115476e+01
      endloop
   endfacet
   facet normal 0.000000e+00 -1.000000e+00 0.000000e+00
      outer loop
         vertex 1.049047e+01 0.000000e+00 9.713207e+01
         vertex 1.095103e+01 0.000000e+00 9.115476e+01
         vertex 1.125104e+01 0.000000e+00 9.227444e+01
      endloop
   endfacet
   facet normal 0.000000e+00 -1.000000e+00 -0.000000e+00
      outer loop
         vertex 2.259420e+01 0.000000e+00 8.572547e+01
         vertex 2.177454e+01 0.000000e+00 8.490581e+01
         vertex 2.470560e+01 0.000000e+00 8.205024e+01
      endloop
   endfacet
   facet normal 0.000000e+00 -1.000000e+00 -0.000000e+00
      outer loop
         vertex 2.177454e+01 0.000000e+00 8.490581e+01
         vertex 2.082500e+01 0.000000e+00 8.424093e+01
         vertex 2.470560e+01 0.000000e+00 8.205024e+01
      endloop
   endfacet
   facet normal 0.000000e+00 -1.000000e+00 0.000000e+00
      outer loop
         vertex 2.470560e+01 0.000000e+00 8.205024e+01
         vertex 2.082500e+01 0.000000e+00 8.424093e+01
         vertex 1.977443e+01 0.000000e+00 8.375105e+01
      endloop
   endfacet
   facet normal 0.000000e+00 -1.000000e+00 0.000000e+00
      outer loop
         vertex 2.470560e+01 0.000000e+00 8.205024e+01
         vertex 1.977443e+01 0.000000e+00 8.375105e+01
         vertex 1.750000e+01 0.000000e+00 8.205024e+01
      endloop
   endfacet
   facet normal 0.000000e+00 -1.000000e+00 0.000000e+00
      outer loop
         vertex 1.750000e+01 0.000000e+00 8.205024e+01
         vertex 1.977443e+01 0.000000e+00 8.375105e+01
         vertex 1.865476e+01 0.000000e+00 8.345103e+01
      endloop
   endfacet
   facet normal 0.000000e+00 -1.000000e+00 0.000000e+00
      outer loop
         vertex 1.750000e+01 0.000000e+00 8.205024e+01
         vertex 1.865476e+01 0.000000e+00 8.345103e+01
         vertex 1.750000e+01 0.000000e+00 8.335000e+01
      endloop
   endfacet
   facet normal 0.000000e+00 -1.000000e+00 -0.000000e+00
      outer loop
         vertex 1.836197e+01 0.000000e+00 9.996278e+01
         vertex 1.750000e+01 0.000000e+00 9.665000e+01
         vertex 2.006028e+01 0.000000e+00 9.966669e+01
      endloop
   endfacet
   facet normal 0.000000e+00 -1.000000e+00 0.000000e+00
      outer loop
         vertex 2.006028e+01 0.000000e+00 9.966669e+01
         vertex 1.750000e+01 0.000000e+00 9.665000e+01
         vertex 1.865476e+01 0.000000e+00 9.654897e+01
      endloop
   endfacet
   facet normal 0.000000e+00 -1.000000e+00 -0.000000e+00
      outer loop
         vertex 2.006028e+01 0.000000e+00 9.966669e+01
         vertex 1.865476e+01 0.000000e+00 9.654897e+01
         vertex 2.168251e+01 0.000000e+00 9.908331e+01
      endloop
   endfacet
   facet normal 0.000000e+00 -1.000000e+00 0.000000e+00
      outer loop
         vertex 2.168251e+01 0.000000e+00 9.908331e+01
         vertex 1.865476e+01 0.000000e+00 9.654897e+01
         vertex 1.977443e+01 0.000000e+00 9.624896e+01
      endloop
   endfacet
   facet normal 0.000000e+00 -1.000000e+00 -0.000000e+00
      outer loop
         vertex 2.168251e+01 0.000000e+00 9.908331e+01
         vertex 1.977443e+01 0.000000e+00 9.624896e+01
         vertex 2.318043e+01 0.000000e+00 9.822999e+01
      endloop
   endfacet
   facet normal 0.000000e+00 -1.000000e+00 0.000000e+00
      outer loop
         vertex 2.318043e+01 0.000000e+00 9.822999e+01
         vertex 1.977443e+01 0.000000e+00 9.624896e+01
         vertex 2.082500e+01 0.000000e+00 9.575907e+01
      endloop
   endfacet
   facet normal 0.000000e+00 -1.000000e+00 -0.000000e+00
      outer loop
         vertex 2.318043e+01 0.000000e+00 9.822999e+01
         vertex 2.082500e+01 0.000000e+00 9.575907e+01
         vertex 2.450953e+01 0.000000e+00 9.713207e+01
      endloop
   endfacet
   facet normal 0.000000e+00 -1.000000e+00 0.000000e+00
      outer loop
         vertex 2.082500e+01 0.000000e+00 9.575907e+01
         vertex 2.177454e+01 0.000000e+00 9.509420e+01
         vertex 2.450953e+01 0.000000e+00 9.713207e+01
      endloop
   endfacet
   facet normal 0.000000e+00 -1.000000e+00 0.000000e+00
      outer loop
         vertex 2.450953e+01 0.000000e+00 9.713207e+01
         vertex 2.177454e+01 0.000000e+00 9.509420e+01
         vertex 2.259420e+01 0.000000e+00 9.427454e+01
      endloop
   endfacet
   facet normal 0.000000e+00 -1.000000e+00 0.000000e+00
      outer loop
         vertex 2.450953e+01 0.000000e+00 9.713207e+01
         vertex 2.259420e+01 0.000000e+00 9.427454e+01
         vertex 2.325907e+01 0.000000e+00 9.332500e+01
      endloop
   endfacet
   facet normal 0.000000e+00 -1.000000e+00 0.000000e+00
      outer loop
         vertex 2.325907e+01 0.000000e+00 9.332500e+01
         vertex 2.374896e+01 0.000000e+00 9.227444e+01
         vertex 2.450953e+01 0.000000e+00 9.713207e+01
      endloop
   endfacet
   facet normal 0.000000e+00 -1.000000e+00 0.000000e+00
      outer loop
         vertex 2.450953e+01 0.000000e+00 9.713207e+01
         vertex 2.374896e+01 0.000000e+00 9.227444e+01
         vertex 2.404897e+01 0.000000e+00 9.115476e+01
      endloop
   endfacet
   facet normal 0.000000e+00 -1.000000e+00 0.000000e+00
      outer loop
         vertex 2.450953e+01 0.000000e+00 9.713207e+01
         vertex 2.404897e+01 0.000000e+00 9.115476e+01
         vertex 2.415000e+01 0.000000e+00 9.000000e+01
      endloop
   endfacet
   facet normal 0.000000e+00 -1.000000e+00 -0.000000e+00
      outer loop
         vertex 2.404897e+01 0.000000e+00 8.884524e+01
         vertex 2.374896e+01 0.000000e+00 8.772557e+01
         vertex 2.470560e+01 0.000000e+00 8.205024e+01
      endloop
   endfacet
   facet normal 0.000000e+00 -1.000000e+00 0.000000e+00
      outer loop
         vertex 2.470560e+01 0.000000e+00 8.205024e+01
         vertex 2.374896e+01 0.000000e+00 8.772557e+01
         vertex 2.325907e+01 0.000000e+00 8.667500e+01
      endloop
   endfacet
   facet normal 0.000000e+00 -1.000000e+00 0.000000e+00
      outer loop
         vertex 2.470560e+01 0.000000e+00 8.205024e+01
         vertex 2.325907e+01 0.000000e+00 8.667500e+01
         vertex 2.259420e+01 0.000000e+00 8.572547e+01
      endloop
   endfacet
   facet normal -0.000000e+00 -1.000000e+00 0.000000e+00
      outer loop
         vertex 2.650947e+01 0.000000e+00 9.433928e+01
         vertex 2.563032e+01 0.000000e+00 9.582219e+01
         vertex 2.597067e+01 0.000000e+00 8.205024e+01
      endloop
   endfacet
   facet normal 0.000000e+00 -1.000000e+00 0.000000e+00
      outer loop
         vertex 2.597067e+01 0.000000e+00 8.205024e+01
         vertex 2.563032e+01 0.000000e+00 9.582219e+01
         vertex 2.450953e+01 0.000000e+00 9.713207e+01
      endloop
   endfacet
   facet normal 0.000000e+00 -1.000000e+00 0.000000e+00
      outer loop
         vertex 2.597067e+01 0.000000e+00 8.205024e+01
         vertex 2.450953e+01 0.000000e+00 9.713207e+01
         vertex 2.470560e+01 0.000000e+00 8.205024e+01
      endloop
   endfacet
   facet normal 0.000000e+00 -1.000000e+00 0.000000e+00
      outer loop
         vertex 2.470560e+01 0.000000e+00 8.205024e+01
         vertex 2.450953e+01 0.000000e+00 9.713207e+01
         vertex 2.415000e+01 0.000000e+00 9.000000e+01
      endloop
   endfacet
   facet normal 0.000000e+00 -1.000000e+00 0.000000e+00
      outer loop
         vertex 2.470560e+01 0.000000e+00 8.205024e+01
         vertex 2.415000e+01 0.000000e+00 9.000000e+01
         vertex 2.404897e+01 0.000000e+00 8.884524e+01
      endloop
   endfacet
   facet normal 0.000000e+00 -1.000000e+00 0.000000e+00
      outer loop
         vertex 1.050851e+01 0.000000e+00 5.393066e+01
         vertex 1.043218e+01 0.000000e+00 5.389058e+01
         vertex 1.029440e+01 0.000000e+00 5.267584e+01
      endloop
   endfacet
   facet normal 0.000000e+00 -1.000000e+00 -0.000000e+00
      outer loop
         vertex 1.050851e+01 0.000000e+00 5.393066e+01
         vertex 1.029440e+01 0.000000e+00 5.267584e+01
         vertex 1.057682e+01 0.000000e+00 5.398324e+01
      endloop
   endfacet
   facet normal 0.000000e+00 -1.000000e+00 0.000000e+00
      outer loop
         vertex 1.009891e+01 0.000000e+00 5.683188e+01
         vertex 1.463802e+01 0.000000e+00 6.159541e+01
         vertex 1.029440e+01 0.000000e+00 6.255108e+01
      endloop
   endfacet
   facet normal 0.000000e+00 -1.000000e+00 0.000000e+00
      outer loop
         vertex 1.029440e+01 0.000000e+00 6.255108e+01
         vertex 1.463802e+01 0.000000e+00 6.159541e+01
         vertex 1.470161e+01 0.000000e+00 6.165168e+01
      endloop
   endfacet
   facet normal 0.000000e+00 -1.000000e+00 0.000000e+00
      outer loop
         vertex 1.029440e+01 0.000000e+00 6.255108e+01
         vertex 1.470161e+01 0.000000e+00 6.165168e+01
         vertex 1.477379e+01 0.000000e+00 6.169639e+01
      endloop
   endfacet
   facet normal 0.000000e+00 -1.000000e+00 -0.000000e+00
      outer loop
         vertex 1.547280e+01 0.000000e+00 5.855715e+01
         vertex 1.543950e+01 0.000000e+00 5.848140e+01
         vertex 1.750000e+01 0.000000e+00 5.267584e+01
      endloop
   endfacet
   facet normal 0.000000e+00 -1.000000e+00 0.000000e+00
      outer loop
         vertex 1.510453e+01 0.000000e+00 6.173944e+01
         vertex 1.518576e+01 0.000000e+00 6.171470e+01
         vertex 1.750000e+01 0.000000e+00 6.255108e+01
      endloop
   endfacet
   facet normal 0.000000e+00 -1.000000e+00 0.000000e+00
      outer loop
         vertex 1.518576e+01 0.000000e+00 6.171470e+01
         vertex 1.526163e+01 0.000000e+00 6.167657e+01
         vertex 1.750000e+01 0.000000e+00 6.255108e+01
      endloop
   endfacet
   facet normal 0.000000e+00 -1.000000e+00 0.000000e+00
      outer loop
         vertex 1.750000e+01 0.000000e+00 6.255108e+01
         vertex 1.526163e+01 0.000000e+00 6.167657e+01
         vertex 1.532995e+01 0.000000e+00 6.162616e+01
      endloop
   endfacet
   facet normal 0.000000e+00 -1.000000e+00 0.000000e+00
      outer loop
         vertex 1.750000e+01 0.000000e+00 6.255108e+01
         vertex 1.532995e+01 0.000000e+00 6.162616e+01
         vertex 1.538876e+01 0.000000e+00 6.156491e+01
      endloop
   endfacet
   facet normal 0.000000e+00 -1.000000e+00 0.000000e+00
      outer loop
         vertex 1.477379e+01 0.000000e+00 6.169639e+01
         vertex 1.485250e+01 0.000000e+00 6.172823e+01
         vertex 1.029440e+01 0.000000e+00 6.255108e+01
      endloop
   endfacet
   facet normal 0.000000e+00 -1.000000e+00 0.000000e+00
      outer loop
         vertex 1.029440e+01 0.000000e+00 6.255108e+01
         vertex 1.485250e+01 0.000000e+00 6.172823e+01
         vertex 1.493547e+01 0.000000e+00 6.174630e+01
      endloop
   endfacet
   facet normal 0.000000e+00 -1.000000e+00 0.000000e+00
      outer loop
         vertex 1.029440e+01 0.000000e+00 6.255108e+01
         vertex 1.493547e+01 0.000000e+00 6.174630e+01
         vertex 1.750000e+01 0.000000e+00 6.255108e+01
      endloop
   endfacet
   facet normal 0.000000e+00 -1.000000e+00 0.000000e+00
      outer loop
         vertex 1.750000e+01 0.000000e+00 6.255108e+01
         vertex 1.493547e+01 0.000000e+00 6.174630e+01
         vertex 1.502029e+01 0.000000e+00 6.175007e+01
      endloop
   endfacet
   facet normal 0.000000e+00 -1.000000e+00 0.000000e+00
      outer loop
         vertex 1.750000e+01 0.000000e+00 6.255108e+01
         vertex 1.502029e+01 0.000000e+00 6.175007e+01
         vertex 1.510453e+01 0.000000e+00 6.173944e+01
      endloop
   endfacet
   facet normal 0.000000e+00 -1.000000e+00 0.000000e+00
      outer loop
         vertex 1.538876e+01 0.000000e+00 6.156491e+01
         vertex 1.543636e+01 0.000000e+00 6.149460e+01
         vertex 1.750000e+01 0.000000e+00 6.255108e+01
      endloop
   endfacet
   facet normal 0.000000e+00 -1.000000e+00 0.000000e+00
      outer loop
         vertex 1.750000e+01 0.000000e+00 6.255108e+01
         vertex 1.543636e+01 0.000000e+00 6.149460e+01
         vertex 1.547137e+01 0.000000e+00 6.141725e+01
      endloop
   endfacet
   facet normal 0.000000e+00 -1.000000e+00 0.000000e+00
      outer loop
         vertex 1.750000e+01 0.000000e+00 6.255108e+01
         vertex 1.547137e+01 0.000000e+00 6.141725e+01
         vertex 1.549279e+01 0.000000e+00 6.133508e+01
      endloop
   endfacet
   facet normal 0.000000e+00 -1.000000e+00 -0.000000e+00
      outer loop
         vertex 1.543950e+01 0.000000e+00 5.848140e+01
         vertex 1.539415e+01 0.000000e+00 5.841218e+01
         vertex 1.750000e+01 0.000000e+00 5.267584e+01
      endloop
   endfacet
   facet normal 0.000000e+00 -1.000000e+00 0.000000e+00
      outer loop
         vertex 1.750000e+01 0.000000e+00 5.267584e+01
         vertex 1.539415e+01 0.000000e+00 5.841218e+01
         vertex 1.533802e+01 0.000000e+00 5.835139e+01
      endloop
   endfacet
   facet normal 0.000000e+00 -1.000000e+00 0.000000e+00
      outer loop
         vertex 1.750000e+01 0.000000e+00 5.267584e+01
         vertex 1.533802e+01 0.000000e+00 5.835139e+01
         vertex 1.057682e+01 0.000000e+00 5.398324e+01
      endloop
   endfacet
   facet normal 0.000000e+00 -1.000000e+00 0.000000e+00
      outer loop
         vertex 1.549279e+01 0.000000e+00 6.133508e+01
         vertex 1.550000e+01 0.000000e+00 6.125048e+01
         vertex 1.750000e+01 0.000000e+00 6.255108e+01
      endloop
   endfacet
   facet normal 0.000000e+00 -1.000000e+00 0.000000e+00
      outer loop
         vertex 1.750000e+01 0.000000e+00 6.255108e+01
         vertex 1.550000e+01 0.000000e+00 6.125048e+01
         vertex 1.550000e+01 0.000000e+00 5.871982e+01
      endloop
   endfacet
   facet normal 0.000000e+00 -1.000000e+00 -0.000000e+00
      outer loop
         vertex 1.750000e+01 0.000000e+00 6.255108e+01
         vertex 1.550000e+01 0.000000e+00 5.871982e+01
         vertex 1.750000e+01 0.000000e+00 5.267584e+01
      endloop
   endfacet
   facet normal 0.000000e+00 -1.000000e+00 0.000000e+00
      outer loop
         vertex 1.750000e+01 0.000000e+00 5.267584e+01
         vertex 1.550000e+01 0.000000e+00 5.871982e+01
         vertex 1.549315e+01 0.000000e+00 5.863736e+01
      endloop
   endfacet
   facet normal 0.000000e+00 -1.000000e+00 0.000000e+00
      outer loop
         vertex 1.750000e+01 0.000000e+00 5.267584e+01
         vertex 1.549315e+01 0.000000e+00 5.863736e+01
         vertex 1.547280e+01 0.000000e+00 5.855715e+01
      endloop
   endfacet
   facet normal -0.000000e+00 -1.000000e+00 0.000000e+00
      outer loop
         vertex 1.017856e+01 0.000000e+00 5.385532e+01
         vertex 1.009420e+01 0.000000e+00 5.387304e+01
         vertex 9.029329e+00 0.000000e+00 5.267584e+01
      endloop
   endfacet
   facet normal -0.000000e+00 -1.000000e+00 0.000000e+00
      outer loop
         vertex 9.753327e+00 0.000000e+00 5.423204e+01
         vertex 9.739992e+00 0.000000e+00 5.431720e+01
         vertex 9.029329e+00 0.000000e+00 5.267584e+01
      endloop
   endfacet
   facet normal 0.000000e+00 -1.000000e+00 0.000000e+00
      outer loop
         vertex 1.043218e+01 0.000000e+00 5.389058e+01
         vertex 1.035010e+01 0.000000e+00 5.386422e+01
         vertex 1.029440e+01 0.000000e+00 5.267584e+01
      endloop
   endfacet
   facet normal 0.000000e+00 -1.000000e+00 0.000000e+00
      outer loop
         vertex 1.029440e+01 0.000000e+00 5.267584e+01
         vertex 1.035010e+01 0.000000e+00 5.386422e+01
         vertex 1.026472e+01 0.000000e+00 5.385235e+01
      endloop
   endfacet
   facet normal 0.000000e+00 -1.000000e+00 0.000000e+00
      outer loop
         vertex 1.029440e+01 0.000000e+00 5.267584e+01
         vertex 1.026472e+01 0.000000e+00 5.385235e+01
         vertex 1.017856e+01 0.000000e+00 5.385532e+01
      endloop
   endfacet
   facet normal -0.000000e+00 -1.000000e+00 0.000000e+00
      outer loop
         vertex 1.009420e+01 0.000000e+00 5.387304e+01
         vertex 1.001413e+01 0.000000e+00 5.390500e+01
         vertex 9.029329e+00 0.000000e+00 5.267584e+01
      endloop
   endfacet
   facet normal 0.000000e+00 -1.000000e+00 0.000000e+00
      outer loop
         vertex 9.029329e+00 0.000000e+00 5.267584e+01
         vertex 1.001413e+01 0.000000e+00 5.390500e+01
         vertex 9.940743e+00 0.000000e+00 5.395023e+01
      endloop
   endfacet
   facet normal 0.000000e+00 -1.000000e+00 0.000000e+00
      outer loop
         vertex 9.029329e+00 0.000000e+00 5.267584e+01
         vertex 9.940743e+00 0.000000e+00 5.395023e+01
         vertex 9.876215e+00 0.000000e+00 5.400739e+01
      endloop
   endfacet
   facet normal -0.000000e+00 -1.000000e+00 0.000000e+00
      outer loop
         vertex 1.009891e+01 0.000000e+00 5.683188e+01
         vertex 1.029440e+01 0.000000e+00 6.255108e+01
         vertex 1.004733e+01 0.000000e+00 5.676798e+01
      endloop
   endfacet
   facet normal 0.000000e+00 -1.000000e+00 0.000000e+00
      outer loop
         vertex 1.004733e+01 0.000000e+00 5.676798e+01
         vertex 1.029440e+01 0.000000e+00 6.255108e+01
         vertex 9.029329e+00 0.000000e+00 6.255108e+01
      endloop
   endfacet
   facet normal -0.000000e+00 -1.000000e+00 0.000000e+00
      outer loop
         vertex 1.004733e+01 0.000000e+00 5.676798e+01
         vertex 9.029329e+00 0.000000e+00 6.255108e+01
         vertex 1.000691e+01 0.000000e+00 5.669650e+01
      endloop
   endfacet
   facet normal -0.000000e+00 -1.000000e+00 0.000000e+00
      outer loop
         vertex 9.876215e+00 0.000000e+00 5.400739e+01
         vertex 9.822466e+00 0.000000e+00 5.407479e+01
         vertex 9.029329e+00 0.000000e+00 5.267584e+01
      endloop
   endfacet
   facet normal 0.000000e+00 -1.000000e+00 0.000000e+00
      outer loop
         vertex 9.029329e+00 0.000000e+00 5.267584e+01
         vertex 9.822466e+00 0.000000e+00 5.407479e+01
         vertex 9.781093e+00 0.000000e+00 5.415042e+01
      endloop
   endfacet
   facet normal 0.000000e+00 -1.000000e+00 0.000000e+00
      outer loop
         vertex 9.029329e+00 0.000000e+00 5.267584e+01
         vertex 9.781093e+00 0.000000e+00 5.415042e+01
         vertex 9.753327e+00 0.000000e+00 5.423204e+01
      endloop
   endfacet
   facet normal -0.000000e+00 -1.000000e+00 0.000000e+00
      outer loop
         vertex 9.739992e+00 0.000000e+00 5.431720e+01
         vertex 9.741485e+00 0.000000e+00 5.440340e+01
         vertex 9.029329e+00 0.000000e+00 5.267584e+01
      endloop
   endfacet
   facet normal 0.000000e+00 -1.000000e+00 0.000000e+00
      outer loop
         vertex 9.029329e+00 0.000000e+00 5.267584e+01
         vertex 9.741485e+00 0.000000e+00 5.440340e+01
         vertex 9.963567e+00 0.000000e+00 5.653868e+01
      endloop
   endfacet
   facet normal 0.000000e+00 -1.000000e+00 0.000000e+00
      outer loop
         vertex 9.029329e+00 0.000000e+00 5.267584e+01
         vertex 9.963567e+00 0.000000e+00 5.653868e+01
         vertex 9.029329e+00 0.000000e+00 6.255108e+01
      endloop
   endfacet
   facet normal 0.000000e+00 -1.000000e+00 0.000000e+00
      outer loop
         vertex 9.029329e+00 0.000000e+00 6.255108e+01
         vertex 9.963567e+00 0.000000e+00 5.653868e+01
         vertex 9.978739e+00 0.000000e+00 5.661938e+01
      endloop
   endfacet
   facet normal 0.000000e+00 -1.000000e+00 0.000000e+00
      outer loop
         vertex 9.029329e+00 0.000000e+00 6.255108e+01
         vertex 9.978739e+00 0.000000e+00 5.661938e+01
         vertex 1.000691e+01 0.000000e+00 5.669650e+01
      endloop
   endfacet
   facet normal 0.000000e+00 -1.000000e+00 0.000000e+00
      outer loop
         vertex 1.981424e+01 0.000000e+00 6.171470e+01
         vertex 1.989547e+01 0.000000e+00 6.173944e+01
         vertex 1.750000e+01 0.000000e+00 6.255108e+01
      endloop
   endfacet
   facet normal 0.000000e+00 -1.000000e+00 0.000000e+00
      outer loop
         vertex 2.470560e+01 0.000000e+00 6.255108e+01
         vertex 2.022621e+01 0.000000e+00 6.169639e+01
         vertex 2.029840e+01 0.000000e+00 6.165168e+01
      endloop
   endfacet
   facet normal 0.000000e+00 -1.000000e+00 0.000000e+00
      outer loop
         vertex 1.950000e+01 0.000000e+00 6.125048e+01
         vertex 1.950721e+01 0.000000e+00 6.133508e+01
         vertex 1.750000e+01 0.000000e+00 6.255108e+01
      endloop
   endfacet
   facet normal 0.000000e+00 -1.000000e+00 0.000000e+00
      outer loop
         vertex 1.950721e+01 0.000000e+00 6.133508e+01
         vertex 1.952863e+01 0.000000e+00 6.141725e+01
         vertex 1.750000e+01 0.000000e+00 6.255108e+01
      endloop
   endfacet
   facet normal 0.000000e+00 -1.000000e+00 0.000000e+00
      outer loop
         vertex 1.750000e+01 0.000000e+00 6.255108e+01
         vertex 1.952863e+01 0.000000e+00 6.141725e+01
         vertex 1.956364e+01 0.000000e+00 6.149460e+01
      endloop
   endfacet
   facet normal 0.000000e+00 -1.000000e+00 0.000000e+00
      outer loop
         vertex 1.750000e+01 0.000000e+00 6.255108e+01
         vertex 1.956364e+01 0.000000e+00 6.149460e+01
         vertex 1.961124e+01 0.000000e+00 6.156491e+01
      endloop
   endfacet
   facet normal 0.000000e+00 -1.000000e+00 0.000000e+00
      outer loop
         vertex 1.961124e+01 0.000000e+00 6.156491e+01
         vertex 1.967005e+01 0.000000e+00 6.162616e+01
         vertex 1.750000e+01 0.000000e+00 6.255108e+01
      endloop
   endfacet
   facet normal 0.000000e+00 -1.000000e+00 0.000000e+00
      outer loop
         vertex 1.750000e+01 0.000000e+00 6.255108e+01
         vertex 1.967005e+01 0.000000e+00 6.162616e+01
         vertex 1.973837e+01 0.000000e+00 6.167657e+01
      endloop
   endfacet
   facet normal 0.000000e+00 -1.000000e+00 0.000000e+00
      outer loop
         vertex 1.750000e+01 0.000000e+00 6.255108e+01
         vertex 1.973837e+01 0.000000e+00 6.167657e+01
         vertex 1.981424e+01 0.000000e+00 6.171470e+01
      endloop
   endfacet
   facet normal 0.000000e+00 -1.000000e+00 0.000000e+00
      outer loop
         vertex 1.989547e+01 0.000000e+00 6.173944e+01
         vertex 1.997971e+01 0.000000e+00 6.175007e+01
         vertex 1.750000e+01 0.000000e+00 6.255108e+01
      endloop
   endfacet
   facet normal 0.000000e+00 -1.000000e+00 0.000000e+00
      outer loop
         vertex 1.750000e+01 0.000000e+00 6.255108e+01
         vertex 1.997971e+01 0.000000e+00 6.175007e+01
         vertex 2.006453e+01 0.000000e+00 6.174630e+01
      endloop
   endfacet
   facet normal 0.000000e+00 -1.000000e+00 0.000000e+00
      outer loop
         vertex 1.750000e+01 0.000000e+00 6.255108e+01
         vertex 2.006453e+01 0.000000e+00 6.174630e+01
         vertex 2.470560e+01 0.000000e+00 6.255108e+01
      endloop
   endfacet
   facet normal 0.000000e+00 -1.000000e+00 0.000000e+00
      outer loop
         vertex 2.470560e+01 0.000000e+00 6.255108e+01
         vertex 2.006453e+01 0.000000e+00 6.174630e+01
         vertex 2.014750e+01 0.000000e+00 6.172823e+01
      endloop
   endfacet
   facet normal 0.000000e+00 -1.000000e+00 0.000000e+00
      outer loop
         vertex 2.470560e+01 0.000000e+00 6.255108e+01
         vertex 2.014750e+01 0.000000e+00 6.172823e+01
         vertex 2.022621e+01 0.000000e+00 6.169639e+01
      endloop
   endfacet
   facet normal -0.000000e+00 -1.000000e+00 -0.000000e+00
      outer loop
         vertex 2.464990e+01 0.000000e+00 5.386422e+01
         vertex 2.456782e+01 0.000000e+00 5.389058e+01
         vertex 2.470560e+01 0.000000e+00 5.267584e+01
      endloop
   endfacet
   facet normal 0.000000e+00 -1.000000e+00 0.000000e+00
      outer loop
         vertex 2.470560e+01 0.000000e+00 5.267584e+01
         vertex 2.456782e+01 0.000000e+00 5.389058e+01
         vertex 2.449149e+01 0.000000e+00 5.393066e+01
      endloop
   endfacet
   facet normal 0.000000e+00 -1.000000e+00 0.000000e+00
      outer loop
         vertex 2.470560e+01 0.000000e+00 5.267584e+01
         vertex 2.449149e+01 0.000000e+00 5.393066e+01
         vertex 1.750000e+01 0.000000e+00 5.267584e+01
      endloop
   endfacet
   facet normal 0.000000e+00 -1.000000e+00 0.000000e+00
      outer loop
         vertex 1.750000e+01 0.000000e+00 5.267584e+01
         vertex 2.449149e+01 0.000000e+00 5.393066e+01
         vertex 2.442318e+01 0.000000e+00 5.398324e+01
      endloop
   endfacet
   facet normal -0.000000e+00 -1.000000e+00 0.000000e+00
      outer loop
         vertex 2.442318e+01 0.000000e+00 5.398324e+01
         vertex 1.966198e+01 0.000000e+00 5.835139e+01
         vertex 1.750000e+01 0.000000e+00 5.267584e+01
      endloop
   endfacet
   facet normal 0.000000e+00 -1.000000e+00 0.000000e+00
      outer loop
         vertex 1.750000e+01 0.000000e+00 5.267584e+01
         vertex 1.966198e+01 0.000000e+00 5.835139e+01
         vertex 1.960585e+01 0.000000e+00 5.841218e+01
      endloop
   endfacet
   facet normal 0.000000e+00 -1.000000e+00 0.000000e+00
      outer loop
         vertex 1.750000e+01 0.000000e+00 5.267584e+01
         vertex 1.960585e+01 0.000000e+00 5.841218e+01
         vertex 1.956050e+01 0.000000e+00 5.848140e+01
      endloop
   endfacet
   facet normal -0.000000e+00 -1.000000e+00 0.000000e+00
      outer loop
         vertex 1.956050e+01 0.000000e+00 5.848140e+01
         vertex 1.952720e+01 0.000000e+00 5.855715e+01
         vertex 1.750000e+01 0.000000e+00 5.267584e+01
      endloop
   endfacet
   facet normal 0.000000e+00 -1.000000e+00 0.000000e+00
      outer loop
         vertex 1.750000e+01 0.000000e+00 5.267584e+01
         vertex 1.952720e+01 0.000000e+00 5.855715e+01
         vertex 1.950685e+01 0.000000e+00 5.863736e+01
      endloop
   endfacet
   facet normal 0.000000e+00 -1.000000e+00 0.000000e+00
      outer loop
         vertex 1.750000e+01 0.000000e+00 5.267584e+01
         vertex 1.950685e+01 0.000000e+00 5.863736e+01
         vertex 1.750000e+01 0.000000e+00 6.255108e+01
      endloop
   endfacet
   facet normal 0.000000e+00 -1.000000e+00 0.000000e+00
      outer loop
         vertex 1.750000e+01 0.000000e+00 6.255108e+01
         vertex 1.950685e+01 0.000000e+00 5.863736e+01
         vertex 1.950000e+01 0.000000e+00 5.871982e+01
      endloop
   endfacet
   facet normal 0.000000e+00 -1.000000e+00 0.000000e+00
      outer loop
         vertex 1.750000e+01 0.000000e+00 6.255108e+01
         vertex 1.950000e+01 0.000000e+00 5.871982e+01
         vertex 1.950000e+01 0.000000e+00 6.125048e+01
      endloop
   endfacet
   facet normal 0.000000e+00 -1.000000e+00 0.000000e+00
      outer loop
         vertex 2.490580e+01 0.000000e+00 5.387304e+01
         vertex 2.482144e+01 0.000000e+00 5.385532e+01
         vertex 2.470560e+01 0.000000e+00 5.267584e+01
      endloop
   endfacet
   facet normal 0.000000e+00 -1.000000e+00 0.000000e+00
      outer loop
         vertex 2.470560e+01 0.000000e+00 5.267584e+01
         vertex 2.482144e+01 0.000000e+00 5.385532e+01
         vertex 2.473528e+01 0.000000e+00 5.385235e+01
      endloop
   endfacet
   facet normal 0.000000e+00 -1.000000e+00 0.000000e+00
      outer loop
         vertex 2.470560e+01 0.000000e+00 5.267584e+01
         vertex 2.473528e+01 0.000000e+00 5.385235e+01
         vertex 2.464990e+01 0.000000e+00 5.386422e+01
      endloop
   endfacet
   facet normal 0.000000e+00 -1.000000e+00 0.000000e+00
      outer loop
         vertex 2.597067e+01 0.000000e+00 5.267584e+01
         vertex 2.526001e+01 0.000000e+00 5.431720e+01
         vertex 2.524667e+01 0.000000e+00 5.423204e+01
      endloop
   endfacet
   facet normal 0.000000e+00 -1.000000e+00 -0.000000e+00
      outer loop
         vertex 2.524667e+01 0.000000e+00 5.423204e+01
         vertex 2.521891e+01 0.000000e+00 5.415042e+01
         vertex 2.597067e+01 0.000000e+00 5.267584e+01
      endloop
   endfacet
   facet normal 0.000000e+00 -1.000000e+00 0.000000e+00
      outer loop
         vertex 2.597067e+01 0.000000e+00 5.267584e+01
         vertex 2.521891e+01 0.000000e+00 5.415042e+01
         vertex 2.517753e+01 0.000000e+00 5.407479e+01
      endloop
   endfacet
   facet normal 0.000000e+00 -1.000000e+00 0.000000e+00
      outer loop
         vertex 2.597067e+01 0.000000e+00 5.267584e+01
         vertex 2.517753e+01 0.000000e+00 5.407479e+01
         vertex 2.512378e+01 0.000000e+00 5.400739e+01
      endloop
   endfacet
   facet normal 0.000000e+00 -1.000000e+00 -0.000000e+00
      outer loop
         vertex 2.512378e+01 0.000000e+00 5.400739e+01
         vertex 2.505926e+01 0.000000e+00 5.395023e+01
         vertex 2.597067e+01 0.000000e+00 5.267584e+01
      endloop
   endfacet
   facet normal 0.000000e+00 -1.000000e+00 0.000000e+00
      outer loop
         vertex 2.597067e+01 0.000000e+00 5.267584e+01
         vertex 2.505926e+01 0.000000e+00 5.395023e+01
         vertex 2.498587e+01 0.000000e+00 5.390500e+01
      endloop
   endfacet
   facet normal 0.000000e+00 -1.000000e+00 0.000000e+00
      outer loop
         vertex 2.597067e+01 0.000000e+00 5.267584e+01
         vertex 2.498587e+01 0.000000e+00 5.390500e+01
         vertex 2.490580e+01 0.000000e+00 5.387304e+01
      endloop
   endfacet
   facet normal 0.000000e+00 -1.000000e+00 0.000000e+00
      outer loop
         vertex 2.029840e+01 0.000000e+00 6.165168e+01
         vertex 2.036198e+01 0.000000e+00 6.159541e+01
         vertex 2.470560e+01 0.000000e+00 6.255108e+01
      endloop
   endfacet
   facet normal 0.000000e+00 -1.000000e+00 -0.000000e+00
      outer loop
         vertex 2.470560e+01 0.000000e+00 6.255108e+01
         vertex 2.036198e+01 0.000000e+00 6.159541e+01
         vertex 2.490109e+01 0.000000e+00 5.683188e+01
      endloop
   endfacet
   facet normal 0.000000e+00 -1.000000e+00 0.000000e+00
      outer loop
         vertex 2.470560e+01 0.000000e+00 6.255108e+01
         vertex 2.490109e+01 0.000000e+00 5.683188e+01
         vertex 2.597067e+01 0.000000e+00 6.255108e+01
      endloop
   endfacet
   facet normal 0.000000e+00 -1.000000e+00 0.000000e+00
      outer loop
         vertex 2.597067e+01 0.000000e+00 6.255108e+01
         vertex 2.490109e+01 0.000000e+00 5.683188e+01
         vertex 2.495267e+01 0.000000e+00 5.676798e+01
      endloop
   endfacet
   facet normal 0.000000e+00 -1.000000e+00 0.000000e+00
      outer loop
         vertex 2.597067e+01 0.000000e+00 6.255108e+01
         vertex 2.495267e+01 0.000000e+00 5.676798e+01
         vertex 2.499309e+01 0.000000e+00 5.669650e+01
      endloop
   endfacet
   facet normal 0.000000e+00 -1.000000e+00 0.000000e+00
      outer loop
         vertex 2.499309e+01 0.000000e+00 5.669650e+01
         vertex 2.502126e+01 0.000000e+00 5.661938e+01
         vertex 2.597067e+01 0.000000e+00 6.255108e+01
      endloop
   endfacet
   facet normal 0.000000e+00 -1.000000e+00 0.000000e+00
      outer loop
         vertex 2.597067e+01 0.000000e+00 6.255108e+01
         vertex 2.502126e+01 0.000000e+00 5.661938e+01
         vertex 2.503643e+01 0.000000e+00 5.653868e+01
      endloop
   endfacet
   facet normal 0.000000e+00 -1.000000e+00 -0.000000e+00
      outer loop
         vertex 2.597067e+01 0.000000e+00 6.255108e+01
         vertex 2.503643e+01 0.000000e+00 5.653868e+01
         vertex 2.597067e+01 0.000000e+00 5.267584e+01
      endloop
   endfacet
   facet normal 0.000000e+00 -1.000000e+00 0.000000e+00
      outer loop
         vertex 2.597067e+01 0.000000e+00 5.267584e+01
         vertex 2.503643e+01 0.000000e+00 5.653868e+01
         vertex 2.525852e+01 0.000000e+00 5.440340e+01
      endloop
   endfacet
   facet normal 0.000000e+00 -1.000000e+00 0.000000e+00
      outer loop
         vertex 2.597067e+01 0.000000e+00 5.267584e+01
         vertex 2.525852e+01 0.000000e+00 5.440340e+01
         vertex 2.526001e+01 0.000000e+00 5.431720e+01
      endloop
   endfacet
   facet normal 0.000000e+00 -1.000000e+00 0.000000e+00
      outer loop
         vertex 1.026472e+01 0.000000e+00 6.335235e+01
         vertex 1.029440e+01 0.000000e+00 6.255108e+01
         vertex 1.035010e+01 0.000000e+00 6.336422e+01
      endloop
   endfacet
   facet normal 0.000000e+00 -1.000000e+00 -0.000000e+00
      outer loop
         vertex 1.035010e+01 0.000000e+00 6.336422e+01
         vertex 1.029440e+01 0.000000e+00 6.255108e+01
         vertex 1.043218e+01 0.000000e+00 6.339058e+01
      endloop
   endfacet
   facet normal 0.000000e+00 -1.000000e+00 0.000000e+00
      outer loop
         vertex 1.009891e+01 0.000000e+00 6.633188e+01
         vertex 1.463802e+01 0.000000e+00 7.109541e+01
         vertex 1.029440e+01 0.000000e+00 7.205108e+01
      endloop
   endfacet
   facet normal 0.000000e+00 -1.000000e+00 0.000000e+00
      outer loop
         vertex 1.029440e+01 0.000000e+00 7.205108e+01
         vertex 1.463802e+01 0.000000e+00 7.109541e+01
         vertex 1.470161e+01 0.000000e+00 7.115168e+01
      endloop
   endfacet
   facet normal 0.000000e+00 -1.000000e+00 0.000000e+00
      outer loop
         vertex 1.029440e+01 0.000000e+00 7.205108e+01
         vertex 1.470161e+01 0.000000e+00 7.115168e+01
         vertex 1.477379e+01 0.000000e+00 7.119639e+01
      endloop
   endfacet
   facet normal 0.000000e+00 -1.000000e+00 0.000000e+00
      outer loop
         vertex 1.510453e+01 0.000000e+00 7.123943e+01
         vertex 1.518576e+01 0.000000e+00 7.121470e+01
         vertex 1.750000e+01 0.000000e+00 7.205108e+01
      endloop
   endfacet
   facet normal 0.000000e+00 -1.000000e+00 -0.000000e+00
      outer loop
         vertex 1.547280e+01 0.000000e+00 6.805716e+01
         vertex 1.543950e+01 0.000000e+00 6.798141e+01
         vertex 1.750000e+01 0.000000e+00 6.255108e+01
      endloop
   endfacet
   facet normal 0.000000e+00 -1.000000e+00 0.000000e+00
      outer loop
         vertex 1.750000e+01 0.000000e+00 6.255108e+01
         vertex 1.543950e+01 0.000000e+00 6.798141e+01
         vertex 1.539415e+01 0.000000e+00 6.791219e+01
      endloop
   endfacet
   facet normal 0.000000e+00 -1.000000e+00 0.000000e+00
      outer loop
         vertex 1.518576e+01 0.000000e+00 7.121470e+01
         vertex 1.526163e+01 0.000000e+00 7.117657e+01
         vertex 1.750000e+01 0.000000e+00 7.205108e+01
      endloop
   endfacet
   facet normal 0.000000e+00 -1.000000e+00 0.000000e+00
      outer loop
         vertex 1.750000e+01 0.000000e+00 7.205108e+01
         vertex 1.526163e+01 0.000000e+00 7.117657e+01
         vertex 1.532995e+01 0.000000e+00 7.112616e+01
      endloop
   endfacet
   facet normal 0.000000e+00 -1.000000e+00 0.000000e+00
      outer loop
         vertex 1.750000e+01 0.000000e+00 7.205108e+01
         vertex 1.532995e+01 0.000000e+00 7.112616e+01
         vertex 1.538876e+01 0.000000e+00 7.106491e+01
      endloop
   endfacet
   facet normal 0.000000e+00 -1.000000e+00 0.000000e+00
      outer loop
         vertex 1.477379e+01 0.000000e+00 7.119639e+01
         vertex 1.485250e+01 0.000000e+00 7.122823e+01
         vertex 1.029440e+01 0.000000e+00 7.205108e+01
      endloop
   endfacet
   facet normal 0.000000e+00 -1.000000e+00 0.000000e+00
      outer loop
         vertex 1.029440e+01 0.000000e+00 7.205108e+01
         vertex 1.485250e+01 0.000000e+00 7.122823e+01
         vertex 1.493547e+01 0.000000e+00 7.124630e+01
      endloop
   endfacet
   facet normal 0.000000e+00 -1.000000e+00 0.000000e+00
      outer loop
         vertex 1.029440e+01 0.000000e+00 7.205108e+01
         vertex 1.493547e+01 0.000000e+00 7.124630e+01
         vertex 1.750000e+01 0.000000e+00 7.205108e+01
      endloop
   endfacet
   facet normal 0.000000e+00 -1.000000e+00 0.000000e+00
      outer loop
         vertex 1.750000e+01 0.000000e+00 7.205108e+01
         vertex 1.493547e+01 0.000000e+00 7.124630e+01
         vertex 1.502029e+01 0.000000e+00 7.125007e+01
      endloop
   endfacet
   facet normal 0.000000e+00 -1.000000e+00 0.000000e+00
      outer loop
         vertex 1.750000e+01 0.000000e+00 7.205108e+01
         vertex 1.502029e+01 0.000000e+00 7.125007e+01
         vertex 1.510453e+01 0.000000e+00 7.123943e+01
      endloop
   endfacet
   facet normal 0.000000e+00 -1.000000e+00 0.000000e+00
      outer loop
         vertex 1.538876e+01 0.000000e+00 7.106491e+01
         vertex 1.543636e+01 0.000000e+00 7.099460e+01
         vertex 1.750000e+01 0.000000e+00 7.205108e+01
      endloop
   endfacet
   facet normal 0.000000e+00 -1.000000e+00 0.000000e+00
      outer loop
         vertex 1.750000e+01 0.000000e+00 7.205108e+01
         vertex 1.543636e+01 0.000000e+00 7.099460e+01
         vertex 1.547137e+01 0.000000e+00 7.091725e+01
      endloop
   endfacet
   facet normal 0.000000e+00 -1.000000e+00 0.000000e+00
      outer loop
         vertex 1.750000e+01 0.000000e+00 7.205108e+01
         vertex 1.547137e+01 0.000000e+00 7.091725e+01
         vertex 1.549279e+01 0.000000e+00 7.083509e+01
      endloop
   endfacet
   facet normal 0.000000e+00 -1.000000e+00 -0.000000e+00
      outer loop
         vertex 1.539415e+01 0.000000e+00 6.791219e+01
         vertex 1.533802e+01 0.000000e+00 6.785139e+01
         vertex 1.750000e+01 0.000000e+00 6.255108e+01
      endloop
   endfacet
   facet normal 0.000000e+00 -1.000000e+00 0.000000e+00
      outer loop
         vertex 1.750000e+01 0.000000e+00 6.255108e+01
         vertex 1.533802e+01 0.000000e+00 6.785139e+01
         vertex 1.057682e+01 0.000000e+00 6.348324e+01
      endloop
   endfacet
   facet normal 0.000000e+00 -1.000000e+00 0.000000e+00
      outer loop
         vertex 1.750000e+01 0.000000e+00 6.255108e+01
         vertex 1.057682e+01 0.000000e+00 6.348324e+01
         vertex 1.029440e+01 0.000000e+00 6.255108e+01
      endloop
   endfacet
   facet normal 0.000000e+00 -1.000000e+00 0.000000e+00
      outer loop
         vertex 1.029440e+01 0.000000e+00 6.255108e+01
         vertex 1.057682e+01 0.000000e+00 6.348324e+01
         vertex 1.050851e+01 0.000000e+00 6.343066e+01
      endloop
   endfacet
   facet normal 0.000000e+00 -1.000000e+00 0.000000e+00
      outer loop
         vertex 1.029440e+01 0.000000e+00 6.255108e+01
         vertex 1.050851e+01 0.000000e+00 6.343066e+01
         vertex 1.043218e+01 0.000000e+00 6.339058e+01
      endloop
   endfacet
   facet normal 0.000000e+00 -1.000000e+00 0.000000e+00
      outer loop
         vertex 1.549279e+01 0.000000e+00 7.083509e+01
         vertex 1.550000e+01 0.000000e+00 7.075048e+01
         vertex 1.750000e+01 0.000000e+00 7.205108e+01
      endloop
   endfacet
   facet normal 0.000000e+00 -1.000000e+00 0.000000e+00
      outer loop
         vertex 1.750000e+01 0.000000e+00 7.205108e+01
         vertex 1.550000e+01 0.000000e+00 7.075048e+01
         vertex 1.550000e+01 0.000000e+00 6.821982e+01
      endloop
   endfacet
   facet normal 0.000000e+00 -1.000000e+00 -0.000000e+00
      outer loop
         vertex 1.750000e+01 0.000000e+00 7.205108e+01
         vertex 1.550000e+01 0.000000e+00 6.821982e+01
         vertex 1.750000e+01 0.000000e+00 6.255108e+01
      endloop
   endfacet
   facet normal 0.000000e+00 -1.000000e+00 0.000000e+00
      outer loop
         vertex 1.750000e+01 0.000000e+00 6.255108e+01
         vertex 1.550000e+01 0.000000e+00 6.821982e+01
         vertex 1.549315e+01 0.000000e+00 6.813736e+01
      endloop
   endfacet
   facet normal 0.000000e+00 -1.000000e+00 0.000000e+00
      outer loop
         vertex 1.750000e+01 0.000000e+00 6.255108e+01
         vertex 1.549315e+01 0.000000e+00 6.813736e+01
         vertex 1.547280e+01 0.000000e+00 6.805716e+01
      endloop
   endfacet
   facet normal 0.000000e+00 -1.000000e+00 -0.000000e+00
      outer loop
         vertex 9.739992e+00 0.000000e+00 6.381720e+01
         vertex 9.029329e+00 0.000000e+00 6.255108e+01
         vertex 9.753327e+00 0.000000e+00 6.373204e+01
      endloop
   endfacet
   facet normal 0.000000e+00 -1.000000e+00 -0.000000e+00
      outer loop
         vertex 9.753327e+00 0.000000e+00 6.373204e+01
         vertex 9.029329e+00 0.000000e+00 6.255108e+01
         vertex 9.781093e+00 0.000000e+00 6.365042e+01
      endloop
   endfacet
   facet normal -0.000000e+00 -1.000000e+00 0.000000e+00
      outer loop
         vertex 1.009891e+01 0.000000e+00 6.633188e+01
         vertex 1.029440e+01 0.000000e+00 7.205108e+01
         vertex 1.004733e+01 0.000000e+00 6.626798e+01
      endloop
   endfacet
   facet normal 0.000000e+00 -1.000000e+00 0.000000e+00
      outer loop
         vertex 1.004733e+01 0.000000e+00 6.626798e+01
         vertex 1.029440e+01 0.000000e+00 7.205108e+01
         vertex 9.029329e+00 0.000000e+00 7.205108e+01
      endloop
   endfacet
   facet normal -0.000000e+00 -1.000000e+00 0.000000e+00
      outer loop
         vertex 1.004733e+01 0.000000e+00 6.626798e+01
         vertex 9.029329e+00 0.000000e+00 7.205108e+01
         vertex 1.000691e+01 0.000000e+00 6.619650e+01
      endloop
   endfacet
   facet normal -0.000000e+00 -1.000000e+00 -0.000000e+00
      outer loop
         vertex 1.026472e+01 0.000000e+00 6.335235e+01
         vertex 1.017856e+01 0.000000e+00 6.335532e+01
         vertex 1.029440e+01 0.000000e+00 6.255108e+01
      endloop
   endfacet
   facet normal 0.000000e+00 -1.000000e+00 0.000000e+00
      outer loop
         vertex 1.029440e+01 0.000000e+00 6.255108e+01
         vertex 1.017856e+01 0.000000e+00 6.335532e+01
         vertex 1.009420e+01 0.000000e+00 6.337304e+01
      endloop
   endfacet
   facet normal 0.000000e+00 -1.000000e+00 0.000000e+00
      outer loop
         vertex 1.029440e+01 0.000000e+00 6.255108e+01
         vertex 1.009420e+01 0.000000e+00 6.337304e+01
         vertex 9.029329e+00 0.000000e+00 6.255108e+01
      endloop
   endfacet
   facet normal 0.000000e+00 -1.000000e+00 0.000000e+00
      outer loop
         vertex 9.029329e+00 0.000000e+00 6.255108e+01
         vertex 1.009420e+01 0.000000e+00 6.337304e+01
         vertex 1.001413e+01 0.000000e+00 6.340500e+01
      endloop
   endfacet
   facet normal 0.000000e+00 -1.000000e+00 0.000000e+00
      outer loop
         vertex 9.029329e+00 0.000000e+00 6.255108e+01
         vertex 1.001413e+01 0.000000e+00 6.340500e+01
         vertex 9.940743e+00 0.000000e+00 6.345023e+01
      endloop
   endfacet
   facet normal -0.000000e+00 -1.000000e+00 0.000000e+00
      outer loop
         vertex 9.940743e+00 0.000000e+00 6.345023e+01
         vertex 9.876215e+00 0.000000e+00 6.350739e+01
         vertex 9.029329e+00 0.000000e+00 6.255108e+01
      endloop
   endfacet
   facet normal 0.000000e+00 -1.000000e+00 0.000000e+00
      outer loop
         vertex 9.029329e+00 0.000000e+00 6.255108e+01
         vertex 9.876215e+00 0.000000e+00 6.350739e+01
         vertex 9.822466e+00 0.000000e+00 6.357479e+01
      endloop
   endfacet
   facet normal 0.000000e+00 -1.000000e+00 0.000000e+00
      outer loop
         vertex 9.029329e+00 0.000000e+00 6.255108e+01
         vertex 9.822466e+00 0.000000e+00 6.357479e+01
         vertex 9.781093e+00 0.000000e+00 6.365042e+01
      endloop
   endfacet
   facet normal -0.000000e+00 -1.000000e+00 0.000000e+00
      outer loop
         vertex 9.739992e+00 0.000000e+00 6.381720e+01
         vertex 9.741485e+00 0.000000e+00 6.390340e+01
         vertex 9.029329e+00 0.000000e+00 6.255108e+01
      endloop
   endfacet
   facet normal 0.000000e+00 -1.000000e+00 0.000000e+00
      outer loop
         vertex 9.029329e+00 0.000000e+00 6.255108e+01
         vertex 9.741485e+00 0.000000e+00 6.390340e+01
         vertex 9.963567e+00 0.000000e+00 6.603868e+01
      endloop
   endfacet
   facet normal 0.000000e+00 -1.000000e+00 0.000000e+00
      outer loop
         vertex 9.029329e+00 0.000000e+00 6.255108e+01
         vertex 9.963567e+00 0.000000e+00 6.603868e+01
         vertex 9.029329e+00 0.000000e+00 7.205108e+01
      endloop
   endfacet
   facet normal 0.000000e+00 -1.000000e+00 0.000000e+00
      outer loop
         vertex 9.029329e+00 0.000000e+00 7.205108e+01
         vertex 9.963567e+00 0.000000e+00 6.603868e+01
         vertex 9.978739e+00 0.000000e+00 6.611937e+01
      endloop
   endfacet
   facet normal 0.000000e+00 -1.000000e+00 0.000000e+00
      outer loop
         vertex 9.029329e+00 0.000000e+00 7.205108e+01
         vertex 9.978739e+00 0.000000e+00 6.611937e+01
         vertex 1.000691e+01 0.000000e+00 6.619650e+01
      endloop
   endfacet
   facet normal 0.000000e+00 -1.000000e+00 0.000000e+00
      outer loop
         vertex 2.482144e+01 0.000000e+00 6.335532e+01
         vertex 2.473528e+01 0.000000e+00 6.335235e+01
         vertex 2.470560e+01 0.000000e+00 6.255108e+01
      endloop
   endfacet
   facet normal 0.000000e+00 -1.000000e+00 0.000000e+00
      outer loop
         vertex 2.470560e+01 0.000000e+00 6.255108e+01
         vertex 2.473528e+01 0.000000e+00 6.335235e+01
         vertex 2.464990e+01 0.000000e+00 6.336422e+01
      endloop
   endfacet
   facet normal 0.000000e+00 -1.000000e+00 0.000000e+00
      outer loop
         vertex 1.981424e+01 0.000000e+00 7.121470e+01
         vertex 1.989547e+01 0.000000e+00 7.123943e+01
         vertex 1.750000e+01 0.000000e+00 7.205108e+01
      endloop
   endfacet
   facet normal 0.000000e+00 -1.000000e+00 0.000000e+00
      outer loop
         vertex 2.470560e+01 0.000000e+00 7.205108e+01
         vertex 2.022621e+01 0.000000e+00 7.119639e+01
         vertex 2.029840e+01 0.000000e+00 7.115168e+01
      endloop
   endfacet
   facet normal 0.000000e+00 -1.000000e+00 0.000000e+00
      outer loop
         vertex 1.950000e+01 0.000000e+00 7.075048e+01
         vertex 1.950721e+01 0.000000e+00 7.083509e+01
         vertex 1.750000e+01 0.000000e+00 7.205108e+01
      endloop
   endfacet
   facet normal 0.000000e+00 -1.000000e+00 0.000000e+00
      outer loop
         vertex 1.950721e+01 0.000000e+00 7.083509e+01
         vertex 1.952863e+01 0.000000e+00 7.091725e+01
         vertex 1.750000e+01 0.000000e+00 7.205108e+01
      endloop
   endfacet
   facet normal 0.000000e+00 -1.000000e+00 0.000000e+00
      outer loop
         vertex 1.750000e+01 0.000000e+00 7.205108e+01
         vertex 1.952863e+01 0.000000e+00 7.091725e+01
         vertex 1.956364e+01 0.000000e+00 7.099460e+01
      endloop
   endfacet
   facet normal 0.000000e+00 -1.000000e+00 0.000000e+00
      outer loop
         vertex 1.750000e+01 0.000000e+00 7.205108e+01
         vertex 1.956364e+01 0.000000e+00 7.099460e+01
         vertex 1.961124e+01 0.000000e+00 7.106491e+01
      endloop
   endfacet
   facet normal 0.000000e+00 -1.000000e+00 0.000000e+00
      outer loop
         vertex 1.961124e+01 0.000000e+00 7.106491e+01
         vertex 1.967005e+01 0.000000e+00 7.112616e+01
         vertex 1.750000e+01 0.000000e+00 7.205108e+01
      endloop
   endfacet
   facet normal 0.000000e+00 -1.000000e+00 0.000000e+00
      outer loop
         vertex 1.750000e+01 0.000000e+00 7.205108e+01
         vertex 1.967005e+01 0.000000e+00 7.112616e+01
         vertex 1.973837e+01 0.000000e+00 7.117657e+01
      endloop
   endfacet
   facet normal 0.000000e+00 -1.000000e+00 0.000000e+00
      outer loop
         vertex 1.750000e+01 0.000000e+00 7.205108e+01
         vertex 1.973837e+01 0.000000e+00 7.117657e+01
         vertex 1.981424e+01 0.000000e+00 7.121470e+01
      endloop
   endfacet
   facet normal 0.000000e+00 -1.000000e+00 0.000000e+00
      outer loop
         vertex 1.989547e+01 0.000000e+00 7.123943e+01
         vertex 1.997971e+01 0.000000e+00 7.125007e+01
         vertex 1.750000e+01 0.000000e+00 7.205108e+01
      endloop
   endfacet
   facet normal 0.000000e+00 -1.000000e+00 0.000000e+00
      outer loop
         vertex 1.750000e+01 0.000000e+00 7.205108e+01
         vertex 1.997971e+01 0.000000e+00 7.125007e+01
         vertex 2.006453e+01 0.000000e+00 7.124630e+01
      endloop
   endfacet
   facet normal 0.000000e+00 -1.000000e+00 0.000000e+00
      outer loop
         vertex 1.750000e+01 0.000000e+00 7.205108e+01
         vertex 2.006453e+01 0.000000e+00 7.124630e+01
         vertex 2.470560e+01 0.000000e+00 7.205108e+01
      endloop
   endfacet
   facet normal 0.000000e+00 -1.000000e+00 0.000000e+00
      outer loop
         vertex 2.470560e+01 0.000000e+00 7.205108e+01
         vertex 2.006453e+01 0.000000e+00 7.124630e+01
         vertex 2.014750e+01 0.000000e+00 7.122823e+01
      endloop
   endfacet
   facet normal 0.000000e+00 -1.000000e+00 0.000000e+00
      outer loop
         vertex 2.470560e+01 0.000000e+00 7.205108e+01
         vertex 2.014750e+01 0.000000e+00 7.122823e+01
         vertex 2.022621e+01 0.000000e+00 7.119639e+01
      endloop
   endfacet
   facet normal -0.000000e+00 -1.000000e+00 -0.000000e+00
      outer loop
         vertex 2.464990e+01 0.000000e+00 6.336422e+01
         vertex 2.456782e+01 0.000000e+00 6.339058e+01
         vertex 2.470560e+01 0.000000e+00 6.255108e+01
      endloop
   endfacet
   facet normal 0.000000e+00 -1.000000e+00 0.000000e+00
      outer loop
         vertex 2.470560e+01 0.000000e+00 6.255108e+01
         vertex 2.456782e+01 0.000000e+00 6.339058e+01
         vertex 2.449149e+01 0.000000e+00 6.343066e+01
      endloop
   endfacet
   facet normal 0.000000e+00 -1.000000e+00 0.000000e+00
      outer loop
         vertex 2.470560e+01 0.000000e+00 6.255108e+01
         vertex 2.449149e+01 0.000000e+00 6.343066e+01
         vertex 1.750000e+01 0.000000e+00 6.255108e+01
      endloop
   endfacet
   facet normal 0.000000e+00 -1.000000e+00 0.000000e+00
      outer loop
         vertex 1.750000e+01 0.000000e+00 6.255108e+01
         vertex 2.449149e+01 0.000000e+00 6.343066e+01
         vertex 2.442318e+01 0.000000e+00 6.348324e+01
      endloop
   endfacet
   facet normal -0.000000e+00 -1.000000e+00 0.000000e+00
      outer loop
         vertex 2.442318e+01 0.000000e+00 6.348324e+01
         vertex 1.966198e+01 0.000000e+00 6.785139e+01
         vertex 1.750000e+01 0.000000e+00 6.255108e+01
      endloop
   endfacet
   facet normal 0.000000e+00 -1.000000e+00 0.000000e+00
      outer loop
         vertex 1.750000e+01 0.000000e+00 6.255108e+01
         vertex 1.966198e+01 0.000000e+00 6.785139e+01
         vertex 1.960585e+01 0.000000e+00 6.791219e+01
      endloop
   endfacet
   facet normal 0.000000e+00 -1.000000e+00 0.000000e+00
      outer loop
         vertex 1.750000e+01 0.000000e+00 6.255108e+01
         vertex 1.960585e+01 0.000000e+00 6.791219e+01
         vertex 1.956050e+01 0.000000e+00 6.798141e+01
      endloop
   endfacet
   facet normal -0.000000e+00 -1.000000e+00 0.000000e+00
      outer loop
         vertex 1.956050e+01 0.000000e+00 6.798141e+01
         vertex 1.952720e+01 0.000000e+00 6.805716e+01
         vertex 1.750000e+01 0.000000e+00 6.255108e+01
      endloop
   endfacet
   facet normal 0.000000e+00 -1.000000e+00 0.000000e+00
      outer loop
         vertex 1.750000e+01 0.000000e+00 6.255108e+01
         vertex 1.952720e+01 0.000000e+00 6.805716e+01
         vertex 1.950685e+01 0.000000e+00 6.813736e+01
      endloop
   endfacet
   facet normal 0.000000e+00 -1.000000e+00 0.000000e+00
      outer loop
         vertex 1.750000e+01 0.000000e+00 6.255108e+01
         vertex 1.950685e+01 0.000000e+00 6.813736e+01
         vertex 1.750000e+01 0.000000e+00 7.205108e+01
      endloop
   endfacet
   facet normal 0.000000e+00 -1.000000e+00 0.000000e+00
      outer loop
         vertex 1.750000e+01 0.000000e+00 7.205108e+01
         vertex 1.950685e+01 0.000000e+00 6.813736e+01
         vertex 1.950000e+01 0.000000e+00 6.821982e+01
      endloop
   endfacet
   facet normal 0.000000e+00 -1.000000e+00 0.000000e+00
      outer loop
         vertex 1.750000e+01 0.000000e+00 7.205108e+01
         vertex 1.950000e+01 0.000000e+00 6.821982e+01
         vertex 1.950000e+01 0.000000e+00 7.075048e+01
      endloop
   endfacet
   facet normal 0.000000e+00 -1.000000e+00 -0.000000e+00
      outer loop
         vertex 2.526001e+01 0.000000e+00 6.381720e+01
         vertex 2.524667e+01 0.000000e+00 6.373204e+01
         vertex 2.597067e+01 0.000000e+00 6.255108e+01
      endloop
   endfacet
   facet normal 0.000000e+00 -1.000000e+00 -0.000000e+00
      outer loop
         vertex 2.524667e+01 0.000000e+00 6.373204e+01
         vertex 2.521891e+01 0.000000e+00 6.365042e+01
         vertex 2.597067e+01 0.000000e+00 6.255108e+01
      endloop
   endfacet
   facet normal 0.000000e+00 -1.000000e+00 0.000000e+00
      outer loop
         vertex 2.597067e+01 0.000000e+00 6.255108e+01
         vertex 2.521891e+01 0.000000e+00 6.365042e+01
         vertex 2.517753e+01 0.000000e+00 6.357479e+01
      endloop
   endfacet
   facet normal 0.000000e+00 -1.000000e+00 0.000000e+00
      outer loop
         vertex 2.597067e+01 0.000000e+00 6.255108e+01
         vertex 2.517753e+01 0.000000e+00 6.357479e+01
         vertex 2.512378e+01 0.000000e+00 6.350739e+01
      endloop
   endfacet
   facet normal 0.000000e+00 -1.000000e+00 -0.000000e+00
      outer loop
         vertex 2.512378e+01 0.000000e+00 6.350739e+01
         vertex 2.505926e+01 0.000000e+00 6.345023e+01
         vertex 2.597067e+01 0.000000e+00 6.255108e+01
      endloop
   endfacet
   facet normal 0.000000e+00 -1.000000e+00 0.000000e+00
      outer loop
         vertex 2.597067e+01 0.000000e+00 6.255108e+01
         vertex 2.505926e+01 0.000000e+00 6.345023e+01
         vertex 2.498587e+01 0.000000e+00 6.340500e+01
      endloop
   endfacet
   facet normal 0.000000e+00 -1.000000e+00 0.000000e+00
      outer loop
         vertex 2.597067e+01 0.000000e+00 6.255108e+01
         vertex 2.498587e+01 0.000000e+00 6.340500e+01
         vertex 2.470560e+01 0.000000e+00 6.255108e+01
      endloop
   endfacet
   facet normal 0.000000e+00 -1.000000e+00 0.000000e+00
      outer loop
         vertex 2.470560e+01 0.000000e+00 6.255108e+01
         vertex 2.498587e+01 0.000000e+00 6.340500e+01
         vertex 2.490580e+01 0.000000e+00 6.337304e+01
      endloop
   endfacet
   facet normal 0.000000e+00 -1.000000e+00 0.000000e+00
      outer loop
         vertex 2.470560e+01 0.000000e+00 6.255108e+01
         vertex 2.490580e+01 0.000000e+00 6.337304e+01
         vertex 2.482144e+01 0.000000e+00 6.335532e+01
      endloop
   endfacet
   facet normal 0.000000e+00 -1.000000e+00 0.000000e+00
      outer loop
         vertex 2.029840e+01 0.000000e+00 7.115168e+01
         vertex 2.036198e+01 0.000000e+00 7.109541e+01
         vertex 2.470560e+01 0.000000e+00 7.205108e+01
      endloop
   endfacet
   facet normal 0.000000e+00 -1.000000e+00 -0.000000e+00
      outer loop
         vertex 2.470560e+01 0.000000e+00 7.205108e+01
         vertex 2.036198e+01 0.000000e+00 7.109541e+01
         vertex 2.490109e+01 0.000000e+00 6.633188e+01
      endloop
   endfacet
   facet normal 0.000000e+00 -1.000000e+00 0.000000e+00
      outer loop
         vertex 2.470560e+01 0.000000e+00 7.205108e+01
         vertex 2.490109e+01 0.000000e+00 6.633188e+01
         vertex 2.597067e+01 0.000000e+00 7.205108e+01
      endloop
   endfacet
   facet normal 0.000000e+00 -1.000000e+00 0.000000e+00
      outer loop
         vertex 2.597067e+01 0.000000e+00 7.205108e+01
         vertex 2.490109e+01 0.000000e+00 6.633188e+01
         vertex 2.495267e+01 0.000000e+00 6.626798e+01
      endloop
   endfacet
   facet normal 0.000000e+00 -1.000000e+00 0.000000e+00
      outer loop
         vertex 2.597067e+01 0.000000e+00 7.205108e+01
         vertex 2.495267e+01 0.000000e+00 6.626798e+01
         vertex 2.499309e+01 0.000000e+00 6.619650e+01
      endloop
   endfacet
   facet normal 0.000000e+00 -1.000000e+00 0.000000e+00
      outer loop
         vertex 2.499309e+01 0.000000e+00 6.619650e+01
         vertex 2.502126e+01 0.000000e+00 6.611937e+01
         vertex 2.597067e+01 0.000000e+00 7.205108e+01
      endloop
   endfacet
   facet normal 0.000000e+00 -1.000000e+00 0.000000e+00
      outer loop
         vertex 2.597067e+01 0.000000e+00 7.205108e+01
         vertex 2.502126e+01 0.000000e+00 6.611937e+01
         vertex 2.503643e+01 0.000000e+00 6.603868e+01
      endloop
   endfacet
   facet normal 0.000000e+00 -1.000000e+00 -0.000000e+00
      outer loop
         vertex 2.597067e+01 0.000000e+00 7.205108e+01
         vertex 2.503643e+01 0.000000e+00 6.603868e+01
         vertex 2.597067e+01 0.000000e+00 6.255108e+01
      endloop
   endfacet
   facet normal 0.000000e+00 -1.000000e+00 0.000000e+00
      outer loop
         vertex 2.597067e+01 0.000000e+00 6.255108e+01
         vertex 2.503643e+01 0.000000e+00 6.603868e+01
         vertex 2.525852e+01 0.000000e+00 6.390340e+01
      endloop
   endfacet
   facet normal 0.000000e+00 -1.000000e+00 0.000000e+00
      outer loop
         vertex 2.597067e+01 0.000000e+00 6.255108e+01
         vertex 2.525852e+01 0.000000e+00 6.390340e+01
         vertex 2.526001e+01 0.000000e+00 6.381720e+01
      endloop
   endfacet
   facet normal 0.000000e+00 -1.000000e+00 0.000000e+00
      outer loop
         vertex 1.026472e+01 0.000000e+00 7.285235e+01
         vertex 1.029440e+01 0.000000e+00 7.205108e+01
         vertex 1.035010e+01 0.000000e+00 7.286422e+01
      endloop
   endfacet
   facet normal 0.000000e+00 -1.000000e+00 -0.000000e+00
      outer loop
         vertex 1.035010e+01 0.000000e+00 7.286422e+01
         vertex 1.029440e+01 0.000000e+00 7.205108e+01
         vertex 1.043218e+01 0.000000e+00 7.289059e+01
      endloop
   endfacet
   facet normal 0.000000e+00 -1.000000e+00 0.000000e+00
      outer loop
         vertex 1.009891e+01 0.000000e+00 7.583188e+01
         vertex 1.463802e+01 0.000000e+00 8.059541e+01
         vertex 1.029440e+01 0.000000e+00 8.205024e+01
      endloop
   endfacet
   facet normal 0.000000e+00 -1.000000e+00 0.000000e+00
      outer loop
         vertex 1.029440e+01 0.000000e+00 8.205024e+01
         vertex 1.463802e+01 0.000000e+00 8.059541e+01
         vertex 1.470161e+01 0.000000e+00 8.065168e+01
      endloop
   endfacet
   facet normal 0.000000e+00 -1.000000e+00 0.000000e+00
      outer loop
         vertex 1.029440e+01 0.000000e+00 8.205024e+01
         vertex 1.470161e+01 0.000000e+00 8.065168e+01
         vertex 1.477379e+01 0.000000e+00 8.069638e+01
      endloop
   endfacet
   facet normal 0.000000e+00 -1.000000e+00 0.000000e+00
      outer loop
         vertex 1.547137e+01 0.000000e+00 8.041725e+01
         vertex 1.549279e+01 0.000000e+00 8.033508e+01
         vertex 1.750000e+01 0.000000e+00 8.205024e+01
      endloop
   endfacet
   facet normal 0.000000e+00 -1.000000e+00 -0.000000e+00
      outer loop
         vertex 1.547280e+01 0.000000e+00 7.755716e+01
         vertex 1.543950e+01 0.000000e+00 7.748141e+01
         vertex 1.750000e+01 0.000000e+00 7.205108e+01
      endloop
   endfacet
   facet normal 0.000000e+00 -1.000000e+00 0.000000e+00
      outer loop
         vertex 1.750000e+01 0.000000e+00 7.205108e+01
         vertex 1.543950e+01 0.000000e+00 7.748141e+01
         vertex 1.539415e+01 0.000000e+00 7.741219e+01
      endloop
   endfacet
   facet normal 0.000000e+00 -1.000000e+00 0.000000e+00
      outer loop
         vertex 1.477379e+01 0.000000e+00 8.069638e+01
         vertex 1.485250e+01 0.000000e+00 8.072823e+01
         vertex 1.029440e+01 0.000000e+00 8.205024e+01
      endloop
   endfacet
   facet normal 0.000000e+00 -1.000000e+00 0.000000e+00
      outer loop
         vertex 1.029440e+01 0.000000e+00 8.205024e+01
         vertex 1.485250e+01 0.000000e+00 8.072823e+01
         vertex 1.493547e+01 0.000000e+00 8.074630e+01
      endloop
   endfacet
   facet normal 0.000000e+00 -1.000000e+00 0.000000e+00
      outer loop
         vertex 1.029440e+01 0.000000e+00 8.205024e+01
         vertex 1.493547e+01 0.000000e+00 8.074630e+01
         vertex 1.750000e+01 0.000000e+00 8.205024e+01
      endloop
   endfacet
   facet normal 0.000000e+00 -1.000000e+00 0.000000e+00
      outer loop
         vertex 1.750000e+01 0.000000e+00 8.205024e+01
         vertex 1.493547e+01 0.000000e+00 8.074630e+01
         vertex 1.502029e+01 0.000000e+00 8.075007e+01
      endloop
   endfacet
   facet normal 0.000000e+00 -1.000000e+00 0.000000e+00
      outer loop
         vertex 1.750000e+01 0.000000e+00 8.205024e+01
         vertex 1.502029e+01 0.000000e+00 8.075007e+01
         vertex 1.510453e+01 0.000000e+00 8.073943e+01
      endloop
   endfacet
   facet normal 0.000000e+00 -1.000000e+00 0.000000e+00
      outer loop
         vertex 1.510453e+01 0.000000e+00 8.073943e+01
         vertex 1.518576e+01 0.000000e+00 8.071470e+01
         vertex 1.750000e+01 0.000000e+00 8.205024e+01
      endloop
   endfacet
   facet normal 0.000000e+00 -1.000000e+00 0.000000e+00
      outer loop
         vertex 1.750000e+01 0.000000e+00 8.205024e+01
         vertex 1.518576e+01 0.000000e+00 8.071470e+01
         vertex 1.526163e+01 0.000000e+00 8.067657e+01
      endloop
   endfacet
   facet normal 0.000000e+00 -1.000000e+00 0.000000e+00
      outer loop
         vertex 1.750000e+01 0.000000e+00 8.205024e+01
         vertex 1.526163e+01 0.000000e+00 8.067657e+01
         vertex 1.532995e+01 0.000000e+00 8.062616e+01
      endloop
   endfacet
   facet normal 0.000000e+00 -1.000000e+00 -0.000000e+00
      outer loop
         vertex 1.539415e+01 0.000000e+00 7.741219e+01
         vertex 1.533802e+01 0.000000e+00 7.735139e+01
         vertex 1.750000e+01 0.000000e+00 7.205108e+01
      endloop
   endfacet
   facet normal 0.000000e+00 -1.000000e+00 0.000000e+00
      outer loop
         vertex 1.750000e+01 0.000000e+00 7.205108e+01
         vertex 1.533802e+01 0.000000e+00 7.735139e+01
         vertex 1.057682e+01 0.000000e+00 7.298324e+01
      endloop
   endfacet
   facet normal 0.000000e+00 -1.000000e+00 0.000000e+00
      outer loop
         vertex 1.750000e+01 0.000000e+00 7.205108e+01
         vertex 1.057682e+01 0.000000e+00 7.298324e+01
         vertex 1.029440e+01 0.000000e+00 7.205108e+01
      endloop
   endfacet
   facet normal 0.000000e+00 -1.000000e+00 0.000000e+00
      outer loop
         vertex 1.029440e+01 0.000000e+00 7.205108e+01
         vertex 1.057682e+01 0.000000e+00 7.298324e+01
         vertex 1.050851e+01 0.000000e+00 7.293065e+01
      endloop
   endfacet
   facet normal 0.000000e+00 -1.000000e+00 0.000000e+00
      outer loop
         vertex 1.029440e+01 0.000000e+00 7.205108e+01
         vertex 1.050851e+01 0.000000e+00 7.293065e+01
         vertex 1.043218e+01 0.000000e+00 7.289059e+01
      endloop
   endfacet
   facet normal 0.000000e+00 -1.000000e+00 0.000000e+00
      outer loop
         vertex 1.532995e+01 0.000000e+00 8.062616e+01
         vertex 1.538876e+01 0.000000e+00 8.056491e+01
         vertex 1.750000e+01 0.000000e+00 8.205024e+01
      endloop
   endfacet
   facet normal 0.000000e+00 -1.000000e+00 0.000000e+00
      outer loop
         vertex 1.750000e+01 0.000000e+00 8.205024e+01
         vertex 1.538876e+01 0.000000e+00 8.056491e+01
         vertex 1.543636e+01 0.000000e+00 8.049460e+01
      endloop
   endfacet
   facet normal 0.000000e+00 -1.000000e+00 0.000000e+00
      outer loop
         vertex 1.750000e+01 0.000000e+00 8.205024e+01
         vertex 1.543636e+01 0.000000e+00 8.049460e+01
         vertex 1.547137e+01 0.000000e+00 8.041725e+01
      endloop
   endfacet
   facet normal 0.000000e+00 -1.000000e+00 0.000000e+00
      outer loop
         vertex 1.549279e+01 0.000000e+00 8.033508e+01
         vertex 1.550000e+01 0.000000e+00 8.025048e+01
         vertex 1.750000e+01 0.000000e+00 8.205024e+01
      endloop
   endfacet
   facet normal 0.000000e+00 -1.000000e+00 0.000000e+00
      outer loop
         vertex 1.750000e+01 0.000000e+00 8.205024e+01
         vertex 1.550000e+01 0.000000e+00 8.025048e+01
         vertex 1.550000e+01 0.000000e+00 7.771982e+01
      endloop
   endfacet
   facet normal 0.000000e+00 -1.000000e+00 -0.000000e+00
      outer loop
         vertex 1.750000e+01 0.000000e+00 8.205024e+01
         vertex 1.550000e+01 0.000000e+00 7.771982e+01
         vertex 1.750000e+01 0.000000e+00 7.205108e+01
      endloop
   endfacet
   facet normal 0.000000e+00 -1.000000e+00 0.000000e+00
      outer loop
         vertex 1.750000e+01 0.000000e+00 7.205108e+01
         vertex 1.550000e+01 0.000000e+00 7.771982e+01
         vertex 1.549315e+01 0.000000e+00 7.763736e+01
      endloop
   endfacet
   facet normal 0.000000e+00 -1.000000e+00 0.000000e+00
      outer loop
         vertex 1.750000e+01 0.000000e+00 7.205108e+01
         vertex 1.549315e+01 0.000000e+00 7.763736e+01
         vertex 1.547280e+01 0.000000e+00 7.755716e+01
      endloop
   endfacet
   facet normal 0.000000e+00 -1.000000e+00 -0.000000e+00
      outer loop
         vertex 9.739992e+00 0.000000e+00 7.331721e+01
         vertex 9.029329e+00 0.000000e+00 7.205108e+01
         vertex 9.753327e+00 0.000000e+00 7.323204e+01
      endloop
   endfacet
   facet normal 0.000000e+00 -1.000000e+00 -0.000000e+00
      outer loop
         vertex 9.753327e+00 0.000000e+00 7.323204e+01
         vertex 9.029329e+00 0.000000e+00 7.205108e+01
         vertex 9.781093e+00 0.000000e+00 7.315042e+01
      endloop
   endfacet
   facet normal -0.000000e+00 -1.000000e+00 0.000000e+00
      outer loop
         vertex 1.009891e+01 0.000000e+00 7.583188e+01
         vertex 1.029440e+01 0.000000e+00 8.205024e+01
         vertex 1.004733e+01 0.000000e+00 7.576798e+01
      endloop
   endfacet
   facet normal 0.000000e+00 -1.000000e+00 0.000000e+00
      outer loop
         vertex 1.004733e+01 0.000000e+00 7.576798e+01
         vertex 1.029440e+01 0.000000e+00 8.205024e+01
         vertex 9.029329e+00 0.000000e+00 8.205024e+01
      endloop
   endfacet
   facet normal -0.000000e+00 -1.000000e+00 0.000000e+00
      outer loop
         vertex 1.004733e+01 0.000000e+00 7.576798e+01
         vertex 9.029329e+00 0.000000e+00 8.205024e+01
         vertex 1.000691e+01 0.000000e+00 7.569650e+01
      endloop
   endfacet
   facet normal -0.000000e+00 -1.000000e+00 -0.000000e+00
      outer loop
         vertex 1.026472e+01 0.000000e+00 7.285235e+01
         vertex 1.017856e+01 0.000000e+00 7.285532e+01
         vertex 1.029440e+01 0.000000e+00 7.205108e+01
      endloop
   endfacet
   facet normal 0.000000e+00 -1.000000e+00 0.000000e+00
      outer loop
         vertex 1.029440e+01 0.000000e+00 7.205108e+01
         vertex 1.017856e+01 0.000000e+00 7.285532e+01
         vertex 1.009420e+01 0.000000e+00 7.287304e+01
      endloop
   endfacet
   facet normal 0.000000e+00 -1.000000e+00 0.000000e+00
      outer loop
         vertex 1.029440e+01 0.000000e+00 7.205108e+01
         vertex 1.009420e+01 0.000000e+00 7.287304e+01
         vertex 9.029329e+00 0.000000e+00 7.205108e+01
      endloop
   endfacet
   facet normal 0.000000e+00 -1.000000e+00 0.000000e+00
      outer loop
         vertex 9.029329e+00 0.000000e+00 7.205108e+01
         vertex 1.009420e+01 0.000000e+00 7.287304e+01
         vertex 1.001413e+01 0.000000e+00 7.290499e+01
      endloop
   endfacet
   facet normal 0.000000e+00 -1.000000e+00 0.000000e+00
      outer loop
         vertex 9.029329e+00 0.000000e+00 7.205108e+01
         vertex 1.001413e+01 0.000000e+00 7.290499e+01
         vertex 9.940743e+00 0.000000e+00 7.295023e+01
      endloop
   endfacet
   facet normal -0.000000e+00 -1.000000e+00 0.000000e+00
      outer loop
         vertex 9.940743e+00 0.000000e+00 7.295023e+01
         vertex 9.876215e+00 0.000000e+00 7.300739e+01
         vertex 9.029329e+00 0.000000e+00 7.205108e+01
      endloop
   endfacet
   facet normal 0.000000e+00 -1.000000e+00 0.000000e+00
      outer loop
         vertex 9.029329e+00 0.000000e+00 7.205108e+01
         vertex 9.876215e+00 0.000000e+00 7.300739e+01
         vertex 9.822466e+00 0.000000e+00 7.307479e+01
      endloop
   endfacet
   facet normal 0.000000e+00 -1.000000e+00 0.000000e+00
      outer loop
         vertex 9.029329e+00 0.000000e+00 7.205108e+01
         vertex 9.822466e+00 0.000000e+00 7.307479e+01
         vertex 9.781093e+00 0.000000e+00 7.315042e+01
      endloop
   endfacet
   facet normal -0.000000e+00 -1.000000e+00 0.000000e+00
      outer loop
         vertex 9.739992e+00 0.000000e+00 7.331721e+01
         vertex 9.741485e+00 0.000000e+00 7.340340e+01
         vertex 9.029329e+00 0.000000e+00 7.205108e+01
      endloop
   endfacet
   facet normal 0.000000e+00 -1.000000e+00 0.000000e+00
      outer loop
         vertex 9.029329e+00 0.000000e+00 7.205108e+01
         vertex 9.741485e+00 0.000000e+00 7.340340e+01
         vertex 9.963567e+00 0.000000e+00 7.553868e+01
      endloop
   endfacet
   facet normal 0.000000e+00 -1.000000e+00 0.000000e+00
      outer loop
         vertex 9.029329e+00 0.000000e+00 7.205108e+01
         vertex 9.963567e+00 0.000000e+00 7.553868e+01
         vertex 9.029329e+00 0.000000e+00 8.205024e+01
      endloop
   endfacet
   facet normal 0.000000e+00 -1.000000e+00 0.000000e+00
      outer loop
         vertex 9.029329e+00 0.000000e+00 8.205024e+01
         vertex 9.963567e+00 0.000000e+00 7.553868e+01
         vertex 9.978739e+00 0.000000e+00 7.561938e+01
      endloop
   endfacet
   facet normal 0.000000e+00 -1.000000e+00 0.000000e+00
      outer loop
         vertex 9.029329e+00 0.000000e+00 8.205024e+01
         vertex 9.978739e+00 0.000000e+00 7.561938e+01
         vertex 1.000691e+01 0.000000e+00 7.569650e+01
      endloop
   endfacet
   facet normal 0.000000e+00 -1.000000e+00 0.000000e+00
      outer loop
         vertex 2.482144e+01 0.000000e+00 7.285532e+01
         vertex 2.473528e+01 0.000000e+00 7.285235e+01
         vertex 2.470560e+01 0.000000e+00 7.205108e+01
      endloop
   endfacet
   facet normal 0.000000e+00 -1.000000e+00 0.000000e+00
      outer loop
         vertex 2.470560e+01 0.000000e+00 7.205108e+01
         vertex 2.473528e+01 0.000000e+00 7.285235e+01
         vertex 2.464990e+01 0.000000e+00 7.286422e+01
      endloop
   endfacet
   facet normal 0.000000e+00 -1.000000e+00 0.000000e+00
      outer loop
         vertex 2.029840e+01 0.000000e+00 8.065168e+01
         vertex 2.470560e+01 0.000000e+00 8.205024e+01
         vertex 2.022621e+01 0.000000e+00 8.069638e+01
      endloop
   endfacet
   facet normal 0.000000e+00 -1.000000e+00 0.000000e+00
      outer loop
         vertex 2.022621e+01 0.000000e+00 8.069638e+01
         vertex 2.470560e+01 0.000000e+00 8.205024e+01
         vertex 2.014750e+01 0.000000e+00 8.072823e+01
      endloop
   endfacet
   facet normal 0.000000e+00 -1.000000e+00 0.000000e+00
      outer loop
         vertex 1.950000e+01 0.000000e+00 8.025048e+01
         vertex 1.950721e+01 0.000000e+00 8.033508e+01
         vertex 1.750000e+01 0.000000e+00 8.205024e+01
      endloop
   endfacet
   facet normal 0.000000e+00 -1.000000e+00 0.000000e+00
      outer loop
         vertex 1.750000e+01 0.000000e+00 8.205024e+01
         vertex 1.950721e+01 0.000000e+00 8.033508e+01
         vertex 1.952863e+01 0.000000e+00 8.041725e+01
      endloop
   endfacet
   facet normal 0.000000e+00 -1.000000e+00 0.000000e+00
      outer loop
         vertex 1.750000e+01 0.000000e+00 8.205024e+01
         vertex 1.952863e+01 0.000000e+00 8.041725e+01
         vertex 1.956364e+01 0.000000e+00 8.049460e+01
      endloop
   endfacet
   facet normal 0.000000e+00 -1.000000e+00 0.000000e+00
      outer loop
         vertex 1.750000e+01 0.000000e+00 8.205024e+01
         vertex 1.973837e+01 0.000000e+00 8.067657e+01
         vertex 1.981424e+01 0.000000e+00 8.071470e+01
      endloop
   endfacet
   facet normal 0.000000e+00 -1.000000e+00 0.000000e+00
      outer loop
         vertex 1.981424e+01 0.000000e+00 8.071470e+01
         vertex 1.989547e+01 0.000000e+00 8.073943e+01
         vertex 1.750000e+01 0.000000e+00 8.205024e+01
      endloop
   endfacet
   facet normal 0.000000e+00 -1.000000e+00 0.000000e+00
      outer loop
         vertex 1.750000e+01 0.000000e+00 8.205024e+01
         vertex 1.989547e+01 0.000000e+00 8.073943e+01
         vertex 1.997971e+01 0.000000e+00 8.075007e+01
      endloop
   endfacet
   facet normal 0.000000e+00 -1.000000e+00 0.000000e+00
      outer loop
         vertex 1.750000e+01 0.000000e+00 8.205024e+01
         vertex 1.997971e+01 0.000000e+00 8.075007e+01
         vertex 2.470560e+01 0.000000e+00 8.205024e+01
      endloop
   endfacet
   facet normal 0.000000e+00 -1.000000e+00 0.000000e+00
      outer loop
         vertex 2.470560e+01 0.000000e+00 8.205024e+01
         vertex 1.997971e+01 0.000000e+00 8.075007e+01
         vertex 2.006453e+01 0.000000e+00 8.074630e+01
      endloop
   endfacet
   facet normal 0.000000e+00 -1.000000e+00 0.000000e+00
      outer loop
         vertex 2.470560e+01 0.000000e+00 8.205024e+01
         vertex 2.006453e+01 0.000000e+00 8.074630e+01
         vertex 2.014750e+01 0.000000e+00 8.072823e+01
      endloop
   endfacet
   facet normal -0.000000e+00 -1.000000e+00 -0.000000e+00
      outer loop
         vertex 2.464990e+01 0.000000e+00 7.286422e+01
         vertex 2.456782e+01 0.000000e+00 7.289059e+01
         vertex 2.470560e+01 0.000000e+00 7.205108e+01
      endloop
   endfacet
   facet normal 0.000000e+00 -1.000000e+00 0.000000e+00
      outer loop
         vertex 2.470560e+01 0.000000e+00 7.205108e+01
         vertex 2.456782e+01 0.000000e+00 7.289059e+01
         vertex 2.449149e+01 0.000000e+00 7.293065e+01
      endloop
   endfacet
   facet normal 0.000000e+00 -1.000000e+00 0.000000e+00
      outer loop
         vertex 2.470560e+01 0.000000e+00 7.205108e+01
         vertex 2.449149e+01 0.000000e+00 7.293065e+01
         vertex 1.750000e+01 0.000000e+00 7.205108e+01
      endloop
   endfacet
   facet normal 0.000000e+00 -1.000000e+00 0.000000e+00
      outer loop
         vertex 1.750000e+01 0.000000e+00 7.205108e+01
         vertex 2.449149e+01 0.000000e+00 7.293065e+01
         vertex 2.442318e+01 0.000000e+00 7.298324e+01
      endloop
   endfacet
   facet normal 0.000000e+00 -1.000000e+00 0.000000e+00
      outer loop
         vertex 1.956364e+01 0.000000e+00 8.049460e+01
         vertex 1.961124e+01 0.000000e+00 8.056491e+01
         vertex 1.750000e+01 0.000000e+00 8.205024e+01
      endloop
   endfacet
   facet normal 0.000000e+00 -1.000000e+00 0.000000e+00
      outer loop
         vertex 1.750000e+01 0.000000e+00 8.205024e+01
         vertex 1.961124e+01 0.000000e+00 8.056491e+01
         vertex 1.967005e+01 0.000000e+00 8.062616e+01
      endloop
   endfacet
   facet normal 0.000000e+00 -1.000000e+00 0.000000e+00
      outer loop
         vertex 1.750000e+01 0.000000e+00 8.205024e+01
         vertex 1.967005e+01 0.000000e+00 8.062616e+01
         vertex 1.973837e+01 0.000000e+00 8.067657e+01
      endloop
   endfacet
   facet normal -0.000000e+00 -1.000000e+00 0.000000e+00
      outer loop
         vertex 2.442318e+01 0.000000e+00 7.298324e+01
         vertex 1.966198e+01 0.000000e+00 7.735139e+01
         vertex 1.750000e+01 0.000000e+00 7.205108e+01
      endloop
   endfacet
   facet normal 0.000000e+00 -1.000000e+00 0.000000e+00
      outer loop
         vertex 1.750000e+01 0.000000e+00 7.205108e+01
         vertex 1.966198e+01 0.000000e+00 7.735139e+01
         vertex 1.960585e+01 0.000000e+00 7.741219e+01
      endloop
   endfacet
   facet normal 0.000000e+00 -1.000000e+00 0.000000e+00
      outer loop
         vertex 1.750000e+01 0.000000e+00 7.205108e+01
         vertex 1.960585e+01 0.000000e+00 7.741219e+01
         vertex 1.956050e+01 0.000000e+00 7.748141e+01
      endloop
   endfacet
   facet normal -0.000000e+00 -1.000000e+00 0.000000e+00
      outer loop
         vertex 1.956050e+01 0.000000e+00 7.748141e+01
         vertex 1.952720e+01 0.000000e+00 7.755716e+01
         vertex 1.750000e+01 0.000000e+00 7.205108e+01
      endloop
   endfacet
   facet normal 0.000000e+00 -1.000000e+00 0.000000e+00
      outer loop
         vertex 1.750000e+01 0.000000e+00 7.205108e+01
         vertex 1.952720e+01 0.000000e+00 7.755716e+01
         vertex 1.950685e+01 0.000000e+00 7.763736e+01
      endloop
   endfacet
   facet normal 0.000000e+00 -1.000000e+00 0.000000e+00
      outer loop
         vertex 1.750000e+01 0.000000e+00 7.205108e+01
         vertex 1.950685e+01 0.000000e+00 7.763736e+01
         vertex 1.750000e+01 0.000000e+00 8.205024e+01
      endloop
   endfacet
   facet normal 0.000000e+00 -1.000000e+00 0.000000e+00
      outer loop
         vertex 1.750000e+01 0.000000e+00 8.205024e+01
         vertex 1.950685e+01 0.000000e+00 7.763736e+01
         vertex 1.950000e+01 0.000000e+00 7.771982e+01
      endloop
   endfacet
   facet normal 0.000000e+00 -1.000000e+00 0.000000e+00
      outer loop
         vertex 1.750000e+01 0.000000e+00 8.205024e+01
         vertex 1.950000e+01 0.000000e+00 7.771982e+01
         vertex 1.950000e+01 0.000000e+00 8.025048e+01
      endloop
   endfacet
   facet normal 0.000000e+00 -1.000000e+00 -0.000000e+00
      outer loop
         vertex 2.526001e+01 0.000000e+00 7.331721e+01
         vertex 2.524667e+01 0.000000e+00 7.323204e+01
         vertex 2.597067e+01 0.000000e+00 7.205108e+01
      endloop
   endfacet
   facet normal 0.000000e+00 -1.000000e+00 -0.000000e+00
      outer loop
         vertex 2.524667e+01 0.000000e+00 7.323204e+01
         vertex 2.521891e+01 0.000000e+00 7.315042e+01
         vertex 2.597067e+01 0.000000e+00 7.205108e+01
      endloop
   endfacet
   facet normal 0.000000e+00 -1.000000e+00 0.000000e+00
      outer loop
         vertex 2.597067e+01 0.000000e+00 7.205108e+01
         vertex 2.521891e+01 0.000000e+00 7.315042e+01
         vertex 2.517753e+01 0.000000e+00 7.307479e+01
      endloop
   endfacet
   facet normal 0.000000e+00 -1.000000e+00 0.000000e+00
      outer loop
         vertex 2.597067e+01 0.000000e+00 7.205108e+01
         vertex 2.517753e+01 0.000000e+00 7.307479e+01
         vertex 2.512378e+01 0.000000e+00 7.300739e+01
      endloop
   endfacet
   facet normal 0.000000e+00 -1.000000e+00 -0.000000e+00
      outer loop
         vertex 2.512378e+01 0.000000e+00 7.300739e+01
         vertex 2.505926e+01 0.000000e+00 7.295023e+01
         vertex 2.597067e+01 0.000000e+00 7.205108e+01
      endloop
   endfacet
   facet normal 0.000000e+00 -1.000000e+00 0.000000e+00
      outer loop
         vertex 2.597067e+01 0.000000e+00 7.205108e+01
         vertex 2.505926e+01 0.000000e+00 7.295023e+01
         vertex 2.498587e+01 0.000000e+00 7.290499e+01
      endloop
   endfacet
   facet normal 0.000000e+00 -1.000000e+00 0.000000e+00
      outer loop
         vertex 2.597067e+01 0.000000e+00 7.205108e+01
         vertex 2.498587e+01 0.000000e+00 7.290499e+01
         vertex 2.470560e+01 0.000000e+00 7.205108e+01
      endloop
   endfacet
   facet normal 0.000000e+00 -1.000000e+00 0.000000e+00
      outer loop
         vertex 2.470560e+01 0.000000e+00 7.205108e+01
         vertex 2.498587e+01 0.000000e+00 7.290499e+01
         vertex 2.490580e+01 0.000000e+00 7.287304e+01
      endloop
   endfacet
   facet normal 0.000000e+00 -1.000000e+00 0.000000e+00
      outer loop
         vertex 2.470560e+01 0.000000e+00 7.205108e+01
         vertex 2.490580e+01 0.000000e+00 7.287304e+01
         vertex 2.482144e+01 0.000000e+00 7.285532e+01
      endloop
   endfacet
   facet normal 0.000000e+00 -1.000000e+00 0.000000e+00
      outer loop
         vertex 2.029840e+01 0.000000e+00 8.065168e+01
         vertex 2.036198e+01 0.000000e+00 8.059541e+01
         vertex 2.470560e+01 0.000000e+00 8.205024e+01
      endloop
   endfacet
   facet normal 0.000000e+00 -1.000000e+00 -0.000000e+00
      outer loop
         vertex 2.470560e+01 0.000000e+00 8.205024e+01
         vertex 2.036198e+01 0.000000e+00 8.059541e+01
         vertex 2.490109e+01 0.000000e+00 7.583188e+01
      endloop
   endfacet
   facet normal 0.000000e+00 -1.000000e+00 0.000000e+00
      outer loop
         vertex 2.470560e+01 0.000000e+00 8.205024e+01
         vertex 2.490109e+01 0.000000e+00 7.583188e+01
         vertex 2.597067e+01 0.000000e+00 8.205024e+01
      endloop
   endfacet
   facet normal 0.000000e+00 -1.000000e+00 0.000000e+00
      outer loop
         vertex 2.597067e+01 0.000000e+00 8.205024e+01
         vertex 2.490109e+01 0.000000e+00 7.583188e+01
         vertex 2.495267e+01 0.000000e+00 7.576798e+01
      endloop
   endfacet
   facet normal 0.000000e+00 -1.000000e+00 0.000000e+00
      outer loop
         vertex 2.597067e+01 0.000000e+00 8.205024e+01
         vertex 2.495267e+01 0.000000e+00 7.576798e+01
         vertex 2.499309e+01 0.000000e+00 7.569650e+01
      endloop
   endfacet
   facet normal 0.000000e+00 -1.000000e+00 0.000000e+00
      outer loop
         vertex 2.499309e+01 0.000000e+00 7.569650e+01
         vertex 2.502126e+01 0.000000e+00 7.561938e+01
         vertex 2.597067e+01 0.000000e+00 8.205024e+01
      endloop
   endfacet
   facet normal 0.000000e+00 -1.000000e+00 0.000000e+00
      outer loop
         vertex 2.597067e+01 0.000000e+00 8.205024e+01
         vertex 2.502126e+01 0.000000e+00 7.561938e+01
         vertex 2.503643e+01 0.000000e+00 7.553868e+01
      endloop
   endfacet
   facet normal 0.000000e+00 -1.000000e+00 -0.000000e+00
      outer loop
         vertex 2.597067e+01 0.000000e+00 8.205024e+01
         vertex 2.503643e+01 0.000000e+00 7.553868e+01
         vertex 2.597067e+01 0.000000e+00 7.205108e+01
      endloop
   endfacet
   facet normal 0.000000e+00 -1.000000e+00 0.000000e+00
      outer loop
         vertex 2.597067e+01 0.000000e+00 7.205108e+01
         vertex 2.503643e+01 0.000000e+00 7.553868e+01
         vertex 2.525852e+01 0.000000e+00 7.340340e+01
      endloop
   endfacet
   facet normal 0.000000e+00 -1.000000e+00 0.000000e+00
      outer loop
         vertex 2.597067e+01 0.000000e+00 7.205108e+01
         vertex 2.525852e+01 0.000000e+00 7.340340e+01
         vertex 2.526001e+01 0.000000e+00 7.331721e+01
      endloop
   endfacet
   facet normal 0.000000e+00 -1.000000e+00 0.000000e+00
      outer loop
         vertex 3.095901e+01 0.000000e+00 2.635662e+01
         vertex 3.347067e+01 0.000000e+00 2.625000e+01
         vertex 3.056634e+01 0.000000e+00 2.663157e+01
      endloop
   endfacet
   facet normal 0.000000e+00 -1.000000e+00 0.000000e+00
      outer loop
         vertex 3.056634e+01 0.000000e+00 2.663157e+01
         vertex 3.347067e+01 0.000000e+00 2.625000e+01
         vertex 3.347067e+01 0.000000e+00 2.762500e+01
      endloop
   endfacet
   facet normal 0.000000e+00 -1.000000e+00 0.000000e+00
      outer loop
         vertex 3.056634e+01 0.000000e+00 2.663157e+01
         vertex 3.347067e+01 0.000000e+00 2.762500e+01
         vertex 3.013190e+01 0.000000e+00 2.683415e+01
      endloop
   endfacet
   facet normal 0.000000e+00 -1.000000e+00 0.000000e+00
      outer loop
         vertex 3.013190e+01 0.000000e+00 2.683415e+01
         vertex 3.347067e+01 0.000000e+00 2.762500e+01
         vertex 2.966888e+01 0.000000e+00 2.695822e+01
      endloop
   endfacet
   facet normal 0.000000e+00 -1.000000e+00 0.000000e+00
      outer loop
         vertex 2.825079e+01 0.000000e+00 2.683415e+01
         vertex 2.871381e+01 0.000000e+00 2.695822e+01
         vertex 2.597067e+01 0.000000e+00 2.762500e+01
      endloop
   endfacet
   facet normal 0.000000e+00 -1.000000e+00 0.000000e+00
      outer loop
         vertex 2.597067e+01 0.000000e+00 2.762500e+01
         vertex 2.871381e+01 0.000000e+00 2.695822e+01
         vertex 2.919134e+01 0.000000e+00 2.700000e+01
      endloop
   endfacet
   facet normal -0.000000e+00 -1.000000e+00 -0.000000e+00
      outer loop
         vertex 3.326953e+01 0.000000e+00 3.504575e+01
         vertex 2.597067e+01 0.000000e+00 3.504575e+01
         vertex 3.347067e+01 0.000000e+00 3.311180e+01
      endloop
   endfacet
   facet normal -0.000000e+00 -1.000000e+00 0.000000e+00
      outer loop
         vertex 3.347067e+01 0.000000e+00 3.311180e+01
         vertex 2.597067e+01 0.000000e+00 3.504575e+01
         vertex 2.597067e+01 0.000000e+00 2.762500e+01
      endloop
   endfacet
   facet normal 0.000000e+00 -1.000000e+00 -0.000000e+00
      outer loop
         vertex 3.347067e+01 0.000000e+00 3.311180e+01
         vertex 2.597067e+01 0.000000e+00 2.762500e+01
         vertex 3.347067e+01 0.000000e+00 2.762500e+01
      endloop
   endfacet
   facet normal -0.000000e+00 -1.000000e+00 0.000000e+00
      outer loop
         vertex 3.347067e+01 0.000000e+00 2.762500e+01
         vertex 2.597067e+01 0.000000e+00 2.762500e+01
         vertex 2.919134e+01 0.000000e+00 2.700000e+01
      endloop
   endfacet
   facet normal 0.000000e+00 -1.000000e+00 0.000000e+00
      outer loop
         vertex 3.347067e+01 0.000000e+00 2.762500e+01
         vertex 2.919134e+01 0.000000e+00 2.700000e+01
         vertex 2.966888e+01 0.000000e+00 2.695822e+01
      endloop
   endfacet
   facet normal 0.000000e+00 -1.000000e+00 0.000000e+00
      outer loop
         vertex 3.095901e+01 0.000000e+00 2.635662e+01
         vertex 3.129796e+01 0.000000e+00 2.601767e+01
         vertex 3.347067e+01 0.000000e+00 2.625000e+01
      endloop
   endfacet
   facet normal 0.000000e+00 -1.000000e+00 0.000000e+00
      outer loop
         vertex 3.347067e+01 0.000000e+00 2.625000e+01
         vertex 3.129796e+01 0.000000e+00 2.601767e+01
         vertex 3.157291e+01 0.000000e+00 2.562500e+01
      endloop
   endfacet
   facet normal 0.000000e+00 -1.000000e+00 0.000000e+00
      outer loop
         vertex 3.347067e+01 0.000000e+00 2.625000e+01
         vertex 3.157291e+01 0.000000e+00 2.562500e+01
         vertex 3.177550e+01 0.000000e+00 2.519056e+01
      endloop
   endfacet
   facet normal 0.000000e+00 -1.000000e+00 0.000000e+00
      outer loop
         vertex 3.347067e+01 0.000000e+00 1.750000e+01
         vertex 3.177550e+01 0.000000e+00 2.330944e+01
         vertex 3.157291e+01 0.000000e+00 2.287500e+01
      endloop
   endfacet
   facet normal 0.000000e+00 -1.000000e+00 0.000000e+00
      outer loop
         vertex 2.597067e+01 0.000000e+00 1.750000e+01
         vertex 2.871381e+01 0.000000e+00 2.154178e+01
         vertex 2.825079e+01 0.000000e+00 2.166585e+01
      endloop
   endfacet
   facet normal -0.000000e+00 -1.000000e+00 0.000000e+00
      outer loop
         vertex 2.825079e+01 0.000000e+00 2.166585e+01
         vertex 2.781634e+01 0.000000e+00 2.186843e+01
         vertex 2.597067e+01 0.000000e+00 1.750000e+01
      endloop
   endfacet
   facet normal 0.000000e+00 -1.000000e+00 0.000000e+00
      outer loop
         vertex 2.597067e+01 0.000000e+00 1.750000e+01
         vertex 2.781634e+01 0.000000e+00 2.186843e+01
         vertex 2.742368e+01 0.000000e+00 2.214338e+01
      endloop
   endfacet
   facet normal 0.000000e+00 -1.000000e+00 0.000000e+00
      outer loop
         vertex 2.597067e+01 0.000000e+00 1.750000e+01
         vertex 2.742368e+01 0.000000e+00 2.214338e+01
         vertex 2.708472e+01 0.000000e+00 2.248233e+01
      endloop
   endfacet
   facet normal 0.000000e+00 -1.000000e+00 0.000000e+00
      outer loop
         vertex 2.680977e+01 0.000000e+00 2.562500e+01
         vertex 2.708472e+01 0.000000e+00 2.601767e+01
         vertex 2.597067e+01 0.000000e+00 2.625000e+01
      endloop
   endfacet
   facet normal 0.000000e+00 -1.000000e+00 0.000000e+00
      outer loop
         vertex 2.597067e+01 0.000000e+00 2.625000e+01
         vertex 2.708472e+01 0.000000e+00 2.601767e+01
         vertex 2.742368e+01 0.000000e+00 2.635662e+01
      endloop
   endfacet
   facet normal 0.000000e+00 -1.000000e+00 0.000000e+00
      outer loop
         vertex 2.597067e+01 0.000000e+00 2.625000e+01
         vertex 2.742368e+01 0.000000e+00 2.635662e+01
         vertex 2.597067e+01 0.000000e+00 2.762500e+01
      endloop
   endfacet
   facet normal 0.000000e+00 -1.000000e+00 0.000000e+00
      outer loop
         vertex 2.597067e+01 0.000000e+00 2.762500e+01
         vertex 2.742368e+01 0.000000e+00 2.635662e+01
         vertex 2.781634e+01 0.000000e+00 2.663157e+01
      endloop
   endfacet
   facet normal 0.000000e+00 -1.000000e+00 0.000000e+00
      outer loop
         vertex 2.597067e+01 0.000000e+00 2.762500e+01
         vertex 2.781634e+01 0.000000e+00 2.663157e+01
         vertex 2.825079e+01 0.000000e+00 2.683415e+01
      endloop
   endfacet
   facet normal 0.000000e+00 -1.000000e+00 0.000000e+00
      outer loop
         vertex 3.177550e+01 0.000000e+00 2.519056e+01
         vertex 3.189956e+01 0.000000e+00 2.472753e+01
         vertex 3.347067e+01 0.000000e+00 2.625000e+01
      endloop
   endfacet
   facet normal 0.000000e+00 -1.000000e+00 0.000000e+00
      outer loop
         vertex 3.347067e+01 0.000000e+00 2.625000e+01
         vertex 3.189956e+01 0.000000e+00 2.472753e+01
         vertex 3.194134e+01 0.000000e+00 2.425000e+01
      endloop
   endfacet
   facet normal 0.000000e+00 -1.000000e+00 -0.000000e+00
      outer loop
         vertex 3.347067e+01 0.000000e+00 2.625000e+01
         vertex 3.194134e+01 0.000000e+00 2.425000e+01
         vertex 3.347067e+01 0.000000e+00 1.750000e+01
      endloop
   endfacet
   facet normal 0.000000e+00 -1.000000e+00 0.000000e+00
      outer loop
         vertex 3.347067e+01 0.000000e+00 1.750000e+01
         vertex 3.194134e+01 0.000000e+00 2.425000e+01
         vertex 3.189956e+01 0.000000e+00 2.377247e+01
      endloop
   endfacet
   facet normal 0.000000e+00 -1.000000e+00 0.000000e+00
      outer loop
         vertex 3.347067e+01 0.000000e+00 1.750000e+01
         vertex 3.189956e+01 0.000000e+00 2.377247e+01
         vertex 3.177550e+01 0.000000e+00 2.330944e+01
      endloop
   endfacet
   facet normal 0.000000e+00 -1.000000e+00 -0.000000e+00
      outer loop
         vertex 3.157291e+01 0.000000e+00 2.287500e+01
         vertex 3.129796e+01 0.000000e+00 2.248233e+01
         vertex 3.347067e+01 0.000000e+00 1.750000e+01
      endloop
   endfacet
   facet normal 0.000000e+00 -1.000000e+00 0.000000e+00
      outer loop
         vertex 3.347067e+01 0.000000e+00 1.750000e+01
         vertex 3.129796e+01 0.000000e+00 2.248233e+01
         vertex 3.095901e+01 0.000000e+00 2.214338e+01
      endloop
   endfacet
   facet normal 0.000000e+00 -1.000000e+00 0.000000e+00
      outer loop
         vertex 3.347067e+01 0.000000e+00 1.750000e+01
         vertex 3.095901e+01 0.000000e+00 2.214338e+01
         vertex 3.056634e+01 0.000000e+00 2.186843e+01
      endloop
   endfacet
   facet normal 0.000000e+00 -1.000000e+00 -0.000000e+00
      outer loop
         vertex 3.056634e+01 0.000000e+00 2.186843e+01
         vertex 3.013190e+01 0.000000e+00 2.166585e+01
         vertex 3.347067e+01 0.000000e+00 1.750000e+01
      endloop
   endfacet
   facet normal 0.000000e+00 -1.000000e+00 0.000000e+00
      outer loop
         vertex 3.347067e+01 0.000000e+00 1.750000e+01
         vertex 3.013190e+01 0.000000e+00 2.166585e+01
         vertex 2.966888e+01 0.000000e+00 2.154178e+01
      endloop
   endfacet
   facet normal 0.000000e+00 -1.000000e+00 0.000000e+00
      outer loop
         vertex 3.347067e+01 0.000000e+00 1.750000e+01
         vertex 2.966888e+01 0.000000e+00 2.154178e+01
         vertex 2.597067e+01 0.000000e+00 1.750000e+01
      endloop
   endfacet
   facet normal 0.000000e+00 -1.000000e+00 0.000000e+00
      outer loop
         vertex 2.597067e+01 0.000000e+00 1.750000e+01
         vertex 2.966888e+01 0.000000e+00 2.154178e+01
         vertex 2.919134e+01 0.000000e+00 2.150000e+01
      endloop
   endfacet
   facet normal 0.000000e+00 -1.000000e+00 0.000000e+00
      outer loop
         vertex 2.597067e+01 0.000000e+00 1.750000e+01
         vertex 2.919134e+01 0.000000e+00 2.150000e+01
         vertex 2.871381e+01 0.000000e+00 2.154178e+01
      endloop
   endfacet
   facet normal -0.000000e+00 -1.000000e+00 0.000000e+00
      outer loop
         vertex 2.708472e+01 0.000000e+00 2.248233e+01
         vertex 2.680977e+01 0.000000e+00 2.287500e+01
         vertex 2.597067e+01 0.000000e+00 1.750000e+01
      endloop
   endfacet
   facet normal 0.000000e+00 -1.000000e+00 0.000000e+00
      outer loop
         vertex 2.597067e+01 0.000000e+00 1.750000e+01
         vertex 2.680977e+01 0.000000e+00 2.287500e+01
         vertex 2.660719e+01 0.000000e+00 2.330944e+01
      endloop
   endfacet
   facet normal 0.000000e+00 -1.000000e+00 0.000000e+00
      outer loop
         vertex 2.597067e+01 0.000000e+00 1.750000e+01
         vertex 2.660719e+01 0.000000e+00 2.330944e+01
         vertex 2.648312e+01 0.000000e+00 2.377247e+01
      endloop
   endfacet
   facet normal 0.000000e+00 -1.000000e+00 0.000000e+00
      outer loop
         vertex 2.644134e+01 0.000000e+00 2.425000e+01
         vertex 2.648312e+01 0.000000e+00 2.472753e+01
         vertex 2.597067e+01 0.000000e+00 2.625000e+01
      endloop
   endfacet
   facet normal 0.000000e+00 -1.000000e+00 0.000000e+00
      outer loop
         vertex 2.597067e+01 0.000000e+00 2.625000e+01
         vertex 2.648312e+01 0.000000e+00 2.472753e+01
         vertex 2.660719e+01 0.000000e+00 2.519056e+01
      endloop
   endfacet
   facet normal 0.000000e+00 -1.000000e+00 0.000000e+00
      outer loop
         vertex 2.597067e+01 0.000000e+00 2.625000e+01
         vertex 2.660719e+01 0.000000e+00 2.519056e+01
         vertex 2.680977e+01 0.000000e+00 2.562500e+01
      endloop
   endfacet
   facet normal 0.000000e+00 -1.000000e+00 0.000000e+00
      outer loop
         vertex 1.612500e+01 0.000000e+00 3.338157e+01
         vertex 1.655944e+01 0.000000e+00 3.358416e+01
         vertex 1.750000e+01 0.000000e+00 3.504575e+01
      endloop
   endfacet
   facet normal -0.000000e+00 -1.000000e+00 0.000000e+00
      outer loop
         vertex 1.702247e+01 0.000000e+00 2.829178e+01
         vertex 1.655944e+01 0.000000e+00 2.841585e+01
         vertex 1.029440e+01 0.000000e+00 2.762500e+01
      endloop
   endfacet
   facet normal 0.000000e+00 -1.000000e+00 0.000000e+00
      outer loop
         vertex 1.029440e+01 0.000000e+00 2.762500e+01
         vertex 1.655944e+01 0.000000e+00 2.841585e+01
         vertex 1.612500e+01 0.000000e+00 2.861843e+01
      endloop
   endfacet
   facet normal 0.000000e+00 -1.000000e+00 0.000000e+00
      outer loop
         vertex 1.029440e+01 0.000000e+00 2.762500e+01
         vertex 1.612500e+01 0.000000e+00 2.861843e+01
         vertex 1.573233e+01 0.000000e+00 2.889338e+01
      endloop
   endfacet
   facet normal -0.000000e+00 -1.000000e+00 0.000000e+00
      outer loop
         vertex 1.573233e+01 0.000000e+00 2.889338e+01
         vertex 1.539338e+01 0.000000e+00 2.923233e+01
         vertex 1.029440e+01 0.000000e+00 2.762500e+01
      endloop
   endfacet
   facet normal 0.000000e+00 -1.000000e+00 0.000000e+00
      outer loop
         vertex 1.029440e+01 0.000000e+00 2.762500e+01
         vertex 1.539338e+01 0.000000e+00 2.923233e+01
         vertex 1.511843e+01 0.000000e+00 2.962500e+01
      endloop
   endfacet
   facet normal 0.000000e+00 -1.000000e+00 0.000000e+00
      outer loop
         vertex 1.029440e+01 0.000000e+00 2.762500e+01
         vertex 1.511843e+01 0.000000e+00 2.962500e+01
         vertex 1.491585e+01 0.000000e+00 3.005944e+01
      endloop
   endfacet
   facet normal 0.000000e+00 -1.000000e+00 0.000000e+00
      outer loop
         vertex 1.491585e+01 0.000000e+00 3.194056e+01
         vertex 1.511843e+01 0.000000e+00 3.237500e+01
         vertex 1.029440e+01 0.000000e+00 3.504575e+01
      endloop
   endfacet
   facet normal 0.000000e+00 -1.000000e+00 0.000000e+00
      outer loop
         vertex 1.029440e+01 0.000000e+00 3.504575e+01
         vertex 1.511843e+01 0.000000e+00 3.237500e+01
         vertex 1.539338e+01 0.000000e+00 3.276767e+01
      endloop
   endfacet
   facet normal 0.000000e+00 -1.000000e+00 0.000000e+00
      outer loop
         vertex 1.029440e+01 0.000000e+00 3.504575e+01
         vertex 1.539338e+01 0.000000e+00 3.276767e+01
         vertex 1.573233e+01 0.000000e+00 3.310662e+01
      endloop
   endfacet
   facet normal -0.000000e+00 -1.000000e+00 0.000000e+00
      outer loop
         vertex 1.491585e+01 0.000000e+00 3.005944e+01
         vertex 1.479178e+01 0.000000e+00 3.052247e+01
         vertex 1.029440e+01 0.000000e+00 2.762500e+01
      endloop
   endfacet
   facet normal 0.000000e+00 -1.000000e+00 0.000000e+00
      outer loop
         vertex 1.029440e+01 0.000000e+00 2.762500e+01
         vertex 1.479178e+01 0.000000e+00 3.052247e+01
         vertex 1.475000e+01 0.000000e+00 3.100000e+01
      endloop
   endfacet
   facet normal 0.000000e+00 -1.000000e+00 0.000000e+00
      outer loop
         vertex 1.029440e+01 0.000000e+00 2.762500e+01
         vertex 1.475000e+01 0.000000e+00 3.100000e+01
         vertex 1.029440e+01 0.000000e+00 3.504575e+01
      endloop
   endfacet
   facet normal 0.000000e+00 -1.000000e+00 0.000000e+00
      outer loop
         vertex 1.029440e+01 0.000000e+00 3.504575e+01
         vertex 1.475000e+01 0.000000e+00 3.100000e+01
         vertex 1.479178e+01 0.000000e+00 3.147753e+01
      endloop
   endfacet
   facet normal 0.000000e+00 -1.000000e+00 0.000000e+00
      outer loop
         vertex 1.029440e+01 0.000000e+00 3.504575e+01
         vertex 1.479178e+01 0.000000e+00 3.147753e+01
         vertex 1.491585e+01 0.000000e+00 3.194056e+01
      endloop
   endfacet
   facet normal 0.000000e+00 -1.000000e+00 0.000000e+00
      outer loop
         vertex 1.655944e+01 0.000000e+00 3.358416e+01
         vertex 1.702247e+01 0.000000e+00 3.370822e+01
         vertex 1.750000e+01 0.000000e+00 3.504575e+01
      endloop
   endfacet
   facet normal 0.000000e+00 -1.000000e+00 -0.000000e+00
      outer loop
         vertex 1.750000e+01 0.000000e+00 3.504575e+01
         vertex 1.702247e+01 0.000000e+00 3.370822e+01
         vertex 1.750000e+01 0.000000e+00 3.375000e+01
      endloop
   endfacet
   facet normal 0.000000e+00 -1.000000e+00 0.000000e+00
      outer loop
         vertex 1.750000e+01 0.000000e+00 3.504575e+01
         vertex 1.750000e+01 0.000000e+00 3.375000e+01
         vertex 1.797753e+01 0.000000e+00 3.370822e+01
      endloop
   endfacet
   facet normal 0.000000e+00 -1.000000e+00 0.000000e+00
      outer loop
         vertex 2.470560e+01 0.000000e+00 2.762500e+01
         vertex 2.470560e+01 0.000000e+00 3.504575e+01
         vertex 2.000321e+01 0.000000e+00 3.459150e+01
      endloop
   endfacet
   facet normal 0.000000e+00 -1.000000e+00 0.000000e+00
      outer loop
         vertex 2.000321e+01 0.000000e+00 3.459150e+01
         vertex 2.470560e+01 0.000000e+00 3.504575e+01
         vertex 1.750000e+01 0.000000e+00 3.504575e+01
      endloop
   endfacet
   facet normal 0.000000e+00 -1.000000e+00 0.000000e+00
      outer loop
         vertex 2.000321e+01 0.000000e+00 3.459150e+01
         vertex 1.750000e+01 0.000000e+00 3.504575e+01
         vertex 1.987631e+01 0.000000e+00 3.459150e+01
      endloop
   endfacet
   facet normal -0.000000e+00 -1.000000e+00 0.000000e+00
      outer loop
         vertex 1.987631e+01 0.000000e+00 3.459150e+01
         vertex 1.750000e+01 0.000000e+00 3.504575e+01
         vertex 1.797753e+01 0.000000e+00 3.370822e+01
      endloop
   endfacet
   facet normal 0.000000e+00 -1.000000e+00 0.000000e+00
      outer loop
         vertex 1.926767e+01 0.000000e+00 3.310662e+01
         vertex 1.992857e+01 0.000000e+00 3.453003e+01
         vertex 1.887500e+01 0.000000e+00 3.338157e+01
      endloop
   endfacet
   facet normal 0.000000e+00 -1.000000e+00 0.000000e+00
      outer loop
         vertex 1.887500e+01 0.000000e+00 3.338157e+01
         vertex 1.992857e+01 0.000000e+00 3.453003e+01
         vertex 1.987631e+01 0.000000e+00 3.459150e+01
      endloop
   endfacet
   facet normal 0.000000e+00 -1.000000e+00 0.000000e+00
      outer loop
         vertex 1.887500e+01 0.000000e+00 3.338157e+01
         vertex 1.987631e+01 0.000000e+00 3.459150e+01
         vertex 1.844056e+01 0.000000e+00 3.358416e+01
      endloop
   endfacet
   facet normal 0.000000e+00 -1.000000e+00 0.000000e+00
      outer loop
         vertex 1.844056e+01 0.000000e+00 3.358416e+01
         vertex 1.987631e+01 0.000000e+00 3.459150e+01
         vertex 1.797753e+01 0.000000e+00 3.370822e+01
      endloop
   endfacet
   facet normal 0.000000e+00 -1.000000e+00 0.000000e+00
      outer loop
         vertex 2.020822e+01 0.000000e+00 3.147753e+01
         vertex 2.025000e+01 0.000000e+00 3.100000e+01
         vertex 2.470560e+01 0.000000e+00 2.762500e+01
      endloop
   endfacet
   facet normal 0.000000e+00 -1.000000e+00 0.000000e+00
      outer loop
         vertex 2.470560e+01 0.000000e+00 2.762500e+01
         vertex 2.025000e+01 0.000000e+00 3.100000e+01
         vertex 2.020822e+01 0.000000e+00 3.052247e+01
      endloop
   endfacet
   facet normal 0.000000e+00 -1.000000e+00 -0.000000e+00
      outer loop
         vertex 1.960662e+01 0.000000e+00 2.923233e+01
         vertex 1.926767e+01 0.000000e+00 2.889338e+01
         vertex 2.470560e+01 0.000000e+00 2.762500e+01
      endloop
   endfacet
   facet normal 0.000000e+00 -1.000000e+00 0.000000e+00
      outer loop
         vertex 2.470560e+01 0.000000e+00 2.762500e+01
         vertex 1.926767e+01 0.000000e+00 2.889338e+01
         vertex 1.887500e+01 0.000000e+00 2.861843e+01
      endloop
   endfacet
   facet normal 0.000000e+00 -1.000000e+00 0.000000e+00
      outer loop
         vertex 2.470560e+01 0.000000e+00 2.762500e+01
         vertex 1.887500e+01 0.000000e+00 2.861843e+01
         vertex 1.844056e+01 0.000000e+00 2.841585e+01
      endloop
   endfacet
   facet normal 0.000000e+00 -1.000000e+00 0.000000e+00
      outer loop
         vertex 1.926767e+01 0.000000e+00 3.310662e+01
         vertex 1.960662e+01 0.000000e+00 3.276767e+01
         vertex 1.992857e+01 0.000000e+00 3.453003e+01
      endloop
   endfacet
   facet normal 0.000000e+00 -1.000000e+00 0.000000e+00
      outer loop
         vertex 1.992857e+01 0.000000e+00 3.453003e+01
         vertex 1.960662e+01 0.000000e+00 3.276767e+01
         vertex 1.988157e+01 0.000000e+00 3.237500e+01
      endloop
   endfacet
   facet normal 0.000000e+00 -1.000000e+00 -0.000000e+00
      outer loop
         vertex 1.992857e+01 0.000000e+00 3.453003e+01
         vertex 1.988157e+01 0.000000e+00 3.237500e+01
         vertex 2.470560e+01 0.000000e+00 2.762500e+01
      endloop
   endfacet
   facet normal 0.000000e+00 -1.000000e+00 0.000000e+00
      outer loop
         vertex 2.470560e+01 0.000000e+00 2.762500e+01
         vertex 1.988157e+01 0.000000e+00 3.237500e+01
         vertex 2.008415e+01 0.000000e+00 3.194056e+01
      endloop
   endfacet
   facet normal 0.000000e+00 -1.000000e+00 0.000000e+00
      outer loop
         vertex 2.470560e+01 0.000000e+00 2.762500e+01
         vertex 2.008415e+01 0.000000e+00 3.194056e+01
         vertex 2.020822e+01 0.000000e+00 3.147753e+01
      endloop
   endfacet
   facet normal 0.000000e+00 -1.000000e+00 -0.000000e+00
      outer loop
         vertex 2.020822e+01 0.000000e+00 3.052247e+01
         vertex 2.008415e+01 0.000000e+00 3.005944e+01
         vertex 2.470560e+01 0.000000e+00 2.762500e+01
      endloop
   endfacet
   facet normal 0.000000e+00 -1.000000e+00 0.000000e+00
      outer loop
         vertex 2.470560e+01 0.000000e+00 2.762500e+01
         vertex 2.008415e+01 0.000000e+00 3.005944e+01
         vertex 1.988157e+01 0.000000e+00 2.962500e+01
      endloop
   endfacet
   facet normal 0.000000e+00 -1.000000e+00 0.000000e+00
      outer loop
         vertex 2.470560e+01 0.000000e+00 2.762500e+01
         vertex 1.988157e+01 0.000000e+00 2.962500e+01
         vertex 1.960662e+01 0.000000e+00 2.923233e+01
      endloop
   endfacet
   facet normal 0.000000e+00 -1.000000e+00 0.000000e+00
      outer loop
         vertex 1.844056e+01 0.000000e+00 2.841585e+01
         vertex 1.797753e+01 0.000000e+00 2.829178e+01
         vertex 1.750000e+01 0.000000e+00 2.762500e+01
      endloop
   endfacet
   facet normal 0.000000e+00 -1.000000e+00 0.000000e+00
      outer loop
         vertex 1.750000e+01 0.000000e+00 2.762500e+01
         vertex 1.797753e+01 0.000000e+00 2.829178e+01
         vertex 1.750000e+01 0.000000e+00 2.825000e+01
      endloop
   endfacet
   facet normal 0.000000e+00 -1.000000e+00 0.000000e+00
      outer loop
         vertex 1.750000e+01 0.000000e+00 2.762500e+01
         vertex 1.750000e+01 0.000000e+00 2.825000e+01
         vertex 1.702247e+01 0.000000e+00 2.829178e+01
      endloop
   endfacet
   facet normal 0.000000e+00 -1.000000e+00 0.000000e+00
      outer loop
         vertex 2.501754e+01 0.000000e+00 2.023616e+01
         vertex 2.537846e+01 0.000000e+00 1.888919e+01
         vertex 2.597067e+01 0.000000e+00 2.625000e+01
      endloop
   endfacet
   facet normal 0.000000e+00 -1.000000e+00 -0.000000e+00
      outer loop
         vertex 2.597067e+01 0.000000e+00 2.625000e+01
         vertex 2.537846e+01 0.000000e+00 1.888919e+01
         vertex 2.597067e+01 0.000000e+00 1.750000e+01
      endloop
   endfacet
   facet normal 0.000000e+00 -1.000000e+00 0.000000e+00
      outer loop
         vertex 2.597067e+01 0.000000e+00 2.625000e+01
         vertex 2.597067e+01 0.000000e+00 1.750000e+01
         vertex 2.644134e+01 0.000000e+00 2.425000e+01
      endloop
   endfacet
   facet normal 0.000000e+00 -1.000000e+00 -0.000000e+00
      outer loop
         vertex 2.644134e+01 0.000000e+00 2.425000e+01
         vertex 2.597067e+01 0.000000e+00 1.750000e+01
         vertex 2.648312e+01 0.000000e+00 2.377247e+01
      endloop
   endfacet
   facet normal 0.000000e+00 -1.000000e+00 -0.000000e+00
      outer loop
         vertex 1.750000e+01 0.000000e+00 2.625000e+01
         vertex 1.750000e+01 0.000000e+00 2.550000e+01
         vertex 1.888919e+01 0.000000e+00 2.537846e+01
      endloop
   endfacet
   facet normal 0.000000e+00 -1.000000e+00 0.000000e+00
      outer loop
         vertex 2.023616e+01 0.000000e+00 2.501754e+01
         vertex 2.150000e+01 0.000000e+00 2.442820e+01
         vertex 2.470560e+01 0.000000e+00 2.625000e+01
      endloop
   endfacet
   facet normal 0.000000e+00 -1.000000e+00 0.000000e+00
      outer loop
         vertex 2.470560e+01 0.000000e+00 2.625000e+01
         vertex 2.150000e+01 0.000000e+00 2.442820e+01
         vertex 2.264230e+01 0.000000e+00 2.362836e+01
      endloop
   endfacet
   facet normal 0.000000e+00 -1.000000e+00 0.000000e+00
      outer loop
         vertex 2.470560e+01 0.000000e+00 2.625000e+01
         vertex 2.264230e+01 0.000000e+00 2.362836e+01
         vertex 2.362836e+01 0.000000e+00 2.264230e+01
      endloop
   endfacet
   facet normal 0.000000e+00 -1.000000e+00 0.000000e+00
      outer loop
         vertex 1.057180e+01 0.000000e+00 2.150000e+01
         vertex 1.137164e+01 0.000000e+00 2.264230e+01
         vertex 1.029440e+01 0.000000e+00 2.625000e+01
      endloop
   endfacet
   facet normal 0.000000e+00 -1.000000e+00 0.000000e+00
      outer loop
         vertex 1.029440e+01 0.000000e+00 2.625000e+01
         vertex 1.137164e+01 0.000000e+00 2.264230e+01
         vertex 1.235770e+01 0.000000e+00 2.362836e+01
      endloop
   endfacet
   facet normal 0.000000e+00 -1.000000e+00 0.000000e+00
      outer loop
         vertex 1.235770e+01 0.000000e+00 2.362836e+01
         vertex 1.350000e+01 0.000000e+00 2.442820e+01
         vertex 1.029440e+01 0.000000e+00 2.625000e+01
      endloop
   endfacet
   facet normal 0.000000e+00 -1.000000e+00 0.000000e+00
      outer loop
         vertex 1.029440e+01 0.000000e+00 2.625000e+01
         vertex 1.350000e+01 0.000000e+00 2.442820e+01
         vertex 1.476384e+01 0.000000e+00 2.501754e+01
      endloop
   endfacet
   facet normal 0.000000e+00 -1.000000e+00 0.000000e+00
      outer loop
         vertex 1.029440e+01 0.000000e+00 2.625000e+01
         vertex 1.476384e+01 0.000000e+00 2.501754e+01
         vertex 1.611081e+01 0.000000e+00 2.537846e+01
      endloop
   endfacet
   facet normal 0.000000e+00 -1.000000e+00 0.000000e+00
      outer loop
         vertex 9.029329e+00 0.000000e+00 1.750000e+01
         vertex 9.500000e+00 0.000000e+00 1.750000e+01
         vertex 9.621538e+00 0.000000e+00 1.888919e+01
      endloop
   endfacet
   facet normal 0.000000e+00 -1.000000e+00 0.000000e+00
      outer loop
         vertex 8.558657e+00 0.000000e+00 2.425000e+01
         vertex 9.029329e+00 0.000000e+00 1.750000e+01
         vertex 9.029329e+00 0.000000e+00 2.625000e+01
      endloop
   endfacet
   facet normal 0.000000e+00 -1.000000e+00 0.000000e+00
      outer loop
         vertex 9.029329e+00 0.000000e+00 2.625000e+01
         vertex 9.029329e+00 0.000000e+00 1.750000e+01
         vertex 9.621538e+00 0.000000e+00 1.888919e+01
      endloop
   endfacet
   facet normal 0.000000e+00 -1.000000e+00 0.000000e+00
      outer loop
         vertex 9.029329e+00 0.000000e+00 2.625000e+01
         vertex 9.621538e+00 0.000000e+00 1.888919e+01
         vertex 9.982459e+00 0.000000e+00 2.023616e+01
      endloop
   endfacet
   facet normal 0.000000e+00 -1.000000e+00 0.000000e+00
      outer loop
         vertex 8.558657e+00 0.000000e+00 1.075000e+01
         vertex 9.029329e+00 0.000000e+00 8.750000e+00
         vertex 9.029329e+00 0.000000e+00 1.750000e+01
      endloop
   endfacet
   facet normal 0.000000e+00 -1.000000e+00 0.000000e+00
      outer loop
         vertex 9.029329e+00 0.000000e+00 1.750000e+01
         vertex 9.029329e+00 0.000000e+00 8.750000e+00
         vertex 9.621538e+00 0.000000e+00 1.611081e+01
      endloop
   endfacet
   facet normal 0.000000e+00 -1.000000e+00 0.000000e+00
      outer loop
         vertex 9.029329e+00 0.000000e+00 1.750000e+01
         vertex 9.621538e+00 0.000000e+00 1.611081e+01
         vertex 9.500000e+00 0.000000e+00 1.750000e+01
      endloop
   endfacet
   facet normal 0.000000e+00 -1.000000e+00 0.000000e+00
      outer loop
         vertex 1.029440e+01 0.000000e+00 8.750000e+00
         vertex 1.350000e+01 0.000000e+00 1.057180e+01
         vertex 1.235770e+01 0.000000e+00 1.137164e+01
      endloop
   endfacet
   facet normal 0.000000e+00 -1.000000e+00 0.000000e+00
      outer loop
         vertex 1.750000e+01 0.000000e+00 8.750000e+00
         vertex 1.611081e+01 0.000000e+00 9.621538e+00
         vertex 1.029440e+01 0.000000e+00 8.750000e+00
      endloop
   endfacet
   facet normal 0.000000e+00 -1.000000e+00 0.000000e+00
      outer loop
         vertex 1.029440e+01 0.000000e+00 8.750000e+00
         vertex 1.611081e+01 0.000000e+00 9.621538e+00
         vertex 1.476384e+01 0.000000e+00 9.982459e+00
      endloop
   endfacet
   facet normal 0.000000e+00 -1.000000e+00 0.000000e+00
      outer loop
         vertex 1.029440e+01 0.000000e+00 8.750000e+00
         vertex 1.476384e+01 0.000000e+00 9.982459e+00
         vertex 1.350000e+01 0.000000e+00 1.057180e+01
      endloop
   endfacet
   facet normal -0.000000e+00 -1.000000e+00 0.000000e+00
      outer loop
         vertex 1.235770e+01 0.000000e+00 1.137164e+01
         vertex 1.137164e+01 0.000000e+00 1.235770e+01
         vertex 1.029440e+01 0.000000e+00 8.750000e+00
      endloop
   endfacet
   facet normal 0.000000e+00 -1.000000e+00 0.000000e+00
      outer loop
         vertex 1.029440e+01 0.000000e+00 8.750000e+00
         vertex 1.137164e+01 0.000000e+00 1.235770e+01
         vertex 1.057180e+01 0.000000e+00 1.350000e+01
      endloop
   endfacet
   facet normal 0.000000e+00 -1.000000e+00 0.000000e+00
      outer loop
         vertex 1.029440e+01 0.000000e+00 8.750000e+00
         vertex 1.057180e+01 0.000000e+00 1.350000e+01
         vertex 9.029329e+00 0.000000e+00 8.750000e+00
      endloop
   endfacet
   facet normal 0.000000e+00 -1.000000e+00 0.000000e+00
      outer loop
         vertex 9.029329e+00 0.000000e+00 8.750000e+00
         vertex 1.057180e+01 0.000000e+00 1.350000e+01
         vertex 9.982459e+00 0.000000e+00 1.476384e+01
      endloop
   endfacet
   facet normal 0.000000e+00 -1.000000e+00 0.000000e+00
      outer loop
         vertex 9.029329e+00 0.000000e+00 8.750000e+00
         vertex 9.982459e+00 0.000000e+00 1.476384e+01
         vertex 9.621538e+00 0.000000e+00 1.611081e+01
      endloop
   endfacet
   facet normal 0.000000e+00 -1.000000e+00 0.000000e+00
      outer loop
         vertex 2.470560e+01 0.000000e+00 8.750000e+00
         vertex 1.888919e+01 0.000000e+00 9.621538e+00
         vertex 1.750000e+01 0.000000e+00 8.750000e+00
      endloop
   endfacet
   facet normal 0.000000e+00 -1.000000e+00 0.000000e+00
      outer loop
         vertex 1.750000e+01 0.000000e+00 8.750000e+00
         vertex 1.888919e+01 0.000000e+00 9.621538e+00
         vertex 1.750000e+01 0.000000e+00 9.500000e+00
      endloop
   endfacet
   facet normal 0.000000e+00 -1.000000e+00 0.000000e+00
      outer loop
         vertex 1.750000e+01 0.000000e+00 8.750000e+00
         vertex 1.750000e+01 0.000000e+00 9.500000e+00
         vertex 1.611081e+01 0.000000e+00 9.621538e+00
      endloop
   endfacet
   facet normal 0.000000e+00 -1.000000e+00 0.000000e+00
      outer loop
         vertex 2.470560e+01 0.000000e+00 8.750000e+00
         vertex 2.362836e+01 0.000000e+00 1.235770e+01
         vertex 2.264230e+01 0.000000e+00 1.137164e+01
      endloop
   endfacet
   facet normal 0.000000e+00 -1.000000e+00 -0.000000e+00
      outer loop
         vertex 2.264230e+01 0.000000e+00 1.137164e+01
         vertex 2.150000e+01 0.000000e+00 1.057180e+01
         vertex 2.470560e+01 0.000000e+00 8.750000e+00
      endloop
   endfacet
   facet normal 0.000000e+00 -1.000000e+00 0.000000e+00
      outer loop
         vertex 2.470560e+01 0.000000e+00 8.750000e+00
         vertex 2.150000e+01 0.000000e+00 1.057180e+01
         vertex 2.023616e+01 0.000000e+00 9.982459e+00
      endloop
   endfacet
   facet normal 0.000000e+00 -1.000000e+00 0.000000e+00
      outer loop
         vertex 2.470560e+01 0.000000e+00 8.750000e+00
         vertex 2.023616e+01 0.000000e+00 9.982459e+00
         vertex 1.888919e+01 0.000000e+00 9.621538e+00
      endloop
   endfacet
   facet normal 0.000000e+00 -1.000000e+00 0.000000e+00
      outer loop
         vertex 2.537846e+01 0.000000e+00 1.888919e+01
         vertex 2.550000e+01 0.000000e+00 1.750000e+01
         vertex 2.597067e+01 0.000000e+00 1.750000e+01
      endloop
   endfacet
   facet normal -0.000000e+00 -1.000000e+00 0.000000e+00
      outer loop
         vertex 2.597067e+01 0.000000e+00 1.750000e+01
         vertex 2.550000e+01 0.000000e+00 1.750000e+01
         vertex 2.537846e+01 0.000000e+00 1.611081e+01
      endloop
   endfacet
   facet normal 0.000000e+00 -1.000000e+00 -0.000000e+00
      outer loop
         vertex 2.597067e+01 0.000000e+00 1.750000e+01
         vertex 2.537846e+01 0.000000e+00 1.611081e+01
         vertex 2.597067e+01 0.000000e+00 8.750000e+00
      endloop
   endfacet
   facet normal 0.000000e+00 -1.000000e+00 0.000000e+00
      outer loop
         vertex 2.597067e+01 0.000000e+00 8.750000e+00
         vertex 2.537846e+01 0.000000e+00 1.611081e+01
         vertex 2.501754e+01 0.000000e+00 1.476384e+01
      endloop
   endfacet
   facet normal 0.000000e+00 -1.000000e+00 0.000000e+00
      outer loop
         vertex 2.597067e+01 0.000000e+00 8.750000e+00
         vertex 2.501754e+01 0.000000e+00 1.476384e+01
         vertex 2.470560e+01 0.000000e+00 8.750000e+00
      endloop
   endfacet
   facet normal 0.000000e+00 -1.000000e+00 0.000000e+00
      outer loop
         vertex 2.470560e+01 0.000000e+00 8.750000e+00
         vertex 2.501754e+01 0.000000e+00 1.476384e+01
         vertex 2.442820e+01 0.000000e+00 1.350000e+01
      endloop
   endfacet
   facet normal 0.000000e+00 -1.000000e+00 0.000000e+00
      outer loop
         vertex 2.470560e+01 0.000000e+00 8.750000e+00
         vertex 2.442820e+01 0.000000e+00 1.350000e+01
         vertex 2.362836e+01 0.000000e+00 1.235770e+01
      endloop
   endfacet
   facet normal 0.000000e+00 -1.000000e+00 0.000000e+00
      outer loop
         vertex 1.750000e+01 0.000000e+00 5.267584e+01
         vertex 1.784730e+01 0.000000e+00 5.146961e+01
         vertex 1.818404e+01 0.000000e+00 5.137938e+01
      endloop
   endfacet
   facet normal 0.000000e+00 -1.000000e+00 0.000000e+00
      outer loop
         vertex 1.750000e+01 0.000000e+00 5.267584e+01
         vertex 1.818404e+01 0.000000e+00 5.137938e+01
         vertex 2.470560e+01 0.000000e+00 5.267584e+01
      endloop
   endfacet
   facet normal 0.000000e+00 -1.000000e+00 0.000000e+00
      outer loop
         vertex 2.470560e+01 0.000000e+00 5.267584e+01
         vertex 1.818404e+01 0.000000e+00 5.137938e+01
         vertex 1.850000e+01 0.000000e+00 5.123205e+01
      endloop
   endfacet
   facet normal 0.000000e+00 -1.000000e+00 0.000000e+00
      outer loop
         vertex 2.470560e+01 0.000000e+00 5.267584e+01
         vertex 1.850000e+01 0.000000e+00 5.123205e+01
         vertex 1.878558e+01 0.000000e+00 5.103209e+01
      endloop
   endfacet
   facet normal 0.000000e+00 -1.000000e+00 0.000000e+00
      outer loop
         vertex 2.470560e+01 0.000000e+00 3.504575e+01
         vertex 1.946962e+01 0.000000e+00 3.715270e+01
         vertex 1.937939e+01 0.000000e+00 3.681596e+01
      endloop
   endfacet
   facet normal 0.000000e+00 -1.000000e+00 0.000000e+00
      outer loop
         vertex 1.878558e+01 0.000000e+00 5.103209e+01
         vertex 1.903209e+01 0.000000e+00 5.078558e+01
         vertex 2.470560e+01 0.000000e+00 5.267584e+01
      endloop
   endfacet
   facet normal 0.000000e+00 -1.000000e+00 0.000000e+00
      outer loop
         vertex 2.470560e+01 0.000000e+00 5.267584e+01
         vertex 1.903209e+01 0.000000e+00 5.078558e+01
         vertex 1.923205e+01 0.000000e+00 5.050000e+01
      endloop
   endfacet
   facet normal 0.000000e+00 -1.000000e+00 0.000000e+00
      outer loop
         vertex 2.470560e+01 0.000000e+00 5.267584e+01
         vertex 1.923205e+01 0.000000e+00 5.050000e+01
         vertex 1.937939e+01 0.000000e+00 5.018404e+01
      endloop
   endfacet
   facet normal 0.000000e+00 -1.000000e+00 -0.000000e+00
      outer loop
         vertex 1.937939e+01 0.000000e+00 3.681596e+01
         vertex 1.923205e+01 0.000000e+00 3.650000e+01
         vertex 2.470560e+01 0.000000e+00 3.504575e+01
      endloop
   endfacet
   facet normal 0.000000e+00 -1.000000e+00 0.000000e+00
      outer loop
         vertex 2.470560e+01 0.000000e+00 3.504575e+01
         vertex 1.923205e+01 0.000000e+00 3.650000e+01
         vertex 1.903209e+01 0.000000e+00 3.621442e+01
      endloop
   endfacet
   facet normal 0.000000e+00 -1.000000e+00 0.000000e+00
      outer loop
         vertex 2.470560e+01 0.000000e+00 3.504575e+01
         vertex 1.903209e+01 0.000000e+00 3.621442e+01
         vertex 1.878558e+01 0.000000e+00 3.596791e+01
      endloop
   endfacet
   facet normal 0.000000e+00 -1.000000e+00 -0.000000e+00
      outer loop
         vertex 1.878558e+01 0.000000e+00 3.596791e+01
         vertex 1.850000e+01 0.000000e+00 3.576795e+01
         vertex 2.470560e+01 0.000000e+00 3.504575e+01
      endloop
   endfacet
   facet normal 0.000000e+00 -1.000000e+00 0.000000e+00
      outer loop
         vertex 2.470560e+01 0.000000e+00 3.504575e+01
         vertex 1.850000e+01 0.000000e+00 3.576795e+01
         vertex 1.818404e+01 0.000000e+00 3.562061e+01
      endloop
   endfacet
   facet normal 0.000000e+00 -1.000000e+00 0.000000e+00
      outer loop
         vertex 2.470560e+01 0.000000e+00 3.504575e+01
         vertex 1.818404e+01 0.000000e+00 3.562061e+01
         vertex 1.750000e+01 0.000000e+00 3.504575e+01
      endloop
   endfacet
   facet normal 0.000000e+00 -1.000000e+00 0.000000e+00
      outer loop
         vertex 1.750000e+01 0.000000e+00 3.504575e+01
         vertex 1.818404e+01 0.000000e+00 3.562061e+01
         vertex 1.784730e+01 0.000000e+00 3.553038e+01
      endloop
   endfacet
   facet normal 0.000000e+00 -1.000000e+00 0.000000e+00
      outer loop
         vertex 1.750000e+01 0.000000e+00 3.504575e+01
         vertex 1.784730e+01 0.000000e+00 3.553038e+01
         vertex 1.750000e+01 0.000000e+00 3.550000e+01
      endloop
   endfacet
   facet normal 0.000000e+00 -1.000000e+00 0.000000e+00
      outer loop
         vertex 1.937939e+01 0.000000e+00 5.018404e+01
         vertex 1.946962e+01 0.000000e+00 4.984730e+01
         vertex 2.470560e+01 0.000000e+00 5.267584e+01
      endloop
   endfacet
   facet normal 0.000000e+00 -1.000000e+00 0.000000e+00
      outer loop
         vertex 2.470560e+01 0.000000e+00 5.267584e+01
         vertex 1.946962e+01 0.000000e+00 4.984730e+01
         vertex 1.950000e+01 0.000000e+00 4.950000e+01
      endloop
   endfacet
   facet normal 0.000000e+00 -1.000000e+00 -0.000000e+00
      outer loop
         vertex 2.470560e+01 0.000000e+00 5.267584e+01
         vertex 1.950000e+01 0.000000e+00 4.950000e+01
         vertex 2.470560e+01 0.000000e+00 3.504575e+01
      endloop
   endfacet
   facet normal 0.000000e+00 -1.000000e+00 0.000000e+00
      outer loop
         vertex 2.470560e+01 0.000000e+00 3.504575e+01
         vertex 1.950000e+01 0.000000e+00 4.950000e+01
         vertex 1.950000e+01 0.000000e+00 3.750000e+01
      endloop
   endfacet
   facet normal 0.000000e+00 -1.000000e+00 0.000000e+00
      outer loop
         vertex 2.470560e+01 0.000000e+00 3.504575e+01
         vertex 1.950000e+01 0.000000e+00 3.750000e+01
         vertex 1.946962e+01 0.000000e+00 3.715270e+01
      endloop
   endfacet
   facet normal -0.000000e+00 -1.000000e+00 0.000000e+00
      outer loop
         vertex 1.750000e+01 0.000000e+00 3.550000e+01
         vertex 1.715270e+01 0.000000e+00 3.553038e+01
         vertex 1.750000e+01 0.000000e+00 3.504575e+01
      endloop
   endfacet
   facet normal 0.000000e+00 -1.000000e+00 0.000000e+00
      outer loop
         vertex 1.750000e+01 0.000000e+00 3.504575e+01
         vertex 1.715270e+01 0.000000e+00 3.553038e+01
         vertex 1.029440e+01 0.000000e+00 3.504575e+01
      endloop
   endfacet
   facet normal -0.000000e+00 -1.000000e+00 0.000000e+00
      outer loop
         vertex 1.750000e+01 0.000000e+00 3.504575e+01
         vertex 1.029440e+01 0.000000e+00 3.504575e+01
         vertex 1.612500e+01 0.000000e+00 3.338157e+01
      endloop
   endfacet
   facet normal -0.000000e+00 -1.000000e+00 0.000000e+00
      outer loop
         vertex 1.612500e+01 0.000000e+00 3.338157e+01
         vertex 1.029440e+01 0.000000e+00 3.504575e+01
         vertex 1.573233e+01 0.000000e+00 3.310662e+01
      endloop
   endfacet
   facet normal 0.000000e+00 -1.000000e+00 0.000000e+00
      outer loop
         vertex 1.681596e+01 0.000000e+00 5.137938e+01
         vertex 1.715270e+01 0.000000e+00 5.146961e+01
         vertex 1.750000e+01 0.000000e+00 5.267584e+01
      endloop
   endfacet
   facet normal 0.000000e+00 -1.000000e+00 -0.000000e+00
      outer loop
         vertex 1.750000e+01 0.000000e+00 5.267584e+01
         vertex 1.715270e+01 0.000000e+00 5.146961e+01
         vertex 1.750000e+01 0.000000e+00 5.150000e+01
      endloop
   endfacet
   facet normal 0.000000e+00 -1.000000e+00 0.000000e+00
      outer loop
         vertex 1.750000e+01 0.000000e+00 5.267584e+01
         vertex 1.750000e+01 0.000000e+00 5.150000e+01
         vertex 1.784730e+01 0.000000e+00 5.146961e+01
      endloop
   endfacet
   facet normal -0.000000e+00 -1.000000e+00 0.000000e+00
      outer loop
         vertex 1.715270e+01 0.000000e+00 3.553038e+01
         vertex 1.681596e+01 0.000000e+00 3.562061e+01
         vertex 1.029440e+01 0.000000e+00 3.504575e+01
      endloop
   endfacet
   facet normal 0.000000e+00 -1.000000e+00 0.000000e+00
      outer loop
         vertex 1.029440e+01 0.000000e+00 3.504575e+01
         vertex 1.681596e+01 0.000000e+00 3.562061e+01
         vertex 1.650000e+01 0.000000e+00 3.576795e+01
      endloop
   endfacet
   facet normal 0.000000e+00 -1.000000e+00 0.000000e+00
      outer loop
         vertex 1.029440e+01 0.000000e+00 3.504575e+01
         vertex 1.650000e+01 0.000000e+00 3.576795e+01
         vertex 1.621442e+01 0.000000e+00 3.596791e+01
      endloop
   endfacet
   facet normal -0.000000e+00 -1.000000e+00 0.000000e+00
      outer loop
         vertex 1.621442e+01 0.000000e+00 3.596791e+01
         vertex 1.596791e+01 0.000000e+00 3.621442e+01
         vertex 1.029440e+01 0.000000e+00 3.504575e+01
      endloop
   endfacet
   facet normal 0.000000e+00 -1.000000e+00 0.000000e+00
      outer loop
         vertex 1.029440e+01 0.000000e+00 3.504575e+01
         vertex 1.596791e+01 0.000000e+00 3.621442e+01
         vertex 1.576795e+01 0.000000e+00 3.650000e+01
      endloop
   endfacet
   facet normal 0.000000e+00 -1.000000e+00 0.000000e+00
      outer loop
         vertex 1.029440e+01 0.000000e+00 3.504575e+01
         vertex 1.576795e+01 0.000000e+00 3.650000e+01
         vertex 1.562061e+01 0.000000e+00 3.681596e+01
      endloop
   endfacet
   facet normal 0.000000e+00 -1.000000e+00 0.000000e+00
      outer loop
         vertex 1.553038e+01 0.000000e+00 4.984730e+01
         vertex 1.562061e+01 0.000000e+00 5.018404e+01
         vertex 1.029440e+01 0.000000e+00 5.267584e+01
      endloop
   endfacet
   facet normal 0.000000e+00 -1.000000e+00 0.000000e+00
      outer loop
         vertex 1.029440e+01 0.000000e+00 5.267584e+01
         vertex 1.562061e+01 0.000000e+00 5.018404e+01
         vertex 1.576795e+01 0.000000e+00 5.050000e+01
      endloop
   endfacet
   facet normal 0.000000e+00 -1.000000e+00 -0.000000e+00
      outer loop
         vertex 1.057682e+01 0.000000e+00 5.398324e+01
         vertex 1.029440e+01 0.000000e+00 5.267584e+01
         vertex 1.750000e+01 0.000000e+00 5.267584e+01
      endloop
   endfacet
   facet normal -0.000000e+00 -1.000000e+00 0.000000e+00
      outer loop
         vertex 1.750000e+01 0.000000e+00 5.267584e+01
         vertex 1.029440e+01 0.000000e+00 5.267584e+01
         vertex 1.650000e+01 0.000000e+00 5.123205e+01
      endloop
   endfacet
   facet normal 0.000000e+00 -1.000000e+00 0.000000e+00
      outer loop
         vertex 1.750000e+01 0.000000e+00 5.267584e+01
         vertex 1.650000e+01 0.000000e+00 5.123205e+01
         vertex 1.681596e+01 0.000000e+00 5.137938e+01
      endloop
   endfacet
   facet normal 0.000000e+00 -1.000000e+00 0.000000e+00
      outer loop
         vertex 1.576795e+01 0.000000e+00 5.050000e+01
         vertex 1.596791e+01 0.000000e+00 5.078558e+01
         vertex 1.029440e+01 0.000000e+00 5.267584e+01
      endloop
   endfacet
   facet normal 0.000000e+00 -1.000000e+00 0.000000e+00
      outer loop
         vertex 1.029440e+01 0.000000e+00 5.267584e+01
         vertex 1.596791e+01 0.000000e+00 5.078558e+01
         vertex 1.621442e+01 0.000000e+00 5.103209e+01
      endloop
   endfacet
   facet normal 0.000000e+00 -1.000000e+00 0.000000e+00
      outer loop
         vertex 1.029440e+01 0.000000e+00 5.267584e+01
         vertex 1.621442e+01 0.000000e+00 5.103209e+01
         vertex 1.650000e+01 0.000000e+00 5.123205e+01
      endloop
   endfacet
   facet normal -0.000000e+00 -1.000000e+00 0.000000e+00
      outer loop
         vertex 1.562061e+01 0.000000e+00 3.681596e+01
         vertex 1.553038e+01 0.000000e+00 3.715270e+01
         vertex 1.029440e+01 0.000000e+00 3.504575e+01
      endloop
   endfacet
   facet normal 0.000000e+00 -1.000000e+00 0.000000e+00
      outer loop
         vertex 1.029440e+01 0.000000e+00 3.504575e+01
         vertex 1.553038e+01 0.000000e+00 3.715270e+01
         vertex 1.550000e+01 0.000000e+00 3.750000e+01
      endloop
   endfacet
   facet normal 0.000000e+00 -1.000000e+00 0.000000e+00
      outer loop
         vertex 1.029440e+01 0.000000e+00 3.504575e+01
         vertex 1.550000e+01 0.000000e+00 3.750000e+01
         vertex 1.029440e+01 0.000000e+00 5.267584e+01
      endloop
   endfacet
   facet normal 0.000000e+00 -1.000000e+00 0.000000e+00
      outer loop
         vertex 1.029440e+01 0.000000e+00 5.267584e+01
         vertex 1.550000e+01 0.000000e+00 3.750000e+01
         vertex 1.550000e+01 0.000000e+00 4.950000e+01
      endloop
   endfacet
   facet normal 0.000000e+00 -1.000000e+00 0.000000e+00
      outer loop
         vertex 1.029440e+01 0.000000e+00 5.267584e+01
         vertex 1.550000e+01 0.000000e+00 4.950000e+01
         vertex 1.553038e+01 0.000000e+00 4.984730e+01
      endloop
   endfacet
   facet normal -0.000000e+00 -1.000000e+00 0.000000e+00
      outer loop
         vertex 2.825079e+01 0.000000e+00 8.165846e+00
         vertex 2.781634e+01 0.000000e+00 8.368431e+00
         vertex 2.597067e+01 0.000000e+00 7.375000e+00
      endloop
   endfacet
   facet normal 0.000000e+00 -1.000000e+00 0.000000e+00
      outer loop
         vertex 2.597067e+01 0.000000e+00 7.375000e+00
         vertex 2.781634e+01 0.000000e+00 8.368431e+00
         vertex 2.597067e+01 0.000000e+00 8.750000e+00
      endloop
   endfacet
   facet normal 0.000000e+00 -1.000000e+00 0.000000e+00
      outer loop
         vertex 2.597067e+01 0.000000e+00 7.375000e+00
         vertex 2.597067e+01 0.000000e+00 8.750000e+00
         vertex 2.470560e+01 0.000000e+00 7.375000e+00
      endloop
   endfacet
   facet normal 0.000000e+00 -1.000000e+00 0.000000e+00
      outer loop
         vertex 2.470560e+01 0.000000e+00 7.375000e+00
         vertex 2.597067e+01 0.000000e+00 8.750000e+00
         vertex 2.470560e+01 0.000000e+00 8.750000e+00
      endloop
   endfacet
   facet normal 0.000000e+00 -1.000000e+00 0.000000e+00
      outer loop
         vertex 2.470560e+01 0.000000e+00 7.375000e+00
         vertex 2.470560e+01 0.000000e+00 8.750000e+00
         vertex 1.750000e+01 0.000000e+00 7.375000e+00
      endloop
   endfacet
   facet normal 0.000000e+00 -1.000000e+00 0.000000e+00
      outer loop
         vertex 1.750000e+01 0.000000e+00 7.375000e+00
         vertex 2.470560e+01 0.000000e+00 8.750000e+00
         vertex 1.750000e+01 0.000000e+00 8.750000e+00
      endloop
   endfacet
   facet normal 0.000000e+00 -1.000000e+00 0.000000e+00
      outer loop
         vertex 1.750000e+01 0.000000e+00 7.375000e+00
         vertex 1.750000e+01 0.000000e+00 8.750000e+00
         vertex 1.029440e+01 0.000000e+00 7.375000e+00
      endloop
   endfacet
   facet normal 0.000000e+00 -1.000000e+00 0.000000e+00
      outer loop
         vertex 1.029440e+01 0.000000e+00 7.375000e+00
         vertex 1.750000e+01 0.000000e+00 8.750000e+00
         vertex 1.029440e+01 0.000000e+00 8.750000e+00
      endloop
   endfacet
   facet normal 0.000000e+00 -1.000000e+00 0.000000e+00
      outer loop
         vertex 1.029440e+01 0.000000e+00 7.375000e+00
         vertex 1.029440e+01 0.000000e+00 8.750000e+00
         vertex 9.029329e+00 0.000000e+00 7.375000e+00
      endloop
   endfacet
   facet normal 0.000000e+00 -1.000000e+00 0.000000e+00
      outer loop
         vertex 9.029329e+00 0.000000e+00 7.375000e+00
         vertex 1.029440e+01 0.000000e+00 8.750000e+00
         vertex 9.029329e+00 0.000000e+00 8.750000e+00
      endloop
   endfacet
   facet normal 0.000000e+00 -1.000000e+00 0.000000e+00
      outer loop
         vertex 9.029329e+00 0.000000e+00 7.375000e+00
         vertex 9.029329e+00 0.000000e+00 8.750000e+00
         vertex 7.576323e+00 0.000000e+00 8.643378e+00
      endloop
   endfacet
   facet normal 0.000000e+00 -1.000000e+00 0.000000e+00
      outer loop
         vertex 7.576323e+00 0.000000e+00 8.643378e+00
         vertex 9.029329e+00 0.000000e+00 8.750000e+00
         vertex 7.915279e+00 0.000000e+00 8.982334e+00
      endloop
   endfacet
   facet normal 0.000000e+00 -1.000000e+00 -0.000000e+00
      outer loop
         vertex 1.702247e+01 0.000000e+00 2.829178e+01
         vertex 1.029440e+01 0.000000e+00 2.762500e+01
         vertex 1.750000e+01 0.000000e+00 2.762500e+01
      endloop
   endfacet
   facet normal -0.000000e+00 -1.000000e+00 0.000000e+00
      outer loop
         vertex 1.750000e+01 0.000000e+00 2.762500e+01
         vertex 1.029440e+01 0.000000e+00 2.762500e+01
         vertex 1.029440e+01 0.000000e+00 2.625000e+01
      endloop
   endfacet
   facet normal 0.000000e+00 -1.000000e+00 -0.000000e+00
      outer loop
         vertex 1.750000e+01 0.000000e+00 2.762500e+01
         vertex 1.029440e+01 0.000000e+00 2.625000e+01
         vertex 1.750000e+01 0.000000e+00 2.625000e+01
      endloop
   endfacet
   facet normal -0.000000e+00 -1.000000e+00 0.000000e+00
      outer loop
         vertex 1.750000e+01 0.000000e+00 2.625000e+01
         vertex 1.029440e+01 0.000000e+00 2.625000e+01
         vertex 1.611081e+01 0.000000e+00 2.537846e+01
      endloop
   endfacet
   facet normal 0.000000e+00 -1.000000e+00 0.000000e+00
      outer loop
         vertex 1.750000e+01 0.000000e+00 2.625000e+01
         vertex 1.611081e+01 0.000000e+00 2.537846e+01
         vertex 1.750000e+01 0.000000e+00 2.550000e+01
      endloop
   endfacet
   facet normal 0.000000e+00 -1.000000e+00 -0.000000e+00
      outer loop
         vertex 1.844056e+01 0.000000e+00 2.841585e+01
         vertex 1.750000e+01 0.000000e+00 2.762500e+01
         vertex 2.470560e+01 0.000000e+00 2.762500e+01
      endloop
   endfacet
   facet normal -0.000000e+00 -1.000000e+00 0.000000e+00
      outer loop
         vertex 2.470560e+01 0.000000e+00 2.762500e+01
         vertex 1.750000e+01 0.000000e+00 2.762500e+01
         vertex 1.750000e+01 0.000000e+00 2.625000e+01
      endloop
   endfacet
   facet normal 0.000000e+00 -1.000000e+00 -0.000000e+00
      outer loop
         vertex 2.470560e+01 0.000000e+00 2.762500e+01
         vertex 1.750000e+01 0.000000e+00 2.625000e+01
         vertex 2.470560e+01 0.000000e+00 2.625000e+01
      endloop
   endfacet
   facet normal -0.000000e+00 -1.000000e+00 0.000000e+00
      outer loop
         vertex 2.470560e+01 0.000000e+00 2.625000e+01
         vertex 1.750000e+01 0.000000e+00 2.625000e+01
         vertex 1.888919e+01 0.000000e+00 2.537846e+01
      endloop
   endfacet
   facet normal 0.000000e+00 -1.000000e+00 0.000000e+00
      outer loop
         vertex 2.470560e+01 0.000000e+00 2.625000e+01
         vertex 1.888919e+01 0.000000e+00 2.537846e+01
         vertex 2.023616e+01 0.000000e+00 2.501754e+01
      endloop
   endfacet
   facet normal 0.000000e+00 -1.000000e+00 -0.000000e+00
      outer loop
         vertex 1.017856e+01 0.000000e+00 5.385532e+01
         vertex 9.029329e+00 0.000000e+00 5.267584e+01
         vertex 1.029440e+01 0.000000e+00 5.267584e+01
      endloop
   endfacet
   facet normal -0.000000e+00 -1.000000e+00 0.000000e+00
      outer loop
         vertex 1.029440e+01 0.000000e+00 5.267584e+01
         vertex 9.029329e+00 0.000000e+00 5.267584e+01
         vertex 9.029329e+00 0.000000e+00 3.504575e+01
      endloop
   endfacet
   facet normal 0.000000e+00 -1.000000e+00 -0.000000e+00
      outer loop
         vertex 1.029440e+01 0.000000e+00 5.267584e+01
         vertex 9.029329e+00 0.000000e+00 3.504575e+01
         vertex 1.029440e+01 0.000000e+00 3.504575e+01
      endloop
   endfacet
   facet normal -0.000000e+00 -1.000000e+00 0.000000e+00
      outer loop
         vertex 1.029440e+01 0.000000e+00 3.504575e+01
         vertex 9.029329e+00 0.000000e+00 3.504575e+01
         vertex 9.029329e+00 0.000000e+00 2.762500e+01
      endloop
   endfacet
   facet normal 0.000000e+00 -1.000000e+00 -0.000000e+00
      outer loop
         vertex 1.029440e+01 0.000000e+00 3.504575e+01
         vertex 9.029329e+00 0.000000e+00 2.762500e+01
         vertex 1.029440e+01 0.000000e+00 2.762500e+01
      endloop
   endfacet
   facet normal -0.000000e+00 -1.000000e+00 0.000000e+00
      outer loop
         vertex 1.029440e+01 0.000000e+00 2.762500e+01
         vertex 9.029329e+00 0.000000e+00 2.762500e+01
         vertex 9.029329e+00 0.000000e+00 2.625000e+01
      endloop
   endfacet
   facet normal 0.000000e+00 -1.000000e+00 -0.000000e+00
      outer loop
         vertex 1.029440e+01 0.000000e+00 2.762500e+01
         vertex 9.029329e+00 0.000000e+00 2.625000e+01
         vertex 1.029440e+01 0.000000e+00 2.625000e+01
      endloop
   endfacet
   facet normal -0.000000e+00 -1.000000e+00 0.000000e+00
      outer loop
         vertex 1.029440e+01 0.000000e+00 2.625000e+01
         vertex 9.029329e+00 0.000000e+00 2.625000e+01
         vertex 9.982459e+00 0.000000e+00 2.023616e+01
      endloop
   endfacet
   facet normal 0.000000e+00 -1.000000e+00 -0.000000e+00
      outer loop
         vertex 1.029440e+01 0.000000e+00 2.625000e+01
         vertex 9.982459e+00 0.000000e+00 2.023616e+01
         vertex 1.057180e+01 0.000000e+00 2.150000e+01
      endloop
   endfacet
   facet normal 0.000000e+00 -1.000000e+00 -0.000000e+00
      outer loop
         vertex 2.490580e+01 0.000000e+00 5.387304e+01
         vertex 2.470560e+01 0.000000e+00 5.267584e+01
         vertex 2.597067e+01 0.000000e+00 5.267584e+01
      endloop
   endfacet
   facet normal -0.000000e+00 -1.000000e+00 0.000000e+00
      outer loop
         vertex 2.597067e+01 0.000000e+00 5.267584e+01
         vertex 2.470560e+01 0.000000e+00 5.267584e+01
         vertex 2.470560e+01 0.000000e+00 3.504575e+01
      endloop
   endfacet
   facet normal 0.000000e+00 -1.000000e+00 -0.000000e+00
      outer loop
         vertex 2.597067e+01 0.000000e+00 5.267584e+01
         vertex 2.470560e+01 0.000000e+00 3.504575e+01
         vertex 2.597067e+01 0.000000e+00 3.504575e+01
      endloop
   endfacet
   facet normal -0.000000e+00 -1.000000e+00 0.000000e+00
      outer loop
         vertex 2.597067e+01 0.000000e+00 3.504575e+01
         vertex 2.470560e+01 0.000000e+00 3.504575e+01
         vertex 2.470560e+01 0.000000e+00 2.762500e+01
      endloop
   endfacet
   facet normal 0.000000e+00 -1.000000e+00 -0.000000e+00
      outer loop
         vertex 2.597067e+01 0.000000e+00 3.504575e+01
         vertex 2.470560e+01 0.000000e+00 2.762500e+01
         vertex 2.597067e+01 0.000000e+00 2.762500e+01
      endloop
   endfacet
   facet normal -0.000000e+00 -1.000000e+00 0.000000e+00
      outer loop
         vertex 2.597067e+01 0.000000e+00 2.762500e+01
         vertex 2.470560e+01 0.000000e+00 2.762500e+01
         vertex 2.470560e+01 0.000000e+00 2.625000e+01
      endloop
   endfacet
   facet normal 0.000000e+00 -1.000000e+00 -0.000000e+00
      outer loop
         vertex 2.597067e+01 0.000000e+00 2.762500e+01
         vertex 2.470560e+01 0.000000e+00 2.625000e+01
         vertex 2.597067e+01 0.000000e+00 2.625000e+01
      endloop
   endfacet
   facet normal -0.000000e+00 -1.000000e+00 0.000000e+00
      outer loop
         vertex 2.597067e+01 0.000000e+00 2.625000e+01
         vertex 2.470560e+01 0.000000e+00 2.625000e+01
         vertex 2.442820e+01 0.000000e+00 2.150000e+01
      endloop
   endfacet
   facet normal 0.000000e+00 -1.000000e+00 0.000000e+00
      outer loop
         vertex 2.597067e+01 0.000000e+00 2.625000e+01
         vertex 2.442820e+01 0.000000e+00 2.150000e+01
         vertex 2.501754e+01 0.000000e+00 2.023616e+01
      endloop
   endfacet
   facet normal 9.961947e-01 0.000000e+00 8.715565e-02
      outer loop
         vertex 1.475000e+01 3.000000e+00 3.100000e+01
         vertex 1.475000e+01 0.000000e+00 3.100000e+01
         vertex 1.479178e+01 3.000000e+00 3.052247e+01
      endloop
   endfacet
   facet normal 9.961947e-01 0.000000e+00 8.715565e-02
      outer loop
         vertex 1.479178e+01 3.000000e+00 3.052247e+01
         vertex 1.475000e+01 0.000000e+00 3.100000e+01
         vertex 1.479178e+01 0.000000e+00 3.052247e+01
      endloop
   endfacet
   facet normal 9.659258e-01 0.000000e+00 2.588191e-01
      outer loop
         vertex 1.479178e+01 3.000000e+00 3.052247e+01
         vertex 1.479178e+01 0.000000e+00 3.052247e+01
         vertex 1.491585e+01 3.000000e+00 3.005944e+01
      endloop
   endfacet
   facet normal 9.659258e-01 0.000000e+00 2.588191e-01
      outer loop
         vertex 1.491585e+01 3.000000e+00 3.005944e+01
         vertex 1.479178e+01 0.000000e+00 3.052247e+01
         vertex 1.491585e+01 0.000000e+00 3.005944e+01
      endloop
   endfacet
   facet normal 9.063077e-01 0.000000e+00 4.226184e-01
      outer loop
         vertex 1.491585e+01 3.000000e+00 3.005944e+01
         vertex 1.491585e+01 0.000000e+00 3.005944e+01
         vertex 1.511843e+01 3.000000e+00 2.962500e+01
      endloop
   endfacet
   facet normal 9.063077e-01 0.000000e+00 4.226184e-01
      outer loop
         vertex 1.511843e+01 3.000000e+00 2.962500e+01
         vertex 1.491585e+01 0.000000e+00 3.005944e+01
         vertex 1.511843e+01 0.000000e+00 2.962500e+01
      endloop
   endfacet
   facet normal 8.191522e-01 0.000000e+00 5.735762e-01
      outer loop
         vertex 1.511843e+01 3.000000e+00 2.962500e+01
         vertex 1.511843e+01 0.000000e+00 2.962500e+01
         vertex 1.539338e+01 3.000000e+00 2.923233e+01
      endloop
   endfacet
   facet normal 8.191522e-01 0.000000e+00 5.735762e-01
      outer loop
         vertex 1.539338e+01 3.000000e+00 2.923233e+01
         vertex 1.511843e+01 0.000000e+00 2.962500e+01
         vertex 1.539338e+01 0.000000e+00 2.923233e+01
      endloop
   endfacet
   facet normal 7.071071e-01 0.000000e+00 7.071064e-01
      outer loop
         vertex 1.539338e+01 3.000000e+00 2.923233e+01
         vertex 1.539338e+01 0.000000e+00 2.923233e+01
         vertex 1.573233e+01 3.000000e+00 2.889338e+01
      endloop
   endfacet
   facet normal 7.071071e-01 0.000000e+00 7.071064e-01
      outer loop
         vertex 1.573233e+01 3.000000e+00 2.889338e+01
         vertex 1.539338e+01 0.000000e+00 2.923233e+01
         vertex 1.573233e+01 0.000000e+00 2.889338e+01
      endloop
   endfacet
   facet normal 5.735767e-01 0.000000e+00 8.191519e-01
      outer loop
         vertex 1.573233e+01 3.000000e+00 2.889338e+01
         vertex 1.573233e+01 0.000000e+00 2.889338e+01
         vertex 1.612500e+01 3.000000e+00 2.861843e+01
      endloop
   endfacet
   facet normal 5.735767e-01 0.000000e+00 8.191519e-01
      outer loop
         vertex 1.612500e+01 3.000000e+00 2.861843e+01
         vertex 1.573233e+01 0.000000e+00 2.889338e+01
         vertex 1.612500e+01 0.000000e+00 2.861843e+01
      endloop
   endfacet
   facet normal 4.226170e-01 0.000000e+00 9.063084e-01
      outer loop
         vertex 1.612500e+01 3.000000e+00 2.861843e+01
         vertex 1.612500e+01 0.000000e+00 2.861843e+01
         vertex 1.655944e+01 3.000000e+00 2.841585e+01
      endloop
   endfacet
   facet normal 4.226170e-01 0.000000e+00 9.063084e-01
      outer loop
         vertex 1.655944e+01 3.000000e+00 2.841585e+01
         vertex 1.612500e+01 0.000000e+00 2.861843e+01
         vertex 1.655944e+01 0.000000e+00 2.841585e+01
      endloop
   endfacet
   facet normal 2.588199e-01 0.000000e+00 9.659256e-01
      outer loop
         vertex 1.655944e+01 3.000000e+00 2.841585e+01
         vertex 1.655944e+01 0.000000e+00 2.841585e+01
         vertex 1.702247e+01 3.000000e+00 2.829178e+01
      endloop
   endfacet
   facet normal 2.588199e-01 0.000000e+00 9.659256e-01
      outer loop
         vertex 1.702247e+01 3.000000e+00 2.829178e+01
         vertex 1.655944e+01 0.000000e+00 2.841585e+01
         vertex 1.702247e+01 0.000000e+00 2.829178e+01
      endloop
   endfacet
   facet normal 8.715475e-02 0.000000e+00 9.961948e-01
      outer loop
         vertex 1.702247e+01 3.000000e+00 2.829178e+01
         vertex 1.702247e+01 0.000000e+00 2.829178e+01
         vertex 1.750000e+01 3.000000e+00 2.825000e+01
      endloop
   endfacet
   facet normal 8.715475e-02 0.000000e+00 9.961948e-01
      outer loop
         vertex 1.750000e+01 3.000000e+00 2.825000e+01
         vertex 1.702247e+01 0.000000e+00 2.829178e+01
         vertex 1.750000e+01 0.000000e+00 2.825000e+01
      endloop
   endfacet
   facet normal -8.715475e-02 0.000000e+00 9.961948e-01
      outer loop
         vertex 1.750000e+01 3.000000e+00 2.825000e+01
         vertex 1.750000e+01 0.000000e+00 2.825000e+01
         vertex 1.797753e+01 3.000000e+00 2.829178e+01
      endloop
   endfacet
   facet normal -8.715475e-02 0.000000e+00 9.961948e-01
      outer loop
         vertex 1.797753e+01 3.000000e+00 2.829178e+01
         vertex 1.750000e+01 0.000000e+00 2.825000e+01
         vertex 1.797753e+01 0.000000e+00 2.829178e+01
      endloop
   endfacet
   facet normal -2.588199e-01 0.000000e+00 9.659256e-01
      outer loop
         vertex 1.797753e+01 3.000000e+00 2.829178e+01
         vertex 1.797753e+01 0.000000e+00 2.829178e+01
         vertex 1.844056e+01 3.000000e+00 2.841585e+01
      endloop
   endfacet
   facet normal -2.588199e-01 0.000000e+00 9.659256e-01
      outer loop
         vertex 1.844056e+01 3.000000e+00 2.841585e+01
         vertex 1.797753e+01 0.000000e+00 2.829178e+01
         vertex 1.844056e+01 0.000000e+00 2.841585e+01
      endloop
   endfacet
   facet normal -4.226170e-01 0.000000e+00 9.063084e-01
      outer loop
         vertex 1.844056e+01 3.000000e+00 2.841585e+01
         vertex 1.844056e+01 0.000000e+00 2.841585e+01
         vertex 1.887500e+01 3.000000e+00 2.861843e+01
      endloop
   endfacet
   facet normal -4.226170e-01 0.000000e+00 9.063084e-01
      outer loop
         vertex 1.887500e+01 3.000000e+00 2.861843e+01
         vertex 1.844056e+01 0.000000e+00 2.841585e+01
         vertex 1.887500e+01 0.000000e+00 2.861843e+01
      endloop
   endfacet
   facet normal -5.735767e-01 0.000000e+00 8.191519e-01
      outer loop
         vertex 1.887500e+01 3.000000e+00 2.861843e+01
         vertex 1.887500e+01 0.000000e+00 2.861843e+01
         vertex 1.926767e+01 3.000000e+00 2.889338e+01
      endloop
   endfacet
   facet normal -5.735767e-01 0.000000e+00 8.191519e-01
      outer loop
         vertex 1.926767e+01 3.000000e+00 2.889338e+01
         vertex 1.887500e+01 0.000000e+00 2.861843e+01
         vertex 1.926767e+01 0.000000e+00 2.889338e+01
      endloop
   endfacet
   facet normal -7.071071e-01 0.000000e+00 7.071064e-01
      outer loop
         vertex 1.926767e+01 3.000000e+00 2.889338e+01
         vertex 1.926767e+01 0.000000e+00 2.889338e+01
         vertex 1.960662e+01 3.000000e+00 2.923233e+01
      endloop
   endfacet
   facet normal -7.071071e-01 0.000000e+00 7.071064e-01
      outer loop
         vertex 1.960662e+01 3.000000e+00 2.923233e+01
         vertex 1.926767e+01 0.000000e+00 2.889338e+01
         vertex 1.960662e+01 0.000000e+00 2.923233e+01
      endloop
   endfacet
   facet normal -8.191522e-01 0.000000e+00 5.735762e-01
      outer loop
         vertex 1.960662e+01 3.000000e+00 2.923233e+01
         vertex 1.960662e+01 0.000000e+00 2.923233e+01
         vertex 1.988157e+01 3.000000e+00 2.962500e+01
      endloop
   endfacet
   facet normal -8.191522e-01 0.000000e+00 5.735762e-01
      outer loop
         vertex 1.988157e+01 3.000000e+00 2.962500e+01
         vertex 1.960662e+01 0.000000e+00 2.923233e+01
         vertex 1.988157e+01 0.000000e+00 2.962500e+01
      endloop
   endfacet
   facet normal -9.063077e-01 0.000000e+00 4.226184e-01
      outer loop
         vertex 1.988157e+01 3.000000e+00 2.962500e+01
         vertex 1.988157e+01 0.000000e+00 2.962500e+01
         vertex 2.008415e+01 3.000000e+00 3.005944e+01
      endloop
   endfacet
   facet normal -9.063077e-01 0.000000e+00 4.226184e-01
      outer loop
         vertex 2.008415e+01 3.000000e+00 3.005944e+01
         vertex 1.988157e+01 0.000000e+00 2.962500e+01
         vertex 2.008415e+01 0.000000e+00 3.005944e+01
      endloop
   endfacet
   facet normal -9.659258e-01 0.000000e+00 2.588191e-01
      outer loop
         vertex 2.008415e+01 3.000000e+00 3.005944e+01
         vertex 2.008415e+01 0.000000e+00 3.005944e+01
         vertex 2.020822e+01 3.000000e+00 3.052247e+01
      endloop
   endfacet
   facet normal -9.659258e-01 0.000000e+00 2.588191e-01
      outer loop
         vertex 2.020822e+01 3.000000e+00 3.052247e+01
         vertex 2.008415e+01 0.000000e+00 3.005944e+01
         vertex 2.020822e+01 0.000000e+00 3.052247e+01
      endloop
   endfacet
   facet normal -9.961947e-01 0.000000e+00 8.715565e-02
      outer loop
         vertex 2.020822e+01 3.000000e+00 3.052247e+01
         vertex 2.020822e+01 0.000000e+00 3.052247e+01
         vertex 2.025000e+01 3.000000e+00 3.100000e+01
      endloop
   endfacet
   facet normal -9.961947e-01 0.000000e+00 8.715565e-02
      outer loop
         vertex 2.025000e+01 3.000000e+00 3.100000e+01
         vertex 2.020822e+01 0.000000e+00 3.052247e+01
         vertex 2.025000e+01 0.000000e+00 3.100000e+01
      endloop
   endfacet
   facet normal -9.961947e-01 -0.000000e+00 -8.715582e-02
      outer loop
         vertex 2.025000e+01 3.000000e+00 3.100000e+01
         vertex 2.025000e+01 0.000000e+00 3.100000e+01
         vertex 2.020822e+01 3.000000e+00 3.147753e+01
      endloop
   endfacet
   facet normal -9.961947e-01 -0.000000e+00 -8.715582e-02
      outer loop
         vertex 2.020822e+01 3.000000e+00 3.147753e+01
         vertex 2.025000e+01 0.000000e+00 3.100000e+01
         vertex 2.020822e+01 0.000000e+00 3.147753e+01
      endloop
   endfacet
   facet normal -9.659258e-01 -0.000000e+00 -2.588191e-01
      outer loop
         vertex 2.020822e+01 3.000000e+00 3.147753e+01
         vertex 2.020822e+01 0.000000e+00 3.147753e+01
         vertex 2.008415e+01 3.000000e+00 3.194056e+01
      endloop
   endfacet
   facet normal -9.659258e-01 -0.000000e+00 -2.588191e-01
      outer loop
         vertex 2.008415e+01 3.000000e+00 3.194056e+01
         vertex 2.020822e+01 0.000000e+00 3.147753e+01
         vertex 2.008415e+01 0.000000e+00 3.194056e+01
      endloop
   endfacet
   facet normal -9.063081e-01 -0.000000e+00 -4.226177e-01
      outer loop
         vertex 2.008415e+01 3.000000e+00 3.194056e+01
         vertex 2.008415e+01 0.000000e+00 3.194056e+01
         vertex 1.988157e+01 3.000000e+00 3.237500e+01
      endloop
   endfacet
   facet normal -9.063081e-01 -0.000000e+00 -4.226177e-01
      outer loop
         vertex 1.988157e+01 3.000000e+00 3.237500e+01
         vertex 2.008415e+01 0.000000e+00 3.194056e+01
         vertex 1.988157e+01 0.000000e+00 3.237500e+01
      endloop
   endfacet
   facet normal -8.191515e-01 -0.000000e+00 -5.735772e-01
      outer loop
         vertex 1.988157e+01 3.000000e+00 3.237500e+01
         vertex 1.988157e+01 0.000000e+00 3.237500e+01
         vertex 1.960662e+01 3.000000e+00 3.276767e+01
      endloop
   endfacet
   facet normal -8.191515e-01 -0.000000e+00 -5.735772e-01
      outer loop
         vertex 1.960662e+01 3.000000e+00 3.276767e+01
         vertex 1.988157e+01 0.000000e+00 3.237500e+01
         vertex 1.960662e+01 0.000000e+00 3.276767e+01
      endloop
   endfacet
   facet normal -7.071071e-01 -0.000000e+00 -7.071064e-01
      outer loop
         vertex 1.960662e+01 3.000000e+00 3.276767e+01
         vertex 1.960662e+01 0.000000e+00 3.276767e+01
         vertex 1.926767e+01 3.000000e+00 3.310662e+01
      endloop
   endfacet
   facet normal -7.071071e-01 -0.000000e+00 -7.071064e-01
      outer loop
         vertex 1.926767e+01 3.000000e+00 3.310662e+01
         vertex 1.960662e+01 0.000000e+00 3.276767e+01
         vertex 1.926767e+01 0.000000e+00 3.310662e+01
      endloop
   endfacet
   facet normal -5.735767e-01 -0.000000e+00 -8.191519e-01
      outer loop
         vertex 1.926767e+01 3.000000e+00 3.310662e+01
         vertex 1.926767e+01 0.000000e+00 3.310662e+01
         vertex 1.887500e+01 3.000000e+00 3.338157e+01
      endloop
   endfacet
   facet normal -5.735767e-01 -0.000000e+00 -8.191519e-01
      outer loop
         vertex 1.887500e+01 3.000000e+00 3.338157e+01
         vertex 1.926767e+01 0.000000e+00 3.310662e+01
         vertex 1.887500e+01 0.000000e+00 3.338157e+01
      endloop
   endfacet
   facet normal -4.226186e-01 -0.000000e+00 -9.063076e-01
      outer loop
         vertex 1.887500e+01 3.000000e+00 3.338157e+01
         vertex 1.887500e+01 0.000000e+00 3.338157e+01
         vertex 1.844056e+01 3.000000e+00 3.358416e+01
      endloop
   endfacet
   facet normal -4.226186e-01 -0.000000e+00 -9.063076e-01
      outer loop
         vertex 1.844056e+01 3.000000e+00 3.358416e+01
         vertex 1.887500e+01 0.000000e+00 3.338157e+01
         vertex 1.844056e+01 0.000000e+00 3.358416e+01
      endloop
   endfacet
   facet normal -2.588199e-01 -0.000000e+00 -9.659256e-01
      outer loop
         vertex 1.844056e+01 3.000000e+00 3.358416e+01
         vertex 1.844056e+01 0.000000e+00 3.358416e+01
         vertex 1.797753e+01 3.000000e+00 3.370822e+01
      endloop
   endfacet
   facet normal -2.588199e-01 -0.000000e+00 -9.659256e-01
      outer loop
         vertex 1.797753e+01 3.000000e+00 3.370822e+01
         vertex 1.844056e+01 0.000000e+00 3.358416e+01
         vertex 1.797753e+01 0.000000e+00 3.370822e+01
      endloop
   endfacet
   facet normal -8.715282e-02 -0.000000e+00 -9.961950e-01
      outer loop
         vertex 1.797753e+01 3.000000e+00 3.370822e+01
         vertex 1.797753e+01 0.000000e+00 3.370822e+01
         vertex 1.750000e+01 3.000000e+00 3.375000e+01
      endloop
   endfacet
   facet normal -8.715282e-02 -0.000000e+00 -9.961950e-01
      outer loop
         vertex 1.750000e+01 3.000000e+00 3.375000e+01
         vertex 1.797753e+01 0.000000e+00 3.370822e+01
         vertex 1.750000e+01 0.000000e+00 3.375000e+01
      endloop
   endfacet
   facet normal 8.715282e-02 0.000000e+00 -9.961950e-01
      outer loop
         vertex 1.750000e+01 3.000000e+00 3.375000e+01
         vertex 1.750000e+01 0.000000e+00 3.375000e+01
         vertex 1.702247e+01 3.000000e+00 3.370822e+01
      endloop
   endfacet
   facet normal 8.715282e-02 0.000000e+00 -9.961950e-01
      outer loop
         vertex 1.702247e+01 3.000000e+00 3.370822e+01
         vertex 1.750000e+01 0.000000e+00 3.375000e+01
         vertex 1.702247e+01 0.000000e+00 3.370822e+01
      endloop
   endfacet
   facet normal 2.588199e-01 0.000000e+00 -9.659256e-01
      outer loop
         vertex 1.702247e+01 3.000000e+00 3.370822e+01
         vertex 1.702247e+01 0.000000e+00 3.370822e+01
         vertex 1.655944e+01 3.000000e+00 3.358416e+01
      endloop
   endfacet
   facet normal 2.588199e-01 0.000000e+00 -9.659256e-01
      outer loop
         vertex 1.655944e+01 3.000000e+00 3.358416e+01
         vertex 1.702247e+01 0.000000e+00 3.370822e+01
         vertex 1.655944e+01 0.000000e+00 3.358416e+01
      endloop
   endfacet
   facet normal 4.226186e-01 0.000000e+00 -9.063076e-01
      outer loop
         vertex 1.655944e+01 3.000000e+00 3.358416e+01
         vertex 1.655944e+01 0.000000e+00 3.358416e+01
         vertex 1.612500e+01 3.000000e+00 3.338157e+01
      endloop
   endfacet
   facet normal 4.226186e-01 0.000000e+00 -9.063076e-01
      outer loop
         vertex 1.612500e+01 3.000000e+00 3.338157e+01
         vertex 1.655944e+01 0.000000e+00 3.358416e+01
         vertex 1.612500e+01 0.000000e+00 3.338157e+01
      endloop
   endfacet
   facet normal 5.735767e-01 0.000000e+00 -8.191519e-01
      outer loop
         vertex 1.612500e+01 3.000000e+00 3.338157e+01
         vertex 1.612500e+01 0.000000e+00 3.338157e+01
         vertex 1.573233e+01 3.000000e+00 3.310662e+01
      endloop
   endfacet
   facet normal 5.735767e-01 0.000000e+00 -8.191519e-01
      outer loop
         vertex 1.573233e+01 3.000000e+00 3.310662e+01
         vertex 1.612500e+01 0.000000e+00 3.338157e+01
         vertex 1.573233e+01 0.000000e+00 3.310662e+01
      endloop
   endfacet
   facet normal 7.071071e-01 0.000000e+00 -7.071064e-01
      outer loop
         vertex 1.573233e+01 3.000000e+00 3.310662e+01
         vertex 1.573233e+01 0.000000e+00 3.310662e+01
         vertex 1.539338e+01 3.000000e+00 3.276767e+01
      endloop
   endfacet
   facet normal 7.071071e-01 0.000000e+00 -7.071064e-01
      outer loop
         vertex 1.539338e+01 3.000000e+00 3.276767e+01
         vertex 1.573233e+01 0.000000e+00 3.310662e+01
         vertex 1.539338e+01 0.000000e+00 3.276767e+01
      endloop
   endfacet
   facet normal 8.191515e-01 0.000000e+00 -5.735772e-01
      outer loop
         vertex 1.539338e+01 3.000000e+00 3.276767e+01
         vertex 1.539338e+01 0.000000e+00 3.276767e+01
         vertex 1.511843e+01 3.000000e+00 3.237500e+01
      endloop
   endfacet
   facet normal 8.191515e-01 0.000000e+00 -5.735772e-01
      outer loop
         vertex 1.511843e+01 3.000000e+00 3.237500e+01
         vertex 1.539338e+01 0.000000e+00 3.276767e+01
         vertex 1.511843e+01 0.000000e+00 3.237500e+01
      endloop
   endfacet
   facet normal 9.063081e-01 0.000000e+00 -4.226177e-01
      outer loop
         vertex 1.511843e+01 3.000000e+00 3.237500e+01
         vertex 1.511843e+01 0.000000e+00 3.237500e+01
         vertex 1.491585e+01 3.000000e+00 3.194056e+01
      endloop
   endfacet
   facet normal 9.063081e-01 0.000000e+00 -4.226177e-01
      outer loop
         vertex 1.491585e+01 3.000000e+00 3.194056e+01
         vertex 1.511843e+01 0.000000e+00 3.237500e+01
         vertex 1.491585e+01 0.000000e+00 3.194056e+01
      endloop
   endfacet
   facet normal 9.659258e-01 0.000000e+00 -2.588191e-01
      outer loop
         vertex 1.491585e+01 3.000000e+00 3.194056e+01
         vertex 1.491585e+01 0.000000e+00 3.194056e+01
         vertex 1.479178e+01 3.000000e+00 3.147753e+01
      endloop
   endfacet
   facet normal 9.659258e-01 0.000000e+00 -2.588191e-01
      outer loop
         vertex 1.479178e+01 3.000000e+00 3.147753e+01
         vertex 1.491585e+01 0.000000e+00 3.194056e+01
         vertex 1.479178e+01 0.000000e+00 3.147753e+01
      endloop
   endfacet
   facet normal 9.961947e-01 0.000000e+00 -8.715582e-02
      outer loop
         vertex 1.479178e+01 3.000000e+00 3.147753e+01
         vertex 1.479178e+01 0.000000e+00 3.147753e+01
         vertex 1.475000e+01 3.000000e+00 3.100000e+01
      endloop
   endfacet
   facet normal 9.961947e-01 0.000000e+00 -8.715582e-02
      outer loop
         vertex 1.475000e+01 3.000000e+00 3.100000e+01
         vertex 1.479178e+01 0.000000e+00 3.147753e+01
         vertex 1.475000e+01 0.000000e+00 3.100000e+01
      endloop
   endfacet
   facet normal -0.000000e+00 -0.000000e+00 -1.000000e+00
      outer loop
         vertex 2.000321e+01 3.000000e+00 3.459150e+01
         vertex 2.000321e+01 0.000000e+00 3.459150e+01
         vertex 1.987631e+01 3.000000e+00 3.459150e+01
      endloop
   endfacet
   facet normal 0.000000e+00 0.000000e+00 -1.000000e+00
      outer loop
         vertex 1.987631e+01 3.000000e+00 3.459150e+01
         vertex 2.000321e+01 0.000000e+00 3.459150e+01
         vertex 1.987631e+01 0.000000e+00 3.459150e+01
      endloop
   endfacet
   facet normal -8.715697e-02 0.000000e+00 -9.961946e-01
      outer loop
         vertex 1.750000e+01 0.000000e+00 9.665000e+01
         vertex 1.750000e+01 8.000000e+00 9.665000e+01
         vertex 1.865476e+01 0.000000e+00 9.654897e+01
      endloop
   endfacet
   facet normal -8.715697e-02 0.000000e+00 -9.961946e-01
      outer loop
         vertex 1.865476e+01 0.000000e+00 9.654897e+01
         vertex 1.750000e+01 8.000000e+00 9.665000e+01
         vertex 1.865476e+01 8.000000e+00 9.654897e+01
      endloop
   endfacet
   facet normal -2.588166e-01 0.000000e+00 -9.659265e-01
      outer loop
         vertex 1.865476e+01 0.000000e+00 9.654897e+01
         vertex 1.865476e+01 8.000000e+00 9.654897e+01
         vertex 1.977443e+01 0.000000e+00 9.624896e+01
      endloop
   endfacet
   facet normal -2.588166e-01 0.000000e+00 -9.659265e-01
      outer loop
         vertex 1.977443e+01 0.000000e+00 9.624896e+01
         vertex 1.865476e+01 8.000000e+00 9.654897e+01
         vertex 1.977443e+01 8.000000e+00 9.624896e+01
      endloop
   endfacet
   facet normal -4.226208e-01 0.000000e+00 -9.063066e-01
      outer loop
         vertex 1.977443e+01 0.000000e+00 9.624896e+01
         vertex 1.977443e+01 8.000000e+00 9.624896e+01
         vertex 2.082500e+01 0.000000e+00 9.575907e+01
      endloop
   endfacet
   facet normal -4.226208e-01 0.000000e+00 -9.063066e-01
      outer loop
         vertex 2.082500e+01 0.000000e+00 9.575907e+01
         vertex 1.977443e+01 8.000000e+00 9.624896e+01
         vertex 2.082500e+01 8.000000e+00 9.575907e+01
      endloop
   endfacet
   facet normal -5.735729e-01 0.000000e+00 -8.191545e-01
      outer loop
         vertex 2.082500e+01 0.000000e+00 9.575907e+01
         vertex 2.082500e+01 8.000000e+00 9.575907e+01
         vertex 2.177454e+01 0.000000e+00 9.509420e+01
      endloop
   endfacet
   facet normal -5.735729e-01 0.000000e+00 -8.191545e-01
      outer loop
         vertex 2.177454e+01 0.000000e+00 9.509420e+01
         vertex 2.082500e+01 8.000000e+00 9.575907e+01
         vertex 2.177454e+01 8.000000e+00 9.509420e+01
      endloop
   endfacet
   facet normal -7.071080e-01 0.000000e+00 -7.071056e-01
      outer loop
         vertex 2.177454e+01 0.000000e+00 9.509420e+01
         vertex 2.177454e+01 8.000000e+00 9.509420e+01
         vertex 2.259420e+01 0.000000e+00 9.427454e+01
      endloop
   endfacet
   facet normal -7.071080e-01 0.000000e+00 -7.071056e-01
      outer loop
         vertex 2.259420e+01 0.000000e+00 9.427454e+01
         vertex 2.177454e+01 8.000000e+00 9.509420e+01
         vertex 2.259420e+01 8.000000e+00 9.427454e+01
      endloop
   endfacet
   facet normal -8.191526e-01 0.000000e+00 -5.735756e-01
      outer loop
         vertex 2.259420e+01 0.000000e+00 9.427454e+01
         vertex 2.259420e+01 8.000000e+00 9.427454e+01
         vertex 2.325907e+01 0.000000e+00 9.332500e+01
      endloop
   endfacet
   facet normal -8.191526e-01 0.000000e+00 -5.735756e-01
      outer loop
         vertex 2.325907e+01 0.000000e+00 9.332500e+01
         vertex 2.259420e+01 8.000000e+00 9.427454e+01
         vertex 2.325907e+01 8.000000e+00 9.332500e+01
      endloop
   endfacet
   facet normal -9.063070e-01 0.000000e+00 -4.226199e-01
      outer loop
         vertex 2.325907e+01 0.000000e+00 9.332500e+01
         vertex 2.325907e+01 8.000000e+00 9.332500e+01
         vertex 2.374896e+01 0.000000e+00 9.227444e+01
      endloop
   endfacet
   facet normal -9.063070e-01 0.000000e+00 -4.226199e-01
      outer loop
         vertex 2.374896e+01 0.000000e+00 9.227444e+01
         vertex 2.325907e+01 8.000000e+00 9.332500e+01
         vertex 2.374896e+01 8.000000e+00 9.227444e+01
      endloop
   endfacet
   facet normal -9.659259e-01 0.000000e+00 -2.588189e-01
      outer loop
         vertex 2.374896e+01 0.000000e+00 9.227444e+01
         vertex 2.374896e+01 8.000000e+00 9.227444e+01
         vertex 2.404897e+01 0.000000e+00 9.115476e+01
      endloop
   endfacet
   facet normal -9.659259e-01 0.000000e+00 -2.588189e-01
      outer loop
         vertex 2.404897e+01 0.000000e+00 9.115476e+01
         vertex 2.374896e+01 8.000000e+00 9.227444e+01
         vertex 2.404897e+01 8.000000e+00 9.115476e+01
      endloop
   endfacet
   facet normal -9.961947e-01 0.000000e+00 -8.715539e-02
      outer loop
         vertex 2.404897e+01 0.000000e+00 9.115476e+01
         vertex 2.404897e+01 8.000000e+00 9.115476e+01
         vertex 2.415000e+01 0.000000e+00 9.000000e+01
      endloop
   endfacet
   facet normal -9.961947e-01 0.000000e+00 -8.715539e-02
      outer loop
         vertex 2.415000e+01 0.000000e+00 9.000000e+01
         vertex 2.404897e+01 8.000000e+00 9.115476e+01
         vertex 2.415000e+01 8.000000e+00 9.000000e+01
      endloop
   endfacet
   facet normal -9.961947e-01 0.000000e+00 8.715595e-02
      outer loop
         vertex 2.415000e+01 0.000000e+00 9.000000e+01
         vertex 2.415000e+01 8.000000e+00 9.000000e+01
         vertex 2.404897e+01 0.000000e+00 8.884524e+01
      endloop
   endfacet
   facet normal -9.961947e-01 0.000000e+00 8.715595e-02
      outer loop
         vertex 2.404897e+01 0.000000e+00 8.884524e+01
         vertex 2.415000e+01 8.000000e+00 9.000000e+01
         vertex 2.404897e+01 8.000000e+00 8.884524e+01
      endloop
   endfacet
   facet normal -9.659259e-01 0.000000e+00 2.588189e-01
      outer loop
         vertex 2.404897e+01 0.000000e+00 8.884524e+01
         vertex 2.404897e+01 8.000000e+00 8.884524e+01
         vertex 2.374896e+01 0.000000e+00 8.772557e+01
      endloop
   endfacet
   facet normal -9.659259e-01 0.000000e+00 2.588189e-01
      outer loop
         vertex 2.374896e+01 0.000000e+00 8.772557e+01
         vertex 2.404897e+01 8.000000e+00 8.884524e+01
         vertex 2.374896e+01 8.000000e+00 8.772557e+01
      endloop
   endfacet
   facet normal -9.063082e-01 0.000000e+00 4.226175e-01
      outer loop
         vertex 2.374896e+01 0.000000e+00 8.772557e+01
         vertex 2.374896e+01 8.000000e+00 8.772557e+01
         vertex 2.325907e+01 0.000000e+00 8.667500e+01
      endloop
   endfacet
   facet normal -9.063082e-01 0.000000e+00 4.226175e-01
      outer loop
         vertex 2.325907e+01 0.000000e+00 8.667500e+01
         vertex 2.374896e+01 8.000000e+00 8.772557e+01
         vertex 2.325907e+01 8.000000e+00 8.667500e+01
      endloop
   endfacet
   facet normal -8.191505e-01 0.000000e+00 5.735786e-01
      outer loop
         vertex 2.325907e+01 0.000000e+00 8.667500e+01
         vertex 2.325907e+01 8.000000e+00 8.667500e+01
         vertex 2.259420e+01 0.000000e+00 8.572547e+01
      endloop
   endfacet
   facet normal -8.191505e-01 0.000000e+00 5.735786e-01
      outer loop
         vertex 2.259420e+01 0.000000e+00 8.572547e+01
         vertex 2.325907e+01 8.000000e+00 8.667500e+01
         vertex 2.259420e+01 8.000000e+00 8.572547e+01
      endloop
   endfacet
   facet normal -7.071080e-01 0.000000e+00 7.071056e-01
      outer loop
         vertex 2.259420e+01 0.000000e+00 8.572547e+01
         vertex 2.259420e+01 8.000000e+00 8.572547e+01
         vertex 2.177454e+01 0.000000e+00 8.490581e+01
      endloop
   endfacet
   facet normal -7.071080e-01 0.000000e+00 7.071056e-01
      outer loop
         vertex 2.177454e+01 0.000000e+00 8.490581e+01
         vertex 2.259420e+01 8.000000e+00 8.572547e+01
         vertex 2.177454e+01 8.000000e+00 8.490581e+01
      endloop
   endfacet
   facet normal -5.735772e-01 0.000000e+00 8.191515e-01
      outer loop
         vertex 2.177454e+01 0.000000e+00 8.490581e+01
         vertex 2.177454e+01 8.000000e+00 8.490581e+01
         vertex 2.082500e+01 0.000000e+00 8.424093e+01
      endloop
   endfacet
   facet normal -5.735772e-01 0.000000e+00 8.191515e-01
      outer loop
         vertex 2.082500e+01 0.000000e+00 8.424093e+01
         vertex 2.177454e+01 8.000000e+00 8.490581e+01
         vertex 2.082500e+01 8.000000e+00 8.424093e+01
      endloop
   endfacet
   facet normal -4.226155e-01 0.000000e+00 9.063091e-01
      outer loop
         vertex 2.082500e+01 0.000000e+00 8.424093e+01
         vertex 2.082500e+01 8.000000e+00 8.424093e+01
         vertex 1.977443e+01 0.000000e+00 8.375105e+01
      endloop
   endfacet
   facet normal -4.226155e-01 0.000000e+00 9.063091e-01
      outer loop
         vertex 1.977443e+01 0.000000e+00 8.375105e+01
         vertex 2.082500e+01 8.000000e+00 8.424093e+01
         vertex 1.977443e+01 8.000000e+00 8.375105e+01
      endloop
   endfacet
   facet normal -2.588226e-01 0.000000e+00 9.659249e-01
      outer loop
         vertex 1.977443e+01 0.000000e+00 8.375105e+01
         vertex 1.977443e+01 8.000000e+00 8.375105e+01
         vertex 1.865476e+01 0.000000e+00 8.345103e+01
      endloop
   endfacet
   facet normal -2.588226e-01 0.000000e+00 9.659249e-01
      outer loop
         vertex 1.865476e+01 0.000000e+00 8.345103e+01
         vertex 1.977443e+01 8.000000e+00 8.375105e+01
         vertex 1.865476e+01 8.000000e+00 8.345103e+01
      endloop
   endfacet
   facet normal -8.715697e-02 0.000000e+00 9.961946e-01
      outer loop
         vertex 1.865476e+01 0.000000e+00 8.345103e+01
         vertex 1.865476e+01 8.000000e+00 8.345103e+01
         vertex 1.750000e+01 0.000000e+00 8.335000e+01
      endloop
   endfacet
   facet normal -8.715697e-02 0.000000e+00 9.961946e-01
      outer loop
         vertex 1.750000e+01 0.000000e+00 8.335000e+01
         vertex 1.865476e+01 8.000000e+00 8.345103e+01
         vertex 1.750000e+01 8.000000e+00 8.335000e+01
      endloop
   endfacet
   facet normal 8.715697e-02 -0.000000e+00 9.961946e-01
      outer loop
         vertex 1.750000e+01 0.000000e+00 8.335000e+01
         vertex 1.750000e+01 8.000000e+00 8.335000e+01
         vertex 1.634524e+01 0.000000e+00 8.345103e+01
      endloop
   endfacet
   facet normal 8.715697e-02 -0.000000e+00 9.961946e-01
      outer loop
         vertex 1.634524e+01 0.000000e+00 8.345103e+01
         vertex 1.750000e+01 8.000000e+00 8.335000e+01
         vertex 1.634524e+01 8.000000e+00 8.345103e+01
      endloop
   endfacet
   facet normal 2.588226e-01 -0.000000e+00 9.659249e-01
      outer loop
         vertex 1.634524e+01 0.000000e+00 8.345103e+01
         vertex 1.634524e+01 8.000000e+00 8.345103e+01
         vertex 1.522557e+01 0.000000e+00 8.375105e+01
      endloop
   endfacet
   facet normal 2.588226e-01 -0.000000e+00 9.659249e-01
      outer loop
         vertex 1.522557e+01 0.000000e+00 8.375105e+01
         vertex 1.634524e+01 8.000000e+00 8.345103e+01
         vertex 1.522557e+01 8.000000e+00 8.375105e+01
      endloop
   endfacet
   facet normal 4.226155e-01 -0.000000e+00 9.063091e-01
      outer loop
         vertex 1.522557e+01 0.000000e+00 8.375105e+01
         vertex 1.522557e+01 8.000000e+00 8.375105e+01
         vertex 1.417500e+01 0.000000e+00 8.424093e+01
      endloop
   endfacet
   facet normal 4.226155e-01 -0.000000e+00 9.063091e-01
      outer loop
         vertex 1.417500e+01 0.000000e+00 8.424093e+01
         vertex 1.522557e+01 8.000000e+00 8.375105e+01
         vertex 1.417500e+01 8.000000e+00 8.424093e+01
      endloop
   endfacet
   facet normal 5.735772e-01 -0.000000e+00 8.191515e-01
      outer loop
         vertex 1.417500e+01 0.000000e+00 8.424093e+01
         vertex 1.417500e+01 8.000000e+00 8.424093e+01
         vertex 1.322546e+01 0.000000e+00 8.490581e+01
      endloop
   endfacet
   facet normal 5.735772e-01 -0.000000e+00 8.191515e-01
      outer loop
         vertex 1.322546e+01 0.000000e+00 8.490581e+01
         vertex 1.417500e+01 8.000000e+00 8.424093e+01
         vertex 1.322546e+01 8.000000e+00 8.490581e+01
      endloop
   endfacet
   facet normal 7.071080e-01 -0.000000e+00 7.071056e-01
      outer loop
         vertex 1.322546e+01 0.000000e+00 8.490581e+01
         vertex 1.322546e+01 8.000000e+00 8.490581e+01
         vertex 1.240580e+01 0.000000e+00 8.572547e+01
      endloop
   endfacet
   facet normal 7.071080e-01 -0.000000e+00 7.071056e-01
      outer loop
         vertex 1.240580e+01 0.000000e+00 8.572547e+01
         vertex 1.322546e+01 8.000000e+00 8.490581e+01
         vertex 1.240580e+01 8.000000e+00 8.572547e+01
      endloop
   endfacet
   facet normal 8.191505e-01 -0.000000e+00 5.735786e-01
      outer loop
         vertex 1.240580e+01 0.000000e+00 8.572547e+01
         vertex 1.240580e+01 8.000000e+00 8.572547e+01
         vertex 1.174093e+01 0.000000e+00 8.667500e+01
      endloop
   endfacet
   facet normal 8.191505e-01 -0.000000e+00 5.735786e-01
      outer loop
         vertex 1.174093e+01 0.000000e+00 8.667500e+01
         vertex 1.240580e+01 8.000000e+00 8.572547e+01
         vertex 1.174093e+01 8.000000e+00 8.667500e+01
      endloop
   endfacet
   facet normal 9.063082e-01 -0.000000e+00 4.226175e-01
      outer loop
         vertex 1.174093e+01 0.000000e+00 8.667500e+01
         vertex 1.174093e+01 8.000000e+00 8.667500e+01
         vertex 1.125104e+01 0.000000e+00 8.772557e+01
      endloop
   endfacet
   facet normal 9.063082e-01 -0.000000e+00 4.226175e-01
      outer loop
         vertex 1.125104e+01 0.000000e+00 8.772557e+01
         vertex 1.174093e+01 8.000000e+00 8.667500e+01
         vertex 1.125104e+01 8.000000e+00 8.772557e+01
      endloop
   endfacet
   facet normal 9.659259e-01 -0.000000e+00 2.588189e-01
      outer loop
         vertex 1.125104e+01 0.000000e+00 8.772557e+01
         vertex 1.125104e+01 8.000000e+00 8.772557e+01
         vertex 1.095103e+01 0.000000e+00 8.884524e+01
      endloop
   endfacet
   facet normal 9.659259e-01 -0.000000e+00 2.588189e-01
      outer loop
         vertex 1.095103e+01 0.000000e+00 8.884524e+01
         vertex 1.125104e+01 8.000000e+00 8.772557e+01
         vertex 1.095103e+01 8.000000e+00 8.884524e+01
      endloop
   endfacet
   facet normal 9.961947e-01 -0.000000e+00 8.715595e-02
      outer loop
         vertex 1.095103e+01 0.000000e+00 8.884524e+01
         vertex 1.095103e+01 8.000000e+00 8.884524e+01
         vertex 1.085000e+01 0.000000e+00 9.000000e+01
      endloop
   endfacet
   facet normal 9.961947e-01 -0.000000e+00 8.715595e-02
      outer loop
         vertex 1.085000e+01 0.000000e+00 9.000000e+01
         vertex 1.095103e+01 8.000000e+00 8.884524e+01
         vertex 1.085000e+01 8.000000e+00 9.000000e+01
      endloop
   endfacet
   facet normal 9.961947e-01 0.000000e+00 -8.715539e-02
      outer loop
         vertex 1.085000e+01 0.000000e+00 9.000000e+01
         vertex 1.085000e+01 8.000000e+00 9.000000e+01
         vertex 1.095103e+01 0.000000e+00 9.115476e+01
      endloop
   endfacet
   facet normal 9.961947e-01 0.000000e+00 -8.715539e-02
      outer loop
         vertex 1.095103e+01 0.000000e+00 9.115476e+01
         vertex 1.085000e+01 8.000000e+00 9.000000e+01
         vertex 1.095103e+01 8.000000e+00 9.115476e+01
      endloop
   endfacet
   facet normal 9.659259e-01 0.000000e+00 -2.588189e-01
      outer loop
         vertex 1.095103e+01 0.000000e+00 9.115476e+01
         vertex 1.095103e+01 8.000000e+00 9.115476e+01
         vertex 1.125104e+01 0.000000e+00 9.227444e+01
      endloop
   endfacet
   facet normal 9.659259e-01 0.000000e+00 -2.588189e-01
      outer loop
         vertex 1.125104e+01 0.000000e+00 9.227444e+01
         vertex 1.095103e+01 8.000000e+00 9.115476e+01
         vertex 1.125104e+01 8.000000e+00 9.227444e+01
      endloop
   endfacet
   facet normal 9.063070e-01 0.000000e+00 -4.226199e-01
      outer loop
         vertex 1.125104e+01 0.000000e+00 9.227444e+01
         vertex 1.125104e+01 8.000000e+00 9.227444e+01
         vertex 1.174093e+01 0.000000e+00 9.332500e+01
      endloop
   endfacet
   facet normal 9.063070e-01 0.000000e+00 -4.226199e-01
      outer loop
         vertex 1.174093e+01 0.000000e+00 9.332500e+01
         vertex 1.125104e+01 8.000000e+00 9.227444e+01
         vertex 1.174093e+01 8.000000e+00 9.332500e+01
      endloop
   endfacet
   facet normal 8.191526e-01 0.000000e+00 -5.735756e-01
      outer loop
         vertex 1.174093e+01 0.000000e+00 9.332500e+01
         vertex 1.174093e+01 8.000000e+00 9.332500e+01
         vertex 1.240580e+01 0.000000e+00 9.427454e+01
      endloop
   endfacet
   facet normal 8.191526e-01 0.000000e+00 -5.735756e-01
      outer loop
         vertex 1.240580e+01 0.000000e+00 9.427454e+01
         vertex 1.174093e+01 8.000000e+00 9.332500e+01
         vertex 1.240580e+01 8.000000e+00 9.427454e+01
      endloop
   endfacet
   facet normal 7.071080e-01 0.000000e+00 -7.071056e-01
      outer loop
         vertex 1.240580e+01 0.000000e+00 9.427454e+01
         vertex 1.240580e+01 8.000000e+00 9.427454e+01
         vertex 1.322546e+01 0.000000e+00 9.509420e+01
      endloop
   endfacet
   facet normal 7.071080e-01 0.000000e+00 -7.071056e-01
      outer loop
         vertex 1.322546e+01 0.000000e+00 9.509420e+01
         vertex 1.240580e+01 8.000000e+00 9.427454e+01
         vertex 1.322546e+01 8.000000e+00 9.509420e+01
      endloop
   endfacet
   facet normal 5.735729e-01 0.000000e+00 -8.191545e-01
      outer loop
         vertex 1.322546e+01 0.000000e+00 9.509420e+01
         vertex 1.322546e+01 8.000000e+00 9.509420e+01
         vertex 1.417500e+01 0.000000e+00 9.575907e+01
      endloop
   endfacet
   facet normal 5.735729e-01 0.000000e+00 -8.191545e-01
      outer loop
         vertex 1.417500e+01 0.000000e+00 9.575907e+01
         vertex 1.322546e+01 8.000000e+00 9.509420e+01
         vertex 1.417500e+01 8.000000e+00 9.575907e+01
      endloop
   endfacet
   facet normal 4.226208e-01 0.000000e+00 -9.063066e-01
      outer loop
         vertex 1.417500e+01 0.000000e+00 9.575907e+01
         vertex 1.417500e+01 8.000000e+00 9.575907e+01
         vertex 1.522557e+01 0.000000e+00 9.624896e+01
      endloop
   endfacet
   facet normal 4.226208e-01 0.000000e+00 -9.063066e-01
      outer loop
         vertex 1.522557e+01 0.000000e+00 9.624896e+01
         vertex 1.417500e+01 8.000000e+00 9.575907e+01
         vertex 1.522557e+01 8.000000e+00 9.624896e+01
      endloop
   endfacet
   facet normal 2.588166e-01 0.000000e+00 -9.659265e-01
      outer loop
         vertex 1.522557e+01 0.000000e+00 9.624896e+01
         vertex 1.522557e+01 8.000000e+00 9.624896e+01
         vertex 1.634524e+01 0.000000e+00 9.654897e+01
      endloop
   endfacet
   facet normal 2.588166e-01 0.000000e+00 -9.659265e-01
      outer loop
         vertex 1.634524e+01 0.000000e+00 9.654897e+01
         vertex 1.522557e+01 8.000000e+00 9.624896e+01
         vertex 1.634524e+01 8.000000e+00 9.654897e+01
      endloop
   endfacet
   facet normal 8.715697e-02 0.000000e+00 -9.961946e-01
      outer loop
         vertex 1.634524e+01 0.000000e+00 9.654897e+01
         vertex 1.634524e+01 8.000000e+00 9.654897e+01
         vertex 1.750000e+01 0.000000e+00 9.665000e+01
      endloop
   endfacet
   facet normal 8.715697e-02 0.000000e+00 -9.961946e-01
      outer loop
         vertex 1.750000e+01 0.000000e+00 9.665000e+01
         vertex 1.634524e+01 8.000000e+00 9.654897e+01
         vertex 1.750000e+01 8.000000e+00 9.665000e+01
      endloop
   endfacet
   facet normal -9.961947e-01 0.000000e+00 8.715628e-02
      outer loop
         vertex 1.950000e+01 0.000000e+00 3.750000e+01
         vertex 1.950000e+01 8.000000e+00 3.750000e+01
         vertex 1.946962e+01 0.000000e+00 3.715270e+01
      endloop
   endfacet
   facet normal -9.961947e-01 0.000000e+00 8.715628e-02
      outer loop
         vertex 1.946962e+01 0.000000e+00 3.715270e+01
         vertex 1.950000e+01 8.000000e+00 3.750000e+01
         vertex 1.946962e+01 8.000000e+00 3.715270e+01
      endloop
   endfacet
   facet normal -9.659258e-01 0.000000e+00 2.588191e-01
      outer loop
         vertex 1.946962e+01 0.000000e+00 3.715270e+01
         vertex 1.946962e+01 8.000000e+00 3.715270e+01
         vertex 1.937939e+01 0.000000e+00 3.681596e+01
      endloop
   endfacet
   facet normal -9.659258e-01 0.000000e+00 2.588191e-01
      outer loop
         vertex 1.937939e+01 0.000000e+00 3.681596e+01
         vertex 1.946962e+01 8.000000e+00 3.715270e+01
         vertex 1.937939e+01 8.000000e+00 3.681596e+01
      endloop
   endfacet
   facet normal -9.063082e-01 0.000000e+00 4.226174e-01
      outer loop
         vertex 1.937939e+01 0.000000e+00 3.681596e+01
         vertex 1.937939e+01 8.000000e+00 3.681596e+01
         vertex 1.923205e+01 0.000000e+00 3.650000e+01
      endloop
   endfacet
   facet normal -9.063082e-01 0.000000e+00 4.226174e-01
      outer loop
         vertex 1.923205e+01 0.000000e+00 3.650000e+01
         vertex 1.937939e+01 8.000000e+00 3.681596e+01
         vertex 1.923205e+01 8.000000e+00 3.650000e+01
      endloop
   endfacet
   facet normal -8.191520e-01 0.000000e+00 5.735765e-01
      outer loop
         vertex 1.923205e+01 0.000000e+00 3.650000e+01
         vertex 1.923205e+01 8.000000e+00 3.650000e+01
         vertex 1.903209e+01 0.000000e+00 3.621442e+01
      endloop
   endfacet
   facet normal -8.191520e-01 0.000000e+00 5.735765e-01
      outer loop
         vertex 1.903209e+01 0.000000e+00 3.621442e+01
         vertex 1.923205e+01 8.000000e+00 3.650000e+01
         vertex 1.903209e+01 8.000000e+00 3.621442e+01
      endloop
   endfacet
   facet normal -7.071068e-01 0.000000e+00 7.071068e-01
      outer loop
         vertex 1.903209e+01 0.000000e+00 3.621442e+01
         vertex 1.903209e+01 8.000000e+00 3.621442e+01
         vertex 1.878558e+01 0.000000e+00 3.596791e+01
      endloop
   endfacet
   facet normal -7.071068e-01 0.000000e+00 7.071068e-01
      outer loop
         vertex 1.878558e+01 0.000000e+00 3.596791e+01
         vertex 1.903209e+01 8.000000e+00 3.621442e+01
         vertex 1.878558e+01 8.000000e+00 3.596791e+01
      endloop
   endfacet
   facet normal -5.735739e-01 0.000000e+00 8.191538e-01
      outer loop
         vertex 1.878558e+01 0.000000e+00 3.596791e+01
         vertex 1.878558e+01 8.000000e+00 3.596791e+01
         vertex 1.850000e+01 0.000000e+00 3.576795e+01
      endloop
   endfacet
   facet normal -5.735739e-01 0.000000e+00 8.191538e-01
      outer loop
         vertex 1.850000e+01 0.000000e+00 3.576795e+01
         vertex 1.878558e+01 8.000000e+00 3.596791e+01
         vertex 1.850000e+01 8.000000e+00 3.576795e+01
      endloop
   endfacet
   facet normal -4.226201e-01 0.000000e+00 9.063069e-01
      outer loop
         vertex 1.850000e+01 0.000000e+00 3.576795e+01
         vertex 1.850000e+01 8.000000e+00 3.576795e+01
         vertex 1.818404e+01 0.000000e+00 3.562061e+01
      endloop
   endfacet
   facet normal -4.226201e-01 0.000000e+00 9.063069e-01
      outer loop
         vertex 1.818404e+01 0.000000e+00 3.562061e+01
         vertex 1.850000e+01 8.000000e+00 3.576795e+01
         vertex 1.818404e+01 8.000000e+00 3.562061e+01
      endloop
   endfacet
   facet normal -2.588190e-01 0.000000e+00 9.659258e-01
      outer loop
         vertex 1.818404e+01 0.000000e+00 3.562061e+01
         vertex 1.818404e+01 8.000000e+00 3.562061e+01
         vertex 1.784730e+01 0.000000e+00 3.553038e+01
      endloop
   endfacet
   facet normal -2.588190e-01 0.000000e+00 9.659258e-01
      outer loop
         vertex 1.784730e+01 0.000000e+00 3.553038e+01
         vertex 1.818404e+01 8.000000e+00 3.562061e+01
         vertex 1.784730e+01 8.000000e+00 3.553038e+01
      endloop
   endfacet
   facet normal -8.715812e-02 0.000000e+00 9.961945e-01
      outer loop
         vertex 1.784730e+01 0.000000e+00 3.553038e+01
         vertex 1.784730e+01 8.000000e+00 3.553038e+01
         vertex 1.750000e+01 0.000000e+00 3.550000e+01
      endloop
   endfacet
   facet normal -8.715812e-02 0.000000e+00 9.961945e-01
      outer loop
         vertex 1.750000e+01 0.000000e+00 3.550000e+01
         vertex 1.784730e+01 8.000000e+00 3.553038e+01
         vertex 1.750000e+01 8.000000e+00 3.550000e+01
      endloop
   endfacet
   facet normal 8.715812e-02 -0.000000e+00 9.961945e-01
      outer loop
         vertex 1.750000e+01 0.000000e+00 3.550000e+01
         vertex 1.750000e+01 8.000000e+00 3.550000e+01
         vertex 1.715270e+01 0.000000e+00 3.553038e+01
      endloop
   endfacet
   facet normal 8.715812e-02 -0.000000e+00 9.961945e-01
      outer loop
         vertex 1.715270e+01 0.000000e+00 3.553038e+01
         vertex 1.750000e+01 8.000000e+00 3.550000e+01
         vertex 1.715270e+01 8.000000e+00 3.553038e+01
      endloop
   endfacet
   facet normal 2.588190e-01 -0.000000e+00 9.659258e-01
      outer loop
         vertex 1.715270e+01 0.000000e+00 3.553038e+01
         vertex 1.715270e+01 8.000000e+00 3.553038e+01
         vertex 1.681596e+01 0.000000e+00 3.562061e+01
      endloop
   endfacet
   facet normal 2.588190e-01 -0.000000e+00 9.659258e-01
      outer loop
         vertex 1.681596e+01 0.000000e+00 3.562061e+01
         vertex 1.715270e+01 8.000000e+00 3.553038e+01
         vertex 1.681596e+01 8.000000e+00 3.562061e+01
      endloop
   endfacet
   facet normal 4.226201e-01 -0.000000e+00 9.063069e-01
      outer loop
         vertex 1.681596e+01 0.000000e+00 3.562061e+01
         vertex 1.681596e+01 8.000000e+00 3.562061e+01
         vertex 1.650000e+01 0.000000e+00 3.576795e+01
      endloop
   endfacet
   facet normal 4.226201e-01 -0.000000e+00 9.063069e-01
      outer loop
         vertex 1.650000e+01 0.000000e+00 3.576795e+01
         vertex 1.681596e+01 8.000000e+00 3.562061e+01
         vertex 1.650000e+01 8.000000e+00 3.576795e+01
      endloop
   endfacet
   facet normal 5.735739e-01 -0.000000e+00 8.191538e-01
      outer loop
         vertex 1.650000e+01 0.000000e+00 3.576795e+01
         vertex 1.650000e+01 8.000000e+00 3.576795e+01
         vertex 1.621442e+01 0.000000e+00 3.596791e+01
      endloop
   endfacet
   facet normal 5.735739e-01 -0.000000e+00 8.191538e-01
      outer loop
         vertex 1.621442e+01 0.000000e+00 3.596791e+01
         vertex 1.650000e+01 8.000000e+00 3.576795e+01
         vertex 1.621442e+01 8.000000e+00 3.596791e+01
      endloop
   endfacet
   facet normal 7.071068e-01 -0.000000e+00 7.071068e-01
      outer loop
         vertex 1.621442e+01 0.000000e+00 3.596791e+01
         vertex 1.621442e+01 8.000000e+00 3.596791e+01
         vertex 1.596791e+01 0.000000e+00 3.621442e+01
      endloop
   endfacet
   facet normal 7.071068e-01 -0.000000e+00 7.071068e-01
      outer loop
         vertex 1.596791e+01 0.000000e+00 3.621442e+01
         vertex 1.621442e+01 8.000000e+00 3.596791e+01
         vertex 1.596791e+01 8.000000e+00 3.621442e+01
      endloop
   endfacet
   facet normal 8.191520e-01 -0.000000e+00 5.735765e-01
      outer loop
         vertex 1.596791e+01 0.000000e+00 3.621442e+01
         vertex 1.596791e+01 8.000000e+00 3.621442e+01
         vertex 1.576795e+01 0.000000e+00 3.650000e+01
      endloop
   endfacet
   facet normal 8.191520e-01 -0.000000e+00 5.735765e-01
      outer loop
         vertex 1.576795e+01 0.000000e+00 3.650000e+01
         vertex 1.596791e+01 8.000000e+00 3.621442e+01
         vertex 1.576795e+01 8.000000e+00 3.650000e+01
      endloop
   endfacet
   facet normal 9.063082e-01 -0.000000e+00 4.226174e-01
      outer loop
         vertex 1.576795e+01 0.000000e+00 3.650000e+01
         vertex 1.576795e+01 8.000000e+00 3.650000e+01
         vertex 1.562061e+01 0.000000e+00 3.681596e+01
      endloop
   endfacet
   facet normal 9.063082e-01 -0.000000e+00 4.226174e-01
      outer loop
         vertex 1.562061e+01 0.000000e+00 3.681596e+01
         vertex 1.576795e+01 8.000000e+00 3.650000e+01
         vertex 1.562061e+01 8.000000e+00 3.681596e+01
      endloop
   endfacet
   facet normal 9.659258e-01 -0.000000e+00 2.588191e-01
      outer loop
         vertex 1.562061e+01 0.000000e+00 3.681596e+01
         vertex 1.562061e+01 8.000000e+00 3.681596e+01
         vertex 1.553038e+01 0.000000e+00 3.715270e+01
      endloop
   endfacet
   facet normal 9.659258e-01 -0.000000e+00 2.588191e-01
      outer loop
         vertex 1.553038e+01 0.000000e+00 3.715270e+01
         vertex 1.562061e+01 8.000000e+00 3.681596e+01
         vertex 1.553038e+01 8.000000e+00 3.715270e+01
      endloop
   endfacet
   facet normal 9.961947e-01 -0.000000e+00 8.715628e-02
      outer loop
         vertex 1.553038e+01 0.000000e+00 3.715270e+01
         vertex 1.553038e+01 8.000000e+00 3.715270e+01
         vertex 1.550000e+01 0.000000e+00 3.750000e+01
      endloop
   endfacet
   facet normal 9.961947e-01 -0.000000e+00 8.715628e-02
      outer loop
         vertex 1.550000e+01 0.000000e+00 3.750000e+01
         vertex 1.553038e+01 8.000000e+00 3.715270e+01
         vertex 1.550000e+01 8.000000e+00 3.750000e+01
      endloop
   endfacet
   facet normal -1.000000e+00 -0.000000e+00 -0.000000e+00
      outer loop
         vertex 1.950000e+01 8.000000e+00 4.950000e+01
         vertex 1.950000e+01 8.000000e+00 3.750000e+01
         vertex 1.950000e+01 0.000000e+00 4.950000e+01
      endloop
   endfacet
   facet normal -1.000000e+00 0.000000e+00 0.000000e+00
      outer loop
         vertex 1.950000e+01 0.000000e+00 4.950000e+01
         vertex 1.950000e+01 8.000000e+00 3.750000e+01
         vertex 1.950000e+01 0.000000e+00 3.750000e+01
      endloop
   endfacet
   facet normal 9.961946e-01 0.000000e+00 -8.715674e-02
      outer loop
         vertex 1.550000e+01 0.000000e+00 4.950000e+01
         vertex 1.550000e+01 8.000000e+00 4.950000e+01
         vertex 1.553038e+01 0.000000e+00 4.984730e+01
      endloop
   endfacet
   facet normal 9.961946e-01 0.000000e+00 -8.715674e-02
      outer loop
         vertex 1.553038e+01 0.000000e+00 4.984730e+01
         vertex 1.550000e+01 8.000000e+00 4.950000e+01
         vertex 1.553038e+01 8.000000e+00 4.984730e+01
      endloop
   endfacet
   facet normal 9.659258e-01 0.000000e+00 -2.588191e-01
      outer loop
         vertex 1.553038e+01 0.000000e+00 4.984730e+01
         vertex 1.553038e+01 8.000000e+00 4.984730e+01
         vertex 1.562061e+01 0.000000e+00 5.018404e+01
      endloop
   endfacet
   facet normal 9.659258e-01 0.000000e+00 -2.588191e-01
      outer loop
         vertex 1.562061e+01 0.000000e+00 5.018404e+01
         vertex 1.553038e+01 8.000000e+00 4.984730e+01
         vertex 1.562061e+01 8.000000e+00 5.018404e+01
      endloop
   endfacet
   facet normal 9.063082e-01 0.000000e+00 -4.226174e-01
      outer loop
         vertex 1.562061e+01 0.000000e+00 5.018404e+01
         vertex 1.562061e+01 8.000000e+00 5.018404e+01
         vertex 1.576795e+01 0.000000e+00 5.050000e+01
      endloop
   endfacet
   facet normal 9.063082e-01 0.000000e+00 -4.226174e-01
      outer loop
         vertex 1.576795e+01 0.000000e+00 5.050000e+01
         vertex 1.562061e+01 8.000000e+00 5.018404e+01
         vertex 1.576795e+01 8.000000e+00 5.050000e+01
      endloop
   endfacet
   facet normal 8.191537e-01 0.000000e+00 -5.735740e-01
      outer loop
         vertex 1.576795e+01 0.000000e+00 5.050000e+01
         vertex 1.576795e+01 8.000000e+00 5.050000e+01
         vertex 1.596791e+01 0.000000e+00 5.078558e+01
      endloop
   endfacet
   facet normal 8.191537e-01 0.000000e+00 -5.735740e-01
      outer loop
         vertex 1.596791e+01 0.000000e+00 5.078558e+01
         vertex 1.576795e+01 8.000000e+00 5.050000e+01
         vertex 1.596791e+01 8.000000e+00 5.078558e+01
      endloop
   endfacet
   facet normal 7.071068e-01 0.000000e+00 -7.071068e-01
      outer loop
         vertex 1.596791e+01 0.000000e+00 5.078558e+01
         vertex 1.596791e+01 8.000000e+00 5.078558e+01
         vertex 1.621442e+01 0.000000e+00 5.103209e+01
      endloop
   endfacet
   facet normal 7.071068e-01 0.000000e+00 -7.071068e-01
      outer loop
         vertex 1.621442e+01 0.000000e+00 5.103209e+01
         vertex 1.596791e+01 8.000000e+00 5.078558e+01
         vertex 1.621442e+01 8.000000e+00 5.103209e+01
      endloop
   endfacet
   facet normal 5.735703e-01 0.000000e+00 -8.191564e-01
      outer loop
         vertex 1.621442e+01 0.000000e+00 5.103209e+01
         vertex 1.621442e+01 8.000000e+00 5.103209e+01
         vertex 1.650000e+01 0.000000e+00 5.123205e+01
      endloop
   endfacet
   facet normal 5.735703e-01 0.000000e+00 -8.191564e-01
      outer loop
         vertex 1.650000e+01 0.000000e+00 5.123205e+01
         vertex 1.621442e+01 8.000000e+00 5.103209e+01
         vertex 1.650000e+01 8.000000e+00 5.123205e+01
      endloop
   endfacet
   facet normal 4.226201e-01 0.000000e+00 -9.063069e-01
      outer loop
         vertex 1.650000e+01 0.000000e+00 5.123205e+01
         vertex 1.650000e+01 8.000000e+00 5.123205e+01
         vertex 1.681596e+01 0.000000e+00 5.137938e+01
      endloop
   endfacet
   facet normal 4.226201e-01 0.000000e+00 -9.063069e-01
      outer loop
         vertex 1.681596e+01 0.000000e+00 5.137938e+01
         vertex 1.650000e+01 8.000000e+00 5.123205e+01
         vertex 1.681596e+01 8.000000e+00 5.137938e+01
      endloop
   endfacet
   facet normal 2.588190e-01 0.000000e+00 -9.659258e-01
      outer loop
         vertex 1.681596e+01 0.000000e+00 5.137938e+01
         vertex 1.681596e+01 8.000000e+00 5.137938e+01
         vertex 1.715270e+01 0.000000e+00 5.146961e+01
      endloop
   endfacet
   facet normal 2.588190e-01 0.000000e+00 -9.659258e-01
      outer loop
         vertex 1.715270e+01 0.000000e+00 5.146961e+01
         vertex 1.681596e+01 8.000000e+00 5.137938e+01
         vertex 1.715270e+01 8.000000e+00 5.146961e+01
      endloop
   endfacet
   facet normal 8.716343e-02 0.000000e+00 -9.961940e-01
      outer loop
         vertex 1.715270e+01 0.000000e+00 5.146961e+01
         vertex 1.715270e+01 8.000000e+00 5.146961e+01
         vertex 1.750000e+01 0.000000e+00 5.150000e+01
      endloop
   endfacet
   facet normal 8.716343e-02 0.000000e+00 -9.961940e-01
      outer loop
         vertex 1.750000e+01 0.000000e+00 5.150000e+01
         vertex 1.715270e+01 8.000000e+00 5.146961e+01
         vertex 1.750000e+01 8.000000e+00 5.150000e+01
      endloop
   endfacet
   facet normal -8.716343e-02 0.000000e+00 -9.961940e-01
      outer loop
         vertex 1.750000e+01 0.000000e+00 5.150000e+01
         vertex 1.750000e+01 8.000000e+00 5.150000e+01
         vertex 1.784730e+01 0.000000e+00 5.146961e+01
      endloop
   endfacet
   facet normal -8.716343e-02 0.000000e+00 -9.961940e-01
      outer loop
         vertex 1.784730e+01 0.000000e+00 5.146961e+01
         vertex 1.750000e+01 8.000000e+00 5.150000e+01
         vertex 1.784730e+01 8.000000e+00 5.146961e+01
      endloop
   endfacet
   facet normal -2.588190e-01 0.000000e+00 -9.659258e-01
      outer loop
         vertex 1.784730e+01 0.000000e+00 5.146961e+01
         vertex 1.784730e+01 8.000000e+00 5.146961e+01
         vertex 1.818404e+01 0.000000e+00 5.137938e+01
      endloop
   endfacet
   facet normal -2.588190e-01 0.000000e+00 -9.659258e-01
      outer loop
         vertex 1.818404e+01 0.000000e+00 5.137938e+01
         vertex 1.784730e+01 8.000000e+00 5.146961e+01
         vertex 1.818404e+01 8.000000e+00 5.137938e+01
      endloop
   endfacet
   facet normal -4.226201e-01 0.000000e+00 -9.063069e-01
      outer loop
         vertex 1.818404e+01 0.000000e+00 5.137938e+01
         vertex 1.818404e+01 8.000000e+00 5.137938e+01
         vertex 1.850000e+01 0.000000e+00 5.123205e+01
      endloop
   endfacet
   facet normal -4.226201e-01 0.000000e+00 -9.063069e-01
      outer loop
         vertex 1.850000e+01 0.000000e+00 5.123205e+01
         vertex 1.818404e+01 8.000000e+00 5.137938e+01
         vertex 1.850000e+01 8.000000e+00 5.123205e+01
      endloop
   endfacet
   facet normal -5.735703e-01 0.000000e+00 -8.191564e-01
      outer loop
         vertex 1.850000e+01 0.000000e+00 5.123205e+01
         vertex 1.850000e+01 8.000000e+00 5.123205e+01
         vertex 1.878558e+01 0.000000e+00 5.103209e+01
      endloop
   endfacet
   facet normal -5.735703e-01 0.000000e+00 -8.191564e-01
      outer loop
         vertex 1.878558e+01 0.000000e+00 5.103209e+01
         vertex 1.850000e+01 8.000000e+00 5.123205e+01
         vertex 1.878558e+01 8.000000e+00 5.103209e+01
      endloop
   endfacet
   facet normal -7.071068e-01 0.000000e+00 -7.071068e-01
      outer loop
         vertex 1.878558e+01 0.000000e+00 5.103209e+01
         vertex 1.878558e+01 8.000000e+00 5.103209e+01
         vertex 1.903209e+01 0.000000e+00 5.078558e+01
      endloop
   endfacet
   facet normal -7.071068e-01 0.000000e+00 -7.071068e-01
      outer loop
         vertex 1.903209e+01 0.000000e+00 5.078558e+01
         vertex 1.878558e+01 8.000000e+00 5.103209e+01
         vertex 1.903209e+01 8.000000e+00 5.078558e+01
      endloop
   endfacet
   facet normal -8.191537e-01 0.000000e+00 -5.735740e-01
      outer loop
         vertex 1.903209e+01 0.000000e+00 5.078558e+01
         vertex 1.903209e+01 8.000000e+00 5.078558e+01
         vertex 1.923205e+01 0.000000e+00 5.050000e+01
      endloop
   endfacet
   facet normal -8.191537e-01 0.000000e+00 -5.735740e-01
      outer loop
         vertex 1.923205e+01 0.000000e+00 5.050000e+01
         vertex 1.903209e+01 8.000000e+00 5.078558e+01
         vertex 1.923205e+01 8.000000e+00 5.050000e+01
      endloop
   endfacet
   facet normal -9.063082e-01 0.000000e+00 -4.226174e-01
      outer loop
         vertex 1.923205e+01 0.000000e+00 5.050000e+01
         vertex 1.923205e+01 8.000000e+00 5.050000e+01
         vertex 1.937939e+01 0.000000e+00 5.018404e+01
      endloop
   endfacet
   facet normal -9.063082e-01 0.000000e+00 -4.226174e-01
      outer loop
         vertex 1.937939e+01 0.000000e+00 5.018404e+01
         vertex 1.923205e+01 8.000000e+00 5.050000e+01
         vertex 1.937939e+01 8.000000e+00 5.018404e+01
      endloop
   endfacet
   facet normal -9.659258e-01 0.000000e+00 -2.588191e-01
      outer loop
         vertex 1.937939e+01 0.000000e+00 5.018404e+01
         vertex 1.937939e+01 8.000000e+00 5.018404e+01
         vertex 1.946962e+01 0.000000e+00 4.984730e+01
      endloop
   endfacet
   facet normal -9.659258e-01 0.000000e+00 -2.588191e-01
      outer loop
         vertex 1.946962e+01 0.000000e+00 4.984730e+01
         vertex 1.937939e+01 8.000000e+00 5.018404e+01
         vertex 1.946962e+01 8.000000e+00 4.984730e+01
      endloop
   endfacet
   facet normal -9.961946e-01 0.000000e+00 -8.715674e-02
      outer loop
         vertex 1.946962e+01 0.000000e+00 4.984730e+01
         vertex 1.946962e+01 8.000000e+00 4.984730e+01
         vertex 1.950000e+01 0.000000e+00 4.950000e+01
      endloop
   endfacet
   facet normal -9.961946e-01 0.000000e+00 -8.715674e-02
      outer loop
         vertex 1.950000e+01 0.000000e+00 4.950000e+01
         vertex 1.946962e+01 8.000000e+00 4.984730e+01
         vertex 1.950000e+01 8.000000e+00 4.950000e+01
      endloop
   endfacet
   facet normal 1.000000e+00 0.000000e+00 0.000000e+00
      outer loop
         vertex 1.550000e+01 8.000000e+00 4.950000e+01
         vertex 1.550000e+01 0.000000e+00 4.950000e+01
         vertex 1.550000e+01 8.000000e+00 3.750000e+01
      endloop
   endfacet
   facet normal 1.000000e+00 0.000000e+00 0.000000e+00
      outer loop
         vertex 1.550000e+01 8.000000e+00 3.750000e+01
         vertex 1.550000e+01 0.000000e+00 4.950000e+01
         vertex 1.550000e+01 0.000000e+00 3.750000e+01
      endloop
   endfacet
   facet normal -8.715345e-02 0.000000e+00 -9.961949e-01
      outer loop
         vertex 2.919134e+01 3.000000e+00 2.590000e+01
         vertex 2.919134e+01 8.000000e+00 2.590000e+01
         vertex 2.947786e+01 3.000000e+00 2.587493e+01
      endloop
   endfacet
   facet normal -8.715345e-02 0.000000e+00 -9.961949e-01
      outer loop
         vertex 2.947786e+01 3.000000e+00 2.587493e+01
         vertex 2.919134e+01 8.000000e+00 2.590000e+01
         vertex 2.947786e+01 8.000000e+00 2.587493e+01
      endloop
   endfacet
   facet normal -2.588213e-01 0.000000e+00 -9.659252e-01
      outer loop
         vertex 2.947786e+01 3.000000e+00 2.587493e+01
         vertex 2.947786e+01 8.000000e+00 2.587493e+01
         vertex 2.975568e+01 3.000000e+00 2.580049e+01
      endloop
   endfacet
   facet normal -2.588213e-01 0.000000e+00 -9.659252e-01
      outer loop
         vertex 2.975568e+01 3.000000e+00 2.580049e+01
         vertex 2.947786e+01 8.000000e+00 2.587493e+01
         vertex 2.975568e+01 8.000000e+00 2.580049e+01
      endloop
   endfacet
   facet normal -4.226172e-01 0.000000e+00 -9.063083e-01
      outer loop
         vertex 2.975568e+01 3.000000e+00 2.580049e+01
         vertex 2.975568e+01 8.000000e+00 2.580049e+01
         vertex 3.001634e+01 3.000000e+00 2.567894e+01
      endloop
   endfacet
   facet normal -4.226172e-01 0.000000e+00 -9.063083e-01
      outer loop
         vertex 3.001634e+01 3.000000e+00 2.567894e+01
         vertex 2.975568e+01 8.000000e+00 2.580049e+01
         vertex 3.001634e+01 8.000000e+00 2.567894e+01
      endloop
   endfacet
   facet normal -5.735773e-01 0.000000e+00 -8.191514e-01
      outer loop
         vertex 3.001634e+01 3.000000e+00 2.567894e+01
         vertex 3.001634e+01 8.000000e+00 2.567894e+01
         vertex 3.025194e+01 3.000000e+00 2.551397e+01
      endloop
   endfacet
   facet normal -5.735773e-01 0.000000e+00 -8.191514e-01
      outer loop
         vertex 3.025194e+01 3.000000e+00 2.551397e+01
         vertex 3.001634e+01 8.000000e+00 2.567894e+01
         vertex 3.025194e+01 8.000000e+00 2.551397e+01
      endloop
   endfacet
   facet normal -7.071060e-01 0.000000e+00 -7.071076e-01
      outer loop
         vertex 3.025194e+01 3.000000e+00 2.551397e+01
         vertex 3.025194e+01 8.000000e+00 2.551397e+01
         vertex 3.045532e+01 3.000000e+00 2.531060e+01
      endloop
   endfacet
   facet normal -7.071060e-01 0.000000e+00 -7.071076e-01
      outer loop
         vertex 3.045532e+01 3.000000e+00 2.531060e+01
         vertex 3.025194e+01 8.000000e+00 2.551397e+01
         vertex 3.045532e+01 8.000000e+00 2.531060e+01
      endloop
   endfacet
   facet normal -8.191514e-01 0.000000e+00 -5.735773e-01
      outer loop
         vertex 3.045532e+01 3.000000e+00 2.531060e+01
         vertex 3.045532e+01 8.000000e+00 2.531060e+01
         vertex 3.062029e+01 3.000000e+00 2.507500e+01
      endloop
   endfacet
   facet normal -8.191514e-01 0.000000e+00 -5.735773e-01
      outer loop
         vertex 3.062029e+01 3.000000e+00 2.507500e+01
         vertex 3.045532e+01 8.000000e+00 2.531060e+01
         vertex 3.062029e+01 8.000000e+00 2.507500e+01
      endloop
   endfacet
   facet normal -9.063083e-01 0.000000e+00 -4.226172e-01
      outer loop
         vertex 3.062029e+01 3.000000e+00 2.507500e+01
         vertex 3.062029e+01 8.000000e+00 2.507500e+01
         vertex 3.074184e+01 3.000000e+00 2.481433e+01
      endloop
   endfacet
   facet normal -9.063083e-01 0.000000e+00 -4.226172e-01
      outer loop
         vertex 3.074184e+01 3.000000e+00 2.481433e+01
         vertex 3.062029e+01 8.000000e+00 2.507500e+01
         vertex 3.074184e+01 8.000000e+00 2.481433e+01
      endloop
   endfacet
   facet normal -9.659260e-01 0.000000e+00 -2.588183e-01
      outer loop
         vertex 3.074184e+01 3.000000e+00 2.481433e+01
         vertex 3.074184e+01 8.000000e+00 2.481433e+01
         vertex 3.081628e+01 3.000000e+00 2.453652e+01
      endloop
   endfacet
   facet normal -9.659260e-01 0.000000e+00 -2.588183e-01
      outer loop
         vertex 3.081628e+01 3.000000e+00 2.453652e+01
         vertex 3.074184e+01 8.000000e+00 2.481433e+01
         vertex 3.081628e+01 8.000000e+00 2.453652e+01
      endloop
   endfacet
   facet normal -9.961946e-01 0.000000e+00 -8.715667e-02
      outer loop
         vertex 3.081628e+01 3.000000e+00 2.453652e+01
         vertex 3.081628e+01 8.000000e+00 2.453652e+01
         vertex 3.084134e+01 3.000000e+00 2.425000e+01
      endloop
   endfacet
   facet normal -9.961946e-01 0.000000e+00 -8.715667e-02
      outer loop
         vertex 3.084134e+01 3.000000e+00 2.425000e+01
         vertex 3.081628e+01 8.000000e+00 2.453652e+01
         vertex 3.084134e+01 8.000000e+00 2.425000e+01
      endloop
   endfacet
   facet normal -9.961946e-01 0.000000e+00 8.715667e-02
      outer loop
         vertex 3.084134e+01 3.000000e+00 2.425000e+01
         vertex 3.084134e+01 8.000000e+00 2.425000e+01
         vertex 3.081628e+01 3.000000e+00 2.396348e+01
      endloop
   endfacet
   facet normal -9.961946e-01 0.000000e+00 8.715667e-02
      outer loop
         vertex 3.081628e+01 3.000000e+00 2.396348e+01
         vertex 3.084134e+01 8.000000e+00 2.425000e+01
         vertex 3.081628e+01 8.000000e+00 2.396348e+01
      endloop
   endfacet
   facet normal -9.659261e-01 0.000000e+00 2.588179e-01
      outer loop
         vertex 3.081628e+01 3.000000e+00 2.396348e+01
         vertex 3.081628e+01 8.000000e+00 2.396348e+01
         vertex 3.074184e+01 3.000000e+00 2.368567e+01
      endloop
   endfacet
   facet normal -9.659261e-01 0.000000e+00 2.588179e-01
      outer loop
         vertex 3.074184e+01 3.000000e+00 2.368567e+01
         vertex 3.081628e+01 8.000000e+00 2.396348e+01
         vertex 3.074184e+01 8.000000e+00 2.368567e+01
      endloop
   endfacet
   facet normal -9.063080e-01 0.000000e+00 4.226179e-01
      outer loop
         vertex 3.074184e+01 3.000000e+00 2.368567e+01
         vertex 3.074184e+01 8.000000e+00 2.368567e+01
         vertex 3.062029e+01 3.000000e+00 2.342500e+01
      endloop
   endfacet
   facet normal -9.063080e-01 0.000000e+00 4.226179e-01
      outer loop
         vertex 3.062029e+01 3.000000e+00 2.342500e+01
         vertex 3.074184e+01 8.000000e+00 2.368567e+01
         vertex 3.062029e+01 8.000000e+00 2.342500e+01
      endloop
   endfacet
   facet normal -8.191520e-01 0.000000e+00 5.735765e-01
      outer loop
         vertex 3.062029e+01 3.000000e+00 2.342500e+01
         vertex 3.062029e+01 8.000000e+00 2.342500e+01
         vertex 3.045532e+01 3.000000e+00 2.318940e+01
      endloop
   endfacet
   facet normal -8.191520e-01 0.000000e+00 5.735765e-01
      outer loop
         vertex 3.045532e+01 3.000000e+00 2.318940e+01
         vertex 3.062029e+01 8.000000e+00 2.342500e+01
         vertex 3.045532e+01 8.000000e+00 2.318940e+01
      endloop
   endfacet
   facet normal -7.071060e-01 0.000000e+00 7.071076e-01
      outer loop
         vertex 3.045532e+01 3.000000e+00 2.318940e+01
         vertex 3.045532e+01 8.000000e+00 2.318940e+01
         vertex 3.025194e+01 3.000000e+00 2.298603e+01
      endloop
   endfacet
   facet normal -7.071060e-01 0.000000e+00 7.071076e-01
      outer loop
         vertex 3.025194e+01 3.000000e+00 2.298603e+01
         vertex 3.045532e+01 8.000000e+00 2.318940e+01
         vertex 3.025194e+01 8.000000e+00 2.298603e+01
      endloop
   endfacet
   facet normal -5.735773e-01 0.000000e+00 8.191514e-01
      outer loop
         vertex 3.025194e+01 3.000000e+00 2.298603e+01
         vertex 3.025194e+01 8.000000e+00 2.298603e+01
         vertex 3.001634e+01 3.000000e+00 2.282106e+01
      endloop
   endfacet
   facet normal -5.735773e-01 0.000000e+00 8.191514e-01
      outer loop
         vertex 3.001634e+01 3.000000e+00 2.282106e+01
         vertex 3.025194e+01 8.000000e+00 2.298603e+01
         vertex 3.001634e+01 8.000000e+00 2.282106e+01
      endloop
   endfacet
   facet normal -4.226172e-01 0.000000e+00 9.063083e-01
      outer loop
         vertex 3.001634e+01 3.000000e+00 2.282106e+01
         vertex 3.001634e+01 8.000000e+00 2.282106e+01
         vertex 2.975568e+01 3.000000e+00 2.269951e+01
      endloop
   endfacet
   facet normal -4.226172e-01 0.000000e+00 9.063083e-01
      outer loop
         vertex 2.975568e+01 3.000000e+00 2.269951e+01
         vertex 3.001634e+01 8.000000e+00 2.282106e+01
         vertex 2.975568e+01 8.000000e+00 2.269951e+01
      endloop
   endfacet
   facet normal -2.588198e-01 0.000000e+00 9.659256e-01
      outer loop
         vertex 2.975568e+01 3.000000e+00 2.269951e+01
         vertex 2.975568e+01 8.000000e+00 2.269951e+01
         vertex 2.947786e+01 3.000000e+00 2.262507e+01
      endloop
   endfacet
   facet normal -2.588198e-01 0.000000e+00 9.659256e-01
      outer loop
         vertex 2.947786e+01 3.000000e+00 2.262507e+01
         vertex 2.975568e+01 8.000000e+00 2.269951e+01
         vertex 2.947786e+01 8.000000e+00 2.262507e+01
      endloop
   endfacet
   facet normal -8.715506e-02 0.000000e+00 9.961948e-01
      outer loop
         vertex 2.947786e+01 3.000000e+00 2.262507e+01
         vertex 2.947786e+01 8.000000e+00 2.262507e+01
         vertex 2.919134e+01 3.000000e+00 2.260000e+01
      endloop
   endfacet
   facet normal -8.715506e-02 0.000000e+00 9.961948e-01
      outer loop
         vertex 2.919134e+01 3.000000e+00 2.260000e+01
         vertex 2.947786e+01 8.000000e+00 2.262507e+01
         vertex 2.919134e+01 8.000000e+00 2.260000e+01
      endloop
   endfacet
   facet normal 8.715506e-02 -0.000000e+00 9.961948e-01
      outer loop
         vertex 2.919134e+01 3.000000e+00 2.260000e+01
         vertex 2.919134e+01 8.000000e+00 2.260000e+01
         vertex 2.890482e+01 3.000000e+00 2.262507e+01
      endloop
   endfacet
   facet normal 8.715506e-02 -0.000000e+00 9.961948e-01
      outer loop
         vertex 2.890482e+01 3.000000e+00 2.262507e+01
         vertex 2.919134e+01 8.000000e+00 2.260000e+01
         vertex 2.890482e+01 8.000000e+00 2.262507e+01
      endloop
   endfacet
   facet normal 2.588198e-01 -0.000000e+00 9.659256e-01
      outer loop
         vertex 2.890482e+01 3.000000e+00 2.262507e+01
         vertex 2.890482e+01 8.000000e+00 2.262507e+01
         vertex 2.862701e+01 3.000000e+00 2.269951e+01
      endloop
   endfacet
   facet normal 2.588198e-01 -0.000000e+00 9.659256e-01
      outer loop
         vertex 2.862701e+01 3.000000e+00 2.269951e+01
         vertex 2.890482e+01 8.000000e+00 2.262507e+01
         vertex 2.862701e+01 8.000000e+00 2.269951e+01
      endloop
   endfacet
   facet normal 4.226172e-01 -0.000000e+00 9.063083e-01
      outer loop
         vertex 2.862701e+01 3.000000e+00 2.269951e+01
         vertex 2.862701e+01 8.000000e+00 2.269951e+01
         vertex 2.836634e+01 3.000000e+00 2.282106e+01
      endloop
   endfacet
   facet normal 4.226172e-01 -0.000000e+00 9.063083e-01
      outer loop
         vertex 2.836634e+01 3.000000e+00 2.282106e+01
         vertex 2.862701e+01 8.000000e+00 2.269951e+01
         vertex 2.836634e+01 8.000000e+00 2.282106e+01
      endloop
   endfacet
   facet normal 5.735773e-01 -0.000000e+00 8.191514e-01
      outer loop
         vertex 2.836634e+01 3.000000e+00 2.282106e+01
         vertex 2.836634e+01 8.000000e+00 2.282106e+01
         vertex 2.813074e+01 3.000000e+00 2.298603e+01
      endloop
   endfacet
   facet normal 5.735773e-01 -0.000000e+00 8.191514e-01
      outer loop
         vertex 2.813074e+01 3.000000e+00 2.298603e+01
         vertex 2.836634e+01 8.000000e+00 2.282106e+01
         vertex 2.813074e+01 8.000000e+00 2.298603e+01
      endloop
   endfacet
   facet normal 7.071060e-01 -0.000000e+00 7.071076e-01
      outer loop
         vertex 2.813074e+01 3.000000e+00 2.298603e+01
         vertex 2.813074e+01 8.000000e+00 2.298603e+01
         vertex 2.792737e+01 3.000000e+00 2.318940e+01
      endloop
   endfacet
   facet normal 7.071060e-01 -0.000000e+00 7.071076e-01
      outer loop
         vertex 2.792737e+01 3.000000e+00 2.318940e+01
         vertex 2.813074e+01 8.000000e+00 2.298603e+01
         vertex 2.792737e+01 8.000000e+00 2.318940e+01
      endloop
   endfacet
   facet normal 8.191520e-01 -0.000000e+00 5.735765e-01
      outer loop
         vertex 2.792737e+01 3.000000e+00 2.318940e+01
         vertex 2.792737e+01 8.000000e+00 2.318940e+01
         vertex 2.776240e+01 3.000000e+00 2.342500e+01
      endloop
   endfacet
   facet normal 8.191520e-01 -0.000000e+00 5.735765e-01
      outer loop
         vertex 2.776240e+01 3.000000e+00 2.342500e+01
         vertex 2.792737e+01 8.000000e+00 2.318940e+01
         vertex 2.776240e+01 8.000000e+00 2.342500e+01
      endloop
   endfacet
   facet normal 9.063080e-01 -0.000000e+00 4.226179e-01
      outer loop
         vertex 2.776240e+01 3.000000e+00 2.342500e+01
         vertex 2.776240e+01 8.000000e+00 2.342500e+01
         vertex 2.764085e+01 3.000000e+00 2.368567e+01
      endloop
   endfacet
   facet normal 9.063080e-01 -0.000000e+00 4.226179e-01
      outer loop
         vertex 2.764085e+01 3.000000e+00 2.368567e+01
         vertex 2.776240e+01 8.000000e+00 2.342500e+01
         vertex 2.764085e+01 8.000000e+00 2.368567e+01
      endloop
   endfacet
   facet normal 9.659261e-01 -0.000000e+00 2.588179e-01
      outer loop
         vertex 2.764085e+01 3.000000e+00 2.368567e+01
         vertex 2.764085e+01 8.000000e+00 2.368567e+01
         vertex 2.756641e+01 3.000000e+00 2.396348e+01
      endloop
   endfacet
   facet normal 9.659261e-01 -0.000000e+00 2.588179e-01
      outer loop
         vertex 2.756641e+01 3.000000e+00 2.396348e+01
         vertex 2.764085e+01 8.000000e+00 2.368567e+01
         vertex 2.756641e+01 8.000000e+00 2.396348e+01
      endloop
   endfacet
   facet normal 9.961946e-01 -0.000000e+00 8.715667e-02
      outer loop
         vertex 2.756641e+01 3.000000e+00 2.396348e+01
         vertex 2.756641e+01 8.000000e+00 2.396348e+01
         vertex 2.754134e+01 3.000000e+00 2.425000e+01
      endloop
   endfacet
   facet normal 9.961946e-01 -0.000000e+00 8.715667e-02
      outer loop
         vertex 2.754134e+01 3.000000e+00 2.425000e+01
         vertex 2.756641e+01 8.000000e+00 2.396348e+01
         vertex 2.754134e+01 8.000000e+00 2.425000e+01
      endloop
   endfacet
   facet normal 9.961946e-01 0.000000e+00 -8.715667e-02
      outer loop
         vertex 2.754134e+01 3.000000e+00 2.425000e+01
         vertex 2.754134e+01 8.000000e+00 2.425000e+01
         vertex 2.756641e+01 3.000000e+00 2.453652e+01
      endloop
   endfacet
   facet normal 9.961946e-01 0.000000e+00 -8.715667e-02
      outer loop
         vertex 2.756641e+01 3.000000e+00 2.453652e+01
         vertex 2.754134e+01 8.000000e+00 2.425000e+01
         vertex 2.756641e+01 8.000000e+00 2.453652e+01
      endloop
   endfacet
   facet normal 9.659260e-01 0.000000e+00 -2.588183e-01
      outer loop
         vertex 2.756641e+01 3.000000e+00 2.453652e+01
         vertex 2.756641e+01 8.000000e+00 2.453652e+01
         vertex 2.764085e+01 3.000000e+00 2.481433e+01
      endloop
   endfacet
   facet normal 9.659260e-01 0.000000e+00 -2.588183e-01
      outer loop
         vertex 2.764085e+01 3.000000e+00 2.481433e+01
         vertex 2.756641e+01 8.000000e+00 2.453652e+01
         vertex 2.764085e+01 8.000000e+00 2.481433e+01
      endloop
   endfacet
   facet normal 9.063083e-01 0.000000e+00 -4.226172e-01
      outer loop
         vertex 2.764085e+01 3.000000e+00 2.481433e+01
         vertex 2.764085e+01 8.000000e+00 2.481433e+01
         vertex 2.776240e+01 3.000000e+00 2.507500e+01
      endloop
   endfacet
   facet normal 9.063083e-01 0.000000e+00 -4.226172e-01
      outer loop
         vertex 2.776240e+01 3.000000e+00 2.507500e+01
         vertex 2.764085e+01 8.000000e+00 2.481433e+01
         vertex 2.776240e+01 8.000000e+00 2.507500e+01
      endloop
   endfacet
   facet normal 8.191514e-01 0.000000e+00 -5.735773e-01
      outer loop
         vertex 2.776240e+01 3.000000e+00 2.507500e+01
         vertex 2.776240e+01 8.000000e+00 2.507500e+01
         vertex 2.792737e+01 3.000000e+00 2.531060e+01
      endloop
   endfacet
   facet normal 8.191514e-01 0.000000e+00 -5.735773e-01
      outer loop
         vertex 2.792737e+01 3.000000e+00 2.531060e+01
         vertex 2.776240e+01 8.000000e+00 2.507500e+01
         vertex 2.792737e+01 8.000000e+00 2.531060e+01
      endloop
   endfacet
   facet normal 7.071060e-01 0.000000e+00 -7.071076e-01
      outer loop
         vertex 2.792737e+01 3.000000e+00 2.531060e+01
         vertex 2.792737e+01 8.000000e+00 2.531060e+01
         vertex 2.813074e+01 3.000000e+00 2.551397e+01
      endloop
   endfacet
   facet normal 7.071060e-01 0.000000e+00 -7.071076e-01
      outer loop
         vertex 2.813074e+01 3.000000e+00 2.551397e+01
         vertex 2.792737e+01 8.000000e+00 2.531060e+01
         vertex 2.813074e+01 8.000000e+00 2.551397e+01
      endloop
   endfacet
   facet normal 5.735773e-01 0.000000e+00 -8.191514e-01
      outer loop
         vertex 2.813074e+01 3.000000e+00 2.551397e+01
         vertex 2.813074e+01 8.000000e+00 2.551397e+01
         vertex 2.836634e+01 3.000000e+00 2.567894e+01
      endloop
   endfacet
   facet normal 5.735773e-01 0.000000e+00 -8.191514e-01
      outer loop
         vertex 2.836634e+01 3.000000e+00 2.567894e+01
         vertex 2.813074e+01 8.000000e+00 2.551397e+01
         vertex 2.836634e+01 8.000000e+00 2.567894e+01
      endloop
   endfacet
   facet normal 4.226172e-01 0.000000e+00 -9.063083e-01
      outer loop
         vertex 2.836634e+01 3.000000e+00 2.567894e+01
         vertex 2.836634e+01 8.000000e+00 2.567894e+01
         vertex 2.862701e+01 3.000000e+00 2.580049e+01
      endloop
   endfacet
   facet normal 4.226172e-01 0.000000e+00 -9.063083e-01
      outer loop
         vertex 2.862701e+01 3.000000e+00 2.580049e+01
         vertex 2.836634e+01 8.000000e+00 2.567894e+01
         vertex 2.862701e+01 8.000000e+00 2.580049e+01
      endloop
   endfacet
   facet normal 2.588213e-01 0.000000e+00 -9.659252e-01
      outer loop
         vertex 2.862701e+01 3.000000e+00 2.580049e+01
         vertex 2.862701e+01 8.000000e+00 2.580049e+01
         vertex 2.890482e+01 3.000000e+00 2.587493e+01
      endloop
   endfacet
   facet normal 2.588213e-01 0.000000e+00 -9.659252e-01
      outer loop
         vertex 2.890482e+01 3.000000e+00 2.587493e+01
         vertex 2.862701e+01 8.000000e+00 2.580049e+01
         vertex 2.890482e+01 8.000000e+00 2.587493e+01
      endloop
   endfacet
   facet normal 8.715345e-02 0.000000e+00 -9.961949e-01
      outer loop
         vertex 2.890482e+01 3.000000e+00 2.587493e+01
         vertex 2.890482e+01 8.000000e+00 2.587493e+01
         vertex 2.919134e+01 3.000000e+00 2.590000e+01
      endloop
   endfacet
   facet normal 8.715345e-02 0.000000e+00 -9.961949e-01
      outer loop
         vertex 2.919134e+01 3.000000e+00 2.590000e+01
         vertex 2.890482e+01 8.000000e+00 2.587493e+01
         vertex 2.919134e+01 8.000000e+00 2.590000e+01
      endloop
   endfacet
   facet normal -8.715345e-02 0.000000e+00 -9.961949e-01
      outer loop
         vertex 5.808657e+00 3.000000e+00 2.590000e+01
         vertex 5.808657e+00 8.000000e+00 2.590000e+01
         vertex 6.095177e+00 3.000000e+00 2.587493e+01
      endloop
   endfacet
   facet normal -8.715345e-02 0.000000e+00 -9.961949e-01
      outer loop
         vertex 6.095177e+00 3.000000e+00 2.587493e+01
         vertex 5.808657e+00 8.000000e+00 2.590000e+01
         vertex 6.095177e+00 8.000000e+00 2.587493e+01
      endloop
   endfacet
   facet normal -2.588213e-01 0.000000e+00 -9.659252e-01
      outer loop
         vertex 6.095177e+00 3.000000e+00 2.587493e+01
         vertex 6.095177e+00 8.000000e+00 2.587493e+01
         vertex 6.372990e+00 3.000000e+00 2.580049e+01
      endloop
   endfacet
   facet normal -2.588213e-01 0.000000e+00 -9.659252e-01
      outer loop
         vertex 6.372990e+00 3.000000e+00 2.580049e+01
         vertex 6.095177e+00 8.000000e+00 2.587493e+01
         vertex 6.372990e+00 8.000000e+00 2.580049e+01
      endloop
   endfacet
   facet normal -4.226172e-01 0.000000e+00 -9.063083e-01
      outer loop
         vertex 6.372990e+00 3.000000e+00 2.580049e+01
         vertex 6.372990e+00 8.000000e+00 2.580049e+01
         vertex 6.633657e+00 3.000000e+00 2.567894e+01
      endloop
   endfacet
   facet normal -4.226172e-01 0.000000e+00 -9.063083e-01
      outer loop
         vertex 6.633657e+00 3.000000e+00 2.567894e+01
         vertex 6.372990e+00 8.000000e+00 2.580049e+01
         vertex 6.633657e+00 8.000000e+00 2.567894e+01
      endloop
   endfacet
   facet normal -5.735773e-01 0.000000e+00 -8.191514e-01
      outer loop
         vertex 6.633657e+00 3.000000e+00 2.567894e+01
         vertex 6.633657e+00 8.000000e+00 2.567894e+01
         vertex 6.869256e+00 3.000000e+00 2.551397e+01
      endloop
   endfacet
   facet normal -5.735773e-01 0.000000e+00 -8.191514e-01
      outer loop
         vertex 6.869256e+00 3.000000e+00 2.551397e+01
         vertex 6.633657e+00 8.000000e+00 2.567894e+01
         vertex 6.869256e+00 8.000000e+00 2.551397e+01
      endloop
   endfacet
   facet normal -7.071060e-01 0.000000e+00 -7.071076e-01
      outer loop
         vertex 6.869256e+00 3.000000e+00 2.551397e+01
         vertex 6.869256e+00 8.000000e+00 2.551397e+01
         vertex 7.072630e+00 3.000000e+00 2.531060e+01
      endloop
   endfacet
   facet normal -7.071060e-01 0.000000e+00 -7.071076e-01
      outer loop
         vertex 7.072630e+00 3.000000e+00 2.531060e+01
         vertex 6.869256e+00 8.000000e+00 2.551397e+01
         vertex 7.072630e+00 8.000000e+00 2.531060e+01
      endloop
   endfacet
   facet normal -8.191514e-01 0.000000e+00 -5.735773e-01
      outer loop
         vertex 7.072630e+00 3.000000e+00 2.531060e+01
         vertex 7.072630e+00 8.000000e+00 2.531060e+01
         vertex 7.237599e+00 3.000000e+00 2.507500e+01
      endloop
   endfacet
   facet normal -8.191514e-01 0.000000e+00 -5.735773e-01
      outer loop
         vertex 7.237599e+00 3.000000e+00 2.507500e+01
         vertex 7.072630e+00 8.000000e+00 2.531060e+01
         vertex 7.237599e+00 8.000000e+00 2.507500e+01
      endloop
   endfacet
   facet normal -9.063083e-01 0.000000e+00 -4.226172e-01
      outer loop
         vertex 7.237599e+00 3.000000e+00 2.507500e+01
         vertex 7.237599e+00 8.000000e+00 2.507500e+01
         vertex 7.359150e+00 3.000000e+00 2.481433e+01
      endloop
   endfacet
   facet normal -9.063083e-01 0.000000e+00 -4.226172e-01
      outer loop
         vertex 7.359150e+00 3.000000e+00 2.481433e+01
         vertex 7.237599e+00 8.000000e+00 2.507500e+01
         vertex 7.359150e+00 8.000000e+00 2.481433e+01
      endloop
   endfacet
   facet normal -9.659260e-01 0.000000e+00 -2.588183e-01
      outer loop
         vertex 7.359150e+00 3.000000e+00 2.481433e+01
         vertex 7.359150e+00 8.000000e+00 2.481433e+01
         vertex 7.433590e+00 3.000000e+00 2.453652e+01
      endloop
   endfacet
   facet normal -9.659260e-01 0.000000e+00 -2.588183e-01
      outer loop
         vertex 7.433590e+00 3.000000e+00 2.453652e+01
         vertex 7.359150e+00 8.000000e+00 2.481433e+01
         vertex 7.433590e+00 8.000000e+00 2.453652e+01
      endloop
   endfacet
   facet normal -9.961946e-01 0.000000e+00 -8.715667e-02
      outer loop
         vertex 7.433590e+00 3.000000e+00 2.453652e+01
         vertex 7.433590e+00 8.000000e+00 2.453652e+01
         vertex 7.458657e+00 3.000000e+00 2.425000e+01
      endloop
   endfacet
   facet normal -9.961946e-01 0.000000e+00 -8.715667e-02
      outer loop
         vertex 7.458657e+00 3.000000e+00 2.425000e+01
         vertex 7.433590e+00 8.000000e+00 2.453652e+01
         vertex 7.458657e+00 8.000000e+00 2.425000e+01
      endloop
   endfacet
   facet normal -9.961946e-01 0.000000e+00 8.715667e-02
      outer loop
         vertex 7.458657e+00 3.000000e+00 2.425000e+01
         vertex 7.458657e+00 8.000000e+00 2.425000e+01
         vertex 7.433590e+00 3.000000e+00 2.396348e+01
      endloop
   endfacet
   facet normal -9.961946e-01 0.000000e+00 8.715667e-02
      outer loop
         vertex 7.433590e+00 3.000000e+00 2.396348e+01
         vertex 7.458657e+00 8.000000e+00 2.425000e+01
         vertex 7.433590e+00 8.000000e+00 2.396348e+01
      endloop
   endfacet
   facet normal -9.659261e-01 0.000000e+00 2.588179e-01
      outer loop
         vertex 7.433590e+00 3.000000e+00 2.396348e+01
         vertex 7.433590e+00 8.000000e+00 2.396348e+01
         vertex 7.359150e+00 3.000000e+00 2.368567e+01
      endloop
   endfacet
   facet normal -9.659261e-01 0.000000e+00 2.588179e-01
      outer loop
         vertex 7.359150e+00 3.000000e+00 2.368567e+01
         vertex 7.433590e+00 8.000000e+00 2.396348e+01
         vertex 7.359150e+00 8.000000e+00 2.368567e+01
      endloop
   endfacet
   facet normal -9.063080e-01 0.000000e+00 4.226179e-01
      outer loop
         vertex 7.359150e+00 3.000000e+00 2.368567e+01
         vertex 7.359150e+00 8.000000e+00 2.368567e+01
         vertex 7.237599e+00 3.000000e+00 2.342500e+01
      endloop
   endfacet
   facet normal -9.063080e-01 0.000000e+00 4.226179e-01
      outer loop
         vertex 7.237599e+00 3.000000e+00 2.342500e+01
         vertex 7.359150e+00 8.000000e+00 2.368567e+01
         vertex 7.237599e+00 8.000000e+00 2.342500e+01
      endloop
   endfacet
   facet normal -8.191520e-01 0.000000e+00 5.735765e-01
      outer loop
         vertex 7.237599e+00 3.000000e+00 2.342500e+01
         vertex 7.237599e+00 8.000000e+00 2.342500e+01
         vertex 7.072630e+00 3.000000e+00 2.318940e+01
      endloop
   endfacet
   facet normal -8.191520e-01 0.000000e+00 5.735765e-01
      outer loop
         vertex 7.072630e+00 3.000000e+00 2.318940e+01
         vertex 7.237599e+00 8.000000e+00 2.342500e+01
         vertex 7.072630e+00 8.000000e+00 2.318940e+01
      endloop
   endfacet
   facet normal -7.071060e-01 0.000000e+00 7.071076e-01
      outer loop
         vertex 7.072630e+00 3.000000e+00 2.318940e+01
         vertex 7.072630e+00 8.000000e+00 2.318940e+01
         vertex 6.869256e+00 3.000000e+00 2.298603e+01
      endloop
   endfacet
   facet normal -7.071060e-01 0.000000e+00 7.071076e-01
      outer loop
         vertex 6.869256e+00 3.000000e+00 2.298603e+01
         vertex 7.072630e+00 8.000000e+00 2.318940e+01
         vertex 6.869256e+00 8.000000e+00 2.298603e+01
      endloop
   endfacet
   facet normal -5.735773e-01 0.000000e+00 8.191514e-01
      outer loop
         vertex 6.869256e+00 3.000000e+00 2.298603e+01
         vertex 6.869256e+00 8.000000e+00 2.298603e+01
         vertex 6.633657e+00 3.000000e+00 2.282106e+01
      endloop
   endfacet
   facet normal -5.735773e-01 0.000000e+00 8.191514e-01
      outer loop
         vertex 6.633657e+00 3.000000e+00 2.282106e+01
         vertex 6.869256e+00 8.000000e+00 2.298603e+01
         vertex 6.633657e+00 8.000000e+00 2.282106e+01
      endloop
   endfacet
   facet normal -4.226172e-01 0.000000e+00 9.063083e-01
      outer loop
         vertex 6.633657e+00 3.000000e+00 2.282106e+01
         vertex 6.633657e+00 8.000000e+00 2.282106e+01
         vertex 6.372990e+00 3.000000e+00 2.269951e+01
      endloop
   endfacet
   facet normal -4.226172e-01 0.000000e+00 9.063083e-01
      outer loop
         vertex 6.372990e+00 3.000000e+00 2.269951e+01
         vertex 6.633657e+00 8.000000e+00 2.282106e+01
         vertex 6.372990e+00 8.000000e+00 2.269951e+01
      endloop
   endfacet
   facet normal -2.588198e-01 0.000000e+00 9.659256e-01
      outer loop
         vertex 6.372990e+00 3.000000e+00 2.269951e+01
         vertex 6.372990e+00 8.000000e+00 2.269951e+01
         vertex 6.095177e+00 3.000000e+00 2.262507e+01
      endloop
   endfacet
   facet normal -2.588198e-01 0.000000e+00 9.659256e-01
      outer loop
         vertex 6.095177e+00 3.000000e+00 2.262507e+01
         vertex 6.372990e+00 8.000000e+00 2.269951e+01
         vertex 6.095177e+00 8.000000e+00 2.262507e+01
      endloop
   endfacet
   facet normal -8.715506e-02 0.000000e+00 9.961948e-01
      outer loop
         vertex 6.095177e+00 3.000000e+00 2.262507e+01
         vertex 6.095177e+00 8.000000e+00 2.262507e+01
         vertex 5.808657e+00 3.000000e+00 2.260000e+01
      endloop
   endfacet
   facet normal -8.715506e-02 0.000000e+00 9.961948e-01
      outer loop
         vertex 5.808657e+00 3.000000e+00 2.260000e+01
         vertex 6.095177e+00 8.000000e+00 2.262507e+01
         vertex 5.808657e+00 8.000000e+00 2.260000e+01
      endloop
   endfacet
   facet normal 8.715506e-02 -0.000000e+00 9.961948e-01
      outer loop
         vertex 5.808657e+00 3.000000e+00 2.260000e+01
         vertex 5.808657e+00 8.000000e+00 2.260000e+01
         vertex 5.522138e+00 3.000000e+00 2.262507e+01
      endloop
   endfacet
   facet normal 8.715506e-02 -0.000000e+00 9.961948e-01
      outer loop
         vertex 5.522138e+00 3.000000e+00 2.262507e+01
         vertex 5.808657e+00 8.000000e+00 2.260000e+01
         vertex 5.522138e+00 8.000000e+00 2.262507e+01
      endloop
   endfacet
   facet normal 2.588198e-01 -0.000000e+00 9.659256e-01
      outer loop
         vertex 5.522138e+00 3.000000e+00 2.262507e+01
         vertex 5.522138e+00 8.000000e+00 2.262507e+01
         vertex 5.244324e+00 3.000000e+00 2.269951e+01
      endloop
   endfacet
   facet normal 2.588198e-01 -0.000000e+00 9.659256e-01
      outer loop
         vertex 5.244324e+00 3.000000e+00 2.269951e+01
         vertex 5.522138e+00 8.000000e+00 2.262507e+01
         vertex 5.244324e+00 8.000000e+00 2.269951e+01
      endloop
   endfacet
   facet normal 4.226172e-01 -0.000000e+00 9.063083e-01
      outer loop
         vertex 5.244324e+00 3.000000e+00 2.269951e+01
         vertex 5.244324e+00 8.000000e+00 2.269951e+01
         vertex 4.983657e+00 3.000000e+00 2.282106e+01
      endloop
   endfacet
   facet normal 4.226172e-01 -0.000000e+00 9.063083e-01
      outer loop
         vertex 4.983657e+00 3.000000e+00 2.282106e+01
         vertex 5.244324e+00 8.000000e+00 2.269951e+01
         vertex 4.983657e+00 8.000000e+00 2.282106e+01
      endloop
   endfacet
   facet normal 5.735773e-01 -0.000000e+00 8.191514e-01
      outer loop
         vertex 4.983657e+00 3.000000e+00 2.282106e+01
         vertex 4.983657e+00 8.000000e+00 2.282106e+01
         vertex 4.748058e+00 3.000000e+00 2.298603e+01
      endloop
   endfacet
   facet normal 5.735773e-01 -0.000000e+00 8.191514e-01
      outer loop
         vertex 4.748058e+00 3.000000e+00 2.298603e+01
         vertex 4.983657e+00 8.000000e+00 2.282106e+01
         vertex 4.748058e+00 8.000000e+00 2.298603e+01
      endloop
   endfacet
   facet normal 7.071060e-01 -0.000000e+00 7.071076e-01
      outer loop
         vertex 4.748058e+00 3.000000e+00 2.298603e+01
         vertex 4.748058e+00 8.000000e+00 2.298603e+01
         vertex 4.544684e+00 3.000000e+00 2.318940e+01
      endloop
   endfacet
   facet normal 7.071060e-01 -0.000000e+00 7.071076e-01
      outer loop
         vertex 4.544684e+00 3.000000e+00 2.318940e+01
         vertex 4.748058e+00 8.000000e+00 2.298603e+01
         vertex 4.544684e+00 8.000000e+00 2.318940e+01
      endloop
   endfacet
   facet normal 8.191520e-01 -0.000000e+00 5.735765e-01
      outer loop
         vertex 4.544684e+00 3.000000e+00 2.318940e+01
         vertex 4.544684e+00 8.000000e+00 2.318940e+01
         vertex 4.379715e+00 3.000000e+00 2.342500e+01
      endloop
   endfacet
   facet normal 8.191520e-01 -0.000000e+00 5.735765e-01
      outer loop
         vertex 4.379715e+00 3.000000e+00 2.342500e+01
         vertex 4.544684e+00 8.000000e+00 2.318940e+01
         vertex 4.379715e+00 8.000000e+00 2.342500e+01
      endloop
   endfacet
   facet normal 9.063080e-01 -0.000000e+00 4.226179e-01
      outer loop
         vertex 4.379715e+00 3.000000e+00 2.342500e+01
         vertex 4.379715e+00 8.000000e+00 2.342500e+01
         vertex 4.258164e+00 3.000000e+00 2.368567e+01
      endloop
   endfacet
   facet normal 9.063080e-01 -0.000000e+00 4.226179e-01
      outer loop
         vertex 4.258164e+00 3.000000e+00 2.368567e+01
         vertex 4.379715e+00 8.000000e+00 2.342500e+01
         vertex 4.258164e+00 8.000000e+00 2.368567e+01
      endloop
   endfacet
   facet normal 9.659261e-01 -0.000000e+00 2.588179e-01
      outer loop
         vertex 4.258164e+00 3.000000e+00 2.368567e+01
         vertex 4.258164e+00 8.000000e+00 2.368567e+01
         vertex 4.183725e+00 3.000000e+00 2.396348e+01
      endloop
   endfacet
   facet normal 9.659261e-01 -0.000000e+00 2.588179e-01
      outer loop
         vertex 4.183725e+00 3.000000e+00 2.396348e+01
         vertex 4.258164e+00 8.000000e+00 2.368567e+01
         vertex 4.183725e+00 8.000000e+00 2.396348e+01
      endloop
   endfacet
   facet normal 9.961946e-01 -0.000000e+00 8.715667e-02
      outer loop
         vertex 4.183725e+00 3.000000e+00 2.396348e+01
         vertex 4.183725e+00 8.000000e+00 2.396348e+01
         vertex 4.158657e+00 3.000000e+00 2.425000e+01
      endloop
   endfacet
   facet normal 9.961946e-01 -0.000000e+00 8.715667e-02
      outer loop
         vertex 4.158657e+00 3.000000e+00 2.425000e+01
         vertex 4.183725e+00 8.000000e+00 2.396348e+01
         vertex 4.158657e+00 8.000000e+00 2.425000e+01
      endloop
   endfacet
   facet normal 9.961946e-01 0.000000e+00 -8.715667e-02
      outer loop
         vertex 4.158657e+00 3.000000e+00 2.425000e+01
         vertex 4.158657e+00 8.000000e+00 2.425000e+01
         vertex 4.183725e+00 3.000000e+00 2.453652e+01
      endloop
   endfacet
   facet normal 9.961946e-01 0.000000e+00 -8.715667e-02
      outer loop
         vertex 4.183725e+00 3.000000e+00 2.453652e+01
         vertex 4.158657e+00 8.000000e+00 2.425000e+01
         vertex 4.183725e+00 8.000000e+00 2.453652e+01
      endloop
   endfacet
   facet normal 9.659260e-01 0.000000e+00 -2.588183e-01
      outer loop
         vertex 4.183725e+00 3.000000e+00 2.453652e+01
         vertex 4.183725e+00 8.000000e+00 2.453652e+01
         vertex 4.258164e+00 3.000000e+00 2.481433e+01
      endloop
   endfacet
   facet normal 9.659260e-01 0.000000e+00 -2.588183e-01
      outer loop
         vertex 4.258164e+00 3.000000e+00 2.481433e+01
         vertex 4.183725e+00 8.000000e+00 2.453652e+01
         vertex 4.258164e+00 8.000000e+00 2.481433e+01
      endloop
   endfacet
   facet normal 9.063083e-01 0.000000e+00 -4.226172e-01
      outer loop
         vertex 4.258164e+00 3.000000e+00 2.481433e+01
         vertex 4.258164e+00 8.000000e+00 2.481433e+01
         vertex 4.379715e+00 3.000000e+00 2.507500e+01
      endloop
   endfacet
   facet normal 9.063083e-01 0.000000e+00 -4.226172e-01
      outer loop
         vertex 4.379715e+00 3.000000e+00 2.507500e+01
         vertex 4.258164e+00 8.000000e+00 2.481433e+01
         vertex 4.379715e+00 8.000000e+00 2.507500e+01
      endloop
   endfacet
   facet normal 8.191514e-01 0.000000e+00 -5.735773e-01
      outer loop
         vertex 4.379715e+00 3.000000e+00 2.507500e+01
         vertex 4.379715e+00 8.000000e+00 2.507500e+01
         vertex 4.544684e+00 3.000000e+00 2.531060e+01
      endloop
   endfacet
   facet normal 8.191514e-01 0.000000e+00 -5.735773e-01
      outer loop
         vertex 4.544684e+00 3.000000e+00 2.531060e+01
         vertex 4.379715e+00 8.000000e+00 2.507500e+01
         vertex 4.544684e+00 8.000000e+00 2.531060e+01
      endloop
   endfacet
   facet normal 7.071060e-01 0.000000e+00 -7.071076e-01
      outer loop
         vertex 4.544684e+00 3.000000e+00 2.531060e+01
         vertex 4.544684e+00 8.000000e+00 2.531060e+01
         vertex 4.748058e+00 3.000000e+00 2.551397e+01
      endloop
   endfacet
   facet normal 7.071060e-01 0.000000e+00 -7.071076e-01
      outer loop
         vertex 4.748058e+00 3.000000e+00 2.551397e+01
         vertex 4.544684e+00 8.000000e+00 2.531060e+01
         vertex 4.748058e+00 8.000000e+00 2.551397e+01
      endloop
   endfacet
   facet normal 5.735773e-01 0.000000e+00 -8.191514e-01
      outer loop
         vertex 4.748058e+00 3.000000e+00 2.551397e+01
         vertex 4.748058e+00 8.000000e+00 2.551397e+01
         vertex 4.983657e+00 3.000000e+00 2.567894e+01
      endloop
   endfacet
   facet normal 5.735773e-01 0.000000e+00 -8.191514e-01
      outer loop
         vertex 4.983657e+00 3.000000e+00 2.567894e+01
         vertex 4.748058e+00 8.000000e+00 2.551397e+01
         vertex 4.983657e+00 8.000000e+00 2.567894e+01
      endloop
   endfacet
   facet normal 4.226172e-01 0.000000e+00 -9.063083e-01
      outer loop
         vertex 4.983657e+00 3.000000e+00 2.567894e+01
         vertex 4.983657e+00 8.000000e+00 2.567894e+01
         vertex 5.244324e+00 3.000000e+00 2.580049e+01
      endloop
   endfacet
   facet normal 4.226172e-01 0.000000e+00 -9.063083e-01
      outer loop
         vertex 5.244324e+00 3.000000e+00 2.580049e+01
         vertex 4.983657e+00 8.000000e+00 2.567894e+01
         vertex 5.244324e+00 8.000000e+00 2.580049e+01
      endloop
   endfacet
   facet normal 2.588213e-01 0.000000e+00 -9.659252e-01
      outer loop
         vertex 5.244324e+00 3.000000e+00 2.580049e+01
         vertex 5.244324e+00 8.000000e+00 2.580049e+01
         vertex 5.522138e+00 3.000000e+00 2.587493e+01
      endloop
   endfacet
   facet normal 2.588213e-01 0.000000e+00 -9.659252e-01
      outer loop
         vertex 5.522138e+00 3.000000e+00 2.587493e+01
         vertex 5.244324e+00 8.000000e+00 2.580049e+01
         vertex 5.522138e+00 8.000000e+00 2.587493e+01
      endloop
   endfacet
   facet normal 8.715345e-02 0.000000e+00 -9.961949e-01
      outer loop
         vertex 5.522138e+00 3.000000e+00 2.587493e+01
         vertex 5.522138e+00 8.000000e+00 2.587493e+01
         vertex 5.808657e+00 3.000000e+00 2.590000e+01
      endloop
   endfacet
   facet normal 8.715345e-02 0.000000e+00 -9.961949e-01
      outer loop
         vertex 5.808657e+00 3.000000e+00 2.590000e+01
         vertex 5.522138e+00 8.000000e+00 2.587493e+01
         vertex 5.808657e+00 8.000000e+00 2.590000e+01
      endloop
   endfacet
   facet normal -8.715506e-02 0.000000e+00 -9.961948e-01
      outer loop
         vertex 2.919134e+01 3.000000e+00 1.240000e+01
         vertex 2.919134e+01 8.000000e+00 1.240000e+01
         vertex 2.947786e+01 3.000000e+00 1.237493e+01
      endloop
   endfacet
   facet normal -8.715506e-02 0.000000e+00 -9.961948e-01
      outer loop
         vertex 2.947786e+01 3.000000e+00 1.237493e+01
         vertex 2.919134e+01 8.000000e+00 1.240000e+01
         vertex 2.947786e+01 8.000000e+00 1.237493e+01
      endloop
   endfacet
   facet normal -2.588198e-01 0.000000e+00 -9.659256e-01
      outer loop
         vertex 2.947786e+01 3.000000e+00 1.237493e+01
         vertex 2.947786e+01 8.000000e+00 1.237493e+01
         vertex 2.975568e+01 3.000000e+00 1.230049e+01
      endloop
   endfacet
   facet normal -2.588198e-01 0.000000e+00 -9.659256e-01
      outer loop
         vertex 2.975568e+01 3.000000e+00 1.230049e+01
         vertex 2.947786e+01 8.000000e+00 1.237493e+01
         vertex 2.975568e+01 8.000000e+00 1.230049e+01
      endloop
   endfacet
   facet normal -4.226172e-01 0.000000e+00 -9.063083e-01
      outer loop
         vertex 2.975568e+01 3.000000e+00 1.230049e+01
         vertex 2.975568e+01 8.000000e+00 1.230049e+01
         vertex 3.001634e+01 3.000000e+00 1.217894e+01
      endloop
   endfacet
   facet normal -4.226172e-01 0.000000e+00 -9.063083e-01
      outer loop
         vertex 3.001634e+01 3.000000e+00 1.217894e+01
         vertex 2.975568e+01 8.000000e+00 1.230049e+01
         vertex 3.001634e+01 8.000000e+00 1.217894e+01
      endloop
   endfacet
   facet normal -5.735773e-01 0.000000e+00 -8.191514e-01
      outer loop
         vertex 3.001634e+01 3.000000e+00 1.217894e+01
         vertex 3.001634e+01 8.000000e+00 1.217894e+01
         vertex 3.025194e+01 3.000000e+00 1.201397e+01
      endloop
   endfacet
   facet normal -5.735773e-01 0.000000e+00 -8.191514e-01
      outer loop
         vertex 3.025194e+01 3.000000e+00 1.201397e+01
         vertex 3.001634e+01 8.000000e+00 1.217894e+01
         vertex 3.025194e+01 8.000000e+00 1.201397e+01
      endloop
   endfacet
   facet normal -7.071060e-01 0.000000e+00 -7.071076e-01
      outer loop
         vertex 3.025194e+01 3.000000e+00 1.201397e+01
         vertex 3.025194e+01 8.000000e+00 1.201397e+01
         vertex 3.045532e+01 3.000000e+00 1.181060e+01
      endloop
   endfacet
   facet normal -7.071060e-01 0.000000e+00 -7.071076e-01
      outer loop
         vertex 3.045532e+01 3.000000e+00 1.181060e+01
         vertex 3.025194e+01 8.000000e+00 1.201397e+01
         vertex 3.045532e+01 8.000000e+00 1.181060e+01
      endloop
   endfacet
   facet normal -8.191520e-01 0.000000e+00 -5.735765e-01
      outer loop
         vertex 3.045532e+01 3.000000e+00 1.181060e+01
         vertex 3.045532e+01 8.000000e+00 1.181060e+01
         vertex 3.062029e+01 3.000000e+00 1.157500e+01
      endloop
   endfacet
   facet normal -8.191520e-01 0.000000e+00 -5.735765e-01
      outer loop
         vertex 3.062029e+01 3.000000e+00 1.157500e+01
         vertex 3.045532e+01 8.000000e+00 1.181060e+01
         vertex 3.062029e+01 8.000000e+00 1.157500e+01
      endloop
   endfacet
   facet normal -9.063080e-01 0.000000e+00 -4.226179e-01
      outer loop
         vertex 3.062029e+01 3.000000e+00 1.157500e+01
         vertex 3.062029e+01 8.000000e+00 1.157500e+01
         vertex 3.074184e+01 3.000000e+00 1.131433e+01
      endloop
   endfacet
   facet normal -9.063080e-01 0.000000e+00 -4.226179e-01
      outer loop
         vertex 3.074184e+01 3.000000e+00 1.131433e+01
         vertex 3.062029e+01 8.000000e+00 1.157500e+01
         vertex 3.074184e+01 8.000000e+00 1.131433e+01
      endloop
   endfacet
   facet normal -9.659261e-01 0.000000e+00 -2.588179e-01
      outer loop
         vertex 3.074184e+01 3.000000e+00 1.131433e+01
         vertex 3.074184e+01 8.000000e+00 1.131433e+01
         vertex 3.081628e+01 3.000000e+00 1.103652e+01
      endloop
   endfacet
   facet normal -9.659261e-01 0.000000e+00 -2.588179e-01
      outer loop
         vertex 3.081628e+01 3.000000e+00 1.103652e+01
         vertex 3.074184e+01 8.000000e+00 1.131433e+01
         vertex 3.081628e+01 8.000000e+00 1.103652e+01
      endloop
   endfacet
   facet normal -9.961946e-01 0.000000e+00 -8.715667e-02
      outer loop
         vertex 3.081628e+01 3.000000e+00 1.103652e+01
         vertex 3.081628e+01 8.000000e+00 1.103652e+01
         vertex 3.084134e+01 3.000000e+00 1.075000e+01
      endloop
   endfacet
   facet normal -9.961946e-01 0.000000e+00 -8.715667e-02
      outer loop
         vertex 3.084134e+01 3.000000e+00 1.075000e+01
         vertex 3.081628e+01 8.000000e+00 1.103652e+01
         vertex 3.084134e+01 8.000000e+00 1.075000e+01
      endloop
   endfacet
   facet normal -9.961946e-01 0.000000e+00 8.715667e-02
      outer loop
         vertex 3.084134e+01 3.000000e+00 1.075000e+01
         vertex 3.084134e+01 8.000000e+00 1.075000e+01
         vertex 3.081628e+01 3.000000e+00 1.046348e+01
      endloop
   endfacet
   facet normal -9.961946e-01 0.000000e+00 8.715667e-02
      outer loop
         vertex 3.081628e+01 3.000000e+00 1.046348e+01
         vertex 3.084134e+01 8.000000e+00 1.075000e+01
         vertex 3.081628e+01 8.000000e+00 1.046348e+01
      endloop
   endfacet
   facet normal -9.659260e-01 0.000000e+00 2.588183e-01
      outer loop
         vertex 3.081628e+01 3.000000e+00 1.046348e+01
         vertex 3.081628e+01 8.000000e+00 1.046348e+01
         vertex 3.074184e+01 3.000000e+00 1.018567e+01
      endloop
   endfacet
   facet normal -9.659260e-01 0.000000e+00 2.588183e-01
      outer loop
         vertex 3.074184e+01 3.000000e+00 1.018567e+01
         vertex 3.081628e+01 8.000000e+00 1.046348e+01
         vertex 3.074184e+01 8.000000e+00 1.018567e+01
      endloop
   endfacet
   facet normal -9.063083e-01 0.000000e+00 4.226172e-01
      outer loop
         vertex 3.074184e+01 3.000000e+00 1.018567e+01
         vertex 3.074184e+01 8.000000e+00 1.018567e+01
         vertex 3.062029e+01 3.000000e+00 9.925000e+00
      endloop
   endfacet
   facet normal -9.063083e-01 0.000000e+00 4.226172e-01
      outer loop
         vertex 3.062029e+01 3.000000e+00 9.925000e+00
         vertex 3.074184e+01 8.000000e+00 1.018567e+01
         vertex 3.062029e+01 8.000000e+00 9.925000e+00
      endloop
   endfacet
   facet normal -8.191514e-01 0.000000e+00 5.735773e-01
      outer loop
         vertex 3.062029e+01 3.000000e+00 9.925000e+00
         vertex 3.062029e+01 8.000000e+00 9.925000e+00
         vertex 3.045532e+01 3.000000e+00 9.689400e+00
      endloop
   endfacet
   facet normal -8.191514e-01 0.000000e+00 5.735773e-01
      outer loop
         vertex 3.045532e+01 3.000000e+00 9.689400e+00
         vertex 3.062029e+01 8.000000e+00 9.925000e+00
         vertex 3.045532e+01 8.000000e+00 9.689400e+00
      endloop
   endfacet
   facet normal -7.071060e-01 0.000000e+00 7.071076e-01
      outer loop
         vertex 3.045532e+01 3.000000e+00 9.689400e+00
         vertex 3.045532e+01 8.000000e+00 9.689400e+00
         vertex 3.025194e+01 3.000000e+00 9.486027e+00
      endloop
   endfacet
   facet normal -7.071060e-01 0.000000e+00 7.071076e-01
      outer loop
         vertex 3.025194e+01 3.000000e+00 9.486027e+00
         vertex 3.045532e+01 8.000000e+00 9.689400e+00
         vertex 3.025194e+01 8.000000e+00 9.486027e+00
      endloop
   endfacet
   facet normal -5.735773e-01 0.000000e+00 8.191514e-01
      outer loop
         vertex 3.025194e+01 3.000000e+00 9.486027e+00
         vertex 3.025194e+01 8.000000e+00 9.486027e+00
         vertex 3.001634e+01 3.000000e+00 9.321058e+00
      endloop
   endfacet
   facet normal -5.735773e-01 0.000000e+00 8.191514e-01
      outer loop
         vertex 3.001634e+01 3.000000e+00 9.321058e+00
         vertex 3.025194e+01 8.000000e+00 9.486027e+00
         vertex 3.001634e+01 8.000000e+00 9.321058e+00
      endloop
   endfacet
   facet normal -4.226172e-01 0.000000e+00 9.063083e-01
      outer loop
         vertex 3.001634e+01 3.000000e+00 9.321058e+00
         vertex 3.001634e+01 8.000000e+00 9.321058e+00
         vertex 2.975568e+01 3.000000e+00 9.199508e+00
      endloop
   endfacet
   facet normal -4.226172e-01 0.000000e+00 9.063083e-01
      outer loop
         vertex 2.975568e+01 3.000000e+00 9.199508e+00
         vertex 3.001634e+01 8.000000e+00 9.321058e+00
         vertex 2.975568e+01 8.000000e+00 9.199508e+00
      endloop
   endfacet
   facet normal -2.588213e-01 0.000000e+00 9.659252e-01
      outer loop
         vertex 2.975568e+01 3.000000e+00 9.199508e+00
         vertex 2.975568e+01 8.000000e+00 9.199508e+00
         vertex 2.947786e+01 3.000000e+00 9.125067e+00
      endloop
   endfacet
   facet normal -2.588213e-01 0.000000e+00 9.659252e-01
      outer loop
         vertex 2.947786e+01 3.000000e+00 9.125067e+00
         vertex 2.975568e+01 8.000000e+00 9.199508e+00
         vertex 2.947786e+01 8.000000e+00 9.125067e+00
      endloop
   endfacet
   facet normal -8.715345e-02 0.000000e+00 9.961949e-01
      outer loop
         vertex 2.947786e+01 3.000000e+00 9.125067e+00
         vertex 2.947786e+01 8.000000e+00 9.125067e+00
         vertex 2.919134e+01 3.000000e+00 9.100000e+00
      endloop
   endfacet
   facet normal -8.715345e-02 0.000000e+00 9.961949e-01
      outer loop
         vertex 2.919134e+01 3.000000e+00 9.100000e+00
         vertex 2.947786e+01 8.000000e+00 9.125067e+00
         vertex 2.919134e+01 8.000000e+00 9.100000e+00
      endloop
   endfacet
   facet normal 8.715345e-02 -0.000000e+00 9.961949e-01
      outer loop
         vertex 2.919134e+01 3.000000e+00 9.100000e+00
         vertex 2.919134e+01 8.000000e+00 9.100000e+00
         vertex 2.890482e+01 3.000000e+00 9.125067e+00
      endloop
   endfacet
   facet normal 8.715345e-02 -0.000000e+00 9.961949e-01
      outer loop
         vertex 2.890482e+01 3.000000e+00 9.125067e+00
         vertex 2.919134e+01 8.000000e+00 9.100000e+00
         vertex 2.890482e+01 8.000000e+00 9.125067e+00
      endloop
   endfacet
   facet normal 2.588213e-01 -0.000000e+00 9.659252e-01
      outer loop
         vertex 2.890482e+01 3.000000e+00 9.125067e+00
         vertex 2.890482e+01 8.000000e+00 9.125067e+00
         vertex 2.862701e+01 3.000000e+00 9.199508e+00
      endloop
   endfacet
   facet normal 2.588213e-01 -0.000000e+00 9.659252e-01
      outer loop
         vertex 2.862701e+01 3.000000e+00 9.199508e+00
         vertex 2.890482e+01 8.000000e+00 9.125067e+00
         vertex 2.862701e+01 8.000000e+00 9.199508e+00
      endloop
   endfacet
   facet normal 4.226172e-01 -0.000000e+00 9.063083e-01
      outer loop
         vertex 2.862701e+01 3.000000e+00 9.199508e+00
         vertex 2.862701e+01 8.000000e+00 9.199508e+00
         vertex 2.836634e+01 3.000000e+00 9.321058e+00
      endloop
   endfacet
   facet normal 4.226172e-01 -0.000000e+00 9.063083e-01
      outer loop
         vertex 2.836634e+01 3.000000e+00 9.321058e+00
         vertex 2.862701e+01 8.000000e+00 9.199508e+00
         vertex 2.836634e+01 8.000000e+00 9.321058e+00
      endloop
   endfacet
   facet normal 5.735773e-01 -0.000000e+00 8.191514e-01
      outer loop
         vertex 2.836634e+01 3.000000e+00 9.321058e+00
         vertex 2.836634e+01 8.000000e+00 9.321058e+00
         vertex 2.813074e+01 3.000000e+00 9.486027e+00
      endloop
   endfacet
   facet normal 5.735773e-01 -0.000000e+00 8.191514e-01
      outer loop
         vertex 2.813074e+01 3.000000e+00 9.486027e+00
         vertex 2.836634e+01 8.000000e+00 9.321058e+00
         vertex 2.813074e+01 8.000000e+00 9.486027e+00
      endloop
   endfacet
   facet normal 7.071060e-01 -0.000000e+00 7.071076e-01
      outer loop
         vertex 2.813074e+01 3.000000e+00 9.486027e+00
         vertex 2.813074e+01 8.000000e+00 9.486027e+00
         vertex 2.792737e+01 3.000000e+00 9.689400e+00
      endloop
   endfacet
   facet normal 7.071060e-01 -0.000000e+00 7.071076e-01
      outer loop
         vertex 2.792737e+01 3.000000e+00 9.689400e+00
         vertex 2.813074e+01 8.000000e+00 9.486027e+00
         vertex 2.792737e+01 8.000000e+00 9.689400e+00
      endloop
   endfacet
   facet normal 8.191514e-01 -0.000000e+00 5.735773e-01
      outer loop
         vertex 2.792737e+01 3.000000e+00 9.689400e+00
         vertex 2.792737e+01 8.000000e+00 9.689400e+00
         vertex 2.776240e+01 3.000000e+00 9.925000e+00
      endloop
   endfacet
   facet normal 8.191514e-01 -0.000000e+00 5.735773e-01
      outer loop
         vertex 2.776240e+01 3.000000e+00 9.925000e+00
         vertex 2.792737e+01 8.000000e+00 9.689400e+00
         vertex 2.776240e+01 8.000000e+00 9.925000e+00
      endloop
   endfacet
   facet normal 9.063083e-01 -0.000000e+00 4.226172e-01
      outer loop
         vertex 2.776240e+01 3.000000e+00 9.925000e+00
         vertex 2.776240e+01 8.000000e+00 9.925000e+00
         vertex 2.764085e+01 3.000000e+00 1.018567e+01
      endloop
   endfacet
   facet normal 9.063083e-01 -0.000000e+00 4.226172e-01
      outer loop
         vertex 2.764085e+01 3.000000e+00 1.018567e+01
         vertex 2.776240e+01 8.000000e+00 9.925000e+00
         vertex 2.764085e+01 8.000000e+00 1.018567e+01
      endloop
   endfacet
   facet normal 9.659260e-01 -0.000000e+00 2.588183e-01
      outer loop
         vertex 2.764085e+01 3.000000e+00 1.018567e+01
         vertex 2.764085e+01 8.000000e+00 1.018567e+01
         vertex 2.756641e+01 3.000000e+00 1.046348e+01
      endloop
   endfacet
   facet normal 9.659260e-01 -0.000000e+00 2.588183e-01
      outer loop
         vertex 2.756641e+01 3.000000e+00 1.046348e+01
         vertex 2.764085e+01 8.000000e+00 1.018567e+01
         vertex 2.756641e+01 8.000000e+00 1.046348e+01
      endloop
   endfacet
   facet normal 9.961946e-01 -0.000000e+00 8.715667e-02
      outer loop
         vertex 2.756641e+01 3.000000e+00 1.046348e+01
         vertex 2.756641e+01 8.000000e+00 1.046348e+01
         vertex 2.754134e+01 3.000000e+00 1.075000e+01
      endloop
   endfacet
   facet normal 9.961946e-01 -0.000000e+00 8.715667e-02
      outer loop
         vertex 2.754134e+01 3.000000e+00 1.075000e+01
         vertex 2.756641e+01 8.000000e+00 1.046348e+01
         vertex 2.754134e+01 8.000000e+00 1.075000e+01
      endloop
   endfacet
   facet normal 9.961946e-01 0.000000e+00 -8.715667e-02
      outer loop
         vertex 2.754134e+01 3.000000e+00 1.075000e+01
         vertex 2.754134e+01 8.000000e+00 1.075000e+01
         vertex 2.756641e+01 3.000000e+00 1.103652e+01
      endloop
   endfacet
   facet normal 9.961946e-01 0.000000e+00 -8.715667e-02
      outer loop
         vertex 2.756641e+01 3.000000e+00 1.103652e+01
         vertex 2.754134e+01 8.000000e+00 1.075000e+01
         vertex 2.756641e+01 8.000000e+00 1.103652e+01
      endloop
   endfacet
   facet normal 9.659261e-01 0.000000e+00 -2.588179e-01
      outer loop
         vertex 2.756641e+01 3.000000e+00 1.103652e+01
         vertex 2.756641e+01 8.000000e+00 1.103652e+01
         vertex 2.764085e+01 3.000000e+00 1.131433e+01
      endloop
   endfacet
   facet normal 9.659261e-01 0.000000e+00 -2.588179e-01
      outer loop
         vertex 2.764085e+01 3.000000e+00 1.131433e+01
         vertex 2.756641e+01 8.000000e+00 1.103652e+01
         vertex 2.764085e+01 8.000000e+00 1.131433e+01
      endloop
   endfacet
   facet normal 9.063080e-01 0.000000e+00 -4.226179e-01
      outer loop
         vertex 2.764085e+01 3.000000e+00 1.131433e+01
         vertex 2.764085e+01 8.000000e+00 1.131433e+01
         vertex 2.776240e+01 3.000000e+00 1.157500e+01
      endloop
   endfacet
   facet normal 9.063080e-01 0.000000e+00 -4.226179e-01
      outer loop
         vertex 2.776240e+01 3.000000e+00 1.157500e+01
         vertex 2.764085e+01 8.000000e+00 1.131433e+01
         vertex 2.776240e+01 8.000000e+00 1.157500e+01
      endloop
   endfacet
   facet normal 8.191520e-01 0.000000e+00 -5.735765e-01
      outer loop
         vertex 2.776240e+01 3.000000e+00 1.157500e+01
         vertex 2.776240e+01 8.000000e+00 1.157500e+01
         vertex 2.792737e+01 3.000000e+00 1.181060e+01
      endloop
   endfacet
   facet normal 8.191520e-01 0.000000e+00 -5.735765e-01
      outer loop
         vertex 2.792737e+01 3.000000e+00 1.181060e+01
         vertex 2.776240e+01 8.000000e+00 1.157500e+01
         vertex 2.792737e+01 8.000000e+00 1.181060e+01
      endloop
   endfacet
   facet normal 7.071060e-01 0.000000e+00 -7.071076e-01
      outer loop
         vertex 2.792737e+01 3.000000e+00 1.181060e+01
         vertex 2.792737e+01 8.000000e+00 1.181060e+01
         vertex 2.813074e+01 3.000000e+00 1.201397e+01
      endloop
   endfacet
   facet normal 7.071060e-01 0.000000e+00 -7.071076e-01
      outer loop
         vertex 2.813074e+01 3.000000e+00 1.201397e+01
         vertex 2.792737e+01 8.000000e+00 1.181060e+01
         vertex 2.813074e+01 8.000000e+00 1.201397e+01
      endloop
   endfacet
   facet normal 5.735773e-01 0.000000e+00 -8.191514e-01
      outer loop
         vertex 2.813074e+01 3.000000e+00 1.201397e+01
         vertex 2.813074e+01 8.000000e+00 1.201397e+01
         vertex 2.836634e+01 3.000000e+00 1.217894e+01
      endloop
   endfacet
   facet normal 5.735773e-01 0.000000e+00 -8.191514e-01
      outer loop
         vertex 2.836634e+01 3.000000e+00 1.217894e+01
         vertex 2.813074e+01 8.000000e+00 1.201397e+01
         vertex 2.836634e+01 8.000000e+00 1.217894e+01
      endloop
   endfacet
   facet normal 4.226172e-01 0.000000e+00 -9.063083e-01
      outer loop
         vertex 2.836634e+01 3.000000e+00 1.217894e+01
         vertex 2.836634e+01 8.000000e+00 1.217894e+01
         vertex 2.862701e+01 3.000000e+00 1.230049e+01
      endloop
   endfacet
   facet normal 4.226172e-01 0.000000e+00 -9.063083e-01
      outer loop
         vertex 2.862701e+01 3.000000e+00 1.230049e+01
         vertex 2.836634e+01 8.000000e+00 1.217894e+01
         vertex 2.862701e+01 8.000000e+00 1.230049e+01
      endloop
   endfacet
   facet normal 2.588198e-01 0.000000e+00 -9.659256e-01
      outer loop
         vertex 2.862701e+01 3.000000e+00 1.230049e+01
         vertex 2.862701e+01 8.000000e+00 1.230049e+01
         vertex 2.890482e+01 3.000000e+00 1.237493e+01
      endloop
   endfacet
   facet normal 2.588198e-01 0.000000e+00 -9.659256e-01
      outer loop
         vertex 2.890482e+01 3.000000e+00 1.237493e+01
         vertex 2.862701e+01 8.000000e+00 1.230049e+01
         vertex 2.890482e+01 8.000000e+00 1.237493e+01
      endloop
   endfacet
   facet normal 8.715506e-02 0.000000e+00 -9.961948e-01
      outer loop
         vertex 2.890482e+01 3.000000e+00 1.237493e+01
         vertex 2.890482e+01 8.000000e+00 1.237493e+01
         vertex 2.919134e+01 3.000000e+00 1.240000e+01
      endloop
   endfacet
   facet normal 8.715506e-02 0.000000e+00 -9.961948e-01
      outer loop
         vertex 2.919134e+01 3.000000e+00 1.240000e+01
         vertex 2.890482e+01 8.000000e+00 1.237493e+01
         vertex 2.919134e+01 8.000000e+00 1.240000e+01
      endloop
   endfacet
   facet normal -8.715346e-02 0.000000e+00 -9.961949e-01
      outer loop
         vertex 1.750000e+01 3.000000e+00 5.650000e+00
         vertex 1.750000e+01 8.000000e+00 5.650000e+00
         vertex 1.778652e+01 3.000000e+00 5.624933e+00
      endloop
   endfacet
   facet normal -8.715346e-02 0.000000e+00 -9.961949e-01
      outer loop
         vertex 1.778652e+01 3.000000e+00 5.624933e+00
         vertex 1.750000e+01 8.000000e+00 5.650000e+00
         vertex 1.778652e+01 8.000000e+00 5.624933e+00
      endloop
   endfacet
   facet normal -2.588212e-01 0.000000e+00 -9.659253e-01
      outer loop
         vertex 1.778652e+01 3.000000e+00 5.624933e+00
         vertex 1.778652e+01 8.000000e+00 5.624933e+00
         vertex 1.806433e+01 3.000000e+00 5.550493e+00
      endloop
   endfacet
   facet normal -2.588212e-01 0.000000e+00 -9.659253e-01
      outer loop
         vertex 1.806433e+01 3.000000e+00 5.550493e+00
         vertex 1.778652e+01 8.000000e+00 5.624933e+00
         vertex 1.806433e+01 8.000000e+00 5.550493e+00
      endloop
   endfacet
   facet normal -4.226175e-01 0.000000e+00 -9.063082e-01
      outer loop
         vertex 1.806433e+01 3.000000e+00 5.550493e+00
         vertex 1.806433e+01 8.000000e+00 5.550493e+00
         vertex 1.832500e+01 3.000000e+00 5.428942e+00
      endloop
   endfacet
   facet normal -4.226175e-01 0.000000e+00 -9.063082e-01
      outer loop
         vertex 1.832500e+01 3.000000e+00 5.428942e+00
         vertex 1.806433e+01 8.000000e+00 5.550493e+00
         vertex 1.832500e+01 8.000000e+00 5.428942e+00
      endloop
   endfacet
   facet normal -5.735771e-01 0.000000e+00 -8.191516e-01
      outer loop
         vertex 1.832500e+01 3.000000e+00 5.428942e+00
         vertex 1.832500e+01 8.000000e+00 5.428942e+00
         vertex 1.856060e+01 3.000000e+00 5.263973e+00
      endloop
   endfacet
   facet normal -5.735771e-01 0.000000e+00 -8.191516e-01
      outer loop
         vertex 1.856060e+01 3.000000e+00 5.263973e+00
         vertex 1.832500e+01 8.000000e+00 5.428942e+00
         vertex 1.856060e+01 8.000000e+00 5.263973e+00
      endloop
   endfacet
   facet normal -7.071070e-01 0.000000e+00 -7.071066e-01
      outer loop
         vertex 1.856060e+01 3.000000e+00 5.263973e+00
         vertex 1.856060e+01 8.000000e+00 5.263973e+00
         vertex 1.876397e+01 3.000000e+00 5.060599e+00
      endloop
   endfacet
   facet normal -7.071070e-01 0.000000e+00 -7.071066e-01
      outer loop
         vertex 1.876397e+01 3.000000e+00 5.060599e+00
         vertex 1.856060e+01 8.000000e+00 5.263973e+00
         vertex 1.876397e+01 8.000000e+00 5.060599e+00
      endloop
   endfacet
   facet normal -8.191518e-01 0.000000e+00 -5.735768e-01
      outer loop
         vertex 1.876397e+01 3.000000e+00 5.060599e+00
         vertex 1.876397e+01 8.000000e+00 5.060599e+00
         vertex 1.892894e+01 3.000000e+00 4.825000e+00
      endloop
   endfacet
   facet normal -8.191518e-01 0.000000e+00 -5.735768e-01
      outer loop
         vertex 1.892894e+01 3.000000e+00 4.825000e+00
         vertex 1.876397e+01 8.000000e+00 5.060599e+00
         vertex 1.892894e+01 8.000000e+00 4.825000e+00
      endloop
   endfacet
   facet normal -9.063074e-01 0.000000e+00 -4.226191e-01
      outer loop
         vertex 1.892894e+01 3.000000e+00 4.825000e+00
         vertex 1.892894e+01 8.000000e+00 4.825000e+00
         vertex 1.905049e+01 3.000000e+00 4.564334e+00
      endloop
   endfacet
   facet normal -9.063074e-01 0.000000e+00 -4.226191e-01
      outer loop
         vertex 1.905049e+01 3.000000e+00 4.564334e+00
         vertex 1.892894e+01 8.000000e+00 4.825000e+00
         vertex 1.905049e+01 8.000000e+00 4.564334e+00
      endloop
   endfacet
   facet normal -9.659260e-01 0.000000e+00 -2.588183e-01
      outer loop
         vertex 1.905049e+01 3.000000e+00 4.564334e+00
         vertex 1.905049e+01 8.000000e+00 4.564334e+00
         vertex 1.912493e+01 3.000000e+00 4.286519e+00
      endloop
   endfacet
   facet normal -9.659260e-01 0.000000e+00 -2.588183e-01
      outer loop
         vertex 1.912493e+01 3.000000e+00 4.286519e+00
         vertex 1.905049e+01 8.000000e+00 4.564334e+00
         vertex 1.912493e+01 8.000000e+00 4.286519e+00
      endloop
   endfacet
   facet normal -9.961947e-01 0.000000e+00 -8.715586e-02
      outer loop
         vertex 1.912493e+01 3.000000e+00 4.286519e+00
         vertex 1.912493e+01 8.000000e+00 4.286519e+00
         vertex 1.915000e+01 3.000000e+00 4.000000e+00
      endloop
   endfacet
   facet normal -9.961947e-01 0.000000e+00 -8.715586e-02
      outer loop
         vertex 1.915000e+01 3.000000e+00 4.000000e+00
         vertex 1.912493e+01 8.000000e+00 4.286519e+00
         vertex 1.915000e+01 8.000000e+00 4.000000e+00
      endloop
   endfacet
   facet normal -9.961947e-01 0.000000e+00 8.715586e-02
      outer loop
         vertex 1.915000e+01 3.000000e+00 4.000000e+00
         vertex 1.915000e+01 8.000000e+00 4.000000e+00
         vertex 1.912493e+01 3.000000e+00 3.713480e+00
      endloop
   endfacet
   facet normal -9.961947e-01 0.000000e+00 8.715586e-02
      outer loop
         vertex 1.912493e+01 3.000000e+00 3.713480e+00
         vertex 1.915000e+01 8.000000e+00 4.000000e+00
         vertex 1.912493e+01 8.000000e+00 3.713480e+00
      endloop
   endfacet
   facet normal -9.659258e-01 0.000000e+00 2.588191e-01
      outer loop
         vertex 1.912493e+01 3.000000e+00 3.713480e+00
         vertex 1.912493e+01 8.000000e+00 3.713480e+00
         vertex 1.905049e+01 3.000000e+00 3.435667e+00
      endloop
   endfacet
   facet normal -9.659258e-01 0.000000e+00 2.588191e-01
      outer loop
         vertex 1.905049e+01 3.000000e+00 3.435667e+00
         vertex 1.912493e+01 8.000000e+00 3.713480e+00
         vertex 1.905049e+01 8.000000e+00 3.435667e+00
      endloop
   endfacet
   facet normal -9.063080e-01 0.000000e+00 4.226179e-01
      outer loop
         vertex 1.905049e+01 3.000000e+00 3.435667e+00
         vertex 1.905049e+01 8.000000e+00 3.435667e+00
         vertex 1.892894e+01 3.000000e+00 3.175000e+00
      endloop
   endfacet
   facet normal -9.063080e-01 0.000000e+00 4.226179e-01
      outer loop
         vertex 1.892894e+01 3.000000e+00 3.175000e+00
         vertex 1.905049e+01 8.000000e+00 3.435667e+00
         vertex 1.892894e+01 8.000000e+00 3.175000e+00
      endloop
   endfacet
   facet normal -8.191518e-01 0.000000e+00 5.735768e-01
      outer loop
         vertex 1.892894e+01 3.000000e+00 3.175000e+00
         vertex 1.892894e+01 8.000000e+00 3.175000e+00
         vertex 1.876397e+01 3.000000e+00 2.939400e+00
      endloop
   endfacet
   facet normal -8.191518e-01 0.000000e+00 5.735768e-01
      outer loop
         vertex 1.876397e+01 3.000000e+00 2.939400e+00
         vertex 1.892894e+01 8.000000e+00 3.175000e+00
         vertex 1.876397e+01 8.000000e+00 2.939400e+00
      endloop
   endfacet
   facet normal -7.071070e-01 0.000000e+00 7.071066e-01
      outer loop
         vertex 1.876397e+01 3.000000e+00 2.939400e+00
         vertex 1.876397e+01 8.000000e+00 2.939400e+00
         vertex 1.856060e+01 3.000000e+00 2.736026e+00
      endloop
   endfacet
   facet normal -7.071070e-01 0.000000e+00 7.071066e-01
      outer loop
         vertex 1.856060e+01 3.000000e+00 2.736026e+00
         vertex 1.876397e+01 8.000000e+00 2.939400e+00
         vertex 1.856060e+01 8.000000e+00 2.736026e+00
      endloop
   endfacet
   facet normal -5.735749e-01 0.000000e+00 8.191531e-01
      outer loop
         vertex 1.856060e+01 3.000000e+00 2.736026e+00
         vertex 1.856060e+01 8.000000e+00 2.736026e+00
         vertex 1.832500e+01 3.000000e+00 2.571058e+00
      endloop
   endfacet
   facet normal -5.735749e-01 0.000000e+00 8.191531e-01
      outer loop
         vertex 1.832500e+01 3.000000e+00 2.571058e+00
         vertex 1.856060e+01 8.000000e+00 2.736026e+00
         vertex 1.832500e+01 8.000000e+00 2.571058e+00
      endloop
   endfacet
   facet normal -4.226201e-01 0.000000e+00 9.063069e-01
      outer loop
         vertex 1.832500e+01 3.000000e+00 2.571058e+00
         vertex 1.832500e+01 8.000000e+00 2.571058e+00
         vertex 1.806433e+01 3.000000e+00 2.449507e+00
      endloop
   endfacet
   facet normal -4.226201e-01 0.000000e+00 9.063069e-01
      outer loop
         vertex 1.806433e+01 3.000000e+00 2.449507e+00
         vertex 1.832500e+01 8.000000e+00 2.571058e+00
         vertex 1.806433e+01 8.000000e+00 2.449507e+00
      endloop
   endfacet
   facet normal -2.588181e-01 0.000000e+00 9.659261e-01
      outer loop
         vertex 1.806433e+01 3.000000e+00 2.449507e+00
         vertex 1.806433e+01 8.000000e+00 2.449507e+00
         vertex 1.778652e+01 3.000000e+00 2.375067e+00
      endloop
   endfacet
   facet normal -2.588181e-01 0.000000e+00 9.659261e-01
      outer loop
         vertex 1.778652e+01 3.000000e+00 2.375067e+00
         vertex 1.806433e+01 8.000000e+00 2.449507e+00
         vertex 1.778652e+01 8.000000e+00 2.375067e+00
      endloop
   endfacet
   facet normal -8.715668e-02 0.000000e+00 9.961946e-01
      outer loop
         vertex 1.778652e+01 3.000000e+00 2.375067e+00
         vertex 1.778652e+01 8.000000e+00 2.375067e+00
         vertex 1.750000e+01 3.000000e+00 2.350000e+00
      endloop
   endfacet
   facet normal -8.715668e-02 0.000000e+00 9.961946e-01
      outer loop
         vertex 1.750000e+01 3.000000e+00 2.350000e+00
         vertex 1.778652e+01 8.000000e+00 2.375067e+00
         vertex 1.750000e+01 8.000000e+00 2.350000e+00
      endloop
   endfacet
   facet normal 8.715668e-02 -0.000000e+00 9.961946e-01
      outer loop
         vertex 1.750000e+01 3.000000e+00 2.350000e+00
         vertex 1.750000e+01 8.000000e+00 2.350000e+00
         vertex 1.721348e+01 3.000000e+00 2.375067e+00
      endloop
   endfacet
   facet normal 8.715668e-02 -0.000000e+00 9.961946e-01
      outer loop
         vertex 1.721348e+01 3.000000e+00 2.375067e+00
         vertex 1.750000e+01 8.000000e+00 2.350000e+00
         vertex 1.721348e+01 8.000000e+00 2.375067e+00
      endloop
   endfacet
   facet normal 2.588181e-01 -0.000000e+00 9.659261e-01
      outer loop
         vertex 1.721348e+01 3.000000e+00 2.375067e+00
         vertex 1.721348e+01 8.000000e+00 2.375067e+00
         vertex 1.693567e+01 3.000000e+00 2.449507e+00
      endloop
   endfacet
   facet normal 2.588181e-01 -0.000000e+00 9.659261e-01
      outer loop
         vertex 1.693567e+01 3.000000e+00 2.449507e+00
         vertex 1.721348e+01 8.000000e+00 2.375067e+00
         vertex 1.693567e+01 8.000000e+00 2.449507e+00
      endloop
   endfacet
   facet normal 4.226201e-01 -0.000000e+00 9.063069e-01
      outer loop
         vertex 1.693567e+01 3.000000e+00 2.449507e+00
         vertex 1.693567e+01 8.000000e+00 2.449507e+00
         vertex 1.667500e+01 3.000000e+00 2.571058e+00
      endloop
   endfacet
   facet normal 4.226201e-01 -0.000000e+00 9.063069e-01
      outer loop
         vertex 1.667500e+01 3.000000e+00 2.571058e+00
         vertex 1.693567e+01 8.000000e+00 2.449507e+00
         vertex 1.667500e+01 8.000000e+00 2.571058e+00
      endloop
   endfacet
   facet normal 5.735749e-01 -0.000000e+00 8.191531e-01
      outer loop
         vertex 1.667500e+01 3.000000e+00 2.571058e+00
         vertex 1.667500e+01 8.000000e+00 2.571058e+00
         vertex 1.643940e+01 3.000000e+00 2.736026e+00
      endloop
   endfacet
   facet normal 5.735749e-01 -0.000000e+00 8.191531e-01
      outer loop
         vertex 1.643940e+01 3.000000e+00 2.736026e+00
         vertex 1.667500e+01 8.000000e+00 2.571058e+00
         vertex 1.643940e+01 8.000000e+00 2.736026e+00
      endloop
   endfacet
   facet normal 7.071070e-01 -0.000000e+00 7.071066e-01
      outer loop
         vertex 1.643940e+01 3.000000e+00 2.736026e+00
         vertex 1.643940e+01 8.000000e+00 2.736026e+00
         vertex 1.623603e+01 3.000000e+00 2.939400e+00
      endloop
   endfacet
   facet normal 7.071070e-01 -0.000000e+00 7.071066e-01
      outer loop
         vertex 1.623603e+01 3.000000e+00 2.939400e+00
         vertex 1.643940e+01 8.000000e+00 2.736026e+00
         vertex 1.623603e+01 8.000000e+00 2.939400e+00
      endloop
   endfacet
   facet normal 8.191518e-01 -0.000000e+00 5.735768e-01
      outer loop
         vertex 1.623603e+01 3.000000e+00 2.939400e+00
         vertex 1.623603e+01 8.000000e+00 2.939400e+00
         vertex 1.607106e+01 3.000000e+00 3.175000e+00
      endloop
   endfacet
   facet normal 8.191518e-01 -0.000000e+00 5.735768e-01
      outer loop
         vertex 1.607106e+01 3.000000e+00 3.175000e+00
         vertex 1.623603e+01 8.000000e+00 2.939400e+00
         vertex 1.607106e+01 8.000000e+00 3.175000e+00
      endloop
   endfacet
   facet normal 9.063080e-01 -0.000000e+00 4.226179e-01
      outer loop
         vertex 1.607106e+01 3.000000e+00 3.175000e+00
         vertex 1.607106e+01 8.000000e+00 3.175000e+00
         vertex 1.594951e+01 3.000000e+00 3.435667e+00
      endloop
   endfacet
   facet normal 9.063080e-01 -0.000000e+00 4.226179e-01
      outer loop
         vertex 1.594951e+01 3.000000e+00 3.435667e+00
         vertex 1.607106e+01 8.000000e+00 3.175000e+00
         vertex 1.594951e+01 8.000000e+00 3.435667e+00
      endloop
   endfacet
   facet normal 9.659258e-01 -0.000000e+00 2.588191e-01
      outer loop
         vertex 1.594951e+01 3.000000e+00 3.435667e+00
         vertex 1.594951e+01 8.000000e+00 3.435667e+00
         vertex 1.587507e+01 3.000000e+00 3.713480e+00
      endloop
   endfacet
   facet normal 9.659258e-01 -0.000000e+00 2.588191e-01
      outer loop
         vertex 1.587507e+01 3.000000e+00 3.713480e+00
         vertex 1.594951e+01 8.000000e+00 3.435667e+00
         vertex 1.587507e+01 8.000000e+00 3.713480e+00
      endloop
   endfacet
   facet normal 9.961947e-01 -0.000000e+00 8.715586e-02
      outer loop
         vertex 1.587507e+01 3.000000e+00 3.713480e+00
         vertex 1.587507e+01 8.000000e+00 3.713480e+00
         vertex 1.585000e+01 3.000000e+00 4.000000e+00
      endloop
   endfacet
   facet normal 9.961947e-01 -0.000000e+00 8.715586e-02
      outer loop
         vertex 1.585000e+01 3.000000e+00 4.000000e+00
         vertex 1.587507e+01 8.000000e+00 3.713480e+00
         vertex 1.585000e+01 8.000000e+00 4.000000e+00
      endloop
   endfacet
   facet normal 9.961947e-01 0.000000e+00 -8.715586e-02
      outer loop
         vertex 1.585000e+01 3.000000e+00 4.000000e+00
         vertex 1.585000e+01 8.000000e+00 4.000000e+00
         vertex 1.587507e+01 3.000000e+00 4.286519e+00
      endloop
   endfacet
   facet normal 9.961947e-01 0.000000e+00 -8.715586e-02
      outer loop
         vertex 1.587507e+01 3.000000e+00 4.286519e+00
         vertex 1.585000e+01 8.000000e+00 4.000000e+00
         vertex 1.587507e+01 8.000000e+00 4.286519e+00
      endloop
   endfacet
   facet normal 9.659260e-01 0.000000e+00 -2.588183e-01
      outer loop
         vertex 1.587507e+01 3.000000e+00 4.286519e+00
         vertex 1.587507e+01 8.000000e+00 4.286519e+00
         vertex 1.594951e+01 3.000000e+00 4.564334e+00
      endloop
   endfacet
   facet normal 9.659260e-01 0.000000e+00 -2.588183e-01
      outer loop
         vertex 1.594951e+01 3.000000e+00 4.564334e+00
         vertex 1.587507e+01 8.000000e+00 4.286519e+00
         vertex 1.594951e+01 8.000000e+00 4.564334e+00
      endloop
   endfacet
   facet normal 9.063074e-01 0.000000e+00 -4.226191e-01
      outer loop
         vertex 1.594951e+01 3.000000e+00 4.564334e+00
         vertex 1.594951e+01 8.000000e+00 4.564334e+00
         vertex 1.607106e+01 3.000000e+00 4.825000e+00
      endloop
   endfacet
   facet normal 9.063074e-01 0.000000e+00 -4.226191e-01
      outer loop
         vertex 1.607106e+01 3.000000e+00 4.825000e+00
         vertex 1.594951e+01 8.000000e+00 4.564334e+00
         vertex 1.607106e+01 8.000000e+00 4.825000e+00
      endloop
   endfacet
   facet normal 8.191518e-01 0.000000e+00 -5.735768e-01
      outer loop
         vertex 1.607106e+01 3.000000e+00 4.825000e+00
         vertex 1.607106e+01 8.000000e+00 4.825000e+00
         vertex 1.623603e+01 3.000000e+00 5.060599e+00
      endloop
   endfacet
   facet normal 8.191518e-01 0.000000e+00 -5.735768e-01
      outer loop
         vertex 1.623603e+01 3.000000e+00 5.060599e+00
         vertex 1.607106e+01 8.000000e+00 4.825000e+00
         vertex 1.623603e+01 8.000000e+00 5.060599e+00
      endloop
   endfacet
   facet normal 7.071070e-01 0.000000e+00 -7.071066e-01
      outer loop
         vertex 1.623603e+01 3.000000e+00 5.060599e+00
         vertex 1.623603e+01 8.000000e+00 5.060599e+00
         vertex 1.643940e+01 3.000000e+00 5.263973e+00
      endloop
   endfacet
   facet normal 7.071070e-01 0.000000e+00 -7.071066e-01
      outer loop
         vertex 1.643940e+01 3.000000e+00 5.263973e+00
         vertex 1.623603e+01 8.000000e+00 5.060599e+00
         vertex 1.643940e+01 8.000000e+00 5.263973e+00
      endloop
   endfacet
   facet normal 5.735771e-01 0.000000e+00 -8.191516e-01
      outer loop
         vertex 1.643940e+01 3.000000e+00 5.263973e+00
         vertex 1.643940e+01 8.000000e+00 5.263973e+00
         vertex 1.667500e+01 3.000000e+00 5.428942e+00
      endloop
   endfacet
   facet normal 5.735771e-01 0.000000e+00 -8.191516e-01
      outer loop
         vertex 1.667500e+01 3.000000e+00 5.428942e+00
         vertex 1.643940e+01 8.000000e+00 5.263973e+00
         vertex 1.667500e+01 8.000000e+00 5.428942e+00
      endloop
   endfacet
   facet normal 4.226175e-01 0.000000e+00 -9.063082e-01
      outer loop
         vertex 1.667500e+01 3.000000e+00 5.428942e+00
         vertex 1.667500e+01 8.000000e+00 5.428942e+00
         vertex 1.693567e+01 3.000000e+00 5.550493e+00
      endloop
   endfacet
   facet normal 4.226175e-01 0.000000e+00 -9.063082e-01
      outer loop
         vertex 1.693567e+01 3.000000e+00 5.550493e+00
         vertex 1.667500e+01 8.000000e+00 5.428942e+00
         vertex 1.693567e+01 8.000000e+00 5.550493e+00
      endloop
   endfacet
   facet normal 2.588212e-01 0.000000e+00 -9.659253e-01
      outer loop
         vertex 1.693567e+01 3.000000e+00 5.550493e+00
         vertex 1.693567e+01 8.000000e+00 5.550493e+00
         vertex 1.721348e+01 3.000000e+00 5.624933e+00
      endloop
   endfacet
   facet normal 2.588212e-01 0.000000e+00 -9.659253e-01
      outer loop
         vertex 1.721348e+01 3.000000e+00 5.624933e+00
         vertex 1.693567e+01 8.000000e+00 5.550493e+00
         vertex 1.721348e+01 8.000000e+00 5.624933e+00
      endloop
   endfacet
   facet normal 8.715346e-02 0.000000e+00 -9.961949e-01
      outer loop
         vertex 1.721348e+01 3.000000e+00 5.624933e+00
         vertex 1.721348e+01 8.000000e+00 5.624933e+00
         vertex 1.750000e+01 3.000000e+00 5.650000e+00
      endloop
   endfacet
   facet normal 8.715346e-02 0.000000e+00 -9.961949e-01
      outer loop
         vertex 1.750000e+01 3.000000e+00 5.650000e+00
         vertex 1.721348e+01 8.000000e+00 5.624933e+00
         vertex 1.750000e+01 8.000000e+00 5.650000e+00
      endloop
   endfacet
   facet normal -8.715668e-02 0.000000e+00 -9.961946e-01
      outer loop
         vertex 1.750000e+01 3.000000e+00 3.265000e+01
         vertex 1.750000e+01 8.000000e+00 3.265000e+01
         vertex 1.778652e+01 3.000000e+00 3.262493e+01
      endloop
   endfacet
   facet normal -8.715668e-02 0.000000e+00 -9.961946e-01
      outer loop
         vertex 1.778652e+01 3.000000e+00 3.262493e+01
         vertex 1.750000e+01 8.000000e+00 3.265000e+01
         vertex 1.778652e+01 8.000000e+00 3.262493e+01
      endloop
   endfacet
   facet normal -2.588181e-01 0.000000e+00 -9.659261e-01
      outer loop
         vertex 1.778652e+01 3.000000e+00 3.262493e+01
         vertex 1.778652e+01 8.000000e+00 3.262493e+01
         vertex 1.806433e+01 3.000000e+00 3.255049e+01
      endloop
   endfacet
   facet normal -2.588181e-01 0.000000e+00 -9.659261e-01
      outer loop
         vertex 1.806433e+01 3.000000e+00 3.255049e+01
         vertex 1.778652e+01 8.000000e+00 3.262493e+01
         vertex 1.806433e+01 8.000000e+00 3.255049e+01
      endloop
   endfacet
   facet normal -4.226201e-01 0.000000e+00 -9.063069e-01
      outer loop
         vertex 1.806433e+01 3.000000e+00 3.255049e+01
         vertex 1.806433e+01 8.000000e+00 3.255049e+01
         vertex 1.832500e+01 3.000000e+00 3.242894e+01
      endloop
   endfacet
   facet normal -4.226201e-01 0.000000e+00 -9.063069e-01
      outer loop
         vertex 1.832500e+01 3.000000e+00 3.242894e+01
         vertex 1.806433e+01 8.000000e+00 3.255049e+01
         vertex 1.832500e+01 8.000000e+00 3.242894e+01
      endloop
   endfacet
   facet normal -5.735749e-01 0.000000e+00 -8.191531e-01
      outer loop
         vertex 1.832500e+01 3.000000e+00 3.242894e+01
         vertex 1.832500e+01 8.000000e+00 3.242894e+01
         vertex 1.856060e+01 3.000000e+00 3.226397e+01
      endloop
   endfacet
   facet normal -5.735749e-01 0.000000e+00 -8.191531e-01
      outer loop
         vertex 1.856060e+01 3.000000e+00 3.226397e+01
         vertex 1.832500e+01 8.000000e+00 3.242894e+01
         vertex 1.856060e+01 8.000000e+00 3.226397e+01
      endloop
   endfacet
   facet normal -7.071070e-01 0.000000e+00 -7.071066e-01
      outer loop
         vertex 1.856060e+01 3.000000e+00 3.226397e+01
         vertex 1.856060e+01 8.000000e+00 3.226397e+01
         vertex 1.876397e+01 3.000000e+00 3.206060e+01
      endloop
   endfacet
   facet normal -7.071070e-01 0.000000e+00 -7.071066e-01
      outer loop
         vertex 1.876397e+01 3.000000e+00 3.206060e+01
         vertex 1.856060e+01 8.000000e+00 3.226397e+01
         vertex 1.876397e+01 8.000000e+00 3.206060e+01
      endloop
   endfacet
   facet normal -8.191518e-01 0.000000e+00 -5.735768e-01
      outer loop
         vertex 1.876397e+01 3.000000e+00 3.206060e+01
         vertex 1.876397e+01 8.000000e+00 3.206060e+01
         vertex 1.892894e+01 3.000000e+00 3.182500e+01
      endloop
   endfacet
   facet normal -8.191518e-01 0.000000e+00 -5.735768e-01
      outer loop
         vertex 1.892894e+01 3.000000e+00 3.182500e+01
         vertex 1.876397e+01 8.000000e+00 3.206060e+01
         vertex 1.892894e+01 8.000000e+00 3.182500e+01
      endloop
   endfacet
   facet normal -9.063080e-01 0.000000e+00 -4.226179e-01
      outer loop
         vertex 1.892894e+01 3.000000e+00 3.182500e+01
         vertex 1.892894e+01 8.000000e+00 3.182500e+01
         vertex 1.905049e+01 3.000000e+00 3.156433e+01
      endloop
   endfacet
   facet normal -9.063080e-01 0.000000e+00 -4.226179e-01
      outer loop
         vertex 1.905049e+01 3.000000e+00 3.156433e+01
         vertex 1.892894e+01 8.000000e+00 3.182500e+01
         vertex 1.905049e+01 8.000000e+00 3.156433e+01
      endloop
   endfacet
   facet normal -9.659258e-01 0.000000e+00 -2.588191e-01
      outer loop
         vertex 1.905049e+01 3.000000e+00 3.156433e+01
         vertex 1.905049e+01 8.000000e+00 3.156433e+01
         vertex 1.912493e+01 3.000000e+00 3.128652e+01
      endloop
   endfacet
   facet normal -9.659258e-01 0.000000e+00 -2.588191e-01
      outer loop
         vertex 1.912493e+01 3.000000e+00 3.128652e+01
         vertex 1.905049e+01 8.000000e+00 3.156433e+01
         vertex 1.912493e+01 8.000000e+00 3.128652e+01
      endloop
   endfacet
   facet normal -9.961947e-01 0.000000e+00 -8.715586e-02
      outer loop
         vertex 1.912493e+01 3.000000e+00 3.128652e+01
         vertex 1.912493e+01 8.000000e+00 3.128652e+01
         vertex 1.915000e+01 3.000000e+00 3.100000e+01
      endloop
   endfacet
   facet normal -9.961947e-01 0.000000e+00 -8.715586e-02
      outer loop
         vertex 1.915000e+01 3.000000e+00 3.100000e+01
         vertex 1.912493e+01 8.000000e+00 3.128652e+01
         vertex 1.915000e+01 8.000000e+00 3.100000e+01
      endloop
   endfacet
   facet normal -9.961947e-01 0.000000e+00 8.715586e-02
      outer loop
         vertex 1.915000e+01 3.000000e+00 3.100000e+01
         vertex 1.915000e+01 8.000000e+00 3.100000e+01
         vertex 1.912493e+01 3.000000e+00 3.071348e+01
      endloop
   endfacet
   facet normal -9.961947e-01 0.000000e+00 8.715586e-02
      outer loop
         vertex 1.912493e+01 3.000000e+00 3.071348e+01
         vertex 1.915000e+01 8.000000e+00 3.100000e+01
         vertex 1.912493e+01 8.000000e+00 3.071348e+01
      endloop
   endfacet
   facet normal -9.659260e-01 0.000000e+00 2.588183e-01
      outer loop
         vertex 1.912493e+01 3.000000e+00 3.071348e+01
         vertex 1.912493e+01 8.000000e+00 3.071348e+01
         vertex 1.905049e+01 3.000000e+00 3.043567e+01
      endloop
   endfacet
   facet normal -9.659260e-01 0.000000e+00 2.588183e-01
      outer loop
         vertex 1.905049e+01 3.000000e+00 3.043567e+01
         vertex 1.912493e+01 8.000000e+00 3.071348e+01
         vertex 1.905049e+01 8.000000e+00 3.043567e+01
      endloop
   endfacet
   facet normal -9.063074e-01 0.000000e+00 4.226191e-01
      outer loop
         vertex 1.905049e+01 3.000000e+00 3.043567e+01
         vertex 1.905049e+01 8.000000e+00 3.043567e+01
         vertex 1.892894e+01 3.000000e+00 3.017500e+01
      endloop
   endfacet
   facet normal -9.063074e-01 0.000000e+00 4.226191e-01
      outer loop
         vertex 1.892894e+01 3.000000e+00 3.017500e+01
         vertex 1.905049e+01 8.000000e+00 3.043567e+01
         vertex 1.892894e+01 8.000000e+00 3.017500e+01
      endloop
   endfacet
   facet normal -8.191518e-01 0.000000e+00 5.735768e-01
      outer loop
         vertex 1.892894e+01 3.000000e+00 3.017500e+01
         vertex 1.892894e+01 8.000000e+00 3.017500e+01
         vertex 1.876397e+01 3.000000e+00 2.993940e+01
      endloop
   endfacet
   facet normal -8.191518e-01 0.000000e+00 5.735768e-01
      outer loop
         vertex 1.876397e+01 3.000000e+00 2.993940e+01
         vertex 1.892894e+01 8.000000e+00 3.017500e+01
         vertex 1.876397e+01 8.000000e+00 2.993940e+01
      endloop
   endfacet
   facet normal -7.071070e-01 0.000000e+00 7.071066e-01
      outer loop
         vertex 1.876397e+01 3.000000e+00 2.993940e+01
         vertex 1.876397e+01 8.000000e+00 2.993940e+01
         vertex 1.856060e+01 3.000000e+00 2.973603e+01
      endloop
   endfacet
   facet normal -7.071070e-01 0.000000e+00 7.071066e-01
      outer loop
         vertex 1.856060e+01 3.000000e+00 2.973603e+01
         vertex 1.876397e+01 8.000000e+00 2.993940e+01
         vertex 1.856060e+01 8.000000e+00 2.973603e+01
      endloop
   endfacet
   facet normal -5.735771e-01 0.000000e+00 8.191516e-01
      outer loop
         vertex 1.856060e+01 3.000000e+00 2.973603e+01
         vertex 1.856060e+01 8.000000e+00 2.973603e+01
         vertex 1.832500e+01 3.000000e+00 2.957106e+01
      endloop
   endfacet
   facet normal -5.735771e-01 0.000000e+00 8.191516e-01
      outer loop
         vertex 1.832500e+01 3.000000e+00 2.957106e+01
         vertex 1.856060e+01 8.000000e+00 2.973603e+01
         vertex 1.832500e+01 8.000000e+00 2.957106e+01
      endloop
   endfacet
   facet normal -4.226175e-01 0.000000e+00 9.063082e-01
      outer loop
         vertex 1.832500e+01 3.000000e+00 2.957106e+01
         vertex 1.832500e+01 8.000000e+00 2.957106e+01
         vertex 1.806433e+01 3.000000e+00 2.944951e+01
      endloop
   endfacet
   facet normal -4.226175e-01 0.000000e+00 9.063082e-01
      outer loop
         vertex 1.806433e+01 3.000000e+00 2.944951e+01
         vertex 1.832500e+01 8.000000e+00 2.957106e+01
         vertex 1.806433e+01 8.000000e+00 2.944951e+01
      endloop
   endfacet
   facet normal -2.588212e-01 0.000000e+00 9.659253e-01
      outer loop
         vertex 1.806433e+01 3.000000e+00 2.944951e+01
         vertex 1.806433e+01 8.000000e+00 2.944951e+01
         vertex 1.778652e+01 3.000000e+00 2.937507e+01
      endloop
   endfacet
   facet normal -2.588212e-01 0.000000e+00 9.659253e-01
      outer loop
         vertex 1.778652e+01 3.000000e+00 2.937507e+01
         vertex 1.806433e+01 8.000000e+00 2.944951e+01
         vertex 1.778652e+01 8.000000e+00 2.937507e+01
      endloop
   endfacet
   facet normal -8.715346e-02 0.000000e+00 9.961949e-01
      outer loop
         vertex 1.778652e+01 3.000000e+00 2.937507e+01
         vertex 1.778652e+01 8.000000e+00 2.937507e+01
         vertex 1.750000e+01 3.000000e+00 2.935000e+01
      endloop
   endfacet
   facet normal -8.715346e-02 0.000000e+00 9.961949e-01
      outer loop
         vertex 1.750000e+01 3.000000e+00 2.935000e+01
         vertex 1.778652e+01 8.000000e+00 2.937507e+01
         vertex 1.750000e+01 8.000000e+00 2.935000e+01
      endloop
   endfacet
   facet normal 8.715346e-02 -0.000000e+00 9.961949e-01
      outer loop
         vertex 1.750000e+01 3.000000e+00 2.935000e+01
         vertex 1.750000e+01 8.000000e+00 2.935000e+01
         vertex 1.721348e+01 3.000000e+00 2.937507e+01
      endloop
   endfacet
   facet normal 8.715346e-02 -0.000000e+00 9.961949e-01
      outer loop
         vertex 1.721348e+01 3.000000e+00 2.937507e+01
         vertex 1.750000e+01 8.000000e+00 2.935000e+01
         vertex 1.721348e+01 8.000000e+00 2.937507e+01
      endloop
   endfacet
   facet normal 2.588212e-01 -0.000000e+00 9.659253e-01
      outer loop
         vertex 1.721348e+01 3.000000e+00 2.937507e+01
         vertex 1.721348e+01 8.000000e+00 2.937507e+01
         vertex 1.693567e+01 3.000000e+00 2.944951e+01
      endloop
   endfacet
   facet normal 2.588212e-01 -0.000000e+00 9.659253e-01
      outer loop
         vertex 1.693567e+01 3.000000e+00 2.944951e+01
         vertex 1.721348e+01 8.000000e+00 2.937507e+01
         vertex 1.693567e+01 8.000000e+00 2.944951e+01
      endloop
   endfacet
   facet normal 4.226175e-01 -0.000000e+00 9.063082e-01
      outer loop
         vertex 1.693567e+01 3.000000e+00 2.944951e+01
         vertex 1.693567e+01 8.000000e+00 2.944951e+01
         vertex 1.667500e+01 3.000000e+00 2.957106e+01
      endloop
   endfacet
   facet normal 4.226175e-01 -0.000000e+00 9.063082e-01
      outer loop
         vertex 1.667500e+01 3.000000e+00 2.957106e+01
         vertex 1.693567e+01 8.000000e+00 2.944951e+01
         vertex 1.667500e+01 8.000000e+00 2.957106e+01
      endloop
   endfacet
   facet normal 5.735771e-01 -0.000000e+00 8.191516e-01
      outer loop
         vertex 1.667500e+01 3.000000e+00 2.957106e+01
         vertex 1.667500e+01 8.000000e+00 2.957106e+01
         vertex 1.643940e+01 3.000000e+00 2.973603e+01
      endloop
   endfacet
   facet normal 5.735771e-01 -0.000000e+00 8.191516e-01
      outer loop
         vertex 1.643940e+01 3.000000e+00 2.973603e+01
         vertex 1.667500e+01 8.000000e+00 2.957106e+01
         vertex 1.643940e+01 8.000000e+00 2.973603e+01
      endloop
   endfacet
   facet normal 7.071070e-01 -0.000000e+00 7.071066e-01
      outer loop
         vertex 1.643940e+01 3.000000e+00 2.973603e+01
         vertex 1.643940e+01 8.000000e+00 2.973603e+01
         vertex 1.623603e+01 3.000000e+00 2.993940e+01
      endloop
   endfacet
   facet normal 7.071070e-01 -0.000000e+00 7.071066e-01
      outer loop
         vertex 1.623603e+01 3.000000e+00 2.993940e+01
         vertex 1.643940e+01 8.000000e+00 2.973603e+01
         vertex 1.623603e+01 8.000000e+00 2.993940e+01
      endloop
   endfacet
   facet normal 8.191518e-01 -0.000000e+00 5.735768e-01
      outer loop
         vertex 1.623603e+01 3.000000e+00 2.993940e+01
         vertex 1.623603e+01 8.000000e+00 2.993940e+01
         vertex 1.607106e+01 3.000000e+00 3.017500e+01
      endloop
   endfacet
   facet normal 8.191518e-01 -0.000000e+00 5.735768e-01
      outer loop
         vertex 1.607106e+01 3.000000e+00 3.017500e+01
         vertex 1.623603e+01 8.000000e+00 2.993940e+01
         vertex 1.607106e+01 8.000000e+00 3.017500e+01
      endloop
   endfacet
   facet normal 9.063074e-01 -0.000000e+00 4.226191e-01
      outer loop
         vertex 1.607106e+01 3.000000e+00 3.017500e+01
         vertex 1.607106e+01 8.000000e+00 3.017500e+01
         vertex 1.594951e+01 3.000000e+00 3.043567e+01
      endloop
   endfacet
   facet normal 9.063074e-01 -0.000000e+00 4.226191e-01
      outer loop
         vertex 1.594951e+01 3.000000e+00 3.043567e+01
         vertex 1.607106e+01 8.000000e+00 3.017500e+01
         vertex 1.594951e+01 8.000000e+00 3.043567e+01
      endloop
   endfacet
   facet normal 9.659260e-01 -0.000000e+00 2.588183e-01
      outer loop
         vertex 1.594951e+01 3.000000e+00 3.043567e+01
         vertex 1.594951e+01 8.000000e+00 3.043567e+01
         vertex 1.587507e+01 3.000000e+00 3.071348e+01
      endloop
   endfacet
   facet normal 9.659260e-01 -0.000000e+00 2.588183e-01
      outer loop
         vertex 1.587507e+01 3.000000e+00 3.071348e+01
         vertex 1.594951e+01 8.000000e+00 3.043567e+01
         vertex 1.587507e+01 8.000000e+00 3.071348e+01
      endloop
   endfacet
   facet normal 9.961947e-01 -0.000000e+00 8.715586e-02
      outer loop
         vertex 1.587507e+01 3.000000e+00 3.071348e+01
         vertex 1.587507e+01 8.000000e+00 3.071348e+01
         vertex 1.585000e+01 3.000000e+00 3.100000e+01
      endloop
   endfacet
   facet normal 9.961947e-01 -0.000000e+00 8.715586e-02
      outer loop
         vertex 1.585000e+01 3.000000e+00 3.100000e+01
         vertex 1.587507e+01 8.000000e+00 3.071348e+01
         vertex 1.585000e+01 8.000000e+00 3.100000e+01
      endloop
   endfacet
   facet normal 9.961947e-01 0.000000e+00 -8.715586e-02
      outer loop
         vertex 1.585000e+01 3.000000e+00 3.100000e+01
         vertex 1.585000e+01 8.000000e+00 3.100000e+01
         vertex 1.587507e+01 3.000000e+00 3.128652e+01
      endloop
   endfacet
   facet normal 9.961947e-01 0.000000e+00 -8.715586e-02
      outer loop
         vertex 1.587507e+01 3.000000e+00 3.128652e+01
         vertex 1.585000e+01 8.000000e+00 3.100000e+01
         vertex 1.587507e+01 8.000000e+00 3.128652e+01
      endloop
   endfacet
   facet normal 9.659258e-01 0.000000e+00 -2.588191e-01
      outer loop
         vertex 1.587507e+01 3.000000e+00 3.128652e+01
         vertex 1.587507e+01 8.000000e+00 3.128652e+01
         vertex 1.594951e+01 3.000000e+00 3.156433e+01
      endloop
   endfacet
   facet normal 9.659258e-01 0.000000e+00 -2.588191e-01
      outer loop
         vertex 1.594951e+01 3.000000e+00 3.156433e+01
         vertex 1.587507e+01 8.000000e+00 3.128652e+01
         vertex 1.594951e+01 8.000000e+00 3.156433e+01
      endloop
   endfacet
   facet normal 9.063080e-01 0.000000e+00 -4.226179e-01
      outer loop
         vertex 1.594951e+01 3.000000e+00 3.156433e+01
         vertex 1.594951e+01 8.000000e+00 3.156433e+01
         vertex 1.607106e+01 3.000000e+00 3.182500e+01
      endloop
   endfacet
   facet normal 9.063080e-01 0.000000e+00 -4.226179e-01
      outer loop
         vertex 1.607106e+01 3.000000e+00 3.182500e+01
         vertex 1.594951e+01 8.000000e+00 3.156433e+01
         vertex 1.607106e+01 8.000000e+00 3.182500e+01
      endloop
   endfacet
   facet normal 8.191518e-01 0.000000e+00 -5.735768e-01
      outer loop
         vertex 1.607106e+01 3.000000e+00 3.182500e+01
         vertex 1.607106e+01 8.000000e+00 3.182500e+01
         vertex 1.623603e+01 3.000000e+00 3.206060e+01
      endloop
   endfacet
   facet normal 8.191518e-01 0.000000e+00 -5.735768e-01
      outer loop
         vertex 1.623603e+01 3.000000e+00 3.206060e+01
         vertex 1.607106e+01 8.000000e+00 3.182500e+01
         vertex 1.623603e+01 8.000000e+00 3.206060e+01
      endloop
   endfacet
   facet normal 7.071070e-01 0.000000e+00 -7.071066e-01
      outer loop
         vertex 1.623603e+01 3.000000e+00 3.206060e+01
         vertex 1.623603e+01 8.000000e+00 3.206060e+01
         vertex 1.643940e+01 3.000000e+00 3.226397e+01
      endloop
   endfacet
   facet normal 7.071070e-01 0.000000e+00 -7.071066e-01
      outer loop
         vertex 1.643940e+01 3.000000e+00 3.226397e+01
         vertex 1.623603e+01 8.000000e+00 3.206060e+01
         vertex 1.643940e+01 8.000000e+00 3.226397e+01
      endloop
   endfacet
   facet normal 5.735749e-01 0.000000e+00 -8.191531e-01
      outer loop
         vertex 1.643940e+01 3.000000e+00 3.226397e+01
         vertex 1.643940e+01 8.000000e+00 3.226397e+01
         vertex 1.667500e+01 3.000000e+00 3.242894e+01
      endloop
   endfacet
   facet normal 5.735749e-01 0.000000e+00 -8.191531e-01
      outer loop
         vertex 1.667500e+01 3.000000e+00 3.242894e+01
         vertex 1.643940e+01 8.000000e+00 3.226397e+01
         vertex 1.667500e+01 8.000000e+00 3.242894e+01
      endloop
   endfacet
   facet normal 4.226201e-01 0.000000e+00 -9.063069e-01
      outer loop
         vertex 1.667500e+01 3.000000e+00 3.242894e+01
         vertex 1.667500e+01 8.000000e+00 3.242894e+01
         vertex 1.693567e+01 3.000000e+00 3.255049e+01
      endloop
   endfacet
   facet normal 4.226201e-01 0.000000e+00 -9.063069e-01
      outer loop
         vertex 1.693567e+01 3.000000e+00 3.255049e+01
         vertex 1.667500e+01 8.000000e+00 3.242894e+01
         vertex 1.693567e+01 8.000000e+00 3.255049e+01
      endloop
   endfacet
   facet normal 2.588181e-01 0.000000e+00 -9.659261e-01
      outer loop
         vertex 1.693567e+01 3.000000e+00 3.255049e+01
         vertex 1.693567e+01 8.000000e+00 3.255049e+01
         vertex 1.721348e+01 3.000000e+00 3.262493e+01
      endloop
   endfacet
   facet normal 2.588181e-01 0.000000e+00 -9.659261e-01
      outer loop
         vertex 1.721348e+01 3.000000e+00 3.262493e+01
         vertex 1.693567e+01 8.000000e+00 3.255049e+01
         vertex 1.721348e+01 8.000000e+00 3.262493e+01
      endloop
   endfacet
   facet normal 8.715668e-02 0.000000e+00 -9.961946e-01
      outer loop
         vertex 1.721348e+01 3.000000e+00 3.262493e+01
         vertex 1.721348e+01 8.000000e+00 3.262493e+01
         vertex 1.750000e+01 3.000000e+00 3.265000e+01
      endloop
   endfacet
   facet normal 8.715668e-02 0.000000e+00 -9.961946e-01
      outer loop
         vertex 1.750000e+01 3.000000e+00 3.265000e+01
         vertex 1.721348e+01 8.000000e+00 3.262493e+01
         vertex 1.750000e+01 8.000000e+00 3.265000e+01
      endloop
   endfacet
   facet normal -8.715506e-02 0.000000e+00 -9.961948e-01
      outer loop
         vertex 5.808657e+00 3.000000e+00 1.240000e+01
         vertex 5.808657e+00 8.000000e+00 1.240000e+01
         vertex 6.095177e+00 3.000000e+00 1.237493e+01
      endloop
   endfacet
   facet normal -8.715506e-02 0.000000e+00 -9.961948e-01
      outer loop
         vertex 6.095177e+00 3.000000e+00 1.237493e+01
         vertex 5.808657e+00 8.000000e+00 1.240000e+01
         vertex 6.095177e+00 8.000000e+00 1.237493e+01
      endloop
   endfacet
   facet normal -2.588198e-01 0.000000e+00 -9.659256e-01
      outer loop
         vertex 6.095177e+00 3.000000e+00 1.237493e+01
         vertex 6.095177e+00 8.000000e+00 1.237493e+01
         vertex 6.372990e+00 3.000000e+00 1.230049e+01
      endloop
   endfacet
   facet normal -2.588198e-01 0.000000e+00 -9.659256e-01
      outer loop
         vertex 6.372990e+00 3.000000e+00 1.230049e+01
         vertex 6.095177e+00 8.000000e+00 1.237493e+01
         vertex 6.372990e+00 8.000000e+00 1.230049e+01
      endloop
   endfacet
   facet normal -4.226172e-01 0.000000e+00 -9.063083e-01
      outer loop
         vertex 6.372990e+00 3.000000e+00 1.230049e+01
         vertex 6.372990e+00 8.000000e+00 1.230049e+01
         vertex 6.633657e+00 3.000000e+00 1.217894e+01
      endloop
   endfacet
   facet normal -4.226172e-01 0.000000e+00 -9.063083e-01
      outer loop
         vertex 6.633657e+00 3.000000e+00 1.217894e+01
         vertex 6.372990e+00 8.000000e+00 1.230049e+01
         vertex 6.633657e+00 8.000000e+00 1.217894e+01
      endloop
   endfacet
   facet normal -5.735773e-01 0.000000e+00 -8.191514e-01
      outer loop
         vertex 6.633657e+00 3.000000e+00 1.217894e+01
         vertex 6.633657e+00 8.000000e+00 1.217894e+01
         vertex 6.869256e+00 3.000000e+00 1.201397e+01
      endloop
   endfacet
   facet normal -5.735773e-01 0.000000e+00 -8.191514e-01
      outer loop
         vertex 6.869256e+00 3.000000e+00 1.201397e+01
         vertex 6.633657e+00 8.000000e+00 1.217894e+01
         vertex 6.869256e+00 8.000000e+00 1.201397e+01
      endloop
   endfacet
   facet normal -7.071060e-01 0.000000e+00 -7.071076e-01
      outer loop
         vertex 6.869256e+00 3.000000e+00 1.201397e+01
         vertex 6.869256e+00 8.000000e+00 1.201397e+01
         vertex 7.072630e+00 3.000000e+00 1.181060e+01
      endloop
   endfacet
   facet normal -7.071060e-01 0.000000e+00 -7.071076e-01
      outer loop
         vertex 7.072630e+00 3.000000e+00 1.181060e+01
         vertex 6.869256e+00 8.000000e+00 1.201397e+01
         vertex 7.072630e+00 8.000000e+00 1.181060e+01
      endloop
   endfacet
   facet normal -8.191520e-01 0.000000e+00 -5.735765e-01
      outer loop
         vertex 7.072630e+00 3.000000e+00 1.181060e+01
         vertex 7.072630e+00 8.000000e+00 1.181060e+01
         vertex 7.237599e+00 3.000000e+00 1.157500e+01
      endloop
   endfacet
   facet normal -8.191520e-01 0.000000e+00 -5.735765e-01
      outer loop
         vertex 7.237599e+00 3.000000e+00 1.157500e+01
         vertex 7.072630e+00 8.000000e+00 1.181060e+01
         vertex 7.237599e+00 8.000000e+00 1.157500e+01
      endloop
   endfacet
   facet normal -9.063080e-01 0.000000e+00 -4.226179e-01
      outer loop
         vertex 7.237599e+00 3.000000e+00 1.157500e+01
         vertex 7.237599e+00 8.000000e+00 1.157500e+01
         vertex 7.359150e+00 3.000000e+00 1.131433e+01
      endloop
   endfacet
   facet normal -9.063080e-01 0.000000e+00 -4.226179e-01
      outer loop
         vertex 7.359150e+00 3.000000e+00 1.131433e+01
         vertex 7.237599e+00 8.000000e+00 1.157500e+01
         vertex 7.359150e+00 8.000000e+00 1.131433e+01
      endloop
   endfacet
   facet normal -9.659261e-01 0.000000e+00 -2.588179e-01
      outer loop
         vertex 7.359150e+00 3.000000e+00 1.131433e+01
         vertex 7.359150e+00 8.000000e+00 1.131433e+01
         vertex 7.433590e+00 3.000000e+00 1.103652e+01
      endloop
   endfacet
   facet normal -9.659261e-01 0.000000e+00 -2.588179e-01
      outer loop
         vertex 7.433590e+00 3.000000e+00 1.103652e+01
         vertex 7.359150e+00 8.000000e+00 1.131433e+01
         vertex 7.433590e+00 8.000000e+00 1.103652e+01
      endloop
   endfacet
   facet normal -9.961946e-01 0.000000e+00 -8.715667e-02
      outer loop
         vertex 7.433590e+00 3.000000e+00 1.103652e+01
         vertex 7.433590e+00 8.000000e+00 1.103652e+01
         vertex 7.458657e+00 3.000000e+00 1.075000e+01
      endloop
   endfacet
   facet normal -9.961946e-01 0.000000e+00 -8.715667e-02
      outer loop
         vertex 7.458657e+00 3.000000e+00 1.075000e+01
         vertex 7.433590e+00 8.000000e+00 1.103652e+01
         vertex 7.458657e+00 8.000000e+00 1.075000e+01
      endloop
   endfacet
   facet normal -9.961946e-01 0.000000e+00 8.715667e-02
      outer loop
         vertex 7.458657e+00 3.000000e+00 1.075000e+01
         vertex 7.458657e+00 8.000000e+00 1.075000e+01
         vertex 7.433590e+00 3.000000e+00 1.046348e+01
      endloop
   endfacet
   facet normal -9.961946e-01 0.000000e+00 8.715667e-02
      outer loop
         vertex 7.433590e+00 3.000000e+00 1.046348e+01
         vertex 7.458657e+00 8.000000e+00 1.075000e+01
         vertex 7.433590e+00 8.000000e+00 1.046348e+01
      endloop
   endfacet
   facet normal -9.659260e-01 0.000000e+00 2.588183e-01
      outer loop
         vertex 7.433590e+00 3.000000e+00 1.046348e+01
         vertex 7.433590e+00 8.000000e+00 1.046348e+01
         vertex 7.359150e+00 3.000000e+00 1.018567e+01
      endloop
   endfacet
   facet normal -9.659260e-01 0.000000e+00 2.588183e-01
      outer loop
         vertex 7.359150e+00 3.000000e+00 1.018567e+01
         vertex 7.433590e+00 8.000000e+00 1.046348e+01
         vertex 7.359150e+00 8.000000e+00 1.018567e+01
      endloop
   endfacet
   facet normal -9.063083e-01 0.000000e+00 4.226172e-01
      outer loop
         vertex 7.359150e+00 3.000000e+00 1.018567e+01
         vertex 7.359150e+00 8.000000e+00 1.018567e+01
         vertex 7.237599e+00 3.000000e+00 9.925000e+00
      endloop
   endfacet
   facet normal -9.063083e-01 0.000000e+00 4.226172e-01
      outer loop
         vertex 7.237599e+00 3.000000e+00 9.925000e+00
         vertex 7.359150e+00 8.000000e+00 1.018567e+01
         vertex 7.237599e+00 8.000000e+00 9.925000e+00
      endloop
   endfacet
   facet normal -8.191514e-01 0.000000e+00 5.735773e-01
      outer loop
         vertex 7.237599e+00 3.000000e+00 9.925000e+00
         vertex 7.237599e+00 8.000000e+00 9.925000e+00
         vertex 7.072630e+00 3.000000e+00 9.689400e+00
      endloop
   endfacet
   facet normal -8.191514e-01 0.000000e+00 5.735773e-01
      outer loop
         vertex 7.072630e+00 3.000000e+00 9.689400e+00
         vertex 7.237599e+00 8.000000e+00 9.925000e+00
         vertex 7.072630e+00 8.000000e+00 9.689400e+00
      endloop
   endfacet
   facet normal -7.071060e-01 0.000000e+00 7.071076e-01
      outer loop
         vertex 7.072630e+00 3.000000e+00 9.689400e+00
         vertex 7.072630e+00 8.000000e+00 9.689400e+00
         vertex 6.869256e+00 3.000000e+00 9.486027e+00
      endloop
   endfacet
   facet normal -7.071060e-01 0.000000e+00 7.071076e-01
      outer loop
         vertex 6.869256e+00 3.000000e+00 9.486027e+00
         vertex 7.072630e+00 8.000000e+00 9.689400e+00
         vertex 6.869256e+00 8.000000e+00 9.486027e+00
      endloop
   endfacet
   facet normal -5.735773e-01 0.000000e+00 8.191514e-01
      outer loop
         vertex 6.869256e+00 3.000000e+00 9.486027e+00
         vertex 6.869256e+00 8.000000e+00 9.486027e+00
         vertex 6.633657e+00 3.000000e+00 9.321058e+00
      endloop
   endfacet
   facet normal -5.735773e-01 0.000000e+00 8.191514e-01
      outer loop
         vertex 6.633657e+00 3.000000e+00 9.321058e+00
         vertex 6.869256e+00 8.000000e+00 9.486027e+00
         vertex 6.633657e+00 8.000000e+00 9.321058e+00
      endloop
   endfacet
   facet normal -4.226172e-01 0.000000e+00 9.063083e-01
      outer loop
         vertex 6.633657e+00 3.000000e+00 9.321058e+00
         vertex 6.633657e+00 8.000000e+00 9.321058e+00
         vertex 6.372990e+00 3.000000e+00 9.199508e+00
      endloop
   endfacet
   facet normal -4.226172e-01 0.000000e+00 9.063083e-01
      outer loop
         vertex 6.372990e+00 3.000000e+00 9.199508e+00
         vertex 6.633657e+00 8.000000e+00 9.321058e+00
         vertex 6.372990e+00 8.000000e+00 9.199508e+00
      endloop
   endfacet
   facet normal -2.588213e-01 0.000000e+00 9.659252e-01
      outer loop
         vertex 6.372990e+00 3.000000e+00 9.199508e+00
         vertex 6.372990e+00 8.000000e+00 9.199508e+00
         vertex 6.095177e+00 3.000000e+00 9.125067e+00
      endloop
   endfacet
   facet normal -2.588213e-01 0.000000e+00 9.659252e-01
      outer loop
         vertex 6.095177e+00 3.000000e+00 9.125067e+00
         vertex 6.372990e+00 8.000000e+00 9.199508e+00
         vertex 6.095177e+00 8.000000e+00 9.125067e+00
      endloop
   endfacet
   facet normal -8.715345e-02 0.000000e+00 9.961949e-01
      outer loop
         vertex 6.095177e+00 3.000000e+00 9.125067e+00
         vertex 6.095177e+00 8.000000e+00 9.125067e+00
         vertex 5.808657e+00 3.000000e+00 9.100000e+00
      endloop
   endfacet
   facet normal -8.715345e-02 0.000000e+00 9.961949e-01
      outer loop
         vertex 5.808657e+00 3.000000e+00 9.100000e+00
         vertex 6.095177e+00 8.000000e+00 9.125067e+00
         vertex 5.808657e+00 8.000000e+00 9.100000e+00
      endloop
   endfacet
   facet normal 8.715345e-02 -0.000000e+00 9.961949e-01
      outer loop
         vertex 5.808657e+00 3.000000e+00 9.100000e+00
         vertex 5.808657e+00 8.000000e+00 9.100000e+00
         vertex 5.522138e+00 3.000000e+00 9.125067e+00
      endloop
   endfacet
   facet normal 8.715345e-02 -0.000000e+00 9.961949e-01
      outer loop
         vertex 5.522138e+00 3.000000e+00 9.125067e+00
         vertex 5.808657e+00 8.000000e+00 9.100000e+00
         vertex 5.522138e+00 8.000000e+00 9.125067e+00
      endloop
   endfacet
   facet normal 2.588213e-01 -0.000000e+00 9.659252e-01
      outer loop
         vertex 5.522138e+00 3.000000e+00 9.125067e+00
         vertex 5.522138e+00 8.000000e+00 9.125067e+00
         vertex 5.244324e+00 3.000000e+00 9.199508e+00
      endloop
   endfacet
   facet normal 2.588213e-01 -0.000000e+00 9.659252e-01
      outer loop
         vertex 5.244324e+00 3.000000e+00 9.199508e+00
         vertex 5.522138e+00 8.000000e+00 9.125067e+00
         vertex 5.244324e+00 8.000000e+00 9.199508e+00
      endloop
   endfacet
   facet normal 4.226172e-01 -0.000000e+00 9.063083e-01
      outer loop
         vertex 5.244324e+00 3.000000e+00 9.199508e+00
         vertex 5.244324e+00 8.000000e+00 9.199508e+00
         vertex 4.983657e+00 3.000000e+00 9.321058e+00
      endloop
   endfacet
   facet normal 4.226172e-01 -0.000000e+00 9.063083e-01
      outer loop
         vertex 4.983657e+00 3.000000e+00 9.321058e+00
         vertex 5.244324e+00 8.000000e+00 9.199508e+00
         vertex 4.983657e+00 8.000000e+00 9.321058e+00
      endloop
   endfacet
   facet normal 5.735773e-01 -0.000000e+00 8.191514e-01
      outer loop
         vertex 4.983657e+00 3.000000e+00 9.321058e+00
         vertex 4.983657e+00 8.000000e+00 9.321058e+00
         vertex 4.748058e+00 3.000000e+00 9.486027e+00
      endloop
   endfacet
   facet normal 5.735773e-01 -0.000000e+00 8.191514e-01
      outer loop
         vertex 4.748058e+00 3.000000e+00 9.486027e+00
         vertex 4.983657e+00 8.000000e+00 9.321058e+00
         vertex 4.748058e+00 8.000000e+00 9.486027e+00
      endloop
   endfacet
   facet normal 7.071060e-01 -0.000000e+00 7.071076e-01
      outer loop
         vertex 4.748058e+00 3.000000e+00 9.486027e+00
         vertex 4.748058e+00 8.000000e+00 9.486027e+00
         vertex 4.544684e+00 3.000000e+00 9.689400e+00
      endloop
   endfacet
   facet normal 7.071060e-01 -0.000000e+00 7.071076e-01
      outer loop
         vertex 4.544684e+00 3.000000e+00 9.689400e+00
         vertex 4.748058e+00 8.000000e+00 9.486027e+00
         vertex 4.544684e+00 8.000000e+00 9.689400e+00
      endloop
   endfacet
   facet normal 8.191514e-01 -0.000000e+00 5.735773e-01
      outer loop
         vertex 4.544684e+00 3.000000e+00 9.689400e+00
         vertex 4.544684e+00 8.000000e+00 9.689400e+00
         vertex 4.379715e+00 3.000000e+00 9.925000e+00
      endloop
   endfacet
   facet normal 8.191514e-01 -0.000000e+00 5.735773e-01
      outer loop
         vertex 4.379715e+00 3.000000e+00 9.925000e+00
         vertex 4.544684e+00 8.000000e+00 9.689400e+00
         vertex 4.379715e+00 8.000000e+00 9.925000e+00
      endloop
   endfacet
   facet normal 9.063083e-01 -0.000000e+00 4.226172e-01
      outer loop
         vertex 4.379715e+00 3.000000e+00 9.925000e+00
         vertex 4.379715e+00 8.000000e+00 9.925000e+00
         vertex 4.258164e+00 3.000000e+00 1.018567e+01
      endloop
   endfacet
   facet normal 9.063083e-01 -0.000000e+00 4.226172e-01
      outer loop
         vertex 4.258164e+00 3.000000e+00 1.018567e+01
         vertex 4.379715e+00 8.000000e+00 9.925000e+00
         vertex 4.258164e+00 8.000000e+00 1.018567e+01
      endloop
   endfacet
   facet normal 9.659260e-01 -0.000000e+00 2.588183e-01
      outer loop
         vertex 4.258164e+00 3.000000e+00 1.018567e+01
         vertex 4.258164e+00 8.000000e+00 1.018567e+01
         vertex 4.183725e+00 3.000000e+00 1.046348e+01
      endloop
   endfacet
   facet normal 9.659260e-01 -0.000000e+00 2.588183e-01
      outer loop
         vertex 4.183725e+00 3.000000e+00 1.046348e+01
         vertex 4.258164e+00 8.000000e+00 1.018567e+01
         vertex 4.183725e+00 8.000000e+00 1.046348e+01
      endloop
   endfacet
   facet normal 9.961946e-01 -0.000000e+00 8.715667e-02
      outer loop
         vertex 4.183725e+00 3.000000e+00 1.046348e+01
         vertex 4.183725e+00 8.000000e+00 1.046348e+01
         vertex 4.158657e+00 3.000000e+00 1.075000e+01
      endloop
   endfacet
   facet normal 9.961946e-01 -0.000000e+00 8.715667e-02
      outer loop
         vertex 4.158657e+00 3.000000e+00 1.075000e+01
         vertex 4.183725e+00 8.000000e+00 1.046348e+01
         vertex 4.158657e+00 8.000000e+00 1.075000e+01
      endloop
   endfacet
   facet normal 9.961946e-01 0.000000e+00 -8.715667e-02
      outer loop
         vertex 4.158657e+00 3.000000e+00 1.075000e+01
         vertex 4.158657e+00 8.000000e+00 1.075000e+01
         vertex 4.183725e+00 3.000000e+00 1.103652e+01
      endloop
   endfacet
   facet normal 9.961946e-01 0.000000e+00 -8.715667e-02
      outer loop
         vertex 4.183725e+00 3.000000e+00 1.103652e+01
         vertex 4.158657e+00 8.000000e+00 1.075000e+01
         vertex 4.183725e+00 8.000000e+00 1.103652e+01
      endloop
   endfacet
   facet normal 9.659261e-01 0.000000e+00 -2.588179e-01
      outer loop
         vertex 4.183725e+00 3.000000e+00 1.103652e+01
         vertex 4.183725e+00 8.000000e+00 1.103652e+01
         vertex 4.258164e+00 3.000000e+00 1.131433e+01
      endloop
   endfacet
   facet normal 9.659261e-01 0.000000e+00 -2.588179e-01
      outer loop
         vertex 4.258164e+00 3.000000e+00 1.131433e+01
         vertex 4.183725e+00 8.000000e+00 1.103652e+01
         vertex 4.258164e+00 8.000000e+00 1.131433e+01
      endloop
   endfacet
   facet normal 9.063080e-01 0.000000e+00 -4.226179e-01
      outer loop
         vertex 4.258164e+00 3.000000e+00 1.131433e+01
         vertex 4.258164e+00 8.000000e+00 1.131433e+01
         vertex 4.379715e+00 3.000000e+00 1.157500e+01
      endloop
   endfacet
   facet normal 9.063080e-01 0.000000e+00 -4.226179e-01
      outer loop
         vertex 4.379715e+00 3.000000e+00 1.157500e+01
         vertex 4.258164e+00 8.000000e+00 1.131433e+01
         vertex 4.379715e+00 8.000000e+00 1.157500e+01
      endloop
   endfacet
   facet normal 8.191520e-01 0.000000e+00 -5.735765e-01
      outer loop
         vertex 4.379715e+00 3.000000e+00 1.157500e+01
         vertex 4.379715e+00 8.000000e+00 1.157500e+01
         vertex 4.544684e+00 3.000000e+00 1.181060e+01
      endloop
   endfacet
   facet normal 8.191520e-01 0.000000e+00 -5.735765e-01
      outer loop
         vertex 4.544684e+00 3.000000e+00 1.181060e+01
         vertex 4.379715e+00 8.000000e+00 1.157500e+01
         vertex 4.544684e+00 8.000000e+00 1.181060e+01
      endloop
   endfacet
   facet normal 7.071060e-01 0.000000e+00 -7.071076e-01
      outer loop
         vertex 4.544684e+00 3.000000e+00 1.181060e+01
         vertex 4.544684e+00 8.000000e+00 1.181060e+01
         vertex 4.748058e+00 3.000000e+00 1.201397e+01
      endloop
   endfacet
   facet normal 7.071060e-01 0.000000e+00 -7.071076e-01
      outer loop
         vertex 4.748058e+00 3.000000e+00 1.201397e+01
         vertex 4.544684e+00 8.000000e+00 1.181060e+01
         vertex 4.748058e+00 8.000000e+00 1.201397e+01
      endloop
   endfacet
   facet normal 5.735773e-01 0.000000e+00 -8.191514e-01
      outer loop
         vertex 4.748058e+00 3.000000e+00 1.201397e+01
         vertex 4.748058e+00 8.000000e+00 1.201397e+01
         vertex 4.983657e+00 3.000000e+00 1.217894e+01
      endloop
   endfacet
   facet normal 5.735773e-01 0.000000e+00 -8.191514e-01
      outer loop
         vertex 4.983657e+00 3.000000e+00 1.217894e+01
         vertex 4.748058e+00 8.000000e+00 1.201397e+01
         vertex 4.983657e+00 8.000000e+00 1.217894e+01
      endloop
   endfacet
   facet normal 4.226172e-01 0.000000e+00 -9.063083e-01
      outer loop
         vertex 4.983657e+00 3.000000e+00 1.217894e+01
         vertex 4.983657e+00 8.000000e+00 1.217894e+01
         vertex 5.244324e+00 3.000000e+00 1.230049e+01
      endloop
   endfacet
   facet normal 4.226172e-01 0.000000e+00 -9.063083e-01
      outer loop
         vertex 5.244324e+00 3.000000e+00 1.230049e+01
         vertex 4.983657e+00 8.000000e+00 1.217894e+01
         vertex 5.244324e+00 8.000000e+00 1.230049e+01
      endloop
   endfacet
   facet normal 2.588198e-01 0.000000e+00 -9.659256e-01
      outer loop
         vertex 5.244324e+00 3.000000e+00 1.230049e+01
         vertex 5.244324e+00 8.000000e+00 1.230049e+01
         vertex 5.522138e+00 3.000000e+00 1.237493e+01
      endloop
   endfacet
   facet normal 2.588198e-01 0.000000e+00 -9.659256e-01
      outer loop
         vertex 5.522138e+00 3.000000e+00 1.237493e+01
         vertex 5.244324e+00 8.000000e+00 1.230049e+01
         vertex 5.522138e+00 8.000000e+00 1.237493e+01
      endloop
   endfacet
   facet normal 8.715506e-02 0.000000e+00 -9.961948e-01
      outer loop
         vertex 5.522138e+00 3.000000e+00 1.237493e+01
         vertex 5.522138e+00 8.000000e+00 1.237493e+01
         vertex 5.808657e+00 3.000000e+00 1.240000e+01
      endloop
   endfacet
   facet normal 8.715506e-02 0.000000e+00 -9.961948e-01
      outer loop
         vertex 5.808657e+00 3.000000e+00 1.240000e+01
         vertex 5.522138e+00 8.000000e+00 1.237493e+01
         vertex 5.808657e+00 8.000000e+00 1.240000e+01
      endloop
   endfacet
endsolid Á¬¸Ë3