solid Á¬¸Ë5
   facet normal 0.000000e+00 -2.696102e-02 -9.996365e-01
      outer loop
         vertex 0.000000e+00 1.799909e+01 2.938509e-02
         vertex 6.000000e+00 1.799909e+01 2.938509e-02
         vertex 6.000000e+00 1.508760e+01 1.079105e-01
      endloop
   endfacet
   facet normal 0.000000e+00 -2.696102e-02 -9.996365e-01
      outer loop
         vertex 0.000000e+00 1.799909e+01 2.938509e-02
         vertex 6.000000e+00 1.508760e+01 1.079105e-01
         vertex 0.000000e+00 1.508760e+01 1.079105e-01
      endloop
   endfacet
   facet normal 0.000000e+00 -1.972008e-01 -9.803631e-01
      outer loop
         vertex 0.000000e+00 1.508760e+01 1.079105e-01
         vertex 6.000000e+00 1.508760e+01 1.079105e-01
         vertex 6.000000e+00 1.223224e+01 6.822683e-01
      endloop
   endfacet
   facet normal 0.000000e+00 -1.972008e-01 -9.803631e-01
      outer loop
         vertex 0.000000e+00 1.508760e+01 1.079105e-01
         vertex 6.000000e+00 1.223224e+01 6.822683e-01
         vertex 0.000000e+00 1.223224e+01 6.822683e-01
      endloop
   endfacet
   facet normal 0.000000e+00 -3.616511e-01 -9.323135e-01
      outer loop
         vertex 0.000000e+00 1.223224e+01 6.822683e-01
         vertex 6.000000e+00 1.223224e+01 6.822683e-01
         vertex 6.000000e+00 9.516824e+00 1.735596e+00
      endloop
   endfacet
   facet normal 0.000000e+00 -3.616511e-01 -9.323135e-01
      outer loop
         vertex 0.000000e+00 1.223224e+01 6.822683e-01
         vertex 6.000000e+00 9.516824e+00 1.735596e+00
         vertex 0.000000e+00 9.516824e+00 1.735596e+00
      endloop
   endfacet
   facet normal 0.000000e+00 -5.154864e-01 -8.568978e-01
      outer loop
         vertex 0.000000e+00 9.516824e+00 1.735596e+00
         vertex 6.000000e+00 9.516824e+00 1.735596e+00
         vertex 6.000000e+00 7.021064e+00 3.236977e+00
      endloop
   endfacet
   facet normal 0.000000e+00 -5.154864e-01 -8.568978e-01
      outer loop
         vertex 0.000000e+00 9.516824e+00 1.735596e+00
         vertex 6.000000e+00 7.021064e+00 3.236977e+00
         vertex 0.000000e+00 7.021064e+00 3.236977e+00
      endloop
   endfacet
   facet normal 0.000000e+00 -6.541905e-01 -7.563298e-01
      outer loop
         vertex 0.000000e+00 7.021064e+00 3.236977e+00
         vertex 6.000000e+00 7.021064e+00 3.236977e+00
         vertex 6.000000e+00 4.818214e+00 5.142341e+00
      endloop
   endfacet
   facet normal 0.000000e+00 -6.541905e-01 -7.563298e-01
      outer loop
         vertex 0.000000e+00 7.021064e+00 3.236977e+00
         vertex 6.000000e+00 4.818214e+00 5.142341e+00
         vertex 0.000000e+00 4.818214e+00 5.142341e+00
      endloop
   endfacet
   facet normal 0.000000e+00 -7.736927e-01 -6.335610e-01
      outer loop
         vertex 0.000000e+00 4.818214e+00 5.142341e+00
         vertex 6.000000e+00 4.818214e+00 5.142341e+00
         vertex 6.000000e+00 2.972934e+00 7.395762e+00
      endloop
   endfacet
   facet normal 0.000000e+00 -7.736927e-01 -6.335610e-01
      outer loop
         vertex 0.000000e+00 4.818214e+00 5.142341e+00
         vertex 6.000000e+00 2.972934e+00 7.395762e+00
         vertex 0.000000e+00 2.972934e+00 7.395762e+00
      endloop
   endfacet
   facet normal 0.000000e+00 -8.704844e-01 -4.921959e-01
      outer loop
         vertex 0.000000e+00 2.972934e+00 7.395762e+00
         vertex 6.000000e+00 2.972934e+00 7.395762e+00
         vertex 6.000000e+00 1.539388e+00 9.931094e+00
      endloop
   endfacet
   facet normal 0.000000e+00 -8.704844e-01 -4.921959e-01
      outer loop
         vertex 0.000000e+00 2.972934e+00 7.395762e+00
         vertex 6.000000e+00 1.539388e+00 9.931094e+00
         vertex 0.000000e+00 1.539388e+00 9.931094e+00
      endloop
   endfacet
   facet normal 0.000000e+00 -9.417252e-01 -3.363832e-01
      outer loop
         vertex 0.000000e+00 1.539388e+00 9.931094e+00
         vertex 6.000000e+00 1.539388e+00 9.931094e+00
         vertex 6.000000e+00 5.596541e-01 1.267392e+01
      endloop
   endfacet
   facet normal 0.000000e+00 -9.417252e-01 -3.363832e-01
      outer loop
         vertex 0.000000e+00 1.539388e+00 9.931094e+00
         vertex 6.000000e+00 5.596541e-01 1.267392e+01
         vertex 0.000000e+00 5.596541e-01 1.267392e+01
      endloop
   endfacet
   facet normal 0.000000e+00 -9.775181e-01 -2.108515e-01
      outer loop
         vertex 0.000000e+00 5.596541e-01 1.267392e+01
         vertex 6.000000e+00 5.596541e-01 1.267392e+01
         vertex 6.000000e+00 2.381653e-01 1.416436e+01
      endloop
   endfacet
   facet normal -1.039227e-02 -9.852703e-01 -1.706879e-01
      outer loop
         vertex 0.000000e+00 5.596541e-01 1.267392e+01
         vertex 6.000000e+00 2.381653e-01 1.416436e+01
         vertex 0.000000e+00 6.248988e-02 1.554372e+01
      endloop
   endfacet
   facet normal 0.000000e+00 -9.919871e-01 -1.263388e-01
      outer loop
         vertex 6.000000e+00 2.381653e-01 1.416436e+01
         vertex 6.000000e+00 6.248988e-02 1.554372e+01
         vertex 0.000000e+00 6.248988e-02 1.554372e+01
      endloop
   endfacet
   facet normal 0.000000e+00 -1.000000e+00 0.000000e+00
      outer loop
         vertex 0.000000e+00 6.248988e-02 1.554372e+01
         vertex 6.000000e+00 6.248988e-02 1.554372e+01
         vertex 6.000000e+00 6.248988e-02 1.845628e+01
      endloop
   endfacet
   facet normal 0.000000e+00 -1.000000e+00 0.000000e+00
      outer loop
         vertex 0.000000e+00 6.248988e-02 1.554372e+01
         vertex 6.000000e+00 6.248988e-02 1.845628e+01
         vertex 0.000000e+00 6.248988e-02 1.845628e+01
      endloop
   endfacet
   facet normal 0.000000e+00 -9.853236e-01 1.706971e-01
      outer loop
         vertex 0.000000e+00 6.248988e-02 1.845628e+01
         vertex 6.000000e+00 6.248988e-02 1.845628e+01
         vertex 6.000000e+00 5.596541e-01 2.132608e+01
      endloop
   endfacet
   facet normal 0.000000e+00 -9.853236e-01 1.706971e-01
      outer loop
         vertex 0.000000e+00 6.248988e-02 1.845628e+01
         vertex 6.000000e+00 5.596541e-01 2.132608e+01
         vertex 0.000000e+00 5.596541e-01 2.132608e+01
      endloop
   endfacet
   facet normal 0.000000e+00 -9.417252e-01 3.363832e-01
      outer loop
         vertex 0.000000e+00 5.596541e-01 2.132608e+01
         vertex 6.000000e+00 5.596541e-01 2.132608e+01
         vertex 6.000000e+00 1.539388e+00 2.406891e+01
      endloop
   endfacet
   facet normal 0.000000e+00 -9.417252e-01 3.363832e-01
      outer loop
         vertex 0.000000e+00 5.596541e-01 2.132608e+01
         vertex 6.000000e+00 1.539388e+00 2.406891e+01
         vertex 0.000000e+00 1.539388e+00 2.406891e+01
      endloop
   endfacet
   facet normal 0.000000e+00 -8.704844e-01 4.921959e-01
      outer loop
         vertex 0.000000e+00 1.539388e+00 2.406891e+01
         vertex 6.000000e+00 1.539388e+00 2.406891e+01
         vertex 6.000000e+00 2.972934e+00 2.660424e+01
      endloop
   endfacet
   facet normal 0.000000e+00 -8.704844e-01 4.921959e-01
      outer loop
         vertex 0.000000e+00 1.539388e+00 2.406891e+01
         vertex 6.000000e+00 2.972934e+00 2.660424e+01
         vertex 0.000000e+00 2.972934e+00 2.660424e+01
      endloop
   endfacet
   facet normal 0.000000e+00 -7.736927e-01 6.335610e-01
      outer loop
         vertex 0.000000e+00 2.972934e+00 2.660424e+01
         vertex 6.000000e+00 2.972934e+00 2.660424e+01
         vertex 6.000000e+00 4.818214e+00 2.885766e+01
      endloop
   endfacet
   facet normal 0.000000e+00 -7.736927e-01 6.335610e-01
      outer loop
         vertex 0.000000e+00 2.972934e+00 2.660424e+01
         vertex 6.000000e+00 4.818214e+00 2.885766e+01
         vertex 0.000000e+00 4.818214e+00 2.885766e+01
      endloop
   endfacet
   facet normal 0.000000e+00 -6.541905e-01 7.563298e-01
      outer loop
         vertex 0.000000e+00 4.818214e+00 2.885766e+01
         vertex 6.000000e+00 4.818214e+00 2.885766e+01
         vertex 6.000000e+00 7.021064e+00 3.076302e+01
      endloop
   endfacet
   facet normal 0.000000e+00 -6.541905e-01 7.563298e-01
      outer loop
         vertex 0.000000e+00 4.818214e+00 2.885766e+01
         vertex 6.000000e+00 7.021064e+00 3.076302e+01
         vertex 0.000000e+00 7.021064e+00 3.076302e+01
      endloop
   endfacet
   facet normal 0.000000e+00 -5.154864e-01 8.568978e-01
      outer loop
         vertex 0.000000e+00 7.021064e+00 3.076302e+01
         vertex 6.000000e+00 7.021064e+00 3.076302e+01
         vertex 6.000000e+00 9.516824e+00 3.226441e+01
      endloop
   endfacet
   facet normal 0.000000e+00 -5.154864e-01 8.568978e-01
      outer loop
         vertex 0.000000e+00 7.021064e+00 3.076302e+01
         vertex 6.000000e+00 9.516824e+00 3.226441e+01
         vertex 0.000000e+00 9.516824e+00 3.226441e+01
      endloop
   endfacet
   facet normal 0.000000e+00 -3.616511e-01 9.323135e-01
      outer loop
         vertex 0.000000e+00 9.516824e+00 3.226441e+01
         vertex 6.000000e+00 9.516824e+00 3.226441e+01
         vertex 6.000000e+00 1.223224e+01 3.331773e+01
      endloop
   endfacet
   facet normal 0.000000e+00 -3.616511e-01 9.323135e-01
      outer loop
         vertex 0.000000e+00 9.516824e+00 3.226441e+01
         vertex 6.000000e+00 1.223224e+01 3.331773e+01
         vertex 0.000000e+00 1.223224e+01 3.331773e+01
      endloop
   endfacet
   facet normal 0.000000e+00 -1.972008e-01 9.803631e-01
      outer loop
         vertex 0.000000e+00 1.223224e+01 3.331773e+01
         vertex 6.000000e+00 1.223224e+01 3.331773e+01
         vertex 6.000000e+00 1.508760e+01 3.389209e+01
      endloop
   endfacet
   facet normal 0.000000e+00 -1.972008e-01 9.803631e-01
      outer loop
         vertex 0.000000e+00 1.223224e+01 3.331773e+01
         vertex 6.000000e+00 1.508760e+01 3.389209e+01
         vertex 0.000000e+00 1.508760e+01 3.389209e+01
      endloop
   endfacet
   facet normal 0.000000e+00 -2.696102e-02 9.996365e-01
      outer loop
         vertex 0.000000e+00 1.508760e+01 3.389209e+01
         vertex 6.000000e+00 1.508760e+01 3.389209e+01
         vertex 6.000000e+00 1.799909e+01 3.397062e+01
      endloop
   endfacet
   facet normal 0.000000e+00 -2.696102e-02 9.996365e-01
      outer loop
         vertex 0.000000e+00 1.508760e+01 3.389209e+01
         vertex 6.000000e+00 1.799909e+01 3.397062e+01
         vertex 0.000000e+00 1.799909e+01 3.397062e+01
      endloop
   endfacet
   facet normal 7.057576e-01 -6.174530e-02 7.057576e-01
      outer loop
         vertex 4.650000e+00 2.137500e+01 2.292772e+01
         vertex 6.000000e+00 2.137500e+01 2.157772e+01
         vertex 4.650000e+00 2.166152e+01 2.295279e+01
      endloop
   endfacet
   facet normal 7.057575e-01 -6.174559e-02 7.057576e-01
      outer loop
         vertex 4.650000e+00 2.166152e+01 2.295279e+01
         vertex 6.000000e+00 2.137500e+01 2.157772e+01
         vertex 6.000000e+00 2.189595e+01 2.162330e+01
      endloop
   endfacet
   facet normal 7.057575e-01 -1.833618e-01 6.843134e-01
      outer loop
         vertex 4.650000e+00 2.166152e+01 2.295279e+01
         vertex 6.000000e+00 2.189595e+01 2.162330e+01
         vertex 4.650000e+00 2.193933e+01 2.302723e+01
      endloop
   endfacet
   facet normal 7.057576e-01 -1.833612e-01 6.843134e-01
      outer loop
         vertex 4.650000e+00 2.193933e+01 2.302723e+01
         vertex 6.000000e+00 2.189595e+01 2.162330e+01
         vertex 6.000000e+00 2.240106e+01 2.175865e+01
      endloop
   endfacet
   facet normal 7.057576e-01 -2.994046e-01 6.420771e-01
      outer loop
         vertex 4.650000e+00 2.193933e+01 2.302723e+01
         vertex 6.000000e+00 2.240106e+01 2.175865e+01
         vertex 4.650000e+00 2.220000e+01 2.314878e+01
      endloop
   endfacet
   facet normal 7.057575e-01 -2.994058e-01 6.420768e-01
      outer loop
         vertex 4.650000e+00 2.220000e+01 2.314878e+01
         vertex 6.000000e+00 2.240106e+01 2.175865e+01
         vertex 6.000000e+00 2.287500e+01 2.197965e+01
      endloop
   endfacet
   facet normal 7.057574e-01 -4.063529e-01 5.803308e-01
      outer loop
         vertex 4.650000e+00 2.220000e+01 2.314878e+01
         vertex 6.000000e+00 2.287500e+01 2.197965e+01
         vertex 4.650000e+00 2.243560e+01 2.331375e+01
      endloop
   endfacet
   facet normal 7.057576e-01 -4.063517e-01 5.803313e-01
      outer loop
         vertex 4.650000e+00 2.243560e+01 2.331375e+01
         vertex 6.000000e+00 2.287500e+01 2.197965e+01
         vertex 6.000000e+00 2.330336e+01 2.227959e+01
      endloop
   endfacet
   facet normal 7.057577e-01 -5.009516e-01 5.009527e-01
      outer loop
         vertex 4.650000e+00 2.243560e+01 2.331375e+01
         vertex 6.000000e+00 2.330336e+01 2.227959e+01
         vertex 4.650000e+00 2.263897e+01 2.351712e+01
      endloop
   endfacet
   facet normal 7.057575e-01 -5.009522e-01 5.009522e-01
      outer loop
         vertex 4.650000e+00 2.263897e+01 2.351712e+01
         vertex 6.000000e+00 2.330336e+01 2.227959e+01
         vertex 6.000000e+00 2.367313e+01 2.264936e+01
      endloop
   endfacet
   facet normal 7.057575e-01 -5.803316e-01 4.063515e-01
      outer loop
         vertex 4.650000e+00 2.263897e+01 2.351712e+01
         vertex 6.000000e+00 2.367313e+01 2.264936e+01
         vertex 4.650000e+00 2.280394e+01 2.375272e+01
      endloop
   endfacet
   facet normal 7.057576e-01 -5.803311e-01 4.063520e-01
      outer loop
         vertex 4.650000e+00 2.280394e+01 2.375272e+01
         vertex 6.000000e+00 2.367313e+01 2.264936e+01
         vertex 6.000000e+00 2.397308e+01 2.307772e+01
      endloop
   endfacet
   facet normal 7.057576e-01 -6.420765e-01 2.994060e-01
      outer loop
         vertex 4.650000e+00 2.280394e+01 2.375272e+01
         vertex 6.000000e+00 2.397308e+01 2.307772e+01
         vertex 4.650000e+00 2.292549e+01 2.401339e+01
      endloop
   endfacet
   facet normal 7.057576e-01 -6.420768e-01 2.994055e-01
      outer loop
         vertex 4.650000e+00 2.292549e+01 2.401339e+01
         vertex 6.000000e+00 2.397308e+01 2.307772e+01
         vertex 6.000000e+00 2.419408e+01 2.355166e+01
      endloop
   endfacet
   facet normal 7.057576e-01 -6.843134e-01 1.833615e-01
      outer loop
         vertex 4.650000e+00 2.292549e+01 2.401339e+01
         vertex 6.000000e+00 2.419408e+01 2.355166e+01
         vertex 4.650000e+00 2.299993e+01 2.429120e+01
      endloop
   endfacet
   facet normal 7.057575e-01 -6.843135e-01 1.833612e-01
      outer loop
         vertex 4.650000e+00 2.299993e+01 2.429120e+01
         vertex 6.000000e+00 2.419408e+01 2.355166e+01
         vertex 6.000000e+00 2.432942e+01 2.405678e+01
      endloop
   endfacet
   facet normal 7.057575e-01 -7.057576e-01 6.174530e-02
      outer loop
         vertex 4.650000e+00 2.299993e+01 2.429120e+01
         vertex 6.000000e+00 2.432942e+01 2.405678e+01
         vertex 4.650000e+00 2.302500e+01 2.457772e+01
      endloop
   endfacet
   facet normal 7.057576e-01 -7.057576e-01 6.174559e-02
      outer loop
         vertex 4.650000e+00 2.302500e+01 2.457772e+01
         vertex 6.000000e+00 2.432942e+01 2.405678e+01
         vertex 6.000000e+00 2.437500e+01 2.457772e+01
      endloop
   endfacet
   facet normal 7.057576e-01 -7.057576e-01 -6.174540e-02
      outer loop
         vertex 4.650000e+00 2.302500e+01 2.457772e+01
         vertex 6.000000e+00 2.437500e+01 2.457772e+01
         vertex 4.650000e+00 2.299993e+01 2.486424e+01
      endloop
   endfacet
   facet normal 7.057575e-01 -7.057576e-01 -6.174564e-02
      outer loop
         vertex 4.650000e+00 2.299993e+01 2.486424e+01
         vertex 6.000000e+00 2.437500e+01 2.457772e+01
         vertex 6.000000e+00 2.432942e+01 2.509867e+01
      endloop
   endfacet
   facet normal 7.057575e-01 -6.843135e-01 -1.833612e-01
      outer loop
         vertex 4.650000e+00 2.299993e+01 2.486424e+01
         vertex 6.000000e+00 2.432942e+01 2.509867e+01
         vertex 4.650000e+00 2.292549e+01 2.514206e+01
      endloop
   endfacet
   facet normal 7.057575e-01 -6.843135e-01 -1.833613e-01
      outer loop
         vertex 4.650000e+00 2.292549e+01 2.514206e+01
         vertex 6.000000e+00 2.432942e+01 2.509867e+01
         vertex 6.000000e+00 2.419408e+01 2.560378e+01
      endloop
   endfacet
   facet normal 7.057575e-01 -6.420764e-01 -2.994065e-01
      outer loop
         vertex 4.650000e+00 2.292549e+01 2.514206e+01
         vertex 6.000000e+00 2.419408e+01 2.560378e+01
         vertex 4.650000e+00 2.280394e+01 2.540272e+01
      endloop
   endfacet
   facet normal 7.057576e-01 -6.420767e-01 -2.994055e-01
      outer loop
         vertex 4.650000e+00 2.280394e+01 2.540272e+01
         vertex 6.000000e+00 2.419408e+01 2.560378e+01
         vertex 6.000000e+00 2.397308e+01 2.607772e+01
      endloop
   endfacet
   facet normal 7.057576e-01 -5.803311e-01 -4.063520e-01
      outer loop
         vertex 4.650000e+00 2.280394e+01 2.540272e+01
         vertex 6.000000e+00 2.397308e+01 2.607772e+01
         vertex 4.650000e+00 2.263897e+01 2.563832e+01
      endloop
   endfacet
   facet normal 7.057576e-01 -5.803311e-01 -4.063520e-01
      outer loop
         vertex 4.650000e+00 2.263897e+01 2.563832e+01
         vertex 6.000000e+00 2.397308e+01 2.607772e+01
         vertex 6.000000e+00 2.367313e+01 2.650609e+01
      endloop
   endfacet
   facet normal 7.057576e-01 -5.009522e-01 -5.009522e-01
      outer loop
         vertex 4.650000e+00 2.263897e+01 2.563832e+01
         vertex 6.000000e+00 2.367313e+01 2.650609e+01
         vertex 4.650000e+00 2.243560e+01 2.584170e+01
      endloop
   endfacet
   facet normal 7.057576e-01 -5.009522e-01 -5.009522e-01
      outer loop
         vertex 4.650000e+00 2.243560e+01 2.584170e+01
         vertex 6.000000e+00 2.367313e+01 2.650609e+01
         vertex 6.000000e+00 2.330336e+01 2.687586e+01
      endloop
   endfacet
   facet normal 7.057577e-01 -4.063528e-01 -5.803306e-01
      outer loop
         vertex 4.650000e+00 2.243560e+01 2.584170e+01
         vertex 6.000000e+00 2.330336e+01 2.687586e+01
         vertex 4.650000e+00 2.220000e+01 2.600667e+01
      endloop
   endfacet
   facet normal 7.057575e-01 -4.063518e-01 -5.803315e-01
      outer loop
         vertex 4.650000e+00 2.220000e+01 2.600667e+01
         vertex 6.000000e+00 2.330336e+01 2.687586e+01
         vertex 6.000000e+00 2.287500e+01 2.717580e+01
      endloop
   endfacet
   facet normal 7.057574e-01 -2.994047e-01 -6.420773e-01
      outer loop
         vertex 4.650000e+00 2.220000e+01 2.600667e+01
         vertex 6.000000e+00 2.287500e+01 2.717580e+01
         vertex 4.650000e+00 2.193933e+01 2.612822e+01
      endloop
   endfacet
   facet normal 7.057576e-01 -2.994058e-01 -6.420766e-01
      outer loop
         vertex 4.650000e+00 2.193933e+01 2.612822e+01
         vertex 6.000000e+00 2.287500e+01 2.717580e+01
         vertex 6.000000e+00 2.240106e+01 2.739680e+01
      endloop
   endfacet
   facet normal 7.057577e-01 -1.833628e-01 -6.843129e-01
      outer loop
         vertex 4.650000e+00 2.193933e+01 2.612822e+01
         vertex 6.000000e+00 2.240106e+01 2.739680e+01
         vertex 4.650000e+00 2.166152e+01 2.620266e+01
      endloop
   endfacet
   facet normal 7.057574e-01 -1.833613e-01 -6.843136e-01
      outer loop
         vertex 4.650000e+00 2.166152e+01 2.620266e+01
         vertex 6.000000e+00 2.240106e+01 2.739680e+01
         vertex 6.000000e+00 2.189595e+01 2.753215e+01
      endloop
   endfacet
   facet normal 7.057574e-01 -6.174418e-02 -7.057579e-01
      outer loop
         vertex 4.650000e+00 2.166152e+01 2.620266e+01
         vertex 6.000000e+00 2.189595e+01 2.753215e+01
         vertex 4.650000e+00 2.137500e+01 2.622772e+01
      endloop
   endfacet
   facet normal 7.057577e-01 -6.174620e-02 -7.057574e-01
      outer loop
         vertex 4.650000e+00 2.137500e+01 2.622772e+01
         vertex 6.000000e+00 2.189595e+01 2.753215e+01
         vertex 6.000000e+00 2.137500e+01 2.757772e+01
      endloop
   endfacet
   facet normal 7.057578e-01 6.174415e-02 -7.057575e-01
      outer loop
         vertex 4.650000e+00 2.137500e+01 2.622772e+01
         vertex 6.000000e+00 2.137500e+01 2.757772e+01
         vertex 4.650000e+00 2.108848e+01 2.620266e+01
      endloop
   endfacet
   facet normal 7.057574e-01 6.174622e-02 -7.057576e-01
      outer loop
         vertex 4.650000e+00 2.108848e+01 2.620266e+01
         vertex 6.000000e+00 2.137500e+01 2.757772e+01
         vertex 6.000000e+00 2.085406e+01 2.753215e+01
      endloop
   endfacet
   facet normal 7.057574e-01 1.833628e-01 -6.843133e-01
      outer loop
         vertex 4.650000e+00 2.108848e+01 2.620266e+01
         vertex 6.000000e+00 2.085406e+01 2.753215e+01
         vertex 4.650000e+00 2.081067e+01 2.612822e+01
      endloop
   endfacet
   facet normal 7.057576e-01 1.833612e-01 -6.843134e-01
      outer loop
         vertex 4.650000e+00 2.081067e+01 2.612822e+01
         vertex 6.000000e+00 2.085406e+01 2.753215e+01
         vertex 6.000000e+00 2.034894e+01 2.739680e+01
      endloop
   endfacet
   facet normal 7.057576e-01 2.994048e-01 -6.420771e-01
      outer loop
         vertex 4.650000e+00 2.081067e+01 2.612822e+01
         vertex 6.000000e+00 2.034894e+01 2.739680e+01
         vertex 4.650000e+00 2.055000e+01 2.600667e+01
      endloop
   endfacet
   facet normal 7.057575e-01 2.994057e-01 -6.420768e-01
      outer loop
         vertex 4.650000e+00 2.055000e+01 2.600667e+01
         vertex 6.000000e+00 2.034894e+01 2.739680e+01
         vertex 6.000000e+00 1.987500e+01 2.717580e+01
      endloop
   endfacet
   facet normal 7.057574e-01 4.063529e-01 -5.803307e-01
      outer loop
         vertex 4.650000e+00 2.055000e+01 2.600667e+01
         vertex 6.000000e+00 1.987500e+01 2.717580e+01
         vertex 4.650000e+00 2.031440e+01 2.584170e+01
      endloop
   endfacet
   facet normal 7.057576e-01 4.063521e-01 -5.803312e-01
      outer loop
         vertex 4.650000e+00 2.031440e+01 2.584170e+01
         vertex 6.000000e+00 1.987500e+01 2.717580e+01
         vertex 6.000000e+00 1.944664e+01 2.687586e+01
      endloop
   endfacet
   facet normal 7.057576e-01 5.009522e-01 -5.009522e-01
      outer loop
         vertex 4.650000e+00 2.031440e+01 2.584170e+01
         vertex 6.000000e+00 1.944664e+01 2.687586e+01
         vertex 4.650000e+00 2.011103e+01 2.563832e+01
      endloop
   endfacet
   facet normal 7.057576e-01 5.009520e-01 -5.009523e-01
      outer loop
         vertex 4.650000e+00 2.011103e+01 2.563832e+01
         vertex 6.000000e+00 1.944664e+01 2.687586e+01
         vertex 6.000000e+00 1.907687e+01 2.650609e+01
      endloop
   endfacet
   facet normal 7.057576e-01 5.803309e-01 -4.063524e-01
      outer loop
         vertex 4.650000e+00 2.011103e+01 2.563832e+01
         vertex 6.000000e+00 1.907687e+01 2.650609e+01
         vertex 4.650000e+00 1.994606e+01 2.540272e+01
      endloop
   endfacet
   facet normal 7.057576e-01 5.803311e-01 -4.063522e-01
      outer loop
         vertex 4.650000e+00 1.994606e+01 2.540272e+01
         vertex 6.000000e+00 1.907687e+01 2.650609e+01
         vertex 6.000000e+00 1.877692e+01 2.607772e+01
      endloop
   endfacet
   facet normal 7.057576e-01 6.420765e-01 -2.994060e-01
      outer loop
         vertex 4.650000e+00 1.994606e+01 2.540272e+01
         vertex 6.000000e+00 1.877692e+01 2.607772e+01
         vertex 4.650000e+00 1.982451e+01 2.514206e+01
      endloop
   endfacet
   facet normal 7.057575e-01 6.420770e-01 -2.994053e-01
      outer loop
         vertex 4.650000e+00 1.982451e+01 2.514206e+01
         vertex 6.000000e+00 1.877692e+01 2.607772e+01
         vertex 6.000000e+00 1.855592e+01 2.560378e+01
      endloop
   endfacet
   facet normal 7.057575e-01 6.843137e-01 -1.833607e-01
      outer loop
         vertex 4.650000e+00 1.982451e+01 2.514206e+01
         vertex 6.000000e+00 1.855592e+01 2.560378e+01
         vertex 4.650000e+00 1.975007e+01 2.486424e+01
      endloop
   endfacet
   facet normal 7.057576e-01 6.843135e-01 -1.833612e-01
      outer loop
         vertex 4.650000e+00 1.975007e+01 2.486424e+01
         vertex 6.000000e+00 1.855592e+01 2.560378e+01
         vertex 6.000000e+00 1.842058e+01 2.509867e+01
      endloop
   endfacet
   facet normal 7.057576e-01 7.057575e-01 -6.174597e-02
      outer loop
         vertex 4.650000e+00 1.975007e+01 2.486424e+01
         vertex 6.000000e+00 1.842058e+01 2.509867e+01
         vertex 4.650000e+00 1.972500e+01 2.457772e+01
      endloop
   endfacet
   facet normal 7.057576e-01 7.057576e-01 -6.174580e-02
      outer loop
         vertex 4.650000e+00 1.972500e+01 2.457772e+01
         vertex 6.000000e+00 1.842058e+01 2.509867e+01
         vertex 6.000000e+00 1.837500e+01 2.457772e+01
      endloop
   endfacet
   facet normal 7.057576e-01 7.057576e-01 6.174587e-02
      outer loop
         vertex 4.650000e+00 1.972500e+01 2.457772e+01
         vertex 6.000000e+00 1.837500e+01 2.457772e+01
         vertex 4.650000e+00 1.975007e+01 2.429120e+01
      endloop
   endfacet
   facet normal 7.057576e-01 7.057575e-01 6.174574e-02
      outer loop
         vertex 4.650000e+00 1.975007e+01 2.429120e+01
         vertex 6.000000e+00 1.837500e+01 2.457772e+01
         vertex 6.000000e+00 1.842058e+01 2.405678e+01
      endloop
   endfacet
   facet normal 7.057576e-01 6.843135e-01 1.833610e-01
      outer loop
         vertex 4.650000e+00 1.975007e+01 2.429120e+01
         vertex 6.000000e+00 1.842058e+01 2.405678e+01
         vertex 4.650000e+00 1.982451e+01 2.401339e+01
      endloop
   endfacet
   facet normal 7.057575e-01 6.843135e-01 1.833613e-01
      outer loop
         vertex 4.650000e+00 1.982451e+01 2.401339e+01
         vertex 6.000000e+00 1.842058e+01 2.405678e+01
         vertex 6.000000e+00 1.855592e+01 2.355166e+01
      endloop
   endfacet
   facet normal 7.057575e-01 6.420768e-01 2.994056e-01
      outer loop
         vertex 4.650000e+00 1.982451e+01 2.401339e+01
         vertex 6.000000e+00 1.855592e+01 2.355166e+01
         vertex 4.650000e+00 1.994606e+01 2.375272e+01
      endloop
   endfacet
   facet normal 7.057576e-01 6.420769e-01 2.994053e-01
      outer loop
         vertex 4.650000e+00 1.994606e+01 2.375272e+01
         vertex 6.000000e+00 1.855592e+01 2.355166e+01
         vertex 6.000000e+00 1.877692e+01 2.307772e+01
      endloop
   endfacet
   facet normal 7.057576e-01 5.803313e-01 4.063519e-01
      outer loop
         vertex 4.650000e+00 1.994606e+01 2.375272e+01
         vertex 6.000000e+00 1.877692e+01 2.307772e+01
         vertex 4.650000e+00 2.011103e+01 2.351712e+01
      endloop
   endfacet
   facet normal 7.057575e-01 5.803311e-01 4.063522e-01
      outer loop
         vertex 4.650000e+00 2.011103e+01 2.351712e+01
         vertex 6.000000e+00 1.877692e+01 2.307772e+01
         vertex 6.000000e+00 1.907687e+01 2.264936e+01
      endloop
   endfacet
   facet normal 7.057575e-01 5.009517e-01 5.009528e-01
      outer loop
         vertex 4.650000e+00 2.011103e+01 2.351712e+01
         vertex 6.000000e+00 1.907687e+01 2.264936e+01
         vertex 4.650000e+00 2.031440e+01 2.331375e+01
      endloop
   endfacet
   facet normal 7.057576e-01 5.009520e-01 5.009524e-01
      outer loop
         vertex 4.650000e+00 2.031440e+01 2.331375e+01
         vertex 6.000000e+00 1.907687e+01 2.264936e+01
         vertex 6.000000e+00 1.944664e+01 2.227959e+01
      endloop
   endfacet
   facet normal 7.057576e-01 4.063528e-01 5.803306e-01
      outer loop
         vertex 4.650000e+00 2.031440e+01 2.331375e+01
         vertex 6.000000e+00 1.944664e+01 2.227959e+01
         vertex 4.650000e+00 2.055000e+01 2.314878e+01
      endloop
   endfacet
   facet normal 7.057575e-01 4.063521e-01 5.803312e-01
      outer loop
         vertex 4.650000e+00 2.055000e+01 2.314878e+01
         vertex 6.000000e+00 1.944664e+01 2.227959e+01
         vertex 6.000000e+00 1.987500e+01 2.197965e+01
      endloop
   endfacet
   facet normal 7.057574e-01 2.994049e-01 6.420772e-01
      outer loop
         vertex 4.650000e+00 2.055000e+01 2.314878e+01
         vertex 6.000000e+00 1.987500e+01 2.197965e+01
         vertex 4.650000e+00 2.081067e+01 2.302723e+01
      endloop
   endfacet
   facet normal 7.057576e-01 2.994056e-01 6.420767e-01
      outer loop
         vertex 4.650000e+00 2.081067e+01 2.302723e+01
         vertex 6.000000e+00 1.987500e+01 2.197965e+01
         vertex 6.000000e+00 2.034894e+01 2.175865e+01
      endloop
   endfacet
   facet normal 7.057576e-01 1.833616e-01 6.843133e-01
      outer loop
         vertex 4.650000e+00 2.081067e+01 2.302723e+01
         vertex 6.000000e+00 2.034894e+01 2.175865e+01
         vertex 4.650000e+00 2.108848e+01 2.295279e+01
      endloop
   endfacet
   facet normal 7.057575e-01 1.833612e-01 6.843135e-01
      outer loop
         vertex 4.650000e+00 2.108848e+01 2.295279e+01
         vertex 6.000000e+00 2.034894e+01 2.175865e+01
         vertex 6.000000e+00 2.085406e+01 2.162330e+01
      endloop
   endfacet
   facet normal 7.057575e-01 6.174530e-02 7.057576e-01
      outer loop
         vertex 4.650000e+00 2.108848e+01 2.295279e+01
         vertex 6.000000e+00 2.085406e+01 2.162330e+01
         vertex 4.650000e+00 2.137500e+01 2.292772e+01
      endloop
   endfacet
   facet normal 7.057576e-01 6.174559e-02 7.057576e-01
      outer loop
         vertex 4.650000e+00 2.137500e+01 2.292772e+01
         vertex 6.000000e+00 2.085406e+01 2.162330e+01
         vertex 6.000000e+00 2.137500e+01 2.157772e+01
      endloop
   endfacet
   facet normal 7.057578e-01 -6.174415e-02 7.057575e-01
      outer loop
         vertex 4.650000e+00 2.137500e+01 7.772279e+00
         vertex 6.000000e+00 2.137500e+01 6.422278e+00
         vertex 4.650000e+00 2.166152e+01 7.797346e+00
      endloop
   endfacet
   facet normal 7.057574e-01 -6.174622e-02 7.057576e-01
      outer loop
         vertex 4.650000e+00 2.166152e+01 7.797346e+00
         vertex 6.000000e+00 2.137500e+01 6.422278e+00
         vertex 6.000000e+00 2.189595e+01 6.467856e+00
      endloop
   endfacet
   facet normal 7.057574e-01 -1.833629e-01 6.843132e-01
      outer loop
         vertex 4.650000e+00 2.166152e+01 7.797346e+00
         vertex 6.000000e+00 2.189595e+01 6.467856e+00
         vertex 4.650000e+00 2.193933e+01 7.871786e+00
      endloop
   endfacet
   facet normal 7.057576e-01 -1.833612e-01 6.843134e-01
      outer loop
         vertex 4.650000e+00 2.193933e+01 7.871786e+00
         vertex 6.000000e+00 2.189595e+01 6.467856e+00
         vertex 6.000000e+00 2.240106e+01 6.603201e+00
      endloop
   endfacet
   facet normal 7.057576e-01 -2.994046e-01 6.420771e-01
      outer loop
         vertex 4.650000e+00 2.193933e+01 7.871786e+00
         vertex 6.000000e+00 2.240106e+01 6.603201e+00
         vertex 4.650000e+00 2.220000e+01 7.993337e+00
      endloop
   endfacet
   facet normal 7.057575e-01 -2.994058e-01 6.420768e-01
      outer loop
         vertex 4.650000e+00 2.220000e+01 7.993337e+00
         vertex 6.000000e+00 2.240106e+01 6.603201e+00
         vertex 6.000000e+00 2.287500e+01 6.824203e+00
      endloop
   endfacet
   facet normal 7.057574e-01 -4.063529e-01 5.803308e-01
      outer loop
         vertex 4.650000e+00 2.220000e+01 7.993337e+00
         vertex 6.000000e+00 2.287500e+01 6.824203e+00
         vertex 4.650000e+00 2.243560e+01 8.158306e+00
      endloop
   endfacet
   facet normal 7.057576e-01 -4.063517e-01 5.803313e-01
      outer loop
         vertex 4.650000e+00 2.243560e+01 8.158306e+00
         vertex 6.000000e+00 2.287500e+01 6.824203e+00
         vertex 6.000000e+00 2.330336e+01 7.124146e+00
      endloop
   endfacet
   facet normal 7.057576e-01 -5.009522e-01 5.009522e-01
      outer loop
         vertex 4.650000e+00 2.243560e+01 8.158306e+00
         vertex 6.000000e+00 2.330336e+01 7.124146e+00
         vertex 4.650000e+00 2.263897e+01 8.361680e+00
      endloop
   endfacet
   facet normal 7.057576e-01 -5.009522e-01 5.009522e-01
      outer loop
         vertex 4.650000e+00 2.263897e+01 8.361680e+00
         vertex 6.000000e+00 2.330336e+01 7.124146e+00
         vertex 6.000000e+00 2.367313e+01 7.493916e+00
      endloop
   endfacet
   facet normal 7.057576e-01 -5.803311e-01 4.063520e-01
      outer loop
         vertex 4.650000e+00 2.263897e+01 8.361680e+00
         vertex 6.000000e+00 2.367313e+01 7.493916e+00
         vertex 4.650000e+00 2.280394e+01 8.597279e+00
      endloop
   endfacet
   facet normal 7.057576e-01 -5.803311e-01 4.063520e-01
      outer loop
         vertex 4.650000e+00 2.280394e+01 8.597279e+00
         vertex 6.000000e+00 2.367313e+01 7.493916e+00
         vertex 6.000000e+00 2.397308e+01 7.922279e+00
      endloop
   endfacet
   facet normal 7.057577e-01 -6.420763e-01 2.994064e-01
      outer loop
         vertex 4.650000e+00 2.280394e+01 8.597279e+00
         vertex 6.000000e+00 2.397308e+01 7.922279e+00
         vertex 4.650000e+00 2.292549e+01 8.857945e+00
      endloop
   endfacet
   facet normal 7.057575e-01 -6.420768e-01 2.994056e-01
      outer loop
         vertex 4.650000e+00 2.292549e+01 8.857945e+00
         vertex 6.000000e+00 2.397308e+01 7.922279e+00
         vertex 6.000000e+00 2.419408e+01 8.396219e+00
      endloop
   endfacet
   facet normal 7.057575e-01 -6.843135e-01 1.833612e-01
      outer loop
         vertex 4.650000e+00 2.292549e+01 8.857945e+00
         vertex 6.000000e+00 2.419408e+01 8.396219e+00
         vertex 4.650000e+00 2.299993e+01 9.135759e+00
      endloop
   endfacet
   facet normal 7.057575e-01 -6.843135e-01 1.833612e-01
      outer loop
         vertex 4.650000e+00 2.299993e+01 9.135759e+00
         vertex 6.000000e+00 2.419408e+01 8.396219e+00
         vertex 6.000000e+00 2.432942e+01 8.901334e+00
      endloop
   endfacet
   facet normal 7.057575e-01 -7.057576e-01 6.174540e-02
      outer loop
         vertex 4.650000e+00 2.299993e+01 9.135759e+00
         vertex 6.000000e+00 2.432942e+01 8.901334e+00
         vertex 4.650000e+00 2.302500e+01 9.422278e+00
      endloop
   endfacet
   facet normal 7.057576e-01 -7.057576e-01 6.174564e-02
      outer loop
         vertex 4.650000e+00 2.302500e+01 9.422278e+00
         vertex 6.000000e+00 2.432942e+01 8.901334e+00
         vertex 6.000000e+00 2.437500e+01 9.422278e+00
      endloop
   endfacet
   facet normal 7.057576e-01 -7.057576e-01 -6.174530e-02
      outer loop
         vertex 4.650000e+00 2.302500e+01 9.422278e+00
         vertex 6.000000e+00 2.437500e+01 9.422278e+00
         vertex 4.650000e+00 2.299993e+01 9.708798e+00
      endloop
   endfacet
   facet normal 7.057575e-01 -7.057576e-01 -6.174559e-02
      outer loop
         vertex 4.650000e+00 2.299993e+01 9.708798e+00
         vertex 6.000000e+00 2.437500e+01 9.422278e+00
         vertex 6.000000e+00 2.432942e+01 9.943223e+00
      endloop
   endfacet
   facet normal 7.057575e-01 -6.843134e-01 -1.833615e-01
      outer loop
         vertex 4.650000e+00 2.299993e+01 9.708798e+00
         vertex 6.000000e+00 2.432942e+01 9.943223e+00
         vertex 4.650000e+00 2.292549e+01 9.986612e+00
      endloop
   endfacet
   facet normal 7.057576e-01 -6.843135e-01 -1.833612e-01
      outer loop
         vertex 4.650000e+00 2.292549e+01 9.986612e+00
         vertex 6.000000e+00 2.432942e+01 9.943223e+00
         vertex 6.000000e+00 2.419408e+01 1.044834e+01
      endloop
   endfacet
   facet normal 7.057575e-01 -6.420766e-01 -2.994060e-01
      outer loop
         vertex 4.650000e+00 2.292549e+01 9.986612e+00
         vertex 6.000000e+00 2.419408e+01 1.044834e+01
         vertex 4.650000e+00 2.280394e+01 1.024728e+01
      endloop
   endfacet
   facet normal 7.057576e-01 -6.420767e-01 -2.994055e-01
      outer loop
         vertex 4.650000e+00 2.280394e+01 1.024728e+01
         vertex 6.000000e+00 2.419408e+01 1.044834e+01
         vertex 6.000000e+00 2.397308e+01 1.092228e+01
      endloop
   endfacet
   facet normal 7.057576e-01 -5.803315e-01 -4.063515e-01
      outer loop
         vertex 4.650000e+00 2.280394e+01 1.024728e+01
         vertex 6.000000e+00 2.397308e+01 1.092228e+01
         vertex 4.650000e+00 2.263897e+01 1.048288e+01
      endloop
   endfacet
   facet normal 7.057575e-01 -5.803312e-01 -4.063521e-01
      outer loop
         vertex 4.650000e+00 2.263897e+01 1.048288e+01
         vertex 6.000000e+00 2.397308e+01 1.092228e+01
         vertex 6.000000e+00 2.367313e+01 1.135064e+01
      endloop
   endfacet
   facet normal 7.057575e-01 -5.009517e-01 -5.009528e-01
      outer loop
         vertex 4.650000e+00 2.263897e+01 1.048288e+01
         vertex 6.000000e+00 2.367313e+01 1.135064e+01
         vertex 4.650000e+00 2.243560e+01 1.068625e+01
      endloop
   endfacet
   facet normal 7.057576e-01 -5.009522e-01 -5.009522e-01
      outer loop
         vertex 4.650000e+00 2.243560e+01 1.068625e+01
         vertex 6.000000e+00 2.367313e+01 1.135064e+01
         vertex 6.000000e+00 2.330336e+01 1.172041e+01
      endloop
   endfacet
   facet normal 7.057577e-01 -4.063528e-01 -5.803306e-01
      outer loop
         vertex 4.650000e+00 2.243560e+01 1.068625e+01
         vertex 6.000000e+00 2.330336e+01 1.172041e+01
         vertex 4.650000e+00 2.220000e+01 1.085122e+01
      endloop
   endfacet
   facet normal 7.057575e-01 -4.063518e-01 -5.803315e-01
      outer loop
         vertex 4.650000e+00 2.220000e+01 1.085122e+01
         vertex 6.000000e+00 2.330336e+01 1.172041e+01
         vertex 6.000000e+00 2.287500e+01 1.202035e+01
      endloop
   endfacet
   facet normal 7.057574e-01 -2.994047e-01 -6.420773e-01
      outer loop
         vertex 4.650000e+00 2.220000e+01 1.085122e+01
         vertex 6.000000e+00 2.287500e+01 1.202035e+01
         vertex 4.650000e+00 2.193933e+01 1.097277e+01
      endloop
   endfacet
   facet normal 7.057576e-01 -2.994058e-01 -6.420766e-01
      outer loop
         vertex 4.650000e+00 2.193933e+01 1.097277e+01
         vertex 6.000000e+00 2.287500e+01 1.202035e+01
         vertex 6.000000e+00 2.240106e+01 1.224136e+01
      endloop
   endfacet
   facet normal 7.057576e-01 -1.833618e-01 -6.843133e-01
      outer loop
         vertex 4.650000e+00 2.193933e+01 1.097277e+01
         vertex 6.000000e+00 2.240106e+01 1.224136e+01
         vertex 4.650000e+00 2.166152e+01 1.104721e+01
      endloop
   endfacet
   facet normal 7.057575e-01 -1.833612e-01 -6.843135e-01
      outer loop
         vertex 4.650000e+00 2.166152e+01 1.104721e+01
         vertex 6.000000e+00 2.240106e+01 1.224136e+01
         vertex 6.000000e+00 2.189595e+01 1.237670e+01
      endloop
   endfacet
   facet normal 7.057575e-01 -6.174530e-02 -7.057576e-01
      outer loop
         vertex 4.650000e+00 2.166152e+01 1.104721e+01
         vertex 6.000000e+00 2.189595e+01 1.237670e+01
         vertex 4.650000e+00 2.137500e+01 1.107228e+01
      endloop
   endfacet
   facet normal 7.057576e-01 -6.174559e-02 -7.057576e-01
      outer loop
         vertex 4.650000e+00 2.137500e+01 1.107228e+01
         vertex 6.000000e+00 2.189595e+01 1.237670e+01
         vertex 6.000000e+00 2.137500e+01 1.242228e+01
      endloop
   endfacet
   facet normal 7.057576e-01 6.174530e-02 -7.057576e-01
      outer loop
         vertex 4.650000e+00 2.137500e+01 1.107228e+01
         vertex 6.000000e+00 2.137500e+01 1.242228e+01
         vertex 4.650000e+00 2.108848e+01 1.104721e+01
      endloop
   endfacet
   facet normal 7.057575e-01 6.174559e-02 -7.057576e-01
      outer loop
         vertex 4.650000e+00 2.108848e+01 1.104721e+01
         vertex 6.000000e+00 2.137500e+01 1.242228e+01
         vertex 6.000000e+00 2.085406e+01 1.237670e+01
      endloop
   endfacet
   facet normal 7.057575e-01 1.833617e-01 -6.843134e-01
      outer loop
         vertex 4.650000e+00 2.108848e+01 1.104721e+01
         vertex 6.000000e+00 2.085406e+01 1.237670e+01
         vertex 4.650000e+00 2.081067e+01 1.097277e+01
      endloop
   endfacet
   facet normal 7.057576e-01 1.833612e-01 -6.843134e-01
      outer loop
         vertex 4.650000e+00 2.081067e+01 1.097277e+01
         vertex 6.000000e+00 2.085406e+01 1.237670e+01
         vertex 6.000000e+00 2.034894e+01 1.224136e+01
      endloop
   endfacet
   facet normal 7.057576e-01 2.994048e-01 -6.420771e-01
      outer loop
         vertex 4.650000e+00 2.081067e+01 1.097277e+01
         vertex 6.000000e+00 2.034894e+01 1.224136e+01
         vertex 4.650000e+00 2.055000e+01 1.085122e+01
      endloop
   endfacet
   facet normal 7.057575e-01 2.994057e-01 -6.420768e-01
      outer loop
         vertex 4.650000e+00 2.055000e+01 1.085122e+01
         vertex 6.000000e+00 2.034894e+01 1.224136e+01
         vertex 6.000000e+00 1.987500e+01 1.202035e+01
      endloop
   endfacet
   facet normal 7.057574e-01 4.063529e-01 -5.803307e-01
      outer loop
         vertex 4.650000e+00 2.055000e+01 1.085122e+01
         vertex 6.000000e+00 1.987500e+01 1.202035e+01
         vertex 4.650000e+00 2.031440e+01 1.068625e+01
      endloop
   endfacet
   facet normal 7.057576e-01 4.063521e-01 -5.803312e-01
      outer loop
         vertex 4.650000e+00 2.031440e+01 1.068625e+01
         vertex 6.000000e+00 1.987500e+01 1.202035e+01
         vertex 6.000000e+00 1.944664e+01 1.172041e+01
      endloop
   endfacet
   facet normal 7.057576e-01 5.009516e-01 -5.009528e-01
      outer loop
         vertex 4.650000e+00 2.031440e+01 1.068625e+01
         vertex 6.000000e+00 1.944664e+01 1.172041e+01
         vertex 4.650000e+00 2.011103e+01 1.048288e+01
      endloop
   endfacet
   facet normal 7.057575e-01 5.009521e-01 -5.009524e-01
      outer loop
         vertex 4.650000e+00 2.011103e+01 1.048288e+01
         vertex 6.000000e+00 1.944664e+01 1.172041e+01
         vertex 6.000000e+00 1.907687e+01 1.135064e+01
      endloop
   endfacet
   facet normal 7.057575e-01 5.803313e-01 -4.063519e-01
      outer loop
         vertex 4.650000e+00 2.011103e+01 1.048288e+01
         vertex 6.000000e+00 1.907687e+01 1.135064e+01
         vertex 4.650000e+00 1.994606e+01 1.024728e+01
      endloop
   endfacet
   facet normal 7.057576e-01 5.803311e-01 -4.063522e-01
      outer loop
         vertex 4.650000e+00 1.994606e+01 1.024728e+01
         vertex 6.000000e+00 1.907687e+01 1.135064e+01
         vertex 6.000000e+00 1.877692e+01 1.092228e+01
      endloop
   endfacet
   facet normal 7.057576e-01 6.420768e-01 -2.994055e-01
      outer loop
         vertex 4.650000e+00 1.994606e+01 1.024728e+01
         vertex 6.000000e+00 1.877692e+01 1.092228e+01
         vertex 4.650000e+00 1.982451e+01 9.986612e+00
      endloop
   endfacet
   facet normal 7.057575e-01 6.420769e-01 -2.994053e-01
      outer loop
         vertex 4.650000e+00 1.982451e+01 9.986612e+00
         vertex 6.000000e+00 1.877692e+01 1.092228e+01
         vertex 6.000000e+00 1.855592e+01 1.044834e+01
      endloop
   endfacet
   facet normal 7.057575e-01 6.843136e-01 -1.833610e-01
      outer loop
         vertex 4.650000e+00 1.982451e+01 9.986612e+00
         vertex 6.000000e+00 1.855592e+01 1.044834e+01
         vertex 4.650000e+00 1.975007e+01 9.708798e+00
      endloop
   endfacet
   facet normal 7.057576e-01 6.843135e-01 -1.833612e-01
      outer loop
         vertex 4.650000e+00 1.975007e+01 9.708798e+00
         vertex 6.000000e+00 1.855592e+01 1.044834e+01
         vertex 6.000000e+00 1.842058e+01 9.943223e+00
      endloop
   endfacet
   facet normal 7.057576e-01 7.057575e-01 -6.174587e-02
      outer loop
         vertex 4.650000e+00 1.975007e+01 9.708798e+00
         vertex 6.000000e+00 1.842058e+01 9.943223e+00
         vertex 4.650000e+00 1.972500e+01 9.422278e+00
      endloop
   endfacet
   facet normal 7.057576e-01 7.057576e-01 -6.174574e-02
      outer loop
         vertex 4.650000e+00 1.972500e+01 9.422278e+00
         vertex 6.000000e+00 1.842058e+01 9.943223e+00
         vertex 6.000000e+00 1.837500e+01 9.422278e+00
      endloop
   endfacet
   facet normal 7.057575e-01 7.057575e-01 6.174597e-02
      outer loop
         vertex 4.650000e+00 1.972500e+01 9.422278e+00
         vertex 6.000000e+00 1.837500e+01 9.422278e+00
         vertex 4.650000e+00 1.975007e+01 9.135759e+00
      endloop
   endfacet
   facet normal 7.057576e-01 7.057575e-01 6.174580e-02
      outer loop
         vertex 4.650000e+00 1.975007e+01 9.135759e+00
         vertex 6.000000e+00 1.837500e+01 9.422278e+00
         vertex 6.000000e+00 1.842058e+01 8.901334e+00
      endloop
   endfacet
   facet normal 7.057576e-01 6.843136e-01 1.833607e-01
      outer loop
         vertex 4.650000e+00 1.975007e+01 9.135759e+00
         vertex 6.000000e+00 1.842058e+01 8.901334e+00
         vertex 4.650000e+00 1.982451e+01 8.857945e+00
      endloop
   endfacet
   facet normal 7.057575e-01 6.843135e-01 1.833613e-01
      outer loop
         vertex 4.650000e+00 1.982451e+01 8.857945e+00
         vertex 6.000000e+00 1.842058e+01 8.901334e+00
         vertex 6.000000e+00 1.855592e+01 8.396219e+00
      endloop
   endfacet
   facet normal 7.057574e-01 6.420767e-01 2.994060e-01
      outer loop
         vertex 4.650000e+00 1.982451e+01 8.857945e+00
         vertex 6.000000e+00 1.855592e+01 8.396219e+00
         vertex 4.650000e+00 1.994606e+01 8.597279e+00
      endloop
   endfacet
   facet normal 7.057576e-01 6.420769e-01 2.994053e-01
      outer loop
         vertex 4.650000e+00 1.994606e+01 8.597279e+00
         vertex 6.000000e+00 1.855592e+01 8.396219e+00
         vertex 6.000000e+00 1.877692e+01 7.922279e+00
      endloop
   endfacet
   facet normal 7.057576e-01 5.803309e-01 4.063524e-01
      outer loop
         vertex 4.650000e+00 1.994606e+01 8.597279e+00
         vertex 6.000000e+00 1.877692e+01 7.922279e+00
         vertex 4.650000e+00 2.011103e+01 8.361680e+00
      endloop
   endfacet
   facet normal 7.057576e-01 5.803311e-01 4.063521e-01
      outer loop
         vertex 4.650000e+00 2.011103e+01 8.361680e+00
         vertex 6.000000e+00 1.877692e+01 7.922279e+00
         vertex 6.000000e+00 1.907687e+01 7.493916e+00
      endloop
   endfacet
   facet normal 7.057576e-01 5.009522e-01 5.009522e-01
      outer loop
         vertex 4.650000e+00 2.011103e+01 8.361680e+00
         vertex 6.000000e+00 1.907687e+01 7.493916e+00
         vertex 4.650000e+00 2.031440e+01 8.158306e+00
      endloop
   endfacet
   facet normal 7.057576e-01 5.009520e-01 5.009524e-01
      outer loop
         vertex 4.650000e+00 2.031440e+01 8.158306e+00
         vertex 6.000000e+00 1.907687e+01 7.493916e+00
         vertex 6.000000e+00 1.944664e+01 7.124146e+00
      endloop
   endfacet
   facet normal 7.057576e-01 4.063528e-01 5.803306e-01
      outer loop
         vertex 4.650000e+00 2.031440e+01 8.158306e+00
         vertex 6.000000e+00 1.944664e+01 7.124146e+00
         vertex 4.650000e+00 2.055000e+01 7.993337e+00
      endloop
   endfacet
   facet normal 7.057575e-01 4.063521e-01 5.803312e-01
      outer loop
         vertex 4.650000e+00 2.055000e+01 7.993337e+00
         vertex 6.000000e+00 1.944664e+01 7.124146e+00
         vertex 6.000000e+00 1.987500e+01 6.824203e+00
      endloop
   endfacet
   facet normal 7.057574e-01 2.994049e-01 6.420772e-01
      outer loop
         vertex 4.650000e+00 2.055000e+01 7.993337e+00
         vertex 6.000000e+00 1.987500e+01 6.824203e+00
         vertex 4.650000e+00 2.081067e+01 7.871786e+00
      endloop
   endfacet
   facet normal 7.057576e-01 2.994056e-01 6.420767e-01
      outer loop
         vertex 4.650000e+00 2.081067e+01 7.871786e+00
         vertex 6.000000e+00 1.987500e+01 6.824203e+00
         vertex 6.000000e+00 2.034894e+01 6.603201e+00
      endloop
   endfacet
   facet normal 7.057577e-01 1.833627e-01 6.843130e-01
      outer loop
         vertex 4.650000e+00 2.081067e+01 7.871786e+00
         vertex 6.000000e+00 2.034894e+01 6.603201e+00
         vertex 4.650000e+00 2.108848e+01 7.797346e+00
      endloop
   endfacet
   facet normal 7.057574e-01 1.833613e-01 6.843136e-01
      outer loop
         vertex 4.650000e+00 2.108848e+01 7.797346e+00
         vertex 6.000000e+00 2.034894e+01 6.603201e+00
         vertex 6.000000e+00 2.085406e+01 6.467856e+00
      endloop
   endfacet
   facet normal 7.057574e-01 6.174418e-02 7.057579e-01
      outer loop
         vertex 4.650000e+00 2.108848e+01 7.797346e+00
         vertex 6.000000e+00 2.085406e+01 6.467856e+00
         vertex 4.650000e+00 2.137500e+01 7.772279e+00
      endloop
   endfacet
   facet normal 7.057577e-01 6.174620e-02 7.057574e-01
      outer loop
         vertex 4.650000e+00 2.137500e+01 7.772279e+00
         vertex 6.000000e+00 2.085406e+01 6.467856e+00
         vertex 6.000000e+00 2.137500e+01 6.422278e+00
      endloop
   endfacet
   facet normal 7.057576e-01 -6.174587e-02 7.057576e-01
      outer loop
         vertex 4.650000e+00 8.250001e+00 1.535000e+01
         vertex 6.000000e+00 8.250001e+00 1.400000e+01
         vertex 4.650000e+00 8.536520e+00 1.537507e+01
      endloop
   endfacet
   facet normal 7.057575e-01 -6.174590e-02 7.057576e-01
      outer loop
         vertex 4.650000e+00 8.536520e+00 1.537507e+01
         vertex 6.000000e+00 8.250001e+00 1.400000e+01
         vertex 6.000000e+00 8.770945e+00 1.404558e+01
      endloop
   endfacet
   facet normal 7.057575e-01 -1.833613e-01 6.843135e-01
      outer loop
         vertex 4.650000e+00 8.536520e+00 1.537507e+01
         vertex 6.000000e+00 8.770945e+00 1.404558e+01
         vertex 4.650000e+00 8.814334e+00 1.544951e+01
      endloop
   endfacet
   facet normal 7.057575e-01 -1.833612e-01 6.843135e-01
      outer loop
         vertex 4.650000e+00 8.814334e+00 1.544951e+01
         vertex 6.000000e+00 8.770945e+00 1.404558e+01
         vertex 6.000000e+00 9.276061e+00 1.418092e+01
      endloop
   endfacet
   facet normal 7.057576e-01 -2.994051e-01 6.420770e-01
      outer loop
         vertex 4.650000e+00 8.814334e+00 1.544951e+01
         vertex 6.000000e+00 9.276061e+00 1.418092e+01
         vertex 4.650000e+00 9.075001e+00 1.557106e+01
      endloop
   endfacet
   facet normal 7.057575e-01 -2.994053e-01 6.420769e-01
      outer loop
         vertex 4.650000e+00 9.075001e+00 1.557106e+01
         vertex 6.000000e+00 9.276061e+00 1.418092e+01
         vertex 6.000000e+00 9.750001e+00 1.440192e+01
      endloop
   endfacet
   facet normal 7.057575e-01 -4.063524e-01 5.803309e-01
      outer loop
         vertex 4.650000e+00 9.075001e+00 1.557106e+01
         vertex 6.000000e+00 9.750001e+00 1.440192e+01
         vertex 4.650000e+00 9.310600e+00 1.573603e+01
      endloop
   endfacet
   facet normal 7.057576e-01 -4.063523e-01 5.803310e-01
      outer loop
         vertex 4.650000e+00 9.310600e+00 1.573603e+01
         vertex 6.000000e+00 9.750001e+00 1.440192e+01
         vertex 6.000000e+00 1.017836e+01 1.470187e+01
      endloop
   endfacet
   facet normal 7.057576e-01 -5.009521e-01 5.009523e-01
      outer loop
         vertex 4.650000e+00 9.310600e+00 1.573603e+01
         vertex 6.000000e+00 1.017836e+01 1.470187e+01
         vertex 4.650000e+00 9.513974e+00 1.593940e+01
      endloop
   endfacet
   facet normal 7.057576e-01 -5.009521e-01 5.009523e-01
      outer loop
         vertex 4.650000e+00 9.513974e+00 1.593940e+01
         vertex 6.000000e+00 1.017836e+01 1.470187e+01
         vertex 6.000000e+00 1.054813e+01 1.507164e+01
      endloop
   endfacet
   facet normal 7.057576e-01 -5.803313e-01 4.063519e-01
      outer loop
         vertex 4.650000e+00 9.513974e+00 1.593940e+01
         vertex 6.000000e+00 1.054813e+01 1.507164e+01
         vertex 4.650000e+00 9.678943e+00 1.617500e+01
      endloop
   endfacet
   facet normal 7.057576e-01 -5.803312e-01 4.063520e-01
      outer loop
         vertex 4.650000e+00 9.678943e+00 1.617500e+01
         vertex 6.000000e+00 1.054813e+01 1.507164e+01
         vertex 6.000000e+00 1.084808e+01 1.550000e+01
      endloop
   endfacet
   facet normal 7.057576e-01 -6.420767e-01 2.994057e-01
      outer loop
         vertex 4.650000e+00 9.678943e+00 1.617500e+01
         vertex 6.000000e+00 1.084808e+01 1.550000e+01
         vertex 4.650000e+00 9.800494e+00 1.643567e+01
      endloop
   endfacet
   facet normal 7.057576e-01 -6.420767e-01 2.994056e-01
      outer loop
         vertex 4.650000e+00 9.800494e+00 1.643567e+01
         vertex 6.000000e+00 1.084808e+01 1.550000e+01
         vertex 6.000000e+00 1.106908e+01 1.597394e+01
      endloop
   endfacet
   facet normal 7.057576e-01 -6.843133e-01 1.833616e-01
      outer loop
         vertex 4.650000e+00 9.800494e+00 1.643567e+01
         vertex 6.000000e+00 1.106908e+01 1.597394e+01
         vertex 4.650000e+00 9.874934e+00 1.671348e+01
      endloop
   endfacet
   facet normal 7.057575e-01 -6.843135e-01 1.833612e-01
      outer loop
         vertex 4.650000e+00 9.874934e+00 1.671348e+01
         vertex 6.000000e+00 1.106908e+01 1.597394e+01
         vertex 6.000000e+00 1.120442e+01 1.647906e+01
      endloop
   endfacet
   facet normal 7.057575e-01 -7.057576e-01 6.174531e-02
      outer loop
         vertex 4.650000e+00 9.874934e+00 1.671348e+01
         vertex 6.000000e+00 1.120442e+01 1.647906e+01
         vertex 4.650000e+00 9.900001e+00 1.700000e+01
      endloop
   endfacet
   facet normal 7.057576e-01 -7.057576e-01 6.174559e-02
      outer loop
         vertex 4.650000e+00 9.900001e+00 1.700000e+01
         vertex 6.000000e+00 1.120442e+01 1.647906e+01
         vertex 6.000000e+00 1.125000e+01 1.700000e+01
      endloop
   endfacet
   facet normal 7.057576e-01 -7.057576e-01 -6.174531e-02
      outer loop
         vertex 4.650000e+00 9.900001e+00 1.700000e+01
         vertex 6.000000e+00 1.125000e+01 1.700000e+01
         vertex 4.650000e+00 9.874934e+00 1.728652e+01
      endloop
   endfacet
   facet normal 7.057575e-01 -7.057576e-01 -6.174560e-02
      outer loop
         vertex 4.650000e+00 9.874934e+00 1.728652e+01
         vertex 6.000000e+00 1.125000e+01 1.700000e+01
         vertex 6.000000e+00 1.120442e+01 1.752095e+01
      endloop
   endfacet
   facet normal 7.057575e-01 -6.843134e-01 -1.833617e-01
      outer loop
         vertex 4.650000e+00 9.874934e+00 1.728652e+01
         vertex 6.000000e+00 1.120442e+01 1.752095e+01
         vertex 4.650000e+00 9.800494e+00 1.756433e+01
      endloop
   endfacet
   facet normal 7.057576e-01 -6.843134e-01 -1.833612e-01
      outer loop
         vertex 4.650000e+00 9.800494e+00 1.756433e+01
         vertex 6.000000e+00 1.120442e+01 1.752095e+01
         vertex 6.000000e+00 1.106908e+01 1.802606e+01
      endloop
   endfacet
   facet normal 7.057576e-01 -6.420767e-01 -2.994057e-01
      outer loop
         vertex 4.650000e+00 9.800494e+00 1.756433e+01
         vertex 6.000000e+00 1.106908e+01 1.802606e+01
         vertex 4.650000e+00 9.678943e+00 1.782500e+01
      endloop
   endfacet
   facet normal 7.057576e-01 -6.420767e-01 -2.994056e-01
      outer loop
         vertex 4.650000e+00 9.678943e+00 1.782500e+01
         vertex 6.000000e+00 1.106908e+01 1.802606e+01
         vertex 6.000000e+00 1.084808e+01 1.850000e+01
      endloop
   endfacet
   facet normal 7.057576e-01 -5.803313e-01 -4.063519e-01
      outer loop
         vertex 4.650000e+00 9.678943e+00 1.782500e+01
         vertex 6.000000e+00 1.084808e+01 1.850000e+01
         vertex 4.650000e+00 9.513974e+00 1.806060e+01
      endloop
   endfacet
   facet normal 7.057576e-01 -5.803312e-01 -4.063520e-01
      outer loop
         vertex 4.650000e+00 9.513974e+00 1.806060e+01
         vertex 6.000000e+00 1.084808e+01 1.850000e+01
         vertex 6.000000e+00 1.054813e+01 1.892836e+01
      endloop
   endfacet
   facet normal 7.057576e-01 -5.009521e-01 -5.009524e-01
      outer loop
         vertex 4.650000e+00 9.513974e+00 1.806060e+01
         vertex 6.000000e+00 1.054813e+01 1.892836e+01
         vertex 4.650000e+00 9.310600e+00 1.826397e+01
      endloop
   endfacet
   facet normal 7.057576e-01 -5.009521e-01 -5.009523e-01
      outer loop
         vertex 4.650000e+00 9.310600e+00 1.826397e+01
         vertex 6.000000e+00 1.054813e+01 1.892836e+01
         vertex 6.000000e+00 1.017836e+01 1.929813e+01
      endloop
   endfacet
   facet normal 7.057576e-01 -4.063524e-01 -5.803309e-01
      outer loop
         vertex 4.650000e+00 9.310600e+00 1.826397e+01
         vertex 6.000000e+00 1.017836e+01 1.929813e+01
         vertex 4.650000e+00 9.075001e+00 1.842894e+01
      endloop
   endfacet
   facet normal 7.057576e-01 -4.063523e-01 -5.803310e-01
      outer loop
         vertex 4.650000e+00 9.075001e+00 1.842894e+01
         vertex 6.000000e+00 1.017836e+01 1.929813e+01
         vertex 6.000000e+00 9.750001e+00 1.959808e+01
      endloop
   endfacet
   facet normal 7.057575e-01 -2.994051e-01 -6.420770e-01
      outer loop
         vertex 4.650000e+00 9.075001e+00 1.842894e+01
         vertex 6.000000e+00 9.750001e+00 1.959808e+01
         vertex 4.650000e+00 8.814334e+00 1.855049e+01
      endloop
   endfacet
   facet normal 7.057576e-01 -2.994053e-01 -6.420769e-01
      outer loop
         vertex 4.650000e+00 8.814334e+00 1.855049e+01
         vertex 6.000000e+00 9.750001e+00 1.959808e+01
         vertex 6.000000e+00 9.276061e+00 1.981908e+01
      endloop
   endfacet
   facet normal 7.057575e-01 -1.833613e-01 -6.843135e-01
      outer loop
         vertex 4.650000e+00 8.814334e+00 1.855049e+01
         vertex 6.000000e+00 9.276061e+00 1.981908e+01
         vertex 4.650000e+00 8.536520e+00 1.862493e+01
      endloop
   endfacet
   facet normal 7.057575e-01 -1.833612e-01 -6.843135e-01
      outer loop
         vertex 4.650000e+00 8.536520e+00 1.862493e+01
         vertex 6.000000e+00 9.276061e+00 1.981908e+01
         vertex 6.000000e+00 8.770945e+00 1.995442e+01
      endloop
   endfacet
   facet normal 7.057575e-01 -6.174587e-02 -7.057576e-01
      outer loop
         vertex 4.650000e+00 8.536520e+00 1.862493e+01
         vertex 6.000000e+00 8.770945e+00 1.995442e+01
         vertex 4.650000e+00 8.250001e+00 1.865000e+01
      endloop
   endfacet
   facet normal 7.057576e-01 -6.174590e-02 -7.057576e-01
      outer loop
         vertex 4.650000e+00 8.250001e+00 1.865000e+01
         vertex 6.000000e+00 8.770945e+00 1.995442e+01
         vertex 6.000000e+00 8.250001e+00 2.000000e+01
      endloop
   endfacet
   facet normal 7.057576e-01 6.174587e-02 -7.057576e-01
      outer loop
         vertex 4.650000e+00 8.250001e+00 1.865000e+01
         vertex 6.000000e+00 8.250001e+00 2.000000e+01
         vertex 4.650000e+00 7.963481e+00 1.862493e+01
      endloop
   endfacet
   facet normal 7.057575e-01 6.174590e-02 -7.057576e-01
      outer loop
         vertex 4.650000e+00 7.963481e+00 1.862493e+01
         vertex 6.000000e+00 8.250001e+00 2.000000e+01
         vertex 6.000000e+00 7.729056e+00 1.995442e+01
      endloop
   endfacet
   facet normal 7.057575e-01 1.833613e-01 -6.843135e-01
      outer loop
         vertex 4.650000e+00 7.963481e+00 1.862493e+01
         vertex 6.000000e+00 7.729056e+00 1.995442e+01
         vertex 4.650000e+00 7.685668e+00 1.855049e+01
      endloop
   endfacet
   facet normal 7.057575e-01 1.833612e-01 -6.843135e-01
      outer loop
         vertex 4.650000e+00 7.685668e+00 1.855049e+01
         vertex 6.000000e+00 7.729056e+00 1.995442e+01
         vertex 6.000000e+00 7.223940e+00 1.981908e+01
      endloop
   endfacet
   facet normal 7.057576e-01 2.994051e-01 -6.420770e-01
      outer loop
         vertex 4.650000e+00 7.685668e+00 1.855049e+01
         vertex 6.000000e+00 7.223940e+00 1.981908e+01
         vertex 4.650000e+00 7.425001e+00 1.842894e+01
      endloop
   endfacet
   facet normal 7.057575e-01 2.994053e-01 -6.420769e-01
      outer loop
         vertex 4.650000e+00 7.425001e+00 1.842894e+01
         vertex 6.000000e+00 7.223940e+00 1.981908e+01
         vertex 6.000000e+00 6.750001e+00 1.959808e+01
      endloop
   endfacet
   facet normal 7.057575e-01 4.063524e-01 -5.803309e-01
      outer loop
         vertex 4.650000e+00 7.425001e+00 1.842894e+01
         vertex 6.000000e+00 6.750001e+00 1.959808e+01
         vertex 4.650000e+00 7.189401e+00 1.826397e+01
      endloop
   endfacet
   facet normal 7.057576e-01 4.063523e-01 -5.803310e-01
      outer loop
         vertex 4.650000e+00 7.189401e+00 1.826397e+01
         vertex 6.000000e+00 6.750001e+00 1.959808e+01
         vertex 6.000000e+00 6.321638e+00 1.929813e+01
      endloop
   endfacet
   facet normal 7.057576e-01 5.009521e-01 -5.009523e-01
      outer loop
         vertex 4.650000e+00 7.189401e+00 1.826397e+01
         vertex 6.000000e+00 6.321638e+00 1.929813e+01
         vertex 4.650000e+00 6.986028e+00 1.806060e+01
      endloop
   endfacet
   facet normal 7.057576e-01 5.009521e-01 -5.009523e-01
      outer loop
         vertex 4.650000e+00 6.986028e+00 1.806060e+01
         vertex 6.000000e+00 6.321638e+00 1.929813e+01
         vertex 6.000000e+00 5.951867e+00 1.892836e+01
      endloop
   endfacet
   facet normal 7.057576e-01 5.803307e-01 -4.063526e-01
      outer loop
         vertex 4.650000e+00 6.986028e+00 1.806060e+01
         vertex 6.000000e+00 5.951867e+00 1.892836e+01
         vertex 4.650000e+00 6.821059e+00 1.782500e+01
      endloop
   endfacet
   facet normal 7.057575e-01 5.803313e-01 -4.063520e-01
      outer loop
         vertex 4.650000e+00 6.821059e+00 1.782500e+01
         vertex 6.000000e+00 5.951867e+00 1.892836e+01
         vertex 6.000000e+00 5.651925e+00 1.850000e+01
      endloop
   endfacet
   facet normal 7.057574e-01 6.420772e-01 -2.994049e-01
      outer loop
         vertex 4.650000e+00 6.821059e+00 1.782500e+01
         vertex 6.000000e+00 5.651925e+00 1.850000e+01
         vertex 4.650000e+00 6.699508e+00 1.756433e+01
      endloop
   endfacet
   facet normal 7.057576e-01 6.420767e-01 -2.994056e-01
      outer loop
         vertex 4.650000e+00 6.699508e+00 1.756433e+01
         vertex 6.000000e+00 5.651925e+00 1.850000e+01
         vertex 6.000000e+00 5.430923e+00 1.802606e+01
      endloop
   endfacet
   facet normal 7.057576e-01 6.843136e-01 -1.833606e-01
      outer loop
         vertex 4.650000e+00 6.699508e+00 1.756433e+01
         vertex 6.000000e+00 5.430923e+00 1.802606e+01
         vertex 4.650000e+00 6.625068e+00 1.728652e+01
      endloop
   endfacet
   facet normal 7.057577e-01 6.843134e-01 -1.833612e-01
      outer loop
         vertex 4.650000e+00 6.625068e+00 1.728652e+01
         vertex 6.000000e+00 5.430923e+00 1.802606e+01
         vertex 6.000000e+00 5.295577e+00 1.752095e+01
      endloop
   endfacet
   facet normal 7.057577e-01 7.057574e-01 -6.174643e-02
      outer loop
         vertex 4.650000e+00 6.625068e+00 1.728652e+01
         vertex 6.000000e+00 5.295577e+00 1.752095e+01
         vertex 4.650000e+00 6.600001e+00 1.700000e+01
      endloop
   endfacet
   facet normal 7.057575e-01 7.057577e-01 -6.174497e-02
      outer loop
         vertex 4.650000e+00 6.600001e+00 1.700000e+01
         vertex 6.000000e+00 5.295577e+00 1.752095e+01
         vertex 6.000000e+00 5.250001e+00 1.700000e+01
      endloop
   endfacet
   facet normal 7.057574e-01 7.057576e-01 6.174646e-02
      outer loop
         vertex 4.650000e+00 6.600001e+00 1.700000e+01
         vertex 6.000000e+00 5.250001e+00 1.700000e+01
         vertex 4.650000e+00 6.625068e+00 1.671348e+01
      endloop
   endfacet
   facet normal 7.057576e-01 7.057576e-01 6.174496e-02
      outer loop
         vertex 4.650000e+00 6.625068e+00 1.671348e+01
         vertex 6.000000e+00 5.250001e+00 1.700000e+01
         vertex 6.000000e+00 5.295577e+00 1.647906e+01
      endloop
   endfacet
   facet normal 7.057577e-01 6.843135e-01 1.833606e-01
      outer loop
         vertex 4.650000e+00 6.625068e+00 1.671348e+01
         vertex 6.000000e+00 5.295577e+00 1.647906e+01
         vertex 4.650000e+00 6.699508e+00 1.643567e+01
      endloop
   endfacet
   facet normal 7.057576e-01 6.843134e-01 1.833612e-01
      outer loop
         vertex 4.650000e+00 6.699508e+00 1.643567e+01
         vertex 6.000000e+00 5.295577e+00 1.647906e+01
         vertex 6.000000e+00 5.430923e+00 1.597394e+01
      endloop
   endfacet
   facet normal 7.057576e-01 6.420771e-01 2.994048e-01
      outer loop
         vertex 4.650000e+00 6.699508e+00 1.643567e+01
         vertex 6.000000e+00 5.430923e+00 1.597394e+01
         vertex 4.650000e+00 6.821059e+00 1.617500e+01
      endloop
   endfacet
   facet normal 7.057575e-01 6.420768e-01 2.994057e-01
      outer loop
         vertex 4.650000e+00 6.821059e+00 1.617500e+01
         vertex 6.000000e+00 5.430923e+00 1.597394e+01
         vertex 6.000000e+00 5.651925e+00 1.550000e+01
      endloop
   endfacet
   facet normal 7.057574e-01 5.803308e-01 4.063527e-01
      outer loop
         vertex 4.650000e+00 6.821059e+00 1.617500e+01
         vertex 6.000000e+00 5.651925e+00 1.550000e+01
         vertex 4.650000e+00 6.986028e+00 1.593940e+01
      endloop
   endfacet
   facet normal 7.057576e-01 5.803312e-01 4.063520e-01
      outer loop
         vertex 4.650000e+00 6.986028e+00 1.593940e+01
         vertex 6.000000e+00 5.651925e+00 1.550000e+01
         vertex 6.000000e+00 5.951867e+00 1.507164e+01
      endloop
   endfacet
   facet normal 7.057576e-01 5.009521e-01 5.009524e-01
      outer loop
         vertex 4.650000e+00 6.986028e+00 1.593940e+01
         vertex 6.000000e+00 5.951867e+00 1.507164e+01
         vertex 4.650000e+00 7.189401e+00 1.573603e+01
      endloop
   endfacet
   facet normal 7.057576e-01 5.009521e-01 5.009523e-01
      outer loop
         vertex 4.650000e+00 7.189401e+00 1.573603e+01
         vertex 6.000000e+00 5.951867e+00 1.507164e+01
         vertex 6.000000e+00 6.321638e+00 1.470187e+01
      endloop
   endfacet
   facet normal 7.057576e-01 4.063524e-01 5.803309e-01
      outer loop
         vertex 4.650000e+00 7.189401e+00 1.573603e+01
         vertex 6.000000e+00 6.321638e+00 1.470187e+01
         vertex 4.650000e+00 7.425001e+00 1.557106e+01
      endloop
   endfacet
   facet normal 7.057576e-01 4.063523e-01 5.803310e-01
      outer loop
         vertex 4.650000e+00 7.425001e+00 1.557106e+01
         vertex 6.000000e+00 6.321638e+00 1.470187e+01
         vertex 6.000000e+00 6.750001e+00 1.440192e+01
      endloop
   endfacet
   facet normal 7.057575e-01 2.994051e-01 6.420770e-01
      outer loop
         vertex 4.650000e+00 7.425001e+00 1.557106e+01
         vertex 6.000000e+00 6.750001e+00 1.440192e+01
         vertex 4.650000e+00 7.685668e+00 1.544951e+01
      endloop
   endfacet
   facet normal 7.057576e-01 2.994053e-01 6.420769e-01
      outer loop
         vertex 4.650000e+00 7.685668e+00 1.544951e+01
         vertex 6.000000e+00 6.750001e+00 1.440192e+01
         vertex 6.000000e+00 7.223940e+00 1.418092e+01
      endloop
   endfacet
   facet normal 7.057575e-01 1.833613e-01 6.843135e-01
      outer loop
         vertex 4.650000e+00 7.685668e+00 1.544951e+01
         vertex 6.000000e+00 7.223940e+00 1.418092e+01
         vertex 4.650000e+00 7.963481e+00 1.537507e+01
      endloop
   endfacet
   facet normal 7.057575e-01 1.833612e-01 6.843135e-01
      outer loop
         vertex 4.650000e+00 7.963481e+00 1.537507e+01
         vertex 6.000000e+00 7.223940e+00 1.418092e+01
         vertex 6.000000e+00 7.729056e+00 1.404558e+01
      endloop
   endfacet
   facet normal 7.057575e-01 6.174587e-02 7.057576e-01
      outer loop
         vertex 4.650000e+00 7.963481e+00 1.537507e+01
         vertex 6.000000e+00 7.729056e+00 1.404558e+01
         vertex 4.650000e+00 8.250001e+00 1.535000e+01
      endloop
   endfacet
   facet normal 7.057576e-01 6.174590e-02 7.057576e-01
      outer loop
         vertex 4.650000e+00 8.250001e+00 1.535000e+01
         vertex 6.000000e+00 7.729056e+00 1.404558e+01
         vertex 6.000000e+00 8.250001e+00 1.400000e+01
      endloop
   endfacet
   facet normal 1.000000e+00 0.000000e+00 -0.000000e+00
      outer loop
         vertex 6.000000e+00 1.508760e+01 1.079105e-01
         vertex 6.000000e+00 1.636250e+01 1.321114e+01
         vertex 6.000000e+00 1.280000e+01 1.321114e+01
      endloop
   endfacet
   facet normal 1.000000e+00 0.000000e+00 0.000000e+00
      outer loop
         vertex 6.000000e+00 6.850000e+01 1.440192e+01
         vertex 6.000000e+00 6.802606e+01 1.418092e+01
         vertex 6.000000e+00 7.700000e+01 1.417500e+01
      endloop
   endfacet
   facet normal 1.000000e+00 0.000000e+00 0.000000e+00
      outer loop
         vertex 6.000000e+00 1.832490e+02 1.472557e+01
         vertex 6.000000e+00 1.827591e+02 1.367500e+01
         vertex 6.000000e+00 1.937417e+02 1.404798e+01
      endloop
   endfacet
   facet normal 1.000000e+00 -0.000000e+00 0.000000e+00
      outer loop
         vertex 6.000000e+00 1.820942e+02 1.272546e+01
         vertex 6.000000e+00 1.917224e+02 8.500000e+00
         vertex 6.000000e+00 1.827591e+02 1.367500e+01
      endloop
   endfacet
   facet normal 1.000000e+00 0.000000e+00 0.000000e+00
      outer loop
         vertex 6.000000e+00 1.827591e+02 1.367500e+01
         vertex 6.000000e+00 1.917224e+02 8.500000e+00
         vertex 6.000000e+00 1.929748e+02 1.118566e+01
      endloop
   endfacet
   facet normal 1.000000e+00 -0.000000e+00 0.000000e+00
      outer loop
         vertex 6.000000e+00 1.827591e+02 1.367500e+01
         vertex 6.000000e+00 1.929748e+02 1.118566e+01
         vertex 6.000000e+00 1.937417e+02 1.404798e+01
      endloop
   endfacet
   facet normal 1.000000e+00 0.000000e+00 0.000000e+00
      outer loop
         vertex 6.000000e+00 1.727255e+02 1.190581e+01
         vertex 6.000000e+00 1.719058e+02 1.272546e+01
         vertex 6.000000e+00 1.601750e+02 3.110617e-03
      endloop
   endfacet
   facet normal 1.000000e+00 0.000000e+00 0.000000e+00
      outer loop
         vertex 6.000000e+00 1.770000e+02 1.035000e+01
         vertex 6.000000e+00 1.758452e+02 1.045103e+01
         vertex 6.000000e+00 1.770000e+02 0.000000e+00
      endloop
   endfacet
   facet normal 1.000000e+00 0.000000e+00 0.000000e+00
      outer loop
         vertex 6.000000e+00 1.770000e+02 0.000000e+00
         vertex 6.000000e+00 1.758452e+02 1.045103e+01
         vertex 6.000000e+00 1.747256e+02 1.075104e+01
      endloop
   endfacet
   facet normal 1.000000e+00 0.000000e+00 0.000000e+00
      outer loop
         vertex 6.000000e+00 1.770000e+02 0.000000e+00
         vertex 6.000000e+00 1.747256e+02 1.075104e+01
         vertex 6.000000e+00 1.601750e+02 3.110617e-03
      endloop
   endfacet
   facet normal 1.000000e+00 0.000000e+00 0.000000e+00
      outer loop
         vertex 6.000000e+00 1.601750e+02 3.110617e-03
         vertex 6.000000e+00 1.747256e+02 1.075104e+01
         vertex 6.000000e+00 1.736750e+02 1.124093e+01
      endloop
   endfacet
   facet normal 1.000000e+00 0.000000e+00 0.000000e+00
      outer loop
         vertex 6.000000e+00 1.601750e+02 3.110617e-03
         vertex 6.000000e+00 1.736750e+02 1.124093e+01
         vertex 6.000000e+00 1.727255e+02 1.190581e+01
      endloop
   endfacet
   facet normal 1.000000e+00 -0.000000e+00 0.000000e+00
      outer loop
         vertex 6.000000e+00 1.770000e+02 1.035000e+01
         vertex 6.000000e+00 1.770000e+02 0.000000e+00
         vertex 6.000000e+00 1.781548e+02 1.045103e+01
      endloop
   endfacet
   facet normal 1.000000e+00 0.000000e+00 0.000000e+00
      outer loop
         vertex 6.000000e+00 1.781548e+02 1.045103e+01
         vertex 6.000000e+00 1.770000e+02 0.000000e+00
         vertex 6.000000e+00 1.799520e+02 2.582688e-01
      endloop
   endfacet
   facet normal 1.000000e+00 -0.000000e+00 0.000000e+00
      outer loop
         vertex 6.000000e+00 1.781548e+02 1.045103e+01
         vertex 6.000000e+00 1.799520e+02 2.582688e-01
         vertex 6.000000e+00 1.792744e+02 1.075104e+01
      endloop
   endfacet
   facet normal 1.000000e+00 0.000000e+00 0.000000e+00
      outer loop
         vertex 6.000000e+00 1.792744e+02 1.075104e+01
         vertex 6.000000e+00 1.799520e+02 2.582688e-01
         vertex 6.000000e+00 1.828143e+02 1.025226e+00
      endloop
   endfacet
   facet normal 1.000000e+00 -0.000000e+00 0.000000e+00
      outer loop
         vertex 6.000000e+00 1.792744e+02 1.075104e+01
         vertex 6.000000e+00 1.828143e+02 1.025226e+00
         vertex 6.000000e+00 1.803250e+02 1.124093e+01
      endloop
   endfacet
   facet normal 1.000000e+00 0.000000e+00 0.000000e+00
      outer loop
         vertex 6.000000e+00 1.803250e+02 1.124093e+01
         vertex 6.000000e+00 1.828143e+02 1.025226e+00
         vertex 6.000000e+00 1.855000e+02 2.277569e+00
      endloop
   endfacet
   facet normal 1.000000e+00 -0.000000e+00 0.000000e+00
      outer loop
         vertex 6.000000e+00 1.803250e+02 1.124093e+01
         vertex 6.000000e+00 1.855000e+02 2.277569e+00
         vertex 6.000000e+00 1.812745e+02 1.190581e+01
      endloop
   endfacet
   facet normal 1.000000e+00 0.000000e+00 0.000000e+00
      outer loop
         vertex 6.000000e+00 1.812745e+02 1.190581e+01
         vertex 6.000000e+00 1.855000e+02 2.277569e+00
         vertex 6.000000e+00 1.879274e+02 3.977246e+00
      endloop
   endfacet
   facet normal 1.000000e+00 -0.000000e+00 0.000000e+00
      outer loop
         vertex 6.000000e+00 1.812745e+02 1.190581e+01
         vertex 6.000000e+00 1.879274e+02 3.977246e+00
         vertex 6.000000e+00 1.820942e+02 1.272546e+01
      endloop
   endfacet
   facet normal 1.000000e+00 0.000000e+00 0.000000e+00
      outer loop
         vertex 6.000000e+00 1.820942e+02 1.272546e+01
         vertex 6.000000e+00 1.879274e+02 3.977246e+00
         vertex 6.000000e+00 1.900228e+02 6.072612e+00
      endloop
   endfacet
   facet normal 1.000000e+00 0.000000e+00 0.000000e+00
      outer loop
         vertex 6.000000e+00 1.820942e+02 1.272546e+01
         vertex 6.000000e+00 1.900228e+02 6.072612e+00
         vertex 6.000000e+00 1.917224e+02 8.500000e+00
      endloop
   endfacet
   facet normal 1.000000e+00 0.000000e+00 0.000000e+00
      outer loop
         vertex 6.000000e+00 1.937417e+02 1.995202e+01
         vertex 6.000000e+00 1.835490e+02 1.815476e+01
         vertex 6.000000e+00 1.940000e+02 1.700000e+01
      endloop
   endfacet
   facet normal 1.000000e+00 0.000000e+00 0.000000e+00
      outer loop
         vertex 6.000000e+00 1.940000e+02 1.700000e+01
         vertex 6.000000e+00 1.835490e+02 1.815476e+01
         vertex 6.000000e+00 1.836500e+02 1.700000e+01
      endloop
   endfacet
   facet normal 1.000000e+00 0.000000e+00 0.000000e+00
      outer loop
         vertex 6.000000e+00 1.940000e+02 1.700000e+01
         vertex 6.000000e+00 1.836500e+02 1.700000e+01
         vertex 6.000000e+00 1.937417e+02 1.404798e+01
      endloop
   endfacet
   facet normal 1.000000e+00 0.000000e+00 0.000000e+00
      outer loop
         vertex 6.000000e+00 1.937417e+02 1.404798e+01
         vertex 6.000000e+00 1.836500e+02 1.700000e+01
         vertex 6.000000e+00 1.835490e+02 1.584524e+01
      endloop
   endfacet
   facet normal 1.000000e+00 0.000000e+00 0.000000e+00
      outer loop
         vertex 6.000000e+00 1.937417e+02 1.404798e+01
         vertex 6.000000e+00 1.835490e+02 1.584524e+01
         vertex 6.000000e+00 1.832490e+02 1.472557e+01
      endloop
   endfacet
   facet normal 1.000000e+00 0.000000e+00 -0.000000e+00
      outer loop
         vertex 6.000000e+00 1.712409e+02 2.032500e+01
         vertex 6.000000e+00 1.719058e+02 2.127454e+01
         vertex 6.000000e+00 1.601750e+02 2.561386e+01
      endloop
   endfacet
   facet normal 1.000000e+00 0.000000e+00 0.000000e+00
      outer loop
         vertex 6.000000e+00 1.917224e+02 2.550000e+01
         vertex 6.000000e+00 1.820942e+02 2.127454e+01
         vertex 6.000000e+00 1.929748e+02 2.281434e+01
      endloop
   endfacet
   facet normal 1.000000e+00 0.000000e+00 0.000000e+00
      outer loop
         vertex 6.000000e+00 1.929748e+02 2.281434e+01
         vertex 6.000000e+00 1.820942e+02 2.127454e+01
         vertex 6.000000e+00 1.827591e+02 2.032500e+01
      endloop
   endfacet
   facet normal 1.000000e+00 0.000000e+00 0.000000e+00
      outer loop
         vertex 6.000000e+00 1.929748e+02 2.281434e+01
         vertex 6.000000e+00 1.827591e+02 2.032500e+01
         vertex 6.000000e+00 1.937417e+02 1.995202e+01
      endloop
   endfacet
   facet normal 1.000000e+00 0.000000e+00 0.000000e+00
      outer loop
         vertex 6.000000e+00 1.937417e+02 1.995202e+01
         vertex 6.000000e+00 1.827591e+02 2.032500e+01
         vertex 6.000000e+00 1.832490e+02 1.927443e+01
      endloop
   endfacet
   facet normal 1.000000e+00 0.000000e+00 0.000000e+00
      outer loop
         vertex 6.000000e+00 1.937417e+02 1.995202e+01
         vertex 6.000000e+00 1.832490e+02 1.927443e+01
         vertex 6.000000e+00 1.835490e+02 1.815476e+01
      endloop
   endfacet
   facet normal 1.000000e+00 0.000000e+00 -0.000000e+00
      outer loop
         vertex 6.000000e+00 1.719058e+02 2.127454e+01
         vertex 6.000000e+00 1.727255e+02 2.209420e+01
         vertex 6.000000e+00 1.601750e+02 2.561386e+01
      endloop
   endfacet
   facet normal 1.000000e+00 0.000000e+00 0.000000e+00
      outer loop
         vertex 6.000000e+00 1.601750e+02 2.561386e+01
         vertex 6.000000e+00 1.727255e+02 2.209420e+01
         vertex 6.000000e+00 1.736750e+02 2.275907e+01
      endloop
   endfacet
   facet normal 1.000000e+00 0.000000e+00 0.000000e+00
      outer loop
         vertex 6.000000e+00 1.601750e+02 2.561386e+01
         vertex 6.000000e+00 1.736750e+02 2.275907e+01
         vertex 6.000000e+00 1.747256e+02 2.324896e+01
      endloop
   endfacet
   facet normal 1.000000e+00 -0.000000e+00 0.000000e+00
      outer loop
         vertex 6.000000e+00 1.792744e+02 2.324896e+01
         vertex 6.000000e+00 1.803250e+02 2.275907e+01
         vertex 6.000000e+00 1.917224e+02 2.550000e+01
      endloop
   endfacet
   facet normal 1.000000e+00 0.000000e+00 0.000000e+00
      outer loop
         vertex 6.000000e+00 1.917224e+02 2.550000e+01
         vertex 6.000000e+00 1.803250e+02 2.275907e+01
         vertex 6.000000e+00 1.812745e+02 2.209420e+01
      endloop
   endfacet
   facet normal 1.000000e+00 0.000000e+00 0.000000e+00
      outer loop
         vertex 6.000000e+00 1.917224e+02 2.550000e+01
         vertex 6.000000e+00 1.812745e+02 2.209420e+01
         vertex 6.000000e+00 1.820942e+02 2.127454e+01
      endloop
   endfacet
   facet normal 1.000000e+00 0.000000e+00 -0.000000e+00
      outer loop
         vertex 6.000000e+00 1.747256e+02 2.324896e+01
         vertex 6.000000e+00 1.758452e+02 2.354897e+01
         vertex 6.000000e+00 1.601750e+02 2.561386e+01
      endloop
   endfacet
   facet normal 1.000000e+00 0.000000e+00 0.000000e+00
      outer loop
         vertex 6.000000e+00 1.601750e+02 2.561386e+01
         vertex 6.000000e+00 1.758452e+02 2.354897e+01
         vertex 6.000000e+00 1.770000e+02 2.365000e+01
      endloop
   endfacet
   facet normal 1.000000e+00 0.000000e+00 0.000000e+00
      outer loop
         vertex 6.000000e+00 1.601750e+02 2.561386e+01
         vertex 6.000000e+00 1.770000e+02 2.365000e+01
         vertex 6.000000e+00 1.917224e+02 2.550000e+01
      endloop
   endfacet
   facet normal 1.000000e+00 0.000000e+00 0.000000e+00
      outer loop
         vertex 6.000000e+00 1.917224e+02 2.550000e+01
         vertex 6.000000e+00 1.770000e+02 2.365000e+01
         vertex 6.000000e+00 1.781548e+02 2.354897e+01
      endloop
   endfacet
   facet normal 1.000000e+00 0.000000e+00 0.000000e+00
      outer loop
         vertex 6.000000e+00 1.917224e+02 2.550000e+01
         vertex 6.000000e+00 1.781548e+02 2.354897e+01
         vertex 6.000000e+00 1.792744e+02 2.324896e+01
      endloop
   endfacet
   facet normal 1.000000e+00 -0.000000e+00 0.000000e+00
      outer loop
         vertex 6.000000e+00 1.601750e+02 1.417500e+01
         vertex 6.000000e+00 1.712409e+02 1.367500e+01
         vertex 6.000000e+00 1.707510e+02 1.472557e+01
      endloop
   endfacet
   facet normal 1.000000e+00 0.000000e+00 0.000000e+00
      outer loop
         vertex 6.000000e+00 1.707510e+02 1.472557e+01
         vertex 6.000000e+00 1.704510e+02 1.584524e+01
         vertex 6.000000e+00 1.601750e+02 1.417500e+01
      endloop
   endfacet
   facet normal 1.000000e+00 0.000000e+00 0.000000e+00
      outer loop
         vertex 6.000000e+00 1.601750e+02 1.417500e+01
         vertex 6.000000e+00 1.704510e+02 1.584524e+01
         vertex 6.000000e+00 1.703500e+02 1.700000e+01
      endloop
   endfacet
   facet normal 1.000000e+00 0.000000e+00 0.000000e+00
      outer loop
         vertex 6.000000e+00 1.601750e+02 1.417500e+01
         vertex 6.000000e+00 1.703500e+02 1.700000e+01
         vertex 6.000000e+00 1.601750e+02 1.982500e+01
      endloop
   endfacet
   facet normal 1.000000e+00 0.000000e+00 0.000000e+00
      outer loop
         vertex 6.000000e+00 1.601750e+02 1.982500e+01
         vertex 6.000000e+00 1.703500e+02 1.700000e+01
         vertex 6.000000e+00 1.704510e+02 1.815476e+01
      endloop
   endfacet
   facet normal 1.000000e+00 -0.000000e+00 0.000000e+00
      outer loop
         vertex 6.000000e+00 1.790635e+01 1.949019e+01
         vertex 6.000000e+00 1.832500e+01 1.929497e+01
         vertex 6.000000e+00 3.418750e+01 1.982500e+01
      endloop
   endfacet
   facet normal 1.000000e+00 0.000000e+00 0.000000e+00
      outer loop
         vertex 6.000000e+00 1.609365e+01 1.949019e+01
         vertex 6.000000e+00 1.653983e+01 1.960974e+01
         vertex 6.000000e+00 1.636250e+01 1.982500e+01
      endloop
   endfacet
   facet normal 1.000000e+00 0.000000e+00 0.000000e+00
      outer loop
         vertex 6.000000e+00 1.636250e+01 1.982500e+01
         vertex 6.000000e+00 1.653983e+01 1.960974e+01
         vertex 6.000000e+00 1.700000e+01 1.965000e+01
      endloop
   endfacet
   facet normal 1.000000e+00 0.000000e+00 0.000000e+00
      outer loop
         vertex 6.000000e+00 1.636250e+01 1.982500e+01
         vertex 6.000000e+00 1.700000e+01 1.965000e+01
         vertex 6.000000e+00 1.746017e+01 1.960974e+01
      endloop
   endfacet
   facet normal 1.000000e+00 -0.000000e+00 0.000000e+00
      outer loop
         vertex 6.000000e+00 1.832500e+01 1.929497e+01
         vertex 6.000000e+00 1.870339e+01 1.903002e+01
         vertex 6.000000e+00 3.418750e+01 1.982500e+01
      endloop
   endfacet
   facet normal 1.000000e+00 0.000000e+00 0.000000e+00
      outer loop
         vertex 6.000000e+00 3.418750e+01 1.982500e+01
         vertex 6.000000e+00 1.870339e+01 1.903002e+01
         vertex 6.000000e+00 1.903002e+01 1.870339e+01
      endloop
   endfacet
   facet normal 1.000000e+00 0.000000e+00 0.000000e+00
      outer loop
         vertex 6.000000e+00 3.418750e+01 1.982500e+01
         vertex 6.000000e+00 1.903002e+01 1.870339e+01
         vertex 6.000000e+00 1.929497e+01 1.832500e+01
      endloop
   endfacet
   facet normal 1.000000e+00 -0.000000e+00 0.000000e+00
      outer loop
         vertex 6.000000e+00 1.832500e+01 1.470503e+01
         vertex 6.000000e+00 3.418750e+01 1.417500e+01
         vertex 6.000000e+00 1.870339e+01 1.496998e+01
      endloop
   endfacet
   facet normal 1.000000e+00 -0.000000e+00 0.000000e+00
      outer loop
         vertex 6.000000e+00 1.870339e+01 1.496998e+01
         vertex 6.000000e+00 3.418750e+01 1.417500e+01
         vertex 6.000000e+00 1.903002e+01 1.529661e+01
      endloop
   endfacet
   facet normal 1.000000e+00 0.000000e+00 0.000000e+00
      outer loop
         vertex 6.000000e+00 1.960974e+01 1.653983e+01
         vertex 6.000000e+00 1.949019e+01 1.609365e+01
         vertex 6.000000e+00 3.418750e+01 1.417500e+01
      endloop
   endfacet
   facet normal 1.000000e+00 0.000000e+00 0.000000e+00
      outer loop
         vertex 6.000000e+00 3.418750e+01 1.417500e+01
         vertex 6.000000e+00 1.949019e+01 1.609365e+01
         vertex 6.000000e+00 1.929497e+01 1.567500e+01
      endloop
   endfacet
   facet normal 1.000000e+00 0.000000e+00 0.000000e+00
      outer loop
         vertex 6.000000e+00 3.418750e+01 1.417500e+01
         vertex 6.000000e+00 1.929497e+01 1.567500e+01
         vertex 6.000000e+00 1.903002e+01 1.529661e+01
      endloop
   endfacet
   facet normal 1.000000e+00 -0.000000e+00 0.000000e+00
      outer loop
         vertex 6.000000e+00 1.700000e+01 1.435000e+01
         vertex 6.000000e+00 1.636250e+01 1.417500e+01
         vertex 6.000000e+00 1.746017e+01 1.439026e+01
      endloop
   endfacet
   facet normal 1.000000e+00 0.000000e+00 0.000000e+00
      outer loop
         vertex 6.000000e+00 1.746017e+01 1.439026e+01
         vertex 6.000000e+00 1.636250e+01 1.417500e+01
         vertex 6.000000e+00 3.418750e+01 1.417500e+01
      endloop
   endfacet
   facet normal 1.000000e+00 -0.000000e+00 0.000000e+00
      outer loop
         vertex 6.000000e+00 1.746017e+01 1.439026e+01
         vertex 6.000000e+00 3.418750e+01 1.417500e+01
         vertex 6.000000e+00 1.790635e+01 1.450982e+01
      endloop
   endfacet
   facet normal 1.000000e+00 -0.000000e+00 0.000000e+00
      outer loop
         vertex 6.000000e+00 1.790635e+01 1.450982e+01
         vertex 6.000000e+00 3.418750e+01 1.417500e+01
         vertex 6.000000e+00 1.832500e+01 1.470503e+01
      endloop
   endfacet
   facet normal 1.000000e+00 -0.000000e+00 0.000000e+00
      outer loop
         vertex 6.000000e+00 1.929497e+01 1.832500e+01
         vertex 6.000000e+00 1.949019e+01 1.790635e+01
         vertex 6.000000e+00 3.418750e+01 1.982500e+01
      endloop
   endfacet
   facet normal 1.000000e+00 0.000000e+00 0.000000e+00
      outer loop
         vertex 6.000000e+00 3.418750e+01 1.982500e+01
         vertex 6.000000e+00 1.949019e+01 1.790635e+01
         vertex 6.000000e+00 1.960974e+01 1.746017e+01
      endloop
   endfacet
   facet normal 1.000000e+00 0.000000e+00 0.000000e+00
      outer loop
         vertex 6.000000e+00 3.418750e+01 1.982500e+01
         vertex 6.000000e+00 1.960974e+01 1.746017e+01
         vertex 6.000000e+00 3.418750e+01 1.417500e+01
      endloop
   endfacet
   facet normal 1.000000e+00 0.000000e+00 0.000000e+00
      outer loop
         vertex 6.000000e+00 3.418750e+01 1.417500e+01
         vertex 6.000000e+00 1.960974e+01 1.746017e+01
         vertex 6.000000e+00 1.965000e+01 1.700000e+01
      endloop
   endfacet
   facet normal 1.000000e+00 0.000000e+00 0.000000e+00
      outer loop
         vertex 6.000000e+00 3.418750e+01 1.417500e+01
         vertex 6.000000e+00 1.965000e+01 1.700000e+01
         vertex 6.000000e+00 1.960974e+01 1.653983e+01
      endloop
   endfacet
   facet normal 1.000000e+00 0.000000e+00 -0.000000e+00
      outer loop
         vertex 6.000000e+00 1.450982e+01 1.790635e+01
         vertex 6.000000e+00 1.470503e+01 1.832500e+01
         vertex 6.000000e+00 1.280000e+01 1.982500e+01
      endloop
   endfacet
   facet normal 1.000000e+00 0.000000e+00 0.000000e+00
      outer loop
         vertex 6.000000e+00 1.700000e+01 1.435000e+01
         vertex 6.000000e+00 1.653983e+01 1.439026e+01
         vertex 6.000000e+00 1.636250e+01 1.417500e+01
      endloop
   endfacet
   facet normal 1.000000e+00 0.000000e+00 -0.000000e+00
      outer loop
         vertex 6.000000e+00 1.636250e+01 1.417500e+01
         vertex 6.000000e+00 1.653983e+01 1.439026e+01
         vertex 6.000000e+00 1.609365e+01 1.450982e+01
      endloop
   endfacet
   facet normal 1.000000e+00 0.000000e+00 0.000000e+00
      outer loop
         vertex 6.000000e+00 1.636250e+01 1.417500e+01
         vertex 6.000000e+00 1.609365e+01 1.450982e+01
         vertex 6.000000e+00 1.280000e+01 1.417500e+01
      endloop
   endfacet
   facet normal 1.000000e+00 0.000000e+00 0.000000e+00
      outer loop
         vertex 6.000000e+00 1.280000e+01 1.417500e+01
         vertex 6.000000e+00 1.609365e+01 1.450982e+01
         vertex 6.000000e+00 1.567500e+01 1.470503e+01
      endloop
   endfacet
   facet normal 1.000000e+00 0.000000e+00 0.000000e+00
      outer loop
         vertex 6.000000e+00 1.280000e+01 1.417500e+01
         vertex 6.000000e+00 1.567500e+01 1.470503e+01
         vertex 6.000000e+00 1.529661e+01 1.496998e+01
      endloop
   endfacet
   facet normal 1.000000e+00 0.000000e+00 -0.000000e+00
      outer loop
         vertex 6.000000e+00 1.470503e+01 1.832500e+01
         vertex 6.000000e+00 1.496998e+01 1.870339e+01
         vertex 6.000000e+00 1.280000e+01 1.982500e+01
      endloop
   endfacet
   facet normal 1.000000e+00 0.000000e+00 0.000000e+00
      outer loop
         vertex 6.000000e+00 1.280000e+01 1.982500e+01
         vertex 6.000000e+00 1.496998e+01 1.870339e+01
         vertex 6.000000e+00 1.529661e+01 1.903002e+01
      endloop
   endfacet
   facet normal 1.000000e+00 0.000000e+00 0.000000e+00
      outer loop
         vertex 6.000000e+00 1.280000e+01 1.982500e+01
         vertex 6.000000e+00 1.529661e+01 1.903002e+01
         vertex 6.000000e+00 1.567500e+01 1.929497e+01
      endloop
   endfacet
   facet normal 1.000000e+00 0.000000e+00 0.000000e+00
      outer loop
         vertex 6.000000e+00 1.529661e+01 1.496998e+01
         vertex 6.000000e+00 1.496998e+01 1.529661e+01
         vertex 6.000000e+00 1.280000e+01 1.417500e+01
      endloop
   endfacet
   facet normal 1.000000e+00 0.000000e+00 0.000000e+00
      outer loop
         vertex 6.000000e+00 1.280000e+01 1.417500e+01
         vertex 6.000000e+00 1.496998e+01 1.529661e+01
         vertex 6.000000e+00 1.470503e+01 1.567500e+01
      endloop
   endfacet
   facet normal 1.000000e+00 0.000000e+00 0.000000e+00
      outer loop
         vertex 6.000000e+00 1.280000e+01 1.417500e+01
         vertex 6.000000e+00 1.470503e+01 1.567500e+01
         vertex 6.000000e+00 1.450982e+01 1.609365e+01
      endloop
   endfacet
   facet normal 1.000000e+00 0.000000e+00 0.000000e+00
      outer loop
         vertex 6.000000e+00 1.450982e+01 1.609365e+01
         vertex 6.000000e+00 1.439026e+01 1.653983e+01
         vertex 6.000000e+00 1.280000e+01 1.417500e+01
      endloop
   endfacet
   facet normal 1.000000e+00 0.000000e+00 0.000000e+00
      outer loop
         vertex 6.000000e+00 1.280000e+01 1.417500e+01
         vertex 6.000000e+00 1.439026e+01 1.653983e+01
         vertex 6.000000e+00 1.435000e+01 1.700000e+01
      endloop
   endfacet
   facet normal 1.000000e+00 0.000000e+00 0.000000e+00
      outer loop
         vertex 6.000000e+00 1.280000e+01 1.417500e+01
         vertex 6.000000e+00 1.435000e+01 1.700000e+01
         vertex 6.000000e+00 1.280000e+01 1.982500e+01
      endloop
   endfacet
   facet normal 1.000000e+00 0.000000e+00 0.000000e+00
      outer loop
         vertex 6.000000e+00 1.280000e+01 1.982500e+01
         vertex 6.000000e+00 1.435000e+01 1.700000e+01
         vertex 6.000000e+00 1.439026e+01 1.746017e+01
      endloop
   endfacet
   facet normal 1.000000e+00 0.000000e+00 0.000000e+00
      outer loop
         vertex 6.000000e+00 1.280000e+01 1.982500e+01
         vertex 6.000000e+00 1.439026e+01 1.746017e+01
         vertex 6.000000e+00 1.450982e+01 1.790635e+01
      endloop
   endfacet
   facet normal 1.000000e+00 0.000000e+00 -0.000000e+00
      outer loop
         vertex 6.000000e+00 1.877692e+01 2.607772e+01
         vertex 6.000000e+00 1.907687e+01 2.650609e+01
         vertex 6.000000e+00 1.508760e+01 3.389209e+01
      endloop
   endfacet
   facet normal 1.000000e+00 0.000000e+00 -0.000000e+00
      outer loop
         vertex 6.000000e+00 1.907687e+01 2.650609e+01
         vertex 6.000000e+00 1.944664e+01 2.687586e+01
         vertex 6.000000e+00 1.508760e+01 3.389209e+01
      endloop
   endfacet
   facet normal 1.000000e+00 0.000000e+00 0.000000e+00
      outer loop
         vertex 6.000000e+00 1.508760e+01 3.389209e+01
         vertex 6.000000e+00 1.944664e+01 2.687586e+01
         vertex 6.000000e+00 1.987500e+01 2.717580e+01
      endloop
   endfacet
   facet normal 1.000000e+00 -0.000000e+00 0.000000e+00
      outer loop
         vertex 6.000000e+00 1.508760e+01 3.389209e+01
         vertex 6.000000e+00 1.987500e+01 2.717580e+01
         vertex 6.000000e+00 1.799909e+01 3.397062e+01
      endloop
   endfacet
   facet normal 1.000000e+00 0.000000e+00 0.000000e+00
      outer loop
         vertex 6.000000e+00 1.799909e+01 3.397062e+01
         vertex 6.000000e+00 1.987500e+01 2.717580e+01
         vertex 6.000000e+00 2.034894e+01 2.739680e+01
      endloop
   endfacet
   facet normal 1.000000e+00 0.000000e+00 0.000000e+00
      outer loop
         vertex 6.000000e+00 1.799909e+01 3.397062e+01
         vertex 6.000000e+00 2.034894e+01 2.739680e+01
         vertex 6.000000e+00 2.085406e+01 2.753215e+01
      endloop
   endfacet
   facet normal 1.000000e+00 -0.000000e+00 0.000000e+00
      outer loop
         vertex 6.000000e+00 2.287500e+01 2.717580e+01
         vertex 6.000000e+00 2.330336e+01 2.687586e+01
         vertex 6.000000e+00 3.418750e+01 3.397361e+01
      endloop
   endfacet
   facet normal 1.000000e+00 0.000000e+00 0.000000e+00
      outer loop
         vertex 6.000000e+00 3.418750e+01 3.397361e+01
         vertex 6.000000e+00 2.330336e+01 2.687586e+01
         vertex 6.000000e+00 2.367313e+01 2.650609e+01
      endloop
   endfacet
   facet normal 1.000000e+00 0.000000e+00 0.000000e+00
      outer loop
         vertex 6.000000e+00 3.418750e+01 3.397361e+01
         vertex 6.000000e+00 2.367313e+01 2.650609e+01
         vertex 6.000000e+00 2.397308e+01 2.607772e+01
      endloop
   endfacet
   facet normal 1.000000e+00 0.000000e+00 -0.000000e+00
      outer loop
         vertex 6.000000e+00 2.085406e+01 2.753215e+01
         vertex 6.000000e+00 2.137500e+01 2.757772e+01
         vertex 6.000000e+00 1.799909e+01 3.397062e+01
      endloop
   endfacet
   facet normal 1.000000e+00 0.000000e+00 0.000000e+00
      outer loop
         vertex 6.000000e+00 1.799909e+01 3.397062e+01
         vertex 6.000000e+00 2.137500e+01 2.757772e+01
         vertex 6.000000e+00 2.189595e+01 2.753215e+01
      endloop
   endfacet
   facet normal 1.000000e+00 -0.000000e+00 0.000000e+00
      outer loop
         vertex 6.000000e+00 1.799909e+01 3.397062e+01
         vertex 6.000000e+00 2.189595e+01 2.753215e+01
         vertex 6.000000e+00 3.418750e+01 3.397361e+01
      endloop
   endfacet
   facet normal 1.000000e+00 0.000000e+00 0.000000e+00
      outer loop
         vertex 6.000000e+00 3.418750e+01 3.397361e+01
         vertex 6.000000e+00 2.189595e+01 2.753215e+01
         vertex 6.000000e+00 2.240106e+01 2.739680e+01
      endloop
   endfacet
   facet normal 1.000000e+00 0.000000e+00 0.000000e+00
      outer loop
         vertex 6.000000e+00 3.418750e+01 3.397361e+01
         vertex 6.000000e+00 2.240106e+01 2.739680e+01
         vertex 6.000000e+00 2.287500e+01 2.717580e+01
      endloop
   endfacet
   facet normal 1.000000e+00 0.000000e+00 0.000000e+00
      outer loop
         vertex 6.000000e+00 2.287500e+01 2.197965e+01
         vertex 6.000000e+00 2.240106e+01 2.175865e+01
         vertex 6.000000e+00 3.418750e+01 2.078886e+01
      endloop
   endfacet
   facet normal 1.000000e+00 0.000000e+00 0.000000e+00
      outer loop
         vertex 6.000000e+00 3.418750e+01 2.078886e+01
         vertex 6.000000e+00 2.240106e+01 2.175865e+01
         vertex 6.000000e+00 2.189595e+01 2.162330e+01
      endloop
   endfacet
   facet normal 1.000000e+00 0.000000e+00 0.000000e+00
      outer loop
         vertex 6.000000e+00 3.418750e+01 2.078886e+01
         vertex 6.000000e+00 2.189595e+01 2.162330e+01
         vertex 6.000000e+00 2.137500e+01 2.157772e+01
      endloop
   endfacet
   facet normal 1.000000e+00 0.000000e+00 0.000000e+00
      outer loop
         vertex 6.000000e+00 3.418750e+01 2.561386e+01
         vertex 6.000000e+00 2.419408e+01 2.560378e+01
         vertex 6.000000e+00 2.432942e+01 2.509867e+01
      endloop
   endfacet
   facet normal 1.000000e+00 0.000000e+00 0.000000e+00
      outer loop
         vertex 6.000000e+00 2.397308e+01 2.307772e+01
         vertex 6.000000e+00 2.367313e+01 2.264936e+01
         vertex 6.000000e+00 3.418750e+01 2.078886e+01
      endloop
   endfacet
   facet normal 1.000000e+00 0.000000e+00 0.000000e+00
      outer loop
         vertex 6.000000e+00 3.418750e+01 2.078886e+01
         vertex 6.000000e+00 2.367313e+01 2.264936e+01
         vertex 6.000000e+00 2.330336e+01 2.227959e+01
      endloop
   endfacet
   facet normal 1.000000e+00 0.000000e+00 0.000000e+00
      outer loop
         vertex 6.000000e+00 3.418750e+01 2.078886e+01
         vertex 6.000000e+00 2.330336e+01 2.227959e+01
         vertex 6.000000e+00 2.287500e+01 2.197965e+01
      endloop
   endfacet
   facet normal 1.000000e+00 0.000000e+00 0.000000e+00
      outer loop
         vertex 6.000000e+00 2.034894e+01 2.175865e+01
         vertex 6.000000e+00 1.636250e+01 2.078886e+01
         vertex 6.000000e+00 2.085406e+01 2.162330e+01
      endloop
   endfacet
   facet normal 1.000000e+00 0.000000e+00 0.000000e+00
      outer loop
         vertex 6.000000e+00 2.085406e+01 2.162330e+01
         vertex 6.000000e+00 1.636250e+01 2.078886e+01
         vertex 6.000000e+00 2.137500e+01 2.157772e+01
      endloop
   endfacet
   facet normal 1.000000e+00 0.000000e+00 0.000000e+00
      outer loop
         vertex 6.000000e+00 2.034894e+01 2.175865e+01
         vertex 6.000000e+00 1.987500e+01 2.197965e+01
         vertex 6.000000e+00 1.636250e+01 2.078886e+01
      endloop
   endfacet
   facet normal 1.000000e+00 0.000000e+00 0.000000e+00
      outer loop
         vertex 6.000000e+00 1.636250e+01 2.078886e+01
         vertex 6.000000e+00 1.987500e+01 2.197965e+01
         vertex 6.000000e+00 1.944664e+01 2.227959e+01
      endloop
   endfacet
   facet normal 1.000000e+00 0.000000e+00 0.000000e+00
      outer loop
         vertex 6.000000e+00 1.636250e+01 2.078886e+01
         vertex 6.000000e+00 1.944664e+01 2.227959e+01
         vertex 6.000000e+00 1.907687e+01 2.264936e+01
      endloop
   endfacet
   facet normal 1.000000e+00 0.000000e+00 0.000000e+00
      outer loop
         vertex 6.000000e+00 2.437500e+01 2.457772e+01
         vertex 6.000000e+00 2.432942e+01 2.405678e+01
         vertex 6.000000e+00 3.418750e+01 2.078886e+01
      endloop
   endfacet
   facet normal 1.000000e+00 0.000000e+00 0.000000e+00
      outer loop
         vertex 6.000000e+00 3.418750e+01 2.078886e+01
         vertex 6.000000e+00 2.432942e+01 2.405678e+01
         vertex 6.000000e+00 2.419408e+01 2.355166e+01
      endloop
   endfacet
   facet normal 1.000000e+00 0.000000e+00 0.000000e+00
      outer loop
         vertex 6.000000e+00 3.418750e+01 2.078886e+01
         vertex 6.000000e+00 2.419408e+01 2.355166e+01
         vertex 6.000000e+00 2.397308e+01 2.307772e+01
      endloop
   endfacet
   facet normal 1.000000e+00 0.000000e+00 0.000000e+00
      outer loop
         vertex 6.000000e+00 1.842058e+01 2.405678e+01
         vertex 6.000000e+00 1.636250e+01 2.561386e+01
         vertex 6.000000e+00 1.855592e+01 2.355166e+01
      endloop
   endfacet
   facet normal 1.000000e+00 0.000000e+00 0.000000e+00
      outer loop
         vertex 6.000000e+00 1.855592e+01 2.355166e+01
         vertex 6.000000e+00 1.636250e+01 2.561386e+01
         vertex 6.000000e+00 1.636250e+01 2.078886e+01
      endloop
   endfacet
   facet normal 1.000000e+00 0.000000e+00 0.000000e+00
      outer loop
         vertex 6.000000e+00 1.855592e+01 2.355166e+01
         vertex 6.000000e+00 1.636250e+01 2.078886e+01
         vertex 6.000000e+00 1.877692e+01 2.307772e+01
      endloop
   endfacet
   facet normal 1.000000e+00 0.000000e+00 0.000000e+00
      outer loop
         vertex 6.000000e+00 1.877692e+01 2.307772e+01
         vertex 6.000000e+00 1.636250e+01 2.078886e+01
         vertex 6.000000e+00 1.907687e+01 2.264936e+01
      endloop
   endfacet
   facet normal 1.000000e+00 0.000000e+00 0.000000e+00
      outer loop
         vertex 6.000000e+00 1.842058e+01 2.405678e+01
         vertex 6.000000e+00 1.837500e+01 2.457772e+01
         vertex 6.000000e+00 1.636250e+01 2.561386e+01
      endloop
   endfacet
   facet normal 1.000000e+00 0.000000e+00 0.000000e+00
      outer loop
         vertex 6.000000e+00 1.636250e+01 2.561386e+01
         vertex 6.000000e+00 1.837500e+01 2.457772e+01
         vertex 6.000000e+00 1.842058e+01 2.509867e+01
      endloop
   endfacet
   facet normal 1.000000e+00 0.000000e+00 0.000000e+00
      outer loop
         vertex 6.000000e+00 1.636250e+01 2.561386e+01
         vertex 6.000000e+00 1.842058e+01 2.509867e+01
         vertex 6.000000e+00 1.855592e+01 2.560378e+01
      endloop
   endfacet
   facet normal 1.000000e+00 0.000000e+00 0.000000e+00
      outer loop
         vertex 6.000000e+00 5.596541e-01 2.132608e+01
         vertex 6.000000e+00 7.223940e+00 1.981908e+01
         vertex 6.000000e+00 7.729056e+00 1.995442e+01
      endloop
   endfacet
   facet normal 1.000000e+00 0.000000e+00 -0.000000e+00
      outer loop
         vertex 6.000000e+00 5.651925e+00 1.850000e+01
         vertex 6.000000e+00 5.951867e+00 1.892836e+01
         vertex 6.000000e+00 5.596541e-01 2.132608e+01
      endloop
   endfacet
   facet normal 1.000000e+00 0.000000e+00 0.000000e+00
      outer loop
         vertex 6.000000e+00 5.951867e+00 1.507164e+01
         vertex 6.000000e+00 2.381653e-01 1.416436e+01
         vertex 6.000000e+00 6.321638e+00 1.470187e+01
      endloop
   endfacet
   facet normal 1.000000e+00 0.000000e+00 0.000000e+00
      outer loop
         vertex 6.000000e+00 6.321638e+00 1.470187e+01
         vertex 6.000000e+00 2.381653e-01 1.416436e+01
         vertex 6.000000e+00 6.750001e+00 1.440192e+01
      endloop
   endfacet
   facet normal 1.000000e+00 0.000000e+00 -0.000000e+00
      outer loop
         vertex 6.000000e+00 5.951867e+00 1.892836e+01
         vertex 6.000000e+00 6.321638e+00 1.929813e+01
         vertex 6.000000e+00 5.596541e-01 2.132608e+01
      endloop
   endfacet
   facet normal 1.000000e+00 0.000000e+00 0.000000e+00
      outer loop
         vertex 6.000000e+00 5.596541e-01 2.132608e+01
         vertex 6.000000e+00 6.321638e+00 1.929813e+01
         vertex 6.000000e+00 6.750001e+00 1.959808e+01
      endloop
   endfacet
   facet normal 1.000000e+00 0.000000e+00 0.000000e+00
      outer loop
         vertex 6.000000e+00 5.596541e-01 2.132608e+01
         vertex 6.000000e+00 6.750001e+00 1.959808e+01
         vertex 6.000000e+00 7.223940e+00 1.981908e+01
      endloop
   endfacet
   facet normal 1.000000e+00 0.000000e+00 0.000000e+00
      outer loop
         vertex 6.000000e+00 5.951867e+00 1.507164e+01
         vertex 6.000000e+00 5.651925e+00 1.550000e+01
         vertex 6.000000e+00 2.381653e-01 1.416436e+01
      endloop
   endfacet
   facet normal 1.000000e+00 0.000000e+00 0.000000e+00
      outer loop
         vertex 6.000000e+00 2.381653e-01 1.416436e+01
         vertex 6.000000e+00 5.651925e+00 1.550000e+01
         vertex 6.000000e+00 5.430923e+00 1.597394e+01
      endloop
   endfacet
   facet normal 1.000000e+00 0.000000e+00 -0.000000e+00
      outer loop
         vertex 6.000000e+00 2.381653e-01 1.416436e+01
         vertex 6.000000e+00 5.430923e+00 1.597394e+01
         vertex 6.000000e+00 6.248988e-02 1.554372e+01
      endloop
   endfacet
   facet normal 1.000000e+00 0.000000e+00 0.000000e+00
      outer loop
         vertex 6.000000e+00 5.430923e+00 1.597394e+01
         vertex 6.000000e+00 5.295577e+00 1.647906e+01
         vertex 6.000000e+00 6.248988e-02 1.554372e+01
      endloop
   endfacet
   facet normal 1.000000e+00 0.000000e+00 0.000000e+00
      outer loop
         vertex 6.000000e+00 6.248988e-02 1.554372e+01
         vertex 6.000000e+00 5.295577e+00 1.647906e+01
         vertex 6.000000e+00 5.250001e+00 1.700000e+01
      endloop
   endfacet
   facet normal 1.000000e+00 0.000000e+00 0.000000e+00
      outer loop
         vertex 6.000000e+00 6.248988e-02 1.554372e+01
         vertex 6.000000e+00 5.250001e+00 1.700000e+01
         vertex 6.000000e+00 6.248988e-02 1.845628e+01
      endloop
   endfacet
   facet normal 1.000000e+00 0.000000e+00 0.000000e+00
      outer loop
         vertex 6.000000e+00 6.248988e-02 1.845628e+01
         vertex 6.000000e+00 5.250001e+00 1.700000e+01
         vertex 6.000000e+00 5.295577e+00 1.752095e+01
      endloop
   endfacet
   facet normal 1.000000e+00 -0.000000e+00 0.000000e+00
      outer loop
         vertex 6.000000e+00 6.248988e-02 1.845628e+01
         vertex 6.000000e+00 5.295577e+00 1.752095e+01
         vertex 6.000000e+00 5.596541e-01 2.132608e+01
      endloop
   endfacet
   facet normal 1.000000e+00 0.000000e+00 0.000000e+00
      outer loop
         vertex 6.000000e+00 5.596541e-01 2.132608e+01
         vertex 6.000000e+00 5.295577e+00 1.752095e+01
         vertex 6.000000e+00 5.430923e+00 1.802606e+01
      endloop
   endfacet
   facet normal 1.000000e+00 0.000000e+00 0.000000e+00
      outer loop
         vertex 6.000000e+00 5.596541e-01 2.132608e+01
         vertex 6.000000e+00 5.430923e+00 1.802606e+01
         vertex 6.000000e+00 5.651925e+00 1.850000e+01
      endloop
   endfacet
   facet normal 1.000000e+00 0.000000e+00 0.000000e+00
      outer loop
         vertex 6.000000e+00 9.276061e+00 1.418092e+01
         vertex 6.000000e+00 8.770945e+00 1.404558e+01
         vertex 6.000000e+00 1.280000e+01 1.321114e+01
      endloop
   endfacet
   facet normal 1.000000e+00 0.000000e+00 0.000000e+00
      outer loop
         vertex 6.000000e+00 1.280000e+01 1.321114e+01
         vertex 6.000000e+00 8.770945e+00 1.404558e+01
         vertex 6.000000e+00 8.250001e+00 1.400000e+01
      endloop
   endfacet
   facet normal 1.000000e+00 0.000000e+00 0.000000e+00
      outer loop
         vertex 6.000000e+00 6.750001e+00 1.440192e+01
         vertex 6.000000e+00 2.381653e-01 1.416436e+01
         vertex 6.000000e+00 7.223940e+00 1.418092e+01
      endloop
   endfacet
   facet normal 1.000000e+00 0.000000e+00 0.000000e+00
      outer loop
         vertex 6.000000e+00 7.223940e+00 1.418092e+01
         vertex 6.000000e+00 2.381653e-01 1.416436e+01
         vertex 6.000000e+00 5.596541e-01 1.267392e+01
      endloop
   endfacet
   facet normal 1.000000e+00 0.000000e+00 0.000000e+00
      outer loop
         vertex 6.000000e+00 7.223940e+00 1.418092e+01
         vertex 6.000000e+00 5.596541e-01 1.267392e+01
         vertex 6.000000e+00 7.729056e+00 1.404558e+01
      endloop
   endfacet
   facet normal 1.000000e+00 -0.000000e+00 0.000000e+00
      outer loop
         vertex 6.000000e+00 8.250001e+00 2.000000e+01
         vertex 6.000000e+00 8.770945e+00 1.995442e+01
         vertex 6.000000e+00 1.280000e+01 2.078886e+01
      endloop
   endfacet
   facet normal 1.000000e+00 0.000000e+00 0.000000e+00
      outer loop
         vertex 6.000000e+00 1.280000e+01 2.078886e+01
         vertex 6.000000e+00 8.770945e+00 1.995442e+01
         vertex 6.000000e+00 9.276061e+00 1.981908e+01
      endloop
   endfacet
   facet normal 1.000000e+00 0.000000e+00 0.000000e+00
      outer loop
         vertex 6.000000e+00 1.280000e+01 2.078886e+01
         vertex 6.000000e+00 9.276061e+00 1.981908e+01
         vertex 6.000000e+00 1.280000e+01 1.982500e+01
      endloop
   endfacet
   facet normal 1.000000e+00 0.000000e+00 0.000000e+00
      outer loop
         vertex 6.000000e+00 1.280000e+01 1.982500e+01
         vertex 6.000000e+00 9.276061e+00 1.981908e+01
         vertex 6.000000e+00 9.750001e+00 1.959808e+01
      endloop
   endfacet
   facet normal 1.000000e+00 0.000000e+00 0.000000e+00
      outer loop
         vertex 6.000000e+00 1.280000e+01 1.417500e+01
         vertex 6.000000e+00 1.017836e+01 1.470187e+01
         vertex 6.000000e+00 9.750001e+00 1.440192e+01
      endloop
   endfacet
   facet normal 1.000000e+00 -0.000000e+00 0.000000e+00
      outer loop
         vertex 6.000000e+00 9.750001e+00 1.959808e+01
         vertex 6.000000e+00 1.017836e+01 1.929813e+01
         vertex 6.000000e+00 1.280000e+01 1.982500e+01
      endloop
   endfacet
   facet normal 1.000000e+00 0.000000e+00 0.000000e+00
      outer loop
         vertex 6.000000e+00 1.280000e+01 1.982500e+01
         vertex 6.000000e+00 1.017836e+01 1.929813e+01
         vertex 6.000000e+00 1.054813e+01 1.892836e+01
      endloop
   endfacet
   facet normal 1.000000e+00 0.000000e+00 0.000000e+00
      outer loop
         vertex 6.000000e+00 1.280000e+01 1.982500e+01
         vertex 6.000000e+00 1.054813e+01 1.892836e+01
         vertex 6.000000e+00 1.084808e+01 1.850000e+01
      endloop
   endfacet
   facet normal 1.000000e+00 0.000000e+00 0.000000e+00
      outer loop
         vertex 6.000000e+00 1.280000e+01 1.417500e+01
         vertex 6.000000e+00 1.120442e+01 1.647906e+01
         vertex 6.000000e+00 1.106908e+01 1.597394e+01
      endloop
   endfacet
   facet normal 1.000000e+00 -0.000000e+00 0.000000e+00
      outer loop
         vertex 6.000000e+00 1.084808e+01 1.850000e+01
         vertex 6.000000e+00 1.106908e+01 1.802606e+01
         vertex 6.000000e+00 1.280000e+01 1.982500e+01
      endloop
   endfacet
   facet normal 1.000000e+00 0.000000e+00 0.000000e+00
      outer loop
         vertex 6.000000e+00 1.280000e+01 1.982500e+01
         vertex 6.000000e+00 1.106908e+01 1.802606e+01
         vertex 6.000000e+00 1.120442e+01 1.752095e+01
      endloop
   endfacet
   facet normal 1.000000e+00 0.000000e+00 0.000000e+00
      outer loop
         vertex 6.000000e+00 1.280000e+01 1.982500e+01
         vertex 6.000000e+00 1.120442e+01 1.752095e+01
         vertex 6.000000e+00 1.280000e+01 1.417500e+01
      endloop
   endfacet
   facet normal 1.000000e+00 0.000000e+00 0.000000e+00
      outer loop
         vertex 6.000000e+00 1.280000e+01 1.417500e+01
         vertex 6.000000e+00 1.120442e+01 1.752095e+01
         vertex 6.000000e+00 1.125000e+01 1.700000e+01
      endloop
   endfacet
   facet normal 1.000000e+00 0.000000e+00 0.000000e+00
      outer loop
         vertex 6.000000e+00 1.280000e+01 1.417500e+01
         vertex 6.000000e+00 1.125000e+01 1.700000e+01
         vertex 6.000000e+00 1.120442e+01 1.647906e+01
      endloop
   endfacet
   facet normal 1.000000e+00 0.000000e+00 0.000000e+00
      outer loop
         vertex 6.000000e+00 1.106908e+01 1.597394e+01
         vertex 6.000000e+00 1.084808e+01 1.550000e+01
         vertex 6.000000e+00 1.280000e+01 1.417500e+01
      endloop
   endfacet
   facet normal 1.000000e+00 0.000000e+00 0.000000e+00
      outer loop
         vertex 6.000000e+00 1.280000e+01 1.417500e+01
         vertex 6.000000e+00 1.084808e+01 1.550000e+01
         vertex 6.000000e+00 1.054813e+01 1.507164e+01
      endloop
   endfacet
   facet normal 1.000000e+00 0.000000e+00 0.000000e+00
      outer loop
         vertex 6.000000e+00 1.280000e+01 1.417500e+01
         vertex 6.000000e+00 1.054813e+01 1.507164e+01
         vertex 6.000000e+00 1.017836e+01 1.470187e+01
      endloop
   endfacet
   facet normal 1.000000e+00 0.000000e+00 -0.000000e+00
      outer loop
         vertex 6.000000e+00 1.170000e+02 1.321114e+01
         vertex 6.000000e+00 1.170000e+02 1.417500e+01
         vertex 6.000000e+00 1.080261e+02 1.418092e+01
      endloop
   endfacet
   facet normal 1.000000e+00 0.000000e+00 0.000000e+00
      outer loop
         vertex 6.000000e+00 7.700000e+01 1.321114e+01
         vertex 6.000000e+00 8.647906e+01 1.404558e+01
         vertex 6.000000e+00 8.597394e+01 1.418092e+01
      endloop
   endfacet
   facet normal 1.000000e+00 0.000000e+00 0.000000e+00
      outer loop
         vertex 6.000000e+00 1.080261e+02 1.418092e+01
         vertex 6.000000e+00 1.075209e+02 1.404558e+01
         vertex 6.000000e+00 1.170000e+02 1.321114e+01
      endloop
   endfacet
   facet normal 1.000000e+00 0.000000e+00 0.000000e+00
      outer loop
         vertex 6.000000e+00 1.170000e+02 1.321114e+01
         vertex 6.000000e+00 1.075209e+02 1.404558e+01
         vertex 6.000000e+00 1.070000e+02 1.400000e+01
      endloop
   endfacet
   facet normal 1.000000e+00 0.000000e+00 0.000000e+00
      outer loop
         vertex 6.000000e+00 1.170000e+02 1.321114e+01
         vertex 6.000000e+00 1.070000e+02 1.400000e+01
         vertex 6.000000e+00 7.700000e+01 1.321114e+01
      endloop
   endfacet
   facet normal 1.000000e+00 0.000000e+00 0.000000e+00
      outer loop
         vertex 6.000000e+00 7.700000e+01 1.321114e+01
         vertex 6.000000e+00 1.070000e+02 1.400000e+01
         vertex 6.000000e+00 8.700000e+01 1.400000e+01
      endloop
   endfacet
   facet normal 1.000000e+00 0.000000e+00 0.000000e+00
      outer loop
         vertex 6.000000e+00 7.700000e+01 1.321114e+01
         vertex 6.000000e+00 8.700000e+01 1.400000e+01
         vertex 6.000000e+00 8.647906e+01 1.404558e+01
      endloop
   endfacet
   facet normal 1.000000e+00 -0.000000e+00 0.000000e+00
      outer loop
         vertex 6.000000e+00 1.095981e+02 1.850000e+01
         vertex 6.000000e+00 1.098191e+02 1.802606e+01
         vertex 6.000000e+00 1.170000e+02 1.982500e+01
      endloop
   endfacet
   facet normal 1.000000e+00 -0.000000e+00 0.000000e+00
      outer loop
         vertex 6.000000e+00 1.092981e+02 1.507164e+01
         vertex 6.000000e+00 1.170000e+02 1.417500e+01
         vertex 6.000000e+00 1.095981e+02 1.550000e+01
      endloop
   endfacet
   facet normal 1.000000e+00 -0.000000e+00 0.000000e+00
      outer loop
         vertex 6.000000e+00 1.095981e+02 1.550000e+01
         vertex 6.000000e+00 1.170000e+02 1.417500e+01
         vertex 6.000000e+00 1.098191e+02 1.597394e+01
      endloop
   endfacet
   facet normal 1.000000e+00 0.000000e+00 0.000000e+00
      outer loop
         vertex 6.000000e+00 1.170000e+02 1.982500e+01
         vertex 6.000000e+00 1.080261e+02 1.981908e+01
         vertex 6.000000e+00 1.085000e+02 1.959808e+01
      endloop
   endfacet
   facet normal 1.000000e+00 0.000000e+00 0.000000e+00
      outer loop
         vertex 6.000000e+00 1.092981e+02 1.507164e+01
         vertex 6.000000e+00 1.089284e+02 1.470187e+01
         vertex 6.000000e+00 1.170000e+02 1.417500e+01
      endloop
   endfacet
   facet normal 1.000000e+00 0.000000e+00 0.000000e+00
      outer loop
         vertex 6.000000e+00 1.170000e+02 1.417500e+01
         vertex 6.000000e+00 1.089284e+02 1.470187e+01
         vertex 6.000000e+00 1.085000e+02 1.440192e+01
      endloop
   endfacet
   facet normal 1.000000e+00 0.000000e+00 0.000000e+00
      outer loop
         vertex 6.000000e+00 1.170000e+02 1.417500e+01
         vertex 6.000000e+00 1.085000e+02 1.440192e+01
         vertex 6.000000e+00 1.080261e+02 1.418092e+01
      endloop
   endfacet
   facet normal 1.000000e+00 -0.000000e+00 0.000000e+00
      outer loop
         vertex 6.000000e+00 1.085000e+02 1.959808e+01
         vertex 6.000000e+00 1.089284e+02 1.929813e+01
         vertex 6.000000e+00 1.170000e+02 1.982500e+01
      endloop
   endfacet
   facet normal 1.000000e+00 0.000000e+00 0.000000e+00
      outer loop
         vertex 6.000000e+00 1.170000e+02 1.982500e+01
         vertex 6.000000e+00 1.089284e+02 1.929813e+01
         vertex 6.000000e+00 1.092981e+02 1.892836e+01
      endloop
   endfacet
   facet normal 1.000000e+00 0.000000e+00 0.000000e+00
      outer loop
         vertex 6.000000e+00 1.170000e+02 1.982500e+01
         vertex 6.000000e+00 1.092981e+02 1.892836e+01
         vertex 6.000000e+00 1.095981e+02 1.850000e+01
      endloop
   endfacet
   facet normal 1.000000e+00 -0.000000e+00 0.000000e+00
      outer loop
         vertex 6.000000e+00 1.098191e+02 1.802606e+01
         vertex 6.000000e+00 1.099544e+02 1.752095e+01
         vertex 6.000000e+00 1.170000e+02 1.982500e+01
      endloop
   endfacet
   facet normal 1.000000e+00 0.000000e+00 0.000000e+00
      outer loop
         vertex 6.000000e+00 1.170000e+02 1.982500e+01
         vertex 6.000000e+00 1.099544e+02 1.752095e+01
         vertex 6.000000e+00 1.100000e+02 1.700000e+01
      endloop
   endfacet
   facet normal 1.000000e+00 0.000000e+00 0.000000e+00
      outer loop
         vertex 6.000000e+00 1.170000e+02 1.982500e+01
         vertex 6.000000e+00 1.100000e+02 1.700000e+01
         vertex 6.000000e+00 1.170000e+02 1.417500e+01
      endloop
   endfacet
   facet normal 1.000000e+00 0.000000e+00 0.000000e+00
      outer loop
         vertex 6.000000e+00 1.170000e+02 1.417500e+01
         vertex 6.000000e+00 1.100000e+02 1.700000e+01
         vertex 6.000000e+00 1.099544e+02 1.647906e+01
      endloop
   endfacet
   facet normal 1.000000e+00 0.000000e+00 0.000000e+00
      outer loop
         vertex 6.000000e+00 1.170000e+02 1.417500e+01
         vertex 6.000000e+00 1.099544e+02 1.647906e+01
         vertex 6.000000e+00 1.098191e+02 1.597394e+01
      endloop
   endfacet
   facet normal 1.000000e+00 0.000000e+00 0.000000e+00
      outer loop
         vertex 6.000000e+00 1.170000e+02 2.078886e+01
         vertex 6.000000e+00 1.075209e+02 1.995442e+01
         vertex 6.000000e+00 1.080261e+02 1.981908e+01
      endloop
   endfacet
   facet normal 1.000000e+00 0.000000e+00 -0.000000e+00
      outer loop
         vertex 6.000000e+00 8.597394e+01 1.981908e+01
         vertex 6.000000e+00 8.647906e+01 1.995442e+01
         vertex 6.000000e+00 7.700000e+01 2.078886e+01
      endloop
   endfacet
   facet normal 1.000000e+00 0.000000e+00 0.000000e+00
      outer loop
         vertex 6.000000e+00 7.700000e+01 2.078886e+01
         vertex 6.000000e+00 8.647906e+01 1.995442e+01
         vertex 6.000000e+00 8.700000e+01 2.000000e+01
      endloop
   endfacet
   facet normal 1.000000e+00 -0.000000e+00 0.000000e+00
      outer loop
         vertex 6.000000e+00 7.700000e+01 2.078886e+01
         vertex 6.000000e+00 8.700000e+01 2.000000e+01
         vertex 6.000000e+00 1.170000e+02 2.078886e+01
      endloop
   endfacet
   facet normal 1.000000e+00 0.000000e+00 0.000000e+00
      outer loop
         vertex 6.000000e+00 1.170000e+02 2.078886e+01
         vertex 6.000000e+00 8.700000e+01 2.000000e+01
         vertex 6.000000e+00 1.070000e+02 2.000000e+01
      endloop
   endfacet
   facet normal 1.000000e+00 0.000000e+00 0.000000e+00
      outer loop
         vertex 6.000000e+00 1.170000e+02 2.078886e+01
         vertex 6.000000e+00 1.070000e+02 2.000000e+01
         vertex 6.000000e+00 1.075209e+02 1.995442e+01
      endloop
   endfacet
   facet normal 1.000000e+00 0.000000e+00 -0.000000e+00
      outer loop
         vertex 6.000000e+00 8.404558e+01 1.752095e+01
         vertex 6.000000e+00 8.418093e+01 1.802606e+01
         vertex 6.000000e+00 7.700000e+01 1.982500e+01
      endloop
   endfacet
   facet normal 1.000000e+00 0.000000e+00 0.000000e+00
      outer loop
         vertex 6.000000e+00 7.700000e+01 1.417500e+01
         vertex 6.000000e+00 8.597394e+01 1.418092e+01
         vertex 6.000000e+00 8.550000e+01 1.440192e+01
      endloop
   endfacet
   facet normal 1.000000e+00 0.000000e+00 0.000000e+00
      outer loop
         vertex 6.000000e+00 8.550000e+01 1.440192e+01
         vertex 6.000000e+00 8.507163e+01 1.470187e+01
         vertex 6.000000e+00 7.700000e+01 1.417500e+01
      endloop
   endfacet
   facet normal 1.000000e+00 0.000000e+00 0.000000e+00
      outer loop
         vertex 6.000000e+00 7.700000e+01 1.417500e+01
         vertex 6.000000e+00 8.507163e+01 1.470187e+01
         vertex 6.000000e+00 8.470187e+01 1.507164e+01
      endloop
   endfacet
   facet normal 1.000000e+00 0.000000e+00 0.000000e+00
      outer loop
         vertex 6.000000e+00 7.700000e+01 1.417500e+01
         vertex 6.000000e+00 8.470187e+01 1.507164e+01
         vertex 6.000000e+00 8.440192e+01 1.550000e+01
      endloop
   endfacet
   facet normal 1.000000e+00 0.000000e+00 0.000000e+00
      outer loop
         vertex 6.000000e+00 7.700000e+01 1.982500e+01
         vertex 6.000000e+00 8.507163e+01 1.929813e+01
         vertex 6.000000e+00 8.550000e+01 1.959808e+01
      endloop
   endfacet
   facet normal 1.000000e+00 0.000000e+00 0.000000e+00
      outer loop
         vertex 6.000000e+00 8.440192e+01 1.550000e+01
         vertex 6.000000e+00 8.418093e+01 1.597394e+01
         vertex 6.000000e+00 7.700000e+01 1.417500e+01
      endloop
   endfacet
   facet normal 1.000000e+00 0.000000e+00 0.000000e+00
      outer loop
         vertex 6.000000e+00 7.700000e+01 1.417500e+01
         vertex 6.000000e+00 8.418093e+01 1.597394e+01
         vertex 6.000000e+00 8.404558e+01 1.647906e+01
      endloop
   endfacet
   facet normal 1.000000e+00 0.000000e+00 0.000000e+00
      outer loop
         vertex 6.000000e+00 7.700000e+01 1.417500e+01
         vertex 6.000000e+00 8.404558e+01 1.647906e+01
         vertex 6.000000e+00 7.700000e+01 1.982500e+01
      endloop
   endfacet
   facet normal 1.000000e+00 0.000000e+00 0.000000e+00
      outer loop
         vertex 6.000000e+00 7.700000e+01 1.982500e+01
         vertex 6.000000e+00 8.404558e+01 1.647906e+01
         vertex 6.000000e+00 8.400000e+01 1.700000e+01
      endloop
   endfacet
   facet normal 1.000000e+00 0.000000e+00 0.000000e+00
      outer loop
         vertex 6.000000e+00 7.700000e+01 1.982500e+01
         vertex 6.000000e+00 8.400000e+01 1.700000e+01
         vertex 6.000000e+00 8.404558e+01 1.752095e+01
      endloop
   endfacet
   facet normal 1.000000e+00 0.000000e+00 -0.000000e+00
      outer loop
         vertex 6.000000e+00 8.418093e+01 1.802606e+01
         vertex 6.000000e+00 8.440192e+01 1.850000e+01
         vertex 6.000000e+00 7.700000e+01 1.982500e+01
      endloop
   endfacet
   facet normal 1.000000e+00 0.000000e+00 0.000000e+00
      outer loop
         vertex 6.000000e+00 7.700000e+01 1.982500e+01
         vertex 6.000000e+00 8.440192e+01 1.850000e+01
         vertex 6.000000e+00 8.470187e+01 1.892836e+01
      endloop
   endfacet
   facet normal 1.000000e+00 0.000000e+00 0.000000e+00
      outer loop
         vertex 6.000000e+00 7.700000e+01 1.982500e+01
         vertex 6.000000e+00 8.470187e+01 1.892836e+01
         vertex 6.000000e+00 8.507163e+01 1.929813e+01
      endloop
   endfacet
   facet normal 1.000000e+00 0.000000e+00 0.000000e+00
      outer loop
         vertex 6.000000e+00 1.484278e+02 1.436158e+01
         vertex 6.000000e+00 1.479741e+02 1.416255e+01
         vertex 6.000000e+00 1.601750e+02 1.417500e+01
      endloop
   endfacet
   facet normal 1.000000e+00 0.000000e+00 0.000000e+00
      outer loop
         vertex 6.000000e+00 1.601750e+02 1.417500e+01
         vertex 6.000000e+00 1.479741e+02 1.416255e+01
         vertex 6.000000e+00 1.601750e+02 1.321114e+01
      endloop
   endfacet
   facet normal 1.000000e+00 0.000000e+00 0.000000e+00
      outer loop
         vertex 6.000000e+00 1.601750e+02 1.417500e+01
         vertex 6.000000e+00 1.601750e+02 1.321114e+01
         vertex 6.000000e+00 1.712409e+02 1.367500e+01
      endloop
   endfacet
   facet normal 1.000000e+00 0.000000e+00 0.000000e+00
      outer loop
         vertex 6.000000e+00 1.712409e+02 1.367500e+01
         vertex 6.000000e+00 1.601750e+02 1.321114e+01
         vertex 6.000000e+00 1.719058e+02 1.272546e+01
      endloop
   endfacet
   facet normal 1.000000e+00 -0.000000e+00 0.000000e+00
      outer loop
         vertex 6.000000e+00 1.270000e+02 1.400000e+01
         vertex 6.000000e+00 1.170000e+02 1.321114e+01
         vertex 6.000000e+00 1.470000e+02 1.400000e+01
      endloop
   endfacet
   facet normal 1.000000e+00 0.000000e+00 0.000000e+00
      outer loop
         vertex 6.000000e+00 1.470000e+02 1.400000e+01
         vertex 6.000000e+00 1.170000e+02 1.321114e+01
         vertex 6.000000e+00 1.601750e+02 1.321114e+01
      endloop
   endfacet
   facet normal 1.000000e+00 -0.000000e+00 0.000000e+00
      outer loop
         vertex 6.000000e+00 1.470000e+02 1.400000e+01
         vertex 6.000000e+00 1.601750e+02 1.321114e+01
         vertex 6.000000e+00 1.474938e+02 1.404092e+01
      endloop
   endfacet
   facet normal 1.000000e+00 -0.000000e+00 0.000000e+00
      outer loop
         vertex 6.000000e+00 1.474938e+02 1.404092e+01
         vertex 6.000000e+00 1.601750e+02 1.321114e+01
         vertex 6.000000e+00 1.479741e+02 1.416255e+01
      endloop
   endfacet
   facet normal 1.000000e+00 0.000000e+00 0.000000e+00
      outer loop
         vertex 6.000000e+00 1.601750e+02 2.078886e+01
         vertex 6.000000e+00 1.479741e+02 1.983745e+01
         vertex 6.000000e+00 1.601750e+02 1.982500e+01
      endloop
   endfacet
   facet normal 1.000000e+00 0.000000e+00 0.000000e+00
      outer loop
         vertex 6.000000e+00 1.601750e+02 1.982500e+01
         vertex 6.000000e+00 1.479741e+02 1.983745e+01
         vertex 6.000000e+00 1.484278e+02 1.963842e+01
      endloop
   endfacet
   facet normal 1.000000e+00 0.000000e+00 0.000000e+00
      outer loop
         vertex 6.000000e+00 1.601750e+02 1.982500e+01
         vertex 6.000000e+00 1.484278e+02 1.963842e+01
         vertex 6.000000e+00 1.488426e+02 1.936742e+01
      endloop
   endfacet
   facet normal 1.000000e+00 -0.000000e+00 0.000000e+00
      outer loop
         vertex 6.000000e+00 1.499898e+02 1.675226e+01
         vertex 6.000000e+00 1.601750e+02 1.417500e+01
         vertex 6.000000e+00 1.499898e+02 1.724774e+01
      endloop
   endfacet
   facet normal 1.000000e+00 -0.000000e+00 0.000000e+00
      outer loop
         vertex 6.000000e+00 1.499898e+02 1.724774e+01
         vertex 6.000000e+00 1.601750e+02 1.417500e+01
         vertex 6.000000e+00 1.601750e+02 1.982500e+01
      endloop
   endfacet
   facet normal 1.000000e+00 0.000000e+00 -0.000000e+00
      outer loop
         vertex 6.000000e+00 1.499898e+02 1.724774e+01
         vertex 6.000000e+00 1.601750e+02 1.982500e+01
         vertex 6.000000e+00 1.499082e+02 1.773646e+01
      endloop
   endfacet
   facet normal 1.000000e+00 0.000000e+00 -0.000000e+00
      outer loop
         vertex 6.000000e+00 1.499082e+02 1.773646e+01
         vertex 6.000000e+00 1.601750e+02 1.982500e+01
         vertex 6.000000e+00 1.497473e+02 1.820509e+01
      endloop
   endfacet
   facet normal 1.000000e+00 0.000000e+00 0.000000e+00
      outer loop
         vertex 6.000000e+00 1.499898e+02 1.675226e+01
         vertex 6.000000e+00 1.499082e+02 1.626354e+01
         vertex 6.000000e+00 1.601750e+02 1.417500e+01
      endloop
   endfacet
   facet normal 1.000000e+00 0.000000e+00 0.000000e+00
      outer loop
         vertex 6.000000e+00 1.601750e+02 1.417500e+01
         vertex 6.000000e+00 1.499082e+02 1.626354e+01
         vertex 6.000000e+00 1.497473e+02 1.579491e+01
      endloop
   endfacet
   facet normal 1.000000e+00 0.000000e+00 0.000000e+00
      outer loop
         vertex 6.000000e+00 1.601750e+02 1.417500e+01
         vertex 6.000000e+00 1.497473e+02 1.579491e+01
         vertex 6.000000e+00 1.495115e+02 1.535916e+01
      endloop
   endfacet
   facet normal 1.000000e+00 -0.000000e+00 0.000000e+00
      outer loop
         vertex 6.000000e+00 1.488426e+02 1.936742e+01
         vertex 6.000000e+00 1.492072e+02 1.903185e+01
         vertex 6.000000e+00 1.601750e+02 1.982500e+01
      endloop
   endfacet
   facet normal 1.000000e+00 0.000000e+00 0.000000e+00
      outer loop
         vertex 6.000000e+00 1.601750e+02 1.982500e+01
         vertex 6.000000e+00 1.492072e+02 1.903185e+01
         vertex 6.000000e+00 1.495115e+02 1.864085e+01
      endloop
   endfacet
   facet normal 1.000000e+00 0.000000e+00 0.000000e+00
      outer loop
         vertex 6.000000e+00 1.601750e+02 1.982500e+01
         vertex 6.000000e+00 1.495115e+02 1.864085e+01
         vertex 6.000000e+00 1.497473e+02 1.820509e+01
      endloop
   endfacet
   facet normal 1.000000e+00 0.000000e+00 0.000000e+00
      outer loop
         vertex 6.000000e+00 1.495115e+02 1.535916e+01
         vertex 6.000000e+00 1.492072e+02 1.496816e+01
         vertex 6.000000e+00 1.601750e+02 1.417500e+01
      endloop
   endfacet
   facet normal 1.000000e+00 0.000000e+00 0.000000e+00
      outer loop
         vertex 6.000000e+00 1.601750e+02 1.417500e+01
         vertex 6.000000e+00 1.492072e+02 1.496816e+01
         vertex 6.000000e+00 1.488426e+02 1.463258e+01
      endloop
   endfacet
   facet normal 1.000000e+00 0.000000e+00 0.000000e+00
      outer loop
         vertex 6.000000e+00 1.601750e+02 1.417500e+01
         vertex 6.000000e+00 1.488426e+02 1.463258e+01
         vertex 6.000000e+00 1.484278e+02 1.436158e+01
      endloop
   endfacet
   facet normal 1.000000e+00 0.000000e+00 0.000000e+00
      outer loop
         vertex 6.000000e+00 1.080261e+02 1.981908e+01
         vertex 6.000000e+00 1.170000e+02 1.982500e+01
         vertex 6.000000e+00 1.170000e+02 2.078886e+01
      endloop
   endfacet
   facet normal 1.000000e+00 0.000000e+00 0.000000e+00
      outer loop
         vertex 6.000000e+00 1.170000e+02 2.078886e+01
         vertex 6.000000e+00 1.170000e+02 1.982500e+01
         vertex 6.000000e+00 1.259739e+02 1.981908e+01
      endloop
   endfacet
   facet normal 1.000000e+00 0.000000e+00 0.000000e+00
      outer loop
         vertex 6.000000e+00 1.170000e+02 2.078886e+01
         vertex 6.000000e+00 1.259739e+02 1.981908e+01
         vertex 6.000000e+00 1.264791e+02 1.995442e+01
      endloop
   endfacet
   facet normal 1.000000e+00 0.000000e+00 -0.000000e+00
      outer loop
         vertex 6.000000e+00 1.264791e+02 1.995442e+01
         vertex 6.000000e+00 1.270000e+02 2.000000e+01
         vertex 6.000000e+00 1.170000e+02 2.078886e+01
      endloop
   endfacet
   facet normal 1.000000e+00 0.000000e+00 0.000000e+00
      outer loop
         vertex 6.000000e+00 1.170000e+02 2.078886e+01
         vertex 6.000000e+00 1.270000e+02 2.000000e+01
         vertex 6.000000e+00 1.470000e+02 2.000000e+01
      endloop
   endfacet
   facet normal 1.000000e+00 -0.000000e+00 0.000000e+00
      outer loop
         vertex 6.000000e+00 1.170000e+02 2.078886e+01
         vertex 6.000000e+00 1.470000e+02 2.000000e+01
         vertex 6.000000e+00 1.601750e+02 2.078886e+01
      endloop
   endfacet
   facet normal 1.000000e+00 0.000000e+00 0.000000e+00
      outer loop
         vertex 6.000000e+00 1.601750e+02 2.078886e+01
         vertex 6.000000e+00 1.470000e+02 2.000000e+01
         vertex 6.000000e+00 1.474938e+02 1.995908e+01
      endloop
   endfacet
   facet normal 1.000000e+00 0.000000e+00 0.000000e+00
      outer loop
         vertex 6.000000e+00 1.601750e+02 2.078886e+01
         vertex 6.000000e+00 1.474938e+02 1.995908e+01
         vertex 6.000000e+00 1.479741e+02 1.983745e+01
      endloop
   endfacet
   facet normal 1.000000e+00 0.000000e+00 0.000000e+00
      outer loop
         vertex 6.000000e+00 1.250716e+02 1.470187e+01
         vertex 6.000000e+00 1.247019e+02 1.507164e+01
         vertex 6.000000e+00 1.170000e+02 1.417500e+01
      endloop
   endfacet
   facet normal 1.000000e+00 0.000000e+00 0.000000e+00
      outer loop
         vertex 6.000000e+00 1.170000e+02 1.417500e+01
         vertex 6.000000e+00 1.247019e+02 1.507164e+01
         vertex 6.000000e+00 1.244019e+02 1.550000e+01
      endloop
   endfacet
   facet normal 1.000000e+00 0.000000e+00 0.000000e+00
      outer loop
         vertex 6.000000e+00 1.270000e+02 1.400000e+01
         vertex 6.000000e+00 1.264791e+02 1.404558e+01
         vertex 6.000000e+00 1.170000e+02 1.321114e+01
      endloop
   endfacet
   facet normal 1.000000e+00 0.000000e+00 0.000000e+00
      outer loop
         vertex 6.000000e+00 1.170000e+02 1.321114e+01
         vertex 6.000000e+00 1.264791e+02 1.404558e+01
         vertex 6.000000e+00 1.259739e+02 1.418092e+01
      endloop
   endfacet
   facet normal 1.000000e+00 0.000000e+00 0.000000e+00
      outer loop
         vertex 6.000000e+00 1.170000e+02 1.321114e+01
         vertex 6.000000e+00 1.259739e+02 1.418092e+01
         vertex 6.000000e+00 1.170000e+02 1.417500e+01
      endloop
   endfacet
   facet normal 1.000000e+00 0.000000e+00 0.000000e+00
      outer loop
         vertex 6.000000e+00 1.170000e+02 1.417500e+01
         vertex 6.000000e+00 1.259739e+02 1.418092e+01
         vertex 6.000000e+00 1.255000e+02 1.440192e+01
      endloop
   endfacet
   facet normal 1.000000e+00 0.000000e+00 0.000000e+00
      outer loop
         vertex 6.000000e+00 1.170000e+02 1.417500e+01
         vertex 6.000000e+00 1.255000e+02 1.440192e+01
         vertex 6.000000e+00 1.250716e+02 1.470187e+01
      endloop
   endfacet
   facet normal 1.000000e+00 0.000000e+00 -0.000000e+00
      outer loop
         vertex 6.000000e+00 1.240456e+02 1.752095e+01
         vertex 6.000000e+00 1.241809e+02 1.802606e+01
         vertex 6.000000e+00 1.170000e+02 1.982500e+01
      endloop
   endfacet
   facet normal 1.000000e+00 0.000000e+00 0.000000e+00
      outer loop
         vertex 6.000000e+00 1.170000e+02 1.982500e+01
         vertex 6.000000e+00 1.241809e+02 1.802606e+01
         vertex 6.000000e+00 1.244019e+02 1.850000e+01
      endloop
   endfacet
   facet normal 1.000000e+00 0.000000e+00 0.000000e+00
      outer loop
         vertex 6.000000e+00 1.170000e+02 1.982500e+01
         vertex 6.000000e+00 1.244019e+02 1.850000e+01
         vertex 6.000000e+00 1.247019e+02 1.892836e+01
      endloop
   endfacet
   facet normal 1.000000e+00 0.000000e+00 0.000000e+00
      outer loop
         vertex 6.000000e+00 1.244019e+02 1.550000e+01
         vertex 6.000000e+00 1.241809e+02 1.597394e+01
         vertex 6.000000e+00 1.170000e+02 1.417500e+01
      endloop
   endfacet
   facet normal 1.000000e+00 0.000000e+00 0.000000e+00
      outer loop
         vertex 6.000000e+00 1.170000e+02 1.417500e+01
         vertex 6.000000e+00 1.241809e+02 1.597394e+01
         vertex 6.000000e+00 1.240456e+02 1.647906e+01
      endloop
   endfacet
   facet normal 1.000000e+00 0.000000e+00 0.000000e+00
      outer loop
         vertex 6.000000e+00 1.170000e+02 1.417500e+01
         vertex 6.000000e+00 1.240456e+02 1.647906e+01
         vertex 6.000000e+00 1.170000e+02 1.982500e+01
      endloop
   endfacet
   facet normal 1.000000e+00 0.000000e+00 0.000000e+00
      outer loop
         vertex 6.000000e+00 1.170000e+02 1.982500e+01
         vertex 6.000000e+00 1.240456e+02 1.647906e+01
         vertex 6.000000e+00 1.240000e+02 1.700000e+01
      endloop
   endfacet
   facet normal 1.000000e+00 0.000000e+00 0.000000e+00
      outer loop
         vertex 6.000000e+00 1.170000e+02 1.982500e+01
         vertex 6.000000e+00 1.240000e+02 1.700000e+01
         vertex 6.000000e+00 1.240456e+02 1.752095e+01
      endloop
   endfacet
   facet normal 1.000000e+00 0.000000e+00 -0.000000e+00
      outer loop
         vertex 6.000000e+00 1.247019e+02 1.892836e+01
         vertex 6.000000e+00 1.250716e+02 1.929813e+01
         vertex 6.000000e+00 1.170000e+02 1.982500e+01
      endloop
   endfacet
   facet normal 1.000000e+00 0.000000e+00 0.000000e+00
      outer loop
         vertex 6.000000e+00 1.170000e+02 1.982500e+01
         vertex 6.000000e+00 1.250716e+02 1.929813e+01
         vertex 6.000000e+00 1.255000e+02 1.959808e+01
      endloop
   endfacet
   facet normal 1.000000e+00 0.000000e+00 0.000000e+00
      outer loop
         vertex 6.000000e+00 1.170000e+02 1.982500e+01
         vertex 6.000000e+00 1.255000e+02 1.959808e+01
         vertex 6.000000e+00 1.259739e+02 1.981908e+01
      endloop
   endfacet
   facet normal 1.000000e+00 0.000000e+00 0.000000e+00
      outer loop
         vertex 6.000000e+00 8.597394e+01 1.418092e+01
         vertex 6.000000e+00 7.700000e+01 1.417500e+01
         vertex 6.000000e+00 7.700000e+01 1.321114e+01
      endloop
   endfacet
   facet normal 1.000000e+00 0.000000e+00 -0.000000e+00
      outer loop
         vertex 6.000000e+00 7.700000e+01 1.321114e+01
         vertex 6.000000e+00 7.700000e+01 1.417500e+01
         vertex 6.000000e+00 6.802606e+01 1.418092e+01
      endloop
   endfacet
   facet normal 1.000000e+00 0.000000e+00 0.000000e+00
      outer loop
         vertex 6.000000e+00 7.700000e+01 1.321114e+01
         vertex 6.000000e+00 6.802606e+01 1.418092e+01
         vertex 6.000000e+00 6.752095e+01 1.404558e+01
      endloop
   endfacet
   facet normal 1.000000e+00 0.000000e+00 0.000000e+00
      outer loop
         vertex 6.000000e+00 6.752095e+01 1.404558e+01
         vertex 6.000000e+00 6.700000e+01 1.400000e+01
         vertex 6.000000e+00 7.700000e+01 1.321114e+01
      endloop
   endfacet
   facet normal 1.000000e+00 0.000000e+00 0.000000e+00
      outer loop
         vertex 6.000000e+00 7.700000e+01 1.321114e+01
         vertex 6.000000e+00 6.700000e+01 1.400000e+01
         vertex 6.000000e+00 4.700000e+01 1.400000e+01
      endloop
   endfacet
   facet normal 1.000000e+00 0.000000e+00 0.000000e+00
      outer loop
         vertex 6.000000e+00 7.700000e+01 1.321114e+01
         vertex 6.000000e+00 4.700000e+01 1.400000e+01
         vertex 6.000000e+00 3.418750e+01 1.321114e+01
      endloop
   endfacet
   facet normal 1.000000e+00 0.000000e+00 0.000000e+00
      outer loop
         vertex 6.000000e+00 3.418750e+01 1.321114e+01
         vertex 6.000000e+00 4.700000e+01 1.400000e+01
         vertex 6.000000e+00 4.647906e+01 1.404558e+01
      endloop
   endfacet
   facet normal 1.000000e+00 0.000000e+00 0.000000e+00
      outer loop
         vertex 6.000000e+00 6.981908e+01 1.597394e+01
         vertex 6.000000e+00 6.959808e+01 1.550000e+01
         vertex 6.000000e+00 7.700000e+01 1.417500e+01
      endloop
   endfacet
   facet normal 1.000000e+00 -0.000000e+00 0.000000e+00
      outer loop
         vertex 6.000000e+00 6.802606e+01 1.981908e+01
         vertex 6.000000e+00 6.850000e+01 1.959808e+01
         vertex 6.000000e+00 7.700000e+01 1.982500e+01
      endloop
   endfacet
   facet normal 1.000000e+00 0.000000e+00 0.000000e+00
      outer loop
         vertex 6.000000e+00 7.700000e+01 1.982500e+01
         vertex 6.000000e+00 6.850000e+01 1.959808e+01
         vertex 6.000000e+00 6.892836e+01 1.929813e+01
      endloop
   endfacet
   facet normal 1.000000e+00 -0.000000e+00 0.000000e+00
      outer loop
         vertex 6.000000e+00 6.892836e+01 1.929813e+01
         vertex 6.000000e+00 6.929813e+01 1.892836e+01
         vertex 6.000000e+00 7.700000e+01 1.982500e+01
      endloop
   endfacet
   facet normal 1.000000e+00 0.000000e+00 0.000000e+00
      outer loop
         vertex 6.000000e+00 7.700000e+01 1.982500e+01
         vertex 6.000000e+00 6.929813e+01 1.892836e+01
         vertex 6.000000e+00 6.959808e+01 1.850000e+01
      endloop
   endfacet
   facet normal 1.000000e+00 0.000000e+00 0.000000e+00
      outer loop
         vertex 6.000000e+00 7.700000e+01 1.982500e+01
         vertex 6.000000e+00 6.959808e+01 1.850000e+01
         vertex 6.000000e+00 6.981908e+01 1.802606e+01
      endloop
   endfacet
   facet normal 1.000000e+00 -0.000000e+00 0.000000e+00
      outer loop
         vertex 6.000000e+00 6.981908e+01 1.802606e+01
         vertex 6.000000e+00 6.995443e+01 1.752095e+01
         vertex 6.000000e+00 7.700000e+01 1.982500e+01
      endloop
   endfacet
   facet normal 1.000000e+00 0.000000e+00 0.000000e+00
      outer loop
         vertex 6.000000e+00 7.700000e+01 1.982500e+01
         vertex 6.000000e+00 6.995443e+01 1.752095e+01
         vertex 6.000000e+00 7.000000e+01 1.700000e+01
      endloop
   endfacet
   facet normal 1.000000e+00 0.000000e+00 0.000000e+00
      outer loop
         vertex 6.000000e+00 7.700000e+01 1.982500e+01
         vertex 6.000000e+00 7.000000e+01 1.700000e+01
         vertex 6.000000e+00 7.700000e+01 1.417500e+01
      endloop
   endfacet
   facet normal 1.000000e+00 0.000000e+00 0.000000e+00
      outer loop
         vertex 6.000000e+00 7.700000e+01 1.417500e+01
         vertex 6.000000e+00 7.000000e+01 1.700000e+01
         vertex 6.000000e+00 6.995443e+01 1.647906e+01
      endloop
   endfacet
   facet normal 1.000000e+00 0.000000e+00 0.000000e+00
      outer loop
         vertex 6.000000e+00 7.700000e+01 1.417500e+01
         vertex 6.000000e+00 6.995443e+01 1.647906e+01
         vertex 6.000000e+00 6.981908e+01 1.597394e+01
      endloop
   endfacet
   facet normal 1.000000e+00 0.000000e+00 0.000000e+00
      outer loop
         vertex 6.000000e+00 6.959808e+01 1.550000e+01
         vertex 6.000000e+00 6.929813e+01 1.507164e+01
         vertex 6.000000e+00 7.700000e+01 1.417500e+01
      endloop
   endfacet
   facet normal 1.000000e+00 0.000000e+00 0.000000e+00
      outer loop
         vertex 6.000000e+00 7.700000e+01 1.417500e+01
         vertex 6.000000e+00 6.929813e+01 1.507164e+01
         vertex 6.000000e+00 6.892836e+01 1.470187e+01
      endloop
   endfacet
   facet normal 1.000000e+00 0.000000e+00 0.000000e+00
      outer loop
         vertex 6.000000e+00 7.700000e+01 1.417500e+01
         vertex 6.000000e+00 6.892836e+01 1.470187e+01
         vertex 6.000000e+00 6.850000e+01 1.440192e+01
      endloop
   endfacet
   facet normal 1.000000e+00 0.000000e+00 -0.000000e+00
      outer loop
         vertex 6.000000e+00 8.550000e+01 1.959808e+01
         vertex 6.000000e+00 8.597394e+01 1.981908e+01
         vertex 6.000000e+00 7.700000e+01 1.982500e+01
      endloop
   endfacet
   facet normal 1.000000e+00 -0.000000e+00 0.000000e+00
      outer loop
         vertex 6.000000e+00 7.700000e+01 1.982500e+01
         vertex 6.000000e+00 8.597394e+01 1.981908e+01
         vertex 6.000000e+00 7.700000e+01 2.078886e+01
      endloop
   endfacet
   facet normal 1.000000e+00 0.000000e+00 -0.000000e+00
      outer loop
         vertex 6.000000e+00 7.700000e+01 1.982500e+01
         vertex 6.000000e+00 7.700000e+01 2.078886e+01
         vertex 6.000000e+00 6.802606e+01 1.981908e+01
      endloop
   endfacet
   facet normal 1.000000e+00 0.000000e+00 -0.000000e+00
      outer loop
         vertex 6.000000e+00 6.802606e+01 1.981908e+01
         vertex 6.000000e+00 7.700000e+01 2.078886e+01
         vertex 6.000000e+00 6.752095e+01 1.995442e+01
      endloop
   endfacet
   facet normal 1.000000e+00 -0.000000e+00 0.000000e+00
      outer loop
         vertex 6.000000e+00 3.418750e+01 2.078886e+01
         vertex 6.000000e+00 4.700000e+01 2.000000e+01
         vertex 6.000000e+00 7.700000e+01 2.078886e+01
      endloop
   endfacet
   facet normal 1.000000e+00 0.000000e+00 0.000000e+00
      outer loop
         vertex 6.000000e+00 7.700000e+01 2.078886e+01
         vertex 6.000000e+00 4.700000e+01 2.000000e+01
         vertex 6.000000e+00 6.700000e+01 2.000000e+01
      endloop
   endfacet
   facet normal 1.000000e+00 0.000000e+00 0.000000e+00
      outer loop
         vertex 6.000000e+00 7.700000e+01 2.078886e+01
         vertex 6.000000e+00 6.700000e+01 2.000000e+01
         vertex 6.000000e+00 6.752095e+01 1.995442e+01
      endloop
   endfacet
   facet normal 1.000000e+00 0.000000e+00 0.000000e+00
      outer loop
         vertex 6.000000e+00 3.418750e+01 1.417500e+01
         vertex 6.000000e+00 4.597394e+01 1.418092e+01
         vertex 6.000000e+00 4.550000e+01 1.440192e+01
      endloop
   endfacet
   facet normal 1.000000e+00 0.000000e+00 0.000000e+00
      outer loop
         vertex 6.000000e+00 3.418750e+01 1.982500e+01
         vertex 6.000000e+00 4.470187e+01 1.892836e+01
         vertex 6.000000e+00 4.507164e+01 1.929813e+01
      endloop
   endfacet
   facet normal 1.000000e+00 0.000000e+00 0.000000e+00
      outer loop
         vertex 6.000000e+00 4.550000e+01 1.440192e+01
         vertex 6.000000e+00 4.507164e+01 1.470187e+01
         vertex 6.000000e+00 3.418750e+01 1.417500e+01
      endloop
   endfacet
   facet normal 1.000000e+00 0.000000e+00 0.000000e+00
      outer loop
         vertex 6.000000e+00 3.418750e+01 1.417500e+01
         vertex 6.000000e+00 4.507164e+01 1.470187e+01
         vertex 6.000000e+00 4.470187e+01 1.507164e+01
      endloop
   endfacet
   facet normal 1.000000e+00 0.000000e+00 0.000000e+00
      outer loop
         vertex 6.000000e+00 3.418750e+01 1.417500e+01
         vertex 6.000000e+00 4.470187e+01 1.507164e+01
         vertex 6.000000e+00 4.440193e+01 1.550000e+01
      endloop
   endfacet
   facet normal 1.000000e+00 0.000000e+00 -0.000000e+00
      outer loop
         vertex 6.000000e+00 4.404558e+01 1.752095e+01
         vertex 6.000000e+00 4.418092e+01 1.802606e+01
         vertex 6.000000e+00 3.418750e+01 1.982500e+01
      endloop
   endfacet
   facet normal 1.000000e+00 0.000000e+00 0.000000e+00
      outer loop
         vertex 6.000000e+00 3.418750e+01 1.982500e+01
         vertex 6.000000e+00 4.418092e+01 1.802606e+01
         vertex 6.000000e+00 4.440193e+01 1.850000e+01
      endloop
   endfacet
   facet normal 1.000000e+00 0.000000e+00 0.000000e+00
      outer loop
         vertex 6.000000e+00 3.418750e+01 1.982500e+01
         vertex 6.000000e+00 4.440193e+01 1.850000e+01
         vertex 6.000000e+00 4.470187e+01 1.892836e+01
      endloop
   endfacet
   facet normal 1.000000e+00 0.000000e+00 -0.000000e+00
      outer loop
         vertex 6.000000e+00 4.507164e+01 1.929813e+01
         vertex 6.000000e+00 4.550000e+01 1.959808e+01
         vertex 6.000000e+00 3.418750e+01 1.982500e+01
      endloop
   endfacet
   facet normal 1.000000e+00 0.000000e+00 0.000000e+00
      outer loop
         vertex 6.000000e+00 3.418750e+01 1.982500e+01
         vertex 6.000000e+00 4.550000e+01 1.959808e+01
         vertex 6.000000e+00 4.597394e+01 1.981908e+01
      endloop
   endfacet
   facet normal 1.000000e+00 -0.000000e+00 0.000000e+00
      outer loop
         vertex 6.000000e+00 3.418750e+01 1.982500e+01
         vertex 6.000000e+00 4.597394e+01 1.981908e+01
         vertex 6.000000e+00 3.418750e+01 2.078886e+01
      endloop
   endfacet
   facet normal 1.000000e+00 0.000000e+00 0.000000e+00
      outer loop
         vertex 6.000000e+00 3.418750e+01 2.078886e+01
         vertex 6.000000e+00 4.597394e+01 1.981908e+01
         vertex 6.000000e+00 4.647906e+01 1.995442e+01
      endloop
   endfacet
   facet normal 1.000000e+00 0.000000e+00 0.000000e+00
      outer loop
         vertex 6.000000e+00 3.418750e+01 2.078886e+01
         vertex 6.000000e+00 4.647906e+01 1.995442e+01
         vertex 6.000000e+00 4.700000e+01 2.000000e+01
      endloop
   endfacet
   facet normal 1.000000e+00 0.000000e+00 0.000000e+00
      outer loop
         vertex 6.000000e+00 4.440193e+01 1.550000e+01
         vertex 6.000000e+00 4.418092e+01 1.597394e+01
         vertex 6.000000e+00 3.418750e+01 1.417500e+01
      endloop
   endfacet
   facet normal 1.000000e+00 0.000000e+00 0.000000e+00
      outer loop
         vertex 6.000000e+00 3.418750e+01 1.417500e+01
         vertex 6.000000e+00 4.418092e+01 1.597394e+01
         vertex 6.000000e+00 4.404558e+01 1.647906e+01
      endloop
   endfacet
   facet normal 1.000000e+00 0.000000e+00 0.000000e+00
      outer loop
         vertex 6.000000e+00 3.418750e+01 1.417500e+01
         vertex 6.000000e+00 4.404558e+01 1.647906e+01
         vertex 6.000000e+00 3.418750e+01 1.982500e+01
      endloop
   endfacet
   facet normal 1.000000e+00 0.000000e+00 0.000000e+00
      outer loop
         vertex 6.000000e+00 3.418750e+01 1.982500e+01
         vertex 6.000000e+00 4.404558e+01 1.647906e+01
         vertex 6.000000e+00 4.400000e+01 1.700000e+01
      endloop
   endfacet
   facet normal 1.000000e+00 0.000000e+00 0.000000e+00
      outer loop
         vertex 6.000000e+00 3.418750e+01 1.982500e+01
         vertex 6.000000e+00 4.400000e+01 1.700000e+01
         vertex 6.000000e+00 4.404558e+01 1.752095e+01
      endloop
   endfacet
   facet normal 1.000000e+00 0.000000e+00 0.000000e+00
      outer loop
         vertex 6.000000e+00 1.917224e+02 2.550000e+01
         vertex 6.000000e+00 1.900228e+02 2.792739e+01
         vertex 6.000000e+00 1.601750e+02 2.561386e+01
      endloop
   endfacet
   facet normal 1.000000e+00 0.000000e+00 0.000000e+00
      outer loop
         vertex 6.000000e+00 1.601750e+02 2.561386e+01
         vertex 6.000000e+00 1.900228e+02 2.792739e+01
         vertex 6.000000e+00 1.879274e+02 3.002276e+01
      endloop
   endfacet
   facet normal 1.000000e+00 0.000000e+00 0.000000e+00
      outer loop
         vertex 6.000000e+00 1.601750e+02 2.561386e+01
         vertex 6.000000e+00 1.879274e+02 3.002276e+01
         vertex 6.000000e+00 1.855000e+02 3.172243e+01
      endloop
   endfacet
   facet normal 1.000000e+00 0.000000e+00 0.000000e+00
      outer loop
         vertex 6.000000e+00 1.855000e+02 3.172243e+01
         vertex 6.000000e+00 1.828143e+02 3.297478e+01
         vertex 6.000000e+00 1.601750e+02 2.561386e+01
      endloop
   endfacet
   facet normal 1.000000e+00 0.000000e+00 0.000000e+00
      outer loop
         vertex 6.000000e+00 1.601750e+02 2.561386e+01
         vertex 6.000000e+00 1.828143e+02 3.297478e+01
         vertex 6.000000e+00 1.799520e+02 3.374173e+01
      endloop
   endfacet
   facet normal 1.000000e+00 0.000000e+00 0.000000e+00
      outer loop
         vertex 6.000000e+00 1.601750e+02 2.561386e+01
         vertex 6.000000e+00 1.799520e+02 3.374173e+01
         vertex 6.000000e+00 1.770000e+02 3.400000e+01
      endloop
   endfacet
   facet normal 1.000000e+00 0.000000e+00 0.000000e+00
      outer loop
         vertex 6.000000e+00 1.907687e+01 7.493916e+00
         vertex 6.000000e+00 1.877692e+01 7.922279e+00
         vertex 6.000000e+00 1.508760e+01 1.079105e-01
      endloop
   endfacet
   facet normal 1.000000e+00 0.000000e+00 0.000000e+00
      outer loop
         vertex 6.000000e+00 1.907687e+01 7.493916e+00
         vertex 6.000000e+00 1.508760e+01 1.079105e-01
         vertex 6.000000e+00 1.944664e+01 7.124146e+00
      endloop
   endfacet
   facet normal 1.000000e+00 0.000000e+00 0.000000e+00
      outer loop
         vertex 6.000000e+00 3.418750e+01 1.321114e+01
         vertex 6.000000e+00 2.240106e+01 1.224136e+01
         vertex 6.000000e+00 2.287500e+01 1.202035e+01
      endloop
   endfacet
   facet normal 1.000000e+00 -0.000000e+00 0.000000e+00
      outer loop
         vertex 6.000000e+00 2.287500e+01 1.202035e+01
         vertex 6.000000e+00 2.330336e+01 1.172041e+01
         vertex 6.000000e+00 3.418750e+01 1.321114e+01
      endloop
   endfacet
   facet normal 1.000000e+00 0.000000e+00 0.000000e+00
      outer loop
         vertex 6.000000e+00 3.418750e+01 1.321114e+01
         vertex 6.000000e+00 2.330336e+01 1.172041e+01
         vertex 6.000000e+00 2.367313e+01 1.135064e+01
      endloop
   endfacet
   facet normal 1.000000e+00 0.000000e+00 0.000000e+00
      outer loop
         vertex 6.000000e+00 3.418750e+01 1.321114e+01
         vertex 6.000000e+00 2.367313e+01 1.135064e+01
         vertex 6.000000e+00 2.397308e+01 1.092228e+01
      endloop
   endfacet
   facet normal 1.000000e+00 0.000000e+00 0.000000e+00
      outer loop
         vertex 6.000000e+00 3.418750e+01 2.639368e-02
         vertex 6.000000e+00 2.240106e+01 6.603201e+00
         vertex 6.000000e+00 1.799909e+01 2.938509e-02
      endloop
   endfacet
   facet normal 1.000000e+00 0.000000e+00 0.000000e+00
      outer loop
         vertex 6.000000e+00 1.799909e+01 2.938509e-02
         vertex 6.000000e+00 2.240106e+01 6.603201e+00
         vertex 6.000000e+00 2.189595e+01 6.467856e+00
      endloop
   endfacet
   facet normal 1.000000e+00 0.000000e+00 0.000000e+00
      outer loop
         vertex 6.000000e+00 1.799909e+01 2.938509e-02
         vertex 6.000000e+00 2.189595e+01 6.467856e+00
         vertex 6.000000e+00 2.137500e+01 6.422278e+00
      endloop
   endfacet
   facet normal 1.000000e+00 -0.000000e+00 0.000000e+00
      outer loop
         vertex 6.000000e+00 2.397308e+01 1.092228e+01
         vertex 6.000000e+00 2.419408e+01 1.044834e+01
         vertex 6.000000e+00 3.418750e+01 1.321114e+01
      endloop
   endfacet
   facet normal 1.000000e+00 0.000000e+00 0.000000e+00
      outer loop
         vertex 6.000000e+00 3.418750e+01 1.321114e+01
         vertex 6.000000e+00 2.419408e+01 1.044834e+01
         vertex 6.000000e+00 2.432942e+01 9.943223e+00
      endloop
   endfacet
   facet normal 1.000000e+00 0.000000e+00 0.000000e+00
      outer loop
         vertex 6.000000e+00 3.418750e+01 1.321114e+01
         vertex 6.000000e+00 2.432942e+01 9.943223e+00
         vertex 6.000000e+00 2.437500e+01 9.422278e+00
      endloop
   endfacet
   facet normal 1.000000e+00 0.000000e+00 0.000000e+00
      outer loop
         vertex 6.000000e+00 1.719058e+02 1.272546e+01
         vertex 6.000000e+00 1.601750e+02 1.321114e+01
         vertex 6.000000e+00 1.601750e+02 3.110617e-03
      endloop
   endfacet
   facet normal 1.000000e+00 0.000000e+00 -0.000000e+00
      outer loop
         vertex 6.000000e+00 1.601750e+02 3.110617e-03
         vertex 6.000000e+00 1.601750e+02 1.321114e+01
         vertex 6.000000e+00 1.170000e+02 1.321114e+01
      endloop
   endfacet
   facet normal 1.000000e+00 0.000000e+00 0.000000e+00
      outer loop
         vertex 6.000000e+00 1.601750e+02 3.110617e-03
         vertex 6.000000e+00 1.170000e+02 1.321114e+01
         vertex 6.000000e+00 1.170000e+02 1.108833e-02
      endloop
   endfacet
   facet normal 1.000000e+00 0.000000e+00 -0.000000e+00
      outer loop
         vertex 6.000000e+00 1.170000e+02 1.108833e-02
         vertex 6.000000e+00 1.170000e+02 1.321114e+01
         vertex 6.000000e+00 7.700000e+01 1.321114e+01
      endloop
   endfacet
   facet normal 1.000000e+00 0.000000e+00 0.000000e+00
      outer loop
         vertex 6.000000e+00 1.170000e+02 1.108833e-02
         vertex 6.000000e+00 7.700000e+01 1.321114e+01
         vertex 6.000000e+00 7.700000e+01 1.848117e-02
      endloop
   endfacet
   facet normal 1.000000e+00 0.000000e+00 -0.000000e+00
      outer loop
         vertex 6.000000e+00 7.700000e+01 1.848117e-02
         vertex 6.000000e+00 7.700000e+01 1.321114e+01
         vertex 6.000000e+00 3.418750e+01 1.321114e+01
      endloop
   endfacet
   facet normal 1.000000e+00 0.000000e+00 0.000000e+00
      outer loop
         vertex 6.000000e+00 7.700000e+01 1.848117e-02
         vertex 6.000000e+00 3.418750e+01 1.321114e+01
         vertex 6.000000e+00 3.418750e+01 2.639368e-02
      endloop
   endfacet
   facet normal 1.000000e+00 0.000000e+00 -0.000000e+00
      outer loop
         vertex 6.000000e+00 3.418750e+01 2.639368e-02
         vertex 6.000000e+00 3.418750e+01 1.321114e+01
         vertex 6.000000e+00 2.437500e+01 9.422278e+00
      endloop
   endfacet
   facet normal 1.000000e+00 0.000000e+00 0.000000e+00
      outer loop
         vertex 6.000000e+00 3.418750e+01 2.639368e-02
         vertex 6.000000e+00 2.437500e+01 9.422278e+00
         vertex 6.000000e+00 2.432942e+01 8.901334e+00
      endloop
   endfacet
   facet normal 1.000000e+00 0.000000e+00 0.000000e+00
      outer loop
         vertex 6.000000e+00 2.432942e+01 8.901334e+00
         vertex 6.000000e+00 2.419408e+01 8.396219e+00
         vertex 6.000000e+00 3.418750e+01 2.639368e-02
      endloop
   endfacet
   facet normal 1.000000e+00 0.000000e+00 0.000000e+00
      outer loop
         vertex 6.000000e+00 3.418750e+01 2.639368e-02
         vertex 6.000000e+00 2.419408e+01 8.396219e+00
         vertex 6.000000e+00 2.397308e+01 7.922279e+00
      endloop
   endfacet
   facet normal 1.000000e+00 0.000000e+00 0.000000e+00
      outer loop
         vertex 6.000000e+00 3.418750e+01 2.639368e-02
         vertex 6.000000e+00 2.397308e+01 7.922279e+00
         vertex 6.000000e+00 2.367313e+01 7.493916e+00
      endloop
   endfacet
   facet normal 1.000000e+00 0.000000e+00 0.000000e+00
      outer loop
         vertex 6.000000e+00 2.367313e+01 7.493916e+00
         vertex 6.000000e+00 2.330336e+01 7.124146e+00
         vertex 6.000000e+00 3.418750e+01 2.639368e-02
      endloop
   endfacet
   facet normal 1.000000e+00 0.000000e+00 0.000000e+00
      outer loop
         vertex 6.000000e+00 3.418750e+01 2.639368e-02
         vertex 6.000000e+00 2.330336e+01 7.124146e+00
         vertex 6.000000e+00 2.287500e+01 6.824203e+00
      endloop
   endfacet
   facet normal 1.000000e+00 0.000000e+00 0.000000e+00
      outer loop
         vertex 6.000000e+00 3.418750e+01 2.639368e-02
         vertex 6.000000e+00 2.287500e+01 6.824203e+00
         vertex 6.000000e+00 2.240106e+01 6.603201e+00
      endloop
   endfacet
   facet normal 1.000000e+00 0.000000e+00 0.000000e+00
      outer loop
         vertex 6.000000e+00 2.137500e+01 6.422278e+00
         vertex 6.000000e+00 2.085406e+01 6.467856e+00
         vertex 6.000000e+00 1.799909e+01 2.938509e-02
      endloop
   endfacet
   facet normal 1.000000e+00 0.000000e+00 0.000000e+00
      outer loop
         vertex 6.000000e+00 1.799909e+01 2.938509e-02
         vertex 6.000000e+00 2.085406e+01 6.467856e+00
         vertex 6.000000e+00 2.034894e+01 6.603201e+00
      endloop
   endfacet
   facet normal 1.000000e+00 0.000000e+00 -0.000000e+00
      outer loop
         vertex 6.000000e+00 1.799909e+01 2.938509e-02
         vertex 6.000000e+00 2.034894e+01 6.603201e+00
         vertex 6.000000e+00 1.508760e+01 1.079105e-01
      endloop
   endfacet
   facet normal 1.000000e+00 0.000000e+00 0.000000e+00
      outer loop
         vertex 6.000000e+00 1.508760e+01 1.079105e-01
         vertex 6.000000e+00 2.034894e+01 6.603201e+00
         vertex 6.000000e+00 1.987500e+01 6.824203e+00
      endloop
   endfacet
   facet normal 1.000000e+00 0.000000e+00 0.000000e+00
      outer loop
         vertex 6.000000e+00 1.508760e+01 1.079105e-01
         vertex 6.000000e+00 1.987500e+01 6.824203e+00
         vertex 6.000000e+00 1.944664e+01 7.124146e+00
      endloop
   endfacet
   facet normal 1.000000e+00 0.000000e+00 -0.000000e+00
      outer loop
         vertex 6.000000e+00 1.842058e+01 9.943223e+00
         vertex 6.000000e+00 1.855592e+01 1.044834e+01
         vertex 6.000000e+00 1.636250e+01 1.321114e+01
      endloop
   endfacet
   facet normal 1.000000e+00 0.000000e+00 0.000000e+00
      outer loop
         vertex 6.000000e+00 1.636250e+01 1.321114e+01
         vertex 6.000000e+00 1.855592e+01 1.044834e+01
         vertex 6.000000e+00 1.877692e+01 1.092228e+01
      endloop
   endfacet
   facet normal 1.000000e+00 0.000000e+00 0.000000e+00
      outer loop
         vertex 6.000000e+00 1.636250e+01 1.321114e+01
         vertex 6.000000e+00 1.877692e+01 1.092228e+01
         vertex 6.000000e+00 1.907687e+01 1.135064e+01
      endloop
   endfacet
   facet normal 1.000000e+00 0.000000e+00 -0.000000e+00
      outer loop
         vertex 6.000000e+00 1.907687e+01 1.135064e+01
         vertex 6.000000e+00 1.944664e+01 1.172041e+01
         vertex 6.000000e+00 1.636250e+01 1.321114e+01
      endloop
   endfacet
   facet normal 1.000000e+00 0.000000e+00 0.000000e+00
      outer loop
         vertex 6.000000e+00 1.636250e+01 1.321114e+01
         vertex 6.000000e+00 1.944664e+01 1.172041e+01
         vertex 6.000000e+00 1.987500e+01 1.202035e+01
      endloop
   endfacet
   facet normal 1.000000e+00 0.000000e+00 0.000000e+00
      outer loop
         vertex 6.000000e+00 1.636250e+01 1.321114e+01
         vertex 6.000000e+00 1.987500e+01 1.202035e+01
         vertex 6.000000e+00 2.034894e+01 1.224136e+01
      endloop
   endfacet
   facet normal 1.000000e+00 0.000000e+00 -0.000000e+00
      outer loop
         vertex 6.000000e+00 2.034894e+01 1.224136e+01
         vertex 6.000000e+00 2.085406e+01 1.237670e+01
         vertex 6.000000e+00 1.636250e+01 1.321114e+01
      endloop
   endfacet
   facet normal 1.000000e+00 0.000000e+00 0.000000e+00
      outer loop
         vertex 6.000000e+00 1.636250e+01 1.321114e+01
         vertex 6.000000e+00 2.085406e+01 1.237670e+01
         vertex 6.000000e+00 2.137500e+01 1.242228e+01
      endloop
   endfacet
   facet normal 1.000000e+00 -0.000000e+00 0.000000e+00
      outer loop
         vertex 6.000000e+00 1.636250e+01 1.321114e+01
         vertex 6.000000e+00 2.137500e+01 1.242228e+01
         vertex 6.000000e+00 3.418750e+01 1.321114e+01
      endloop
   endfacet
   facet normal 1.000000e+00 0.000000e+00 0.000000e+00
      outer loop
         vertex 6.000000e+00 3.418750e+01 1.321114e+01
         vertex 6.000000e+00 2.137500e+01 1.242228e+01
         vertex 6.000000e+00 2.189595e+01 1.237670e+01
      endloop
   endfacet
   facet normal 1.000000e+00 0.000000e+00 0.000000e+00
      outer loop
         vertex 6.000000e+00 3.418750e+01 1.321114e+01
         vertex 6.000000e+00 2.189595e+01 1.237670e+01
         vertex 6.000000e+00 2.240106e+01 1.224136e+01
      endloop
   endfacet
   facet normal 1.000000e+00 0.000000e+00 0.000000e+00
      outer loop
         vertex 6.000000e+00 1.877692e+01 7.922279e+00
         vertex 6.000000e+00 1.855592e+01 8.396219e+00
         vertex 6.000000e+00 1.508760e+01 1.079105e-01
      endloop
   endfacet
   facet normal 1.000000e+00 0.000000e+00 0.000000e+00
      outer loop
         vertex 6.000000e+00 1.508760e+01 1.079105e-01
         vertex 6.000000e+00 1.855592e+01 8.396219e+00
         vertex 6.000000e+00 1.842058e+01 8.901334e+00
      endloop
   endfacet
   facet normal 1.000000e+00 0.000000e+00 0.000000e+00
      outer loop
         vertex 6.000000e+00 1.508760e+01 1.079105e-01
         vertex 6.000000e+00 1.842058e+01 8.901334e+00
         vertex 6.000000e+00 1.636250e+01 1.321114e+01
      endloop
   endfacet
   facet normal 1.000000e+00 0.000000e+00 0.000000e+00
      outer loop
         vertex 6.000000e+00 1.636250e+01 1.321114e+01
         vertex 6.000000e+00 1.842058e+01 8.901334e+00
         vertex 6.000000e+00 1.837500e+01 9.422278e+00
      endloop
   endfacet
   facet normal 1.000000e+00 0.000000e+00 0.000000e+00
      outer loop
         vertex 6.000000e+00 1.636250e+01 1.321114e+01
         vertex 6.000000e+00 1.837500e+01 9.422278e+00
         vertex 6.000000e+00 1.842058e+01 9.943223e+00
      endloop
   endfacet
   facet normal 1.000000e+00 0.000000e+00 -0.000000e+00
      outer loop
         vertex 6.000000e+00 1.539388e+00 9.931094e+00
         vertex 6.000000e+00 1.280000e+01 1.321114e+01
         vertex 6.000000e+00 5.596541e-01 1.267392e+01
      endloop
   endfacet
   facet normal 1.000000e+00 0.000000e+00 0.000000e+00
      outer loop
         vertex 6.000000e+00 5.596541e-01 1.267392e+01
         vertex 6.000000e+00 1.280000e+01 1.321114e+01
         vertex 6.000000e+00 8.250001e+00 1.400000e+01
      endloop
   endfacet
   facet normal 1.000000e+00 0.000000e+00 0.000000e+00
      outer loop
         vertex 6.000000e+00 5.596541e-01 1.267392e+01
         vertex 6.000000e+00 8.250001e+00 1.400000e+01
         vertex 6.000000e+00 7.729056e+00 1.404558e+01
      endloop
   endfacet
   facet normal 1.000000e+00 -0.000000e+00 0.000000e+00
      outer loop
         vertex 6.000000e+00 1.539388e+00 9.931094e+00
         vertex 6.000000e+00 2.972934e+00 7.395762e+00
         vertex 6.000000e+00 1.280000e+01 1.321114e+01
      endloop
   endfacet
   facet normal 1.000000e+00 0.000000e+00 0.000000e+00
      outer loop
         vertex 6.000000e+00 1.280000e+01 1.321114e+01
         vertex 6.000000e+00 2.972934e+00 7.395762e+00
         vertex 6.000000e+00 4.818214e+00 5.142341e+00
      endloop
   endfacet
   facet normal 1.000000e+00 0.000000e+00 0.000000e+00
      outer loop
         vertex 6.000000e+00 1.280000e+01 1.321114e+01
         vertex 6.000000e+00 4.818214e+00 5.142341e+00
         vertex 6.000000e+00 7.021064e+00 3.236977e+00
      endloop
   endfacet
   facet normal 1.000000e+00 -0.000000e+00 0.000000e+00
      outer loop
         vertex 6.000000e+00 7.021064e+00 3.236977e+00
         vertex 6.000000e+00 9.516824e+00 1.735596e+00
         vertex 6.000000e+00 1.280000e+01 1.321114e+01
      endloop
   endfacet
   facet normal 1.000000e+00 0.000000e+00 0.000000e+00
      outer loop
         vertex 6.000000e+00 1.280000e+01 1.321114e+01
         vertex 6.000000e+00 9.516824e+00 1.735596e+00
         vertex 6.000000e+00 1.223224e+01 6.822683e-01
      endloop
   endfacet
   facet normal 1.000000e+00 0.000000e+00 0.000000e+00
      outer loop
         vertex 6.000000e+00 1.280000e+01 1.321114e+01
         vertex 6.000000e+00 1.223224e+01 6.822683e-01
         vertex 6.000000e+00 1.508760e+01 1.079105e-01
      endloop
   endfacet
   facet normal 1.000000e+00 0.000000e+00 -0.000000e+00
      outer loop
         vertex 6.000000e+00 7.729056e+00 1.995442e+01
         vertex 6.000000e+00 8.250001e+00 2.000000e+01
         vertex 6.000000e+00 5.596541e-01 2.132608e+01
      endloop
   endfacet
   facet normal 1.000000e+00 0.000000e+00 0.000000e+00
      outer loop
         vertex 6.000000e+00 5.596541e-01 2.132608e+01
         vertex 6.000000e+00 8.250001e+00 2.000000e+01
         vertex 6.000000e+00 1.280000e+01 2.078886e+01
      endloop
   endfacet
   facet normal 1.000000e+00 -0.000000e+00 0.000000e+00
      outer loop
         vertex 6.000000e+00 5.596541e-01 2.132608e+01
         vertex 6.000000e+00 1.280000e+01 2.078886e+01
         vertex 6.000000e+00 1.539388e+00 2.406891e+01
      endloop
   endfacet
   facet normal 1.000000e+00 -0.000000e+00 0.000000e+00
      outer loop
         vertex 6.000000e+00 1.539388e+00 2.406891e+01
         vertex 6.000000e+00 1.280000e+01 2.078886e+01
         vertex 6.000000e+00 1.280000e+01 2.561386e+01
      endloop
   endfacet
   facet normal 1.000000e+00 0.000000e+00 0.000000e+00
      outer loop
         vertex 6.000000e+00 1.539388e+00 2.406891e+01
         vertex 6.000000e+00 1.280000e+01 2.561386e+01
         vertex 6.000000e+00 2.972934e+00 2.660424e+01
      endloop
   endfacet
   facet normal 1.000000e+00 -0.000000e+00 0.000000e+00
      outer loop
         vertex 6.000000e+00 2.972934e+00 2.660424e+01
         vertex 6.000000e+00 1.280000e+01 2.561386e+01
         vertex 6.000000e+00 4.818214e+00 2.885766e+01
      endloop
   endfacet
   facet normal 1.000000e+00 0.000000e+00 0.000000e+00
      outer loop
         vertex 6.000000e+00 1.223224e+01 3.331773e+01
         vertex 6.000000e+00 9.516824e+00 3.226441e+01
         vertex 6.000000e+00 1.280000e+01 2.561386e+01
      endloop
   endfacet
   facet normal 1.000000e+00 0.000000e+00 0.000000e+00
      outer loop
         vertex 6.000000e+00 1.280000e+01 2.561386e+01
         vertex 6.000000e+00 9.516824e+00 3.226441e+01
         vertex 6.000000e+00 7.021064e+00 3.076302e+01
      endloop
   endfacet
   facet normal 1.000000e+00 0.000000e+00 0.000000e+00
      outer loop
         vertex 6.000000e+00 1.280000e+01 2.561386e+01
         vertex 6.000000e+00 7.021064e+00 3.076302e+01
         vertex 6.000000e+00 4.818214e+00 2.885766e+01
      endloop
   endfacet
   facet normal 1.000000e+00 -0.000000e+00 0.000000e+00
      outer loop
         vertex 6.000000e+00 1.223224e+01 3.331773e+01
         vertex 6.000000e+00 1.636250e+01 2.561386e+01
         vertex 6.000000e+00 1.508760e+01 3.389209e+01
      endloop
   endfacet
   facet normal 1.000000e+00 0.000000e+00 0.000000e+00
      outer loop
         vertex 6.000000e+00 1.508760e+01 3.389209e+01
         vertex 6.000000e+00 1.636250e+01 2.561386e+01
         vertex 6.000000e+00 1.855592e+01 2.560378e+01
      endloop
   endfacet
   facet normal 1.000000e+00 0.000000e+00 0.000000e+00
      outer loop
         vertex 6.000000e+00 1.508760e+01 3.389209e+01
         vertex 6.000000e+00 1.855592e+01 2.560378e+01
         vertex 6.000000e+00 1.877692e+01 2.607772e+01
      endloop
   endfacet
   facet normal 1.000000e+00 0.000000e+00 0.000000e+00
      outer loop
         vertex 6.000000e+00 1.770000e+02 3.400000e+01
         vertex 6.000000e+00 1.601750e+02 3.399689e+01
         vertex 6.000000e+00 1.601750e+02 2.561386e+01
      endloop
   endfacet
   facet normal 1.000000e+00 0.000000e+00 -0.000000e+00
      outer loop
         vertex 6.000000e+00 1.601750e+02 2.561386e+01
         vertex 6.000000e+00 1.601750e+02 3.399689e+01
         vertex 6.000000e+00 1.170000e+02 3.398891e+01
      endloop
   endfacet
   facet normal 1.000000e+00 0.000000e+00 0.000000e+00
      outer loop
         vertex 6.000000e+00 1.601750e+02 2.561386e+01
         vertex 6.000000e+00 1.170000e+02 3.398891e+01
         vertex 6.000000e+00 1.170000e+02 2.561386e+01
      endloop
   endfacet
   facet normal 1.000000e+00 0.000000e+00 -0.000000e+00
      outer loop
         vertex 6.000000e+00 1.170000e+02 2.561386e+01
         vertex 6.000000e+00 1.170000e+02 3.398891e+01
         vertex 6.000000e+00 7.700000e+01 3.398152e+01
      endloop
   endfacet
   facet normal 1.000000e+00 0.000000e+00 0.000000e+00
      outer loop
         vertex 6.000000e+00 1.170000e+02 2.561386e+01
         vertex 6.000000e+00 7.700000e+01 3.398152e+01
         vertex 6.000000e+00 7.700000e+01 2.561386e+01
      endloop
   endfacet
   facet normal 1.000000e+00 0.000000e+00 -0.000000e+00
      outer loop
         vertex 6.000000e+00 7.700000e+01 2.561386e+01
         vertex 6.000000e+00 7.700000e+01 3.398152e+01
         vertex 6.000000e+00 3.418750e+01 3.397361e+01
      endloop
   endfacet
   facet normal 1.000000e+00 0.000000e+00 0.000000e+00
      outer loop
         vertex 6.000000e+00 7.700000e+01 2.561386e+01
         vertex 6.000000e+00 3.418750e+01 3.397361e+01
         vertex 6.000000e+00 3.418750e+01 2.561386e+01
      endloop
   endfacet
   facet normal 1.000000e+00 0.000000e+00 -0.000000e+00
      outer loop
         vertex 6.000000e+00 3.418750e+01 2.561386e+01
         vertex 6.000000e+00 3.418750e+01 3.397361e+01
         vertex 6.000000e+00 2.397308e+01 2.607772e+01
      endloop
   endfacet
   facet normal 1.000000e+00 0.000000e+00 0.000000e+00
      outer loop
         vertex 6.000000e+00 3.418750e+01 2.561386e+01
         vertex 6.000000e+00 2.397308e+01 2.607772e+01
         vertex 6.000000e+00 2.419408e+01 2.560378e+01
      endloop
   endfacet
   facet normal 1.000000e+00 0.000000e+00 -0.000000e+00
      outer loop
         vertex 6.000000e+00 1.704510e+02 1.815476e+01
         vertex 6.000000e+00 1.707510e+02 1.927443e+01
         vertex 6.000000e+00 1.601750e+02 1.982500e+01
      endloop
   endfacet
   facet normal 1.000000e+00 -0.000000e+00 0.000000e+00
      outer loop
         vertex 6.000000e+00 1.601750e+02 1.982500e+01
         vertex 6.000000e+00 1.707510e+02 1.927443e+01
         vertex 6.000000e+00 1.712409e+02 2.032500e+01
      endloop
   endfacet
   facet normal 1.000000e+00 0.000000e+00 0.000000e+00
      outer loop
         vertex 6.000000e+00 1.601750e+02 1.982500e+01
         vertex 6.000000e+00 1.712409e+02 2.032500e+01
         vertex 6.000000e+00 1.601750e+02 2.078886e+01
      endloop
   endfacet
   facet normal 1.000000e+00 -0.000000e+00 0.000000e+00
      outer loop
         vertex 6.000000e+00 1.601750e+02 2.078886e+01
         vertex 6.000000e+00 1.712409e+02 2.032500e+01
         vertex 6.000000e+00 1.601750e+02 2.561386e+01
      endloop
   endfacet
   facet normal 1.000000e+00 0.000000e+00 -0.000000e+00
      outer loop
         vertex 6.000000e+00 1.601750e+02 2.078886e+01
         vertex 6.000000e+00 1.601750e+02 2.561386e+01
         vertex 6.000000e+00 1.170000e+02 2.078886e+01
      endloop
   endfacet
   facet normal 1.000000e+00 0.000000e+00 0.000000e+00
      outer loop
         vertex 6.000000e+00 1.170000e+02 2.078886e+01
         vertex 6.000000e+00 1.601750e+02 2.561386e+01
         vertex 6.000000e+00 1.170000e+02 2.561386e+01
      endloop
   endfacet
   facet normal 1.000000e+00 0.000000e+00 -0.000000e+00
      outer loop
         vertex 6.000000e+00 1.170000e+02 2.078886e+01
         vertex 6.000000e+00 1.170000e+02 2.561386e+01
         vertex 6.000000e+00 7.700000e+01 2.078886e+01
      endloop
   endfacet
   facet normal 1.000000e+00 0.000000e+00 0.000000e+00
      outer loop
         vertex 6.000000e+00 7.700000e+01 2.078886e+01
         vertex 6.000000e+00 1.170000e+02 2.561386e+01
         vertex 6.000000e+00 7.700000e+01 2.561386e+01
      endloop
   endfacet
   facet normal 1.000000e+00 0.000000e+00 -0.000000e+00
      outer loop
         vertex 6.000000e+00 7.700000e+01 2.078886e+01
         vertex 6.000000e+00 7.700000e+01 2.561386e+01
         vertex 6.000000e+00 3.418750e+01 2.078886e+01
      endloop
   endfacet
   facet normal 1.000000e+00 0.000000e+00 0.000000e+00
      outer loop
         vertex 6.000000e+00 3.418750e+01 2.078886e+01
         vertex 6.000000e+00 7.700000e+01 2.561386e+01
         vertex 6.000000e+00 3.418750e+01 2.561386e+01
      endloop
   endfacet
   facet normal 1.000000e+00 0.000000e+00 -0.000000e+00
      outer loop
         vertex 6.000000e+00 3.418750e+01 2.078886e+01
         vertex 6.000000e+00 3.418750e+01 2.561386e+01
         vertex 6.000000e+00 2.437500e+01 2.457772e+01
      endloop
   endfacet
   facet normal 1.000000e+00 0.000000e+00 -0.000000e+00
      outer loop
         vertex 6.000000e+00 2.437500e+01 2.457772e+01
         vertex 6.000000e+00 3.418750e+01 2.561386e+01
         vertex 6.000000e+00 2.432942e+01 2.509867e+01
      endloop
   endfacet
   facet normal 1.000000e+00 0.000000e+00 0.000000e+00
      outer loop
         vertex 6.000000e+00 2.137500e+01 2.157772e+01
         vertex 6.000000e+00 1.636250e+01 2.078886e+01
         vertex 6.000000e+00 3.418750e+01 2.078886e+01
      endloop
   endfacet
   facet normal 1.000000e+00 0.000000e+00 0.000000e+00
      outer loop
         vertex 6.000000e+00 3.418750e+01 2.078886e+01
         vertex 6.000000e+00 1.636250e+01 2.078886e+01
         vertex 6.000000e+00 1.636250e+01 1.982500e+01
      endloop
   endfacet
   facet normal 1.000000e+00 0.000000e+00 0.000000e+00
      outer loop
         vertex 6.000000e+00 3.418750e+01 2.078886e+01
         vertex 6.000000e+00 1.636250e+01 1.982500e+01
         vertex 6.000000e+00 3.418750e+01 1.982500e+01
      endloop
   endfacet
   facet normal 1.000000e+00 0.000000e+00 0.000000e+00
      outer loop
         vertex 6.000000e+00 3.418750e+01 1.982500e+01
         vertex 6.000000e+00 1.636250e+01 1.982500e+01
         vertex 6.000000e+00 1.746017e+01 1.960974e+01
      endloop
   endfacet
   facet normal 1.000000e+00 0.000000e+00 0.000000e+00
      outer loop
         vertex 6.000000e+00 3.418750e+01 1.982500e+01
         vertex 6.000000e+00 1.746017e+01 1.960974e+01
         vertex 6.000000e+00 1.790635e+01 1.949019e+01
      endloop
   endfacet
   facet normal 1.000000e+00 0.000000e+00 0.000000e+00
      outer loop
         vertex 6.000000e+00 4.647906e+01 1.404558e+01
         vertex 6.000000e+00 4.597394e+01 1.418092e+01
         vertex 6.000000e+00 3.418750e+01 1.321114e+01
      endloop
   endfacet
   facet normal 1.000000e+00 0.000000e+00 0.000000e+00
      outer loop
         vertex 6.000000e+00 3.418750e+01 1.321114e+01
         vertex 6.000000e+00 4.597394e+01 1.418092e+01
         vertex 6.000000e+00 3.418750e+01 1.417500e+01
      endloop
   endfacet
   facet normal 1.000000e+00 0.000000e+00 -0.000000e+00
      outer loop
         vertex 6.000000e+00 3.418750e+01 1.321114e+01
         vertex 6.000000e+00 3.418750e+01 1.417500e+01
         vertex 6.000000e+00 1.636250e+01 1.321114e+01
      endloop
   endfacet
   facet normal 1.000000e+00 0.000000e+00 0.000000e+00
      outer loop
         vertex 6.000000e+00 1.636250e+01 1.321114e+01
         vertex 6.000000e+00 3.418750e+01 1.417500e+01
         vertex 6.000000e+00 1.636250e+01 1.417500e+01
      endloop
   endfacet
   facet normal 1.000000e+00 0.000000e+00 -0.000000e+00
      outer loop
         vertex 6.000000e+00 1.636250e+01 1.321114e+01
         vertex 6.000000e+00 1.636250e+01 1.417500e+01
         vertex 6.000000e+00 1.280000e+01 1.321114e+01
      endloop
   endfacet
   facet normal 1.000000e+00 0.000000e+00 0.000000e+00
      outer loop
         vertex 6.000000e+00 1.280000e+01 1.321114e+01
         vertex 6.000000e+00 1.636250e+01 1.417500e+01
         vertex 6.000000e+00 1.280000e+01 1.417500e+01
      endloop
   endfacet
   facet normal 1.000000e+00 0.000000e+00 -0.000000e+00
      outer loop
         vertex 6.000000e+00 1.280000e+01 1.321114e+01
         vertex 6.000000e+00 1.280000e+01 1.417500e+01
         vertex 6.000000e+00 9.276061e+00 1.418092e+01
      endloop
   endfacet
   facet normal 1.000000e+00 -0.000000e+00 0.000000e+00
      outer loop
         vertex 6.000000e+00 9.276061e+00 1.418092e+01
         vertex 6.000000e+00 1.280000e+01 1.417500e+01
         vertex 6.000000e+00 9.750001e+00 1.440192e+01
      endloop
   endfacet
   facet normal 1.000000e+00 0.000000e+00 0.000000e+00
      outer loop
         vertex 6.000000e+00 1.223224e+01 3.331773e+01
         vertex 6.000000e+00 1.280000e+01 2.561386e+01
         vertex 6.000000e+00 1.636250e+01 2.561386e+01
      endloop
   endfacet
   facet normal 1.000000e+00 0.000000e+00 0.000000e+00
      outer loop
         vertex 6.000000e+00 1.636250e+01 2.561386e+01
         vertex 6.000000e+00 1.280000e+01 2.561386e+01
         vertex 6.000000e+00 1.280000e+01 2.078886e+01
      endloop
   endfacet
   facet normal 1.000000e+00 0.000000e+00 0.000000e+00
      outer loop
         vertex 6.000000e+00 1.636250e+01 2.561386e+01
         vertex 6.000000e+00 1.280000e+01 2.078886e+01
         vertex 6.000000e+00 1.636250e+01 2.078886e+01
      endloop
   endfacet
   facet normal 1.000000e+00 0.000000e+00 0.000000e+00
      outer loop
         vertex 6.000000e+00 1.636250e+01 2.078886e+01
         vertex 6.000000e+00 1.280000e+01 2.078886e+01
         vertex 6.000000e+00 1.280000e+01 1.982500e+01
      endloop
   endfacet
   facet normal 1.000000e+00 0.000000e+00 0.000000e+00
      outer loop
         vertex 6.000000e+00 1.636250e+01 2.078886e+01
         vertex 6.000000e+00 1.280000e+01 1.982500e+01
         vertex 6.000000e+00 1.636250e+01 1.982500e+01
      endloop
   endfacet
   facet normal 1.000000e+00 0.000000e+00 0.000000e+00
      outer loop
         vertex 6.000000e+00 1.636250e+01 1.982500e+01
         vertex 6.000000e+00 1.280000e+01 1.982500e+01
         vertex 6.000000e+00 1.567500e+01 1.929497e+01
      endloop
   endfacet
   facet normal 1.000000e+00 0.000000e+00 0.000000e+00
      outer loop
         vertex 6.000000e+00 1.636250e+01 1.982500e+01
         vertex 6.000000e+00 1.567500e+01 1.929497e+01
         vertex 6.000000e+00 1.609365e+01 1.949019e+01
      endloop
   endfacet
   facet normal -1.000000e+00 0.000000e+00 -0.000000e+00
      outer loop
         vertex 0.000000e+00 1.900228e+02 2.792739e+01
         vertex 0.000000e+00 1.917224e+02 2.550000e+01
         vertex 0.000000e+00 1.601750e+02 2.493886e+01
      endloop
   endfacet
   facet normal -1.000000e+00 0.000000e+00 0.000000e+00
      outer loop
         vertex 0.000000e+00 2.166152e+01 1.104721e+01
         vertex 0.000000e+00 2.137500e+01 1.107228e+01
         vertex 0.000000e+00 1.968750e+01 1.253614e+01
      endloop
   endfacet
   facet normal -1.000000e+00 0.000000e+00 0.000000e+00
      outer loop
         vertex 0.000000e+00 6.850000e+01 1.959808e+01
         vertex 0.000000e+00 6.802606e+01 1.981908e+01
         vertex 0.000000e+00 7.700000e+01 1.982500e+01
      endloop
   endfacet
   facet normal -1.000000e+00 0.000000e+00 0.000000e+00
      outer loop
         vertex 0.000000e+00 2.302500e+01 2.457772e+01
         vertex 0.000000e+00 2.299993e+01 2.486424e+01
         vertex 0.000000e+00 3.351250e+01 2.493886e+01
      endloop
   endfacet
   facet normal -1.000000e+00 -0.000000e+00 0.000000e+00
      outer loop
         vertex 0.000000e+00 1.719058e+02 1.272546e+01
         vertex 0.000000e+00 1.601750e+02 1.253614e+01
         vertex 0.000000e+00 1.601750e+02 1.417500e+01
      endloop
   endfacet
   facet normal -1.000000e+00 0.000000e+00 0.000000e+00
      outer loop
         vertex 0.000000e+00 1.820942e+02 2.127454e+01
         vertex 0.000000e+00 1.929748e+02 2.281434e+01
         vertex 0.000000e+00 1.937417e+02 1.995202e+01
      endloop
   endfacet
   facet normal -1.000000e+00 0.000000e+00 0.000000e+00
      outer loop
         vertex 0.000000e+00 1.727255e+02 2.209420e+01
         vertex 0.000000e+00 1.719058e+02 2.127454e+01
         vertex 0.000000e+00 1.601750e+02 2.146386e+01
      endloop
   endfacet
   facet normal -1.000000e+00 -0.000000e+00 0.000000e+00
      outer loop
         vertex 0.000000e+00 1.929748e+02 2.281434e+01
         vertex 0.000000e+00 1.820942e+02 2.127454e+01
         vertex 0.000000e+00 1.917224e+02 2.550000e+01
      endloop
   endfacet
   facet normal -1.000000e+00 -0.000000e+00 0.000000e+00
      outer loop
         vertex 0.000000e+00 1.747256e+02 2.324896e+01
         vertex 0.000000e+00 1.736750e+02 2.275907e+01
         vertex 0.000000e+00 1.601750e+02 2.493886e+01
      endloop
   endfacet
   facet normal -1.000000e+00 0.000000e+00 0.000000e+00
      outer loop
         vertex 0.000000e+00 1.601750e+02 2.493886e+01
         vertex 0.000000e+00 1.736750e+02 2.275907e+01
         vertex 0.000000e+00 1.727255e+02 2.209420e+01
      endloop
   endfacet
   facet normal -1.000000e+00 0.000000e+00 0.000000e+00
      outer loop
         vertex 0.000000e+00 1.820942e+02 2.127454e+01
         vertex 0.000000e+00 1.812745e+02 2.209420e+01
         vertex 0.000000e+00 1.917224e+02 2.550000e+01
      endloop
   endfacet
   facet normal -1.000000e+00 0.000000e+00 0.000000e+00
      outer loop
         vertex 0.000000e+00 1.917224e+02 2.550000e+01
         vertex 0.000000e+00 1.812745e+02 2.209420e+01
         vertex 0.000000e+00 1.803250e+02 2.275907e+01
      endloop
   endfacet
   facet normal -1.000000e+00 0.000000e+00 0.000000e+00
      outer loop
         vertex 0.000000e+00 1.917224e+02 2.550000e+01
         vertex 0.000000e+00 1.803250e+02 2.275907e+01
         vertex 0.000000e+00 1.792744e+02 2.324896e+01
      endloop
   endfacet
   facet normal -1.000000e+00 0.000000e+00 0.000000e+00
      outer loop
         vertex 0.000000e+00 1.792744e+02 2.324896e+01
         vertex 0.000000e+00 1.781548e+02 2.354897e+01
         vertex 0.000000e+00 1.917224e+02 2.550000e+01
      endloop
   endfacet
   facet normal -1.000000e+00 0.000000e+00 0.000000e+00
      outer loop
         vertex 0.000000e+00 1.917224e+02 2.550000e+01
         vertex 0.000000e+00 1.781548e+02 2.354897e+01
         vertex 0.000000e+00 1.770000e+02 2.365000e+01
      endloop
   endfacet
   facet normal -1.000000e+00 0.000000e+00 0.000000e+00
      outer loop
         vertex 0.000000e+00 1.917224e+02 2.550000e+01
         vertex 0.000000e+00 1.770000e+02 2.365000e+01
         vertex 0.000000e+00 1.601750e+02 2.493886e+01
      endloop
   endfacet
   facet normal -1.000000e+00 0.000000e+00 0.000000e+00
      outer loop
         vertex 0.000000e+00 1.601750e+02 2.493886e+01
         vertex 0.000000e+00 1.770000e+02 2.365000e+01
         vertex 0.000000e+00 1.758452e+02 2.354897e+01
      endloop
   endfacet
   facet normal -1.000000e+00 0.000000e+00 0.000000e+00
      outer loop
         vertex 0.000000e+00 1.601750e+02 2.493886e+01
         vertex 0.000000e+00 1.758452e+02 2.354897e+01
         vertex 0.000000e+00 1.747256e+02 2.324896e+01
      endloop
   endfacet
   facet normal -1.000000e+00 0.000000e+00 0.000000e+00
      outer loop
         vertex 0.000000e+00 1.835490e+02 1.815476e+01
         vertex 0.000000e+00 1.832490e+02 1.927443e+01
         vertex 0.000000e+00 1.937417e+02 1.995202e+01
      endloop
   endfacet
   facet normal -1.000000e+00 -0.000000e+00 0.000000e+00
      outer loop
         vertex 0.000000e+00 1.937417e+02 1.995202e+01
         vertex 0.000000e+00 1.832490e+02 1.927443e+01
         vertex 0.000000e+00 1.827591e+02 2.032500e+01
      endloop
   endfacet
   facet normal -1.000000e+00 0.000000e+00 0.000000e+00
      outer loop
         vertex 0.000000e+00 1.937417e+02 1.995202e+01
         vertex 0.000000e+00 1.827591e+02 2.032500e+01
         vertex 0.000000e+00 1.820942e+02 2.127454e+01
      endloop
   endfacet
   facet normal -1.000000e+00 0.000000e+00 0.000000e+00
      outer loop
         vertex 0.000000e+00 1.835490e+02 1.815476e+01
         vertex 0.000000e+00 1.937417e+02 1.995202e+01
         vertex 0.000000e+00 1.836500e+02 1.700000e+01
      endloop
   endfacet
   facet normal -1.000000e+00 0.000000e+00 0.000000e+00
      outer loop
         vertex 0.000000e+00 1.836500e+02 1.700000e+01
         vertex 0.000000e+00 1.937417e+02 1.995202e+01
         vertex 0.000000e+00 1.940000e+02 1.700000e+01
      endloop
   endfacet
   facet normal -1.000000e+00 0.000000e+00 -0.000000e+00
      outer loop
         vertex 0.000000e+00 1.836500e+02 1.700000e+01
         vertex 0.000000e+00 1.940000e+02 1.700000e+01
         vertex 0.000000e+00 1.835490e+02 1.584524e+01
      endloop
   endfacet
   facet normal -1.000000e+00 0.000000e+00 0.000000e+00
      outer loop
         vertex 0.000000e+00 1.835490e+02 1.584524e+01
         vertex 0.000000e+00 1.940000e+02 1.700000e+01
         vertex 0.000000e+00 1.937417e+02 1.404798e+01
      endloop
   endfacet
   facet normal -1.000000e+00 0.000000e+00 -0.000000e+00
      outer loop
         vertex 0.000000e+00 1.835490e+02 1.584524e+01
         vertex 0.000000e+00 1.937417e+02 1.404798e+01
         vertex 0.000000e+00 1.832490e+02 1.472557e+01
      endloop
   endfacet
   facet normal -1.000000e+00 0.000000e+00 -0.000000e+00
      outer loop
         vertex 0.000000e+00 1.832490e+02 1.472557e+01
         vertex 0.000000e+00 1.937417e+02 1.404798e+01
         vertex 0.000000e+00 1.827591e+02 1.367500e+01
      endloop
   endfacet
   facet normal -1.000000e+00 0.000000e+00 0.000000e+00
      outer loop
         vertex 0.000000e+00 1.827591e+02 1.367500e+01
         vertex 0.000000e+00 1.937417e+02 1.404798e+01
         vertex 0.000000e+00 1.929748e+02 1.118566e+01
      endloop
   endfacet
   facet normal -1.000000e+00 0.000000e+00 -0.000000e+00
      outer loop
         vertex 0.000000e+00 1.827591e+02 1.367500e+01
         vertex 0.000000e+00 1.929748e+02 1.118566e+01
         vertex 0.000000e+00 1.820942e+02 1.272546e+01
      endloop
   endfacet
   facet normal -1.000000e+00 -0.000000e+00 -0.000000e+00
      outer loop
         vertex 0.000000e+00 1.747256e+02 1.075104e+01
         vertex 0.000000e+00 1.770000e+02 0.000000e+00
         vertex 0.000000e+00 1.736750e+02 1.124093e+01
      endloop
   endfacet
   facet normal -1.000000e+00 0.000000e+00 -0.000000e+00
      outer loop
         vertex 0.000000e+00 1.736750e+02 1.124093e+01
         vertex 0.000000e+00 1.770000e+02 0.000000e+00
         vertex 0.000000e+00 1.601750e+02 3.110617e-03
      endloop
   endfacet
   facet normal -1.000000e+00 -0.000000e+00 0.000000e+00
      outer loop
         vertex 0.000000e+00 1.736750e+02 1.124093e+01
         vertex 0.000000e+00 1.601750e+02 3.110617e-03
         vertex 0.000000e+00 1.727255e+02 1.190581e+01
      endloop
   endfacet
   facet normal -1.000000e+00 -0.000000e+00 0.000000e+00
      outer loop
         vertex 0.000000e+00 1.727255e+02 1.190581e+01
         vertex 0.000000e+00 1.601750e+02 3.110617e-03
         vertex 0.000000e+00 1.719058e+02 1.272546e+01
      endloop
   endfacet
   facet normal -1.000000e+00 -0.000000e+00 0.000000e+00
      outer loop
         vertex 0.000000e+00 1.929748e+02 1.118566e+01
         vertex 0.000000e+00 1.917224e+02 8.500000e+00
         vertex 0.000000e+00 1.820942e+02 1.272546e+01
      endloop
   endfacet
   facet normal -1.000000e+00 0.000000e+00 0.000000e+00
      outer loop
         vertex 0.000000e+00 1.820942e+02 1.272546e+01
         vertex 0.000000e+00 1.917224e+02 8.500000e+00
         vertex 0.000000e+00 1.900228e+02 6.072612e+00
      endloop
   endfacet
   facet normal -1.000000e+00 0.000000e+00 -0.000000e+00
      outer loop
         vertex 0.000000e+00 1.820942e+02 1.272546e+01
         vertex 0.000000e+00 1.900228e+02 6.072612e+00
         vertex 0.000000e+00 1.812745e+02 1.190581e+01
      endloop
   endfacet
   facet normal -1.000000e+00 0.000000e+00 0.000000e+00
      outer loop
         vertex 0.000000e+00 1.812745e+02 1.190581e+01
         vertex 0.000000e+00 1.900228e+02 6.072612e+00
         vertex 0.000000e+00 1.879274e+02 3.977246e+00
      endloop
   endfacet
   facet normal -1.000000e+00 0.000000e+00 -0.000000e+00
      outer loop
         vertex 0.000000e+00 1.812745e+02 1.190581e+01
         vertex 0.000000e+00 1.879274e+02 3.977246e+00
         vertex 0.000000e+00 1.803250e+02 1.124093e+01
      endloop
   endfacet
   facet normal -1.000000e+00 0.000000e+00 0.000000e+00
      outer loop
         vertex 0.000000e+00 1.803250e+02 1.124093e+01
         vertex 0.000000e+00 1.879274e+02 3.977246e+00
         vertex 0.000000e+00 1.855000e+02 2.277569e+00
      endloop
   endfacet
   facet normal -1.000000e+00 0.000000e+00 -0.000000e+00
      outer loop
         vertex 0.000000e+00 1.803250e+02 1.124093e+01
         vertex 0.000000e+00 1.855000e+02 2.277569e+00
         vertex 0.000000e+00 1.792744e+02 1.075104e+01
      endloop
   endfacet
   facet normal -1.000000e+00 0.000000e+00 0.000000e+00
      outer loop
         vertex 0.000000e+00 1.792744e+02 1.075104e+01
         vertex 0.000000e+00 1.855000e+02 2.277569e+00
         vertex 0.000000e+00 1.828143e+02 1.025226e+00
      endloop
   endfacet
   facet normal -1.000000e+00 0.000000e+00 -0.000000e+00
      outer loop
         vertex 0.000000e+00 1.792744e+02 1.075104e+01
         vertex 0.000000e+00 1.828143e+02 1.025226e+00
         vertex 0.000000e+00 1.781548e+02 1.045103e+01
      endloop
   endfacet
   facet normal -1.000000e+00 0.000000e+00 0.000000e+00
      outer loop
         vertex 0.000000e+00 1.781548e+02 1.045103e+01
         vertex 0.000000e+00 1.828143e+02 1.025226e+00
         vertex 0.000000e+00 1.799520e+02 2.582688e-01
      endloop
   endfacet
   facet normal -1.000000e+00 0.000000e+00 -0.000000e+00
      outer loop
         vertex 0.000000e+00 1.781548e+02 1.045103e+01
         vertex 0.000000e+00 1.799520e+02 2.582688e-01
         vertex 0.000000e+00 1.770000e+02 1.035000e+01
      endloop
   endfacet
   facet normal -1.000000e+00 0.000000e+00 0.000000e+00
      outer loop
         vertex 0.000000e+00 1.770000e+02 1.035000e+01
         vertex 0.000000e+00 1.799520e+02 2.582688e-01
         vertex 0.000000e+00 1.770000e+02 0.000000e+00
      endloop
   endfacet
   facet normal -1.000000e+00 -0.000000e+00 -0.000000e+00
      outer loop
         vertex 0.000000e+00 1.770000e+02 1.035000e+01
         vertex 0.000000e+00 1.770000e+02 0.000000e+00
         vertex 0.000000e+00 1.758452e+02 1.045103e+01
      endloop
   endfacet
   facet normal -1.000000e+00 -0.000000e+00 -0.000000e+00
      outer loop
         vertex 0.000000e+00 1.758452e+02 1.045103e+01
         vertex 0.000000e+00 1.770000e+02 0.000000e+00
         vertex 0.000000e+00 1.747256e+02 1.075104e+01
      endloop
   endfacet
   facet normal -1.000000e+00 0.000000e+00 -0.000000e+00
      outer loop
         vertex 0.000000e+00 1.704510e+02 1.584524e+01
         vertex 0.000000e+00 1.707510e+02 1.472557e+01
         vertex 0.000000e+00 1.601750e+02 1.417500e+01
      endloop
   endfacet
   facet normal -1.000000e+00 0.000000e+00 0.000000e+00
      outer loop
         vertex 0.000000e+00 1.601750e+02 1.417500e+01
         vertex 0.000000e+00 1.707510e+02 1.472557e+01
         vertex 0.000000e+00 1.712409e+02 1.367500e+01
      endloop
   endfacet
   facet normal -1.000000e+00 0.000000e+00 0.000000e+00
      outer loop
         vertex 0.000000e+00 1.601750e+02 1.417500e+01
         vertex 0.000000e+00 1.712409e+02 1.367500e+01
         vertex 0.000000e+00 1.719058e+02 1.272546e+01
      endloop
   endfacet
   facet normal -1.000000e+00 0.000000e+00 0.000000e+00
      outer loop
         vertex 0.000000e+00 1.712409e+02 2.032500e+01
         vertex 0.000000e+00 1.707510e+02 1.927443e+01
         vertex 0.000000e+00 1.601750e+02 1.982500e+01
      endloop
   endfacet
   facet normal -1.000000e+00 0.000000e+00 0.000000e+00
      outer loop
         vertex 0.000000e+00 1.601750e+02 1.982500e+01
         vertex 0.000000e+00 1.707510e+02 1.927443e+01
         vertex 0.000000e+00 1.704510e+02 1.815476e+01
      endloop
   endfacet
   facet normal -1.000000e+00 0.000000e+00 0.000000e+00
      outer loop
         vertex 0.000000e+00 1.601750e+02 1.982500e+01
         vertex 0.000000e+00 1.704510e+02 1.815476e+01
         vertex 0.000000e+00 1.601750e+02 1.417500e+01
      endloop
   endfacet
   facet normal -1.000000e+00 0.000000e+00 0.000000e+00
      outer loop
         vertex 0.000000e+00 1.601750e+02 1.417500e+01
         vertex 0.000000e+00 1.704510e+02 1.815476e+01
         vertex 0.000000e+00 1.703500e+02 1.700000e+01
      endloop
   endfacet
   facet normal -1.000000e+00 0.000000e+00 0.000000e+00
      outer loop
         vertex 0.000000e+00 1.601750e+02 1.417500e+01
         vertex 0.000000e+00 1.703500e+02 1.700000e+01
         vertex 0.000000e+00 1.704510e+02 1.584524e+01
      endloop
   endfacet
   facet normal -1.000000e+00 0.000000e+00 0.000000e+00
      outer loop
         vertex 0.000000e+00 2.299993e+01 2.486424e+01
         vertex 0.000000e+00 2.292549e+01 2.514206e+01
         vertex 0.000000e+00 3.351250e+01 3.397348e+01
      endloop
   endfacet
   facet normal -1.000000e+00 -0.000000e+00 0.000000e+00
      outer loop
         vertex 0.000000e+00 2.137500e+01 2.622772e+01
         vertex 0.000000e+00 2.108848e+01 2.620266e+01
         vertex 0.000000e+00 1.968750e+01 3.397093e+01
      endloop
   endfacet
   facet normal -1.000000e+00 0.000000e+00 0.000000e+00
      outer loop
         vertex 0.000000e+00 1.968750e+01 3.397093e+01
         vertex 0.000000e+00 2.108848e+01 2.620266e+01
         vertex 0.000000e+00 2.081067e+01 2.612822e+01
      endloop
   endfacet
   facet normal -1.000000e+00 -0.000000e+00 0.000000e+00
      outer loop
         vertex 0.000000e+00 2.011103e+01 2.563832e+01
         vertex 0.000000e+00 1.994606e+01 2.540272e+01
         vertex 0.000000e+00 1.968750e+01 3.397093e+01
      endloop
   endfacet
   facet normal -1.000000e+00 0.000000e+00 0.000000e+00
      outer loop
         vertex 0.000000e+00 2.292549e+01 2.514206e+01
         vertex 0.000000e+00 2.280394e+01 2.540272e+01
         vertex 0.000000e+00 3.351250e+01 3.397348e+01
      endloop
   endfacet
   facet normal -1.000000e+00 0.000000e+00 0.000000e+00
      outer loop
         vertex 0.000000e+00 3.351250e+01 3.397348e+01
         vertex 0.000000e+00 2.280394e+01 2.540272e+01
         vertex 0.000000e+00 2.263897e+01 2.563832e+01
      endloop
   endfacet
   facet normal -1.000000e+00 0.000000e+00 0.000000e+00
      outer loop
         vertex 0.000000e+00 3.351250e+01 3.397348e+01
         vertex 0.000000e+00 2.263897e+01 2.563832e+01
         vertex 0.000000e+00 2.243560e+01 2.584170e+01
      endloop
   endfacet
   facet normal -1.000000e+00 0.000000e+00 0.000000e+00
      outer loop
         vertex 0.000000e+00 2.243560e+01 2.584170e+01
         vertex 0.000000e+00 2.220000e+01 2.600667e+01
         vertex 0.000000e+00 3.351250e+01 3.397348e+01
      endloop
   endfacet
   facet normal -1.000000e+00 0.000000e+00 0.000000e+00
      outer loop
         vertex 0.000000e+00 3.351250e+01 3.397348e+01
         vertex 0.000000e+00 2.220000e+01 2.600667e+01
         vertex 0.000000e+00 2.193933e+01 2.612822e+01
      endloop
   endfacet
   facet normal -1.000000e+00 0.000000e+00 0.000000e+00
      outer loop
         vertex 0.000000e+00 3.351250e+01 3.397348e+01
         vertex 0.000000e+00 2.193933e+01 2.612822e+01
         vertex 0.000000e+00 1.968750e+01 3.397093e+01
      endloop
   endfacet
   facet normal -1.000000e+00 0.000000e+00 0.000000e+00
      outer loop
         vertex 0.000000e+00 1.968750e+01 3.397093e+01
         vertex 0.000000e+00 2.193933e+01 2.612822e+01
         vertex 0.000000e+00 2.166152e+01 2.620266e+01
      endloop
   endfacet
   facet normal -1.000000e+00 0.000000e+00 0.000000e+00
      outer loop
         vertex 0.000000e+00 1.968750e+01 3.397093e+01
         vertex 0.000000e+00 2.166152e+01 2.620266e+01
         vertex 0.000000e+00 2.137500e+01 2.622772e+01
      endloop
   endfacet
   facet normal -1.000000e+00 -0.000000e+00 0.000000e+00
      outer loop
         vertex 0.000000e+00 2.081067e+01 2.612822e+01
         vertex 0.000000e+00 2.055000e+01 2.600667e+01
         vertex 0.000000e+00 1.968750e+01 3.397093e+01
      endloop
   endfacet
   facet normal -1.000000e+00 0.000000e+00 0.000000e+00
      outer loop
         vertex 0.000000e+00 1.968750e+01 3.397093e+01
         vertex 0.000000e+00 2.055000e+01 2.600667e+01
         vertex 0.000000e+00 2.031440e+01 2.584170e+01
      endloop
   endfacet
   facet normal -1.000000e+00 0.000000e+00 0.000000e+00
      outer loop
         vertex 0.000000e+00 1.968750e+01 3.397093e+01
         vertex 0.000000e+00 2.031440e+01 2.584170e+01
         vertex 0.000000e+00 2.011103e+01 2.563832e+01
      endloop
   endfacet
   facet normal -1.000000e+00 0.000000e+00 0.000000e+00
      outer loop
         vertex 0.000000e+00 1.982451e+01 2.514206e+01
         vertex 0.000000e+00 1.975007e+01 2.486424e+01
         vertex 0.000000e+00 1.968750e+01 2.493886e+01
      endloop
   endfacet
   facet normal -1.000000e+00 0.000000e+00 0.000000e+00
      outer loop
         vertex 0.000000e+00 1.968750e+01 2.493886e+01
         vertex 0.000000e+00 1.975007e+01 2.486424e+01
         vertex 0.000000e+00 1.972500e+01 2.457772e+01
      endloop
   endfacet
   facet normal -1.000000e+00 0.000000e+00 0.000000e+00
      outer loop
         vertex 0.000000e+00 1.968750e+01 2.493886e+01
         vertex 0.000000e+00 1.972500e+01 2.457772e+01
         vertex 0.000000e+00 1.968750e+01 2.146386e+01
      endloop
   endfacet
   facet normal -1.000000e+00 0.000000e+00 0.000000e+00
      outer loop
         vertex 0.000000e+00 2.263897e+01 2.351712e+01
         vertex 0.000000e+00 2.280394e+01 2.375272e+01
         vertex 0.000000e+00 3.351250e+01 2.146386e+01
      endloop
   endfacet
   facet normal -1.000000e+00 0.000000e+00 0.000000e+00
      outer loop
         vertex 0.000000e+00 3.351250e+01 2.146386e+01
         vertex 0.000000e+00 2.280394e+01 2.375272e+01
         vertex 0.000000e+00 2.292549e+01 2.401339e+01
      endloop
   endfacet
   facet normal -1.000000e+00 0.000000e+00 0.000000e+00
      outer loop
         vertex 0.000000e+00 3.351250e+01 2.146386e+01
         vertex 0.000000e+00 2.292549e+01 2.401339e+01
         vertex 0.000000e+00 2.299993e+01 2.429120e+01
      endloop
   endfacet
   facet normal -1.000000e+00 0.000000e+00 -0.000000e+00
      outer loop
         vertex 0.000000e+00 1.972500e+01 2.457772e+01
         vertex 0.000000e+00 1.975007e+01 2.429120e+01
         vertex 0.000000e+00 1.968750e+01 2.146386e+01
      endloop
   endfacet
   facet normal -1.000000e+00 0.000000e+00 0.000000e+00
      outer loop
         vertex 0.000000e+00 1.968750e+01 2.146386e+01
         vertex 0.000000e+00 1.975007e+01 2.429120e+01
         vertex 0.000000e+00 1.982451e+01 2.401339e+01
      endloop
   endfacet
   facet normal -1.000000e+00 0.000000e+00 0.000000e+00
      outer loop
         vertex 0.000000e+00 1.968750e+01 2.146386e+01
         vertex 0.000000e+00 1.982451e+01 2.401339e+01
         vertex 0.000000e+00 1.994606e+01 2.375272e+01
      endloop
   endfacet
   facet normal -1.000000e+00 0.000000e+00 -0.000000e+00
      outer loop
         vertex 0.000000e+00 1.994606e+01 2.375272e+01
         vertex 0.000000e+00 2.011103e+01 2.351712e+01
         vertex 0.000000e+00 1.968750e+01 2.146386e+01
      endloop
   endfacet
   facet normal -1.000000e+00 0.000000e+00 0.000000e+00
      outer loop
         vertex 0.000000e+00 1.968750e+01 2.146386e+01
         vertex 0.000000e+00 2.011103e+01 2.351712e+01
         vertex 0.000000e+00 2.031440e+01 2.331375e+01
      endloop
   endfacet
   facet normal -1.000000e+00 0.000000e+00 0.000000e+00
      outer loop
         vertex 0.000000e+00 1.968750e+01 2.146386e+01
         vertex 0.000000e+00 2.031440e+01 2.331375e+01
         vertex 0.000000e+00 2.055000e+01 2.314878e+01
      endloop
   endfacet
   facet normal -1.000000e+00 0.000000e+00 0.000000e+00
      outer loop
         vertex 0.000000e+00 2.166152e+01 2.295279e+01
         vertex 0.000000e+00 2.193933e+01 2.302723e+01
         vertex 0.000000e+00 3.351250e+01 2.146386e+01
      endloop
   endfacet
   facet normal -1.000000e+00 0.000000e+00 0.000000e+00
      outer loop
         vertex 0.000000e+00 2.193933e+01 2.302723e+01
         vertex 0.000000e+00 2.220000e+01 2.314878e+01
         vertex 0.000000e+00 3.351250e+01 2.146386e+01
      endloop
   endfacet
   facet normal -1.000000e+00 0.000000e+00 0.000000e+00
      outer loop
         vertex 0.000000e+00 3.351250e+01 2.146386e+01
         vertex 0.000000e+00 2.220000e+01 2.314878e+01
         vertex 0.000000e+00 2.243560e+01 2.331375e+01
      endloop
   endfacet
   facet normal -1.000000e+00 0.000000e+00 0.000000e+00
      outer loop
         vertex 0.000000e+00 3.351250e+01 2.146386e+01
         vertex 0.000000e+00 2.243560e+01 2.331375e+01
         vertex 0.000000e+00 2.263897e+01 2.351712e+01
      endloop
   endfacet
   facet normal -1.000000e+00 0.000000e+00 -0.000000e+00
      outer loop
         vertex 0.000000e+00 2.055000e+01 2.314878e+01
         vertex 0.000000e+00 2.081067e+01 2.302723e+01
         vertex 0.000000e+00 1.968750e+01 2.146386e+01
      endloop
   endfacet
   facet normal -1.000000e+00 0.000000e+00 0.000000e+00
      outer loop
         vertex 0.000000e+00 1.968750e+01 2.146386e+01
         vertex 0.000000e+00 2.081067e+01 2.302723e+01
         vertex 0.000000e+00 2.108848e+01 2.295279e+01
      endloop
   endfacet
   facet normal -1.000000e+00 0.000000e+00 0.000000e+00
      outer loop
         vertex 0.000000e+00 1.968750e+01 2.146386e+01
         vertex 0.000000e+00 2.108848e+01 2.295279e+01
         vertex 0.000000e+00 2.137500e+01 2.292772e+01
      endloop
   endfacet
   facet normal -1.000000e+00 0.000000e+00 0.000000e+00
      outer loop
         vertex 0.000000e+00 1.075209e+02 1.995442e+01
         vertex 0.000000e+00 1.170000e+02 2.146386e+01
         vertex 0.000000e+00 1.080261e+02 1.981908e+01
      endloop
   endfacet
   facet normal -1.000000e+00 0.000000e+00 0.000000e+00
      outer loop
         vertex 0.000000e+00 1.080261e+02 1.981908e+01
         vertex 0.000000e+00 1.170000e+02 2.146386e+01
         vertex 0.000000e+00 1.170000e+02 1.982500e+01
      endloop
   endfacet
   facet normal -1.000000e+00 0.000000e+00 0.000000e+00
      outer loop
         vertex 0.000000e+00 1.075209e+02 1.995442e+01
         vertex 0.000000e+00 1.070000e+02 2.000000e+01
         vertex 0.000000e+00 1.170000e+02 2.146386e+01
      endloop
   endfacet
   facet normal -1.000000e+00 0.000000e+00 0.000000e+00
      outer loop
         vertex 0.000000e+00 1.170000e+02 2.146386e+01
         vertex 0.000000e+00 1.070000e+02 2.000000e+01
         vertex 0.000000e+00 8.700000e+01 2.000000e+01
      endloop
   endfacet
   facet normal -1.000000e+00 -0.000000e+00 0.000000e+00
      outer loop
         vertex 0.000000e+00 1.170000e+02 2.146386e+01
         vertex 0.000000e+00 8.700000e+01 2.000000e+01
         vertex 0.000000e+00 7.700000e+01 2.146386e+01
      endloop
   endfacet
   facet normal -1.000000e+00 0.000000e+00 0.000000e+00
      outer loop
         vertex 0.000000e+00 7.700000e+01 2.146386e+01
         vertex 0.000000e+00 8.700000e+01 2.000000e+01
         vertex 0.000000e+00 8.647906e+01 1.995442e+01
      endloop
   endfacet
   facet normal -1.000000e+00 0.000000e+00 0.000000e+00
      outer loop
         vertex 0.000000e+00 7.700000e+01 2.146386e+01
         vertex 0.000000e+00 8.647906e+01 1.995442e+01
         vertex 0.000000e+00 8.597394e+01 1.981908e+01
      endloop
   endfacet
   facet normal -1.000000e+00 0.000000e+00 0.000000e+00
      outer loop
         vertex 0.000000e+00 1.170000e+02 1.417500e+01
         vertex 0.000000e+00 1.080261e+02 1.418092e+01
         vertex 0.000000e+00 1.085000e+02 1.440192e+01
      endloop
   endfacet
   facet normal -1.000000e+00 0.000000e+00 0.000000e+00
      outer loop
         vertex 0.000000e+00 1.085000e+02 1.440192e+01
         vertex 0.000000e+00 1.089284e+02 1.470187e+01
         vertex 0.000000e+00 1.170000e+02 1.417500e+01
      endloop
   endfacet
   facet normal -1.000000e+00 0.000000e+00 0.000000e+00
      outer loop
         vertex 0.000000e+00 1.170000e+02 1.417500e+01
         vertex 0.000000e+00 1.089284e+02 1.470187e+01
         vertex 0.000000e+00 1.092981e+02 1.507164e+01
      endloop
   endfacet
   facet normal -1.000000e+00 0.000000e+00 0.000000e+00
      outer loop
         vertex 0.000000e+00 1.170000e+02 1.417500e+01
         vertex 0.000000e+00 1.092981e+02 1.507164e+01
         vertex 0.000000e+00 1.095981e+02 1.550000e+01
      endloop
   endfacet
   facet normal -1.000000e+00 0.000000e+00 0.000000e+00
      outer loop
         vertex 0.000000e+00 1.099544e+02 1.752095e+01
         vertex 0.000000e+00 1.098191e+02 1.802606e+01
         vertex 0.000000e+00 1.170000e+02 1.982500e+01
      endloop
   endfacet
   facet normal -1.000000e+00 0.000000e+00 0.000000e+00
      outer loop
         vertex 0.000000e+00 1.170000e+02 1.982500e+01
         vertex 0.000000e+00 1.098191e+02 1.802606e+01
         vertex 0.000000e+00 1.095981e+02 1.850000e+01
      endloop
   endfacet
   facet normal -1.000000e+00 0.000000e+00 0.000000e+00
      outer loop
         vertex 0.000000e+00 1.170000e+02 1.982500e+01
         vertex 0.000000e+00 1.095981e+02 1.850000e+01
         vertex 0.000000e+00 1.092981e+02 1.892836e+01
      endloop
   endfacet
   facet normal -1.000000e+00 0.000000e+00 0.000000e+00
      outer loop
         vertex 0.000000e+00 1.095981e+02 1.550000e+01
         vertex 0.000000e+00 1.098191e+02 1.597394e+01
         vertex 0.000000e+00 1.170000e+02 1.417500e+01
      endloop
   endfacet
   facet normal -1.000000e+00 0.000000e+00 0.000000e+00
      outer loop
         vertex 0.000000e+00 1.170000e+02 1.417500e+01
         vertex 0.000000e+00 1.098191e+02 1.597394e+01
         vertex 0.000000e+00 1.099544e+02 1.647906e+01
      endloop
   endfacet
   facet normal -1.000000e+00 0.000000e+00 0.000000e+00
      outer loop
         vertex 0.000000e+00 1.170000e+02 1.417500e+01
         vertex 0.000000e+00 1.099544e+02 1.647906e+01
         vertex 0.000000e+00 1.170000e+02 1.982500e+01
      endloop
   endfacet
   facet normal -1.000000e+00 0.000000e+00 0.000000e+00
      outer loop
         vertex 0.000000e+00 1.170000e+02 1.982500e+01
         vertex 0.000000e+00 1.099544e+02 1.647906e+01
         vertex 0.000000e+00 1.100000e+02 1.700000e+01
      endloop
   endfacet
   facet normal -1.000000e+00 0.000000e+00 0.000000e+00
      outer loop
         vertex 0.000000e+00 1.170000e+02 1.982500e+01
         vertex 0.000000e+00 1.100000e+02 1.700000e+01
         vertex 0.000000e+00 1.099544e+02 1.752095e+01
      endloop
   endfacet
   facet normal -1.000000e+00 0.000000e+00 0.000000e+00
      outer loop
         vertex 0.000000e+00 1.092981e+02 1.892836e+01
         vertex 0.000000e+00 1.089284e+02 1.929813e+01
         vertex 0.000000e+00 1.170000e+02 1.982500e+01
      endloop
   endfacet
   facet normal -1.000000e+00 0.000000e+00 0.000000e+00
      outer loop
         vertex 0.000000e+00 1.170000e+02 1.982500e+01
         vertex 0.000000e+00 1.089284e+02 1.929813e+01
         vertex 0.000000e+00 1.085000e+02 1.959808e+01
      endloop
   endfacet
   facet normal -1.000000e+00 0.000000e+00 0.000000e+00
      outer loop
         vertex 0.000000e+00 1.170000e+02 1.982500e+01
         vertex 0.000000e+00 1.085000e+02 1.959808e+01
         vertex 0.000000e+00 1.080261e+02 1.981908e+01
      endloop
   endfacet
   facet normal -1.000000e+00 0.000000e+00 -0.000000e+00
      outer loop
         vertex 0.000000e+00 8.597394e+01 1.418092e+01
         vertex 0.000000e+00 8.647906e+01 1.404558e+01
         vertex 0.000000e+00 7.700000e+01 1.253614e+01
      endloop
   endfacet
   facet normal -1.000000e+00 0.000000e+00 -0.000000e+00
      outer loop
         vertex 0.000000e+00 8.647906e+01 1.404558e+01
         vertex 0.000000e+00 8.700000e+01 1.400000e+01
         vertex 0.000000e+00 7.700000e+01 1.253614e+01
      endloop
   endfacet
   facet normal -1.000000e+00 0.000000e+00 0.000000e+00
      outer loop
         vertex 0.000000e+00 7.700000e+01 1.253614e+01
         vertex 0.000000e+00 8.700000e+01 1.400000e+01
         vertex 0.000000e+00 1.070000e+02 1.400000e+01
      endloop
   endfacet
   facet normal -1.000000e+00 0.000000e+00 0.000000e+00
      outer loop
         vertex 0.000000e+00 7.700000e+01 1.253614e+01
         vertex 0.000000e+00 1.070000e+02 1.400000e+01
         vertex 0.000000e+00 1.170000e+02 1.253614e+01
      endloop
   endfacet
   facet normal -1.000000e+00 0.000000e+00 0.000000e+00
      outer loop
         vertex 0.000000e+00 1.170000e+02 1.253614e+01
         vertex 0.000000e+00 1.070000e+02 1.400000e+01
         vertex 0.000000e+00 1.075209e+02 1.404558e+01
      endloop
   endfacet
   facet normal -1.000000e+00 0.000000e+00 0.000000e+00
      outer loop
         vertex 0.000000e+00 1.170000e+02 1.253614e+01
         vertex 0.000000e+00 1.075209e+02 1.404558e+01
         vertex 0.000000e+00 1.080261e+02 1.418092e+01
      endloop
   endfacet
   facet normal -1.000000e+00 0.000000e+00 0.000000e+00
      outer loop
         vertex 0.000000e+00 8.507163e+01 1.929813e+01
         vertex 0.000000e+00 7.700000e+01 1.982500e+01
         vertex 0.000000e+00 8.550000e+01 1.959808e+01
      endloop
   endfacet
   facet normal -1.000000e+00 0.000000e+00 0.000000e+00
      outer loop
         vertex 0.000000e+00 8.550000e+01 1.959808e+01
         vertex 0.000000e+00 7.700000e+01 1.982500e+01
         vertex 0.000000e+00 8.597394e+01 1.981908e+01
      endloop
   endfacet
   facet normal -1.000000e+00 -0.000000e+00 0.000000e+00
      outer loop
         vertex 0.000000e+00 8.507163e+01 1.929813e+01
         vertex 0.000000e+00 8.470187e+01 1.892836e+01
         vertex 0.000000e+00 7.700000e+01 1.982500e+01
      endloop
   endfacet
   facet normal -1.000000e+00 0.000000e+00 0.000000e+00
      outer loop
         vertex 0.000000e+00 7.700000e+01 1.982500e+01
         vertex 0.000000e+00 8.470187e+01 1.892836e+01
         vertex 0.000000e+00 8.440192e+01 1.850000e+01
      endloop
   endfacet
   facet normal -1.000000e+00 0.000000e+00 0.000000e+00
      outer loop
         vertex 0.000000e+00 7.700000e+01 1.982500e+01
         vertex 0.000000e+00 8.440192e+01 1.850000e+01
         vertex 0.000000e+00 8.418093e+01 1.802606e+01
      endloop
   endfacet
   facet normal -1.000000e+00 0.000000e+00 0.000000e+00
      outer loop
         vertex 0.000000e+00 7.700000e+01 1.417500e+01
         vertex 0.000000e+00 8.507163e+01 1.470187e+01
         vertex 0.000000e+00 8.550000e+01 1.440192e+01
      endloop
   endfacet
   facet normal -1.000000e+00 -0.000000e+00 0.000000e+00
      outer loop
         vertex 0.000000e+00 8.418093e+01 1.802606e+01
         vertex 0.000000e+00 8.404558e+01 1.752095e+01
         vertex 0.000000e+00 7.700000e+01 1.982500e+01
      endloop
   endfacet
   facet normal -1.000000e+00 0.000000e+00 0.000000e+00
      outer loop
         vertex 0.000000e+00 7.700000e+01 1.982500e+01
         vertex 0.000000e+00 8.404558e+01 1.752095e+01
         vertex 0.000000e+00 8.400000e+01 1.700000e+01
      endloop
   endfacet
   facet normal -1.000000e+00 0.000000e+00 0.000000e+00
      outer loop
         vertex 0.000000e+00 7.700000e+01 1.982500e+01
         vertex 0.000000e+00 8.400000e+01 1.700000e+01
         vertex 0.000000e+00 7.700000e+01 1.417500e+01
      endloop
   endfacet
   facet normal -1.000000e+00 0.000000e+00 0.000000e+00
      outer loop
         vertex 0.000000e+00 7.700000e+01 1.417500e+01
         vertex 0.000000e+00 8.400000e+01 1.700000e+01
         vertex 0.000000e+00 8.404558e+01 1.647906e+01
      endloop
   endfacet
   facet normal -1.000000e+00 0.000000e+00 0.000000e+00
      outer loop
         vertex 0.000000e+00 7.700000e+01 1.417500e+01
         vertex 0.000000e+00 8.404558e+01 1.647906e+01
         vertex 0.000000e+00 8.418093e+01 1.597394e+01
      endloop
   endfacet
   facet normal -1.000000e+00 0.000000e+00 -0.000000e+00
      outer loop
         vertex 0.000000e+00 8.418093e+01 1.597394e+01
         vertex 0.000000e+00 8.440192e+01 1.550000e+01
         vertex 0.000000e+00 7.700000e+01 1.417500e+01
      endloop
   endfacet
   facet normal -1.000000e+00 0.000000e+00 0.000000e+00
      outer loop
         vertex 0.000000e+00 7.700000e+01 1.417500e+01
         vertex 0.000000e+00 8.440192e+01 1.550000e+01
         vertex 0.000000e+00 8.470187e+01 1.507164e+01
      endloop
   endfacet
   facet normal -1.000000e+00 0.000000e+00 0.000000e+00
      outer loop
         vertex 0.000000e+00 7.700000e+01 1.417500e+01
         vertex 0.000000e+00 8.470187e+01 1.507164e+01
         vertex 0.000000e+00 8.507163e+01 1.470187e+01
      endloop
   endfacet
   facet normal -1.000000e+00 0.000000e+00 0.000000e+00
      outer loop
         vertex 0.000000e+00 1.484278e+02 1.963842e+01
         vertex 0.000000e+00 1.479741e+02 1.983745e+01
         vertex 0.000000e+00 1.601750e+02 1.982500e+01
      endloop
   endfacet
   facet normal -1.000000e+00 0.000000e+00 0.000000e+00
      outer loop
         vertex 0.000000e+00 1.601750e+02 1.982500e+01
         vertex 0.000000e+00 1.479741e+02 1.983745e+01
         vertex 0.000000e+00 1.601750e+02 2.146386e+01
      endloop
   endfacet
   facet normal -1.000000e+00 0.000000e+00 0.000000e+00
      outer loop
         vertex 0.000000e+00 1.601750e+02 1.982500e+01
         vertex 0.000000e+00 1.601750e+02 2.146386e+01
         vertex 0.000000e+00 1.712409e+02 2.032500e+01
      endloop
   endfacet
   facet normal -1.000000e+00 0.000000e+00 0.000000e+00
      outer loop
         vertex 0.000000e+00 1.712409e+02 2.032500e+01
         vertex 0.000000e+00 1.601750e+02 2.146386e+01
         vertex 0.000000e+00 1.719058e+02 2.127454e+01
      endloop
   endfacet
   facet normal -1.000000e+00 0.000000e+00 0.000000e+00
      outer loop
         vertex 0.000000e+00 1.270000e+02 2.000000e+01
         vertex 0.000000e+00 1.170000e+02 2.146386e+01
         vertex 0.000000e+00 1.470000e+02 2.000000e+01
      endloop
   endfacet
   facet normal -1.000000e+00 0.000000e+00 0.000000e+00
      outer loop
         vertex 0.000000e+00 1.470000e+02 2.000000e+01
         vertex 0.000000e+00 1.170000e+02 2.146386e+01
         vertex 0.000000e+00 1.601750e+02 2.146386e+01
      endloop
   endfacet
   facet normal -1.000000e+00 0.000000e+00 0.000000e+00
      outer loop
         vertex 0.000000e+00 1.470000e+02 2.000000e+01
         vertex 0.000000e+00 1.601750e+02 2.146386e+01
         vertex 0.000000e+00 1.474938e+02 1.995908e+01
      endloop
   endfacet
   facet normal -1.000000e+00 0.000000e+00 0.000000e+00
      outer loop
         vertex 0.000000e+00 1.474938e+02 1.995908e+01
         vertex 0.000000e+00 1.601750e+02 2.146386e+01
         vertex 0.000000e+00 1.479741e+02 1.983745e+01
      endloop
   endfacet
   facet normal -1.000000e+00 0.000000e+00 0.000000e+00
      outer loop
         vertex 0.000000e+00 1.601750e+02 1.253614e+01
         vertex 0.000000e+00 1.479741e+02 1.416255e+01
         vertex 0.000000e+00 1.601750e+02 1.417500e+01
      endloop
   endfacet
   facet normal -1.000000e+00 -0.000000e+00 0.000000e+00
      outer loop
         vertex 0.000000e+00 1.601750e+02 1.417500e+01
         vertex 0.000000e+00 1.479741e+02 1.416255e+01
         vertex 0.000000e+00 1.484278e+02 1.436158e+01
      endloop
   endfacet
   facet normal -1.000000e+00 0.000000e+00 0.000000e+00
      outer loop
         vertex 0.000000e+00 1.601750e+02 1.417500e+01
         vertex 0.000000e+00 1.484278e+02 1.436158e+01
         vertex 0.000000e+00 1.488426e+02 1.463258e+01
      endloop
   endfacet
   facet normal -1.000000e+00 0.000000e+00 0.000000e+00
      outer loop
         vertex 0.000000e+00 1.497473e+02 1.579491e+01
         vertex 0.000000e+00 1.499082e+02 1.626354e+01
         vertex 0.000000e+00 1.601750e+02 1.417500e+01
      endloop
   endfacet
   facet normal -1.000000e+00 0.000000e+00 0.000000e+00
      outer loop
         vertex 0.000000e+00 1.601750e+02 1.417500e+01
         vertex 0.000000e+00 1.499082e+02 1.626354e+01
         vertex 0.000000e+00 1.499898e+02 1.675226e+01
      endloop
   endfacet
   facet normal -1.000000e+00 0.000000e+00 0.000000e+00
      outer loop
         vertex 0.000000e+00 1.601750e+02 1.417500e+01
         vertex 0.000000e+00 1.499898e+02 1.675226e+01
         vertex 0.000000e+00 1.601750e+02 1.982500e+01
      endloop
   endfacet
   facet normal -1.000000e+00 0.000000e+00 0.000000e+00
      outer loop
         vertex 0.000000e+00 1.601750e+02 1.982500e+01
         vertex 0.000000e+00 1.499898e+02 1.675226e+01
         vertex 0.000000e+00 1.499898e+02 1.724774e+01
      endloop
   endfacet
   facet normal -1.000000e+00 0.000000e+00 0.000000e+00
      outer loop
         vertex 0.000000e+00 1.499898e+02 1.724774e+01
         vertex 0.000000e+00 1.499082e+02 1.773646e+01
         vertex 0.000000e+00 1.601750e+02 1.982500e+01
      endloop
   endfacet
   facet normal -1.000000e+00 0.000000e+00 0.000000e+00
      outer loop
         vertex 0.000000e+00 1.601750e+02 1.982500e+01
         vertex 0.000000e+00 1.499082e+02 1.773646e+01
         vertex 0.000000e+00 1.497473e+02 1.820509e+01
      endloop
   endfacet
   facet normal -1.000000e+00 0.000000e+00 0.000000e+00
      outer loop
         vertex 0.000000e+00 1.601750e+02 1.982500e+01
         vertex 0.000000e+00 1.497473e+02 1.820509e+01
         vertex 0.000000e+00 1.495115e+02 1.864085e+01
      endloop
   endfacet
   facet normal -1.000000e+00 0.000000e+00 0.000000e+00
      outer loop
         vertex 0.000000e+00 1.488426e+02 1.463258e+01
         vertex 0.000000e+00 1.492072e+02 1.496816e+01
         vertex 0.000000e+00 1.601750e+02 1.417500e+01
      endloop
   endfacet
   facet normal -1.000000e+00 0.000000e+00 0.000000e+00
      outer loop
         vertex 0.000000e+00 1.601750e+02 1.417500e+01
         vertex 0.000000e+00 1.492072e+02 1.496816e+01
         vertex 0.000000e+00 1.495115e+02 1.535916e+01
      endloop
   endfacet
   facet normal -1.000000e+00 0.000000e+00 0.000000e+00
      outer loop
         vertex 0.000000e+00 1.601750e+02 1.417500e+01
         vertex 0.000000e+00 1.495115e+02 1.535916e+01
         vertex 0.000000e+00 1.497473e+02 1.579491e+01
      endloop
   endfacet
   facet normal -1.000000e+00 0.000000e+00 0.000000e+00
      outer loop
         vertex 0.000000e+00 1.495115e+02 1.864085e+01
         vertex 0.000000e+00 1.492072e+02 1.903185e+01
         vertex 0.000000e+00 1.601750e+02 1.982500e+01
      endloop
   endfacet
   facet normal -1.000000e+00 0.000000e+00 0.000000e+00
      outer loop
         vertex 0.000000e+00 1.601750e+02 1.982500e+01
         vertex 0.000000e+00 1.492072e+02 1.903185e+01
         vertex 0.000000e+00 1.488426e+02 1.936742e+01
      endloop
   endfacet
   facet normal -1.000000e+00 0.000000e+00 0.000000e+00
      outer loop
         vertex 0.000000e+00 1.601750e+02 1.982500e+01
         vertex 0.000000e+00 1.488426e+02 1.936742e+01
         vertex 0.000000e+00 1.484278e+02 1.963842e+01
      endloop
   endfacet
   facet normal -1.000000e+00 0.000000e+00 0.000000e+00
      outer loop
         vertex 0.000000e+00 1.080261e+02 1.418092e+01
         vertex 0.000000e+00 1.170000e+02 1.417500e+01
         vertex 0.000000e+00 1.170000e+02 1.253614e+01
      endloop
   endfacet
   facet normal -1.000000e+00 0.000000e+00 0.000000e+00
      outer loop
         vertex 0.000000e+00 1.170000e+02 1.253614e+01
         vertex 0.000000e+00 1.170000e+02 1.417500e+01
         vertex 0.000000e+00 1.259739e+02 1.418092e+01
      endloop
   endfacet
   facet normal -1.000000e+00 0.000000e+00 0.000000e+00
      outer loop
         vertex 0.000000e+00 1.170000e+02 1.253614e+01
         vertex 0.000000e+00 1.259739e+02 1.418092e+01
         vertex 0.000000e+00 1.264791e+02 1.404558e+01
      endloop
   endfacet
   facet normal -1.000000e+00 0.000000e+00 -0.000000e+00
      outer loop
         vertex 0.000000e+00 1.264791e+02 1.404558e+01
         vertex 0.000000e+00 1.270000e+02 1.400000e+01
         vertex 0.000000e+00 1.170000e+02 1.253614e+01
      endloop
   endfacet
   facet normal -1.000000e+00 0.000000e+00 0.000000e+00
      outer loop
         vertex 0.000000e+00 1.170000e+02 1.253614e+01
         vertex 0.000000e+00 1.270000e+02 1.400000e+01
         vertex 0.000000e+00 1.470000e+02 1.400000e+01
      endloop
   endfacet
   facet normal -1.000000e+00 0.000000e+00 0.000000e+00
      outer loop
         vertex 0.000000e+00 1.170000e+02 1.253614e+01
         vertex 0.000000e+00 1.470000e+02 1.400000e+01
         vertex 0.000000e+00 1.601750e+02 1.253614e+01
      endloop
   endfacet
   facet normal -1.000000e+00 0.000000e+00 0.000000e+00
      outer loop
         vertex 0.000000e+00 1.601750e+02 1.253614e+01
         vertex 0.000000e+00 1.470000e+02 1.400000e+01
         vertex 0.000000e+00 1.474938e+02 1.404092e+01
      endloop
   endfacet
   facet normal -1.000000e+00 0.000000e+00 0.000000e+00
      outer loop
         vertex 0.000000e+00 1.601750e+02 1.253614e+01
         vertex 0.000000e+00 1.474938e+02 1.404092e+01
         vertex 0.000000e+00 1.479741e+02 1.416255e+01
      endloop
   endfacet
   facet normal -1.000000e+00 -0.000000e+00 0.000000e+00
      outer loop
         vertex 0.000000e+00 1.250716e+02 1.929813e+01
         vertex 0.000000e+00 1.247019e+02 1.892836e+01
         vertex 0.000000e+00 1.170000e+02 1.982500e+01
      endloop
   endfacet
   facet normal -1.000000e+00 0.000000e+00 0.000000e+00
      outer loop
         vertex 0.000000e+00 1.170000e+02 1.982500e+01
         vertex 0.000000e+00 1.247019e+02 1.892836e+01
         vertex 0.000000e+00 1.244019e+02 1.850000e+01
      endloop
   endfacet
   facet normal -1.000000e+00 0.000000e+00 0.000000e+00
      outer loop
         vertex 0.000000e+00 1.170000e+02 1.982500e+01
         vertex 0.000000e+00 1.244019e+02 1.850000e+01
         vertex 0.000000e+00 1.241809e+02 1.802606e+01
      endloop
   endfacet
   facet normal -1.000000e+00 -0.000000e+00 0.000000e+00
      outer loop
         vertex 0.000000e+00 1.270000e+02 2.000000e+01
         vertex 0.000000e+00 1.264791e+02 1.995442e+01
         vertex 0.000000e+00 1.170000e+02 2.146386e+01
      endloop
   endfacet
   facet normal -1.000000e+00 0.000000e+00 0.000000e+00
      outer loop
         vertex 0.000000e+00 1.170000e+02 2.146386e+01
         vertex 0.000000e+00 1.264791e+02 1.995442e+01
         vertex 0.000000e+00 1.259739e+02 1.981908e+01
      endloop
   endfacet
   facet normal -1.000000e+00 0.000000e+00 0.000000e+00
      outer loop
         vertex 0.000000e+00 1.170000e+02 2.146386e+01
         vertex 0.000000e+00 1.259739e+02 1.981908e+01
         vertex 0.000000e+00 1.170000e+02 1.982500e+01
      endloop
   endfacet
   facet normal -1.000000e+00 0.000000e+00 0.000000e+00
      outer loop
         vertex 0.000000e+00 1.170000e+02 1.982500e+01
         vertex 0.000000e+00 1.259739e+02 1.981908e+01
         vertex 0.000000e+00 1.255000e+02 1.959808e+01
      endloop
   endfacet
   facet normal -1.000000e+00 0.000000e+00 0.000000e+00
      outer loop
         vertex 0.000000e+00 1.170000e+02 1.982500e+01
         vertex 0.000000e+00 1.255000e+02 1.959808e+01
         vertex 0.000000e+00 1.250716e+02 1.929813e+01
      endloop
   endfacet
   facet normal -1.000000e+00 -0.000000e+00 0.000000e+00
      outer loop
         vertex 0.000000e+00 1.247019e+02 1.507164e+01
         vertex 0.000000e+00 1.170000e+02 1.417500e+01
         vertex 0.000000e+00 1.244019e+02 1.550000e+01
      endloop
   endfacet
   facet normal -1.000000e+00 -0.000000e+00 0.000000e+00
      outer loop
         vertex 0.000000e+00 1.244019e+02 1.550000e+01
         vertex 0.000000e+00 1.170000e+02 1.417500e+01
         vertex 0.000000e+00 1.241809e+02 1.597394e+01
      endloop
   endfacet
   facet normal -1.000000e+00 -0.000000e+00 0.000000e+00
      outer loop
         vertex 0.000000e+00 1.241809e+02 1.802606e+01
         vertex 0.000000e+00 1.240456e+02 1.752095e+01
         vertex 0.000000e+00 1.170000e+02 1.982500e+01
      endloop
   endfacet
   facet normal -1.000000e+00 0.000000e+00 0.000000e+00
      outer loop
         vertex 0.000000e+00 1.170000e+02 1.982500e+01
         vertex 0.000000e+00 1.240456e+02 1.752095e+01
         vertex 0.000000e+00 1.240000e+02 1.700000e+01
      endloop
   endfacet
   facet normal -1.000000e+00 0.000000e+00 0.000000e+00
      outer loop
         vertex 0.000000e+00 1.170000e+02 1.982500e+01
         vertex 0.000000e+00 1.240000e+02 1.700000e+01
         vertex 0.000000e+00 1.170000e+02 1.417500e+01
      endloop
   endfacet
   facet normal -1.000000e+00 0.000000e+00 0.000000e+00
      outer loop
         vertex 0.000000e+00 1.170000e+02 1.417500e+01
         vertex 0.000000e+00 1.240000e+02 1.700000e+01
         vertex 0.000000e+00 1.240456e+02 1.647906e+01
      endloop
   endfacet
   facet normal -1.000000e+00 0.000000e+00 0.000000e+00
      outer loop
         vertex 0.000000e+00 1.170000e+02 1.417500e+01
         vertex 0.000000e+00 1.240456e+02 1.647906e+01
         vertex 0.000000e+00 1.241809e+02 1.597394e+01
      endloop
   endfacet
   facet normal -1.000000e+00 0.000000e+00 -0.000000e+00
      outer loop
         vertex 0.000000e+00 1.247019e+02 1.507164e+01
         vertex 0.000000e+00 1.250716e+02 1.470187e+01
         vertex 0.000000e+00 1.170000e+02 1.417500e+01
      endloop
   endfacet
   facet normal -1.000000e+00 0.000000e+00 0.000000e+00
      outer loop
         vertex 0.000000e+00 1.170000e+02 1.417500e+01
         vertex 0.000000e+00 1.250716e+02 1.470187e+01
         vertex 0.000000e+00 1.255000e+02 1.440192e+01
      endloop
   endfacet
   facet normal -1.000000e+00 0.000000e+00 0.000000e+00
      outer loop
         vertex 0.000000e+00 1.170000e+02 1.417500e+01
         vertex 0.000000e+00 1.255000e+02 1.440192e+01
         vertex 0.000000e+00 1.259739e+02 1.418092e+01
      endloop
   endfacet
   facet normal -1.000000e+00 0.000000e+00 0.000000e+00
      outer loop
         vertex 0.000000e+00 8.597394e+01 1.981908e+01
         vertex 0.000000e+00 7.700000e+01 1.982500e+01
         vertex 0.000000e+00 7.700000e+01 2.146386e+01
      endloop
   endfacet
   facet normal -1.000000e+00 0.000000e+00 -0.000000e+00
      outer loop
         vertex 0.000000e+00 7.700000e+01 2.146386e+01
         vertex 0.000000e+00 7.700000e+01 1.982500e+01
         vertex 0.000000e+00 6.802606e+01 1.981908e+01
      endloop
   endfacet
   facet normal -1.000000e+00 0.000000e+00 0.000000e+00
      outer loop
         vertex 0.000000e+00 7.700000e+01 2.146386e+01
         vertex 0.000000e+00 6.802606e+01 1.981908e+01
         vertex 0.000000e+00 6.752095e+01 1.995442e+01
      endloop
   endfacet
   facet normal -1.000000e+00 0.000000e+00 0.000000e+00
      outer loop
         vertex 0.000000e+00 6.752095e+01 1.995442e+01
         vertex 0.000000e+00 6.700000e+01 2.000000e+01
         vertex 0.000000e+00 7.700000e+01 2.146386e+01
      endloop
   endfacet
   facet normal -1.000000e+00 0.000000e+00 0.000000e+00
      outer loop
         vertex 0.000000e+00 7.700000e+01 2.146386e+01
         vertex 0.000000e+00 6.700000e+01 2.000000e+01
         vertex 0.000000e+00 4.700000e+01 2.000000e+01
      endloop
   endfacet
   facet normal -1.000000e+00 -0.000000e+00 0.000000e+00
      outer loop
         vertex 0.000000e+00 7.700000e+01 2.146386e+01
         vertex 0.000000e+00 4.700000e+01 2.000000e+01
         vertex 0.000000e+00 3.351250e+01 2.146386e+01
      endloop
   endfacet
   facet normal -1.000000e+00 0.000000e+00 0.000000e+00
      outer loop
         vertex 0.000000e+00 6.981908e+01 1.802606e+01
         vertex 0.000000e+00 6.959808e+01 1.850000e+01
         vertex 0.000000e+00 7.700000e+01 1.982500e+01
      endloop
   endfacet
   facet normal -1.000000e+00 0.000000e+00 0.000000e+00
      outer loop
         vertex 0.000000e+00 7.700000e+01 1.417500e+01
         vertex 0.000000e+00 6.802606e+01 1.418092e+01
         vertex 0.000000e+00 6.850000e+01 1.440192e+01
      endloop
   endfacet
   facet normal -1.000000e+00 0.000000e+00 0.000000e+00
      outer loop
         vertex 0.000000e+00 6.981908e+01 1.802606e+01
         vertex 0.000000e+00 7.700000e+01 1.982500e+01
         vertex 0.000000e+00 6.995443e+01 1.752095e+01
      endloop
   endfacet
   facet normal -1.000000e+00 0.000000e+00 0.000000e+00
      outer loop
         vertex 0.000000e+00 6.850000e+01 1.440192e+01
         vertex 0.000000e+00 6.892836e+01 1.470187e+01
         vertex 0.000000e+00 7.700000e+01 1.417500e+01
      endloop
   endfacet
   facet normal -1.000000e+00 0.000000e+00 0.000000e+00
      outer loop
         vertex 0.000000e+00 7.700000e+01 1.417500e+01
         vertex 0.000000e+00 6.892836e+01 1.470187e+01
         vertex 0.000000e+00 6.929813e+01 1.507164e+01
      endloop
   endfacet
   facet normal -1.000000e+00 0.000000e+00 0.000000e+00
      outer loop
         vertex 0.000000e+00 7.700000e+01 1.417500e+01
         vertex 0.000000e+00 6.929813e+01 1.507164e+01
         vertex 0.000000e+00 6.959808e+01 1.550000e+01
      endloop
   endfacet
   facet normal -1.000000e+00 0.000000e+00 0.000000e+00
      outer loop
         vertex 0.000000e+00 6.959808e+01 1.550000e+01
         vertex 0.000000e+00 6.981908e+01 1.597394e+01
         vertex 0.000000e+00 7.700000e+01 1.417500e+01
      endloop
   endfacet
   facet normal -1.000000e+00 0.000000e+00 0.000000e+00
      outer loop
         vertex 0.000000e+00 7.700000e+01 1.417500e+01
         vertex 0.000000e+00 6.981908e+01 1.597394e+01
         vertex 0.000000e+00 6.995443e+01 1.647906e+01
      endloop
   endfacet
   facet normal -1.000000e+00 0.000000e+00 0.000000e+00
      outer loop
         vertex 0.000000e+00 7.700000e+01 1.417500e+01
         vertex 0.000000e+00 6.995443e+01 1.647906e+01
         vertex 0.000000e+00 7.700000e+01 1.982500e+01
      endloop
   endfacet
   facet normal -1.000000e+00 0.000000e+00 0.000000e+00
      outer loop
         vertex 0.000000e+00 7.700000e+01 1.982500e+01
         vertex 0.000000e+00 6.995443e+01 1.647906e+01
         vertex 0.000000e+00 7.000000e+01 1.700000e+01
      endloop
   endfacet
   facet normal -1.000000e+00 0.000000e+00 0.000000e+00
      outer loop
         vertex 0.000000e+00 7.700000e+01 1.982500e+01
         vertex 0.000000e+00 7.000000e+01 1.700000e+01
         vertex 0.000000e+00 6.995443e+01 1.752095e+01
      endloop
   endfacet
   facet normal -1.000000e+00 0.000000e+00 0.000000e+00
      outer loop
         vertex 0.000000e+00 6.959808e+01 1.850000e+01
         vertex 0.000000e+00 6.929813e+01 1.892836e+01
         vertex 0.000000e+00 7.700000e+01 1.982500e+01
      endloop
   endfacet
   facet normal -1.000000e+00 0.000000e+00 0.000000e+00
      outer loop
         vertex 0.000000e+00 7.700000e+01 1.982500e+01
         vertex 0.000000e+00 6.929813e+01 1.892836e+01
         vertex 0.000000e+00 6.892836e+01 1.929813e+01
      endloop
   endfacet
   facet normal -1.000000e+00 0.000000e+00 0.000000e+00
      outer loop
         vertex 0.000000e+00 7.700000e+01 1.982500e+01
         vertex 0.000000e+00 6.892836e+01 1.929813e+01
         vertex 0.000000e+00 6.850000e+01 1.959808e+01
      endloop
   endfacet
   facet normal -1.000000e+00 0.000000e+00 -0.000000e+00
      outer loop
         vertex 0.000000e+00 8.550000e+01 1.440192e+01
         vertex 0.000000e+00 8.597394e+01 1.418092e+01
         vertex 0.000000e+00 7.700000e+01 1.417500e+01
      endloop
   endfacet
   facet normal -1.000000e+00 0.000000e+00 0.000000e+00
      outer loop
         vertex 0.000000e+00 7.700000e+01 1.417500e+01
         vertex 0.000000e+00 8.597394e+01 1.418092e+01
         vertex 0.000000e+00 7.700000e+01 1.253614e+01
      endloop
   endfacet
   facet normal -1.000000e+00 -0.000000e+00 -0.000000e+00
      outer loop
         vertex 0.000000e+00 7.700000e+01 1.417500e+01
         vertex 0.000000e+00 7.700000e+01 1.253614e+01
         vertex 0.000000e+00 6.802606e+01 1.418092e+01
      endloop
   endfacet
   facet normal -1.000000e+00 0.000000e+00 -0.000000e+00
      outer loop
         vertex 0.000000e+00 6.802606e+01 1.418092e+01
         vertex 0.000000e+00 7.700000e+01 1.253614e+01
         vertex 0.000000e+00 6.752095e+01 1.404558e+01
      endloop
   endfacet
   facet normal -1.000000e+00 0.000000e+00 0.000000e+00
      outer loop
         vertex 0.000000e+00 3.351250e+01 1.253614e+01
         vertex 0.000000e+00 4.700000e+01 1.400000e+01
         vertex 0.000000e+00 7.700000e+01 1.253614e+01
      endloop
   endfacet
   facet normal -1.000000e+00 0.000000e+00 0.000000e+00
      outer loop
         vertex 0.000000e+00 7.700000e+01 1.253614e+01
         vertex 0.000000e+00 4.700000e+01 1.400000e+01
         vertex 0.000000e+00 6.700000e+01 1.400000e+01
      endloop
   endfacet
   facet normal -1.000000e+00 0.000000e+00 0.000000e+00
      outer loop
         vertex 0.000000e+00 7.700000e+01 1.253614e+01
         vertex 0.000000e+00 6.700000e+01 1.400000e+01
         vertex 0.000000e+00 6.752095e+01 1.404558e+01
      endloop
   endfacet
   facet normal -1.000000e+00 0.000000e+00 -0.000000e+00
      outer loop
         vertex 0.000000e+00 4.507164e+01 1.470187e+01
         vertex 0.000000e+00 4.550000e+01 1.440192e+01
         vertex 0.000000e+00 3.351250e+01 1.417500e+01
      endloop
   endfacet
   facet normal -1.000000e+00 0.000000e+00 0.000000e+00
      outer loop
         vertex 0.000000e+00 3.351250e+01 1.417500e+01
         vertex 0.000000e+00 4.550000e+01 1.440192e+01
         vertex 0.000000e+00 4.597394e+01 1.418092e+01
      endloop
   endfacet
   facet normal -1.000000e+00 0.000000e+00 0.000000e+00
      outer loop
         vertex 0.000000e+00 3.351250e+01 1.417500e+01
         vertex 0.000000e+00 4.597394e+01 1.418092e+01
         vertex 0.000000e+00 3.351250e+01 1.253614e+01
      endloop
   endfacet
   facet normal -1.000000e+00 0.000000e+00 0.000000e+00
      outer loop
         vertex 0.000000e+00 3.351250e+01 1.253614e+01
         vertex 0.000000e+00 4.597394e+01 1.418092e+01
         vertex 0.000000e+00 4.647906e+01 1.404558e+01
      endloop
   endfacet
   facet normal -1.000000e+00 0.000000e+00 0.000000e+00
      outer loop
         vertex 0.000000e+00 3.351250e+01 1.253614e+01
         vertex 0.000000e+00 4.647906e+01 1.404558e+01
         vertex 0.000000e+00 4.700000e+01 1.400000e+01
      endloop
   endfacet
   facet normal -1.000000e+00 -0.000000e+00 0.000000e+00
      outer loop
         vertex 0.000000e+00 4.700000e+01 2.000000e+01
         vertex 0.000000e+00 4.647906e+01 1.995442e+01
         vertex 0.000000e+00 3.351250e+01 2.146386e+01
      endloop
   endfacet
   facet normal -1.000000e+00 0.000000e+00 0.000000e+00
      outer loop
         vertex 0.000000e+00 3.351250e+01 2.146386e+01
         vertex 0.000000e+00 4.647906e+01 1.995442e+01
         vertex 0.000000e+00 4.597394e+01 1.981908e+01
      endloop
   endfacet
   facet normal -1.000000e+00 0.000000e+00 0.000000e+00
      outer loop
         vertex 0.000000e+00 3.351250e+01 2.146386e+01
         vertex 0.000000e+00 4.597394e+01 1.981908e+01
         vertex 0.000000e+00 3.351250e+01 1.982500e+01
      endloop
   endfacet
   facet normal -1.000000e+00 0.000000e+00 0.000000e+00
      outer loop
         vertex 0.000000e+00 3.351250e+01 1.982500e+01
         vertex 0.000000e+00 4.597394e+01 1.981908e+01
         vertex 0.000000e+00 4.550000e+01 1.959808e+01
      endloop
   endfacet
   facet normal -1.000000e+00 0.000000e+00 0.000000e+00
      outer loop
         vertex 0.000000e+00 3.351250e+01 1.982500e+01
         vertex 0.000000e+00 4.550000e+01 1.959808e+01
         vertex 0.000000e+00 4.507164e+01 1.929813e+01
      endloop
   endfacet
   facet normal -1.000000e+00 -0.000000e+00 0.000000e+00
      outer loop
         vertex 0.000000e+00 4.507164e+01 1.929813e+01
         vertex 0.000000e+00 4.470187e+01 1.892836e+01
         vertex 0.000000e+00 3.351250e+01 1.982500e+01
      endloop
   endfacet
   facet normal -1.000000e+00 0.000000e+00 0.000000e+00
      outer loop
         vertex 0.000000e+00 3.351250e+01 1.982500e+01
         vertex 0.000000e+00 4.470187e+01 1.892836e+01
         vertex 0.000000e+00 4.440193e+01 1.850000e+01
      endloop
   endfacet
   facet normal -1.000000e+00 0.000000e+00 0.000000e+00
      outer loop
         vertex 0.000000e+00 3.351250e+01 1.982500e+01
         vertex 0.000000e+00 4.440193e+01 1.850000e+01
         vertex 0.000000e+00 4.418092e+01 1.802606e+01
      endloop
   endfacet
   facet normal -1.000000e+00 0.000000e+00 -0.000000e+00
      outer loop
         vertex 0.000000e+00 4.418092e+01 1.597394e+01
         vertex 0.000000e+00 4.440193e+01 1.550000e+01
         vertex 0.000000e+00 3.351250e+01 1.417500e+01
      endloop
   endfacet
   facet normal -1.000000e+00 0.000000e+00 0.000000e+00
      outer loop
         vertex 0.000000e+00 3.351250e+01 1.417500e+01
         vertex 0.000000e+00 4.440193e+01 1.550000e+01
         vertex 0.000000e+00 4.470187e+01 1.507164e+01
      endloop
   endfacet
   facet normal -1.000000e+00 0.000000e+00 0.000000e+00
      outer loop
         vertex 0.000000e+00 3.351250e+01 1.417500e+01
         vertex 0.000000e+00 4.470187e+01 1.507164e+01
         vertex 0.000000e+00 4.507164e+01 1.470187e+01
      endloop
   endfacet
   facet normal -1.000000e+00 -0.000000e+00 0.000000e+00
      outer loop
         vertex 0.000000e+00 4.418092e+01 1.802606e+01
         vertex 0.000000e+00 4.404558e+01 1.752095e+01
         vertex 0.000000e+00 3.351250e+01 1.982500e+01
      endloop
   endfacet
   facet normal -1.000000e+00 0.000000e+00 0.000000e+00
      outer loop
         vertex 0.000000e+00 3.351250e+01 1.982500e+01
         vertex 0.000000e+00 4.404558e+01 1.752095e+01
         vertex 0.000000e+00 4.400000e+01 1.700000e+01
      endloop
   endfacet
   facet normal -1.000000e+00 0.000000e+00 0.000000e+00
      outer loop
         vertex 0.000000e+00 3.351250e+01 1.982500e+01
         vertex 0.000000e+00 4.400000e+01 1.700000e+01
         vertex 0.000000e+00 3.351250e+01 1.417500e+01
      endloop
   endfacet
   facet normal -1.000000e+00 0.000000e+00 0.000000e+00
      outer loop
         vertex 0.000000e+00 3.351250e+01 1.417500e+01
         vertex 0.000000e+00 4.400000e+01 1.700000e+01
         vertex 0.000000e+00 4.404558e+01 1.647906e+01
      endloop
   endfacet
   facet normal -1.000000e+00 0.000000e+00 0.000000e+00
      outer loop
         vertex 0.000000e+00 3.351250e+01 1.417500e+01
         vertex 0.000000e+00 4.404558e+01 1.647906e+01
         vertex 0.000000e+00 4.418092e+01 1.597394e+01
      endloop
   endfacet
   facet normal -1.000000e+00 0.000000e+00 -0.000000e+00
      outer loop
         vertex 0.000000e+00 1.968750e+01 1.253614e+01
         vertex 0.000000e+00 1.968750e+01 2.907217e-02
         vertex 0.000000e+00 1.799909e+01 2.938509e-02
      endloop
   endfacet
   facet normal -1.000000e+00 0.000000e+00 0.000000e+00
      outer loop
         vertex 0.000000e+00 2.292549e+01 9.986612e+00
         vertex 0.000000e+00 2.280394e+01 1.024728e+01
         vertex 0.000000e+00 3.351250e+01 1.253614e+01
      endloop
   endfacet
   facet normal -1.000000e+00 0.000000e+00 -0.000000e+00
      outer loop
         vertex 0.000000e+00 2.137500e+01 7.772279e+00
         vertex 0.000000e+00 2.166152e+01 7.797346e+00
         vertex 0.000000e+00 1.968750e+01 2.907217e-02
      endloop
   endfacet
   facet normal -1.000000e+00 0.000000e+00 0.000000e+00
      outer loop
         vertex 0.000000e+00 2.166152e+01 1.104721e+01
         vertex 0.000000e+00 1.968750e+01 1.253614e+01
         vertex 0.000000e+00 2.193933e+01 1.097277e+01
      endloop
   endfacet
   facet normal -1.000000e+00 0.000000e+00 0.000000e+00
      outer loop
         vertex 0.000000e+00 1.968750e+01 2.907217e-02
         vertex 0.000000e+00 2.166152e+01 7.797346e+00
         vertex 0.000000e+00 3.351250e+01 2.651848e-02
      endloop
   endfacet
   facet normal -1.000000e+00 0.000000e+00 0.000000e+00
      outer loop
         vertex 0.000000e+00 3.351250e+01 2.651848e-02
         vertex 0.000000e+00 2.166152e+01 7.797346e+00
         vertex 0.000000e+00 2.193933e+01 7.871786e+00
      endloop
   endfacet
   facet normal -1.000000e+00 0.000000e+00 0.000000e+00
      outer loop
         vertex 0.000000e+00 3.351250e+01 2.651848e-02
         vertex 0.000000e+00 2.193933e+01 7.871786e+00
         vertex 0.000000e+00 2.220000e+01 7.993337e+00
      endloop
   endfacet
   facet normal -1.000000e+00 0.000000e+00 0.000000e+00
      outer loop
         vertex 0.000000e+00 2.299993e+01 9.135759e+00
         vertex 0.000000e+00 2.302500e+01 9.422278e+00
         vertex 0.000000e+00 3.351250e+01 1.253614e+01
      endloop
   endfacet
   facet normal -1.000000e+00 0.000000e+00 0.000000e+00
      outer loop
         vertex 0.000000e+00 3.351250e+01 1.253614e+01
         vertex 0.000000e+00 2.302500e+01 9.422278e+00
         vertex 0.000000e+00 2.299993e+01 9.708798e+00
      endloop
   endfacet
   facet normal -1.000000e+00 0.000000e+00 0.000000e+00
      outer loop
         vertex 0.000000e+00 3.351250e+01 1.253614e+01
         vertex 0.000000e+00 2.299993e+01 9.708798e+00
         vertex 0.000000e+00 2.292549e+01 9.986612e+00
      endloop
   endfacet
   facet normal -1.000000e+00 0.000000e+00 0.000000e+00
      outer loop
         vertex 0.000000e+00 2.280394e+01 1.024728e+01
         vertex 0.000000e+00 2.263897e+01 1.048288e+01
         vertex 0.000000e+00 3.351250e+01 1.253614e+01
      endloop
   endfacet
   facet normal -1.000000e+00 0.000000e+00 0.000000e+00
      outer loop
         vertex 0.000000e+00 3.351250e+01 1.253614e+01
         vertex 0.000000e+00 2.263897e+01 1.048288e+01
         vertex 0.000000e+00 2.243560e+01 1.068625e+01
      endloop
   endfacet
   facet normal -1.000000e+00 0.000000e+00 0.000000e+00
      outer loop
         vertex 0.000000e+00 3.351250e+01 1.253614e+01
         vertex 0.000000e+00 2.243560e+01 1.068625e+01
         vertex 0.000000e+00 2.220000e+01 1.085122e+01
      endloop
   endfacet
   facet normal -1.000000e+00 0.000000e+00 0.000000e+00
      outer loop
         vertex 0.000000e+00 1.968750e+01 1.253614e+01
         vertex 0.000000e+00 1.994606e+01 1.024728e+01
         vertex 0.000000e+00 1.982451e+01 9.986612e+00
      endloop
   endfacet
   facet normal -1.000000e+00 0.000000e+00 0.000000e+00
      outer loop
         vertex 0.000000e+00 3.351250e+01 2.651848e-02
         vertex 0.000000e+00 2.280394e+01 8.597279e+00
         vertex 0.000000e+00 2.292549e+01 8.857945e+00
      endloop
   endfacet
   facet normal -1.000000e+00 0.000000e+00 0.000000e+00
      outer loop
         vertex 0.000000e+00 2.220000e+01 7.993337e+00
         vertex 0.000000e+00 2.243560e+01 8.158306e+00
         vertex 0.000000e+00 3.351250e+01 2.651848e-02
      endloop
   endfacet
   facet normal -1.000000e+00 0.000000e+00 0.000000e+00
      outer loop
         vertex 0.000000e+00 3.351250e+01 2.651848e-02
         vertex 0.000000e+00 2.243560e+01 8.158306e+00
         vertex 0.000000e+00 2.263897e+01 8.361680e+00
      endloop
   endfacet
   facet normal -1.000000e+00 0.000000e+00 0.000000e+00
      outer loop
         vertex 0.000000e+00 3.351250e+01 2.651848e-02
         vertex 0.000000e+00 2.263897e+01 8.361680e+00
         vertex 0.000000e+00 2.280394e+01 8.597279e+00
      endloop
   endfacet
   facet normal -1.000000e+00 -0.000000e+00 0.000000e+00
      outer loop
         vertex 0.000000e+00 2.137500e+01 1.107228e+01
         vertex 0.000000e+00 2.108848e+01 1.104721e+01
         vertex 0.000000e+00 1.968750e+01 1.253614e+01
      endloop
   endfacet
   facet normal -1.000000e+00 0.000000e+00 0.000000e+00
      outer loop
         vertex 0.000000e+00 1.968750e+01 1.253614e+01
         vertex 0.000000e+00 2.108848e+01 1.104721e+01
         vertex 0.000000e+00 2.081067e+01 1.097277e+01
      endloop
   endfacet
   facet normal -1.000000e+00 0.000000e+00 0.000000e+00
      outer loop
         vertex 0.000000e+00 1.968750e+01 1.253614e+01
         vertex 0.000000e+00 2.081067e+01 1.097277e+01
         vertex 0.000000e+00 2.055000e+01 1.085122e+01
      endloop
   endfacet
   facet normal -1.000000e+00 -0.000000e+00 0.000000e+00
      outer loop
         vertex 0.000000e+00 1.982451e+01 9.986612e+00
         vertex 0.000000e+00 1.975007e+01 9.708798e+00
         vertex 0.000000e+00 1.968750e+01 1.253614e+01
      endloop
   endfacet
   facet normal -1.000000e+00 0.000000e+00 0.000000e+00
      outer loop
         vertex 0.000000e+00 1.968750e+01 1.253614e+01
         vertex 0.000000e+00 1.975007e+01 9.708798e+00
         vertex 0.000000e+00 1.972500e+01 9.422278e+00
      endloop
   endfacet
   facet normal -1.000000e+00 0.000000e+00 0.000000e+00
      outer loop
         vertex 0.000000e+00 1.968750e+01 1.253614e+01
         vertex 0.000000e+00 1.972500e+01 9.422278e+00
         vertex 0.000000e+00 1.968750e+01 2.907217e-02
      endloop
   endfacet
   facet normal -1.000000e+00 0.000000e+00 -0.000000e+00
      outer loop
         vertex 0.000000e+00 1.972500e+01 9.422278e+00
         vertex 0.000000e+00 1.975007e+01 9.135759e+00
         vertex 0.000000e+00 1.968750e+01 2.907217e-02
      endloop
   endfacet
   facet normal -1.000000e+00 0.000000e+00 0.000000e+00
      outer loop
         vertex 0.000000e+00 1.968750e+01 2.907217e-02
         vertex 0.000000e+00 1.975007e+01 9.135759e+00
         vertex 0.000000e+00 1.982451e+01 8.857945e+00
      endloop
   endfacet
   facet normal -1.000000e+00 0.000000e+00 0.000000e+00
      outer loop
         vertex 0.000000e+00 1.968750e+01 2.907217e-02
         vertex 0.000000e+00 1.982451e+01 8.857945e+00
         vertex 0.000000e+00 1.994606e+01 8.597279e+00
      endloop
   endfacet
   facet normal -1.000000e+00 0.000000e+00 -0.000000e+00
      outer loop
         vertex 0.000000e+00 1.994606e+01 8.597279e+00
         vertex 0.000000e+00 2.011103e+01 8.361680e+00
         vertex 0.000000e+00 1.968750e+01 2.907217e-02
      endloop
   endfacet
   facet normal -1.000000e+00 0.000000e+00 0.000000e+00
      outer loop
         vertex 0.000000e+00 1.968750e+01 2.907217e-02
         vertex 0.000000e+00 2.011103e+01 8.361680e+00
         vertex 0.000000e+00 2.031440e+01 8.158306e+00
      endloop
   endfacet
   facet normal -1.000000e+00 0.000000e+00 0.000000e+00
      outer loop
         vertex 0.000000e+00 1.968750e+01 2.907217e-02
         vertex 0.000000e+00 2.031440e+01 8.158306e+00
         vertex 0.000000e+00 2.055000e+01 7.993337e+00
      endloop
   endfacet
   facet normal -1.000000e+00 -0.000000e+00 0.000000e+00
      outer loop
         vertex 0.000000e+00 2.055000e+01 1.085122e+01
         vertex 0.000000e+00 2.031440e+01 1.068625e+01
         vertex 0.000000e+00 1.968750e+01 1.253614e+01
      endloop
   endfacet
   facet normal -1.000000e+00 0.000000e+00 0.000000e+00
      outer loop
         vertex 0.000000e+00 1.968750e+01 1.253614e+01
         vertex 0.000000e+00 2.031440e+01 1.068625e+01
         vertex 0.000000e+00 2.011103e+01 1.048288e+01
      endloop
   endfacet
   facet normal -1.000000e+00 0.000000e+00 0.000000e+00
      outer loop
         vertex 0.000000e+00 1.968750e+01 1.253614e+01
         vertex 0.000000e+00 2.011103e+01 1.048288e+01
         vertex 0.000000e+00 1.994606e+01 1.024728e+01
      endloop
   endfacet
   facet normal -1.000000e+00 0.000000e+00 -0.000000e+00
      outer loop
         vertex 0.000000e+00 2.055000e+01 7.993337e+00
         vertex 0.000000e+00 2.081067e+01 7.871786e+00
         vertex 0.000000e+00 1.968750e+01 2.907217e-02
      endloop
   endfacet
   facet normal -1.000000e+00 0.000000e+00 0.000000e+00
      outer loop
         vertex 0.000000e+00 1.968750e+01 2.907217e-02
         vertex 0.000000e+00 2.081067e+01 7.871786e+00
         vertex 0.000000e+00 2.108848e+01 7.797346e+00
      endloop
   endfacet
   facet normal -1.000000e+00 0.000000e+00 0.000000e+00
      outer loop
         vertex 0.000000e+00 1.968750e+01 2.907217e-02
         vertex 0.000000e+00 2.108848e+01 7.797346e+00
         vertex 0.000000e+00 2.137500e+01 7.772279e+00
      endloop
   endfacet
   facet normal -1.000000e+00 0.000000e+00 0.000000e+00
      outer loop
         vertex 0.000000e+00 1.719058e+02 1.272546e+01
         vertex 0.000000e+00 1.601750e+02 3.110617e-03
         vertex 0.000000e+00 1.601750e+02 1.253614e+01
      endloop
   endfacet
   facet normal -1.000000e+00 0.000000e+00 -0.000000e+00
      outer loop
         vertex 0.000000e+00 1.601750e+02 1.253614e+01
         vertex 0.000000e+00 1.601750e+02 3.110617e-03
         vertex 0.000000e+00 1.170000e+02 1.108833e-02
      endloop
   endfacet
   facet normal -1.000000e+00 -0.000000e+00 0.000000e+00
      outer loop
         vertex 0.000000e+00 1.601750e+02 1.253614e+01
         vertex 0.000000e+00 1.170000e+02 1.108833e-02
         vertex 0.000000e+00 1.170000e+02 1.253614e+01
      endloop
   endfacet
   facet normal -1.000000e+00 0.000000e+00 -0.000000e+00
      outer loop
         vertex 0.000000e+00 1.170000e+02 1.253614e+01
         vertex 0.000000e+00 1.170000e+02 1.108833e-02
         vertex 0.000000e+00 7.700000e+01 1.848117e-02
      endloop
   endfacet
   facet normal -1.000000e+00 -0.000000e+00 0.000000e+00
      outer loop
         vertex 0.000000e+00 1.170000e+02 1.253614e+01
         vertex 0.000000e+00 7.700000e+01 1.848117e-02
         vertex 0.000000e+00 7.700000e+01 1.253614e+01
      endloop
   endfacet
   facet normal -1.000000e+00 0.000000e+00 -0.000000e+00
      outer loop
         vertex 0.000000e+00 7.700000e+01 1.253614e+01
         vertex 0.000000e+00 7.700000e+01 1.848117e-02
         vertex 0.000000e+00 3.351250e+01 2.651848e-02
      endloop
   endfacet
   facet normal -1.000000e+00 -0.000000e+00 0.000000e+00
      outer loop
         vertex 0.000000e+00 7.700000e+01 1.253614e+01
         vertex 0.000000e+00 3.351250e+01 2.651848e-02
         vertex 0.000000e+00 3.351250e+01 1.253614e+01
      endloop
   endfacet
   facet normal -1.000000e+00 0.000000e+00 -0.000000e+00
      outer loop
         vertex 0.000000e+00 3.351250e+01 1.253614e+01
         vertex 0.000000e+00 3.351250e+01 2.651848e-02
         vertex 0.000000e+00 2.292549e+01 8.857945e+00
      endloop
   endfacet
   facet normal -1.000000e+00 0.000000e+00 0.000000e+00
      outer loop
         vertex 0.000000e+00 3.351250e+01 1.253614e+01
         vertex 0.000000e+00 2.292549e+01 8.857945e+00
         vertex 0.000000e+00 2.299993e+01 9.135759e+00
      endloop
   endfacet
   facet normal -1.000000e+00 0.000000e+00 0.000000e+00
      outer loop
         vertex 0.000000e+00 1.601750e+02 2.493886e+01
         vertex 0.000000e+00 1.799520e+02 3.374173e+01
         vertex 0.000000e+00 1.828143e+02 3.297478e+01
      endloop
   endfacet
   facet normal -1.000000e+00 0.000000e+00 -0.000000e+00
      outer loop
         vertex 0.000000e+00 1.828143e+02 3.297478e+01
         vertex 0.000000e+00 1.855000e+02 3.172243e+01
         vertex 0.000000e+00 1.601750e+02 2.493886e+01
      endloop
   endfacet
   facet normal -1.000000e+00 0.000000e+00 0.000000e+00
      outer loop
         vertex 0.000000e+00 1.601750e+02 2.493886e+01
         vertex 0.000000e+00 1.855000e+02 3.172243e+01
         vertex 0.000000e+00 1.879274e+02 3.002276e+01
      endloop
   endfacet
   facet normal -1.000000e+00 0.000000e+00 0.000000e+00
      outer loop
         vertex 0.000000e+00 1.601750e+02 2.493886e+01
         vertex 0.000000e+00 1.879274e+02 3.002276e+01
         vertex 0.000000e+00 1.900228e+02 2.792739e+01
      endloop
   endfacet
   facet normal -1.000000e+00 0.000000e+00 0.000000e+00
      outer loop
         vertex 0.000000e+00 2.299993e+01 2.486424e+01
         vertex 0.000000e+00 3.351250e+01 3.397348e+01
         vertex 0.000000e+00 3.351250e+01 2.493886e+01
      endloop
   endfacet
   facet normal -1.000000e+00 0.000000e+00 0.000000e+00
      outer loop
         vertex 0.000000e+00 3.351250e+01 2.493886e+01
         vertex 0.000000e+00 3.351250e+01 3.397348e+01
         vertex 0.000000e+00 7.700000e+01 3.398152e+01
      endloop
   endfacet
   facet normal -1.000000e+00 0.000000e+00 0.000000e+00
      outer loop
         vertex 0.000000e+00 3.351250e+01 2.493886e+01
         vertex 0.000000e+00 7.700000e+01 3.398152e+01
         vertex 0.000000e+00 7.700000e+01 2.493886e+01
      endloop
   endfacet
   facet normal -1.000000e+00 0.000000e+00 0.000000e+00
      outer loop
         vertex 0.000000e+00 7.700000e+01 2.493886e+01
         vertex 0.000000e+00 7.700000e+01 3.398152e+01
         vertex 0.000000e+00 1.170000e+02 3.398891e+01
      endloop
   endfacet
   facet normal -1.000000e+00 0.000000e+00 0.000000e+00
      outer loop
         vertex 0.000000e+00 7.700000e+01 2.493886e+01
         vertex 0.000000e+00 1.170000e+02 3.398891e+01
         vertex 0.000000e+00 1.170000e+02 2.493886e+01
      endloop
   endfacet
   facet normal -1.000000e+00 0.000000e+00 0.000000e+00
      outer loop
         vertex 0.000000e+00 1.170000e+02 2.493886e+01
         vertex 0.000000e+00 1.170000e+02 3.398891e+01
         vertex 0.000000e+00 1.601750e+02 3.399689e+01
      endloop
   endfacet
   facet normal -1.000000e+00 0.000000e+00 0.000000e+00
      outer loop
         vertex 0.000000e+00 1.170000e+02 2.493886e+01
         vertex 0.000000e+00 1.601750e+02 3.399689e+01
         vertex 0.000000e+00 1.601750e+02 2.493886e+01
      endloop
   endfacet
   facet normal -1.000000e+00 0.000000e+00 0.000000e+00
      outer loop
         vertex 0.000000e+00 1.601750e+02 2.493886e+01
         vertex 0.000000e+00 1.601750e+02 3.399689e+01
         vertex 0.000000e+00 1.770000e+02 3.400000e+01
      endloop
   endfacet
   facet normal -1.000000e+00 0.000000e+00 0.000000e+00
      outer loop
         vertex 0.000000e+00 1.601750e+02 2.493886e+01
         vertex 0.000000e+00 1.770000e+02 3.400000e+01
         vertex 0.000000e+00 1.799520e+02 3.374173e+01
      endloop
   endfacet
   facet normal -1.000000e+00 -0.000000e+00 0.000000e+00
      outer loop
         vertex 0.000000e+00 1.994606e+01 2.540272e+01
         vertex 0.000000e+00 1.982451e+01 2.514206e+01
         vertex 0.000000e+00 1.968750e+01 3.397093e+01
      endloop
   endfacet
   facet normal -1.000000e+00 0.000000e+00 0.000000e+00
      outer loop
         vertex 0.000000e+00 1.968750e+01 3.397093e+01
         vertex 0.000000e+00 1.982451e+01 2.514206e+01
         vertex 0.000000e+00 1.968750e+01 2.493886e+01
      endloop
   endfacet
   facet normal -1.000000e+00 0.000000e+00 -0.000000e+00
      outer loop
         vertex 0.000000e+00 1.968750e+01 3.397093e+01
         vertex 0.000000e+00 1.968750e+01 2.493886e+01
         vertex 0.000000e+00 1.799909e+01 3.397062e+01
      endloop
   endfacet
   facet normal -1.000000e+00 0.000000e+00 -0.000000e+00
      outer loop
         vertex 0.000000e+00 1.799909e+01 3.397062e+01
         vertex 0.000000e+00 1.968750e+01 2.493886e+01
         vertex 0.000000e+00 1.508760e+01 3.389209e+01
      endloop
   endfacet
   facet normal -1.000000e+00 0.000000e+00 0.000000e+00
      outer loop
         vertex 0.000000e+00 4.818214e+00 2.885766e+01
         vertex 0.000000e+00 7.021064e+00 3.076302e+01
         vertex 0.000000e+00 1.212500e+01 2.493886e+01
      endloop
   endfacet
   facet normal -1.000000e+00 0.000000e+00 0.000000e+00
      outer loop
         vertex 0.000000e+00 1.212500e+01 2.493886e+01
         vertex 0.000000e+00 7.021064e+00 3.076302e+01
         vertex 0.000000e+00 9.516824e+00 3.226441e+01
      endloop
   endfacet
   facet normal -1.000000e+00 0.000000e+00 0.000000e+00
      outer loop
         vertex 0.000000e+00 1.212500e+01 2.493886e+01
         vertex 0.000000e+00 9.516824e+00 3.226441e+01
         vertex 0.000000e+00 1.223224e+01 3.331773e+01
      endloop
   endfacet
   facet normal -1.000000e+00 -0.000000e+00 0.000000e+00
      outer loop
         vertex 0.000000e+00 8.250001e+00 1.865000e+01
         vertex 0.000000e+00 7.963481e+00 1.862493e+01
         vertex 0.000000e+00 5.596541e-01 2.132608e+01
      endloop
   endfacet
   facet normal -1.000000e+00 0.000000e+00 0.000000e+00
      outer loop
         vertex 0.000000e+00 5.596541e-01 2.132608e+01
         vertex 0.000000e+00 7.963481e+00 1.862493e+01
         vertex 0.000000e+00 7.685668e+00 1.855049e+01
      endloop
   endfacet
   facet normal -1.000000e+00 -0.000000e+00 0.000000e+00
      outer loop
         vertex 0.000000e+00 7.685668e+00 1.855049e+01
         vertex 0.000000e+00 7.425001e+00 1.842894e+01
         vertex 0.000000e+00 5.596541e-01 2.132608e+01
      endloop
   endfacet
   facet normal -1.000000e+00 0.000000e+00 0.000000e+00
      outer loop
         vertex 0.000000e+00 5.596541e-01 2.132608e+01
         vertex 0.000000e+00 7.425001e+00 1.842894e+01
         vertex 0.000000e+00 7.189401e+00 1.826397e+01
      endloop
   endfacet
   facet normal -1.000000e+00 0.000000e+00 0.000000e+00
      outer loop
         vertex 0.000000e+00 5.596541e-01 2.132608e+01
         vertex 0.000000e+00 7.189401e+00 1.826397e+01
         vertex 0.000000e+00 6.986028e+00 1.806060e+01
      endloop
   endfacet
   facet normal -1.000000e+00 0.000000e+00 0.000000e+00
      outer loop
         vertex 0.000000e+00 8.536520e+00 1.537507e+01
         vertex 0.000000e+00 8.814334e+00 1.544951e+01
         vertex 0.000000e+00 1.212500e+01 1.417500e+01
      endloop
   endfacet
   facet normal -1.000000e+00 0.000000e+00 0.000000e+00
      outer loop
         vertex 0.000000e+00 9.874934e+00 1.671348e+01
         vertex 0.000000e+00 9.900001e+00 1.700000e+01
         vertex 0.000000e+00 1.212500e+01 1.417500e+01
      endloop
   endfacet
   facet normal -1.000000e+00 0.000000e+00 0.000000e+00
      outer loop
         vertex 0.000000e+00 9.800494e+00 1.756433e+01
         vertex 0.000000e+00 9.678943e+00 1.782500e+01
         vertex 0.000000e+00 1.212500e+01 1.982500e+01
      endloop
   endfacet
   facet normal -1.000000e+00 0.000000e+00 0.000000e+00
      outer loop
         vertex 0.000000e+00 1.212500e+01 1.982500e+01
         vertex 0.000000e+00 9.678943e+00 1.782500e+01
         vertex 0.000000e+00 9.513974e+00 1.806060e+01
      endloop
   endfacet
   facet normal -1.000000e+00 0.000000e+00 0.000000e+00
      outer loop
         vertex 0.000000e+00 1.212500e+01 1.982500e+01
         vertex 0.000000e+00 9.513974e+00 1.806060e+01
         vertex 0.000000e+00 9.310600e+00 1.826397e+01
      endloop
   endfacet
   facet normal -1.000000e+00 0.000000e+00 0.000000e+00
      outer loop
         vertex 0.000000e+00 9.310600e+00 1.826397e+01
         vertex 0.000000e+00 9.075001e+00 1.842894e+01
         vertex 0.000000e+00 1.212500e+01 1.982500e+01
      endloop
   endfacet
   facet normal -1.000000e+00 0.000000e+00 0.000000e+00
      outer loop
         vertex 0.000000e+00 1.212500e+01 1.982500e+01
         vertex 0.000000e+00 9.075001e+00 1.842894e+01
         vertex 0.000000e+00 8.814334e+00 1.855049e+01
      endloop
   endfacet
   facet normal -1.000000e+00 0.000000e+00 0.000000e+00
      outer loop
         vertex 0.000000e+00 1.212500e+01 1.982500e+01
         vertex 0.000000e+00 8.814334e+00 1.855049e+01
         vertex 0.000000e+00 8.536520e+00 1.862493e+01
      endloop
   endfacet
   facet normal -1.000000e+00 0.000000e+00 0.000000e+00
      outer loop
         vertex 0.000000e+00 6.248988e-02 1.554372e+01
         vertex 0.000000e+00 6.625068e+00 1.671348e+01
         vertex 0.000000e+00 5.596541e-01 1.267392e+01
      endloop
   endfacet
   facet normal -1.000000e+00 0.000000e+00 0.000000e+00
      outer loop
         vertex 0.000000e+00 5.596541e-01 1.267392e+01
         vertex 0.000000e+00 6.625068e+00 1.671348e+01
         vertex 0.000000e+00 6.699508e+00 1.643567e+01
      endloop
   endfacet
   facet normal -1.000000e+00 0.000000e+00 0.000000e+00
      outer loop
         vertex 0.000000e+00 5.596541e-01 1.267392e+01
         vertex 0.000000e+00 6.699508e+00 1.643567e+01
         vertex 0.000000e+00 6.821059e+00 1.617500e+01
      endloop
   endfacet
   facet normal -1.000000e+00 0.000000e+00 0.000000e+00
      outer loop
         vertex 0.000000e+00 8.536520e+00 1.862493e+01
         vertex 0.000000e+00 8.250001e+00 1.865000e+01
         vertex 0.000000e+00 1.212500e+01 1.982500e+01
      endloop
   endfacet
   facet normal -1.000000e+00 -0.000000e+00 0.000000e+00
      outer loop
         vertex 0.000000e+00 1.212500e+01 1.982500e+01
         vertex 0.000000e+00 8.250001e+00 1.865000e+01
         vertex 0.000000e+00 5.596541e-01 2.132608e+01
      endloop
   endfacet
   facet normal -1.000000e+00 0.000000e+00 0.000000e+00
      outer loop
         vertex 0.000000e+00 1.212500e+01 1.982500e+01
         vertex 0.000000e+00 5.596541e-01 2.132608e+01
         vertex 0.000000e+00 1.212500e+01 2.146386e+01
      endloop
   endfacet
   facet normal -1.000000e+00 -0.000000e+00 0.000000e+00
      outer loop
         vertex 0.000000e+00 1.212500e+01 2.146386e+01
         vertex 0.000000e+00 5.596541e-01 2.132608e+01
         vertex 0.000000e+00 1.539388e+00 2.406891e+01
      endloop
   endfacet
   facet normal -1.000000e+00 0.000000e+00 0.000000e+00
      outer loop
         vertex 0.000000e+00 1.212500e+01 2.146386e+01
         vertex 0.000000e+00 1.539388e+00 2.406891e+01
         vertex 0.000000e+00 1.212500e+01 2.493886e+01
      endloop
   endfacet
   facet normal -1.000000e+00 -0.000000e+00 0.000000e+00
      outer loop
         vertex 0.000000e+00 1.212500e+01 2.493886e+01
         vertex 0.000000e+00 1.539388e+00 2.406891e+01
         vertex 0.000000e+00 2.972934e+00 2.660424e+01
      endloop
   endfacet
   facet normal -1.000000e+00 0.000000e+00 0.000000e+00
      outer loop
         vertex 0.000000e+00 1.212500e+01 2.493886e+01
         vertex 0.000000e+00 2.972934e+00 2.660424e+01
         vertex 0.000000e+00 4.818214e+00 2.885766e+01
      endloop
   endfacet
   facet normal -1.000000e+00 -0.000000e+00 0.000000e+00
      outer loop
         vertex 0.000000e+00 6.986028e+00 1.806060e+01
         vertex 0.000000e+00 6.821059e+00 1.782500e+01
         vertex 0.000000e+00 5.596541e-01 2.132608e+01
      endloop
   endfacet
   facet normal -1.000000e+00 0.000000e+00 0.000000e+00
      outer loop
         vertex 0.000000e+00 5.596541e-01 2.132608e+01
         vertex 0.000000e+00 6.821059e+00 1.782500e+01
         vertex 0.000000e+00 6.699508e+00 1.756433e+01
      endloop
   endfacet
   facet normal -1.000000e+00 0.000000e+00 -0.000000e+00
      outer loop
         vertex 0.000000e+00 5.596541e-01 2.132608e+01
         vertex 0.000000e+00 6.699508e+00 1.756433e+01
         vertex 0.000000e+00 6.248988e-02 1.845628e+01
      endloop
   endfacet
   facet normal -1.000000e+00 0.000000e+00 0.000000e+00
      outer loop
         vertex 0.000000e+00 6.248988e-02 1.845628e+01
         vertex 0.000000e+00 6.699508e+00 1.756433e+01
         vertex 0.000000e+00 6.625068e+00 1.728652e+01
      endloop
   endfacet
   facet normal -1.000000e+00 0.000000e+00 0.000000e+00
      outer loop
         vertex 0.000000e+00 6.248988e-02 1.845628e+01
         vertex 0.000000e+00 6.625068e+00 1.728652e+01
         vertex 0.000000e+00 6.248988e-02 1.554372e+01
      endloop
   endfacet
   facet normal -1.000000e+00 0.000000e+00 0.000000e+00
      outer loop
         vertex 0.000000e+00 6.248988e-02 1.554372e+01
         vertex 0.000000e+00 6.625068e+00 1.728652e+01
         vertex 0.000000e+00 6.600001e+00 1.700000e+01
      endloop
   endfacet
   facet normal -1.000000e+00 0.000000e+00 0.000000e+00
      outer loop
         vertex 0.000000e+00 6.248988e-02 1.554372e+01
         vertex 0.000000e+00 6.600001e+00 1.700000e+01
         vertex 0.000000e+00 6.625068e+00 1.671348e+01
      endloop
   endfacet
   facet normal -1.000000e+00 0.000000e+00 0.000000e+00
      outer loop
         vertex 0.000000e+00 8.814334e+00 1.544951e+01
         vertex 0.000000e+00 9.075001e+00 1.557106e+01
         vertex 0.000000e+00 1.212500e+01 1.417500e+01
      endloop
   endfacet
   facet normal -1.000000e+00 0.000000e+00 0.000000e+00
      outer loop
         vertex 0.000000e+00 1.212500e+01 1.417500e+01
         vertex 0.000000e+00 9.075001e+00 1.557106e+01
         vertex 0.000000e+00 9.310600e+00 1.573603e+01
      endloop
   endfacet
   facet normal -1.000000e+00 0.000000e+00 0.000000e+00
      outer loop
         vertex 0.000000e+00 1.212500e+01 1.417500e+01
         vertex 0.000000e+00 9.310600e+00 1.573603e+01
         vertex 0.000000e+00 9.513974e+00 1.593940e+01
      endloop
   endfacet
   facet normal -1.000000e+00 0.000000e+00 0.000000e+00
      outer loop
         vertex 0.000000e+00 1.212500e+01 1.417500e+01
         vertex 0.000000e+00 9.900001e+00 1.700000e+01
         vertex 0.000000e+00 1.212500e+01 1.982500e+01
      endloop
   endfacet
   facet normal -1.000000e+00 0.000000e+00 0.000000e+00
      outer loop
         vertex 0.000000e+00 1.212500e+01 1.982500e+01
         vertex 0.000000e+00 9.900001e+00 1.700000e+01
         vertex 0.000000e+00 9.874934e+00 1.728652e+01
      endloop
   endfacet
   facet normal -1.000000e+00 0.000000e+00 0.000000e+00
      outer loop
         vertex 0.000000e+00 1.212500e+01 1.982500e+01
         vertex 0.000000e+00 9.874934e+00 1.728652e+01
         vertex 0.000000e+00 9.800494e+00 1.756433e+01
      endloop
   endfacet
   facet normal -1.000000e+00 0.000000e+00 -0.000000e+00
      outer loop
         vertex 0.000000e+00 6.821059e+00 1.617500e+01
         vertex 0.000000e+00 6.986028e+00 1.593940e+01
         vertex 0.000000e+00 5.596541e-01 1.267392e+01
      endloop
   endfacet
   facet normal -1.000000e+00 0.000000e+00 0.000000e+00
      outer loop
         vertex 0.000000e+00 5.596541e-01 1.267392e+01
         vertex 0.000000e+00 6.986028e+00 1.593940e+01
         vertex 0.000000e+00 7.189401e+00 1.573603e+01
      endloop
   endfacet
   facet normal -1.000000e+00 0.000000e+00 0.000000e+00
      outer loop
         vertex 0.000000e+00 5.596541e-01 1.267392e+01
         vertex 0.000000e+00 7.189401e+00 1.573603e+01
         vertex 0.000000e+00 7.425001e+00 1.557106e+01
      endloop
   endfacet
   facet normal -1.000000e+00 0.000000e+00 0.000000e+00
      outer loop
         vertex 0.000000e+00 9.513974e+00 1.593940e+01
         vertex 0.000000e+00 9.678943e+00 1.617500e+01
         vertex 0.000000e+00 1.212500e+01 1.417500e+01
      endloop
   endfacet
   facet normal -1.000000e+00 0.000000e+00 0.000000e+00
      outer loop
         vertex 0.000000e+00 1.212500e+01 1.417500e+01
         vertex 0.000000e+00 9.678943e+00 1.617500e+01
         vertex 0.000000e+00 9.800494e+00 1.643567e+01
      endloop
   endfacet
   facet normal -1.000000e+00 0.000000e+00 0.000000e+00
      outer loop
         vertex 0.000000e+00 1.212500e+01 1.417500e+01
         vertex 0.000000e+00 9.800494e+00 1.643567e+01
         vertex 0.000000e+00 9.874934e+00 1.671348e+01
      endloop
   endfacet
   facet normal -1.000000e+00 0.000000e+00 -0.000000e+00
      outer loop
         vertex 0.000000e+00 7.425001e+00 1.557106e+01
         vertex 0.000000e+00 7.685668e+00 1.544951e+01
         vertex 0.000000e+00 5.596541e-01 1.267392e+01
      endloop
   endfacet
   facet normal -1.000000e+00 0.000000e+00 0.000000e+00
      outer loop
         vertex 0.000000e+00 5.596541e-01 1.267392e+01
         vertex 0.000000e+00 7.685668e+00 1.544951e+01
         vertex 0.000000e+00 7.963481e+00 1.537507e+01
      endloop
   endfacet
   facet normal -1.000000e+00 0.000000e+00 0.000000e+00
      outer loop
         vertex 0.000000e+00 5.596541e-01 1.267392e+01
         vertex 0.000000e+00 7.963481e+00 1.537507e+01
         vertex 0.000000e+00 8.250001e+00 1.535000e+01
      endloop
   endfacet
   facet normal -1.000000e+00 0.000000e+00 0.000000e+00
      outer loop
         vertex 0.000000e+00 2.972934e+00 7.395762e+00
         vertex 0.000000e+00 1.539388e+00 9.931094e+00
         vertex 0.000000e+00 1.212500e+01 1.253614e+01
      endloop
   endfacet
   facet normal -1.000000e+00 -0.000000e+00 0.000000e+00
      outer loop
         vertex 0.000000e+00 1.212500e+01 1.253614e+01
         vertex 0.000000e+00 1.539388e+00 9.931094e+00
         vertex 0.000000e+00 5.596541e-01 1.267392e+01
      endloop
   endfacet
   facet normal -1.000000e+00 0.000000e+00 0.000000e+00
      outer loop
         vertex 0.000000e+00 1.212500e+01 1.253614e+01
         vertex 0.000000e+00 5.596541e-01 1.267392e+01
         vertex 0.000000e+00 1.212500e+01 1.417500e+01
      endloop
   endfacet
   facet normal -1.000000e+00 -0.000000e+00 0.000000e+00
      outer loop
         vertex 0.000000e+00 1.212500e+01 1.417500e+01
         vertex 0.000000e+00 5.596541e-01 1.267392e+01
         vertex 0.000000e+00 8.250001e+00 1.535000e+01
      endloop
   endfacet
   facet normal -1.000000e+00 0.000000e+00 0.000000e+00
      outer loop
         vertex 0.000000e+00 1.212500e+01 1.417500e+01
         vertex 0.000000e+00 8.250001e+00 1.535000e+01
         vertex 0.000000e+00 8.536520e+00 1.537507e+01
      endloop
   endfacet
   facet normal -1.000000e+00 0.000000e+00 0.000000e+00
      outer loop
         vertex 0.000000e+00 1.508760e+01 1.079105e-01
         vertex 0.000000e+00 1.223224e+01 6.822683e-01
         vertex 0.000000e+00 1.212500e+01 1.253614e+01
      endloop
   endfacet
   facet normal -1.000000e+00 0.000000e+00 -0.000000e+00
      outer loop
         vertex 0.000000e+00 1.212500e+01 1.253614e+01
         vertex 0.000000e+00 1.223224e+01 6.822683e-01
         vertex 0.000000e+00 9.516824e+00 1.735596e+00
      endloop
   endfacet
   facet normal -1.000000e+00 0.000000e+00 0.000000e+00
      outer loop
         vertex 0.000000e+00 9.516824e+00 1.735596e+00
         vertex 0.000000e+00 7.021064e+00 3.236977e+00
         vertex 0.000000e+00 1.212500e+01 1.253614e+01
      endloop
   endfacet
   facet normal -1.000000e+00 0.000000e+00 0.000000e+00
      outer loop
         vertex 0.000000e+00 1.212500e+01 1.253614e+01
         vertex 0.000000e+00 7.021064e+00 3.236977e+00
         vertex 0.000000e+00 4.818214e+00 5.142341e+00
      endloop
   endfacet
   facet normal -1.000000e+00 0.000000e+00 0.000000e+00
      outer loop
         vertex 0.000000e+00 1.212500e+01 1.253614e+01
         vertex 0.000000e+00 4.818214e+00 5.142341e+00
         vertex 0.000000e+00 2.972934e+00 7.395762e+00
      endloop
   endfacet
   facet normal -1.000000e+00 0.000000e+00 -0.000000e+00
      outer loop
         vertex 0.000000e+00 1.439026e+01 1.653983e+01
         vertex 0.000000e+00 1.450982e+01 1.609365e+01
         vertex 0.000000e+00 1.212500e+01 1.417500e+01
      endloop
   endfacet
   facet normal -1.000000e+00 0.000000e+00 0.000000e+00
      outer loop
         vertex 0.000000e+00 1.870339e+01 1.903002e+01
         vertex 0.000000e+00 1.832500e+01 1.929497e+01
         vertex 0.000000e+00 1.968750e+01 1.982500e+01
      endloop
   endfacet
   facet normal -1.000000e+00 0.000000e+00 0.000000e+00
      outer loop
         vertex 0.000000e+00 1.968750e+01 1.982500e+01
         vertex 0.000000e+00 1.832500e+01 1.929497e+01
         vertex 0.000000e+00 1.790635e+01 1.949019e+01
      endloop
   endfacet
   facet normal -1.000000e+00 0.000000e+00 0.000000e+00
      outer loop
         vertex 0.000000e+00 1.968750e+01 1.982500e+01
         vertex 0.000000e+00 1.790635e+01 1.949019e+01
         vertex 0.000000e+00 1.746017e+01 1.960974e+01
      endloop
   endfacet
   facet normal -1.000000e+00 -0.000000e+00 0.000000e+00
      outer loop
         vertex 0.000000e+00 1.700000e+01 1.965000e+01
         vertex 0.000000e+00 1.653983e+01 1.960974e+01
         vertex 0.000000e+00 1.212500e+01 1.982500e+01
      endloop
   endfacet
   facet normal -1.000000e+00 0.000000e+00 0.000000e+00
      outer loop
         vertex 0.000000e+00 1.212500e+01 1.982500e+01
         vertex 0.000000e+00 1.653983e+01 1.960974e+01
         vertex 0.000000e+00 1.609365e+01 1.949019e+01
      endloop
   endfacet
   facet normal -1.000000e+00 0.000000e+00 0.000000e+00
      outer loop
         vertex 0.000000e+00 1.212500e+01 1.982500e+01
         vertex 0.000000e+00 1.609365e+01 1.949019e+01
         vertex 0.000000e+00 1.567500e+01 1.929497e+01
      endloop
   endfacet
   facet normal -1.000000e+00 -0.000000e+00 0.000000e+00
      outer loop
         vertex 0.000000e+00 1.567500e+01 1.929497e+01
         vertex 0.000000e+00 1.529661e+01 1.903002e+01
         vertex 0.000000e+00 1.212500e+01 1.982500e+01
      endloop
   endfacet
   facet normal -1.000000e+00 0.000000e+00 0.000000e+00
      outer loop
         vertex 0.000000e+00 1.212500e+01 1.982500e+01
         vertex 0.000000e+00 1.529661e+01 1.903002e+01
         vertex 0.000000e+00 1.496998e+01 1.870339e+01
      endloop
   endfacet
   facet normal -1.000000e+00 0.000000e+00 0.000000e+00
      outer loop
         vertex 0.000000e+00 1.212500e+01 1.982500e+01
         vertex 0.000000e+00 1.496998e+01 1.870339e+01
         vertex 0.000000e+00 1.470503e+01 1.832500e+01
      endloop
   endfacet
   facet normal -1.000000e+00 -0.000000e+00 0.000000e+00
      outer loop
         vertex 0.000000e+00 1.470503e+01 1.832500e+01
         vertex 0.000000e+00 1.450982e+01 1.790635e+01
         vertex 0.000000e+00 1.212500e+01 1.982500e+01
      endloop
   endfacet
   facet normal -1.000000e+00 0.000000e+00 0.000000e+00
      outer loop
         vertex 0.000000e+00 1.212500e+01 1.982500e+01
         vertex 0.000000e+00 1.450982e+01 1.790635e+01
         vertex 0.000000e+00 1.439026e+01 1.746017e+01
      endloop
   endfacet
   facet normal -1.000000e+00 0.000000e+00 0.000000e+00
      outer loop
         vertex 0.000000e+00 1.212500e+01 1.982500e+01
         vertex 0.000000e+00 1.439026e+01 1.746017e+01
         vertex 0.000000e+00 1.212500e+01 1.417500e+01
      endloop
   endfacet
   facet normal -1.000000e+00 0.000000e+00 0.000000e+00
      outer loop
         vertex 0.000000e+00 1.212500e+01 1.417500e+01
         vertex 0.000000e+00 1.439026e+01 1.746017e+01
         vertex 0.000000e+00 1.435000e+01 1.700000e+01
      endloop
   endfacet
   facet normal -1.000000e+00 0.000000e+00 0.000000e+00
      outer loop
         vertex 0.000000e+00 1.212500e+01 1.417500e+01
         vertex 0.000000e+00 1.435000e+01 1.700000e+01
         vertex 0.000000e+00 1.439026e+01 1.653983e+01
      endloop
   endfacet
   facet normal -1.000000e+00 0.000000e+00 0.000000e+00
      outer loop
         vertex 0.000000e+00 1.700000e+01 1.435000e+01
         vertex 0.000000e+00 1.746017e+01 1.439026e+01
         vertex 0.000000e+00 1.968750e+01 1.417500e+01
      endloop
   endfacet
   facet normal -1.000000e+00 0.000000e+00 -0.000000e+00
      outer loop
         vertex 0.000000e+00 1.450982e+01 1.609365e+01
         vertex 0.000000e+00 1.470503e+01 1.567500e+01
         vertex 0.000000e+00 1.212500e+01 1.417500e+01
      endloop
   endfacet
   facet normal -1.000000e+00 0.000000e+00 0.000000e+00
      outer loop
         vertex 0.000000e+00 1.212500e+01 1.417500e+01
         vertex 0.000000e+00 1.470503e+01 1.567500e+01
         vertex 0.000000e+00 1.496998e+01 1.529661e+01
      endloop
   endfacet
   facet normal -1.000000e+00 0.000000e+00 0.000000e+00
      outer loop
         vertex 0.000000e+00 1.212500e+01 1.417500e+01
         vertex 0.000000e+00 1.496998e+01 1.529661e+01
         vertex 0.000000e+00 1.529661e+01 1.496998e+01
      endloop
   endfacet
   facet normal -1.000000e+00 0.000000e+00 -0.000000e+00
      outer loop
         vertex 0.000000e+00 1.529661e+01 1.496998e+01
         vertex 0.000000e+00 1.567500e+01 1.470503e+01
         vertex 0.000000e+00 1.212500e+01 1.417500e+01
      endloop
   endfacet
   facet normal -1.000000e+00 0.000000e+00 0.000000e+00
      outer loop
         vertex 0.000000e+00 1.212500e+01 1.417500e+01
         vertex 0.000000e+00 1.567500e+01 1.470503e+01
         vertex 0.000000e+00 1.609365e+01 1.450982e+01
      endloop
   endfacet
   facet normal -1.000000e+00 0.000000e+00 0.000000e+00
      outer loop
         vertex 0.000000e+00 1.212500e+01 1.417500e+01
         vertex 0.000000e+00 1.609365e+01 1.450982e+01
         vertex 0.000000e+00 1.653983e+01 1.439026e+01
      endloop
   endfacet
   facet normal -1.000000e+00 0.000000e+00 0.000000e+00
      outer loop
         vertex 0.000000e+00 1.799909e+01 2.938509e-02
         vertex 0.000000e+00 1.508760e+01 1.079105e-01
         vertex 0.000000e+00 1.968750e+01 1.253614e+01
      endloop
   endfacet
   facet normal -1.000000e+00 -0.000000e+00 0.000000e+00
      outer loop
         vertex 0.000000e+00 1.968750e+01 1.253614e+01
         vertex 0.000000e+00 1.508760e+01 1.079105e-01
         vertex 0.000000e+00 1.212500e+01 1.253614e+01
      endloop
   endfacet
   facet normal -1.000000e+00 0.000000e+00 0.000000e+00
      outer loop
         vertex 0.000000e+00 1.968750e+01 1.253614e+01
         vertex 0.000000e+00 1.212500e+01 1.253614e+01
         vertex 0.000000e+00 1.968750e+01 1.417500e+01
      endloop
   endfacet
   facet normal -1.000000e+00 -0.000000e+00 0.000000e+00
      outer loop
         vertex 0.000000e+00 1.968750e+01 1.417500e+01
         vertex 0.000000e+00 1.212500e+01 1.253614e+01
         vertex 0.000000e+00 1.212500e+01 1.417500e+01
      endloop
   endfacet
   facet normal -1.000000e+00 0.000000e+00 0.000000e+00
      outer loop
         vertex 0.000000e+00 1.968750e+01 1.417500e+01
         vertex 0.000000e+00 1.212500e+01 1.417500e+01
         vertex 0.000000e+00 1.700000e+01 1.435000e+01
      endloop
   endfacet
   facet normal -1.000000e+00 -0.000000e+00 0.000000e+00
      outer loop
         vertex 0.000000e+00 1.700000e+01 1.435000e+01
         vertex 0.000000e+00 1.212500e+01 1.417500e+01
         vertex 0.000000e+00 1.653983e+01 1.439026e+01
      endloop
   endfacet
   facet normal -1.000000e+00 0.000000e+00 0.000000e+00
      outer loop
         vertex 0.000000e+00 1.746017e+01 1.439026e+01
         vertex 0.000000e+00 1.790635e+01 1.450982e+01
         vertex 0.000000e+00 1.968750e+01 1.417500e+01
      endloop
   endfacet
   facet normal -1.000000e+00 0.000000e+00 0.000000e+00
      outer loop
         vertex 0.000000e+00 1.968750e+01 1.417500e+01
         vertex 0.000000e+00 1.790635e+01 1.450982e+01
         vertex 0.000000e+00 1.832500e+01 1.470503e+01
      endloop
   endfacet
   facet normal -1.000000e+00 0.000000e+00 0.000000e+00
      outer loop
         vertex 0.000000e+00 1.968750e+01 1.417500e+01
         vertex 0.000000e+00 1.832500e+01 1.470503e+01
         vertex 0.000000e+00 1.870339e+01 1.496998e+01
      endloop
   endfacet
   facet normal -1.000000e+00 0.000000e+00 0.000000e+00
      outer loop
         vertex 0.000000e+00 1.870339e+01 1.496998e+01
         vertex 0.000000e+00 1.903002e+01 1.529661e+01
         vertex 0.000000e+00 1.968750e+01 1.417500e+01
      endloop
   endfacet
   facet normal -1.000000e+00 0.000000e+00 0.000000e+00
      outer loop
         vertex 0.000000e+00 1.968750e+01 1.417500e+01
         vertex 0.000000e+00 1.903002e+01 1.529661e+01
         vertex 0.000000e+00 1.929497e+01 1.567500e+01
      endloop
   endfacet
   facet normal -1.000000e+00 0.000000e+00 0.000000e+00
      outer loop
         vertex 0.000000e+00 1.968750e+01 1.417500e+01
         vertex 0.000000e+00 1.929497e+01 1.567500e+01
         vertex 0.000000e+00 1.949019e+01 1.609365e+01
      endloop
   endfacet
   facet normal -1.000000e+00 0.000000e+00 0.000000e+00
      outer loop
         vertex 0.000000e+00 1.949019e+01 1.609365e+01
         vertex 0.000000e+00 1.960974e+01 1.653983e+01
         vertex 0.000000e+00 1.968750e+01 1.417500e+01
      endloop
   endfacet
   facet normal -1.000000e+00 0.000000e+00 0.000000e+00
      outer loop
         vertex 0.000000e+00 1.968750e+01 1.417500e+01
         vertex 0.000000e+00 1.960974e+01 1.653983e+01
         vertex 0.000000e+00 1.965000e+01 1.700000e+01
      endloop
   endfacet
   facet normal -1.000000e+00 0.000000e+00 0.000000e+00
      outer loop
         vertex 0.000000e+00 1.968750e+01 1.417500e+01
         vertex 0.000000e+00 1.965000e+01 1.700000e+01
         vertex 0.000000e+00 1.968750e+01 1.982500e+01
      endloop
   endfacet
   facet normal -1.000000e+00 0.000000e+00 0.000000e+00
      outer loop
         vertex 0.000000e+00 1.968750e+01 1.982500e+01
         vertex 0.000000e+00 1.965000e+01 1.700000e+01
         vertex 0.000000e+00 1.960974e+01 1.746017e+01
      endloop
   endfacet
   facet normal -1.000000e+00 0.000000e+00 0.000000e+00
      outer loop
         vertex 0.000000e+00 1.968750e+01 1.982500e+01
         vertex 0.000000e+00 1.960974e+01 1.746017e+01
         vertex 0.000000e+00 1.949019e+01 1.790635e+01
      endloop
   endfacet
   facet normal -1.000000e+00 0.000000e+00 0.000000e+00
      outer loop
         vertex 0.000000e+00 1.949019e+01 1.790635e+01
         vertex 0.000000e+00 1.929497e+01 1.832500e+01
         vertex 0.000000e+00 1.968750e+01 1.982500e+01
      endloop
   endfacet
   facet normal -1.000000e+00 0.000000e+00 0.000000e+00
      outer loop
         vertex 0.000000e+00 1.968750e+01 1.982500e+01
         vertex 0.000000e+00 1.929497e+01 1.832500e+01
         vertex 0.000000e+00 1.903002e+01 1.870339e+01
      endloop
   endfacet
   facet normal -1.000000e+00 0.000000e+00 0.000000e+00
      outer loop
         vertex 0.000000e+00 1.968750e+01 1.982500e+01
         vertex 0.000000e+00 1.903002e+01 1.870339e+01
         vertex 0.000000e+00 1.870339e+01 1.903002e+01
      endloop
   endfacet
   facet normal -1.000000e+00 0.000000e+00 -0.000000e+00
      outer loop
         vertex 0.000000e+00 1.223224e+01 3.331773e+01
         vertex 0.000000e+00 1.508760e+01 3.389209e+01
         vertex 0.000000e+00 1.212500e+01 2.493886e+01
      endloop
   endfacet
   facet normal -1.000000e+00 0.000000e+00 0.000000e+00
      outer loop
         vertex 0.000000e+00 1.212500e+01 2.493886e+01
         vertex 0.000000e+00 1.508760e+01 3.389209e+01
         vertex 0.000000e+00 1.968750e+01 2.493886e+01
      endloop
   endfacet
   facet normal -1.000000e+00 0.000000e+00 0.000000e+00
      outer loop
         vertex 0.000000e+00 1.212500e+01 2.493886e+01
         vertex 0.000000e+00 1.968750e+01 2.493886e+01
         vertex 0.000000e+00 1.212500e+01 2.146386e+01
      endloop
   endfacet
   facet normal -1.000000e+00 0.000000e+00 0.000000e+00
      outer loop
         vertex 0.000000e+00 1.212500e+01 2.146386e+01
         vertex 0.000000e+00 1.968750e+01 2.493886e+01
         vertex 0.000000e+00 1.968750e+01 2.146386e+01
      endloop
   endfacet
   facet normal -1.000000e+00 0.000000e+00 0.000000e+00
      outer loop
         vertex 0.000000e+00 1.212500e+01 2.146386e+01
         vertex 0.000000e+00 1.968750e+01 2.146386e+01
         vertex 0.000000e+00 1.212500e+01 1.982500e+01
      endloop
   endfacet
   facet normal -1.000000e+00 0.000000e+00 0.000000e+00
      outer loop
         vertex 0.000000e+00 1.212500e+01 1.982500e+01
         vertex 0.000000e+00 1.968750e+01 2.146386e+01
         vertex 0.000000e+00 1.968750e+01 1.982500e+01
      endloop
   endfacet
   facet normal -1.000000e+00 0.000000e+00 0.000000e+00
      outer loop
         vertex 0.000000e+00 1.212500e+01 1.982500e+01
         vertex 0.000000e+00 1.968750e+01 1.982500e+01
         vertex 0.000000e+00 1.700000e+01 1.965000e+01
      endloop
   endfacet
   facet normal -1.000000e+00 0.000000e+00 0.000000e+00
      outer loop
         vertex 0.000000e+00 1.700000e+01 1.965000e+01
         vertex 0.000000e+00 1.968750e+01 1.982500e+01
         vertex 0.000000e+00 1.746017e+01 1.960974e+01
      endloop
   endfacet
   facet normal -1.000000e+00 0.000000e+00 -0.000000e+00
      outer loop
         vertex 0.000000e+00 2.137500e+01 2.292772e+01
         vertex 0.000000e+00 2.166152e+01 2.295279e+01
         vertex 0.000000e+00 1.968750e+01 2.146386e+01
      endloop
   endfacet
   facet normal -1.000000e+00 0.000000e+00 0.000000e+00
      outer loop
         vertex 0.000000e+00 1.968750e+01 2.146386e+01
         vertex 0.000000e+00 2.166152e+01 2.295279e+01
         vertex 0.000000e+00 3.351250e+01 2.146386e+01
      endloop
   endfacet
   facet normal -1.000000e+00 0.000000e+00 0.000000e+00
      outer loop
         vertex 0.000000e+00 1.968750e+01 2.146386e+01
         vertex 0.000000e+00 3.351250e+01 2.146386e+01
         vertex 0.000000e+00 1.968750e+01 1.982500e+01
      endloop
   endfacet
   facet normal -1.000000e+00 0.000000e+00 0.000000e+00
      outer loop
         vertex 0.000000e+00 1.968750e+01 1.982500e+01
         vertex 0.000000e+00 3.351250e+01 2.146386e+01
         vertex 0.000000e+00 3.351250e+01 1.982500e+01
      endloop
   endfacet
   facet normal -1.000000e+00 0.000000e+00 0.000000e+00
      outer loop
         vertex 0.000000e+00 1.968750e+01 1.982500e+01
         vertex 0.000000e+00 3.351250e+01 1.982500e+01
         vertex 0.000000e+00 1.968750e+01 1.417500e+01
      endloop
   endfacet
   facet normal -1.000000e+00 0.000000e+00 0.000000e+00
      outer loop
         vertex 0.000000e+00 1.968750e+01 1.417500e+01
         vertex 0.000000e+00 3.351250e+01 1.982500e+01
         vertex 0.000000e+00 3.351250e+01 1.417500e+01
      endloop
   endfacet
   facet normal -1.000000e+00 0.000000e+00 0.000000e+00
      outer loop
         vertex 0.000000e+00 1.968750e+01 1.417500e+01
         vertex 0.000000e+00 3.351250e+01 1.417500e+01
         vertex 0.000000e+00 1.968750e+01 1.253614e+01
      endloop
   endfacet
   facet normal -1.000000e+00 0.000000e+00 0.000000e+00
      outer loop
         vertex 0.000000e+00 1.968750e+01 1.253614e+01
         vertex 0.000000e+00 3.351250e+01 1.417500e+01
         vertex 0.000000e+00 3.351250e+01 1.253614e+01
      endloop
   endfacet
   facet normal -1.000000e+00 0.000000e+00 0.000000e+00
      outer loop
         vertex 0.000000e+00 1.968750e+01 1.253614e+01
         vertex 0.000000e+00 3.351250e+01 1.253614e+01
         vertex 0.000000e+00 2.193933e+01 1.097277e+01
      endloop
   endfacet
   facet normal -1.000000e+00 0.000000e+00 0.000000e+00
      outer loop
         vertex 0.000000e+00 2.193933e+01 1.097277e+01
         vertex 0.000000e+00 3.351250e+01 1.253614e+01
         vertex 0.000000e+00 2.220000e+01 1.085122e+01
      endloop
   endfacet
   facet normal -1.000000e+00 -0.000000e+00 0.000000e+00
      outer loop
         vertex 0.000000e+00 1.727255e+02 2.209420e+01
         vertex 0.000000e+00 1.601750e+02 2.146386e+01
         vertex 0.000000e+00 1.601750e+02 2.493886e+01
      endloop
   endfacet
   facet normal -1.000000e+00 0.000000e+00 -0.000000e+00
      outer loop
         vertex 0.000000e+00 1.601750e+02 2.493886e+01
         vertex 0.000000e+00 1.601750e+02 2.146386e+01
         vertex 0.000000e+00 1.170000e+02 2.146386e+01
      endloop
   endfacet
   facet normal -1.000000e+00 -0.000000e+00 0.000000e+00
      outer loop
         vertex 0.000000e+00 1.601750e+02 2.493886e+01
         vertex 0.000000e+00 1.170000e+02 2.146386e+01
         vertex 0.000000e+00 1.170000e+02 2.493886e+01
      endloop
   endfacet
   facet normal -1.000000e+00 0.000000e+00 -0.000000e+00
      outer loop
         vertex 0.000000e+00 1.170000e+02 2.493886e+01
         vertex 0.000000e+00 1.170000e+02 2.146386e+01
         vertex 0.000000e+00 7.700000e+01 2.146386e+01
      endloop
   endfacet
   facet normal -1.000000e+00 -0.000000e+00 0.000000e+00
      outer loop
         vertex 0.000000e+00 1.170000e+02 2.493886e+01
         vertex 0.000000e+00 7.700000e+01 2.146386e+01
         vertex 0.000000e+00 7.700000e+01 2.493886e+01
      endloop
   endfacet
   facet normal -1.000000e+00 0.000000e+00 -0.000000e+00
      outer loop
         vertex 0.000000e+00 7.700000e+01 2.493886e+01
         vertex 0.000000e+00 7.700000e+01 2.146386e+01
         vertex 0.000000e+00 3.351250e+01 2.146386e+01
      endloop
   endfacet
   facet normal -1.000000e+00 -0.000000e+00 0.000000e+00
      outer loop
         vertex 0.000000e+00 7.700000e+01 2.493886e+01
         vertex 0.000000e+00 3.351250e+01 2.146386e+01
         vertex 0.000000e+00 3.351250e+01 2.493886e+01
      endloop
   endfacet
   facet normal -1.000000e+00 0.000000e+00 -0.000000e+00
      outer loop
         vertex 0.000000e+00 3.351250e+01 2.493886e+01
         vertex 0.000000e+00 3.351250e+01 2.146386e+01
         vertex 0.000000e+00 2.299993e+01 2.429120e+01
      endloop
   endfacet
   facet normal -1.000000e+00 0.000000e+00 0.000000e+00
      outer loop
         vertex 0.000000e+00 3.351250e+01 2.493886e+01
         vertex 0.000000e+00 2.299993e+01 2.429120e+01
         vertex 0.000000e+00 2.302500e+01 2.457772e+01
      endloop
   endfacet
   facet normal -0.000000e+00 -8.715572e-02 -9.961947e-01
      outer loop
         vertex 6.000000e+00 1.700000e+01 1.965000e+01
         vertex 0.000000e+00 1.700000e+01 1.965000e+01
         vertex 6.000000e+00 1.746017e+01 1.960974e+01
      endloop
   endfacet
   facet normal -0.000000e+00 -8.715572e-02 -9.961947e-01
      outer loop
         vertex 6.000000e+00 1.746017e+01 1.960974e+01
         vertex 0.000000e+00 1.700000e+01 1.965000e+01
         vertex 0.000000e+00 1.746017e+01 1.960974e+01
      endloop
   endfacet
   facet normal -0.000000e+00 -2.588189e-01 -9.659259e-01
      outer loop
         vertex 6.000000e+00 1.746017e+01 1.960974e+01
         vertex 0.000000e+00 1.746017e+01 1.960974e+01
         vertex 6.000000e+00 1.790635e+01 1.949019e+01
      endloop
   endfacet
   facet normal -0.000000e+00 -2.588189e-01 -9.659259e-01
      outer loop
         vertex 6.000000e+00 1.790635e+01 1.949019e+01
         vertex 0.000000e+00 1.746017e+01 1.960974e+01
         vertex 0.000000e+00 1.790635e+01 1.949019e+01
      endloop
   endfacet
   facet normal -0.000000e+00 -4.226181e-01 -9.063079e-01
      outer loop
         vertex 6.000000e+00 1.790635e+01 1.949019e+01
         vertex 0.000000e+00 1.790635e+01 1.949019e+01
         vertex 6.000000e+00 1.832500e+01 1.929497e+01
      endloop
   endfacet
   facet normal -0.000000e+00 -4.226181e-01 -9.063079e-01
      outer loop
         vertex 6.000000e+00 1.832500e+01 1.929497e+01
         vertex 0.000000e+00 1.790635e+01 1.949019e+01
         vertex 0.000000e+00 1.832500e+01 1.929497e+01
      endloop
   endfacet
   facet normal -0.000000e+00 -5.735766e-01 -8.191520e-01
      outer loop
         vertex 6.000000e+00 1.832500e+01 1.929497e+01
         vertex 0.000000e+00 1.832500e+01 1.929497e+01
         vertex 6.000000e+00 1.870339e+01 1.903002e+01
      endloop
   endfacet
   facet normal -0.000000e+00 -5.735766e-01 -8.191520e-01
      outer loop
         vertex 6.000000e+00 1.870339e+01 1.903002e+01
         vertex 0.000000e+00 1.832500e+01 1.929497e+01
         vertex 0.000000e+00 1.870339e+01 1.903002e+01
      endloop
   endfacet
   facet normal -0.000000e+00 -7.071068e-01 -7.071068e-01
      outer loop
         vertex 6.000000e+00 1.870339e+01 1.903002e+01
         vertex 0.000000e+00 1.870339e+01 1.903002e+01
         vertex 6.000000e+00 1.903002e+01 1.870339e+01
      endloop
   endfacet
   facet normal -0.000000e+00 -7.071068e-01 -7.071068e-01
      outer loop
         vertex 6.000000e+00 1.903002e+01 1.870339e+01
         vertex 0.000000e+00 1.870339e+01 1.903002e+01
         vertex 0.000000e+00 1.903002e+01 1.870339e+01
      endloop
   endfacet
   facet normal -0.000000e+00 -8.191520e-01 -5.735766e-01
      outer loop
         vertex 6.000000e+00 1.903002e+01 1.870339e+01
         vertex 0.000000e+00 1.903002e+01 1.870339e+01
         vertex 6.000000e+00 1.929497e+01 1.832500e+01
      endloop
   endfacet
   facet normal -0.000000e+00 -8.191520e-01 -5.735766e-01
      outer loop
         vertex 6.000000e+00 1.929497e+01 1.832500e+01
         vertex 0.000000e+00 1.903002e+01 1.870339e+01
         vertex 0.000000e+00 1.929497e+01 1.832500e+01
      endloop
   endfacet
   facet normal -0.000000e+00 -9.063079e-01 -4.226181e-01
      outer loop
         vertex 6.000000e+00 1.929497e+01 1.832500e+01
         vertex 0.000000e+00 1.929497e+01 1.832500e+01
         vertex 6.000000e+00 1.949019e+01 1.790635e+01
      endloop
   endfacet
   facet normal -0.000000e+00 -9.063079e-01 -4.226181e-01
      outer loop
         vertex 6.000000e+00 1.949019e+01 1.790635e+01
         vertex 0.000000e+00 1.929497e+01 1.832500e+01
         vertex 0.000000e+00 1.949019e+01 1.790635e+01
      endloop
   endfacet
   facet normal -0.000000e+00 -9.659259e-01 -2.588189e-01
      outer loop
         vertex 6.000000e+00 1.949019e+01 1.790635e+01
         vertex 0.000000e+00 1.949019e+01 1.790635e+01
         vertex 6.000000e+00 1.960974e+01 1.746017e+01
      endloop
   endfacet
   facet normal -0.000000e+00 -9.659259e-01 -2.588189e-01
      outer loop
         vertex 6.000000e+00 1.960974e+01 1.746017e+01
         vertex 0.000000e+00 1.949019e+01 1.790635e+01
         vertex 0.000000e+00 1.960974e+01 1.746017e+01
      endloop
   endfacet
   facet normal -0.000000e+00 -9.961947e-01 -8.715572e-02
      outer loop
         vertex 6.000000e+00 1.960974e+01 1.746017e+01
         vertex 0.000000e+00 1.960974e+01 1.746017e+01
         vertex 6.000000e+00 1.965000e+01 1.700000e+01
      endloop
   endfacet
   facet normal -0.000000e+00 -9.961947e-01 -8.715572e-02
      outer loop
         vertex 6.000000e+00 1.965000e+01 1.700000e+01
         vertex 0.000000e+00 1.960974e+01 1.746017e+01
         vertex 0.000000e+00 1.965000e+01 1.700000e+01
      endloop
   endfacet
   facet normal 0.000000e+00 -9.961947e-01 8.715572e-02
      outer loop
         vertex 6.000000e+00 1.965000e+01 1.700000e+01
         vertex 0.000000e+00 1.965000e+01 1.700000e+01
         vertex 6.000000e+00 1.960974e+01 1.653983e+01
      endloop
   endfacet
   facet normal 0.000000e+00 -9.961947e-01 8.715572e-02
      outer loop
         vertex 6.000000e+00 1.960974e+01 1.653983e+01
         vertex 0.000000e+00 1.965000e+01 1.700000e+01
         vertex 0.000000e+00 1.960974e+01 1.653983e+01
      endloop
   endfacet
   facet normal 0.000000e+00 -9.659259e-01 2.588189e-01
      outer loop
         vertex 6.000000e+00 1.960974e+01 1.653983e+01
         vertex 0.000000e+00 1.960974e+01 1.653983e+01
         vertex 6.000000e+00 1.949019e+01 1.609365e+01
      endloop
   endfacet
   facet normal 0.000000e+00 -9.659259e-01 2.588189e-01
      outer loop
         vertex 6.000000e+00 1.949019e+01 1.609365e+01
         vertex 0.000000e+00 1.960974e+01 1.653983e+01
         vertex 0.000000e+00 1.949019e+01 1.609365e+01
      endloop
   endfacet
   facet normal 0.000000e+00 -9.063079e-01 4.226181e-01
      outer loop
         vertex 6.000000e+00 1.949019e+01 1.609365e+01
         vertex 0.000000e+00 1.949019e+01 1.609365e+01
         vertex 6.000000e+00 1.929497e+01 1.567500e+01
      endloop
   endfacet
   facet normal 0.000000e+00 -9.063079e-01 4.226181e-01
      outer loop
         vertex 6.000000e+00 1.929497e+01 1.567500e+01
         vertex 0.000000e+00 1.949019e+01 1.609365e+01
         vertex 0.000000e+00 1.929497e+01 1.567500e+01
      endloop
   endfacet
   facet normal 0.000000e+00 -8.191520e-01 5.735766e-01
      outer loop
         vertex 6.000000e+00 1.929497e+01 1.567500e+01
         vertex 0.000000e+00 1.929497e+01 1.567500e+01
         vertex 6.000000e+00 1.903002e+01 1.529661e+01
      endloop
   endfacet
   facet normal 0.000000e+00 -8.191520e-01 5.735766e-01
      outer loop
         vertex 6.000000e+00 1.903002e+01 1.529661e+01
         vertex 0.000000e+00 1.929497e+01 1.567500e+01
         vertex 0.000000e+00 1.903002e+01 1.529661e+01
      endloop
   endfacet
   facet normal 0.000000e+00 -7.071068e-01 7.071068e-01
      outer loop
         vertex 6.000000e+00 1.903002e+01 1.529661e+01
         vertex 0.000000e+00 1.903002e+01 1.529661e+01
         vertex 6.000000e+00 1.870339e+01 1.496998e+01
      endloop
   endfacet
   facet normal 0.000000e+00 -7.071068e-01 7.071068e-01
      outer loop
         vertex 6.000000e+00 1.870339e+01 1.496998e+01
         vertex 0.000000e+00 1.903002e+01 1.529661e+01
         vertex 0.000000e+00 1.870339e+01 1.496998e+01
      endloop
   endfacet
   facet normal 0.000000e+00 -5.735766e-01 8.191520e-01
      outer loop
         vertex 6.000000e+00 1.870339e+01 1.496998e+01
         vertex 0.000000e+00 1.870339e+01 1.496998e+01
         vertex 6.000000e+00 1.832500e+01 1.470503e+01
      endloop
   endfacet
   facet normal 0.000000e+00 -5.735766e-01 8.191520e-01
      outer loop
         vertex 6.000000e+00 1.832500e+01 1.470503e+01
         vertex 0.000000e+00 1.870339e+01 1.496998e+01
         vertex 0.000000e+00 1.832500e+01 1.470503e+01
      endloop
   endfacet
   facet normal 0.000000e+00 -4.226181e-01 9.063079e-01
      outer loop
         vertex 6.000000e+00 1.832500e+01 1.470503e+01
         vertex 0.000000e+00 1.832500e+01 1.470503e+01
         vertex 6.000000e+00 1.790635e+01 1.450982e+01
      endloop
   endfacet
   facet normal 0.000000e+00 -4.226181e-01 9.063079e-01
      outer loop
         vertex 6.000000e+00 1.790635e+01 1.450982e+01
         vertex 0.000000e+00 1.832500e+01 1.470503e+01
         vertex 0.000000e+00 1.790635e+01 1.450982e+01
      endloop
   endfacet
   facet normal 0.000000e+00 -2.588189e-01 9.659259e-01
      outer loop
         vertex 6.000000e+00 1.790635e+01 1.450982e+01
         vertex 0.000000e+00 1.790635e+01 1.450982e+01
         vertex 6.000000e+00 1.746017e+01 1.439026e+01
      endloop
   endfacet
   facet normal 0.000000e+00 -2.588189e-01 9.659259e-01
      outer loop
         vertex 6.000000e+00 1.746017e+01 1.439026e+01
         vertex 0.000000e+00 1.790635e+01 1.450982e+01
         vertex 0.000000e+00 1.746017e+01 1.439026e+01
      endloop
   endfacet
   facet normal 0.000000e+00 -8.715572e-02 9.961947e-01
      outer loop
         vertex 6.000000e+00 1.746017e+01 1.439026e+01
         vertex 0.000000e+00 1.746017e+01 1.439026e+01
         vertex 6.000000e+00 1.700000e+01 1.435000e+01
      endloop
   endfacet
   facet normal 0.000000e+00 -8.715572e-02 9.961947e-01
      outer loop
         vertex 6.000000e+00 1.700000e+01 1.435000e+01
         vertex 0.000000e+00 1.746017e+01 1.439026e+01
         vertex 0.000000e+00 1.700000e+01 1.435000e+01
      endloop
   endfacet
   facet normal 0.000000e+00 8.715572e-02 9.961947e-01
      outer loop
         vertex 6.000000e+00 1.700000e+01 1.435000e+01
         vertex 0.000000e+00 1.700000e+01 1.435000e+01
         vertex 6.000000e+00 1.653983e+01 1.439026e+01
      endloop
   endfacet
   facet normal 0.000000e+00 8.715572e-02 9.961947e-01
      outer loop
         vertex 6.000000e+00 1.653983e+01 1.439026e+01
         vertex 0.000000e+00 1.700000e+01 1.435000e+01
         vertex 0.000000e+00 1.653983e+01 1.439026e+01
      endloop
   endfacet
   facet normal 0.000000e+00 2.588189e-01 9.659259e-01
      outer loop
         vertex 6.000000e+00 1.653983e+01 1.439026e+01
         vertex 0.000000e+00 1.653983e+01 1.439026e+01
         vertex 6.000000e+00 1.609365e+01 1.450982e+01
      endloop
   endfacet
   facet normal 0.000000e+00 2.588189e-01 9.659259e-01
      outer loop
         vertex 6.000000e+00 1.609365e+01 1.450982e+01
         vertex 0.000000e+00 1.653983e+01 1.439026e+01
         vertex 0.000000e+00 1.609365e+01 1.450982e+01
      endloop
   endfacet
   facet normal 0.000000e+00 4.226181e-01 9.063079e-01
      outer loop
         vertex 6.000000e+00 1.609365e+01 1.450982e+01
         vertex 0.000000e+00 1.609365e+01 1.450982e+01
         vertex 6.000000e+00 1.567500e+01 1.470503e+01
      endloop
   endfacet
   facet normal 0.000000e+00 4.226181e-01 9.063079e-01
      outer loop
         vertex 6.000000e+00 1.567500e+01 1.470503e+01
         vertex 0.000000e+00 1.609365e+01 1.450982e+01
         vertex 0.000000e+00 1.567500e+01 1.470503e+01
      endloop
   endfacet
   facet normal 0.000000e+00 5.735766e-01 8.191520e-01
      outer loop
         vertex 6.000000e+00 1.567500e+01 1.470503e+01
         vertex 0.000000e+00 1.567500e+01 1.470503e+01
         vertex 6.000000e+00 1.529661e+01 1.496998e+01
      endloop
   endfacet
   facet normal 0.000000e+00 5.735766e-01 8.191520e-01
      outer loop
         vertex 6.000000e+00 1.529661e+01 1.496998e+01
         vertex 0.000000e+00 1.567500e+01 1.470503e+01
         vertex 0.000000e+00 1.529661e+01 1.496998e+01
      endloop
   endfacet
   facet normal 0.000000e+00 7.071068e-01 7.071068e-01
      outer loop
         vertex 6.000000e+00 1.529661e+01 1.496998e+01
         vertex 0.000000e+00 1.529661e+01 1.496998e+01
         vertex 6.000000e+00 1.496998e+01 1.529661e+01
      endloop
   endfacet
   facet normal 0.000000e+00 7.071068e-01 7.071068e-01
      outer loop
         vertex 6.000000e+00 1.496998e+01 1.529661e+01
         vertex 0.000000e+00 1.529661e+01 1.496998e+01
         vertex 0.000000e+00 1.496998e+01 1.529661e+01
      endloop
   endfacet
   facet normal 0.000000e+00 8.191520e-01 5.735766e-01
      outer loop
         vertex 6.000000e+00 1.496998e+01 1.529661e+01
         vertex 0.000000e+00 1.496998e+01 1.529661e+01
         vertex 6.000000e+00 1.470503e+01 1.567500e+01
      endloop
   endfacet
   facet normal 0.000000e+00 8.191520e-01 5.735766e-01
      outer loop
         vertex 6.000000e+00 1.470503e+01 1.567500e+01
         vertex 0.000000e+00 1.496998e+01 1.529661e+01
         vertex 0.000000e+00 1.470503e+01 1.567500e+01
      endloop
   endfacet
   facet normal 0.000000e+00 9.063079e-01 4.226181e-01
      outer loop
         vertex 6.000000e+00 1.470503e+01 1.567500e+01
         vertex 0.000000e+00 1.470503e+01 1.567500e+01
         vertex 6.000000e+00 1.450982e+01 1.609365e+01
      endloop
   endfacet
   facet normal 0.000000e+00 9.063079e-01 4.226181e-01
      outer loop
         vertex 6.000000e+00 1.450982e+01 1.609365e+01
         vertex 0.000000e+00 1.470503e+01 1.567500e+01
         vertex 0.000000e+00 1.450982e+01 1.609365e+01
      endloop
   endfacet
   facet normal 0.000000e+00 9.659259e-01 2.588189e-01
      outer loop
         vertex 6.000000e+00 1.450982e+01 1.609365e+01
         vertex 0.000000e+00 1.450982e+01 1.609365e+01
         vertex 6.000000e+00 1.439026e+01 1.653983e+01
      endloop
   endfacet
   facet normal 0.000000e+00 9.659259e-01 2.588189e-01
      outer loop
         vertex 6.000000e+00 1.439026e+01 1.653983e+01
         vertex 0.000000e+00 1.450982e+01 1.609365e+01
         vertex 0.000000e+00 1.439026e+01 1.653983e+01
      endloop
   endfacet
   facet normal 0.000000e+00 9.961947e-01 8.715572e-02
      outer loop
         vertex 6.000000e+00 1.439026e+01 1.653983e+01
         vertex 0.000000e+00 1.439026e+01 1.653983e+01
         vertex 6.000000e+00 1.435000e+01 1.700000e+01
      endloop
   endfacet
   facet normal 0.000000e+00 9.961947e-01 8.715572e-02
      outer loop
         vertex 6.000000e+00 1.435000e+01 1.700000e+01
         vertex 0.000000e+00 1.439026e+01 1.653983e+01
         vertex 0.000000e+00 1.435000e+01 1.700000e+01
      endloop
   endfacet
   facet normal 0.000000e+00 9.961947e-01 -8.715572e-02
      outer loop
         vertex 6.000000e+00 1.435000e+01 1.700000e+01
         vertex 0.000000e+00 1.435000e+01 1.700000e+01
         vertex 6.000000e+00 1.439026e+01 1.746017e+01
      endloop
   endfacet
   facet normal 0.000000e+00 9.961947e-01 -8.715572e-02
      outer loop
         vertex 6.000000e+00 1.439026e+01 1.746017e+01
         vertex 0.000000e+00 1.435000e+01 1.700000e+01
         vertex 0.000000e+00 1.439026e+01 1.746017e+01
      endloop
   endfacet
   facet normal 0.000000e+00 9.659259e-01 -2.588189e-01
      outer loop
         vertex 6.000000e+00 1.439026e+01 1.746017e+01
         vertex 0.000000e+00 1.439026e+01 1.746017e+01
         vertex 6.000000e+00 1.450982e+01 1.790635e+01
      endloop
   endfacet
   facet normal 0.000000e+00 9.659259e-01 -2.588189e-01
      outer loop
         vertex 6.000000e+00 1.450982e+01 1.790635e+01
         vertex 0.000000e+00 1.439026e+01 1.746017e+01
         vertex 0.000000e+00 1.450982e+01 1.790635e+01
      endloop
   endfacet
   facet normal 0.000000e+00 9.063079e-01 -4.226181e-01
      outer loop
         vertex 6.000000e+00 1.450982e+01 1.790635e+01
         vertex 0.000000e+00 1.450982e+01 1.790635e+01
         vertex 6.000000e+00 1.470503e+01 1.832500e+01
      endloop
   endfacet
   facet normal 0.000000e+00 9.063079e-01 -4.226181e-01
      outer loop
         vertex 6.000000e+00 1.470503e+01 1.832500e+01
         vertex 0.000000e+00 1.450982e+01 1.790635e+01
         vertex 0.000000e+00 1.470503e+01 1.832500e+01
      endloop
   endfacet
   facet normal 0.000000e+00 8.191520e-01 -5.735766e-01
      outer loop
         vertex 6.000000e+00 1.470503e+01 1.832500e+01
         vertex 0.000000e+00 1.470503e+01 1.832500e+01
         vertex 6.000000e+00 1.496998e+01 1.870339e+01
      endloop
   endfacet
   facet normal 0.000000e+00 8.191520e-01 -5.735766e-01
      outer loop
         vertex 6.000000e+00 1.496998e+01 1.870339e+01
         vertex 0.000000e+00 1.470503e+01 1.832500e+01
         vertex 0.000000e+00 1.496998e+01 1.870339e+01
      endloop
   endfacet
   facet normal 0.000000e+00 7.071068e-01 -7.071068e-01
      outer loop
         vertex 6.000000e+00 1.496998e+01 1.870339e+01
         vertex 0.000000e+00 1.496998e+01 1.870339e+01
         vertex 6.000000e+00 1.529661e+01 1.903002e+01
      endloop
   endfacet
   facet normal 0.000000e+00 7.071068e-01 -7.071068e-01
      outer loop
         vertex 6.000000e+00 1.529661e+01 1.903002e+01
         vertex 0.000000e+00 1.496998e+01 1.870339e+01
         vertex 0.000000e+00 1.529661e+01 1.903002e+01
      endloop
   endfacet
   facet normal 0.000000e+00 5.735766e-01 -8.191520e-01
      outer loop
         vertex 6.000000e+00 1.529661e+01 1.903002e+01
         vertex 0.000000e+00 1.529661e+01 1.903002e+01
         vertex 6.000000e+00 1.567500e+01 1.929497e+01
      endloop
   endfacet
   facet normal 0.000000e+00 5.735766e-01 -8.191520e-01
      outer loop
         vertex 6.000000e+00 1.567500e+01 1.929497e+01
         vertex 0.000000e+00 1.529661e+01 1.903002e+01
         vertex 0.000000e+00 1.567500e+01 1.929497e+01
      endloop
   endfacet
   facet normal 0.000000e+00 4.226181e-01 -9.063079e-01
      outer loop
         vertex 6.000000e+00 1.567500e+01 1.929497e+01
         vertex 0.000000e+00 1.567500e+01 1.929497e+01
         vertex 6.000000e+00 1.609365e+01 1.949019e+01
      endloop
   endfacet
   facet normal 0.000000e+00 4.226181e-01 -9.063079e-01
      outer loop
         vertex 6.000000e+00 1.609365e+01 1.949019e+01
         vertex 0.000000e+00 1.567500e+01 1.929497e+01
         vertex 0.000000e+00 1.609365e+01 1.949019e+01
      endloop
   endfacet
   facet normal 0.000000e+00 2.588189e-01 -9.659259e-01
      outer loop
         vertex 6.000000e+00 1.609365e+01 1.949019e+01
         vertex 0.000000e+00 1.609365e+01 1.949019e+01
         vertex 6.000000e+00 1.653983e+01 1.960974e+01
      endloop
   endfacet
   facet normal 0.000000e+00 2.588189e-01 -9.659259e-01
      outer loop
         vertex 6.000000e+00 1.653983e+01 1.960974e+01
         vertex 0.000000e+00 1.609365e+01 1.949019e+01
         vertex 0.000000e+00 1.653983e+01 1.960974e+01
      endloop
   endfacet
   facet normal 0.000000e+00 8.715572e-02 -9.961947e-01
      outer loop
         vertex 6.000000e+00 1.653983e+01 1.960974e+01
         vertex 0.000000e+00 1.653983e+01 1.960974e+01
         vertex 6.000000e+00 1.700000e+01 1.965000e+01
      endloop
   endfacet
   facet normal 0.000000e+00 8.715572e-02 -9.961947e-01
      outer loop
         vertex 6.000000e+00 1.700000e+01 1.965000e+01
         vertex 0.000000e+00 1.653983e+01 1.960974e+01
         vertex 0.000000e+00 1.700000e+01 1.965000e+01
      endloop
   endfacet
   facet normal -0.000000e+00 -8.715586e-02 -9.961947e-01
      outer loop
         vertex 4.650000e+00 8.250001e+00 1.865000e+01
         vertex 0.000000e+00 8.250001e+00 1.865000e+01
         vertex 4.650000e+00 8.536520e+00 1.862493e+01
      endloop
   endfacet
   facet normal -0.000000e+00 -8.715586e-02 -9.961947e-01
      outer loop
         vertex 4.650000e+00 8.536520e+00 1.862493e+01
         vertex 0.000000e+00 8.250001e+00 1.865000e+01
         vertex 0.000000e+00 8.536520e+00 1.862493e+01
      endloop
   endfacet
   facet normal -0.000000e+00 -2.588191e-01 -9.659258e-01
      outer loop
         vertex 4.650000e+00 8.536520e+00 1.862493e+01
         vertex 0.000000e+00 8.536520e+00 1.862493e+01
         vertex 4.650000e+00 8.814334e+00 1.855049e+01
      endloop
   endfacet
   facet normal -0.000000e+00 -2.588191e-01 -9.659258e-01
      outer loop
         vertex 4.650000e+00 8.814334e+00 1.855049e+01
         vertex 0.000000e+00 8.536520e+00 1.862493e+01
         vertex 0.000000e+00 8.814334e+00 1.855049e+01
      endloop
   endfacet
   facet normal -0.000000e+00 -4.226179e-01 -9.063080e-01
      outer loop
         vertex 4.650000e+00 8.814334e+00 1.855049e+01
         vertex 0.000000e+00 8.814334e+00 1.855049e+01
         vertex 4.650000e+00 9.075001e+00 1.842894e+01
      endloop
   endfacet
   facet normal -0.000000e+00 -4.226179e-01 -9.063080e-01
      outer loop
         vertex 4.650000e+00 9.075001e+00 1.842894e+01
         vertex 0.000000e+00 8.814334e+00 1.855049e+01
         vertex 0.000000e+00 9.075001e+00 1.842894e+01
      endloop
   endfacet
   facet normal -0.000000e+00 -5.735768e-01 -8.191518e-01
      outer loop
         vertex 4.650000e+00 9.075001e+00 1.842894e+01
         vertex 0.000000e+00 9.075001e+00 1.842894e+01
         vertex 4.650000e+00 9.310600e+00 1.826397e+01
      endloop
   endfacet
   facet normal -0.000000e+00 -5.735768e-01 -8.191518e-01
      outer loop
         vertex 4.650000e+00 9.310600e+00 1.826397e+01
         vertex 0.000000e+00 9.075001e+00 1.842894e+01
         vertex 0.000000e+00 9.310600e+00 1.826397e+01
      endloop
   endfacet
   facet normal -0.000000e+00 -7.071066e-01 -7.071070e-01
      outer loop
         vertex 4.650000e+00 9.310600e+00 1.826397e+01
         vertex 0.000000e+00 9.310600e+00 1.826397e+01
         vertex 4.650000e+00 9.513974e+00 1.806060e+01
      endloop
   endfacet
   facet normal -0.000000e+00 -7.071066e-01 -7.071070e-01
      outer loop
         vertex 4.650000e+00 9.513974e+00 1.806060e+01
         vertex 0.000000e+00 9.310600e+00 1.826397e+01
         vertex 0.000000e+00 9.513974e+00 1.806060e+01
      endloop
   endfacet
   facet normal -0.000000e+00 -8.191523e-01 -5.735760e-01
      outer loop
         vertex 4.650000e+00 9.513974e+00 1.806060e+01
         vertex 0.000000e+00 9.513974e+00 1.806060e+01
         vertex 4.650000e+00 9.678943e+00 1.782500e+01
      endloop
   endfacet
   facet normal -0.000000e+00 -8.191523e-01 -5.735760e-01
      outer loop
         vertex 4.650000e+00 9.678943e+00 1.782500e+01
         vertex 0.000000e+00 9.513974e+00 1.806060e+01
         vertex 0.000000e+00 9.678943e+00 1.782500e+01
      endloop
   endfacet
   facet normal -0.000000e+00 -9.063075e-01 -4.226188e-01
      outer loop
         vertex 4.650000e+00 9.678943e+00 1.782500e+01
         vertex 0.000000e+00 9.678943e+00 1.782500e+01
         vertex 4.650000e+00 9.800494e+00 1.756433e+01
      endloop
   endfacet
   facet normal -0.000000e+00 -9.063075e-01 -4.226188e-01
      outer loop
         vertex 4.650000e+00 9.800494e+00 1.756433e+01
         vertex 0.000000e+00 9.678943e+00 1.782500e+01
         vertex 0.000000e+00 9.800494e+00 1.756433e+01
      endloop
   endfacet
   facet normal -0.000000e+00 -9.659257e-01 -2.588196e-01
      outer loop
         vertex 4.650000e+00 9.800494e+00 1.756433e+01
         vertex 0.000000e+00 9.800494e+00 1.756433e+01
         vertex 4.650000e+00 9.874934e+00 1.728652e+01
      endloop
   endfacet
   facet normal -0.000000e+00 -9.659257e-01 -2.588196e-01
      outer loop
         vertex 4.650000e+00 9.874934e+00 1.728652e+01
         vertex 0.000000e+00 9.800494e+00 1.756433e+01
         vertex 0.000000e+00 9.874934e+00 1.728652e+01
      endloop
   endfacet
   facet normal -0.000000e+00 -9.961948e-01 -8.715507e-02
      outer loop
         vertex 4.650000e+00 9.874934e+00 1.728652e+01
         vertex 0.000000e+00 9.874934e+00 1.728652e+01
         vertex 4.650000e+00 9.900001e+00 1.700000e+01
      endloop
   endfacet
   facet normal -0.000000e+00 -9.961948e-01 -8.715507e-02
      outer loop
         vertex 4.650000e+00 9.900001e+00 1.700000e+01
         vertex 0.000000e+00 9.874934e+00 1.728652e+01
         vertex 0.000000e+00 9.900001e+00 1.700000e+01
      endloop
   endfacet
   facet normal 0.000000e+00 -9.961948e-01 8.715507e-02
      outer loop
         vertex 4.650000e+00 9.900001e+00 1.700000e+01
         vertex 0.000000e+00 9.900001e+00 1.700000e+01
         vertex 4.650000e+00 9.874934e+00 1.671348e+01
      endloop
   endfacet
   facet normal 0.000000e+00 -9.961948e-01 8.715507e-02
      outer loop
         vertex 4.650000e+00 9.874934e+00 1.671348e+01
         vertex 0.000000e+00 9.900001e+00 1.700000e+01
         vertex 0.000000e+00 9.874934e+00 1.671348e+01
      endloop
   endfacet
   facet normal 0.000000e+00 -9.659257e-01 2.588196e-01
      outer loop
         vertex 4.650000e+00 9.874934e+00 1.671348e+01
         vertex 0.000000e+00 9.874934e+00 1.671348e+01
         vertex 4.650000e+00 9.800494e+00 1.643567e+01
      endloop
   endfacet
   facet normal 0.000000e+00 -9.659257e-01 2.588196e-01
      outer loop
         vertex 4.650000e+00 9.800494e+00 1.643567e+01
         vertex 0.000000e+00 9.874934e+00 1.671348e+01
         vertex 0.000000e+00 9.800494e+00 1.643567e+01
      endloop
   endfacet
   facet normal 0.000000e+00 -9.063075e-01 4.226188e-01
      outer loop
         vertex 4.650000e+00 9.800494e+00 1.643567e+01
         vertex 0.000000e+00 9.800494e+00 1.643567e+01
         vertex 4.650000e+00 9.678943e+00 1.617500e+01
      endloop
   endfacet
   facet normal 0.000000e+00 -9.063075e-01 4.226188e-01
      outer loop
         vertex 4.650000e+00 9.678943e+00 1.617500e+01
         vertex 0.000000e+00 9.800494e+00 1.643567e+01
         vertex 0.000000e+00 9.678943e+00 1.617500e+01
      endloop
   endfacet
   facet normal 0.000000e+00 -8.191523e-01 5.735760e-01
      outer loop
         vertex 4.650000e+00 9.678943e+00 1.617500e+01
         vertex 0.000000e+00 9.678943e+00 1.617500e+01
         vertex 4.650000e+00 9.513974e+00 1.593940e+01
      endloop
   endfacet
   facet normal 0.000000e+00 -8.191523e-01 5.735760e-01
      outer loop
         vertex 4.650000e+00 9.513974e+00 1.593940e+01
         vertex 0.000000e+00 9.678943e+00 1.617500e+01
         vertex 0.000000e+00 9.513974e+00 1.593940e+01
      endloop
   endfacet
   facet normal 0.000000e+00 -7.071066e-01 7.071070e-01
      outer loop
         vertex 4.650000e+00 9.513974e+00 1.593940e+01
         vertex 0.000000e+00 9.513974e+00 1.593940e+01
         vertex 4.650000e+00 9.310600e+00 1.573603e+01
      endloop
   endfacet
   facet normal 0.000000e+00 -7.071066e-01 7.071070e-01
      outer loop
         vertex 4.650000e+00 9.310600e+00 1.573603e+01
         vertex 0.000000e+00 9.513974e+00 1.593940e+01
         vertex 0.000000e+00 9.310600e+00 1.573603e+01
      endloop
   endfacet
   facet normal 0.000000e+00 -5.735768e-01 8.191518e-01
      outer loop
         vertex 4.650000e+00 9.310600e+00 1.573603e+01
         vertex 0.000000e+00 9.310600e+00 1.573603e+01
         vertex 4.650000e+00 9.075001e+00 1.557106e+01
      endloop
   endfacet
   facet normal 0.000000e+00 -5.735768e-01 8.191518e-01
      outer loop
         vertex 4.650000e+00 9.075001e+00 1.557106e+01
         vertex 0.000000e+00 9.310600e+00 1.573603e+01
         vertex 0.000000e+00 9.075001e+00 1.557106e+01
      endloop
   endfacet
   facet normal 0.000000e+00 -4.226179e-01 9.063080e-01
      outer loop
         vertex 4.650000e+00 9.075001e+00 1.557106e+01
         vertex 0.000000e+00 9.075001e+00 1.557106e+01
         vertex 4.650000e+00 8.814334e+00 1.544951e+01
      endloop
   endfacet
   facet normal 0.000000e+00 -4.226179e-01 9.063080e-01
      outer loop
         vertex 4.650000e+00 8.814334e+00 1.544951e+01
         vertex 0.000000e+00 9.075001e+00 1.557106e+01
         vertex 0.000000e+00 8.814334e+00 1.544951e+01
      endloop
   endfacet
   facet normal 0.000000e+00 -2.588191e-01 9.659258e-01
      outer loop
         vertex 4.650000e+00 8.814334e+00 1.544951e+01
         vertex 0.000000e+00 8.814334e+00 1.544951e+01
         vertex 4.650000e+00 8.536520e+00 1.537507e+01
      endloop
   endfacet
   facet normal 0.000000e+00 -2.588191e-01 9.659258e-01
      outer loop
         vertex 4.650000e+00 8.536520e+00 1.537507e+01
         vertex 0.000000e+00 8.814334e+00 1.544951e+01
         vertex 0.000000e+00 8.536520e+00 1.537507e+01
      endloop
   endfacet
   facet normal 0.000000e+00 -8.715586e-02 9.961947e-01
      outer loop
         vertex 4.650000e+00 8.536520e+00 1.537507e+01
         vertex 0.000000e+00 8.536520e+00 1.537507e+01
         vertex 4.650000e+00 8.250001e+00 1.535000e+01
      endloop
   endfacet
   facet normal 0.000000e+00 -8.715586e-02 9.961947e-01
      outer loop
         vertex 4.650000e+00 8.250001e+00 1.535000e+01
         vertex 0.000000e+00 8.536520e+00 1.537507e+01
         vertex 0.000000e+00 8.250001e+00 1.535000e+01
      endloop
   endfacet
   facet normal 0.000000e+00 8.715586e-02 9.961947e-01
      outer loop
         vertex 4.650000e+00 8.250001e+00 1.535000e+01
         vertex 0.000000e+00 8.250001e+00 1.535000e+01
         vertex 4.650000e+00 7.963481e+00 1.537507e+01
      endloop
   endfacet
   facet normal 0.000000e+00 8.715586e-02 9.961947e-01
      outer loop
         vertex 4.650000e+00 7.963481e+00 1.537507e+01
         vertex 0.000000e+00 8.250001e+00 1.535000e+01
         vertex 0.000000e+00 7.963481e+00 1.537507e+01
      endloop
   endfacet
   facet normal 0.000000e+00 2.588191e-01 9.659258e-01
      outer loop
         vertex 4.650000e+00 7.963481e+00 1.537507e+01
         vertex 0.000000e+00 7.963481e+00 1.537507e+01
         vertex 4.650000e+00 7.685668e+00 1.544951e+01
      endloop
   endfacet
   facet normal 0.000000e+00 2.588191e-01 9.659258e-01
      outer loop
         vertex 4.650000e+00 7.685668e+00 1.544951e+01
         vertex 0.000000e+00 7.963481e+00 1.537507e+01
         vertex 0.000000e+00 7.685668e+00 1.544951e+01
      endloop
   endfacet
   facet normal 0.000000e+00 4.226179e-01 9.063080e-01
      outer loop
         vertex 4.650000e+00 7.685668e+00 1.544951e+01
         vertex 0.000000e+00 7.685668e+00 1.544951e+01
         vertex 4.650000e+00 7.425001e+00 1.557106e+01
      endloop
   endfacet
   facet normal 0.000000e+00 4.226179e-01 9.063080e-01
      outer loop
         vertex 4.650000e+00 7.425001e+00 1.557106e+01
         vertex 0.000000e+00 7.685668e+00 1.544951e+01
         vertex 0.000000e+00 7.425001e+00 1.557106e+01
      endloop
   endfacet
   facet normal 0.000000e+00 5.735768e-01 8.191518e-01
      outer loop
         vertex 4.650000e+00 7.425001e+00 1.557106e+01
         vertex 0.000000e+00 7.425001e+00 1.557106e+01
         vertex 4.650000e+00 7.189401e+00 1.573603e+01
      endloop
   endfacet
   facet normal 0.000000e+00 5.735768e-01 8.191518e-01
      outer loop
         vertex 4.650000e+00 7.189401e+00 1.573603e+01
         vertex 0.000000e+00 7.425001e+00 1.557106e+01
         vertex 0.000000e+00 7.189401e+00 1.573603e+01
      endloop
   endfacet
   facet normal 0.000000e+00 7.071066e-01 7.071070e-01
      outer loop
         vertex 4.650000e+00 7.189401e+00 1.573603e+01
         vertex 0.000000e+00 7.189401e+00 1.573603e+01
         vertex 4.650000e+00 6.986028e+00 1.593940e+01
      endloop
   endfacet
   facet normal 0.000000e+00 7.071066e-01 7.071070e-01
      outer loop
         vertex 4.650000e+00 6.986028e+00 1.593940e+01
         vertex 0.000000e+00 7.189401e+00 1.573603e+01
         vertex 0.000000e+00 6.986028e+00 1.593940e+01
      endloop
   endfacet
   facet normal 0.000000e+00 8.191516e-01 5.735771e-01
      outer loop
         vertex 4.650000e+00 6.986028e+00 1.593940e+01
         vertex 0.000000e+00 6.986028e+00 1.593940e+01
         vertex 4.650000e+00 6.821059e+00 1.617500e+01
      endloop
   endfacet
   facet normal 0.000000e+00 8.191516e-01 5.735771e-01
      outer loop
         vertex 4.650000e+00 6.821059e+00 1.617500e+01
         vertex 0.000000e+00 6.986028e+00 1.593940e+01
         vertex 0.000000e+00 6.821059e+00 1.617500e+01
      endloop
   endfacet
   facet normal 0.000000e+00 9.063082e-01 4.226175e-01
      outer loop
         vertex 4.650000e+00 6.821059e+00 1.617500e+01
         vertex 0.000000e+00 6.821059e+00 1.617500e+01
         vertex 4.650000e+00 6.699508e+00 1.643567e+01
      endloop
   endfacet
   facet normal 0.000000e+00 9.063082e-01 4.226175e-01
      outer loop
         vertex 4.650000e+00 6.699508e+00 1.643567e+01
         vertex 0.000000e+00 6.821059e+00 1.617500e+01
         vertex 0.000000e+00 6.699508e+00 1.643567e+01
      endloop
   endfacet
   facet normal 0.000000e+00 9.659261e-01 2.588181e-01
      outer loop
         vertex 4.650000e+00 6.699508e+00 1.643567e+01
         vertex 0.000000e+00 6.699508e+00 1.643567e+01
         vertex 4.650000e+00 6.625068e+00 1.671348e+01
      endloop
   endfacet
   facet normal 0.000000e+00 9.659261e-01 2.588181e-01
      outer loop
         vertex 4.650000e+00 6.625068e+00 1.671348e+01
         vertex 0.000000e+00 6.699508e+00 1.643567e+01
         vertex 0.000000e+00 6.625068e+00 1.671348e+01
      endloop
   endfacet
   facet normal 0.000000e+00 9.961946e-01 8.715668e-02
      outer loop
         vertex 4.650000e+00 6.625068e+00 1.671348e+01
         vertex 0.000000e+00 6.625068e+00 1.671348e+01
         vertex 4.650000e+00 6.600001e+00 1.700000e+01
      endloop
   endfacet
   facet normal 0.000000e+00 9.961946e-01 8.715668e-02
      outer loop
         vertex 4.650000e+00 6.600001e+00 1.700000e+01
         vertex 0.000000e+00 6.625068e+00 1.671348e+01
         vertex 0.000000e+00 6.600001e+00 1.700000e+01
      endloop
   endfacet
   facet normal 0.000000e+00 9.961946e-01 -8.715668e-02
      outer loop
         vertex 4.650000e+00 6.600001e+00 1.700000e+01
         vertex 0.000000e+00 6.600001e+00 1.700000e+01
         vertex 4.650000e+00 6.625068e+00 1.728652e+01
      endloop
   endfacet
   facet normal 0.000000e+00 9.961946e-01 -8.715668e-02
      outer loop
         vertex 4.650000e+00 6.625068e+00 1.728652e+01
         vertex 0.000000e+00 6.600001e+00 1.700000e+01
         vertex 0.000000e+00 6.625068e+00 1.728652e+01
      endloop
   endfacet
   facet normal 0.000000e+00 9.659261e-01 -2.588181e-01
      outer loop
         vertex 4.650000e+00 6.625068e+00 1.728652e+01
         vertex 0.000000e+00 6.625068e+00 1.728652e+01
         vertex 4.650000e+00 6.699508e+00 1.756433e+01
      endloop
   endfacet
   facet normal 0.000000e+00 9.659261e-01 -2.588181e-01
      outer loop
         vertex 4.650000e+00 6.699508e+00 1.756433e+01
         vertex 0.000000e+00 6.625068e+00 1.728652e+01
         vertex 0.000000e+00 6.699508e+00 1.756433e+01
      endloop
   endfacet
   facet normal 0.000000e+00 9.063082e-01 -4.226175e-01
      outer loop
         vertex 4.650000e+00 6.699508e+00 1.756433e+01
         vertex 0.000000e+00 6.699508e+00 1.756433e+01
         vertex 4.650000e+00 6.821059e+00 1.782500e+01
      endloop
   endfacet
   facet normal 0.000000e+00 9.063082e-01 -4.226175e-01
      outer loop
         vertex 4.650000e+00 6.821059e+00 1.782500e+01
         vertex 0.000000e+00 6.699508e+00 1.756433e+01
         vertex 0.000000e+00 6.821059e+00 1.782500e+01
      endloop
   endfacet
   facet normal 0.000000e+00 8.191516e-01 -5.735771e-01
      outer loop
         vertex 4.650000e+00 6.821059e+00 1.782500e+01
         vertex 0.000000e+00 6.821059e+00 1.782500e+01
         vertex 4.650000e+00 6.986028e+00 1.806060e+01
      endloop
   endfacet
   facet normal 0.000000e+00 8.191516e-01 -5.735771e-01
      outer loop
         vertex 4.650000e+00 6.986028e+00 1.806060e+01
         vertex 0.000000e+00 6.821059e+00 1.782500e+01
         vertex 0.000000e+00 6.986028e+00 1.806060e+01
      endloop
   endfacet
   facet normal 0.000000e+00 7.071066e-01 -7.071070e-01
      outer loop
         vertex 4.650000e+00 6.986028e+00 1.806060e+01
         vertex 0.000000e+00 6.986028e+00 1.806060e+01
         vertex 4.650000e+00 7.189401e+00 1.826397e+01
      endloop
   endfacet
   facet normal 0.000000e+00 7.071066e-01 -7.071070e-01
      outer loop
         vertex 4.650000e+00 7.189401e+00 1.826397e+01
         vertex 0.000000e+00 6.986028e+00 1.806060e+01
         vertex 0.000000e+00 7.189401e+00 1.826397e+01
      endloop
   endfacet
   facet normal 0.000000e+00 5.735768e-01 -8.191518e-01
      outer loop
         vertex 4.650000e+00 7.189401e+00 1.826397e+01
         vertex 0.000000e+00 7.189401e+00 1.826397e+01
         vertex 4.650000e+00 7.425001e+00 1.842894e+01
      endloop
   endfacet
   facet normal 0.000000e+00 5.735768e-01 -8.191518e-01
      outer loop
         vertex 4.650000e+00 7.425001e+00 1.842894e+01
         vertex 0.000000e+00 7.189401e+00 1.826397e+01
         vertex 0.000000e+00 7.425001e+00 1.842894e+01
      endloop
   endfacet
   facet normal 0.000000e+00 4.226179e-01 -9.063080e-01
      outer loop
         vertex 4.650000e+00 7.425001e+00 1.842894e+01
         vertex 0.000000e+00 7.425001e+00 1.842894e+01
         vertex 4.650000e+00 7.685668e+00 1.855049e+01
      endloop
   endfacet
   facet normal 0.000000e+00 4.226179e-01 -9.063080e-01
      outer loop
         vertex 4.650000e+00 7.685668e+00 1.855049e+01
         vertex 0.000000e+00 7.425001e+00 1.842894e+01
         vertex 0.000000e+00 7.685668e+00 1.855049e+01
      endloop
   endfacet
   facet normal 0.000000e+00 2.588191e-01 -9.659258e-01
      outer loop
         vertex 4.650000e+00 7.685668e+00 1.855049e+01
         vertex 0.000000e+00 7.685668e+00 1.855049e+01
         vertex 4.650000e+00 7.963481e+00 1.862493e+01
      endloop
   endfacet
   facet normal 0.000000e+00 2.588191e-01 -9.659258e-01
      outer loop
         vertex 4.650000e+00 7.963481e+00 1.862493e+01
         vertex 0.000000e+00 7.685668e+00 1.855049e+01
         vertex 0.000000e+00 7.963481e+00 1.862493e+01
      endloop
   endfacet
   facet normal 0.000000e+00 8.715586e-02 -9.961947e-01
      outer loop
         vertex 4.650000e+00 7.963481e+00 1.862493e+01
         vertex 0.000000e+00 7.963481e+00 1.862493e+01
         vertex 4.650000e+00 8.250001e+00 1.865000e+01
      endloop
   endfacet
   facet normal 0.000000e+00 8.715586e-02 -9.961947e-01
      outer loop
         vertex 4.650000e+00 8.250001e+00 1.865000e+01
         vertex 0.000000e+00 7.963481e+00 1.862493e+01
         vertex 0.000000e+00 8.250001e+00 1.865000e+01
      endloop
   endfacet
   facet normal -0.000000e+00 -8.715345e-02 -9.961949e-01
      outer loop
         vertex 4.650000e+00 2.137500e+01 2.622772e+01
         vertex 0.000000e+00 2.137500e+01 2.622772e+01
         vertex 4.650000e+00 2.166152e+01 2.620266e+01
      endloop
   endfacet
   facet normal -0.000000e+00 -8.715345e-02 -9.961949e-01
      outer loop
         vertex 4.650000e+00 2.166152e+01 2.620266e+01
         vertex 0.000000e+00 2.137500e+01 2.622772e+01
         vertex 0.000000e+00 2.166152e+01 2.620266e+01
      endloop
   endfacet
   facet normal -0.000000e+00 -2.588213e-01 -9.659252e-01
      outer loop
         vertex 4.650000e+00 2.166152e+01 2.620266e+01
         vertex 0.000000e+00 2.166152e+01 2.620266e+01
         vertex 4.650000e+00 2.193933e+01 2.612822e+01
      endloop
   endfacet
   facet normal -0.000000e+00 -2.588213e-01 -9.659252e-01
      outer loop
         vertex 4.650000e+00 2.193933e+01 2.612822e+01
         vertex 0.000000e+00 2.166152e+01 2.620266e+01
         vertex 0.000000e+00 2.193933e+01 2.612822e+01
      endloop
   endfacet
   facet normal -0.000000e+00 -4.226172e-01 -9.063083e-01
      outer loop
         vertex 4.650000e+00 2.193933e+01 2.612822e+01
         vertex 0.000000e+00 2.193933e+01 2.612822e+01
         vertex 4.650000e+00 2.220000e+01 2.600667e+01
      endloop
   endfacet
   facet normal -0.000000e+00 -4.226172e-01 -9.063083e-01
      outer loop
         vertex 4.650000e+00 2.220000e+01 2.600667e+01
         vertex 0.000000e+00 2.193933e+01 2.612822e+01
         vertex 0.000000e+00 2.220000e+01 2.600667e+01
      endloop
   endfacet
   facet normal -0.000000e+00 -5.735773e-01 -8.191514e-01
      outer loop
         vertex 4.650000e+00 2.220000e+01 2.600667e+01
         vertex 0.000000e+00 2.220000e+01 2.600667e+01
         vertex 4.650000e+00 2.243560e+01 2.584170e+01
      endloop
   endfacet
   facet normal -0.000000e+00 -5.735773e-01 -8.191514e-01
      outer loop
         vertex 4.650000e+00 2.243560e+01 2.584170e+01
         vertex 0.000000e+00 2.220000e+01 2.600667e+01
         vertex 0.000000e+00 2.243560e+01 2.584170e+01
      endloop
   endfacet
   facet normal -0.000000e+00 -7.071068e-01 -7.071068e-01
      outer loop
         vertex 4.650000e+00 2.243560e+01 2.584170e+01
         vertex 0.000000e+00 2.243560e+01 2.584170e+01
         vertex 4.650000e+00 2.263897e+01 2.563832e+01
      endloop
   endfacet
   facet normal -0.000000e+00 -7.071068e-01 -7.071068e-01
      outer loop
         vertex 4.650000e+00 2.263897e+01 2.563832e+01
         vertex 0.000000e+00 2.243560e+01 2.584170e+01
         vertex 0.000000e+00 2.263897e+01 2.563832e+01
      endloop
   endfacet
   facet normal -0.000000e+00 -8.191522e-01 -5.735762e-01
      outer loop
         vertex 4.650000e+00 2.263897e+01 2.563832e+01
         vertex 0.000000e+00 2.263897e+01 2.563832e+01
         vertex 4.650000e+00 2.280394e+01 2.540272e+01
      endloop
   endfacet
   facet normal -0.000000e+00 -8.191522e-01 -5.735762e-01
      outer loop
         vertex 4.650000e+00 2.280394e+01 2.540272e+01
         vertex 0.000000e+00 2.263897e+01 2.563832e+01
         vertex 0.000000e+00 2.280394e+01 2.540272e+01
      endloop
   endfacet
   facet normal -0.000000e+00 -9.063071e-01 -4.226198e-01
      outer loop
         vertex 4.650000e+00 2.280394e+01 2.540272e+01
         vertex 0.000000e+00 2.280394e+01 2.540272e+01
         vertex 4.650000e+00 2.292549e+01 2.514206e+01
      endloop
   endfacet
   facet normal -0.000000e+00 -9.063071e-01 -4.226198e-01
      outer loop
         vertex 4.650000e+00 2.292549e+01 2.514206e+01
         vertex 0.000000e+00 2.280394e+01 2.540272e+01
         vertex 0.000000e+00 2.292549e+01 2.514206e+01
      endloop
   endfacet
   facet normal -0.000000e+00 -9.659258e-01 -2.588190e-01
      outer loop
         vertex 4.650000e+00 2.292549e+01 2.514206e+01
         vertex 0.000000e+00 2.292549e+01 2.514206e+01
         vertex 4.650000e+00 2.299993e+01 2.486424e+01
      endloop
   endfacet
   facet normal -0.000000e+00 -9.659258e-01 -2.588190e-01
      outer loop
         vertex 4.650000e+00 2.299993e+01 2.486424e+01
         vertex 0.000000e+00 2.292549e+01 2.514206e+01
         vertex 0.000000e+00 2.299993e+01 2.486424e+01
      endloop
   endfacet
   facet normal -0.000000e+00 -9.961947e-01 -8.715520e-02
      outer loop
         vertex 4.650000e+00 2.299993e+01 2.486424e+01
         vertex 0.000000e+00 2.299993e+01 2.486424e+01
         vertex 4.650000e+00 2.302500e+01 2.457772e+01
      endloop
   endfacet
   facet normal -0.000000e+00 -9.961947e-01 -8.715520e-02
      outer loop
         vertex 4.650000e+00 2.302500e+01 2.457772e+01
         vertex 0.000000e+00 2.299993e+01 2.486424e+01
         vertex 0.000000e+00 2.302500e+01 2.457772e+01
      endloop
   endfacet
   facet normal 0.000000e+00 -9.961948e-01 8.715506e-02
      outer loop
         vertex 4.650000e+00 2.302500e+01 2.457772e+01
         vertex 0.000000e+00 2.302500e+01 2.457772e+01
         vertex 4.650000e+00 2.299993e+01 2.429120e+01
      endloop
   endfacet
   facet normal 0.000000e+00 -9.961948e-01 8.715506e-02
      outer loop
         vertex 4.650000e+00 2.299993e+01 2.429120e+01
         vertex 0.000000e+00 2.302500e+01 2.457772e+01
         vertex 0.000000e+00 2.299993e+01 2.429120e+01
      endloop
   endfacet
   facet normal 0.000000e+00 -9.659257e-01 2.588194e-01
      outer loop
         vertex 4.650000e+00 2.299993e+01 2.429120e+01
         vertex 0.000000e+00 2.299993e+01 2.429120e+01
         vertex 4.650000e+00 2.292549e+01 2.401339e+01
      endloop
   endfacet
   facet normal 0.000000e+00 -9.659257e-01 2.588194e-01
      outer loop
         vertex 4.650000e+00 2.292549e+01 2.401339e+01
         vertex 0.000000e+00 2.299993e+01 2.429120e+01
         vertex 0.000000e+00 2.292549e+01 2.401339e+01
      endloop
   endfacet
   facet normal 0.000000e+00 -9.063074e-01 4.226192e-01
      outer loop
         vertex 4.650000e+00 2.292549e+01 2.401339e+01
         vertex 0.000000e+00 2.292549e+01 2.401339e+01
         vertex 4.650000e+00 2.280394e+01 2.375272e+01
      endloop
   endfacet
   facet normal 0.000000e+00 -9.063074e-01 4.226192e-01
      outer loop
         vertex 4.650000e+00 2.280394e+01 2.375272e+01
         vertex 0.000000e+00 2.292549e+01 2.401339e+01
         vertex 0.000000e+00 2.280394e+01 2.375272e+01
      endloop
   endfacet
   facet normal 0.000000e+00 -8.191527e-01 5.735755e-01
      outer loop
         vertex 4.650000e+00 2.280394e+01 2.375272e+01
         vertex 0.000000e+00 2.280394e+01 2.375272e+01
         vertex 4.650000e+00 2.263897e+01 2.351712e+01
      endloop
   endfacet
   facet normal 0.000000e+00 -8.191527e-01 5.735755e-01
      outer loop
         vertex 4.650000e+00 2.263897e+01 2.351712e+01
         vertex 0.000000e+00 2.280394e+01 2.375272e+01
         vertex 0.000000e+00 2.263897e+01 2.351712e+01
      endloop
   endfacet
   facet normal 0.000000e+00 -7.071060e-01 7.071076e-01
      outer loop
         vertex 4.650000e+00 2.263897e+01 2.351712e+01
         vertex 0.000000e+00 2.263897e+01 2.351712e+01
         vertex 4.650000e+00 2.243560e+01 2.331375e+01
      endloop
   endfacet
   facet normal 0.000000e+00 -7.071060e-01 7.071076e-01
      outer loop
         vertex 4.650000e+00 2.243560e+01 2.331375e+01
         vertex 0.000000e+00 2.263897e+01 2.351712e+01
         vertex 0.000000e+00 2.243560e+01 2.331375e+01
      endloop
   endfacet
   facet normal 0.000000e+00 -5.735773e-01 8.191514e-01
      outer loop
         vertex 4.650000e+00 2.243560e+01 2.331375e+01
         vertex 0.000000e+00 2.243560e+01 2.331375e+01
         vertex 4.650000e+00 2.220000e+01 2.314878e+01
      endloop
   endfacet
   facet normal 0.000000e+00 -5.735773e-01 8.191514e-01
      outer loop
         vertex 4.650000e+00 2.220000e+01 2.314878e+01
         vertex 0.000000e+00 2.243560e+01 2.331375e+01
         vertex 0.000000e+00 2.220000e+01 2.314878e+01
      endloop
   endfacet
   facet normal 0.000000e+00 -4.226172e-01 9.063083e-01
      outer loop
         vertex 4.650000e+00 2.220000e+01 2.314878e+01
         vertex 0.000000e+00 2.220000e+01 2.314878e+01
         vertex 4.650000e+00 2.193933e+01 2.302723e+01
      endloop
   endfacet
   facet normal 0.000000e+00 -4.226172e-01 9.063083e-01
      outer loop
         vertex 4.650000e+00 2.193933e+01 2.302723e+01
         vertex 0.000000e+00 2.220000e+01 2.314878e+01
         vertex 0.000000e+00 2.193933e+01 2.302723e+01
      endloop
   endfacet
   facet normal 0.000000e+00 -2.588198e-01 9.659256e-01
      outer loop
         vertex 4.650000e+00 2.193933e+01 2.302723e+01
         vertex 0.000000e+00 2.193933e+01 2.302723e+01
         vertex 4.650000e+00 2.166152e+01 2.295279e+01
      endloop
   endfacet
   facet normal 0.000000e+00 -2.588198e-01 9.659256e-01
      outer loop
         vertex 4.650000e+00 2.166152e+01 2.295279e+01
         vertex 0.000000e+00 2.193933e+01 2.302723e+01
         vertex 0.000000e+00 2.166152e+01 2.295279e+01
      endloop
   endfacet
   facet normal 0.000000e+00 -8.715506e-02 9.961948e-01
      outer loop
         vertex 4.650000e+00 2.166152e+01 2.295279e+01
         vertex 0.000000e+00 2.166152e+01 2.295279e+01
         vertex 4.650000e+00 2.137500e+01 2.292772e+01
      endloop
   endfacet
   facet normal 0.000000e+00 -8.715506e-02 9.961948e-01
      outer loop
         vertex 4.650000e+00 2.137500e+01 2.292772e+01
         vertex 0.000000e+00 2.166152e+01 2.295279e+01
         vertex 0.000000e+00 2.137500e+01 2.292772e+01
      endloop
   endfacet
   facet normal 0.000000e+00 8.715506e-02 9.961948e-01
      outer loop
         vertex 4.650000e+00 2.137500e+01 2.292772e+01
         vertex 0.000000e+00 2.137500e+01 2.292772e+01
         vertex 4.650000e+00 2.108848e+01 2.295279e+01
      endloop
   endfacet
   facet normal 0.000000e+00 8.715506e-02 9.961948e-01
      outer loop
         vertex 4.650000e+00 2.108848e+01 2.295279e+01
         vertex 0.000000e+00 2.137500e+01 2.292772e+01
         vertex 0.000000e+00 2.108848e+01 2.295279e+01
      endloop
   endfacet
   facet normal 0.000000e+00 2.588196e-01 9.659257e-01
      outer loop
         vertex 4.650000e+00 2.108848e+01 2.295279e+01
         vertex 0.000000e+00 2.108848e+01 2.295279e+01
         vertex 4.650000e+00 2.081067e+01 2.302723e+01
      endloop
   endfacet
   facet normal 0.000000e+00 2.588196e-01 9.659257e-01
      outer loop
         vertex 4.650000e+00 2.081067e+01 2.302723e+01
         vertex 0.000000e+00 2.108848e+01 2.295279e+01
         vertex 0.000000e+00 2.081067e+01 2.302723e+01
      endloop
   endfacet
   facet normal 0.000000e+00 4.226176e-01 9.063081e-01
      outer loop
         vertex 4.650000e+00 2.081067e+01 2.302723e+01
         vertex 0.000000e+00 2.081067e+01 2.302723e+01
         vertex 4.650000e+00 2.055000e+01 2.314878e+01
      endloop
   endfacet
   facet normal 0.000000e+00 4.226176e-01 9.063081e-01
      outer loop
         vertex 4.650000e+00 2.055000e+01 2.314878e+01
         vertex 0.000000e+00 2.081067e+01 2.302723e+01
         vertex 0.000000e+00 2.055000e+01 2.314878e+01
      endloop
   endfacet
   facet normal 0.000000e+00 5.735773e-01 8.191514e-01
      outer loop
         vertex 4.650000e+00 2.055000e+01 2.314878e+01
         vertex 0.000000e+00 2.055000e+01 2.314878e+01
         vertex 4.650000e+00 2.031440e+01 2.331375e+01
      endloop
   endfacet
   facet normal 0.000000e+00 5.735773e-01 8.191514e-01
      outer loop
         vertex 4.650000e+00 2.031440e+01 2.331375e+01
         vertex 0.000000e+00 2.055000e+01 2.314878e+01
         vertex 0.000000e+00 2.031440e+01 2.331375e+01
      endloop
   endfacet
   facet normal 0.000000e+00 7.071060e-01 7.071076e-01
      outer loop
         vertex 4.650000e+00 2.031440e+01 2.331375e+01
         vertex 0.000000e+00 2.031440e+01 2.331375e+01
         vertex 4.650000e+00 2.011103e+01 2.351712e+01
      endloop
   endfacet
   facet normal 0.000000e+00 7.071060e-01 7.071076e-01
      outer loop
         vertex 4.650000e+00 2.011103e+01 2.351712e+01
         vertex 0.000000e+00 2.031440e+01 2.331375e+01
         vertex 0.000000e+00 2.011103e+01 2.351712e+01
      endloop
   endfacet
   facet normal 0.000000e+00 8.191524e-01 5.735760e-01
      outer loop
         vertex 4.650000e+00 2.011103e+01 2.351712e+01
         vertex 0.000000e+00 2.011103e+01 2.351712e+01
         vertex 4.650000e+00 1.994606e+01 2.375272e+01
      endloop
   endfacet
   facet normal 0.000000e+00 8.191524e-01 5.735760e-01
      outer loop
         vertex 4.650000e+00 1.994606e+01 2.375272e+01
         vertex 0.000000e+00 2.011103e+01 2.351712e+01
         vertex 0.000000e+00 1.994606e+01 2.375272e+01
      endloop
   endfacet
   facet normal 0.000000e+00 9.063077e-01 4.226185e-01
      outer loop
         vertex 4.650000e+00 1.994606e+01 2.375272e+01
         vertex 0.000000e+00 1.994606e+01 2.375272e+01
         vertex 4.650000e+00 1.982451e+01 2.401339e+01
      endloop
   endfacet
   facet normal 0.000000e+00 9.063077e-01 4.226185e-01
      outer loop
         vertex 4.650000e+00 1.982451e+01 2.401339e+01
         vertex 0.000000e+00 1.994606e+01 2.375272e+01
         vertex 0.000000e+00 1.982451e+01 2.401339e+01
      endloop
   endfacet
   facet normal 0.000000e+00 9.659259e-01 2.588187e-01
      outer loop
         vertex 4.650000e+00 1.982451e+01 2.401339e+01
         vertex 0.000000e+00 1.982451e+01 2.401339e+01
         vertex 4.650000e+00 1.975007e+01 2.429120e+01
      endloop
   endfacet
   facet normal 0.000000e+00 9.659259e-01 2.588187e-01
      outer loop
         vertex 4.650000e+00 1.975007e+01 2.429120e+01
         vertex 0.000000e+00 1.982451e+01 2.401339e+01
         vertex 0.000000e+00 1.975007e+01 2.429120e+01
      endloop
   endfacet
   facet normal 0.000000e+00 9.961947e-01 8.715586e-02
      outer loop
         vertex 4.650000e+00 1.975007e+01 2.429120e+01
         vertex 0.000000e+00 1.975007e+01 2.429120e+01
         vertex 4.650000e+00 1.972500e+01 2.457772e+01
      endloop
   endfacet
   facet normal 0.000000e+00 9.961947e-01 8.715586e-02
      outer loop
         vertex 4.650000e+00 1.972500e+01 2.457772e+01
         vertex 0.000000e+00 1.975007e+01 2.429120e+01
         vertex 0.000000e+00 1.972500e+01 2.457772e+01
      endloop
   endfacet
   facet normal 0.000000e+00 9.961947e-01 -8.715600e-02
      outer loop
         vertex 4.650000e+00 1.972500e+01 2.457772e+01
         vertex 0.000000e+00 1.972500e+01 2.457772e+01
         vertex 4.650000e+00 1.975007e+01 2.486424e+01
      endloop
   endfacet
   facet normal 0.000000e+00 9.961947e-01 -8.715600e-02
      outer loop
         vertex 4.650000e+00 1.975007e+01 2.486424e+01
         vertex 0.000000e+00 1.972500e+01 2.457772e+01
         vertex 0.000000e+00 1.975007e+01 2.486424e+01
      endloop
   endfacet
   facet normal 0.000000e+00 9.659260e-01 -2.588183e-01
      outer loop
         vertex 4.650000e+00 1.975007e+01 2.486424e+01
         vertex 0.000000e+00 1.975007e+01 2.486424e+01
         vertex 4.650000e+00 1.982451e+01 2.514206e+01
      endloop
   endfacet
   facet normal 0.000000e+00 9.659260e-01 -2.588183e-01
      outer loop
         vertex 4.650000e+00 1.982451e+01 2.514206e+01
         vertex 0.000000e+00 1.975007e+01 2.486424e+01
         vertex 0.000000e+00 1.982451e+01 2.514206e+01
      endloop
   endfacet
   facet normal 0.000000e+00 9.063074e-01 -4.226191e-01
      outer loop
         vertex 4.650000e+00 1.982451e+01 2.514206e+01
         vertex 0.000000e+00 1.982451e+01 2.514206e+01
         vertex 4.650000e+00 1.994606e+01 2.540272e+01
      endloop
   endfacet
   facet normal 0.000000e+00 9.063074e-01 -4.226191e-01
      outer loop
         vertex 4.650000e+00 1.994606e+01 2.540272e+01
         vertex 0.000000e+00 1.982451e+01 2.514206e+01
         vertex 0.000000e+00 1.994606e+01 2.540272e+01
      endloop
   endfacet
   facet normal 0.000000e+00 8.191518e-01 -5.735768e-01
      outer loop
         vertex 4.650000e+00 1.994606e+01 2.540272e+01
         vertex 0.000000e+00 1.994606e+01 2.540272e+01
         vertex 4.650000e+00 2.011103e+01 2.563832e+01
      endloop
   endfacet
   facet normal 0.000000e+00 8.191518e-01 -5.735768e-01
      outer loop
         vertex 4.650000e+00 2.011103e+01 2.563832e+01
         vertex 0.000000e+00 1.994606e+01 2.540272e+01
         vertex 0.000000e+00 2.011103e+01 2.563832e+01
      endloop
   endfacet
   facet normal 0.000000e+00 7.071068e-01 -7.071068e-01
      outer loop
         vertex 4.650000e+00 2.011103e+01 2.563832e+01
         vertex 0.000000e+00 2.011103e+01 2.563832e+01
         vertex 4.650000e+00 2.031440e+01 2.584170e+01
      endloop
   endfacet
   facet normal 0.000000e+00 7.071068e-01 -7.071068e-01
      outer loop
         vertex 4.650000e+00 2.031440e+01 2.584170e+01
         vertex 0.000000e+00 2.011103e+01 2.563832e+01
         vertex 0.000000e+00 2.031440e+01 2.584170e+01
      endloop
   endfacet
   facet normal 0.000000e+00 5.735773e-01 -8.191514e-01
      outer loop
         vertex 4.650000e+00 2.031440e+01 2.584170e+01
         vertex 0.000000e+00 2.031440e+01 2.584170e+01
         vertex 4.650000e+00 2.055000e+01 2.600667e+01
      endloop
   endfacet
   facet normal 0.000000e+00 5.735773e-01 -8.191514e-01
      outer loop
         vertex 4.650000e+00 2.055000e+01 2.600667e+01
         vertex 0.000000e+00 2.031440e+01 2.584170e+01
         vertex 0.000000e+00 2.055000e+01 2.600667e+01
      endloop
   endfacet
   facet normal 0.000000e+00 4.226176e-01 -9.063081e-01
      outer loop
         vertex 4.650000e+00 2.055000e+01 2.600667e+01
         vertex 0.000000e+00 2.055000e+01 2.600667e+01
         vertex 4.650000e+00 2.081067e+01 2.612822e+01
      endloop
   endfacet
   facet normal 0.000000e+00 4.226176e-01 -9.063081e-01
      outer loop
         vertex 4.650000e+00 2.081067e+01 2.612822e+01
         vertex 0.000000e+00 2.055000e+01 2.600667e+01
         vertex 0.000000e+00 2.081067e+01 2.612822e+01
      endloop
   endfacet
   facet normal 0.000000e+00 2.588211e-01 -9.659253e-01
      outer loop
         vertex 4.650000e+00 2.081067e+01 2.612822e+01
         vertex 0.000000e+00 2.081067e+01 2.612822e+01
         vertex 4.650000e+00 2.108848e+01 2.620266e+01
      endloop
   endfacet
   facet normal 0.000000e+00 2.588211e-01 -9.659253e-01
      outer loop
         vertex 4.650000e+00 2.108848e+01 2.620266e+01
         vertex 0.000000e+00 2.081067e+01 2.612822e+01
         vertex 0.000000e+00 2.108848e+01 2.620266e+01
      endloop
   endfacet
   facet normal 0.000000e+00 8.715345e-02 -9.961949e-01
      outer loop
         vertex 4.650000e+00 2.108848e+01 2.620266e+01
         vertex 0.000000e+00 2.108848e+01 2.620266e+01
         vertex 4.650000e+00 2.137500e+01 2.622772e+01
      endloop
   endfacet
   facet normal 0.000000e+00 8.715345e-02 -9.961949e-01
      outer loop
         vertex 4.650000e+00 2.137500e+01 2.622772e+01
         vertex 0.000000e+00 2.108848e+01 2.620266e+01
         vertex 0.000000e+00 2.137500e+01 2.622772e+01
      endloop
   endfacet
   facet normal -0.000000e+00 -8.715506e-02 -9.961948e-01
      outer loop
         vertex 4.650000e+00 2.137500e+01 1.107228e+01
         vertex 0.000000e+00 2.137500e+01 1.107228e+01
         vertex 4.650000e+00 2.166152e+01 1.104721e+01
      endloop
   endfacet
   facet normal -0.000000e+00 -8.715506e-02 -9.961948e-01
      outer loop
         vertex 4.650000e+00 2.166152e+01 1.104721e+01
         vertex 0.000000e+00 2.137500e+01 1.107228e+01
         vertex 0.000000e+00 2.166152e+01 1.104721e+01
      endloop
   endfacet
   facet normal -0.000000e+00 -2.588198e-01 -9.659256e-01
      outer loop
         vertex 4.650000e+00 2.166152e+01 1.104721e+01
         vertex 0.000000e+00 2.166152e+01 1.104721e+01
         vertex 4.650000e+00 2.193933e+01 1.097277e+01
      endloop
   endfacet
   facet normal -0.000000e+00 -2.588198e-01 -9.659256e-01
      outer loop
         vertex 4.650000e+00 2.193933e+01 1.097277e+01
         vertex 0.000000e+00 2.166152e+01 1.104721e+01
         vertex 0.000000e+00 2.193933e+01 1.097277e+01
      endloop
   endfacet
   facet normal -0.000000e+00 -4.226172e-01 -9.063083e-01
      outer loop
         vertex 4.650000e+00 2.193933e+01 1.097277e+01
         vertex 0.000000e+00 2.193933e+01 1.097277e+01
         vertex 4.650000e+00 2.220000e+01 1.085122e+01
      endloop
   endfacet
   facet normal -0.000000e+00 -4.226172e-01 -9.063083e-01
      outer loop
         vertex 4.650000e+00 2.220000e+01 1.085122e+01
         vertex 0.000000e+00 2.193933e+01 1.097277e+01
         vertex 0.000000e+00 2.220000e+01 1.085122e+01
      endloop
   endfacet
   facet normal -0.000000e+00 -5.735773e-01 -8.191514e-01
      outer loop
         vertex 4.650000e+00 2.220000e+01 1.085122e+01
         vertex 0.000000e+00 2.220000e+01 1.085122e+01
         vertex 4.650000e+00 2.243560e+01 1.068625e+01
      endloop
   endfacet
   facet normal -0.000000e+00 -5.735773e-01 -8.191514e-01
      outer loop
         vertex 4.650000e+00 2.243560e+01 1.068625e+01
         vertex 0.000000e+00 2.220000e+01 1.085122e+01
         vertex 0.000000e+00 2.243560e+01 1.068625e+01
      endloop
   endfacet
   facet normal -0.000000e+00 -7.071060e-01 -7.071076e-01
      outer loop
         vertex 4.650000e+00 2.243560e+01 1.068625e+01
         vertex 0.000000e+00 2.243560e+01 1.068625e+01
         vertex 4.650000e+00 2.263897e+01 1.048288e+01
      endloop
   endfacet
   facet normal -0.000000e+00 -7.071060e-01 -7.071076e-01
      outer loop
         vertex 4.650000e+00 2.263897e+01 1.048288e+01
         vertex 0.000000e+00 2.243560e+01 1.068625e+01
         vertex 0.000000e+00 2.263897e+01 1.048288e+01
      endloop
   endfacet
   facet normal -0.000000e+00 -8.191527e-01 -5.735755e-01
      outer loop
         vertex 4.650000e+00 2.263897e+01 1.048288e+01
         vertex 0.000000e+00 2.263897e+01 1.048288e+01
         vertex 4.650000e+00 2.280394e+01 1.024728e+01
      endloop
   endfacet
   facet normal -0.000000e+00 -8.191527e-01 -5.735755e-01
      outer loop
         vertex 4.650000e+00 2.280394e+01 1.024728e+01
         vertex 0.000000e+00 2.263897e+01 1.048288e+01
         vertex 0.000000e+00 2.280394e+01 1.024728e+01
      endloop
   endfacet
   facet normal -0.000000e+00 -9.063074e-01 -4.226192e-01
      outer loop
         vertex 4.650000e+00 2.280394e+01 1.024728e+01
         vertex 0.000000e+00 2.280394e+01 1.024728e+01
         vertex 4.650000e+00 2.292549e+01 9.986612e+00
      endloop
   endfacet
   facet normal -0.000000e+00 -9.063074e-01 -4.226192e-01
      outer loop
         vertex 4.650000e+00 2.292549e+01 9.986612e+00
         vertex 0.000000e+00 2.280394e+01 1.024728e+01
         vertex 0.000000e+00 2.292549e+01 9.986612e+00
      endloop
   endfacet
   facet normal -0.000000e+00 -9.659257e-01 -2.588194e-01
      outer loop
         vertex 4.650000e+00 2.292549e+01 9.986612e+00
         vertex 0.000000e+00 2.292549e+01 9.986612e+00
         vertex 4.650000e+00 2.299993e+01 9.708798e+00
      endloop
   endfacet
   facet normal -0.000000e+00 -9.659257e-01 -2.588194e-01
      outer loop
         vertex 4.650000e+00 2.299993e+01 9.708798e+00
         vertex 0.000000e+00 2.292549e+01 9.986612e+00
         vertex 0.000000e+00 2.299993e+01 9.708798e+00
      endloop
   endfacet
   facet normal -0.000000e+00 -9.961948e-01 -8.715506e-02
      outer loop
         vertex 4.650000e+00 2.299993e+01 9.708798e+00
         vertex 0.000000e+00 2.299993e+01 9.708798e+00
         vertex 4.650000e+00 2.302500e+01 9.422278e+00
      endloop
   endfacet
   facet normal -0.000000e+00 -9.961948e-01 -8.715506e-02
      outer loop
         vertex 4.650000e+00 2.302500e+01 9.422278e+00
         vertex 0.000000e+00 2.299993e+01 9.708798e+00
         vertex 0.000000e+00 2.302500e+01 9.422278e+00
      endloop
   endfacet
   facet normal 0.000000e+00 -9.961947e-01 8.715520e-02
      outer loop
         vertex 4.650000e+00 2.302500e+01 9.422278e+00
         vertex 0.000000e+00 2.302500e+01 9.422278e+00
         vertex 4.650000e+00 2.299993e+01 9.135759e+00
      endloop
   endfacet
   facet normal 0.000000e+00 -9.961947e-01 8.715520e-02
      outer loop
         vertex 4.650000e+00 2.299993e+01 9.135759e+00
         vertex 0.000000e+00 2.302500e+01 9.422278e+00
         vertex 0.000000e+00 2.299993e+01 9.135759e+00
      endloop
   endfacet
   facet normal 0.000000e+00 -9.659258e-01 2.588190e-01
      outer loop
         vertex 4.650000e+00 2.299993e+01 9.135759e+00
         vertex 0.000000e+00 2.299993e+01 9.135759e+00
         vertex 4.650000e+00 2.292549e+01 8.857945e+00
      endloop
   endfacet
   facet normal 0.000000e+00 -9.659258e-01 2.588190e-01
      outer loop
         vertex 4.650000e+00 2.292549e+01 8.857945e+00
         vertex 0.000000e+00 2.299993e+01 9.135759e+00
         vertex 0.000000e+00 2.292549e+01 8.857945e+00
      endloop
   endfacet
   facet normal 0.000000e+00 -9.063071e-01 4.226198e-01
      outer loop
         vertex 4.650000e+00 2.292549e+01 8.857945e+00
         vertex 0.000000e+00 2.292549e+01 8.857945e+00
         vertex 4.650000e+00 2.280394e+01 8.597279e+00
      endloop
   endfacet
   facet normal 0.000000e+00 -9.063071e-01 4.226198e-01
      outer loop
         vertex 4.650000e+00 2.280394e+01 8.597279e+00
         vertex 0.000000e+00 2.292549e+01 8.857945e+00
         vertex 0.000000e+00 2.280394e+01 8.597279e+00
      endloop
   endfacet
   facet normal 0.000000e+00 -8.191522e-01 5.735762e-01
      outer loop
         vertex 4.650000e+00 2.280394e+01 8.597279e+00
         vertex 0.000000e+00 2.280394e+01 8.597279e+00
         vertex 4.650000e+00 2.263897e+01 8.361680e+00
      endloop
   endfacet
   facet normal 0.000000e+00 -8.191522e-01 5.735762e-01
      outer loop
         vertex 4.650000e+00 2.263897e+01 8.361680e+00
         vertex 0.000000e+00 2.280394e+01 8.597279e+00
         vertex 0.000000e+00 2.263897e+01 8.361680e+00
      endloop
   endfacet
   facet normal 0.000000e+00 -7.071068e-01 7.071068e-01
      outer loop
         vertex 4.650000e+00 2.263897e+01 8.361680e+00
         vertex 0.000000e+00 2.263897e+01 8.361680e+00
         vertex 4.650000e+00 2.243560e+01 8.158306e+00
      endloop
   endfacet
   facet normal 0.000000e+00 -7.071068e-01 7.071068e-01
      outer loop
         vertex 4.650000e+00 2.243560e+01 8.158306e+00
         vertex 0.000000e+00 2.263897e+01 8.361680e+00
         vertex 0.000000e+00 2.243560e+01 8.158306e+00
      endloop
   endfacet
   facet normal 0.000000e+00 -5.735773e-01 8.191514e-01
      outer loop
         vertex 4.650000e+00 2.243560e+01 8.158306e+00
         vertex 0.000000e+00 2.243560e+01 8.158306e+00
         vertex 4.650000e+00 2.220000e+01 7.993337e+00
      endloop
   endfacet
   facet normal 0.000000e+00 -5.735773e-01 8.191514e-01
      outer loop
         vertex 4.650000e+00 2.220000e+01 7.993337e+00
         vertex 0.000000e+00 2.243560e+01 8.158306e+00
         vertex 0.000000e+00 2.220000e+01 7.993337e+00
      endloop
   endfacet
   facet normal 0.000000e+00 -4.226172e-01 9.063083e-01
      outer loop
         vertex 4.650000e+00 2.220000e+01 7.993337e+00
         vertex 0.000000e+00 2.220000e+01 7.993337e+00
         vertex 4.650000e+00 2.193933e+01 7.871786e+00
      endloop
   endfacet
   facet normal 0.000000e+00 -4.226172e-01 9.063083e-01
      outer loop
         vertex 4.650000e+00 2.193933e+01 7.871786e+00
         vertex 0.000000e+00 2.220000e+01 7.993337e+00
         vertex 0.000000e+00 2.193933e+01 7.871786e+00
      endloop
   endfacet
   facet normal 0.000000e+00 -2.588213e-01 9.659252e-01
      outer loop
         vertex 4.650000e+00 2.193933e+01 7.871786e+00
         vertex 0.000000e+00 2.193933e+01 7.871786e+00
         vertex 4.650000e+00 2.166152e+01 7.797346e+00
      endloop
   endfacet
   facet normal 0.000000e+00 -2.588213e-01 9.659252e-01
      outer loop
         vertex 4.650000e+00 2.166152e+01 7.797346e+00
         vertex 0.000000e+00 2.193933e+01 7.871786e+00
         vertex 0.000000e+00 2.166152e+01 7.797346e+00
      endloop
   endfacet
   facet normal 0.000000e+00 -8.715345e-02 9.961949e-01
      outer loop
         vertex 4.650000e+00 2.166152e+01 7.797346e+00
         vertex 0.000000e+00 2.166152e+01 7.797346e+00
         vertex 4.650000e+00 2.137500e+01 7.772279e+00
      endloop
   endfacet
   facet normal 0.000000e+00 -8.715345e-02 9.961949e-01
      outer loop
         vertex 4.650000e+00 2.137500e+01 7.772279e+00
         vertex 0.000000e+00 2.166152e+01 7.797346e+00
         vertex 0.000000e+00 2.137500e+01 7.772279e+00
      endloop
   endfacet
   facet normal 0.000000e+00 8.715345e-02 9.961949e-01
      outer loop
         vertex 4.650000e+00 2.137500e+01 7.772279e+00
         vertex 0.000000e+00 2.137500e+01 7.772279e+00
         vertex 4.650000e+00 2.108848e+01 7.797346e+00
      endloop
   endfacet
   facet normal 0.000000e+00 8.715345e-02 9.961949e-01
      outer loop
         vertex 4.650000e+00 2.108848e+01 7.797346e+00
         vertex 0.000000e+00 2.137500e+01 7.772279e+00
         vertex 0.000000e+00 2.108848e+01 7.797346e+00
      endloop
   endfacet
   facet normal 0.000000e+00 2.588211e-01 9.659253e-01
      outer loop
         vertex 4.650000e+00 2.108848e+01 7.797346e+00
         vertex 0.000000e+00 2.108848e+01 7.797346e+00
         vertex 4.650000e+00 2.081067e+01 7.871786e+00
      endloop
   endfacet
   facet normal 0.000000e+00 2.588211e-01 9.659253e-01
      outer loop
         vertex 4.650000e+00 2.081067e+01 7.871786e+00
         vertex 0.000000e+00 2.108848e+01 7.797346e+00
         vertex 0.000000e+00 2.081067e+01 7.871786e+00
      endloop
   endfacet
   facet normal 0.000000e+00 4.226176e-01 9.063081e-01
      outer loop
         vertex 4.650000e+00 2.081067e+01 7.871786e+00
         vertex 0.000000e+00 2.081067e+01 7.871786e+00
         vertex 4.650000e+00 2.055000e+01 7.993337e+00
      endloop
   endfacet
   facet normal 0.000000e+00 4.226176e-01 9.063081e-01
      outer loop
         vertex 4.650000e+00 2.055000e+01 7.993337e+00
         vertex 0.000000e+00 2.081067e+01 7.871786e+00
         vertex 0.000000e+00 2.055000e+01 7.993337e+00
      endloop
   endfacet
   facet normal 0.000000e+00 5.735773e-01 8.191514e-01
      outer loop
         vertex 4.650000e+00 2.055000e+01 7.993337e+00
         vertex 0.000000e+00 2.055000e+01 7.993337e+00
         vertex 4.650000e+00 2.031440e+01 8.158306e+00
      endloop
   endfacet
   facet normal 0.000000e+00 5.735773e-01 8.191514e-01
      outer loop
         vertex 4.650000e+00 2.031440e+01 8.158306e+00
         vertex 0.000000e+00 2.055000e+01 7.993337e+00
         vertex 0.000000e+00 2.031440e+01 8.158306e+00
      endloop
   endfacet
   facet normal 0.000000e+00 7.071068e-01 7.071068e-01
      outer loop
         vertex 4.650000e+00 2.031440e+01 8.158306e+00
         vertex 0.000000e+00 2.031440e+01 8.158306e+00
         vertex 4.650000e+00 2.011103e+01 8.361680e+00
      endloop
   endfacet
   facet normal 0.000000e+00 7.071068e-01 7.071068e-01
      outer loop
         vertex 4.650000e+00 2.011103e+01 8.361680e+00
         vertex 0.000000e+00 2.031440e+01 8.158306e+00
         vertex 0.000000e+00 2.011103e+01 8.361680e+00
      endloop
   endfacet
   facet normal 0.000000e+00 8.191518e-01 5.735768e-01
      outer loop
         vertex 4.650000e+00 2.011103e+01 8.361680e+00
         vertex 0.000000e+00 2.011103e+01 8.361680e+00
         vertex 4.650000e+00 1.994606e+01 8.597279e+00
      endloop
   endfacet
   facet normal 0.000000e+00 8.191518e-01 5.735768e-01
      outer loop
         vertex 4.650000e+00 1.994606e+01 8.597279e+00
         vertex 0.000000e+00 2.011103e+01 8.361680e+00
         vertex 0.000000e+00 1.994606e+01 8.597279e+00
      endloop
   endfacet
   facet normal 0.000000e+00 9.063074e-01 4.226191e-01
      outer loop
         vertex 4.650000e+00 1.994606e+01 8.597279e+00
         vertex 0.000000e+00 1.994606e+01 8.597279e+00
         vertex 4.650000e+00 1.982451e+01 8.857945e+00
      endloop
   endfacet
   facet normal 0.000000e+00 9.063074e-01 4.226191e-01
      outer loop
         vertex 4.650000e+00 1.982451e+01 8.857945e+00
         vertex 0.000000e+00 1.994606e+01 8.597279e+00
         vertex 0.000000e+00 1.982451e+01 8.857945e+00
      endloop
   endfacet
   facet normal 0.000000e+00 9.659260e-01 2.588183e-01
      outer loop
         vertex 4.650000e+00 1.982451e+01 8.857945e+00
         vertex 0.000000e+00 1.982451e+01 8.857945e+00
         vertex 4.650000e+00 1.975007e+01 9.135759e+00
      endloop
   endfacet
   facet normal 0.000000e+00 9.659260e-01 2.588183e-01
      outer loop
         vertex 4.650000e+00 1.975007e+01 9.135759e+00
         vertex 0.000000e+00 1.982451e+01 8.857945e+00
         vertex 0.000000e+00 1.975007e+01 9.135759e+00
      endloop
   endfacet
   facet normal 0.000000e+00 9.961947e-01 8.715600e-02
      outer loop
         vertex 4.650000e+00 1.975007e+01 9.135759e+00
         vertex 0.000000e+00 1.975007e+01 9.135759e+00
         vertex 4.650000e+00 1.972500e+01 9.422278e+00
      endloop
   endfacet
   facet normal 0.000000e+00 9.961947e-01 8.715600e-02
      outer loop
         vertex 4.650000e+00 1.972500e+01 9.422278e+00
         vertex 0.000000e+00 1.975007e+01 9.135759e+00
         vertex 0.000000e+00 1.972500e+01 9.422278e+00
      endloop
   endfacet
   facet normal 0.000000e+00 9.961947e-01 -8.715586e-02
      outer loop
         vertex 4.650000e+00 1.972500e+01 9.422278e+00
         vertex 0.000000e+00 1.972500e+01 9.422278e+00
         vertex 4.650000e+00 1.975007e+01 9.708798e+00
      endloop
   endfacet
   facet normal 0.000000e+00 9.961947e-01 -8.715586e-02
      outer loop
         vertex 4.650000e+00 1.975007e+01 9.708798e+00
         vertex 0.000000e+00 1.972500e+01 9.422278e+00
         vertex 0.000000e+00 1.975007e+01 9.708798e+00
      endloop
   endfacet
   facet normal 0.000000e+00 9.659259e-01 -2.588187e-01
      outer loop
         vertex 4.650000e+00 1.975007e+01 9.708798e+00
         vertex 0.000000e+00 1.975007e+01 9.708798e+00
         vertex 4.650000e+00 1.982451e+01 9.986612e+00
      endloop
   endfacet
   facet normal 0.000000e+00 9.659259e-01 -2.588187e-01
      outer loop
         vertex 4.650000e+00 1.982451e+01 9.986612e+00
         vertex 0.000000e+00 1.975007e+01 9.708798e+00
         vertex 0.000000e+00 1.982451e+01 9.986612e+00
      endloop
   endfacet
   facet normal 0.000000e+00 9.063077e-01 -4.226185e-01
      outer loop
         vertex 4.650000e+00 1.982451e+01 9.986612e+00
         vertex 0.000000e+00 1.982451e+01 9.986612e+00
         vertex 4.650000e+00 1.994606e+01 1.024728e+01
      endloop
   endfacet
   facet normal 0.000000e+00 9.063077e-01 -4.226185e-01
      outer loop
         vertex 4.650000e+00 1.994606e+01 1.024728e+01
         vertex 0.000000e+00 1.982451e+01 9.986612e+00
         vertex 0.000000e+00 1.994606e+01 1.024728e+01
      endloop
   endfacet
   facet normal 0.000000e+00 8.191524e-01 -5.735760e-01
      outer loop
         vertex 4.650000e+00 1.994606e+01 1.024728e+01
         vertex 0.000000e+00 1.994606e+01 1.024728e+01
         vertex 4.650000e+00 2.011103e+01 1.048288e+01
      endloop
   endfacet
   facet normal 0.000000e+00 8.191524e-01 -5.735760e-01
      outer loop
         vertex 4.650000e+00 2.011103e+01 1.048288e+01
         vertex 0.000000e+00 1.994606e+01 1.024728e+01
         vertex 0.000000e+00 2.011103e+01 1.048288e+01
      endloop
   endfacet
   facet normal 0.000000e+00 7.071060e-01 -7.071076e-01
      outer loop
         vertex 4.650000e+00 2.011103e+01 1.048288e+01
         vertex 0.000000e+00 2.011103e+01 1.048288e+01
         vertex 4.650000e+00 2.031440e+01 1.068625e+01
      endloop
   endfacet
   facet normal 0.000000e+00 7.071060e-01 -7.071076e-01
      outer loop
         vertex 4.650000e+00 2.031440e+01 1.068625e+01
         vertex 0.000000e+00 2.011103e+01 1.048288e+01
         vertex 0.000000e+00 2.031440e+01 1.068625e+01
      endloop
   endfacet
   facet normal 0.000000e+00 5.735773e-01 -8.191514e-01
      outer loop
         vertex 4.650000e+00 2.031440e+01 1.068625e+01
         vertex 0.000000e+00 2.031440e+01 1.068625e+01
         vertex 4.650000e+00 2.055000e+01 1.085122e+01
      endloop
   endfacet
   facet normal 0.000000e+00 5.735773e-01 -8.191514e-01
      outer loop
         vertex 4.650000e+00 2.055000e+01 1.085122e+01
         vertex 0.000000e+00 2.031440e+01 1.068625e+01
         vertex 0.000000e+00 2.055000e+01 1.085122e+01
      endloop
   endfacet
   facet normal 0.000000e+00 4.226176e-01 -9.063081e-01
      outer loop
         vertex 4.650000e+00 2.055000e+01 1.085122e+01
         vertex 0.000000e+00 2.055000e+01 1.085122e+01
         vertex 4.650000e+00 2.081067e+01 1.097277e+01
      endloop
   endfacet
   facet normal 0.000000e+00 4.226176e-01 -9.063081e-01
      outer loop
         vertex 4.650000e+00 2.081067e+01 1.097277e+01
         vertex 0.000000e+00 2.055000e+01 1.085122e+01
         vertex 0.000000e+00 2.081067e+01 1.097277e+01
      endloop
   endfacet
   facet normal 0.000000e+00 2.588196e-01 -9.659257e-01
      outer loop
         vertex 4.650000e+00 2.081067e+01 1.097277e+01
         vertex 0.000000e+00 2.081067e+01 1.097277e+01
         vertex 4.650000e+00 2.108848e+01 1.104721e+01
      endloop
   endfacet
   facet normal 0.000000e+00 2.588196e-01 -9.659257e-01
      outer loop
         vertex 4.650000e+00 2.108848e+01 1.104721e+01
         vertex 0.000000e+00 2.081067e+01 1.097277e+01
         vertex 0.000000e+00 2.108848e+01 1.104721e+01
      endloop
   endfacet
   facet normal 0.000000e+00 8.715506e-02 -9.961948e-01
      outer loop
         vertex 4.650000e+00 2.108848e+01 1.104721e+01
         vertex 0.000000e+00 2.108848e+01 1.104721e+01
         vertex 4.650000e+00 2.137500e+01 1.107228e+01
      endloop
   endfacet
   facet normal 0.000000e+00 8.715506e-02 -9.961948e-01
      outer loop
         vertex 4.650000e+00 2.137500e+01 1.107228e+01
         vertex 0.000000e+00 2.108848e+01 1.104721e+01
         vertex 0.000000e+00 2.137500e+01 1.107228e+01
      endloop
   endfacet
   facet normal -0.000000e+00 -8.715539e-02 -9.961947e-01
      outer loop
         vertex 6.000000e+00 1.770000e+02 2.365000e+01
         vertex 0.000000e+00 1.770000e+02 2.365000e+01
         vertex 6.000000e+00 1.781548e+02 2.354897e+01
      endloop
   endfacet
   facet normal -0.000000e+00 -8.715539e-02 -9.961947e-01
      outer loop
         vertex 6.000000e+00 1.781548e+02 2.354897e+01
         vertex 0.000000e+00 1.770000e+02 2.365000e+01
         vertex 0.000000e+00 1.781548e+02 2.354897e+01
      endloop
   endfacet
   facet normal -0.000000e+00 -2.588189e-01 -9.659259e-01
      outer loop
         vertex 6.000000e+00 1.781548e+02 2.354897e+01
         vertex 0.000000e+00 1.781548e+02 2.354897e+01
         vertex 6.000000e+00 1.792744e+02 2.324896e+01
      endloop
   endfacet
   facet normal -0.000000e+00 -2.588189e-01 -9.659259e-01
      outer loop
         vertex 6.000000e+00 1.792744e+02 2.324896e+01
         vertex 0.000000e+00 1.781548e+02 2.354897e+01
         vertex 0.000000e+00 1.792744e+02 2.324896e+01
      endloop
   endfacet
   facet normal -0.000000e+00 -4.226199e-01 -9.063070e-01
      outer loop
         vertex 6.000000e+00 1.792744e+02 2.324896e+01
         vertex 0.000000e+00 1.792744e+02 2.324896e+01
         vertex 6.000000e+00 1.803250e+02 2.275907e+01
      endloop
   endfacet
   facet normal -0.000000e+00 -4.226199e-01 -9.063070e-01
      outer loop
         vertex 6.000000e+00 1.803250e+02 2.275907e+01
         vertex 0.000000e+00 1.792744e+02 2.324896e+01
         vertex 0.000000e+00 1.803250e+02 2.275907e+01
      endloop
   endfacet
   facet normal -0.000000e+00 -5.735726e-01 -8.191548e-01
      outer loop
         vertex 6.000000e+00 1.803250e+02 2.275907e+01
         vertex 0.000000e+00 1.803250e+02 2.275907e+01
         vertex 6.000000e+00 1.812745e+02 2.209420e+01
      endloop
   endfacet
   facet normal -0.000000e+00 -5.735726e-01 -8.191548e-01
      outer loop
         vertex 6.000000e+00 1.812745e+02 2.209420e+01
         vertex 0.000000e+00 1.803250e+02 2.275907e+01
         vertex 0.000000e+00 1.812745e+02 2.209420e+01
      endloop
   endfacet
   facet normal -0.000000e+00 -7.071088e-01 -7.071048e-01
      outer loop
         vertex 6.000000e+00 1.812745e+02 2.209420e+01
         vertex 0.000000e+00 1.812745e+02 2.209420e+01
         vertex 6.000000e+00 1.820942e+02 2.127454e+01
      endloop
   endfacet
   facet normal -0.000000e+00 -7.071088e-01 -7.071048e-01
      outer loop
         vertex 6.000000e+00 1.820942e+02 2.127454e+01
         vertex 0.000000e+00 1.812745e+02 2.209420e+01
         vertex 0.000000e+00 1.820942e+02 2.127454e+01
      endloop
   endfacet
   facet normal -0.000000e+00 -8.191515e-01 -5.735772e-01
      outer loop
         vertex 6.000000e+00 1.820942e+02 2.127454e+01
         vertex 0.000000e+00 1.820942e+02 2.127454e+01
         vertex 6.000000e+00 1.827591e+02 2.032500e+01
      endloop
   endfacet
   facet normal -0.000000e+00 -8.191515e-01 -5.735772e-01
      outer loop
         vertex 6.000000e+00 1.827591e+02 2.032500e+01
         vertex 0.000000e+00 1.820942e+02 2.127454e+01
         vertex 0.000000e+00 1.827591e+02 2.032500e+01
      endloop
   endfacet
   facet normal -0.000000e+00 -9.063066e-01 -4.226208e-01
      outer loop
         vertex 6.000000e+00 1.827591e+02 2.032500e+01
         vertex 0.000000e+00 1.827591e+02 2.032500e+01
         vertex 6.000000e+00 1.832490e+02 1.927443e+01
      endloop
   endfacet
   facet normal -0.000000e+00 -9.063066e-01 -4.226208e-01
      outer loop
         vertex 6.000000e+00 1.832490e+02 1.927443e+01
         vertex 0.000000e+00 1.827591e+02 2.032500e+01
         vertex 0.000000e+00 1.832490e+02 1.927443e+01
      endloop
   endfacet
   facet normal -0.000000e+00 -9.659281e-01 -2.588106e-01
      outer loop
         vertex 6.000000e+00 1.832490e+02 1.927443e+01
         vertex 0.000000e+00 1.832490e+02 1.927443e+01
         vertex 6.000000e+00 1.835490e+02 1.815476e+01
      endloop
   endfacet
   facet normal -0.000000e+00 -9.659281e-01 -2.588106e-01
      outer loop
         vertex 6.000000e+00 1.835490e+02 1.815476e+01
         vertex 0.000000e+00 1.832490e+02 1.927443e+01
         vertex 0.000000e+00 1.835490e+02 1.815476e+01
      endloop
   endfacet
   facet normal -0.000000e+00 -9.961946e-01 -8.715697e-02
      outer loop
         vertex 6.000000e+00 1.835490e+02 1.815476e+01
         vertex 0.000000e+00 1.835490e+02 1.815476e+01
         vertex 6.000000e+00 1.836500e+02 1.700000e+01
      endloop
   endfacet
   facet normal -0.000000e+00 -9.961946e-01 -8.715697e-02
      outer loop
         vertex 6.000000e+00 1.836500e+02 1.700000e+01
         vertex 0.000000e+00 1.835490e+02 1.815476e+01
         vertex 0.000000e+00 1.836500e+02 1.700000e+01
      endloop
   endfacet
   facet normal 0.000000e+00 -9.961946e-01 8.715697e-02
      outer loop
         vertex 6.000000e+00 1.836500e+02 1.700000e+01
         vertex 0.000000e+00 1.836500e+02 1.700000e+01
         vertex 6.000000e+00 1.835490e+02 1.584524e+01
      endloop
   endfacet
   facet normal 0.000000e+00 -9.961946e-01 8.715697e-02
      outer loop
         vertex 6.000000e+00 1.835490e+02 1.584524e+01
         vertex 0.000000e+00 1.836500e+02 1.700000e+01
         vertex 0.000000e+00 1.835490e+02 1.584524e+01
      endloop
   endfacet
   facet normal 0.000000e+00 -9.659281e-01 2.588106e-01
      outer loop
         vertex 6.000000e+00 1.835490e+02 1.584524e+01
         vertex 0.000000e+00 1.835490e+02 1.584524e+01
         vertex 6.000000e+00 1.832490e+02 1.472557e+01
      endloop
   endfacet
   facet normal 0.000000e+00 -9.659281e-01 2.588106e-01
      outer loop
         vertex 6.000000e+00 1.832490e+02 1.472557e+01
         vertex 0.000000e+00 1.835490e+02 1.584524e+01
         vertex 0.000000e+00 1.832490e+02 1.472557e+01
      endloop
   endfacet
   facet normal 0.000000e+00 -9.063066e-01 4.226208e-01
      outer loop
         vertex 6.000000e+00 1.832490e+02 1.472557e+01
         vertex 0.000000e+00 1.832490e+02 1.472557e+01
         vertex 6.000000e+00 1.827591e+02 1.367500e+01
      endloop
   endfacet
   facet normal 0.000000e+00 -9.063066e-01 4.226208e-01
      outer loop
         vertex 6.000000e+00 1.827591e+02 1.367500e+01
         vertex 0.000000e+00 1.832490e+02 1.472557e+01
         vertex 0.000000e+00 1.827591e+02 1.367500e+01
      endloop
   endfacet
   facet normal 0.000000e+00 -8.191515e-01 5.735772e-01
      outer loop
         vertex 6.000000e+00 1.827591e+02 1.367500e+01
         vertex 0.000000e+00 1.827591e+02 1.367500e+01
         vertex 6.000000e+00 1.820942e+02 1.272546e+01
      endloop
   endfacet
   facet normal 0.000000e+00 -8.191515e-01 5.735772e-01
      outer loop
         vertex 6.000000e+00 1.820942e+02 1.272546e+01
         vertex 0.000000e+00 1.827591e+02 1.367500e+01
         vertex 0.000000e+00 1.820942e+02 1.272546e+01
      endloop
   endfacet
   facet normal 0.000000e+00 -7.071088e-01 7.071048e-01
      outer loop
         vertex 6.000000e+00 1.820942e+02 1.272546e+01
         vertex 0.000000e+00 1.820942e+02 1.272546e+01
         vertex 6.000000e+00 1.812745e+02 1.190581e+01
      endloop
   endfacet
   facet normal 0.000000e+00 -7.071088e-01 7.071048e-01
      outer loop
         vertex 6.000000e+00 1.812745e+02 1.190581e+01
         vertex 0.000000e+00 1.820942e+02 1.272546e+01
         vertex 0.000000e+00 1.812745e+02 1.190581e+01
      endloop
   endfacet
   facet normal 0.000000e+00 -5.735726e-01 8.191548e-01
      outer loop
         vertex 6.000000e+00 1.812745e+02 1.190581e+01
         vertex 0.000000e+00 1.812745e+02 1.190581e+01
         vertex 6.000000e+00 1.803250e+02 1.124093e+01
      endloop
   endfacet
   facet normal 0.000000e+00 -5.735726e-01 8.191548e-01
      outer loop
         vertex 6.000000e+00 1.803250e+02 1.124093e+01
         vertex 0.000000e+00 1.812745e+02 1.190581e+01
         vertex 0.000000e+00 1.803250e+02 1.124093e+01
      endloop
   endfacet
   facet normal 0.000000e+00 -4.226199e-01 9.063070e-01
      outer loop
         vertex 6.000000e+00 1.803250e+02 1.124093e+01
         vertex 0.000000e+00 1.803250e+02 1.124093e+01
         vertex 6.000000e+00 1.792744e+02 1.075104e+01
      endloop
   endfacet
   facet normal 0.000000e+00 -4.226199e-01 9.063070e-01
      outer loop
         vertex 6.000000e+00 1.792744e+02 1.075104e+01
         vertex 0.000000e+00 1.803250e+02 1.124093e+01
         vertex 0.000000e+00 1.792744e+02 1.075104e+01
      endloop
   endfacet
   facet normal 0.000000e+00 -2.588189e-01 9.659259e-01
      outer loop
         vertex 6.000000e+00 1.792744e+02 1.075104e+01
         vertex 0.000000e+00 1.792744e+02 1.075104e+01
         vertex 6.000000e+00 1.781548e+02 1.045103e+01
      endloop
   endfacet
   facet normal 0.000000e+00 -2.588189e-01 9.659259e-01
      outer loop
         vertex 6.000000e+00 1.781548e+02 1.045103e+01
         vertex 0.000000e+00 1.792744e+02 1.075104e+01
         vertex 0.000000e+00 1.781548e+02 1.045103e+01
      endloop
   endfacet
   facet normal 0.000000e+00 -8.715539e-02 9.961947e-01
      outer loop
         vertex 6.000000e+00 1.781548e+02 1.045103e+01
         vertex 0.000000e+00 1.781548e+02 1.045103e+01
         vertex 6.000000e+00 1.770000e+02 1.035000e+01
      endloop
   endfacet
   facet normal 0.000000e+00 -8.715539e-02 9.961947e-01
      outer loop
         vertex 6.000000e+00 1.770000e+02 1.035000e+01
         vertex 0.000000e+00 1.781548e+02 1.045103e+01
         vertex 0.000000e+00 1.770000e+02 1.035000e+01
      endloop
   endfacet
   facet normal 0.000000e+00 8.715651e-02 9.961946e-01
      outer loop
         vertex 6.000000e+00 1.770000e+02 1.035000e+01
         vertex 0.000000e+00 1.770000e+02 1.035000e+01
         vertex 6.000000e+00 1.758452e+02 1.045103e+01
      endloop
   endfacet
   facet normal 0.000000e+00 8.715651e-02 9.961946e-01
      outer loop
         vertex 6.000000e+00 1.758452e+02 1.045103e+01
         vertex 0.000000e+00 1.770000e+02 1.035000e+01
         vertex 0.000000e+00 1.758452e+02 1.045103e+01
      endloop
   endfacet
   facet normal 0.000000e+00 2.588189e-01 9.659259e-01
      outer loop
         vertex 6.000000e+00 1.758452e+02 1.045103e+01
         vertex 0.000000e+00 1.758452e+02 1.045103e+01
         vertex 6.000000e+00 1.747256e+02 1.075104e+01
      endloop
   endfacet
   facet normal 0.000000e+00 2.588189e-01 9.659259e-01
      outer loop
         vertex 6.000000e+00 1.747256e+02 1.075104e+01
         vertex 0.000000e+00 1.758452e+02 1.045103e+01
         vertex 0.000000e+00 1.747256e+02 1.075104e+01
      endloop
   endfacet
   facet normal 0.000000e+00 4.226150e-01 9.063093e-01
      outer loop
         vertex 6.000000e+00 1.747256e+02 1.075104e+01
         vertex 0.000000e+00 1.747256e+02 1.075104e+01
         vertex 6.000000e+00 1.736750e+02 1.124093e+01
      endloop
   endfacet
   facet normal 0.000000e+00 4.226150e-01 9.063093e-01
      outer loop
         vertex 6.000000e+00 1.736750e+02 1.124093e+01
         vertex 0.000000e+00 1.747256e+02 1.075104e+01
         vertex 0.000000e+00 1.736750e+02 1.124093e+01
      endloop
   endfacet
   facet normal 0.000000e+00 5.735786e-01 8.191505e-01
      outer loop
         vertex 6.000000e+00 1.736750e+02 1.124093e+01
         vertex 0.000000e+00 1.736750e+02 1.124093e+01
         vertex 6.000000e+00 1.727255e+02 1.190581e+01
      endloop
   endfacet
   facet normal 0.000000e+00 5.735786e-01 8.191505e-01
      outer loop
         vertex 6.000000e+00 1.727255e+02 1.190581e+01
         vertex 0.000000e+00 1.736750e+02 1.124093e+01
         vertex 0.000000e+00 1.727255e+02 1.190581e+01
      endloop
   endfacet
   facet normal 0.000000e+00 7.071088e-01 7.071048e-01
      outer loop
         vertex 6.000000e+00 1.727255e+02 1.190581e+01
         vertex 0.000000e+00 1.727255e+02 1.190581e+01
         vertex 6.000000e+00 1.719058e+02 1.272546e+01
      endloop
   endfacet
   facet normal 0.000000e+00 7.071088e-01 7.071048e-01
      outer loop
         vertex 6.000000e+00 1.719058e+02 1.272546e+01
         vertex 0.000000e+00 1.727255e+02 1.190581e+01
         vertex 0.000000e+00 1.719058e+02 1.272546e+01
      endloop
   endfacet
   facet normal 0.000000e+00 8.191515e-01 5.735772e-01
      outer loop
         vertex 6.000000e+00 1.719058e+02 1.272546e+01
         vertex 0.000000e+00 1.719058e+02 1.272546e+01
         vertex 6.000000e+00 1.712409e+02 1.367500e+01
      endloop
   endfacet
   facet normal 0.000000e+00 8.191515e-01 5.735772e-01
      outer loop
         vertex 6.000000e+00 1.712409e+02 1.367500e+01
         vertex 0.000000e+00 1.719058e+02 1.272546e+01
         vertex 0.000000e+00 1.712409e+02 1.367500e+01
      endloop
   endfacet
   facet normal 0.000000e+00 9.063066e-01 4.226208e-01
      outer loop
         vertex 6.000000e+00 1.712409e+02 1.367500e+01
         vertex 0.000000e+00 1.712409e+02 1.367500e+01
         vertex 6.000000e+00 1.707510e+02 1.472557e+01
      endloop
   endfacet
   facet normal 0.000000e+00 9.063066e-01 4.226208e-01
      outer loop
         vertex 6.000000e+00 1.707510e+02 1.472557e+01
         vertex 0.000000e+00 1.712409e+02 1.367500e+01
         vertex 0.000000e+00 1.707510e+02 1.472557e+01
      endloop
   endfacet
   facet normal 0.000000e+00 9.659249e-01 2.588226e-01
      outer loop
         vertex 6.000000e+00 1.707510e+02 1.472557e+01
         vertex 0.000000e+00 1.707510e+02 1.472557e+01
         vertex 6.000000e+00 1.704510e+02 1.584524e+01
      endloop
   endfacet
   facet normal 0.000000e+00 9.659249e-01 2.588226e-01
      outer loop
         vertex 6.000000e+00 1.704510e+02 1.584524e+01
         vertex 0.000000e+00 1.707510e+02 1.472557e+01
         vertex 0.000000e+00 1.704510e+02 1.584524e+01
      endloop
   endfacet
   facet normal 0.000000e+00 9.961946e-01 8.715697e-02
      outer loop
         vertex 6.000000e+00 1.704510e+02 1.584524e+01
         vertex 0.000000e+00 1.704510e+02 1.584524e+01
         vertex 6.000000e+00 1.703500e+02 1.700000e+01
      endloop
   endfacet
   facet normal 0.000000e+00 9.961946e-01 8.715697e-02
      outer loop
         vertex 6.000000e+00 1.703500e+02 1.700000e+01
         vertex 0.000000e+00 1.704510e+02 1.584524e+01
         vertex 0.000000e+00 1.703500e+02 1.700000e+01
      endloop
   endfacet
   facet normal 0.000000e+00 9.961946e-01 -8.715697e-02
      outer loop
         vertex 6.000000e+00 1.703500e+02 1.700000e+01
         vertex 0.000000e+00 1.703500e+02 1.700000e+01
         vertex 6.000000e+00 1.704510e+02 1.815476e+01
      endloop
   endfacet
   facet normal 0.000000e+00 9.961946e-01 -8.715697e-02
      outer loop
         vertex 6.000000e+00 1.704510e+02 1.815476e+01
         vertex 0.000000e+00 1.703500e+02 1.700000e+01
         vertex 0.000000e+00 1.704510e+02 1.815476e+01
      endloop
   endfacet
   facet normal 0.000000e+00 9.659249e-01 -2.588226e-01
      outer loop
         vertex 6.000000e+00 1.704510e+02 1.815476e+01
         vertex 0.000000e+00 1.704510e+02 1.815476e+01
         vertex 6.000000e+00 1.707510e+02 1.927443e+01
      endloop
   endfacet
   facet normal 0.000000e+00 9.659249e-01 -2.588226e-01
      outer loop
         vertex 6.000000e+00 1.707510e+02 1.927443e+01
         vertex 0.000000e+00 1.704510e+02 1.815476e+01
         vertex 0.000000e+00 1.707510e+02 1.927443e+01
      endloop
   endfacet
   facet normal 0.000000e+00 9.063066e-01 -4.226208e-01
      outer loop
         vertex 6.000000e+00 1.707510e+02 1.927443e+01
         vertex 0.000000e+00 1.707510e+02 1.927443e+01
         vertex 6.000000e+00 1.712409e+02 2.032500e+01
      endloop
   endfacet
   facet normal 0.000000e+00 9.063066e-01 -4.226208e-01
      outer loop
         vertex 6.000000e+00 1.712409e+02 2.032500e+01
         vertex 0.000000e+00 1.707510e+02 1.927443e+01
         vertex 0.000000e+00 1.712409e+02 2.032500e+01
      endloop
   endfacet
   facet normal 0.000000e+00 8.191515e-01 -5.735772e-01
      outer loop
         vertex 6.000000e+00 1.712409e+02 2.032500e+01
         vertex 0.000000e+00 1.712409e+02 2.032500e+01
         vertex 6.000000e+00 1.719058e+02 2.127454e+01
      endloop
   endfacet
   facet normal 0.000000e+00 8.191515e-01 -5.735772e-01
      outer loop
         vertex 6.000000e+00 1.719058e+02 2.127454e+01
         vertex 0.000000e+00 1.712409e+02 2.032500e+01
         vertex 0.000000e+00 1.719058e+02 2.127454e+01
      endloop
   endfacet
   facet normal 0.000000e+00 7.071088e-01 -7.071048e-01
      outer loop
         vertex 6.000000e+00 1.719058e+02 2.127454e+01
         vertex 0.000000e+00 1.719058e+02 2.127454e+01
         vertex 6.000000e+00 1.727255e+02 2.209420e+01
      endloop
   endfacet
   facet normal 0.000000e+00 7.071088e-01 -7.071048e-01
      outer loop
         vertex 6.000000e+00 1.727255e+02 2.209420e+01
         vertex 0.000000e+00 1.719058e+02 2.127454e+01
         vertex 0.000000e+00 1.727255e+02 2.209420e+01
      endloop
   endfacet
   facet normal 0.000000e+00 5.735786e-01 -8.191505e-01
      outer loop
         vertex 6.000000e+00 1.727255e+02 2.209420e+01
         vertex 0.000000e+00 1.727255e+02 2.209420e+01
         vertex 6.000000e+00 1.736750e+02 2.275907e+01
      endloop
   endfacet
   facet normal 0.000000e+00 5.735786e-01 -8.191505e-01
      outer loop
         vertex 6.000000e+00 1.736750e+02 2.275907e+01
         vertex 0.000000e+00 1.727255e+02 2.209420e+01
         vertex 0.000000e+00 1.736750e+02 2.275907e+01
      endloop
   endfacet
   facet normal 0.000000e+00 4.226150e-01 -9.063093e-01
      outer loop
         vertex 6.000000e+00 1.736750e+02 2.275907e+01
         vertex 0.000000e+00 1.736750e+02 2.275907e+01
         vertex 6.000000e+00 1.747256e+02 2.324896e+01
      endloop
   endfacet
   facet normal 0.000000e+00 4.226150e-01 -9.063093e-01
      outer loop
         vertex 6.000000e+00 1.747256e+02 2.324896e+01
         vertex 0.000000e+00 1.736750e+02 2.275907e+01
         vertex 0.000000e+00 1.747256e+02 2.324896e+01
      endloop
   endfacet
   facet normal 0.000000e+00 2.588189e-01 -9.659259e-01
      outer loop
         vertex 6.000000e+00 1.747256e+02 2.324896e+01
         vertex 0.000000e+00 1.747256e+02 2.324896e+01
         vertex 6.000000e+00 1.758452e+02 2.354897e+01
      endloop
   endfacet
   facet normal 0.000000e+00 2.588189e-01 -9.659259e-01
      outer loop
         vertex 6.000000e+00 1.758452e+02 2.354897e+01
         vertex 0.000000e+00 1.747256e+02 2.324896e+01
         vertex 0.000000e+00 1.758452e+02 2.354897e+01
      endloop
   endfacet
   facet normal 0.000000e+00 8.715651e-02 -9.961946e-01
      outer loop
         vertex 6.000000e+00 1.758452e+02 2.354897e+01
         vertex 0.000000e+00 1.758452e+02 2.354897e+01
         vertex 6.000000e+00 1.770000e+02 2.365000e+01
      endloop
   endfacet
   facet normal 0.000000e+00 8.715651e-02 -9.961946e-01
      outer loop
         vertex 6.000000e+00 1.770000e+02 2.365000e+01
         vertex 0.000000e+00 1.758452e+02 2.354897e+01
         vertex 0.000000e+00 1.770000e+02 2.365000e+01
      endloop
   endfacet
   facet normal 0.000000e+00 8.715590e-02 9.961947e-01
      outer loop
         vertex 6.000000e+00 8.700000e+01 1.400000e+01
         vertex 0.000000e+00 8.700000e+01 1.400000e+01
         vertex 6.000000e+00 8.647906e+01 1.404558e+01
      endloop
   endfacet
   facet normal 0.000000e+00 8.715590e-02 9.961947e-01
      outer loop
         vertex 6.000000e+00 8.647906e+01 1.404558e+01
         vertex 0.000000e+00 8.700000e+01 1.400000e+01
         vertex 0.000000e+00 8.647906e+01 1.404558e+01
      endloop
   endfacet
   facet normal 0.000000e+00 2.588173e-01 9.659263e-01
      outer loop
         vertex 6.000000e+00 8.647906e+01 1.404558e+01
         vertex 0.000000e+00 8.647906e+01 1.404558e+01
         vertex 6.000000e+00 8.597394e+01 1.418092e+01
      endloop
   endfacet
   facet normal 0.000000e+00 2.588173e-01 9.659263e-01
      outer loop
         vertex 6.000000e+00 8.597394e+01 1.418092e+01
         vertex 0.000000e+00 8.647906e+01 1.404558e+01
         vertex 0.000000e+00 8.597394e+01 1.418092e+01
      endloop
   endfacet
   facet normal 0.000000e+00 4.226188e-01 9.063075e-01
      outer loop
         vertex 6.000000e+00 8.597394e+01 1.418092e+01
         vertex 0.000000e+00 8.597394e+01 1.418092e+01
         vertex 6.000000e+00 8.550000e+01 1.440192e+01
      endloop
   endfacet
   facet normal 0.000000e+00 4.226188e-01 9.063075e-01
      outer loop
         vertex 6.000000e+00 8.550000e+01 1.440192e+01
         vertex 0.000000e+00 8.597394e+01 1.418092e+01
         vertex 0.000000e+00 8.550000e+01 1.440192e+01
      endloop
   endfacet
   facet normal 0.000000e+00 5.735757e-01 8.191526e-01
      outer loop
         vertex 6.000000e+00 8.550000e+01 1.440192e+01
         vertex 0.000000e+00 8.550000e+01 1.440192e+01
         vertex 6.000000e+00 8.507163e+01 1.470187e+01
      endloop
   endfacet
   facet normal 0.000000e+00 5.735757e-01 8.191526e-01
      outer loop
         vertex 6.000000e+00 8.507163e+01 1.470187e+01
         vertex 0.000000e+00 8.550000e+01 1.440192e+01
         vertex 0.000000e+00 8.507163e+01 1.470187e+01
      endloop
   endfacet
   facet normal 0.000000e+00 7.071120e-01 7.071015e-01
      outer loop
         vertex 6.000000e+00 8.507163e+01 1.470187e+01
         vertex 0.000000e+00 8.507163e+01 1.470187e+01
         vertex 6.000000e+00 8.470187e+01 1.507164e+01
      endloop
   endfacet
   facet normal 0.000000e+00 7.071120e-01 7.071015e-01
      outer loop
         vertex 6.000000e+00 8.470187e+01 1.507164e+01
         vertex 0.000000e+00 8.507163e+01 1.470187e+01
         vertex 0.000000e+00 8.470187e+01 1.507164e+01
      endloop
   endfacet
   facet normal 0.000000e+00 8.191497e-01 5.735797e-01
      outer loop
         vertex 6.000000e+00 8.470187e+01 1.507164e+01
         vertex 0.000000e+00 8.470187e+01 1.507164e+01
         vertex 6.000000e+00 8.440192e+01 1.550000e+01
      endloop
   endfacet
   facet normal 0.000000e+00 8.191497e-01 5.735797e-01
      outer loop
         vertex 6.000000e+00 8.440192e+01 1.550000e+01
         vertex 0.000000e+00 8.470187e+01 1.507164e+01
         vertex 0.000000e+00 8.440192e+01 1.550000e+01
      endloop
   endfacet
   facet normal 0.000000e+00 9.063096e-01 4.226143e-01
      outer loop
         vertex 6.000000e+00 8.440192e+01 1.550000e+01
         vertex 0.000000e+00 8.440192e+01 1.550000e+01
         vertex 6.000000e+00 8.418093e+01 1.597394e+01
      endloop
   endfacet
   facet normal 0.000000e+00 9.063096e-01 4.226143e-01
      outer loop
         vertex 6.000000e+00 8.418093e+01 1.597394e+01
         vertex 0.000000e+00 8.440192e+01 1.550000e+01
         vertex 0.000000e+00 8.418093e+01 1.597394e+01
      endloop
   endfacet
   facet normal 0.000000e+00 9.659249e-01 2.588223e-01
      outer loop
         vertex 6.000000e+00 8.418093e+01 1.597394e+01
         vertex 0.000000e+00 8.418093e+01 1.597394e+01
         vertex 6.000000e+00 8.404558e+01 1.647906e+01
      endloop
   endfacet
   facet normal 0.000000e+00 9.659249e-01 2.588223e-01
      outer loop
         vertex 6.000000e+00 8.404558e+01 1.647906e+01
         vertex 0.000000e+00 8.418093e+01 1.597394e+01
         vertex 0.000000e+00 8.404558e+01 1.647906e+01
      endloop
   endfacet
   facet normal 0.000000e+00 9.961950e-01 8.715282e-02
      outer loop
         vertex 6.000000e+00 8.404558e+01 1.647906e+01
         vertex 0.000000e+00 8.404558e+01 1.647906e+01
         vertex 6.000000e+00 8.400000e+01 1.700000e+01
      endloop
   endfacet
   facet normal 0.000000e+00 9.961950e-01 8.715282e-02
      outer loop
         vertex 6.000000e+00 8.400000e+01 1.700000e+01
         vertex 0.000000e+00 8.404558e+01 1.647906e+01
         vertex 0.000000e+00 8.400000e+01 1.700000e+01
      endloop
   endfacet
   facet normal 0.000000e+00 9.961950e-01 -8.715282e-02
      outer loop
         vertex 6.000000e+00 8.400000e+01 1.700000e+01
         vertex 0.000000e+00 8.400000e+01 1.700000e+01
         vertex 6.000000e+00 8.404558e+01 1.752095e+01
      endloop
   endfacet
   facet normal 0.000000e+00 9.961950e-01 -8.715282e-02
      outer loop
         vertex 6.000000e+00 8.404558e+01 1.752095e+01
         vertex 0.000000e+00 8.400000e+01 1.700000e+01
         vertex 0.000000e+00 8.404558e+01 1.752095e+01
      endloop
   endfacet
   facet normal 0.000000e+00 9.659249e-01 -2.588223e-01
      outer loop
         vertex 6.000000e+00 8.404558e+01 1.752095e+01
         vertex 0.000000e+00 8.404558e+01 1.752095e+01
         vertex 6.000000e+00 8.418093e+01 1.802606e+01
      endloop
   endfacet
   facet normal 0.000000e+00 9.659249e-01 -2.588223e-01
      outer loop
         vertex 6.000000e+00 8.418093e+01 1.802606e+01
         vertex 0.000000e+00 8.404558e+01 1.752095e+01
         vertex 0.000000e+00 8.418093e+01 1.802606e+01
      endloop
   endfacet
   facet normal 0.000000e+00 9.063096e-01 -4.226143e-01
      outer loop
         vertex 6.000000e+00 8.418093e+01 1.802606e+01
         vertex 0.000000e+00 8.418093e+01 1.802606e+01
         vertex 6.000000e+00 8.440192e+01 1.850000e+01
      endloop
   endfacet
   facet normal 0.000000e+00 9.063096e-01 -4.226143e-01
      outer loop
         vertex 6.000000e+00 8.440192e+01 1.850000e+01
         vertex 0.000000e+00 8.418093e+01 1.802606e+01
         vertex 0.000000e+00 8.440192e+01 1.850000e+01
      endloop
   endfacet
   facet normal 0.000000e+00 8.191497e-01 -5.735797e-01
      outer loop
         vertex 6.000000e+00 8.440192e+01 1.850000e+01
         vertex 0.000000e+00 8.440192e+01 1.850000e+01
         vertex 6.000000e+00 8.470187e+01 1.892836e+01
      endloop
   endfacet
   facet normal 0.000000e+00 8.191497e-01 -5.735797e-01
      outer loop
         vertex 6.000000e+00 8.470187e+01 1.892836e+01
         vertex 0.000000e+00 8.440192e+01 1.850000e+01
         vertex 0.000000e+00 8.470187e+01 1.892836e+01
      endloop
   endfacet
   facet normal 0.000000e+00 7.071120e-01 -7.071015e-01
      outer loop
         vertex 6.000000e+00 8.470187e+01 1.892836e+01
         vertex 0.000000e+00 8.470187e+01 1.892836e+01
         vertex 6.000000e+00 8.507163e+01 1.929813e+01
      endloop
   endfacet
   facet normal 0.000000e+00 7.071120e-01 -7.071015e-01
      outer loop
         vertex 6.000000e+00 8.507163e+01 1.929813e+01
         vertex 0.000000e+00 8.470187e+01 1.892836e+01
         vertex 0.000000e+00 8.507163e+01 1.929813e+01
      endloop
   endfacet
   facet normal 0.000000e+00 5.735757e-01 -8.191526e-01
      outer loop
         vertex 6.000000e+00 8.507163e+01 1.929813e+01
         vertex 0.000000e+00 8.507163e+01 1.929813e+01
         vertex 6.000000e+00 8.550000e+01 1.959808e+01
      endloop
   endfacet
   facet normal 0.000000e+00 5.735757e-01 -8.191526e-01
      outer loop
         vertex 6.000000e+00 8.550000e+01 1.959808e+01
         vertex 0.000000e+00 8.507163e+01 1.929813e+01
         vertex 0.000000e+00 8.550000e+01 1.959808e+01
      endloop
   endfacet
   facet normal 0.000000e+00 4.226188e-01 -9.063075e-01
      outer loop
         vertex 6.000000e+00 8.550000e+01 1.959808e+01
         vertex 0.000000e+00 8.550000e+01 1.959808e+01
         vertex 6.000000e+00 8.597394e+01 1.981908e+01
      endloop
   endfacet
   facet normal 0.000000e+00 4.226188e-01 -9.063075e-01
      outer loop
         vertex 6.000000e+00 8.597394e+01 1.981908e+01
         vertex 0.000000e+00 8.550000e+01 1.959808e+01
         vertex 0.000000e+00 8.597394e+01 1.981908e+01
      endloop
   endfacet
   facet normal 0.000000e+00 2.588173e-01 -9.659263e-01
      outer loop
         vertex 6.000000e+00 8.597394e+01 1.981908e+01
         vertex 0.000000e+00 8.597394e+01 1.981908e+01
         vertex 6.000000e+00 8.647906e+01 1.995442e+01
      endloop
   endfacet
   facet normal 0.000000e+00 2.588173e-01 -9.659263e-01
      outer loop
         vertex 6.000000e+00 8.647906e+01 1.995442e+01
         vertex 0.000000e+00 8.597394e+01 1.981908e+01
         vertex 0.000000e+00 8.647906e+01 1.995442e+01
      endloop
   endfacet
   facet normal 0.000000e+00 8.715590e-02 -9.961947e-01
      outer loop
         vertex 6.000000e+00 8.647906e+01 1.995442e+01
         vertex 0.000000e+00 8.647906e+01 1.995442e+01
         vertex 6.000000e+00 8.700000e+01 2.000000e+01
      endloop
   endfacet
   facet normal 0.000000e+00 8.715590e-02 -9.961947e-01
      outer loop
         vertex 6.000000e+00 8.700000e+01 2.000000e+01
         vertex 0.000000e+00 8.647906e+01 1.995442e+01
         vertex 0.000000e+00 8.700000e+01 2.000000e+01
      endloop
   endfacet
   facet normal 0.000000e+00 0.000000e+00 1.000000e+00
      outer loop
         vertex 0.000000e+00 8.700000e+01 1.400000e+01
         vertex 6.000000e+00 8.700000e+01 1.400000e+01
         vertex 0.000000e+00 1.070000e+02 1.400000e+01
      endloop
   endfacet
   facet normal -0.000000e+00 0.000000e+00 1.000000e+00
      outer loop
         vertex 0.000000e+00 1.070000e+02 1.400000e+01
         vertex 6.000000e+00 8.700000e+01 1.400000e+01
         vertex 6.000000e+00 1.070000e+02 1.400000e+01
      endloop
   endfacet
   facet normal -0.000000e+00 -8.715590e-02 -9.961947e-01
      outer loop
         vertex 6.000000e+00 1.070000e+02 2.000000e+01
         vertex 0.000000e+00 1.070000e+02 2.000000e+01
         vertex 6.000000e+00 1.075209e+02 1.995442e+01
      endloop
   endfacet
   facet normal -0.000000e+00 -8.715590e-02 -9.961947e-01
      outer loop
         vertex 6.000000e+00 1.075209e+02 1.995442e+01
         vertex 0.000000e+00 1.070000e+02 2.000000e+01
         vertex 0.000000e+00 1.075209e+02 1.995442e+01
      endloop
   endfacet
   facet normal -0.000000e+00 -2.588208e-01 -9.659253e-01
      outer loop
         vertex 6.000000e+00 1.075209e+02 1.995442e+01
         vertex 0.000000e+00 1.075209e+02 1.995442e+01
         vertex 6.000000e+00 1.080261e+02 1.981908e+01
      endloop
   endfacet
   facet normal -0.000000e+00 -2.588208e-01 -9.659253e-01
      outer loop
         vertex 6.000000e+00 1.080261e+02 1.981908e+01
         vertex 0.000000e+00 1.075209e+02 1.995442e+01
         vertex 0.000000e+00 1.080261e+02 1.981908e+01
      endloop
   endfacet
   facet normal -0.000000e+00 -4.226188e-01 -9.063075e-01
      outer loop
         vertex 6.000000e+00 1.080261e+02 1.981908e+01
         vertex 0.000000e+00 1.080261e+02 1.981908e+01
         vertex 6.000000e+00 1.085000e+02 1.959808e+01
      endloop
   endfacet
   facet normal -0.000000e+00 -4.226188e-01 -9.063075e-01
      outer loop
         vertex 6.000000e+00 1.085000e+02 1.959808e+01
         vertex 0.000000e+00 1.080261e+02 1.981908e+01
         vertex 0.000000e+00 1.085000e+02 1.959808e+01
      endloop
   endfacet
   facet normal -0.000000e+00 -5.735757e-01 -8.191526e-01
      outer loop
         vertex 6.000000e+00 1.085000e+02 1.959808e+01
         vertex 0.000000e+00 1.085000e+02 1.959808e+01
         vertex 6.000000e+00 1.089284e+02 1.929813e+01
      endloop
   endfacet
   facet normal -0.000000e+00 -5.735757e-01 -8.191526e-01
      outer loop
         vertex 6.000000e+00 1.089284e+02 1.929813e+01
         vertex 0.000000e+00 1.085000e+02 1.959808e+01
         vertex 0.000000e+00 1.089284e+02 1.929813e+01
      endloop
   endfacet
   facet normal -0.000000e+00 -7.071049e-01 -7.071087e-01
      outer loop
         vertex 6.000000e+00 1.089284e+02 1.929813e+01
         vertex 0.000000e+00 1.089284e+02 1.929813e+01
         vertex 6.000000e+00 1.092981e+02 1.892836e+01
      endloop
   endfacet
   facet normal -0.000000e+00 -7.071049e-01 -7.071087e-01
      outer loop
         vertex 6.000000e+00 1.092981e+02 1.892836e+01
         vertex 0.000000e+00 1.089284e+02 1.929813e+01
         vertex 0.000000e+00 1.092981e+02 1.892836e+01
      endloop
   endfacet
   facet normal -0.000000e+00 -8.191564e-01 -5.735702e-01
      outer loop
         vertex 6.000000e+00 1.092981e+02 1.892836e+01
         vertex 0.000000e+00 1.092981e+02 1.892836e+01
         vertex 6.000000e+00 1.095981e+02 1.850000e+01
      endloop
   endfacet
   facet normal -0.000000e+00 -8.191564e-01 -5.735702e-01
      outer loop
         vertex 6.000000e+00 1.095981e+02 1.850000e+01
         vertex 0.000000e+00 1.092981e+02 1.892836e+01
         vertex 0.000000e+00 1.095981e+02 1.850000e+01
      endloop
   endfacet
   facet normal -0.000000e+00 -9.063042e-01 -4.226260e-01
      outer loop
         vertex 6.000000e+00 1.095981e+02 1.850000e+01
         vertex 0.000000e+00 1.095981e+02 1.850000e+01
         vertex 6.000000e+00 1.098191e+02 1.802606e+01
      endloop
   endfacet
   facet normal -0.000000e+00 -9.063042e-01 -4.226260e-01
      outer loop
         vertex 6.000000e+00 1.098191e+02 1.802606e+01
         vertex 0.000000e+00 1.095981e+02 1.850000e+01
         vertex 0.000000e+00 1.098191e+02 1.802606e+01
      endloop
   endfacet
   facet normal -0.000000e+00 -9.659285e-01 -2.588091e-01
      outer loop
         vertex 6.000000e+00 1.098191e+02 1.802606e+01
         vertex 0.000000e+00 1.098191e+02 1.802606e+01
         vertex 6.000000e+00 1.099544e+02 1.752095e+01
      endloop
   endfacet
   facet normal -0.000000e+00 -9.659285e-01 -2.588091e-01
      outer loop
         vertex 6.000000e+00 1.099544e+02 1.752095e+01
         vertex 0.000000e+00 1.098191e+02 1.802606e+01
         vertex 0.000000e+00 1.099544e+02 1.752095e+01
      endloop
   endfacet
   facet normal -0.000000e+00 -9.961937e-01 -8.716696e-02
      outer loop
         vertex 6.000000e+00 1.099544e+02 1.752095e+01
         vertex 0.000000e+00 1.099544e+02 1.752095e+01
         vertex 6.000000e+00 1.100000e+02 1.700000e+01
      endloop
   endfacet
   facet normal -0.000000e+00 -9.961937e-01 -8.716696e-02
      outer loop
         vertex 6.000000e+00 1.100000e+02 1.700000e+01
         vertex 0.000000e+00 1.099544e+02 1.752095e+01
         vertex 0.000000e+00 1.100000e+02 1.700000e+01
      endloop
   endfacet
   facet normal 0.000000e+00 -9.961937e-01 8.716696e-02
      outer loop
         vertex 6.000000e+00 1.100000e+02 1.700000e+01
         vertex 0.000000e+00 1.100000e+02 1.700000e+01
         vertex 6.000000e+00 1.099544e+02 1.647906e+01
      endloop
   endfacet
   facet normal 0.000000e+00 -9.961937e-01 8.716696e-02
      outer loop
         vertex 6.000000e+00 1.099544e+02 1.647906e+01
         vertex 0.000000e+00 1.100000e+02 1.700000e+01
         vertex 0.000000e+00 1.099544e+02 1.647906e+01
      endloop
   endfacet
   facet normal 0.000000e+00 -9.659285e-01 2.588091e-01
      outer loop
         vertex 6.000000e+00 1.099544e+02 1.647906e+01
         vertex 0.000000e+00 1.099544e+02 1.647906e+01
         vertex 6.000000e+00 1.098191e+02 1.597394e+01
      endloop
   endfacet
   facet normal 0.000000e+00 -9.659285e-01 2.588091e-01
      outer loop
         vertex 6.000000e+00 1.098191e+02 1.597394e+01
         vertex 0.000000e+00 1.099544e+02 1.647906e+01
         vertex 0.000000e+00 1.098191e+02 1.597394e+01
      endloop
   endfacet
   facet normal 0.000000e+00 -9.063042e-01 4.226260e-01
      outer loop
         vertex 6.000000e+00 1.098191e+02 1.597394e+01
         vertex 0.000000e+00 1.098191e+02 1.597394e+01
         vertex 6.000000e+00 1.095981e+02 1.550000e+01
      endloop
   endfacet
   facet normal 0.000000e+00 -9.063042e-01 4.226260e-01
      outer loop
         vertex 6.000000e+00 1.095981e+02 1.550000e+01
         vertex 0.000000e+00 1.098191e+02 1.597394e+01
         vertex 0.000000e+00 1.095981e+02 1.550000e+01
      endloop
   endfacet
   facet normal 0.000000e+00 -8.191564e-01 5.735702e-01
      outer loop
         vertex 6.000000e+00 1.095981e+02 1.550000e+01
         vertex 0.000000e+00 1.095981e+02 1.550000e+01
         vertex 6.000000e+00 1.092981e+02 1.507164e+01
      endloop
   endfacet
   facet normal 0.000000e+00 -8.191564e-01 5.735702e-01
      outer loop
         vertex 6.000000e+00 1.092981e+02 1.507164e+01
         vertex 0.000000e+00 1.095981e+02 1.550000e+01
         vertex 0.000000e+00 1.092981e+02 1.507164e+01
      endloop
   endfacet
   facet normal 0.000000e+00 -7.071049e-01 7.071087e-01
      outer loop
         vertex 6.000000e+00 1.092981e+02 1.507164e+01
         vertex 0.000000e+00 1.092981e+02 1.507164e+01
         vertex 6.000000e+00 1.089284e+02 1.470187e+01
      endloop
   endfacet
   facet normal 0.000000e+00 -7.071049e-01 7.071087e-01
      outer loop
         vertex 6.000000e+00 1.089284e+02 1.470187e+01
         vertex 0.000000e+00 1.092981e+02 1.507164e+01
         vertex 0.000000e+00 1.089284e+02 1.470187e+01
      endloop
   endfacet
   facet normal 0.000000e+00 -5.735757e-01 8.191526e-01
      outer loop
         vertex 6.000000e+00 1.089284e+02 1.470187e+01
         vertex 0.000000e+00 1.089284e+02 1.470187e+01
         vertex 6.000000e+00 1.085000e+02 1.440192e+01
      endloop
   endfacet
   facet normal 0.000000e+00 -5.735757e-01 8.191526e-01
      outer loop
         vertex 6.000000e+00 1.085000e+02 1.440192e+01
         vertex 0.000000e+00 1.089284e+02 1.470187e+01
         vertex 0.000000e+00 1.085000e+02 1.440192e+01
      endloop
   endfacet
   facet normal 0.000000e+00 -4.226188e-01 9.063075e-01
      outer loop
         vertex 6.000000e+00 1.085000e+02 1.440192e+01
         vertex 0.000000e+00 1.085000e+02 1.440192e+01
         vertex 6.000000e+00 1.080261e+02 1.418092e+01
      endloop
   endfacet
   facet normal 0.000000e+00 -4.226188e-01 9.063075e-01
      outer loop
         vertex 6.000000e+00 1.080261e+02 1.418092e+01
         vertex 0.000000e+00 1.085000e+02 1.440192e+01
         vertex 0.000000e+00 1.080261e+02 1.418092e+01
      endloop
   endfacet
   facet normal 0.000000e+00 -2.588208e-01 9.659253e-01
      outer loop
         vertex 6.000000e+00 1.080261e+02 1.418092e+01
         vertex 0.000000e+00 1.080261e+02 1.418092e+01
         vertex 6.000000e+00 1.075209e+02 1.404558e+01
      endloop
   endfacet
   facet normal 0.000000e+00 -2.588208e-01 9.659253e-01
      outer loop
         vertex 6.000000e+00 1.075209e+02 1.404558e+01
         vertex 0.000000e+00 1.080261e+02 1.418092e+01
         vertex 0.000000e+00 1.075209e+02 1.404558e+01
      endloop
   endfacet
   facet normal 0.000000e+00 -8.715590e-02 9.961947e-01
      outer loop
         vertex 6.000000e+00 1.075209e+02 1.404558e+01
         vertex 0.000000e+00 1.075209e+02 1.404558e+01
         vertex 6.000000e+00 1.070000e+02 1.400000e+01
      endloop
   endfacet
   facet normal 0.000000e+00 -8.715590e-02 9.961947e-01
      outer loop
         vertex 6.000000e+00 1.070000e+02 1.400000e+01
         vertex 0.000000e+00 1.075209e+02 1.404558e+01
         vertex 0.000000e+00 1.070000e+02 1.400000e+01
      endloop
   endfacet
   facet normal 0.000000e+00 0.000000e+00 -1.000000e+00
      outer loop
         vertex 0.000000e+00 8.700000e+01 2.000000e+01
         vertex 0.000000e+00 1.070000e+02 2.000000e+01
         vertex 6.000000e+00 8.700000e+01 2.000000e+01
      endloop
   endfacet
   facet normal 0.000000e+00 0.000000e+00 -1.000000e+00
      outer loop
         vertex 6.000000e+00 8.700000e+01 2.000000e+01
         vertex 0.000000e+00 1.070000e+02 2.000000e+01
         vertex 6.000000e+00 1.070000e+02 2.000000e+01
      endloop
   endfacet
   facet normal 0.000000e+00 8.715590e-02 9.961947e-01
      outer loop
         vertex 6.000000e+00 1.270000e+02 1.400000e+01
         vertex 0.000000e+00 1.270000e+02 1.400000e+01
         vertex 6.000000e+00 1.264791e+02 1.404558e+01
      endloop
   endfacet
   facet normal 0.000000e+00 8.715590e-02 9.961947e-01
      outer loop
         vertex 6.000000e+00 1.264791e+02 1.404558e+01
         vertex 0.000000e+00 1.270000e+02 1.400000e+01
         vertex 0.000000e+00 1.264791e+02 1.404558e+01
      endloop
   endfacet
   facet normal 0.000000e+00 2.588208e-01 9.659253e-01
      outer loop
         vertex 6.000000e+00 1.264791e+02 1.404558e+01
         vertex 0.000000e+00 1.264791e+02 1.404558e+01
         vertex 6.000000e+00 1.259739e+02 1.418092e+01
      endloop
   endfacet
   facet normal 0.000000e+00 2.588208e-01 9.659253e-01
      outer loop
         vertex 6.000000e+00 1.259739e+02 1.418092e+01
         vertex 0.000000e+00 1.264791e+02 1.404558e+01
         vertex 0.000000e+00 1.259739e+02 1.418092e+01
      endloop
   endfacet
   facet normal 0.000000e+00 4.226134e-01 9.063101e-01
      outer loop
         vertex 6.000000e+00 1.259739e+02 1.418092e+01
         vertex 0.000000e+00 1.259739e+02 1.418092e+01
         vertex 6.000000e+00 1.255000e+02 1.440192e+01
      endloop
   endfacet
   facet normal 0.000000e+00 4.226134e-01 9.063101e-01
      outer loop
         vertex 6.000000e+00 1.255000e+02 1.440192e+01
         vertex 0.000000e+00 1.259739e+02 1.418092e+01
         vertex 0.000000e+00 1.255000e+02 1.440192e+01
      endloop
   endfacet
   facet normal 0.000000e+00 5.735824e-01 8.191479e-01
      outer loop
         vertex 6.000000e+00 1.255000e+02 1.440192e+01
         vertex 0.000000e+00 1.255000e+02 1.440192e+01
         vertex 6.000000e+00 1.250716e+02 1.470187e+01
      endloop
   endfacet
   facet normal 0.000000e+00 5.735824e-01 8.191479e-01
      outer loop
         vertex 6.000000e+00 1.250716e+02 1.470187e+01
         vertex 0.000000e+00 1.255000e+02 1.440192e+01
         vertex 0.000000e+00 1.250716e+02 1.470187e+01
      endloop
   endfacet
   facet normal 0.000000e+00 7.071049e-01 7.071087e-01
      outer loop
         vertex 6.000000e+00 1.250716e+02 1.470187e+01
         vertex 0.000000e+00 1.250716e+02 1.470187e+01
         vertex 6.000000e+00 1.247019e+02 1.507164e+01
      endloop
   endfacet
   facet normal 0.000000e+00 7.071049e-01 7.071087e-01
      outer loop
         vertex 6.000000e+00 1.247019e+02 1.507164e+01
         vertex 0.000000e+00 1.250716e+02 1.470187e+01
         vertex 0.000000e+00 1.247019e+02 1.507164e+01
      endloop
   endfacet
   facet normal 0.000000e+00 8.191497e-01 5.735797e-01
      outer loop
         vertex 6.000000e+00 1.247019e+02 1.507164e+01
         vertex 0.000000e+00 1.247019e+02 1.507164e+01
         vertex 6.000000e+00 1.244019e+02 1.550000e+01
      endloop
   endfacet
   facet normal 0.000000e+00 8.191497e-01 5.735797e-01
      outer loop
         vertex 6.000000e+00 1.244019e+02 1.550000e+01
         vertex 0.000000e+00 1.247019e+02 1.507164e+01
         vertex 0.000000e+00 1.244019e+02 1.550000e+01
      endloop
   endfacet
   facet normal 0.000000e+00 9.063096e-01 4.226143e-01
      outer loop
         vertex 6.000000e+00 1.244019e+02 1.550000e+01
         vertex 0.000000e+00 1.244019e+02 1.550000e+01
         vertex 6.000000e+00 1.241809e+02 1.597394e+01
      endloop
   endfacet
   facet normal 0.000000e+00 9.063096e-01 4.226143e-01
      outer loop
         vertex 6.000000e+00 1.241809e+02 1.597394e+01
         vertex 0.000000e+00 1.244019e+02 1.550000e+01
         vertex 0.000000e+00 1.241809e+02 1.597394e+01
      endloop
   endfacet
   facet normal 0.000000e+00 9.659249e-01 2.588223e-01
      outer loop
         vertex 6.000000e+00 1.241809e+02 1.597394e+01
         vertex 0.000000e+00 1.241809e+02 1.597394e+01
         vertex 6.000000e+00 1.240456e+02 1.647906e+01
      endloop
   endfacet
   facet normal 0.000000e+00 9.659249e-01 2.588223e-01
      outer loop
         vertex 6.000000e+00 1.240456e+02 1.647906e+01
         vertex 0.000000e+00 1.241809e+02 1.597394e+01
         vertex 0.000000e+00 1.240456e+02 1.647906e+01
      endloop
   endfacet
   facet normal 0.000000e+00 9.961950e-01 8.715282e-02
      outer loop
         vertex 6.000000e+00 1.240456e+02 1.647906e+01
         vertex 0.000000e+00 1.240456e+02 1.647906e+01
         vertex 6.000000e+00 1.240000e+02 1.700000e+01
      endloop
   endfacet
   facet normal 0.000000e+00 9.961950e-01 8.715282e-02
      outer loop
         vertex 6.000000e+00 1.240000e+02 1.700000e+01
         vertex 0.000000e+00 1.240456e+02 1.647906e+01
         vertex 0.000000e+00 1.240000e+02 1.700000e+01
      endloop
   endfacet
   facet normal 0.000000e+00 9.961950e-01 -8.715282e-02
      outer loop
         vertex 6.000000e+00 1.240000e+02 1.700000e+01
         vertex 0.000000e+00 1.240000e+02 1.700000e+01
         vertex 6.000000e+00 1.240456e+02 1.752095e+01
      endloop
   endfacet
   facet normal 0.000000e+00 9.961950e-01 -8.715282e-02
      outer loop
         vertex 6.000000e+00 1.240456e+02 1.752095e+01
         vertex 0.000000e+00 1.240000e+02 1.700000e+01
         vertex 0.000000e+00 1.240456e+02 1.752095e+01
      endloop
   endfacet
   facet normal 0.000000e+00 9.659249e-01 -2.588223e-01
      outer loop
         vertex 6.000000e+00 1.240456e+02 1.752095e+01
         vertex 0.000000e+00 1.240456e+02 1.752095e+01
         vertex 6.000000e+00 1.241809e+02 1.802606e+01
      endloop
   endfacet
   facet normal 0.000000e+00 9.659249e-01 -2.588223e-01
      outer loop
         vertex 6.000000e+00 1.241809e+02 1.802606e+01
         vertex 0.000000e+00 1.240456e+02 1.752095e+01
         vertex 0.000000e+00 1.241809e+02 1.802606e+01
      endloop
   endfacet
   facet normal 0.000000e+00 9.063096e-01 -4.226143e-01
      outer loop
         vertex 6.000000e+00 1.241809e+02 1.802606e+01
         vertex 0.000000e+00 1.241809e+02 1.802606e+01
         vertex 6.000000e+00 1.244019e+02 1.850000e+01
      endloop
   endfacet
   facet normal 0.000000e+00 9.063096e-01 -4.226143e-01
      outer loop
         vertex 6.000000e+00 1.244019e+02 1.850000e+01
         vertex 0.000000e+00 1.241809e+02 1.802606e+01
         vertex 0.000000e+00 1.244019e+02 1.850000e+01
      endloop
   endfacet
   facet normal 0.000000e+00 8.191497e-01 -5.735797e-01
      outer loop
         vertex 6.000000e+00 1.244019e+02 1.850000e+01
         vertex 0.000000e+00 1.244019e+02 1.850000e+01
         vertex 6.000000e+00 1.247019e+02 1.892836e+01
      endloop
   endfacet
   facet normal 0.000000e+00 8.191497e-01 -5.735797e-01
      outer loop
         vertex 6.000000e+00 1.247019e+02 1.892836e+01
         vertex 0.000000e+00 1.244019e+02 1.850000e+01
         vertex 0.000000e+00 1.247019e+02 1.892836e+01
      endloop
   endfacet
   facet normal 0.000000e+00 7.071049e-01 -7.071087e-01
      outer loop
         vertex 6.000000e+00 1.247019e+02 1.892836e+01
         vertex 0.000000e+00 1.247019e+02 1.892836e+01
         vertex 6.000000e+00 1.250716e+02 1.929813e+01
      endloop
   endfacet
   facet normal 0.000000e+00 7.071049e-01 -7.071087e-01
      outer loop
         vertex 6.000000e+00 1.250716e+02 1.929813e+01
         vertex 0.000000e+00 1.247019e+02 1.892836e+01
         vertex 0.000000e+00 1.250716e+02 1.929813e+01
      endloop
   endfacet
   facet normal 0.000000e+00 5.735824e-01 -8.191479e-01
      outer loop
         vertex 6.000000e+00 1.250716e+02 1.929813e+01
         vertex 0.000000e+00 1.250716e+02 1.929813e+01
         vertex 6.000000e+00 1.255000e+02 1.959808e+01
      endloop
   endfacet
   facet normal 0.000000e+00 5.735824e-01 -8.191479e-01
      outer loop
         vertex 6.000000e+00 1.255000e+02 1.959808e+01
         vertex 0.000000e+00 1.250716e+02 1.929813e+01
         vertex 0.000000e+00 1.255000e+02 1.959808e+01
      endloop
   endfacet
   facet normal 0.000000e+00 4.226134e-01 -9.063101e-01
      outer loop
         vertex 6.000000e+00 1.255000e+02 1.959808e+01
         vertex 0.000000e+00 1.255000e+02 1.959808e+01
         vertex 6.000000e+00 1.259739e+02 1.981908e+01
      endloop
   endfacet
   facet normal 0.000000e+00 4.226134e-01 -9.063101e-01
      outer loop
         vertex 6.000000e+00 1.259739e+02 1.981908e+01
         vertex 0.000000e+00 1.255000e+02 1.959808e+01
         vertex 0.000000e+00 1.259739e+02 1.981908e+01
      endloop
   endfacet
   facet normal 0.000000e+00 2.588208e-01 -9.659253e-01
      outer loop
         vertex 6.000000e+00 1.259739e+02 1.981908e+01
         vertex 0.000000e+00 1.259739e+02 1.981908e+01
         vertex 6.000000e+00 1.264791e+02 1.995442e+01
      endloop
   endfacet
   facet normal 0.000000e+00 2.588208e-01 -9.659253e-01
      outer loop
         vertex 6.000000e+00 1.264791e+02 1.995442e+01
         vertex 0.000000e+00 1.259739e+02 1.981908e+01
         vertex 0.000000e+00 1.264791e+02 1.995442e+01
      endloop
   endfacet
   facet normal 0.000000e+00 8.715590e-02 -9.961947e-01
      outer loop
         vertex 6.000000e+00 1.264791e+02 1.995442e+01
         vertex 0.000000e+00 1.264791e+02 1.995442e+01
         vertex 6.000000e+00 1.270000e+02 2.000000e+01
      endloop
   endfacet
   facet normal 0.000000e+00 8.715590e-02 -9.961947e-01
      outer loop
         vertex 6.000000e+00 1.270000e+02 2.000000e+01
         vertex 0.000000e+00 1.264791e+02 1.995442e+01
         vertex 0.000000e+00 1.270000e+02 2.000000e+01
      endloop
   endfacet
   facet normal 0.000000e+00 0.000000e+00 1.000000e+00
      outer loop
         vertex 0.000000e+00 1.270000e+02 1.400000e+01
         vertex 6.000000e+00 1.270000e+02 1.400000e+01
         vertex 0.000000e+00 1.470000e+02 1.400000e+01
      endloop
   endfacet
   facet normal -0.000000e+00 0.000000e+00 1.000000e+00
      outer loop
         vertex 0.000000e+00 1.470000e+02 1.400000e+01
         vertex 6.000000e+00 1.270000e+02 1.400000e+01
         vertex 6.000000e+00 1.470000e+02 1.400000e+01
      endloop
   endfacet
   facet normal -0.000000e+00 -8.257741e-02 -9.965847e-01
      outer loop
         vertex 6.000000e+00 1.470000e+02 2.000000e+01
         vertex 0.000000e+00 1.470000e+02 2.000000e+01
         vertex 6.000000e+00 1.474938e+02 1.995908e+01
      endloop
   endfacet
   facet normal -0.000000e+00 -8.257741e-02 -9.965847e-01
      outer loop
         vertex 6.000000e+00 1.474938e+02 1.995908e+01
         vertex 0.000000e+00 1.470000e+02 2.000000e+01
         vertex 0.000000e+00 1.474938e+02 1.995908e+01
      endloop
   endfacet
   facet normal -0.000000e+00 -2.454885e-01 -9.693995e-01
      outer loop
         vertex 6.000000e+00 1.474938e+02 1.995908e+01
         vertex 0.000000e+00 1.474938e+02 1.995908e+01
         vertex 6.000000e+00 1.479741e+02 1.983745e+01
      endloop
   endfacet
   facet normal -0.000000e+00 -2.454885e-01 -9.693995e-01
      outer loop
         vertex 6.000000e+00 1.479741e+02 1.983745e+01
         vertex 0.000000e+00 1.474938e+02 1.995908e+01
         vertex 0.000000e+00 1.479741e+02 1.983745e+01
      endloop
   endfacet
   facet normal -0.000000e+00 -4.016978e-01 -9.157723e-01
      outer loop
         vertex 6.000000e+00 1.479741e+02 1.983745e+01
         vertex 0.000000e+00 1.479741e+02 1.983745e+01
         vertex 6.000000e+00 1.484278e+02 1.963842e+01
      endloop
   endfacet
   facet normal -0.000000e+00 -4.016978e-01 -9.157723e-01
      outer loop
         vertex 6.000000e+00 1.484278e+02 1.963842e+01
         vertex 0.000000e+00 1.479741e+02 1.983745e+01
         vertex 0.000000e+00 1.484278e+02 1.963842e+01
      endloop
   endfacet
   facet normal -0.000000e+00 -5.469411e-01 -8.371711e-01
      outer loop
         vertex 6.000000e+00 1.484278e+02 1.963842e+01
         vertex 0.000000e+00 1.484278e+02 1.963842e+01
         vertex 6.000000e+00 1.488426e+02 1.936742e+01
      endloop
   endfacet
   facet normal -0.000000e+00 -5.469411e-01 -8.371711e-01
      outer loop
         vertex 6.000000e+00 1.488426e+02 1.936742e+01
         vertex 0.000000e+00 1.484278e+02 1.963842e+01
         vertex 0.000000e+00 1.488426e+02 1.936742e+01
      endloop
   endfacet
   facet normal -0.000000e+00 -6.772880e-01 -7.357180e-01
      outer loop
         vertex 6.000000e+00 1.488426e+02 1.936742e+01
         vertex 0.000000e+00 1.488426e+02 1.936742e+01
         vertex 6.000000e+00 1.492072e+02 1.903185e+01
      endloop
   endfacet
   facet normal -0.000000e+00 -6.772880e-01 -7.357180e-01
      outer loop
         vertex 6.000000e+00 1.492072e+02 1.903185e+01
         vertex 0.000000e+00 1.488426e+02 1.936742e+01
         vertex 0.000000e+00 1.492072e+02 1.903185e+01
      endloop
   endfacet
   facet normal -0.000000e+00 -7.891418e-01 -6.142110e-01
      outer loop
         vertex 6.000000e+00 1.492072e+02 1.903185e+01
         vertex 0.000000e+00 1.492072e+02 1.903185e+01
         vertex 6.000000e+00 1.495115e+02 1.864085e+01
      endloop
   endfacet
   facet normal -0.000000e+00 -7.891418e-01 -6.142110e-01
      outer loop
         vertex 6.000000e+00 1.495115e+02 1.864085e+01
         vertex 0.000000e+00 1.492072e+02 1.903185e+01
         vertex 0.000000e+00 1.495115e+02 1.864085e+01
      endloop
   endfacet
   facet normal -0.000000e+00 -8.794694e-01 -4.759555e-01
      outer loop
         vertex 6.000000e+00 1.495115e+02 1.864085e+01
         vertex 0.000000e+00 1.495115e+02 1.864085e+01
         vertex 6.000000e+00 1.497473e+02 1.820509e+01
      endloop
   endfacet
   facet normal -0.000000e+00 -8.794694e-01 -4.759555e-01
      outer loop
         vertex 6.000000e+00 1.497473e+02 1.820509e+01
         vertex 0.000000e+00 1.495115e+02 1.864085e+01
         vertex 0.000000e+00 1.497473e+02 1.820509e+01
      endloop
   endfacet
   facet normal -0.000000e+00 -9.458221e-01 -3.246853e-01
      outer loop
         vertex 6.000000e+00 1.497473e+02 1.820509e+01
         vertex 0.000000e+00 1.497473e+02 1.820509e+01
         vertex 6.000000e+00 1.499082e+02 1.773646e+01
      endloop
   endfacet
   facet normal -0.000000e+00 -9.458221e-01 -3.246853e-01
      outer loop
         vertex 6.000000e+00 1.499082e+02 1.773646e+01
         vertex 0.000000e+00 1.497473e+02 1.820509e+01
         vertex 0.000000e+00 1.499082e+02 1.773646e+01
      endloop
   endfacet
   facet normal -0.000000e+00 -9.863609e-01 -1.645973e-01
      outer loop
         vertex 6.000000e+00 1.499082e+02 1.773646e+01
         vertex 0.000000e+00 1.499082e+02 1.773646e+01
         vertex 6.000000e+00 1.499898e+02 1.724774e+01
      endloop
   endfacet
   facet normal -0.000000e+00 -9.863609e-01 -1.645973e-01
      outer loop
         vertex 6.000000e+00 1.499898e+02 1.724774e+01
         vertex 0.000000e+00 1.499082e+02 1.773646e+01
         vertex 0.000000e+00 1.499898e+02 1.724774e+01
      endloop
   endfacet
   facet normal -0.000000e+00 -1.000000e+00 -0.000000e+00
      outer loop
         vertex 6.000000e+00 1.499898e+02 1.724774e+01
         vertex 0.000000e+00 1.499898e+02 1.724774e+01
         vertex 6.000000e+00 1.499898e+02 1.675226e+01
      endloop
   endfacet
   facet normal 0.000000e+00 -1.000000e+00 0.000000e+00
      outer loop
         vertex 6.000000e+00 1.499898e+02 1.675226e+01
         vertex 0.000000e+00 1.499898e+02 1.724774e+01
         vertex 0.000000e+00 1.499898e+02 1.675226e+01
      endloop
   endfacet
   facet normal 0.000000e+00 -9.863609e-01 1.645973e-01
      outer loop
         vertex 6.000000e+00 1.499898e+02 1.675226e+01
         vertex 0.000000e+00 1.499898e+02 1.675226e+01
         vertex 6.000000e+00 1.499082e+02 1.626354e+01
      endloop
   endfacet
   facet normal 0.000000e+00 -9.863609e-01 1.645973e-01
      outer loop
         vertex 6.000000e+00 1.499082e+02 1.626354e+01
         vertex 0.000000e+00 1.499898e+02 1.675226e+01
         vertex 0.000000e+00 1.499082e+02 1.626354e+01
      endloop
   endfacet
   facet normal 0.000000e+00 -9.458221e-01 3.246853e-01
      outer loop
         vertex 6.000000e+00 1.499082e+02 1.626354e+01
         vertex 0.000000e+00 1.499082e+02 1.626354e+01
         vertex 6.000000e+00 1.497473e+02 1.579491e+01
      endloop
   endfacet
   facet normal 0.000000e+00 -9.458221e-01 3.246853e-01
      outer loop
         vertex 6.000000e+00 1.497473e+02 1.579491e+01
         vertex 0.000000e+00 1.499082e+02 1.626354e+01
         vertex 0.000000e+00 1.497473e+02 1.579491e+01
      endloop
   endfacet
   facet normal 0.000000e+00 -8.794694e-01 4.759555e-01
      outer loop
         vertex 6.000000e+00 1.497473e+02 1.579491e+01
         vertex 0.000000e+00 1.497473e+02 1.579491e+01
         vertex 6.000000e+00 1.495115e+02 1.535916e+01
      endloop
   endfacet
   facet normal 0.000000e+00 -8.794694e-01 4.759555e-01
      outer loop
         vertex 6.000000e+00 1.495115e+02 1.535916e+01
         vertex 0.000000e+00 1.497473e+02 1.579491e+01
         vertex 0.000000e+00 1.495115e+02 1.535916e+01
      endloop
   endfacet
   facet normal 0.000000e+00 -7.891418e-01 6.142110e-01
      outer loop
         vertex 6.000000e+00 1.495115e+02 1.535916e+01
         vertex 0.000000e+00 1.495115e+02 1.535916e+01
         vertex 6.000000e+00 1.492072e+02 1.496816e+01
      endloop
   endfacet
   facet normal 0.000000e+00 -7.891418e-01 6.142110e-01
      outer loop
         vertex 6.000000e+00 1.492072e+02 1.496816e+01
         vertex 0.000000e+00 1.495115e+02 1.535916e+01
         vertex 0.000000e+00 1.492072e+02 1.496816e+01
      endloop
   endfacet
   facet normal 0.000000e+00 -6.772880e-01 7.357180e-01
      outer loop
         vertex 6.000000e+00 1.492072e+02 1.496816e+01
         vertex 0.000000e+00 1.492072e+02 1.496816e+01
         vertex 6.000000e+00 1.488426e+02 1.463258e+01
      endloop
   endfacet
   facet normal 0.000000e+00 -6.772880e-01 7.357180e-01
      outer loop
         vertex 6.000000e+00 1.488426e+02 1.463258e+01
         vertex 0.000000e+00 1.492072e+02 1.496816e+01
         vertex 0.000000e+00 1.488426e+02 1.463258e+01
      endloop
   endfacet
   facet normal 0.000000e+00 -5.469411e-01 8.371711e-01
      outer loop
         vertex 6.000000e+00 1.488426e+02 1.463258e+01
         vertex 0.000000e+00 1.488426e+02 1.463258e+01
         vertex 6.000000e+00 1.484278e+02 1.436158e+01
      endloop
   endfacet
   facet normal 0.000000e+00 -5.469411e-01 8.371711e-01
      outer loop
         vertex 6.000000e+00 1.484278e+02 1.436158e+01
         vertex 0.000000e+00 1.488426e+02 1.463258e+01
         vertex 0.000000e+00 1.484278e+02 1.436158e+01
      endloop
   endfacet
   facet normal 0.000000e+00 -4.016978e-01 9.157723e-01
      outer loop
         vertex 6.000000e+00 1.484278e+02 1.436158e+01
         vertex 0.000000e+00 1.484278e+02 1.436158e+01
         vertex 6.000000e+00 1.479741e+02 1.416255e+01
      endloop
   endfacet
   facet normal 0.000000e+00 -4.016978e-01 9.157723e-01
      outer loop
         vertex 6.000000e+00 1.479741e+02 1.416255e+01
         vertex 0.000000e+00 1.484278e+02 1.436158e+01
         vertex 0.000000e+00 1.479741e+02 1.416255e+01
      endloop
   endfacet
   facet normal 0.000000e+00 -2.454885e-01 9.693995e-01
      outer loop
         vertex 6.000000e+00 1.479741e+02 1.416255e+01
         vertex 0.000000e+00 1.479741e+02 1.416255e+01
         vertex 6.000000e+00 1.474938e+02 1.404092e+01
      endloop
   endfacet
   facet normal 0.000000e+00 -2.454885e-01 9.693995e-01
      outer loop
         vertex 6.000000e+00 1.474938e+02 1.404092e+01
         vertex 0.000000e+00 1.479741e+02 1.416255e+01
         vertex 0.000000e+00 1.474938e+02 1.404092e+01
      endloop
   endfacet
   facet normal 0.000000e+00 -8.257741e-02 9.965847e-01
      outer loop
         vertex 6.000000e+00 1.474938e+02 1.404092e+01
         vertex 0.000000e+00 1.474938e+02 1.404092e+01
         vertex 6.000000e+00 1.470000e+02 1.400000e+01
      endloop
   endfacet
   facet normal 0.000000e+00 -8.257741e-02 9.965847e-01
      outer loop
         vertex 6.000000e+00 1.470000e+02 1.400000e+01
         vertex 0.000000e+00 1.474938e+02 1.404092e+01
         vertex 0.000000e+00 1.470000e+02 1.400000e+01
      endloop
   endfacet
   facet normal 0.000000e+00 0.000000e+00 -1.000000e+00
      outer loop
         vertex 0.000000e+00 1.270000e+02 2.000000e+01
         vertex 0.000000e+00 1.470000e+02 2.000000e+01
         vertex 6.000000e+00 1.270000e+02 2.000000e+01
      endloop
   endfacet
   facet normal 0.000000e+00 0.000000e+00 -1.000000e+00
      outer loop
         vertex 6.000000e+00 1.270000e+02 2.000000e+01
         vertex 0.000000e+00 1.470000e+02 2.000000e+01
         vertex 6.000000e+00 1.470000e+02 2.000000e+01
      endloop
   endfacet
   facet normal 0.000000e+00 8.715590e-02 9.961947e-01
      outer loop
         vertex 6.000000e+00 4.700000e+01 1.400000e+01
         vertex 0.000000e+00 4.700000e+01 1.400000e+01
         vertex 6.000000e+00 4.647906e+01 1.404558e+01
      endloop
   endfacet
   facet normal 0.000000e+00 8.715590e-02 9.961947e-01
      outer loop
         vertex 6.000000e+00 4.647906e+01 1.404558e+01
         vertex 0.000000e+00 4.700000e+01 1.400000e+01
         vertex 0.000000e+00 4.647906e+01 1.404558e+01
      endloop
   endfacet
   facet normal 0.000000e+00 2.588191e-01 9.659258e-01
      outer loop
         vertex 6.000000e+00 4.647906e+01 1.404558e+01
         vertex 0.000000e+00 4.647906e+01 1.404558e+01
         vertex 6.000000e+00 4.597394e+01 1.418092e+01
      endloop
   endfacet
   facet normal 0.000000e+00 2.588191e-01 9.659258e-01
      outer loop
         vertex 6.000000e+00 4.597394e+01 1.418092e+01
         vertex 0.000000e+00 4.647906e+01 1.404558e+01
         vertex 0.000000e+00 4.597394e+01 1.418092e+01
      endloop
   endfacet
   facet normal 0.000000e+00 4.226188e-01 9.063075e-01
      outer loop
         vertex 6.000000e+00 4.597394e+01 1.418092e+01
         vertex 0.000000e+00 4.597394e+01 1.418092e+01
         vertex 6.000000e+00 4.550000e+01 1.440192e+01
      endloop
   endfacet
   facet normal 0.000000e+00 4.226188e-01 9.063075e-01
      outer loop
         vertex 6.000000e+00 4.550000e+01 1.440192e+01
         vertex 0.000000e+00 4.597394e+01 1.418092e+01
         vertex 0.000000e+00 4.550000e+01 1.440192e+01
      endloop
   endfacet
   facet normal 0.000000e+00 5.735757e-01 8.191526e-01
      outer loop
         vertex 6.000000e+00 4.550000e+01 1.440192e+01
         vertex 0.000000e+00 4.550000e+01 1.440192e+01
         vertex 6.000000e+00 4.507164e+01 1.470187e+01
      endloop
   endfacet
   facet normal 0.000000e+00 5.735757e-01 8.191526e-01
      outer loop
         vertex 6.000000e+00 4.507164e+01 1.470187e+01
         vertex 0.000000e+00 4.550000e+01 1.440192e+01
         vertex 0.000000e+00 4.507164e+01 1.470187e+01
      endloop
   endfacet
   facet normal 0.000000e+00 7.071067e-01 7.071069e-01
      outer loop
         vertex 6.000000e+00 4.507164e+01 1.470187e+01
         vertex 0.000000e+00 4.507164e+01 1.470187e+01
         vertex 6.000000e+00 4.470187e+01 1.507164e+01
      endloop
   endfacet
   facet normal 0.000000e+00 7.071067e-01 7.071069e-01
      outer loop
         vertex 6.000000e+00 4.470187e+01 1.507164e+01
         vertex 0.000000e+00 4.507164e+01 1.470187e+01
         vertex 0.000000e+00 4.470187e+01 1.507164e+01
      endloop
   endfacet
   facet normal 0.000000e+00 8.191531e-01 5.735749e-01
      outer loop
         vertex 6.000000e+00 4.470187e+01 1.507164e+01
         vertex 0.000000e+00 4.470187e+01 1.507164e+01
         vertex 6.000000e+00 4.440193e+01 1.550000e+01
      endloop
   endfacet
   facet normal 0.000000e+00 8.191531e-01 5.735749e-01
      outer loop
         vertex 6.000000e+00 4.440193e+01 1.550000e+01
         vertex 0.000000e+00 4.470187e+01 1.507164e+01
         vertex 0.000000e+00 4.440193e+01 1.550000e+01
      endloop
   endfacet
   facet normal 0.000000e+00 9.063069e-01 4.226201e-01
      outer loop
         vertex 6.000000e+00 4.440193e+01 1.550000e+01
         vertex 0.000000e+00 4.440193e+01 1.550000e+01
         vertex 6.000000e+00 4.418092e+01 1.597394e+01
      endloop
   endfacet
   facet normal 0.000000e+00 9.063069e-01 4.226201e-01
      outer loop
         vertex 6.000000e+00 4.418092e+01 1.597394e+01
         vertex 0.000000e+00 4.440193e+01 1.550000e+01
         vertex 0.000000e+00 4.418092e+01 1.597394e+01
      endloop
   endfacet
   facet normal 0.000000e+00 9.659258e-01 2.588190e-01
      outer loop
         vertex 6.000000e+00 4.418092e+01 1.597394e+01
         vertex 0.000000e+00 4.418092e+01 1.597394e+01
         vertex 6.000000e+00 4.404558e+01 1.647906e+01
      endloop
   endfacet
   facet normal 0.000000e+00 9.659258e-01 2.588190e-01
      outer loop
         vertex 6.000000e+00 4.404558e+01 1.647906e+01
         vertex 0.000000e+00 4.418092e+01 1.597394e+01
         vertex 0.000000e+00 4.404558e+01 1.647906e+01
      endloop
   endfacet
   facet normal 0.000000e+00 9.961950e-01 8.715282e-02
      outer loop
         vertex 6.000000e+00 4.404558e+01 1.647906e+01
         vertex 0.000000e+00 4.404558e+01 1.647906e+01
         vertex 6.000000e+00 4.400000e+01 1.700000e+01
      endloop
   endfacet
   facet normal 0.000000e+00 9.961950e-01 8.715282e-02
      outer loop
         vertex 6.000000e+00 4.400000e+01 1.700000e+01
         vertex 0.000000e+00 4.404558e+01 1.647906e+01
         vertex 0.000000e+00 4.400000e+01 1.700000e+01
      endloop
   endfacet
   facet normal 0.000000e+00 9.961950e-01 -8.715282e-02
      outer loop
         vertex 6.000000e+00 4.400000e+01 1.700000e+01
         vertex 0.000000e+00 4.400000e+01 1.700000e+01
         vertex 6.000000e+00 4.404558e+01 1.752095e+01
      endloop
   endfacet
   facet normal 0.000000e+00 9.961950e-01 -8.715282e-02
      outer loop
         vertex 6.000000e+00 4.404558e+01 1.752095e+01
         vertex 0.000000e+00 4.400000e+01 1.700000e+01
         vertex 0.000000e+00 4.404558e+01 1.752095e+01
      endloop
   endfacet
   facet normal 0.000000e+00 9.659258e-01 -2.588190e-01
      outer loop
         vertex 6.000000e+00 4.404558e+01 1.752095e+01
         vertex 0.000000e+00 4.404558e+01 1.752095e+01
         vertex 6.000000e+00 4.418092e+01 1.802606e+01
      endloop
   endfacet
   facet normal 0.000000e+00 9.659258e-01 -2.588190e-01
      outer loop
         vertex 6.000000e+00 4.418092e+01 1.802606e+01
         vertex 0.000000e+00 4.404558e+01 1.752095e+01
         vertex 0.000000e+00 4.418092e+01 1.802606e+01
      endloop
   endfacet
   facet normal 0.000000e+00 9.063069e-01 -4.226201e-01
      outer loop
         vertex 6.000000e+00 4.418092e+01 1.802606e+01
         vertex 0.000000e+00 4.418092e+01 1.802606e+01
         vertex 6.000000e+00 4.440193e+01 1.850000e+01
      endloop
   endfacet
   facet normal 0.000000e+00 9.063069e-01 -4.226201e-01
      outer loop
         vertex 6.000000e+00 4.440193e+01 1.850000e+01
         vertex 0.000000e+00 4.418092e+01 1.802606e+01
         vertex 0.000000e+00 4.440193e+01 1.850000e+01
      endloop
   endfacet
   facet normal 0.000000e+00 8.191531e-01 -5.735749e-01
      outer loop
         vertex 6.000000e+00 4.440193e+01 1.850000e+01
         vertex 0.000000e+00 4.440193e+01 1.850000e+01
         vertex 6.000000e+00 4.470187e+01 1.892836e+01
      endloop
   endfacet
   facet normal 0.000000e+00 8.191531e-01 -5.735749e-01
      outer loop
         vertex 6.000000e+00 4.470187e+01 1.892836e+01
         vertex 0.000000e+00 4.440193e+01 1.850000e+01
         vertex 0.000000e+00 4.470187e+01 1.892836e+01
      endloop
   endfacet
   facet normal 0.000000e+00 7.071067e-01 -7.071069e-01
      outer loop
         vertex 6.000000e+00 4.470187e+01 1.892836e+01
         vertex 0.000000e+00 4.470187e+01 1.892836e+01
         vertex 6.000000e+00 4.507164e+01 1.929813e+01
      endloop
   endfacet
   facet normal 0.000000e+00 7.071067e-01 -7.071069e-01
      outer loop
         vertex 6.000000e+00 4.507164e+01 1.929813e+01
         vertex 0.000000e+00 4.470187e+01 1.892836e+01
         vertex 0.000000e+00 4.507164e+01 1.929813e+01
      endloop
   endfacet
   facet normal 0.000000e+00 5.735757e-01 -8.191526e-01
      outer loop
         vertex 6.000000e+00 4.507164e+01 1.929813e+01
         vertex 0.000000e+00 4.507164e+01 1.929813e+01
         vertex 6.000000e+00 4.550000e+01 1.959808e+01
      endloop
   endfacet
   facet normal 0.000000e+00 5.735757e-01 -8.191526e-01
      outer loop
         vertex 6.000000e+00 4.550000e+01 1.959808e+01
         vertex 0.000000e+00 4.507164e+01 1.929813e+01
         vertex 0.000000e+00 4.550000e+01 1.959808e+01
      endloop
   endfacet
   facet normal 0.000000e+00 4.226188e-01 -9.063075e-01
      outer loop
         vertex 6.000000e+00 4.550000e+01 1.959808e+01
         vertex 0.000000e+00 4.550000e+01 1.959808e+01
         vertex 6.000000e+00 4.597394e+01 1.981908e+01
      endloop
   endfacet
   facet normal 0.000000e+00 4.226188e-01 -9.063075e-01
      outer loop
         vertex 6.000000e+00 4.597394e+01 1.981908e+01
         vertex 0.000000e+00 4.550000e+01 1.959808e+01
         vertex 0.000000e+00 4.597394e+01 1.981908e+01
      endloop
   endfacet
   facet normal 0.000000e+00 2.588191e-01 -9.659258e-01
      outer loop
         vertex 6.000000e+00 4.597394e+01 1.981908e+01
         vertex 0.000000e+00 4.597394e+01 1.981908e+01
         vertex 6.000000e+00 4.647906e+01 1.995442e+01
      endloop
   endfacet
   facet normal 0.000000e+00 2.588191e-01 -9.659258e-01
      outer loop
         vertex 6.000000e+00 4.647906e+01 1.995442e+01
         vertex 0.000000e+00 4.597394e+01 1.981908e+01
         vertex 0.000000e+00 4.647906e+01 1.995442e+01
      endloop
   endfacet
   facet normal 0.000000e+00 8.715590e-02 -9.961947e-01
      outer loop
         vertex 6.000000e+00 4.647906e+01 1.995442e+01
         vertex 0.000000e+00 4.647906e+01 1.995442e+01
         vertex 6.000000e+00 4.700000e+01 2.000000e+01
      endloop
   endfacet
   facet normal 0.000000e+00 8.715590e-02 -9.961947e-01
      outer loop
         vertex 6.000000e+00 4.700000e+01 2.000000e+01
         vertex 0.000000e+00 4.647906e+01 1.995442e+01
         vertex 0.000000e+00 4.700000e+01 2.000000e+01
      endloop
   endfacet
   facet normal 0.000000e+00 0.000000e+00 1.000000e+00
      outer loop
         vertex 0.000000e+00 4.700000e+01 1.400000e+01
         vertex 6.000000e+00 4.700000e+01 1.400000e+01
         vertex 0.000000e+00 6.700000e+01 1.400000e+01
      endloop
   endfacet
   facet normal -0.000000e+00 0.000000e+00 1.000000e+00
      outer loop
         vertex 0.000000e+00 6.700000e+01 1.400000e+01
         vertex 6.000000e+00 4.700000e+01 1.400000e+01
         vertex 6.000000e+00 6.700000e+01 1.400000e+01
      endloop
   endfacet
   facet normal -0.000000e+00 -8.715590e-02 -9.961947e-01
      outer loop
         vertex 6.000000e+00 6.700000e+01 2.000000e+01
         vertex 0.000000e+00 6.700000e+01 2.000000e+01
         vertex 6.000000e+00 6.752095e+01 1.995442e+01
      endloop
   endfacet
   facet normal -0.000000e+00 -8.715590e-02 -9.961947e-01
      outer loop
         vertex 6.000000e+00 6.752095e+01 1.995442e+01
         vertex 0.000000e+00 6.700000e+01 2.000000e+01
         vertex 0.000000e+00 6.752095e+01 1.995442e+01
      endloop
   endfacet
   facet normal -0.000000e+00 -2.588191e-01 -9.659258e-01
      outer loop
         vertex 6.000000e+00 6.752095e+01 1.995442e+01
         vertex 0.000000e+00 6.752095e+01 1.995442e+01
         vertex 6.000000e+00 6.802606e+01 1.981908e+01
      endloop
   endfacet
   facet normal -0.000000e+00 -2.588191e-01 -9.659258e-01
      outer loop
         vertex 6.000000e+00 6.802606e+01 1.981908e+01
         vertex 0.000000e+00 6.752095e+01 1.995442e+01
         vertex 0.000000e+00 6.802606e+01 1.981908e+01
      endloop
   endfacet
   facet normal -0.000000e+00 -4.226188e-01 -9.063075e-01
      outer loop
         vertex 6.000000e+00 6.802606e+01 1.981908e+01
         vertex 0.000000e+00 6.802606e+01 1.981908e+01
         vertex 6.000000e+00 6.850000e+01 1.959808e+01
      endloop
   endfacet
   facet normal -0.000000e+00 -4.226188e-01 -9.063075e-01
      outer loop
         vertex 6.000000e+00 6.850000e+01 1.959808e+01
         vertex 0.000000e+00 6.802606e+01 1.981908e+01
         vertex 0.000000e+00 6.850000e+01 1.959808e+01
      endloop
   endfacet
   facet normal -0.000000e+00 -5.735757e-01 -8.191526e-01
      outer loop
         vertex 6.000000e+00 6.850000e+01 1.959808e+01
         vertex 0.000000e+00 6.850000e+01 1.959808e+01
         vertex 6.000000e+00 6.892836e+01 1.929813e+01
      endloop
   endfacet
   facet normal -0.000000e+00 -5.735757e-01 -8.191526e-01
      outer loop
         vertex 6.000000e+00 6.892836e+01 1.929813e+01
         vertex 0.000000e+00 6.850000e+01 1.959808e+01
         vertex 0.000000e+00 6.892836e+01 1.929813e+01
      endloop
   endfacet
   facet normal -0.000000e+00 -7.071085e-01 -7.071051e-01
      outer loop
         vertex 6.000000e+00 6.892836e+01 1.929813e+01
         vertex 0.000000e+00 6.892836e+01 1.929813e+01
         vertex 6.000000e+00 6.929813e+01 1.892836e+01
      endloop
   endfacet
   facet normal -0.000000e+00 -7.071085e-01 -7.071051e-01
      outer loop
         vertex 6.000000e+00 6.929813e+01 1.892836e+01
         vertex 0.000000e+00 6.892836e+01 1.929813e+01
         vertex 0.000000e+00 6.929813e+01 1.892836e+01
      endloop
   endfacet
   facet normal -0.000000e+00 -8.191497e-01 -5.735797e-01
      outer loop
         vertex 6.000000e+00 6.929813e+01 1.892836e+01
         vertex 0.000000e+00 6.929813e+01 1.892836e+01
         vertex 6.000000e+00 6.959808e+01 1.850000e+01
      endloop
   endfacet
   facet normal -0.000000e+00 -8.191497e-01 -5.735797e-01
      outer loop
         vertex 6.000000e+00 6.959808e+01 1.850000e+01
         vertex 0.000000e+00 6.929813e+01 1.892836e+01
         vertex 0.000000e+00 6.959808e+01 1.850000e+01
      endloop
   endfacet
   facet normal -0.000000e+00 -9.063096e-01 -4.226143e-01
      outer loop
         vertex 6.000000e+00 6.959808e+01 1.850000e+01
         vertex 0.000000e+00 6.959808e+01 1.850000e+01
         vertex 6.000000e+00 6.981908e+01 1.802606e+01
      endloop
   endfacet
   facet normal -0.000000e+00 -9.063096e-01 -4.226143e-01
      outer loop
         vertex 6.000000e+00 6.981908e+01 1.802606e+01
         vertex 0.000000e+00 6.959808e+01 1.850000e+01
         vertex 0.000000e+00 6.981908e+01 1.802606e+01
      endloop
   endfacet
   facet normal -0.000000e+00 -9.659249e-01 -2.588223e-01
      outer loop
         vertex 6.000000e+00 6.981908e+01 1.802606e+01
         vertex 0.000000e+00 6.981908e+01 1.802606e+01
         vertex 6.000000e+00 6.995443e+01 1.752095e+01
      endloop
   endfacet
   facet normal -0.000000e+00 -9.659249e-01 -2.588223e-01
      outer loop
         vertex 6.000000e+00 6.995443e+01 1.752095e+01
         vertex 0.000000e+00 6.981908e+01 1.802606e+01
         vertex 0.000000e+00 6.995443e+01 1.752095e+01
      endloop
   endfacet
   facet normal -0.000000e+00 -9.961950e-01 -8.715282e-02
      outer loop
         vertex 6.000000e+00 6.995443e+01 1.752095e+01
         vertex 0.000000e+00 6.995443e+01 1.752095e+01
         vertex 6.000000e+00 7.000000e+01 1.700000e+01
      endloop
   endfacet
   facet normal -0.000000e+00 -9.961950e-01 -8.715282e-02
      outer loop
         vertex 6.000000e+00 7.000000e+01 1.700000e+01
         vertex 0.000000e+00 6.995443e+01 1.752095e+01
         vertex 0.000000e+00 7.000000e+01 1.700000e+01
      endloop
   endfacet
   facet normal 0.000000e+00 -9.961950e-01 8.715282e-02
      outer loop
         vertex 6.000000e+00 7.000000e+01 1.700000e+01
         vertex 0.000000e+00 7.000000e+01 1.700000e+01
         vertex 6.000000e+00 6.995443e+01 1.647906e+01
      endloop
   endfacet
   facet normal 0.000000e+00 -9.961950e-01 8.715282e-02
      outer loop
         vertex 6.000000e+00 6.995443e+01 1.647906e+01
         vertex 0.000000e+00 7.000000e+01 1.700000e+01
         vertex 0.000000e+00 6.995443e+01 1.647906e+01
      endloop
   endfacet
   facet normal 0.000000e+00 -9.659249e-01 2.588223e-01
      outer loop
         vertex 6.000000e+00 6.995443e+01 1.647906e+01
         vertex 0.000000e+00 6.995443e+01 1.647906e+01
         vertex 6.000000e+00 6.981908e+01 1.597394e+01
      endloop
   endfacet
   facet normal 0.000000e+00 -9.659249e-01 2.588223e-01
      outer loop
         vertex 6.000000e+00 6.981908e+01 1.597394e+01
         vertex 0.000000e+00 6.995443e+01 1.647906e+01
         vertex 0.000000e+00 6.981908e+01 1.597394e+01
      endloop
   endfacet
   facet normal 0.000000e+00 -9.063096e-01 4.226143e-01
      outer loop
         vertex 6.000000e+00 6.981908e+01 1.597394e+01
         vertex 0.000000e+00 6.981908e+01 1.597394e+01
         vertex 6.000000e+00 6.959808e+01 1.550000e+01
      endloop
   endfacet
   facet normal 0.000000e+00 -9.063096e-01 4.226143e-01
      outer loop
         vertex 6.000000e+00 6.959808e+01 1.550000e+01
         vertex 0.000000e+00 6.981908e+01 1.597394e+01
         vertex 0.000000e+00 6.959808e+01 1.550000e+01
      endloop
   endfacet
   facet normal 0.000000e+00 -8.191497e-01 5.735797e-01
      outer loop
         vertex 6.000000e+00 6.959808e+01 1.550000e+01
         vertex 0.000000e+00 6.959808e+01 1.550000e+01
         vertex 6.000000e+00 6.929813e+01 1.507164e+01
      endloop
   endfacet
   facet normal 0.000000e+00 -8.191497e-01 5.735797e-01
      outer loop
         vertex 6.000000e+00 6.929813e+01 1.507164e+01
         vertex 0.000000e+00 6.959808e+01 1.550000e+01
         vertex 0.000000e+00 6.929813e+01 1.507164e+01
      endloop
   endfacet
   facet normal 0.000000e+00 -7.071085e-01 7.071051e-01
      outer loop
         vertex 6.000000e+00 6.929813e+01 1.507164e+01
         vertex 0.000000e+00 6.929813e+01 1.507164e+01
         vertex 6.000000e+00 6.892836e+01 1.470187e+01
      endloop
   endfacet
   facet normal 0.000000e+00 -7.071085e-01 7.071051e-01
      outer loop
         vertex 6.000000e+00 6.892836e+01 1.470187e+01
         vertex 0.000000e+00 6.929813e+01 1.507164e+01
         vertex 0.000000e+00 6.892836e+01 1.470187e+01
      endloop
   endfacet
   facet normal 0.000000e+00 -5.735757e-01 8.191526e-01
      outer loop
         vertex 6.000000e+00 6.892836e+01 1.470187e+01
         vertex 0.000000e+00 6.892836e+01 1.470187e+01
         vertex 6.000000e+00 6.850000e+01 1.440192e+01
      endloop
   endfacet
   facet normal 0.000000e+00 -5.735757e-01 8.191526e-01
      outer loop
         vertex 6.000000e+00 6.850000e+01 1.440192e+01
         vertex 0.000000e+00 6.892836e+01 1.470187e+01
         vertex 0.000000e+00 6.850000e+01 1.440192e+01
      endloop
   endfacet
   facet normal 0.000000e+00 -4.226188e-01 9.063075e-01
      outer loop
         vertex 6.000000e+00 6.850000e+01 1.440192e+01
         vertex 0.000000e+00 6.850000e+01 1.440192e+01
         vertex 6.000000e+00 6.802606e+01 1.418092e+01
      endloop
   endfacet
   facet normal 0.000000e+00 -4.226188e-01 9.063075e-01
      outer loop
         vertex 6.000000e+00 6.802606e+01 1.418092e+01
         vertex 0.000000e+00 6.850000e+01 1.440192e+01
         vertex 0.000000e+00 6.802606e+01 1.418092e+01
      endloop
   endfacet
   facet normal 0.000000e+00 -2.588191e-01 9.659258e-01
      outer loop
         vertex 6.000000e+00 6.802606e+01 1.418092e+01
         vertex 0.000000e+00 6.802606e+01 1.418092e+01
         vertex 6.000000e+00 6.752095e+01 1.404558e+01
      endloop
   endfacet
   facet normal 0.000000e+00 -2.588191e-01 9.659258e-01
      outer loop
         vertex 6.000000e+00 6.752095e+01 1.404558e+01
         vertex 0.000000e+00 6.802606e+01 1.418092e+01
         vertex 0.000000e+00 6.752095e+01 1.404558e+01
      endloop
   endfacet
   facet normal 0.000000e+00 -8.715590e-02 9.961947e-01
      outer loop
         vertex 6.000000e+00 6.752095e+01 1.404558e+01
         vertex 0.000000e+00 6.752095e+01 1.404558e+01
         vertex 6.000000e+00 6.700000e+01 1.400000e+01
      endloop
   endfacet
   facet normal 0.000000e+00 -8.715590e-02 9.961947e-01
      outer loop
         vertex 6.000000e+00 6.700000e+01 1.400000e+01
         vertex 0.000000e+00 6.752095e+01 1.404558e+01
         vertex 0.000000e+00 6.700000e+01 1.400000e+01
      endloop
   endfacet
   facet normal 0.000000e+00 0.000000e+00 -1.000000e+00
      outer loop
         vertex 0.000000e+00 4.700000e+01 2.000000e+01
         vertex 0.000000e+00 6.700000e+01 2.000000e+01
         vertex 6.000000e+00 4.700000e+01 2.000000e+01
      endloop
   endfacet
   facet normal 0.000000e+00 0.000000e+00 -1.000000e+00
      outer loop
         vertex 6.000000e+00 4.700000e+01 2.000000e+01
         vertex 0.000000e+00 6.700000e+01 2.000000e+01
         vertex 6.000000e+00 6.700000e+01 2.000000e+01
      endloop
   endfacet
   facet normal 0.000000e+00 -1.848808e-04 1.000000e+00
      outer loop
         vertex 6.000000e+00 1.770000e+02 3.400000e+01
         vertex 0.000000e+00 1.770000e+02 3.400000e+01
         vertex 6.000000e+00 1.601750e+02 3.399689e+01
      endloop
   endfacet
   facet normal 0.000000e+00 -1.848808e-04 1.000000e+00
      outer loop
         vertex 6.000000e+00 1.601750e+02 3.399689e+01
         vertex 0.000000e+00 1.770000e+02 3.400000e+01
         vertex 0.000000e+00 1.601750e+02 3.399689e+01
      endloop
   endfacet
   facet normal 0.000000e+00 -1.847761e-04 1.000000e+00
      outer loop
         vertex 6.000000e+00 1.601750e+02 3.399689e+01
         vertex 0.000000e+00 1.601750e+02 3.399689e+01
         vertex 6.000000e+00 1.170000e+02 3.398891e+01
      endloop
   endfacet
   facet normal 0.000000e+00 -1.847761e-04 1.000000e+00
      outer loop
         vertex 6.000000e+00 1.170000e+02 3.398891e+01
         vertex 0.000000e+00 1.601750e+02 3.399689e+01
         vertex 0.000000e+00 1.170000e+02 3.398891e+01
      endloop
   endfacet
   facet normal 0.000000e+00 -1.848209e-04 1.000000e+00
      outer loop
         vertex 6.000000e+00 1.170000e+02 3.398891e+01
         vertex 0.000000e+00 1.170000e+02 3.398891e+01
         vertex 6.000000e+00 7.700000e+01 3.398152e+01
      endloop
   endfacet
   facet normal 0.000000e+00 -1.848209e-04 1.000000e+00
      outer loop
         vertex 6.000000e+00 7.700000e+01 3.398152e+01
         vertex 0.000000e+00 1.170000e+02 3.398891e+01
         vertex 0.000000e+00 7.700000e+01 3.398152e+01
      endloop
   endfacet
   facet normal 0.000000e+00 -1.848179e-04 1.000000e+00
      outer loop
         vertex 6.000000e+00 7.700000e+01 3.398152e+01
         vertex 0.000000e+00 7.700000e+01 3.398152e+01
         vertex 6.000000e+00 3.418750e+01 3.397361e+01
      endloop
   endfacet
   facet normal -7.397910e-09 -1.848189e-04 1.000000e+00
      outer loop
         vertex 6.000000e+00 3.418750e+01 3.397361e+01
         vertex 0.000000e+00 7.700000e+01 3.398152e+01
         vertex 0.000000e+00 3.351250e+01 3.397348e+01
      endloop
   endfacet
   facet normal -1.099256e-08 -1.847870e-04 1.000000e+00
      outer loop
         vertex 6.000000e+00 3.418750e+01 3.397361e+01
         vertex 0.000000e+00 3.351250e+01 3.397348e+01
         vertex 6.000000e+00 1.799909e+01 3.397062e+01
      endloop
   endfacet
   facet normal 1.748595e-07 -1.847151e-04 1.000000e+00
      outer loop
         vertex 6.000000e+00 1.799909e+01 3.397062e+01
         vertex 0.000000e+00 3.351250e+01 3.397348e+01
         vertex 0.000000e+00 1.968750e+01 3.397093e+01
      endloop
   endfacet
   facet normal 0.000000e+00 -1.853365e-04 1.000000e+00
      outer loop
         vertex 6.000000e+00 1.799909e+01 3.397062e+01
         vertex 0.000000e+00 1.968750e+01 3.397093e+01
         vertex 0.000000e+00 1.799909e+01 3.397062e+01
      endloop
   endfacet
   facet normal -0.000000e+00 8.715578e-02 9.961947e-01
      outer loop
         vertex 0.000000e+00 1.770000e+02 3.400000e+01
         vertex 6.000000e+00 1.770000e+02 3.400000e+01
         vertex 6.000000e+00 1.799520e+02 3.374173e+01
      endloop
   endfacet
   facet normal 0.000000e+00 8.715578e-02 9.961947e-01
      outer loop
         vertex 0.000000e+00 1.770000e+02 3.400000e+01
         vertex 6.000000e+00 1.799520e+02 3.374173e+01
         vertex 0.000000e+00 1.799520e+02 3.374173e+01
      endloop
   endfacet
   facet normal -0.000000e+00 2.588194e-01 9.659257e-01
      outer loop
         vertex 0.000000e+00 1.799520e+02 3.374173e+01
         vertex 6.000000e+00 1.799520e+02 3.374173e+01
         vertex 6.000000e+00 1.828143e+02 3.297478e+01
      endloop
   endfacet
   facet normal 0.000000e+00 2.588194e-01 9.659257e-01
      outer loop
         vertex 0.000000e+00 1.799520e+02 3.374173e+01
         vertex 6.000000e+00 1.828143e+02 3.297478e+01
         vertex 0.000000e+00 1.828143e+02 3.297478e+01
      endloop
   endfacet
   facet normal -0.000000e+00 4.226172e-01 9.063083e-01
      outer loop
         vertex 0.000000e+00 1.828143e+02 3.297478e+01
         vertex 6.000000e+00 1.828143e+02 3.297478e+01
         vertex 6.000000e+00 1.855000e+02 3.172243e+01
      endloop
   endfacet
   facet normal 0.000000e+00 4.226172e-01 9.063083e-01
      outer loop
         vertex 0.000000e+00 1.828143e+02 3.297478e+01
         vertex 6.000000e+00 1.855000e+02 3.172243e+01
         vertex 0.000000e+00 1.855000e+02 3.172243e+01
      endloop
   endfacet
   facet normal -0.000000e+00 5.735773e-01 8.191514e-01
      outer loop
         vertex 0.000000e+00 1.855000e+02 3.172243e+01
         vertex 6.000000e+00 1.855000e+02 3.172243e+01
         vertex 6.000000e+00 1.879274e+02 3.002276e+01
      endloop
   endfacet
   facet normal 0.000000e+00 5.735773e-01 8.191514e-01
      outer loop
         vertex 0.000000e+00 1.855000e+02 3.172243e+01
         vertex 6.000000e+00 1.879274e+02 3.002276e+01
         vertex 0.000000e+00 1.879274e+02 3.002276e+01
      endloop
   endfacet
   facet normal -0.000000e+00 7.071058e-01 7.071077e-01
      outer loop
         vertex 0.000000e+00 1.879274e+02 3.002276e+01
         vertex 6.000000e+00 1.879274e+02 3.002276e+01
         vertex 6.000000e+00 1.900228e+02 2.792739e+01
      endloop
   endfacet
   facet normal 0.000000e+00 7.071058e-01 7.071077e-01
      outer loop
         vertex 0.000000e+00 1.879274e+02 3.002276e+01
         vertex 6.000000e+00 1.900228e+02 2.792739e+01
         vertex 0.000000e+00 1.900228e+02 2.792739e+01
      endloop
   endfacet
   facet normal -0.000000e+00 8.191528e-01 5.735753e-01
      outer loop
         vertex 0.000000e+00 1.900228e+02 2.792739e+01
         vertex 6.000000e+00 1.900228e+02 2.792739e+01
         vertex 6.000000e+00 1.917224e+02 2.550000e+01
      endloop
   endfacet
   facet normal 0.000000e+00 8.191528e-01 5.735753e-01
      outer loop
         vertex 0.000000e+00 1.900228e+02 2.792739e+01
         vertex 6.000000e+00 1.917224e+02 2.550000e+01
         vertex 0.000000e+00 1.917224e+02 2.550000e+01
      endloop
   endfacet
   facet normal -0.000000e+00 9.063084e-01 4.226170e-01
      outer loop
         vertex 0.000000e+00 1.917224e+02 2.550000e+01
         vertex 6.000000e+00 1.917224e+02 2.550000e+01
         vertex 6.000000e+00 1.929748e+02 2.281434e+01
      endloop
   endfacet
   facet normal 0.000000e+00 9.063084e-01 4.226170e-01
      outer loop
         vertex 0.000000e+00 1.917224e+02 2.550000e+01
         vertex 6.000000e+00 1.929748e+02 2.281434e+01
         vertex 0.000000e+00 1.929748e+02 2.281434e+01
      endloop
   endfacet
   facet normal -0.000000e+00 9.659254e-01 2.588208e-01
      outer loop
         vertex 0.000000e+00 1.929748e+02 2.281434e+01
         vertex 6.000000e+00 1.929748e+02 2.281434e+01
         vertex 6.000000e+00 1.937417e+02 1.995202e+01
      endloop
   endfacet
   facet normal 0.000000e+00 9.659254e-01 2.588208e-01
      outer loop
         vertex 0.000000e+00 1.929748e+02 2.281434e+01
         vertex 6.000000e+00 1.937417e+02 1.995202e+01
         vertex 0.000000e+00 1.937417e+02 1.995202e+01
      endloop
   endfacet
   facet normal -0.000000e+00 9.961947e-01 8.715532e-02
      outer loop
         vertex 0.000000e+00 1.937417e+02 1.995202e+01
         vertex 6.000000e+00 1.937417e+02 1.995202e+01
         vertex 6.000000e+00 1.940000e+02 1.700000e+01
      endloop
   endfacet
   facet normal 0.000000e+00 9.961947e-01 8.715532e-02
      outer loop
         vertex 0.000000e+00 1.937417e+02 1.995202e+01
         vertex 6.000000e+00 1.940000e+02 1.700000e+01
         vertex 0.000000e+00 1.940000e+02 1.700000e+01
      endloop
   endfacet
   facet normal 0.000000e+00 9.961947e-01 -8.715532e-02
      outer loop
         vertex 0.000000e+00 1.940000e+02 1.700000e+01
         vertex 6.000000e+00 1.940000e+02 1.700000e+01
         vertex 6.000000e+00 1.937417e+02 1.404798e+01
      endloop
   endfacet
   facet normal 0.000000e+00 9.961947e-01 -8.715532e-02
      outer loop
         vertex 0.000000e+00 1.940000e+02 1.700000e+01
         vertex 6.000000e+00 1.937417e+02 1.404798e+01
         vertex 0.000000e+00 1.937417e+02 1.404798e+01
      endloop
   endfacet
   facet normal 0.000000e+00 9.659254e-01 -2.588208e-01
      outer loop
         vertex 0.000000e+00 1.937417e+02 1.404798e+01
         vertex 6.000000e+00 1.937417e+02 1.404798e+01
         vertex 6.000000e+00 1.929748e+02 1.118566e+01
      endloop
   endfacet
   facet normal 0.000000e+00 9.659254e-01 -2.588208e-01
      outer loop
         vertex 0.000000e+00 1.937417e+02 1.404798e+01
         vertex 6.000000e+00 1.929748e+02 1.118566e+01
         vertex 0.000000e+00 1.929748e+02 1.118566e+01
      endloop
   endfacet
   facet normal 0.000000e+00 9.063084e-01 -4.226170e-01
      outer loop
         vertex 0.000000e+00 1.929748e+02 1.118566e+01
         vertex 6.000000e+00 1.929748e+02 1.118566e+01
         vertex 6.000000e+00 1.917224e+02 8.500000e+00
      endloop
   endfacet
   facet normal 0.000000e+00 9.063084e-01 -4.226170e-01
      outer loop
         vertex 0.000000e+00 1.929748e+02 1.118566e+01
         vertex 6.000000e+00 1.917224e+02 8.500000e+00
         vertex 0.000000e+00 1.917224e+02 8.500000e+00
      endloop
   endfacet
   facet normal 0.000000e+00 8.191528e-01 -5.735753e-01
      outer loop
         vertex 0.000000e+00 1.917224e+02 8.500000e+00
         vertex 6.000000e+00 1.917224e+02 8.500000e+00
         vertex 6.000000e+00 1.900228e+02 6.072612e+00
      endloop
   endfacet
   facet normal 0.000000e+00 8.191528e-01 -5.735753e-01
      outer loop
         vertex 0.000000e+00 1.917224e+02 8.500000e+00
         vertex 6.000000e+00 1.900228e+02 6.072612e+00
         vertex 0.000000e+00 1.900228e+02 6.072612e+00
      endloop
   endfacet
   facet normal 0.000000e+00 7.071058e-01 -7.071077e-01
      outer loop
         vertex 0.000000e+00 1.900228e+02 6.072612e+00
         vertex 6.000000e+00 1.900228e+02 6.072612e+00
         vertex 6.000000e+00 1.879274e+02 3.977246e+00
      endloop
   endfacet
   facet normal 0.000000e+00 7.071058e-01 -7.071077e-01
      outer loop
         vertex 0.000000e+00 1.900228e+02 6.072612e+00
         vertex 6.000000e+00 1.879274e+02 3.977246e+00
         vertex 0.000000e+00 1.879274e+02 3.977246e+00
      endloop
   endfacet
   facet normal 0.000000e+00 5.735773e-01 -8.191514e-01
      outer loop
         vertex 0.000000e+00 1.879274e+02 3.977246e+00
         vertex 6.000000e+00 1.879274e+02 3.977246e+00
         vertex 6.000000e+00 1.855000e+02 2.277569e+00
      endloop
   endfacet
   facet normal 0.000000e+00 5.735773e-01 -8.191514e-01
      outer loop
         vertex 0.000000e+00 1.879274e+02 3.977246e+00
         vertex 6.000000e+00 1.855000e+02 2.277569e+00
         vertex 0.000000e+00 1.855000e+02 2.277569e+00
      endloop
   endfacet
   facet normal 0.000000e+00 4.226172e-01 -9.063083e-01
      outer loop
         vertex 0.000000e+00 1.855000e+02 2.277569e+00
         vertex 6.000000e+00 1.855000e+02 2.277569e+00
         vertex 6.000000e+00 1.828143e+02 1.025226e+00
      endloop
   endfacet
   facet normal 0.000000e+00 4.226172e-01 -9.063083e-01
      outer loop
         vertex 0.000000e+00 1.855000e+02 2.277569e+00
         vertex 6.000000e+00 1.828143e+02 1.025226e+00
         vertex 0.000000e+00 1.828143e+02 1.025226e+00
      endloop
   endfacet
   facet normal 0.000000e+00 2.588194e-01 -9.659257e-01
      outer loop
         vertex 0.000000e+00 1.828143e+02 1.025226e+00
         vertex 6.000000e+00 1.828143e+02 1.025226e+00
         vertex 6.000000e+00 1.799520e+02 2.582688e-01
      endloop
   endfacet
   facet normal 0.000000e+00 2.588194e-01 -9.659257e-01
      outer loop
         vertex 0.000000e+00 1.828143e+02 1.025226e+00
         vertex 6.000000e+00 1.799520e+02 2.582688e-01
         vertex 0.000000e+00 1.799520e+02 2.582688e-01
      endloop
   endfacet
   facet normal 0.000000e+00 8.715578e-02 -9.961947e-01
      outer loop
         vertex 0.000000e+00 1.799520e+02 2.582688e-01
         vertex 6.000000e+00 1.799520e+02 2.582688e-01
         vertex 6.000000e+00 1.770000e+02 0.000000e+00
      endloop
   endfacet
   facet normal 0.000000e+00 8.715578e-02 -9.961947e-01
      outer loop
         vertex 0.000000e+00 1.799520e+02 2.582688e-01
         vertex 6.000000e+00 1.770000e+02 0.000000e+00
         vertex 0.000000e+00 1.770000e+02 0.000000e+00
      endloop
   endfacet
   facet normal 0.000000e+00 -1.848808e-04 -1.000000e+00
      outer loop
         vertex 0.000000e+00 1.770000e+02 0.000000e+00
         vertex 6.000000e+00 1.770000e+02 0.000000e+00
         vertex 0.000000e+00 1.601750e+02 3.110617e-03
      endloop
   endfacet
   facet normal 0.000000e+00 -1.848808e-04 -1.000000e+00
      outer loop
         vertex 0.000000e+00 1.601750e+02 3.110617e-03
         vertex 6.000000e+00 1.770000e+02 0.000000e+00
         vertex 6.000000e+00 1.601750e+02 3.110617e-03
      endloop
   endfacet
   facet normal 0.000000e+00 -1.847761e-04 -1.000000e+00
      outer loop
         vertex 0.000000e+00 1.601750e+02 3.110617e-03
         vertex 6.000000e+00 1.601750e+02 3.110617e-03
         vertex 0.000000e+00 1.170000e+02 1.108833e-02
      endloop
   endfacet
   facet normal 0.000000e+00 -1.847761e-04 -1.000000e+00
      outer loop
         vertex 0.000000e+00 1.170000e+02 1.108833e-02
         vertex 6.000000e+00 1.601750e+02 3.110617e-03
         vertex 6.000000e+00 1.170000e+02 1.108833e-02
      endloop
   endfacet
   facet normal 0.000000e+00 -1.848209e-04 -1.000000e+00
      outer loop
         vertex 0.000000e+00 1.170000e+02 1.108833e-02
         vertex 6.000000e+00 1.170000e+02 1.108833e-02
         vertex 0.000000e+00 7.700000e+01 1.848117e-02
      endloop
   endfacet
   facet normal 0.000000e+00 -1.848209e-04 -1.000000e+00
      outer loop
         vertex 0.000000e+00 7.700000e+01 1.848117e-02
         vertex 6.000000e+00 1.170000e+02 1.108833e-02
         vertex 6.000000e+00 7.700000e+01 1.848117e-02
      endloop
   endfacet
   facet normal 0.000000e+00 -1.848189e-04 -1.000000e+00
      outer loop
         vertex 0.000000e+00 7.700000e+01 1.848117e-02
         vertex 6.000000e+00 7.700000e+01 1.848117e-02
         vertex 0.000000e+00 3.351250e+01 2.651848e-02
      endloop
   endfacet
   facet normal -7.514549e-09 -1.848179e-04 -1.000000e+00
      outer loop
         vertex 0.000000e+00 3.351250e+01 2.651848e-02
         vertex 6.000000e+00 7.700000e+01 1.848117e-02
         vertex 6.000000e+00 3.418750e+01 2.639368e-02
      endloop
   endfacet
   facet normal -1.907912e-08 -1.847151e-04 -1.000000e+00
      outer loop
         vertex 0.000000e+00 3.351250e+01 2.651848e-02
         vertex 6.000000e+00 3.418750e+01 2.639368e-02
         vertex 0.000000e+00 1.968750e+01 2.907217e-02
      endloop
   endfacet
   facet normal 1.546322e-07 -1.847870e-04 -1.000000e+00
      outer loop
         vertex 0.000000e+00 1.968750e+01 2.907217e-02
         vertex 6.000000e+00 3.418750e+01 2.639368e-02
         vertex 6.000000e+00 1.799909e+01 2.938509e-02
      endloop
   endfacet
   facet normal 0.000000e+00 -1.853365e-04 -1.000000e+00
      outer loop
         vertex 0.000000e+00 1.968750e+01 2.907217e-02
         vertex 6.000000e+00 1.799909e+01 2.938509e-02
         vertex 0.000000e+00 1.799909e+01 2.938509e-02
      endloop
   endfacet
endsolid Á¬¸Ë5